solar_cf,wind_cf,price
0.0,0.03,125.8
0.0,0.026,125.8
0.0,0.021,125.8
0.0,0.014,125.8
0.0,0.024,125.8
0.0,0.046,125.8
0.0,0.064,125.8
0.0,0.087,125.8
0.012,0.107,125.8
0.033,0.118,125.8
0.049,0.132,125.8
0.052,0.125,125.8
0.045,0.101,125.8
0.039,0.082,125.8
0.016,0.067,125.8
0.0,0.061,125.8
0.0,0.061,125.8
0.0,0.051,125.8
0.0,0.042,125.8
0.0,0.042,125.8
0.0,0.054,125.8
0.0,0.076,125.8
0.0,0.084,125.8
0.0,0.076,125.8
0.0,0.076,125.8
0.0,0.112,125.8
0.0,0.183,125.8
0.0,0.243,125.8
0.0,0.313,125.8
0.0,0.378,125.8
0.0,0.41,125.8
0.0,0.432,125.8
0.007,0.395,125.8
0.021,0.387,125.8
0.033,0.393,125.8
0.035,0.388,125.8
0.026,0.376,125.8
0.013,0.388,125.8
0.002,0.314,125.8
0.0,0.304,125.8
0.0,0.294,125.8
0.0,0.293,125.8
0.0,0.309,125.8
0.0,0.296,125.8
0.0,0.278,125.8
0.0,0.254,125.8
0.0,0.236,125.8
0.0,0.245,125.8
0.0,0.289,125.8
0.0,0.341,125.8
0.0,0.356,125.8
0.0,0.41,125.8
0.0,0.458,125.8
0.0,0.43,125.8
0.0,0.358,125.8
0.006,0.277,125.8
0.074,0.172,125.8
0.21,0.086,125.8
0.302,0.053,125.8
0.256,0.032,125.8
0.151,0.017,125.8
0.089,0.027,125.8
0.038,0.057,125.8
0.0,0.076,125.8
0.0,0.078,125.8
0.0,0.071,125.8
0.0,0.059,125.8
0.0,0.048,125.8
0.0,0.044,125.8
0.0,0.05,125.8
0.0,0.064,125.8
0.0,0.084,125.8
0.0,0.109,125.8
0.0,0.129,125.8
0.0,0.144,125.8
0.0,0.169,125.8
0.0,0.158,125.8
0.0,0.137,125.8
0.0,0.145,125.8
0.0,0.144,125.8
0.033,0.121,125.8
0.071,0.087,125.8
0.107,0.064,125.8
0.169,0.058,125.8
0.159,0.065,125.8
0.099,0.086,125.8
0.042,0.112,125.8
0.0,0.156,125.8
0.0,0.187,125.8
0.0,0.21,125.8
0.0,0.251,125.8
0.0,0.289,125.8
0.0,0.265,125.8
0.0,0.219,125.8
0.0,0.168,125.8
0.0,0.134,125.8
0.0,0.099,125.8
0.0,0.058,125.8
0.0,0.056,125.8
0.0,0.083,125.8
0.0,0.111,125.8
0.0,0.128,125.8
0.0,0.153,125.8
0.0,0.167,125.8
0.02,0.162,125.8
0.062,0.147,125.8
0.086,0.147,125.8
0.074,0.162,125.8
0.049,0.148,125.8
0.028,0.137,125.8
0.008,0.15,125.8
0.0,0.153,125.8
0.0,0.113,125.8
0.0,0.082,125.8
0.0,0.05,125.8
0.0,0.028,125.8
0.0,0.022,125.8
0.0,0.027,125.8
0.0,0.025,125.8
0.0,0.02,125.8
0.0,0.015,125.8
0.0,0.011,125.8
0.0,0.006,125.8
0.0,0.003,125.8
0.0,0.006,125.8
0.0,0.008,125.8
0.0,0.009,125.8
0.011,0.007,125.8
0.085,0.007,125.8
0.197,0.005,125.8
0.312,0.004,125.8
0.362,0.004,125.8
0.374,0.004,125.8
0.264,0.004,125.8
0.152,0.004,125.8
0.03,0.006,125.8
0.0,0.005,125.8
0.0,0.005,125.8
0.0,0.005,125.8
0.0,0.01,125.8
0.0,0.017,125.8
0.0,0.021,125.8
0.0,0.024,125.8
0.0,0.026,125.8
0.0,0.03,125.8
0.0,0.031,125.8
0.0,0.035,125.8
0.0,0.038,125.8
0.0,0.03,125.8
0.0,0.017,125.8
0.0,0.007,125.8
0.083,0.008,125.8
0.273,0.005,125.8
0.463,0.002,125.8
0.608,0.002,125.8
0.632,0.005,125.8
0.591,0.007,125.8
0.476,0.01,125.8
0.283,0.011,125.8
0.054,0.009,125.8
0.0,0.005,125.8
0.0,0.008,125.8
0.0,0.018,125.8
0.0,0.025,125.8
0.0,0.021,125.8
0.0,0.017,125.8
0.0,0.016,125.8
0.0,0.019,125.8
0.0,0.025,125.8
0.0,0.035,125.8
0.0,0.05,125.8
0.0,0.059,125.8
0.0,0.054,125.8
0.0,0.043,125.8
0.0,0.039,125.8
0.125,0.041,125.8
0.366,0.033,125.8
0.54,0.026,125.8
0.625,0.016,125.8
0.643,0.012,125.8
0.599,0.011,125.8
0.489,0.008,125.8
0.296,0.004,125.8
0.063,0.002,125.8
0.0,0.002,125.8
0.0,0.003,125.8
0.0,0.004,125.8
0.0,0.011,125.8
0.0,0.025,125.8
0.0,0.04,125.8
0.0,0.059,125.8
0.0,0.078,125.8
0.0,0.089,125.8
0.0,0.089,125.8
0.0,0.089,125.8
0.0,0.119,125.8
0.0,0.178,125.8
0.0,0.181,125.8
0.0,0.202,125.8
0.037,0.206,125.8
0.126,0.138,125.8
0.188,0.072,125.8
0.213,0.064,125.8
0.197,0.089,125.8
0.181,0.113,125.8
0.11,0.119,125.8
0.048,0.134,125.8
0.007,0.146,125.8
0.0,0.144,125.8
0.0,0.135,125.8
0.0,0.137,125.8
0.0,0.147,125.8
0.0,0.162,125.8
0.0,0.202,125.8
0.0,0.266,125.8
0.0,0.308,125.8
0.0,0.291,125.8
0.0,0.226,125.8
0.0,0.217,125.8
0.0,0.276,125.8
0.0,0.341,125.8
0.0,0.358,125.8
0.0,0.31,125.8
0.036,0.261,125.8
0.212,0.188,125.8
0.417,0.126,125.8
0.508,0.196,125.8
0.442,0.23,125.8
0.368,0.214,125.8
0.314,0.166,125.8
0.188,0.104,125.8
0.028,0.056,125.8
0.0,0.027,125.8
0.0,0.015,125.8
0.0,0.017,125.8
0.0,0.025,125.8
0.0,0.033,125.8
0.0,0.038,125.8
0.0,0.042,125.8
0.0,0.041,125.8
0.0,0.036,125.8
0.0,0.033,125.8
0.0,0.03,125.8
0.0,0.034,125.8
0.0,0.038,125.8
0.0,0.04,125.8
0.0,0.041,125.8
0.163,0.045,125.8
0.392,0.038,125.8
0.549,0.047,125.8
0.631,0.067,125.8
0.651,0.056,125.8
0.61,0.041,125.8
0.502,0.028,125.8
0.313,0.018,125.8
0.072,0.008,125.8
0.0,0.006,125.8
0.0,0.011,125.8
0.0,0.011,125.8
0.0,0.007,125.8
0.0,0.005,125.8
0.0,0.003,125.8
0.0,0.002,125.8
0.0,0.002,125.8
0.0,0.004,125.8
0.0,0.012,125.8
0.0,0.039,125.8
0.0,0.076,125.8
0.0,0.106,125.8
0.0,0.112,125.8
0.0,0.106,125.8
0.042,0.085,125.8
0.13,0.057,125.8
0.252,0.041,125.8
0.241,0.038,125.8
0.311,0.032,125.8
0.235,0.035,125.8
0.122,0.069,125.8
0.158,0.111,125.8
0.031,0.154,125.8
0.0,0.265,125.8
0.0,0.379,125.8
0.0,0.432,125.8
0.0,0.457,125.8
0.0,0.479,125.8
0.0,0.484,125.8
0.0,0.471,125.8
0.0,0.452,125.8
0.0,0.414,125.8
0.0,0.377,125.8
0.0,0.329,125.8
0.0,0.304,125.8
0.0,0.3,125.8
0.0,0.279,125.8
0.0,0.233,125.8
0.193,0.201,125.8
0.417,0.18,125.8
0.564,0.141,125.8
0.641,0.073,125.8
0.658,0.033,125.8
0.615,0.011,125.8
0.511,0.007,125.8
0.331,0.011,125.8
0.085,0.022,125.8
0.0,0.048,125.8
0.0,0.076,125.8
0.0,0.101,125.8
0.0,0.167,125.8
0.0,0.283,125.8
0.0,0.434,125.8
0.0,0.51,125.8
0.0,0.514,125.8
0.0,0.487,125.8
0.0,0.44,125.8
0.0,0.428,125.8
0.0,0.503,125.8
0.0,0.608,125.8
0.0,0.689,125.8
0.0,0.726,125.8
0.178,0.718,125.8
0.399,0.623,125.8
0.538,0.426,125.8
0.615,0.24,125.8
0.634,0.142,125.8
0.591,0.078,125.8
0.479,0.049,125.8
0.296,0.046,125.8
0.074,0.082,125.8
0.0,0.235,125.8
0.0,0.376,125.8
0.0,0.433,125.8
0.0,0.453,125.8
0.0,0.425,125.8
0.0,0.37,125.8
0.0,0.297,125.8
0.0,0.277,125.8
0.0,0.294,125.8
0.0,0.305,125.8
0.0,0.288,125.8
0.0,0.227,125.8
0.0,0.159,125.8
0.0,0.13,125.8
0.0,0.107,125.8
0.02,0.085,125.8
0.065,0.068,125.8
0.093,0.054,125.8
0.125,0.047,125.8
0.165,0.055,125.8
0.224,0.068,125.8
0.235,0.08,125.8
0.128,0.094,125.8
0.012,0.118,125.8
0.0,0.113,125.8
0.0,0.077,125.8
0.0,0.053,125.8
0.0,0.061,125.8
0.0,0.093,125.8
0.0,0.148,125.8
0.0,0.203,125.8
0.0,0.195,125.8
0.0,0.158,125.8
0.0,0.14,125.8
0.0,0.133,125.8
0.0,0.127,125.8
0.0,0.123,125.8
0.0,0.113,125.8
0.0,0.092,125.8
0.184,0.06,125.8
0.418,0.027,125.8
0.571,0.015,125.8
0.652,0.005,125.8
0.669,0.003,125.8
0.626,0.003,125.8
0.52,0.003,125.8
0.324,0.003,125.8
0.048,0.002,125.8
0.0,0.005,125.8
0.0,0.013,125.8
0.0,0.021,125.8
0.0,0.02,125.8
0.0,0.014,125.8
0.0,0.008,125.8
0.0,0.016,125.8
0.0,0.022,125.8
0.0,0.025,125.8
0.0,0.035,125.8
0.0,0.041,125.8
0.0,0.036,125.8
0.0,0.027,125.8
0.0,0.02,125.8
0.0,0.014,125.8
0.144,0.015,125.8
0.39,0.014,125.8
0.548,0.016,125.8
0.632,0.02,125.8
0.651,0.012,125.8
0.584,0.006,125.8
0.459,0.004,125.8
0.25,0.029,125.8
0.046,0.067,125.8
0.0,0.049,125.8
0.0,0.03,125.8
0.0,0.018,125.8
0.0,0.011,125.8
0.0,0.015,125.8
0.0,0.02,125.8
0.0,0.022,125.8
0.0,0.02,125.8
0.0,0.015,125.8
0.0,0.013,125.8
0.0,0.019,125.8
0.0,0.032,125.8
0.0,0.049,125.8
0.0,0.062,125.8
0.0,0.062,125.8
0.182,0.047,125.8
0.41,0.021,125.8
0.561,0.012,125.8
0.641,0.012,125.8
0.66,0.017,125.8
0.62,0.021,125.8
0.516,0.014,125.8
0.337,0.004,125.8
0.092,0.004,125.8
0.0,0.008,125.8
0.0,0.015,125.8
0.0,0.025,125.8
0.0,0.026,125.8
0.0,0.02,125.8
0.0,0.012,125.8
0.0,0.008,125.8
0.0,0.007,125.8
0.0,0.005,125.8
0.0,0.008,125.8
0.0,0.013,125.8
0.0,0.018,125.8
0.0,0.018,125.8
0.0,0.017,125.8
0.0,0.013,125.8
0.129,0.012,125.8
0.306,0.008,125.8
0.407,0.009,125.8
0.455,0.016,125.8
0.476,0.021,125.8
0.439,0.021,125.8
0.343,0.017,125.8
0.197,0.011,125.8
0.041,0.01,125.8
0.0,0.012,125.8
0.0,0.015,125.8
0.0,0.018,125.8
0.0,0.022,125.8
0.0,0.028,125.8
0.0,0.036,125.8
0.0,0.039,125.8
0.0,0.032,125.8
0.0,0.023,125.8
0.0,0.02,125.8
0.0,0.02,125.8
0.0,0.018,125.8
0.0,0.014,125.8
0.0,0.012,125.8
0.0,0.012,125.8
0.072,0.017,125.8
0.196,0.022,125.8
0.262,0.022,125.8
0.273,0.025,125.8
0.196,0.028,125.8
0.11,0.033,125.8
0.065,0.045,125.8
0.028,0.059,125.8
0.0,0.06,125.8
0.0,0.056,125.8
0.0,0.047,125.8
0.0,0.041,125.8
0.0,0.038,125.8
0.0,0.037,125.8
0.0,0.048,125.8
0.0,0.083,125.8
0.0,0.118,125.8
0.0,0.147,125.8
0.0,0.145,125.8
0.0,0.121,125.8
0.0,0.099,125.8
0.0,0.089,125.8
0.0,0.081,125.8
0.0,0.077,125.8
0.0,0.071,125.8
0.015,0.049,125.8
0.036,0.028,125.8
0.053,0.019,125.8
0.057,0.016,125.8
0.053,0.014,125.8
0.038,0.013,125.8
0.021,0.013,125.8
0.0,0.017,125.8
0.0,0.023,125.8
0.0,0.027,125.8
0.0,0.031,125.8
0.0,0.041,125.8
0.0,0.051,125.8
0.0,0.059,125.8
0.0,0.07,125.8
0.0,0.082,125.8
0.0,0.091,125.8
0.0,0.083,125.8
0.0,0.064,125.8
0.0,0.039,125.8
0.0,0.03,125.8
0.0,0.027,125.8
0.0,0.027,125.8
0.005,0.023,125.8
0.042,0.02,125.8
0.075,0.024,125.8
0.072,0.035,125.8
0.049,0.046,125.8
0.03,0.062,125.8
0.017,0.093,125.8
0.003,0.153,125.8
0.0,0.264,125.8
0.0,0.347,125.8
0.0,0.325,125.8
0.0,0.223,125.8
0.0,0.184,125.8
0.0,0.216,125.8
0.0,0.185,125.8
0.0,0.148,125.8
0.0,0.141,125.8
0.0,0.152,125.8
0.0,0.283,125.8
0.0,0.442,125.8
0.0,0.502,125.8
0.0,0.494,125.8
0.0,0.441,125.8
0.0,0.352,125.8
0.012,0.217,125.8
0.069,0.116,125.8
0.141,0.147,125.8
0.24,0.207,125.8
0.419,0.251,125.8
0.556,0.268,125.8
0.514,0.206,125.8
0.35,0.218,125.8
0.097,0.343,125.8
0.0,0.355,125.8
0.0,0.367,125.8
0.0,0.382,125.8
0.0,0.382,125.8
0.0,0.355,125.8
0.0,0.264,125.8
0.0,0.227,125.8
0.0,0.229,125.8
0.0,0.218,125.8
0.0,0.178,125.8
0.0,0.115,125.8
0.0,0.086,125.8
0.0,0.101,125.8
0.0,0.151,125.8
0.0,0.214,125.8
0.071,0.236,125.8
0.283,0.259,125.8
0.476,0.264,125.8
0.565,0.236,125.8
0.654,0.381,125.8
0.664,0.388,125.8
0.571,0.24,125.8
0.397,0.093,125.8
0.134,0.054,125.8
0.0,0.096,125.8
0.0,0.203,125.8
0.0,0.289,125.8
0.0,0.305,125.8
0.0,0.294,125.8
0.0,0.225,125.8
0.0,0.168,125.8
0.0,0.15,125.8
0.0,0.092,125.8
0.0,0.097,125.8
0.0,0.13,125.8
0.0,0.17,125.8
0.0,0.201,125.8
0.0,0.204,125.8
0.0,0.199,125.8
0.125,0.155,125.8
0.297,0.11,125.8
0.459,0.093,125.8
0.555,0.102,125.8
0.596,0.179,125.8
0.571,0.234,125.8
0.481,0.218,125.8
0.329,0.169,125.8
0.1,0.151,125.8
0.0,0.127,125.8
0.0,0.109,125.8
0.0,0.14,125.8
0.0,0.261,125.8
0.0,0.422,125.8
0.0,0.551,125.8
0.0,0.621,125.8
0.0,0.62,125.8
0.0,0.59,125.8
0.0,0.548,125.8
0.0,0.485,125.8
0.0,0.439,125.8
0.0,0.391,125.8
0.0,0.378,125.8
0.0,0.391,125.8
0.268,0.388,125.8
0.484,0.259,125.8
0.627,0.22,125.8
0.702,0.294,125.8
0.714,0.334,125.8
0.672,0.349,125.8
0.573,0.305,125.8
0.399,0.186,125.8
0.139,0.161,125.8
0.0,0.152,125.8
0.0,0.144,125.8
0.0,0.142,125.8
0.0,0.169,125.8
0.0,0.163,125.8
0.0,0.161,125.8
0.0,0.14,125.8
0.0,0.132,125.8
0.0,0.097,125.8
0.0,0.042,125.8
0.0,0.023,125.8
0.0,0.014,125.8
0.0,0.005,125.8
0.0,0.009,125.8
0.0,0.017,125.8
0.116,0.02,125.8
0.235,0.011,125.8
0.225,0.012,125.8
0.189,0.012,125.8
0.344,0.008,125.8
0.515,0.006,125.8
0.203,0.005,125.8
0.07,0.003,125.8
0.028,0.003,125.8
0.0,0.008,125.8
0.0,0.02,125.8
0.0,0.035,125.8
0.0,0.041,125.8
0.0,0.041,125.8
0.0,0.035,125.8
0.0,0.031,125.8
0.0,0.037,125.8
0.0,0.05,125.8
0.0,0.06,125.8
0.0,0.077,125.8
0.0,0.109,125.8
0.0,0.161,125.8
0.0,0.225,125.8
0.0,0.255,125.8
0.081,0.238,125.8
0.271,0.192,125.8
0.14,0.183,125.8
0.162,0.191,125.8
0.143,0.202,125.8
0.143,0.194,125.8
0.28,0.208,125.8
0.23,0.18,125.8
0.062,0.194,125.8
0.0,0.227,125.8
0.0,0.259,125.8
0.0,0.282,125.8
0.0,0.329,125.8
0.0,0.388,125.8
0.0,0.423,125.8
0.0,0.425,125.8
0.0,0.407,125.8
0.0,0.401,125.8
0.0,0.417,125.8
0.0,0.388,125.8
0.0,0.31,125.8
0.0,0.202,125.8
0.0,0.2,125.8
0.0,0.225,125.8
0.004,0.151,125.8
0.029,0.077,125.8
0.196,0.047,125.8
0.511,0.055,125.8
0.625,0.044,125.8
0.605,0.067,125.8
0.508,0.089,125.8
0.337,0.133,125.8
0.105,0.212,125.8
0.0,0.337,125.8
0.0,0.457,125.8
0.0,0.595,125.8
0.0,0.712,125.8
0.0,0.768,125.8
0.0,0.77,125.8
0.0,0.71,125.8
0.0,0.58,125.8
0.0,0.398,125.8
0.0,0.285,125.8
0.0,0.309,125.8
0.0,0.381,125.8
0.0,0.459,125.8
0.0,0.476,125.8
0.0,0.376,125.8
0.04,0.251,125.8
0.071,0.161,125.8
0.104,0.095,125.8
0.12,0.062,125.8
0.113,0.048,125.8
0.096,0.047,125.8
0.069,0.051,125.8
0.035,0.072,125.8
0.004,0.096,125.8
0.0,0.096,125.8
0.0,0.102,125.8
0.0,0.161,125.8
0.0,0.272,125.8
0.0,0.324,125.8
0.0,0.288,125.8
0.0,0.229,125.8
0.0,0.144,125.8
0.0,0.073,125.8
0.0,0.034,125.8
0.0,0.02,125.8
0.0,0.042,125.8
0.0,0.071,125.8
0.0,0.085,125.8
0.0,0.083,125.8
0.074,0.062,125.8
0.314,0.028,125.8
0.512,0.006,125.8
0.588,0.004,125.8
0.606,0.013,125.8
0.567,0.028,125.8
0.492,0.055,125.8
0.335,0.132,125.8
0.111,0.291,125.8
0.0,0.418,125.8
0.0,0.412,125.8
0.0,0.345,125.8
0.0,0.269,125.8
0.0,0.225,125.8
0.0,0.225,125.8
0.0,0.242,125.8
0.0,0.234,125.8
0.0,0.193,125.8
0.0,0.154,125.8
0.0,0.123,125.8
0.0,0.102,125.8
0.0,0.08,125.8
0.0,0.056,125.8
0.0,0.043,125.8
0.025,0.034,125.8
0.116,0.028,125.8
0.254,0.04,125.8
0.378,0.058,125.8
0.399,0.06,125.8
0.26,0.047,125.8
0.132,0.045,125.8
0.058,0.058,125.8
0.006,0.072,125.8
0.0,0.063,125.8
0.0,0.049,125.8
0.0,0.035,125.8
0.0,0.024,125.8
0.0,0.016,125.8
0.0,0.016,125.8
0.0,0.012,125.8
0.0,0.007,125.8
0.0,0.008,125.8
0.0,0.008,125.8
0.0,0.007,125.8
0.0,0.009,125.8
0.0,0.012,125.8
0.0,0.011,125.8
0.0,0.007,125.8
0.073,0.007,125.8
0.196,0.003,125.8
0.291,0.003,125.8
0.419,0.005,125.8
0.121,0.004,125.8
0.142,0.004,125.8
0.299,0.009,125.8
0.191,0.015,125.8
0.047,0.019,125.8
0.0,0.029,125.8
0.0,0.05,125.8
0.0,0.062,125.8
0.0,0.062,125.8
0.0,0.076,125.8
0.0,0.067,125.8
0.0,0.042,125.8
0.0,0.029,125.8
0.0,0.029,125.8
0.0,0.019,125.8
0.0,0.019,125.8
0.0,0.029,125.8
0.0,0.041,125.8
0.0,0.042,125.8
0.0,0.051,125.8
0.025,0.068,125.8
0.072,0.054,125.8
0.104,0.028,125.8
0.137,0.024,125.8
0.145,0.019,125.8
0.157,0.014,125.8
0.133,0.009,125.8
0.08,0.009,125.8
0.017,0.034,125.8
0.0,0.031,125.8
0.0,0.022,125.8
0.0,0.021,125.8
0.0,0.02,125.8
0.0,0.017,125.8
0.0,0.018,125.8
0.0,0.023,125.8
0.0,0.025,125.8
0.0,0.019,125.8
0.0,0.015,125.8
0.0,0.013,125.8
0.0,0.013,125.8
0.0,0.015,125.8
0.0,0.021,125.8
0.0,0.028,125.8
0.027,0.029,125.8
0.087,0.022,125.8
0.14,0.016,125.8
0.14,0.011,125.8
0.115,0.006,125.8
0.094,0.002,125.8
0.064,0.003,125.8
0.033,0.008,125.8
0.005,0.02,125.8
0.0,0.047,125.8
0.0,0.076,125.8
0.0,0.1,125.8
0.0,0.101,125.8
0.0,0.096,125.8
0.0,0.088,125.8
0.0,0.079,125.8
0.0,0.06,125.8
0.0,0.042,125.8
0.0,0.027,125.8
0.0,0.018,125.8
0.0,0.014,125.8
0.0,0.014,125.8
0.0,0.014,125.8
0.0,0.014,125.8
0.012,0.009,125.8
0.051,0.006,125.8
0.095,0.005,125.8
0.116,0.003,125.8
0.103,0.004,125.8
0.093,0.008,125.8
0.088,0.017,125.8
0.072,0.021,125.8
0.017,0.026,125.8
0.0,0.041,125.8
0.0,0.051,125.8
0.0,0.068,125.8
0.0,0.081,125.8
0.0,0.078,125.8
0.0,0.068,125.8
0.0,0.062,125.8
0.0,0.055,125.8
0.0,0.05,125.8
0.0,0.057,125.8
0.0,0.066,125.8
0.0,0.07,125.8
0.0,0.079,125.8
0.0,0.088,125.8
0.0,0.092,125.8
0.006,0.088,125.8
0.031,0.091,125.8
0.054,0.103,125.8
0.063,0.113,125.8
0.062,0.119,125.8
0.055,0.121,125.8
0.043,0.119,125.8
0.018,0.114,125.8
0.0,0.121,125.8
0.0,0.16,125.8
0.0,0.205,125.8
0.0,0.213,125.8
0.0,0.201,125.8
0.0,0.253,125.8
0.0,0.316,125.8
0.0,0.356,125.8
0.0,0.316,125.8
0.0,0.253,125.8
0.0,0.225,125.8
0.0,0.201,125.8
0.0,0.16,125.8
0.0,0.2,125.8
0.0,0.186,125.8
0.0,0.138,125.8
0.001,0.095,125.8
0.024,0.047,125.8
0.057,0.022,125.8
0.076,0.01,125.8
0.094,0.007,125.8
0.1,0.008,125.8
0.104,0.009,125.8
0.082,0.012,125.8
0.02,0.01,125.8
0.0,0.004,125.8
0.0,0.005,125.8
0.0,0.011,125.8
0.0,0.021,125.8
0.0,0.03,125.8
0.0,0.032,125.8
0.0,0.05,125.8
0.0,0.11,125.8
0.0,0.185,125.8
0.0,0.27,125.8
0.0,0.327,125.8
0.0,0.367,125.8
0.0,0.436,125.8
0.0,0.494,125.8
0.012,0.519,125.8
0.292,0.447,125.8
0.496,0.255,125.8
0.626,0.137,125.8
0.695,0.087,125.8
0.71,0.053,125.8
0.671,0.045,125.8
0.573,0.037,125.8
0.411,0.024,125.8
0.18,0.028,125.8
0.0,0.087,125.8
0.0,0.165,125.8
0.0,0.201,125.8
0.0,0.204,125.8
0.0,0.211,125.8
0.0,0.225,125.8
0.0,0.234,125.8
0.0,0.225,125.8
0.0,0.163,125.8
0.0,0.103,125.8
0.0,0.064,125.8
0.0,0.033,125.8
0.0,0.014,125.8
0.0,0.01,125.8
0.0,0.013,125.8
0.026,0.014,125.8
0.079,0.01,125.8
0.161,0.009,125.8
0.284,0.006,125.8
0.511,0.006,125.8
0.564,0.005,125.8
0.517,0.009,125.8
0.358,0.022,125.8
0.136,0.043,125.8
0.0,0.086,125.8
0.0,0.142,125.8
0.0,0.178,125.8
0.0,0.169,125.8
0.0,0.152,125.8
0.0,0.168,125.8
0.0,0.181,125.8
0.0,0.17,125.8
0.0,0.171,125.8
0.0,0.132,125.8
0.0,0.091,125.8
0.0,0.07,125.8
0.0,0.117,125.8
0.0,0.185,125.8
0.0,0.102,125.8
0.01,0.156,125.8
0.047,0.172,125.8
0.119,0.132,125.8
0.202,0.085,125.8
0.339,0.085,125.8
0.352,0.101,125.8
0.259,0.102,125.8
0.133,0.078,125.8
0.034,0.091,125.8
0.0,0.156,125.8
0.0,0.222,125.8
0.0,0.247,125.8
0.0,0.249,125.8
0.0,0.277,125.8
0.0,0.332,125.8
0.0,0.341,125.8
0.0,0.313,125.8
0.0,0.285,125.8
0.0,0.255,125.8
0.0,0.221,125.8
0.0,0.205,125.8
0.0,0.194,125.8
0.0,0.184,125.8
0.023,0.158,125.8
0.313,0.133,125.8
0.519,0.136,125.8
0.652,0.289,125.8
0.708,0.364,125.8
0.712,0.362,125.8
0.626,0.361,125.8
0.486,0.341,125.8
0.372,0.291,125.8
0.171,0.255,125.8
0.0,0.315,125.8
0.0,0.386,125.8
0.0,0.437,125.8
0.0,0.529,125.8
0.0,0.614,125.8
0.0,0.654,125.8
0.0,0.635,125.8
0.0,0.59,125.8
0.0,0.51,125.8
0.0,0.433,125.8
0.0,0.386,125.8
0.0,0.389,125.8
0.0,0.388,125.8
0.0,0.367,125.8
0.006,0.362,125.8
0.121,0.334,125.8
0.147,0.327,125.8
0.191,0.447,125.8
0.254,0.488,125.8
0.343,0.439,125.8
0.352,0.403,125.8
0.204,0.388,125.8
0.083,0.386,125.8
0.017,0.386,125.8
0.0,0.422,125.8
0.0,0.415,125.8
0.0,0.399,125.8
0.0,0.381,125.8
0.0,0.374,125.8
0.0,0.376,125.8
0.0,0.39,125.8
0.0,0.432,125.8
0.0,0.464,125.8
0.0,0.473,125.8
0.0,0.443,125.8
0.0,0.398,125.8
0.0,0.395,125.8
0.0,0.42,125.8
0.022,0.457,125.8
0.288,0.455,125.8
0.502,0.605,125.8
0.641,0.598,125.8
0.714,0.543,125.8
0.722,0.466,125.8
0.68,0.413,125.8
0.591,0.383,125.8
0.439,0.337,125.8
0.205,0.27,125.8
0.004,0.204,125.8
0.0,0.155,125.8
0.0,0.113,125.8
0.0,0.11,125.8
0.0,0.14,125.8
0.0,0.16,125.8
0.0,0.142,125.8
0.0,0.112,125.8
0.0,0.095,125.8
0.0,0.115,125.8
0.0,0.185,125.8
0.0,0.222,125.8
0.0,0.196,125.8
0.0,0.16,125.8
0.04,0.125,125.8
0.339,0.085,125.8
0.543,0.05,125.8
0.677,0.028,125.8
0.752,0.02,125.8
0.77,0.015,125.8
0.732,0.011,125.8
0.637,0.007,125.8
0.478,0.004,125.8
0.244,0.004,125.8
0.011,0.005,125.8
0.0,0.006,125.8
0.0,0.008,125.8
0.0,0.011,125.8
0.0,0.017,125.8
0.0,0.018,125.8
0.0,0.019,125.8
0.0,0.021,125.8
0.0,0.018,125.8
0.0,0.011,125.8
0.0,0.008,125.8
0.0,0.007,125.8
0.0,0.007,125.8
0.0,0.012,125.8
0.036,0.013,125.8
0.31,0.011,125.8
0.51,0.023,125.8
0.638,0.048,125.8
0.709,0.075,125.8
0.717,0.099,125.8
0.641,0.118,125.8
0.53,0.134,125.8
0.339,0.144,125.8
0.079,0.16,125.8
0.0,0.201,125.8
0.0,0.241,125.8
0.0,0.248,125.8
0.0,0.224,125.8
0.0,0.195,125.8
0.0,0.155,125.8
0.0,0.142,125.8
0.0,0.152,125.8
0.0,0.146,125.8
0.0,0.147,125.8
0.0,0.148,125.8
0.0,0.152,125.8
0.0,0.156,125.8
0.0,0.163,125.8
0.028,0.157,125.8
0.266,0.121,125.8
0.467,0.1,125.8
0.608,0.131,125.8
0.683,0.147,125.8
0.691,0.153,125.8
0.63,0.149,125.8
0.464,0.14,125.8
0.309,0.12,125.8
0.131,0.111,125.8
0.003,0.162,125.8
0.0,0.198,125.8
0.0,0.201,125.8
0.0,0.196,125.8
0.0,0.177,125.8
0.0,0.147,125.8
0.0,0.125,125.8
0.0,0.101,125.8
0.0,0.078,125.8
0.0,0.059,125.8
0.0,0.052,125.8
0.0,0.046,125.8
0.0,0.054,125.8
0.0,0.06,125.8
0.0,0.079,125.8
0.072,0.096,125.8
0.317,0.104,125.8
0.538,0.093,125.8
0.673,0.061,125.8
0.705,0.032,125.8
0.67,0.017,125.8
0.579,0.012,125.8
0.427,0.022,125.8
0.201,0.05,125.8
0.007,0.093,125.8
0.0,0.159,125.8
0.0,0.219,125.8
0.0,0.228,125.8
0.0,0.183,125.8
0.0,0.113,125.8
0.0,0.057,125.8
0.0,0.027,125.8
0.0,0.015,125.8
0.0,0.01,125.8
0.0,0.006,125.8
0.0,0.005,125.8
0.0,0.006,125.8
0.0,0.01,125.8
0.0,0.014,125.8
0.038,0.013,125.8
0.105,0.007,125.8
0.156,0.004,125.8
0.21,0.004,125.8
0.254,0.006,125.8
0.302,0.007,125.8
0.216,0.005,125.8
0.16,0.002,125.8
0.075,0.001,125.8
0.0,0.005,125.8
0.0,0.011,125.8
0.0,0.015,125.8
0.0,0.015,125.8
0.0,0.014,125.8
0.0,0.014,125.8
0.0,0.018,125.8
0.0,0.026,125.8
0.0,0.026,125.8
0.0,0.024,125.8
0.0,0.019,125.8
0.0,0.016,125.8
0.0,0.017,125.8
0.0,0.017,125.8
0.003,0.022,125.8
0.053,0.029,125.8
0.134,0.024,125.8
0.284,0.032,125.8
0.434,0.037,125.8
0.551,0.044,125.8
0.527,0.05,125.8
0.429,0.052,125.8
0.288,0.056,125.8
0.107,0.055,125.8
0.003,0.076,125.8
0.0,0.113,125.8
0.0,0.129,125.8
0.0,0.122,125.8
0.0,0.096,125.8
0.0,0.059,125.8
0.0,0.034,125.8
0.0,0.018,125.8
0.0,0.012,125.8
0.0,0.009,125.8
0.0,0.009,125.8
0.0,0.008,125.8
0.0,0.006,125.8
0.0,0.004,125.8
0.004,0.003,125.8
0.071,0.002,125.8
0.168,0.001,125.8
0.305,0.004,125.8
0.52,0.006,125.8
0.592,0.007,125.8
0.512,0.008,125.8
0.449,0.01,125.8
0.329,0.011,125.8
0.146,0.012,125.8
0.005,0.014,125.8
0.0,0.02,125.8
0.0,0.024,125.8
0.0,0.022,125.8
0.0,0.017,125.8
0.0,0.012,125.8
0.0,0.009,125.8
0.0,0.007,125.8
0.0,0.006,125.8
0.0,0.006,125.8
0.0,0.007,125.8
0.0,0.008,125.8
0.0,0.013,125.8
0.0,0.027,125.8
0.01,0.053,125.8
0.082,0.06,125.8
0.149,0.061,125.8
0.214,0.067,125.8
0.225,0.075,125.8
0.252,0.084,125.8
0.23,0.093,125.8
0.179,0.117,125.8
0.098,0.167,125.8
0.039,0.237,125.8
0.0,0.323,125.8
0.0,0.362,125.8
0.0,0.344,125.8
0.0,0.314,125.8
0.0,0.32,125.8
0.0,0.305,125.8
0.0,0.264,125.8
0.0,0.236,125.8
0.0,0.2,125.8
0.0,0.155,125.8
0.0,0.12,125.8
0.0,0.113,125.8
0.0,0.114,125.8
0.0,0.115,125.8
0.0,0.121,125.8
0.035,0.112,125.8
0.092,0.093,125.8
0.164,0.09,125.8
0.21,0.072,125.8
0.215,0.061,125.8
0.228,0.059,125.8
0.196,0.062,125.8
0.132,0.067,125.8
0.054,0.065,125.8
0.0,0.069,125.8
0.0,0.068,125.8
0.0,0.058,125.8
0.0,0.04,125.8
0.0,0.021,125.8
0.0,0.009,125.8
0.0,0.003,125.8
0.0,0.003,125.8
0.0,0.003,125.8
0.0,0.007,125.8
0.0,0.014,125.8
0.0,0.019,125.8
0.0,0.034,125.8
0.0,0.06,125.8
0.021,0.078,125.8
0.178,0.06,125.8
0.37,0.024,125.8
0.497,0.003,125.8
0.577,0.001,125.8
0.598,0.0,125.8
0.546,0.001,125.8
0.453,0.005,125.8
0.304,0.015,125.8
0.127,0.039,125.8
0.008,0.062,125.8
0.0,0.058,125.8
0.0,0.041,125.8
0.0,0.025,125.8
0.0,0.013,125.8
0.0,0.007,125.8
0.0,0.004,125.8
0.0,0.003,125.8
0.0,0.003,125.8
0.0,0.002,125.8
0.0,0.001,125.8
0.0,0.001,125.8
0.0,0.003,125.8
0.0,0.004,125.8
0.031,0.005,125.8
0.204,0.004,125.8
0.396,0.002,125.8
0.558,0.002,125.8
0.632,0.005,125.8
0.653,0.007,125.8
0.622,0.011,125.8
0.533,0.017,125.8
0.385,0.03,125.8
0.185,0.049,125.8
0.017,0.066,125.8
0.0,0.068,125.8
0.0,0.053,125.8
0.0,0.036,125.8
0.0,0.026,125.8
0.0,0.021,125.8
0.0,0.02,125.8
0.0,0.019,125.8
0.0,0.015,125.8
0.0,0.011,125.8
0.0,0.007,125.8
0.0,0.006,125.8
0.0,0.006,125.8
0.0,0.006,125.8
0.055,0.005,125.8
0.271,0.003,125.8
0.465,0.003,125.8
0.596,0.002,125.8
0.667,0.002,125.8
0.683,0.001,125.8
0.65,0.001,125.8
0.562,0.001,125.8
0.416,0.002,125.8
0.212,0.003,125.8
0.024,0.008,125.8
0.0,0.014,125.8
0.0,0.02,125.8
0.0,0.021,125.8
0.0,0.017,125.8
0.0,0.017,125.8
0.0,0.017,125.8
0.0,0.015,125.8
0.0,0.014,125.8
0.0,0.015,125.8
0.0,0.017,125.8
0.0,0.023,125.8
0.0,0.03,125.8
0.0,0.037,125.8
0.059,0.041,125.8
0.271,0.037,125.8
0.463,0.018,125.8
0.599,0.012,125.8
0.668,0.012,125.8
0.682,0.012,125.8
0.646,0.01,125.8
0.556,0.008,125.8
0.408,0.007,125.8
0.206,0.011,125.8
0.024,0.026,125.8
0.0,0.067,125.8
0.0,0.133,125.8
0.0,0.202,125.8
0.0,0.238,125.8
0.0,0.225,125.8
0.0,0.199,125.8
0.0,0.171,125.8
0.0,0.139,125.8
0.0,0.107,125.8
0.0,0.08,125.8
0.0,0.061,125.8
0.0,0.051,125.8
0.0,0.044,125.8
0.053,0.038,125.8
0.247,0.031,125.8
0.429,0.041,125.8
0.545,0.2,125.8
0.602,0.459,125.8
0.613,0.622,125.8
0.559,0.69,125.8
0.472,0.727,125.8
0.34,0.717,125.8
0.177,0.624,125.8
0.023,0.571,125.8
0.0,0.494,125.8
0.0,0.447,125.8
0.0,0.467,125.8
0.0,0.504,125.8
0.0,0.526,125.8
0.0,0.529,125.8
0.0,0.505,125.8
0.0,0.447,125.8
0.0,0.404,125.8
0.0,0.388,125.8
0.0,0.386,125.8
0.0,0.371,125.8
0.0,0.369,125.8
0.084,0.349,125.8
0.311,0.294,125.8
0.527,0.496,125.8
0.658,0.481,125.8
0.729,0.374,125.8
0.748,0.278,125.8
0.716,0.199,125.8
0.63,0.144,125.8
0.485,0.102,125.8
0.278,0.084,125.8
0.052,0.095,125.8
0.0,0.105,125.8
0.0,0.1,125.8
0.0,0.081,125.8
0.0,0.054,125.8
0.0,0.024,125.8
0.0,0.009,125.8
0.0,0.008,125.8
0.0,0.012,125.8
0.0,0.015,125.8
0.0,0.017,125.8
0.0,0.018,125.8
0.0,0.018,125.8
0.0,0.018,125.8
0.12,0.018,125.8
0.351,0.014,125.8
0.538,0.019,125.8
0.665,0.035,125.8
0.734,0.046,125.8
0.75,0.055,125.8
0.717,0.063,125.8
0.63,0.069,125.8
0.485,0.071,125.8
0.281,0.076,125.8
0.055,0.096,125.8
0.0,0.118,125.8
0.0,0.114,125.8
0.0,0.084,125.8
0.0,0.047,125.8
0.0,0.027,125.8
0.0,0.036,125.8
0.0,0.054,125.8
0.0,0.062,125.8
0.0,0.071,125.8
0.0,0.091,125.8
0.0,0.13,125.8
0.0,0.163,125.8
0.0,0.151,125.8
0.101,0.124,125.8
0.323,0.084,125.8
0.514,0.078,125.8
0.636,0.089,125.8
0.704,0.076,125.8
0.721,0.068,125.8
0.686,0.067,125.8
0.602,0.065,125.8
0.463,0.061,125.8
0.267,0.069,125.8
0.053,0.103,125.8
0.0,0.126,125.8
0.0,0.122,125.8
0.0,0.101,125.8
0.0,0.08,125.8
0.0,0.06,125.8
0.0,0.043,125.8
0.0,0.031,125.8
0.0,0.022,125.8
0.0,0.014,125.8
0.0,0.009,125.8
0.0,0.011,125.8
0.0,0.016,125.8
0.0,0.02,125.8
0.081,0.02,125.8
0.285,0.013,125.8
0.467,0.004,125.8
0.599,0.003,125.8
0.67,0.001,125.8
0.691,0.001,125.8
0.649,0.003,125.8
0.566,0.003,125.8
0.427,0.004,125.8
0.229,0.003,125.8
0.039,0.009,125.8
0.0,0.042,125.8
0.0,0.105,125.8
0.0,0.169,125.8
0.0,0.209,125.8
0.0,0.213,125.8
0.0,0.197,125.8
0.0,0.163,125.8
0.0,0.13,125.8
0.0,0.103,125.8
0.0,0.087,125.8
0.0,0.082,125.8
0.0,0.087,125.8
0.0,0.104,125.8
0.031,0.112,125.8
0.121,0.095,125.8
0.265,0.112,125.8
0.394,0.118,125.8
0.483,0.103,125.8
0.513,0.103,125.8
0.481,0.117,125.8
0.42,0.136,125.8
0.315,0.169,125.8
0.163,0.212,125.8
0.023,0.281,125.8
0.0,0.359,125.8
0.0,0.386,125.8
0.0,0.343,125.8
0.0,0.294,125.8
0.0,0.256,125.8
0.0,0.233,125.8
0.0,0.2,125.8
0.0,0.148,125.8
0.0,0.1,125.8
0.0,0.062,125.8
0.0,0.036,125.8
0.0,0.035,125.8
0.0,0.043,125.8
0.032,0.052,125.8
0.13,0.054,125.8
0.328,0.049,125.8
0.517,0.034,125.8
0.65,0.012,125.8
0.662,0.004,125.8
0.62,0.001,125.8
0.528,0.004,125.8
0.391,0.015,125.8
0.209,0.043,125.8
0.034,0.128,125.8
0.0,0.252,125.8
0.0,0.344,125.8
0.0,0.363,125.8
0.0,0.311,125.8
0.0,0.225,125.8
0.0,0.134,125.8
0.0,0.067,125.8
0.0,0.037,125.8
0.0,0.113,125.8
0.0,0.519,125.8
0.0,0.781,125.8
0.0,0.8,125.8
0.0,0.711,125.8
0.034,0.63,125.8
0.118,0.6,125.8
0.206,0.61,125.8
0.288,0.574,125.8
0.35,0.487,125.8
0.393,0.391,125.8
0.416,0.311,125.8
0.414,0.264,125.8
0.378,0.237,125.8
0.225,0.219,125.8
0.045,0.224,125.8
0.0,0.279,125.8
0.0,0.305,125.8
0.0,0.27,125.8
0.0,0.206,125.8
0.0,0.148,125.8
0.0,0.107,125.8
0.0,0.085,125.8
0.0,0.074,125.8
0.0,0.068,125.8
0.0,0.057,125.8
0.0,0.045,125.8
0.0,0.036,125.8
0.0,0.03,125.8
0.076,0.027,125.8
0.277,0.017,125.8
0.472,0.032,125.8
0.613,0.041,125.8
0.693,0.039,125.8
0.711,0.032,125.8
0.678,0.022,125.8
0.575,0.016,125.8
0.412,0.014,125.8
0.209,0.018,125.8
0.035,0.035,125.8
0.0,0.045,125.8
0.0,0.048,125.8
0.0,0.051,125.8
0.0,0.055,125.8
0.0,0.055,125.8
0.0,0.054,125.8
0.0,0.052,125.8
0.0,0.045,125.8
0.0,0.032,125.8
0.0,0.023,125.8
0.0,0.018,125.8
0.0,0.017,125.8
0.0,0.019,125.8
0.069,0.024,125.8
0.245,0.018,125.8
0.422,0.028,125.8
0.559,0.042,125.8
0.642,0.05,125.8
0.669,0.054,125.8
0.636,0.057,125.8
0.545,0.064,125.8
0.396,0.083,125.8
0.211,0.109,125.8
0.041,0.17,125.8
0.0,0.259,125.8
0.0,0.291,125.8
0.0,0.265,125.8
0.0,0.226,125.8
0.0,0.184,125.8
0.0,0.146,125.8
0.0,0.124,125.8
0.0,0.121,125.8
0.0,0.138,125.8
0.0,0.161,125.8
0.0,0.175,125.8
0.0,0.182,125.8
0.0,0.2,125.8
0.068,0.193,125.8
0.234,0.171,125.8
0.401,0.219,125.8
0.522,0.206,125.8
0.605,0.16,125.8
0.631,0.114,125.8
0.552,0.082,125.8
0.426,0.066,125.8
0.264,0.059,125.8
0.101,0.057,125.8
0.006,0.055,125.8
0.0,0.035,125.8
0.0,0.016,125.8
0.0,0.009,125.8
0.0,0.01,125.8
0.0,0.016,125.8
0.0,0.025,125.8
0.0,0.033,125.8
0.0,0.045,125.8
0.0,0.057,125.8
0.0,0.064,125.8
0.0,0.068,125.8
0.0,0.067,125.8
0.0,0.051,125.8
0.119,0.038,125.8
0.347,0.021,125.8
0.535,0.024,125.8
0.646,0.023,125.8
0.712,0.015,125.8
0.737,0.008,125.8
0.702,0.009,125.8
0.625,0.009,125.8
0.486,0.005,125.8
0.285,0.012,125.8
0.077,0.04,125.8
0.0,0.072,125.8
0.0,0.116,125.8
0.0,0.142,125.8
0.0,0.123,125.8
0.0,0.107,125.8
0.0,0.115,125.8
0.0,0.133,125.8
0.0,0.144,125.8
0.0,0.15,125.8
0.0,0.172,125.8
0.0,0.177,125.8
0.0,0.207,125.8
0.0,0.234,125.8
0.026,0.232,125.8
0.14,0.178,125.8
0.391,0.144,125.8
0.518,0.101,125.8
0.443,0.073,125.8
0.479,0.077,125.8
0.46,0.089,125.8
0.317,0.117,125.8
0.181,0.174,125.8
0.083,0.275,125.8
0.016,0.358,125.8
0.0,0.37,125.8
0.0,0.428,125.8
0.0,0.379,125.8
0.0,0.32,125.8
0.0,0.141,125.8
0.0,0.017,125.8
0.0,0.035,125.8
0.0,0.035,125.8
0.0,0.008,125.8
0.0,0.001,125.8
0.0,0.006,125.8
0.0,0.022,125.8
0.0,0.029,125.8
0.073,0.025,125.8
0.22,0.013,125.8
0.461,0.005,125.8
0.623,0.004,125.8
0.679,0.003,125.8
0.668,0.004,125.8
0.623,0.005,125.8
0.536,0.007,125.8
0.389,0.013,125.8
0.25,0.029,125.8
0.073,0.053,125.8
0.0,0.074,125.8
0.0,0.112,125.8
0.0,0.182,125.8
0.0,0.277,125.8
0.0,0.261,125.8
0.0,0.19,125.8
0.0,0.147,125.8
0.0,0.16,125.8
0.0,0.185,125.8
0.0,0.187,125.8
0.0,0.188,125.8
0.0,0.167,125.8
0.0,0.151,125.8
0.148,0.159,125.8
0.372,0.115,125.8
0.552,0.118,125.8
0.672,0.169,125.8
0.739,0.194,125.8
0.756,0.233,125.8
0.722,0.315,125.8
0.631,0.388,125.8
0.447,0.434,125.8
0.187,0.47,125.8
0.047,0.527,125.8
0.0,0.576,125.8
0.0,0.535,125.8
0.0,0.481,125.8
0.0,0.495,125.8
0.0,0.537,125.8
0.0,0.559,125.8
0.0,0.552,125.8
0.0,0.51,125.8
0.0,0.465,125.8
0.0,0.513,125.8
0.0,0.624,125.8
0.0,0.717,125.8
0.0,0.759,125.8
0.109,0.742,125.8
0.301,0.661,125.8
0.478,0.712,125.8
0.612,0.821,125.8
0.687,0.858,125.8
0.713,0.863,125.8
0.704,0.857,125.8
0.63,0.831,125.8
0.411,0.742,125.8
0.241,0.546,125.8
0.077,0.451,125.8
0.0,0.464,125.8
0.0,0.422,125.8
0.0,0.347,125.8
0.0,0.28,125.8
0.0,0.239,125.8
0.0,0.234,125.8
0.0,0.245,125.8
0.0,0.246,125.8
0.0,0.22,125.8
0.0,0.168,125.8
0.0,0.168,125.8
0.0,0.241,125.8
0.0,0.313,125.8
0.149,0.343,125.8
0.374,0.223,125.8
0.537,0.149,125.8
0.663,0.125,125.8
0.739,0.119,125.8
0.736,0.103,125.8
0.559,0.077,125.8
0.551,0.06,125.8
0.412,0.055,125.8
0.205,0.059,125.8
0.038,0.068,125.8
0.0,0.111,125.8
0.0,0.253,125.8
0.0,0.494,125.8
0.0,0.561,125.8
0.0,0.499,125.8
0.0,0.466,125.8
0.0,0.51,125.8
0.0,0.545,125.8
0.0,0.571,125.8
0.0,0.626,125.8
0.0,0.672,125.8
0.0,0.71,125.8
0.0,0.722,125.8
0.158,0.657,125.8
0.38,0.491,125.8
0.562,0.694,125.8
0.691,0.68,125.8
0.763,0.629,125.8
0.785,0.598,125.8
0.751,0.602,125.8
0.667,0.639,125.8
0.53,0.672,125.8
0.335,0.659,125.8
0.111,0.619,125.8
0.0,0.621,125.8
0.0,0.547,125.8
0.0,0.449,125.8
0.0,0.383,125.8
0.0,0.325,125.8
0.0,0.255,125.8
0.0,0.193,125.8
0.0,0.146,125.8
0.0,0.111,125.8
0.0,0.098,125.8
0.0,0.096,125.8
0.0,0.101,125.8
0.0,0.112,125.8
0.108,0.11,125.8
0.329,0.083,125.8
0.525,0.136,125.8
0.665,0.153,125.8
0.75,0.153,125.8
0.767,0.145,125.8
0.717,0.14,125.8
0.608,0.139,125.8
0.453,0.153,125.8
0.267,0.176,125.8
0.082,0.22,125.8
0.0,0.332,125.8
0.0,0.471,125.8
0.0,0.55,125.8
0.0,0.538,125.8
0.0,0.473,125.8
0.0,0.401,125.8
0.0,0.367,125.8
0.0,0.344,125.8
0.0,0.341,125.8
0.0,0.358,125.8
0.0,0.367,125.8
0.0,0.314,125.8
0.0,0.281,125.8
0.105,0.231,125.8
0.292,0.217,125.8
0.426,0.257,125.8
0.456,0.265,125.8
0.363,0.249,125.8
0.337,0.22,125.8
0.321,0.196,125.8
0.315,0.169,125.8
0.264,0.148,125.8
0.176,0.137,125.8
0.063,0.152,125.8
0.0,0.17,125.8
0.0,0.159,125.8
0.0,0.126,125.8
0.0,0.087,125.8
0.0,0.06,125.8
0.0,0.053,125.8
0.0,0.059,125.8
0.0,0.079,125.8
0.0,0.112,125.8
0.0,0.152,125.8
0.0,0.192,125.8
0.0,0.24,125.8
0.0,0.285,125.8
0.076,0.264,125.8
0.291,0.245,125.8
0.518,0.259,125.8
0.616,0.203,125.8
0.581,0.164,125.8
0.49,0.145,125.8
0.413,0.136,125.8
0.334,0.133,125.8
0.24,0.133,125.8
0.137,0.132,125.8
0.04,0.158,125.8
0.0,0.196,125.8
0.0,0.193,125.8
0.0,0.163,125.8
0.0,0.137,125.8
0.0,0.119,125.8
0.0,0.102,125.8
0.0,0.081,125.8
0.0,0.062,125.8
0.0,0.045,125.8
0.0,0.032,125.8
0.0,0.032,125.8
0.0,0.028,125.8
0.0,0.032,125.8
0.118,0.058,125.8
0.307,0.101,125.8
0.469,0.225,125.8
0.568,0.224,125.8
0.579,0.185,125.8
0.596,0.163,125.8
0.585,0.148,125.8
0.527,0.147,125.8
0.422,0.156,125.8
0.285,0.168,125.8
0.093,0.193,125.8
0.0,0.24,125.8
0.0,0.251,125.8
0.0,0.251,125.8
0.0,0.274,125.8
0.0,0.33,125.8
0.0,0.4,125.8
0.0,0.456,125.8
0.0,0.444,125.8
0.0,0.368,125.8
0.0,0.261,125.8
0.0,0.149,125.8
0.0,0.071,125.8
0.001,0.033,125.8
0.171,0.016,125.8
0.397,0.02,125.8
0.509,0.023,125.8
0.547,0.02,125.8
0.671,0.025,125.8
0.758,0.026,125.8
0.755,0.026,125.8
0.677,0.025,125.8
0.538,0.024,125.8
0.333,0.025,125.8
0.095,0.024,125.8
0.0,0.025,125.8
0.0,0.012,125.8
0.0,0.031,125.8
0.0,0.078,125.8
0.0,0.13,125.8
0.0,0.179,125.8
0.0,0.176,125.8
0.0,0.14,125.8
0.0,0.14,125.8
0.0,0.185,125.8
0.0,0.22,125.8
0.0,0.237,125.8
0.002,0.239,125.8
0.166,0.213,125.8
0.357,0.142,125.8
0.534,0.288,125.8
0.663,0.241,125.8
0.754,0.156,125.8
0.78,0.13,125.8
0.748,0.144,125.8
0.666,0.169,125.8
0.531,0.188,125.8
0.344,0.198,125.8
0.13,0.199,125.8
0.0,0.274,125.8
0.0,0.376,125.8
0.0,0.458,125.8
0.0,0.506,125.8
0.0,0.494,125.8
0.0,0.446,125.8
0.0,0.396,125.8
0.0,0.36,125.8
0.0,0.336,125.8
0.0,0.317,125.8
0.0,0.323,125.8
0.0,0.314,125.8
0.003,0.282,125.8
0.159,0.201,125.8
0.358,0.111,125.8
0.51,0.079,125.8
0.637,0.035,125.8
0.722,0.017,125.8
0.758,0.011,125.8
0.739,0.009,125.8
0.661,0.009,125.8
0.529,0.009,125.8
0.341,0.009,125.8
0.124,0.013,125.8
0.0,0.027,125.8
0.0,0.05,125.8
0.0,0.079,125.8
0.0,0.105,125.8
0.0,0.125,125.8
0.0,0.134,125.8
0.0,0.133,125.8
0.0,0.135,125.8
0.0,0.136,125.8
0.0,0.131,125.8
0.0,0.12,125.8
0.0,0.109,125.8
0.004,0.09,125.8
0.176,0.058,125.8
0.392,0.029,125.8
0.565,0.024,125.8
0.681,0.017,125.8
0.745,0.011,125.8
0.76,0.01,125.8
0.728,0.012,125.8
0.648,0.015,125.8
0.518,0.02,125.8
0.338,0.033,125.8
0.128,0.081,125.8
0.0,0.207,125.8
0.0,0.374,125.8
0.0,0.444,125.8
0.0,0.41,125.8
0.0,0.328,125.8
0.0,0.243,125.8
0.0,0.188,125.8
0.0,0.153,125.8
0.0,0.126,125.8
0.0,0.108,125.8
0.0,0.094,125.8
0.0,0.084,125.8
0.004,0.076,125.8
0.144,0.054,125.8
0.336,0.023,125.8
0.515,0.019,125.8
0.66,0.018,125.8
0.72,0.018,125.8
0.727,0.017,125.8
0.673,0.021,125.8
0.574,0.03,125.8
0.452,0.044,125.8
0.302,0.062,125.8
0.112,0.11,125.8
0.0,0.22,125.8
0.0,0.347,125.8
0.0,0.381,125.8
0.0,0.344,125.8
0.0,0.27,125.8
0.0,0.192,125.8
0.0,0.145,125.8
0.0,0.118,125.8
0.0,0.099,125.8
0.0,0.085,125.8
0.0,0.074,125.8
0.0,0.06,125.8
0.002,0.044,125.8
0.097,0.027,125.8
0.254,0.017,125.8
0.437,0.013,125.8
0.585,0.015,125.8
0.698,0.02,125.8
0.712,0.03,125.8
0.677,0.045,125.8
0.594,0.069,125.8
0.457,0.099,125.8
0.252,0.14,125.8
0.074,0.203,125.8
0.0,0.309,125.8
0.0,0.384,125.8
0.0,0.387,125.8
0.0,0.32,125.8
0.0,0.238,125.8
0.0,0.193,125.8
0.0,0.191,125.8
0.0,0.202,125.8
0.0,0.231,125.8
0.0,0.246,125.8
0.0,0.264,125.8
0.0,0.296,125.8
0.0,0.31,125.8
0.04,0.261,125.8
0.224,0.254,125.8
0.417,0.199,125.8
0.555,0.124,125.8
0.599,0.084,125.8
0.544,0.055,125.8
0.529,0.036,125.8
0.485,0.025,125.8
0.387,0.023,125.8
0.25,0.028,125.8
0.094,0.056,125.8
0.0,0.135,125.8
0.0,0.251,125.8
0.0,0.311,125.8
0.0,0.313,125.8
0.0,0.294,125.8
0.0,0.242,125.8
0.0,0.189,125.8
0.0,0.167,125.8
0.0,0.153,125.8
0.0,0.131,125.8
0.0,0.102,125.8
0.0,0.086,125.8
0.006,0.067,125.8
0.116,0.035,125.8
0.263,0.01,125.8
0.406,0.002,125.8
0.526,0.002,125.8
0.603,0.002,125.8
0.637,0.002,125.8
0.662,0.003,125.8
0.594,0.003,125.8
0.459,0.005,125.8
0.306,0.014,125.8
0.119,0.053,125.8
0.0,0.138,125.8
0.0,0.241,125.8
0.0,0.315,125.8
0.0,0.341,125.8
0.0,0.294,125.8
0.0,0.212,125.8
0.0,0.144,125.8
0.0,0.107,125.8
0.0,0.083,125.8
0.0,0.061,125.8
0.0,0.046,125.8
0.0,0.038,125.8
0.009,0.034,125.8
0.161,0.024,125.8
0.347,0.006,125.8
0.439,0.004,125.8
0.499,0.004,125.8
0.651,0.002,125.8
0.706,0.002,125.8
0.687,0.003,125.8
0.609,0.003,125.8
0.484,0.003,125.8
0.317,0.004,125.8
0.125,0.012,125.8
0.0,0.043,125.8
0.0,0.093,125.8
0.0,0.133,125.8
0.0,0.148,125.8
0.0,0.132,125.8
0.0,0.107,125.8
0.0,0.084,125.8
0.0,0.061,125.8
0.0,0.042,125.8
0.0,0.027,125.8
0.0,0.017,125.8
0.0,0.012,125.8
0.01,0.009,125.8
0.169,0.006,125.8
0.369,0.003,125.8
0.532,0.002,125.8
0.642,0.002,125.8
0.705,0.001,125.8
0.72,0.001,125.8
0.693,0.001,125.8
0.616,0.001,125.8
0.49,0.001,125.8
0.319,0.004,125.8
0.127,0.013,125.8
0.001,0.039,125.8
0.0,0.08,125.8
0.0,0.123,125.8
0.0,0.141,125.8
0.0,0.126,125.8
0.0,0.124,125.8
0.0,0.154,125.8
0.0,0.161,125.8
0.0,0.132,125.8
0.0,0.096,125.8
0.0,0.062,125.8
0.0,0.033,125.8
0.011,0.017,125.8
0.167,0.009,125.8
0.365,0.005,125.8
0.528,0.01,125.8
0.639,0.012,125.8
0.702,0.006,125.8
0.718,0.001,125.8
0.685,0.001,125.8
0.61,0.002,125.8
0.487,0.002,125.8
0.318,0.003,125.8
0.128,0.014,125.8
0.001,0.048,125.8
0.0,0.108,125.8
0.0,0.176,125.8
0.0,0.227,125.8
0.0,0.227,125.8
0.0,0.186,125.8
0.0,0.141,125.8
0.0,0.101,125.8
0.0,0.072,125.8
0.0,0.056,125.8
0.0,0.058,125.8
0.0,0.076,125.8
0.009,0.09,125.8
0.134,0.086,125.8
0.338,0.046,125.8
0.517,0.039,125.8
0.635,0.034,125.8
0.699,0.034,125.8
0.712,0.032,125.8
0.675,0.035,125.8
0.587,0.046,125.8
0.453,0.065,125.8
0.285,0.109,125.8
0.114,0.228,125.8
0.002,0.451,125.8
0.0,0.578,125.8
0.0,0.571,125.8
0.0,0.494,125.8
0.0,0.391,125.8
0.0,0.334,125.8
0.0,0.324,125.8
0.0,0.325,125.8
0.0,0.317,125.8
0.0,0.302,125.8
0.0,0.279,125.8
0.0,0.269,125.8
0.013,0.261,125.8
0.17,0.19,125.8
0.368,0.105,125.8
0.53,0.074,125.8
0.647,0.054,125.8
0.708,0.046,125.8
0.723,0.061,125.8
0.693,0.084,125.8
0.617,0.122,125.8
0.492,0.182,125.8
0.322,0.302,125.8
0.13,0.452,125.8
0.003,0.578,125.8
0.0,0.592,125.8
0.0,0.51,125.8
0.0,0.411,125.8
0.0,0.312,125.8
0.0,0.256,125.8
0.0,0.261,125.8
0.0,0.293,125.8
0.0,0.291,125.8
0.0,0.243,125.8
0.0,0.155,125.8
0.0,0.073,125.8
0.015,0.045,125.8
0.177,0.095,125.8
0.369,0.418,125.8
0.485,0.684,125.8
0.506,0.724,125.8
0.527,0.737,125.8
0.655,0.726,125.8
0.66,0.682,125.8
0.573,0.601,125.8
0.46,0.513,125.8
0.31,0.44,125.8
0.132,0.374,125.8
0.005,0.421,125.8
0.0,0.481,125.8
0.0,0.493,125.8
0.0,0.466,125.8
0.0,0.414,125.8
0.0,0.391,125.8
0.0,0.398,125.8
0.0,0.412,125.8
0.0,0.42,125.8
0.0,0.41,125.8
0.0,0.369,125.8
0.0,0.321,125.8
0.019,0.248,125.8
0.19,0.132,125.8
0.399,0.12,125.8
0.565,0.096,125.8
0.682,0.076,125.8
0.727,0.073,125.8
0.723,0.079,125.8
0.692,0.094,125.8
0.614,0.114,125.8
0.497,0.131,125.8
0.331,0.155,125.8
0.149,0.186,125.8
0.006,0.241,125.8
0.0,0.294,125.8
0.0,0.302,125.8
0.0,0.274,125.8
0.0,0.217,125.8
0.0,0.159,125.8
0.0,0.111,125.8
0.0,0.07,125.8
0.0,0.048,125.8
0.0,0.041,125.8
0.0,0.036,125.8
0.0,0.035,125.8
0.021,0.055,125.8
0.195,0.066,125.8
0.399,0.065,125.8
0.562,0.058,125.8
0.669,0.055,125.8
0.728,0.063,125.8
0.737,0.096,125.8
0.672,0.161,125.8
0.481,0.253,125.8
0.316,0.395,125.8
0.168,0.531,125.8
0.077,0.568,125.8
0.005,0.543,125.8
0.0,0.483,125.8
0.0,0.417,125.8
0.0,0.355,125.8
0.0,0.296,125.8
0.0,0.209,125.8
0.0,0.142,125.8
0.0,0.073,125.8
0.0,0.152,125.8
0.0,0.591,125.8
0.0,0.76,125.8
0.0,0.771,125.8
0.024,0.776,125.8
0.228,0.752,125.8
0.454,0.901,125.8
0.629,0.884,125.8
0.742,0.839,125.8
0.799,0.779,125.8
0.807,0.743,125.8
0.764,0.73,125.8
0.658,0.735,125.8
0.503,0.744,125.8
0.324,0.737,125.8
0.13,0.686,125.8
0.007,0.573,125.8
0.0,0.476,125.8
0.0,0.402,125.8
0.0,0.316,125.8
0.0,0.235,125.8
0.0,0.159,125.8
0.0,0.088,125.8
0.0,0.028,125.8
0.0,0.007,125.8
0.0,0.028,125.8
0.0,0.089,125.8
0.0,0.147,125.8
0.014,0.19,125.8
0.132,0.21,125.8
0.337,0.522,125.8
0.539,0.788,125.8
0.706,0.826,125.8
0.795,0.8,125.8
0.812,0.744,125.8
0.772,0.671,125.8
0.686,0.59,125.8
0.546,0.494,125.8
0.363,0.368,125.8
0.165,0.211,125.8
0.008,0.094,125.8
0.0,0.045,125.8
0.0,0.018,125.8
0.0,0.009,125.8
0.0,0.022,125.8
0.0,0.044,125.8
0.0,0.049,125.8
0.0,0.042,125.8
0.0,0.035,125.8
0.0,0.028,125.8
0.0,0.024,125.8
0.0,0.023,125.8
0.027,0.019,125.8
0.225,0.009,125.8
0.436,0.007,125.8
0.602,0.007,125.8
0.715,0.008,125.8
0.778,0.013,125.8
0.793,0.02,125.8
0.761,0.029,125.8
0.681,0.049,125.8
0.554,0.095,125.8
0.378,0.186,125.8
0.171,0.343,125.8
0.008,0.501,125.8
0.0,0.572,125.8
0.0,0.513,125.8
0.0,0.428,125.8
0.0,0.359,125.8
0.0,0.285,125.8
0.0,0.32,125.8
0.0,0.285,125.8
0.0,0.239,125.8
0.0,0.2,125.8
0.0,0.185,125.8
0.0,0.196,125.8
0.027,0.198,125.8
0.178,0.152,125.8
0.339,0.224,125.8
0.435,0.251,125.8
0.465,0.236,125.8
0.588,0.22,125.8
0.675,0.233,125.8
0.684,0.256,125.8
0.624,0.265,125.8
0.519,0.284,125.8
0.355,0.313,125.8
0.158,0.329,125.8
0.011,0.347,125.8
0.0,0.382,125.8
0.0,0.357,125.8
0.0,0.259,125.8
0.0,0.119,125.8
0.0,0.036,125.8
0.0,0.02,125.8
0.0,0.033,125.8
0.0,0.038,125.8
0.0,0.039,125.8
0.0,0.05,125.8
0.0,0.056,125.8
0.029,0.044,125.8
0.177,0.023,125.8
0.369,0.024,125.8
0.557,0.02,125.8
0.666,0.025,125.8
0.726,0.034,125.8
0.731,0.045,125.8
0.653,0.054,125.8
0.323,0.06,125.8
0.18,0.065,125.8
0.067,0.073,125.8
0.015,0.064,125.8
0.0,0.061,125.8
0.0,0.058,125.8
0.0,0.068,125.8
0.0,0.14,125.8
0.0,0.183,125.8
0.0,0.196,125.8
0.0,0.186,125.8
0.0,0.201,125.8
0.0,0.227,125.8
0.0,0.223,125.8
0.0,0.192,125.8
0.0,0.174,125.8
0.003,0.171,125.8
0.049,0.169,125.8
0.096,0.153,125.8
0.143,0.132,125.8
0.168,0.121,125.8
0.186,0.106,125.8
0.212,0.088,125.8
0.229,0.075,125.8
0.248,0.064,125.8
0.175,0.054,125.8
0.106,0.049,125.8
0.053,0.051,125.8
0.004,0.073,125.8
0.0,0.112,125.8
0.0,0.146,125.8
0.0,0.164,125.8
0.0,0.177,125.8
0.0,0.188,125.8
0.0,0.185,125.8
0.0,0.16,125.8
0.0,0.14,125.8
0.0,0.132,125.8
0.0,0.117,125.8
0.0,0.101,125.8
0.001,0.086,125.8
0.018,0.067,125.8
0.036,0.069,125.8
0.064,0.086,125.8
0.104,0.095,125.8
0.196,0.156,125.8
0.301,0.27,125.8
0.268,0.346,125.8
0.295,0.392,125.8
0.278,0.481,125.8
0.201,0.573,125.8
0.101,0.594,125.8
0.016,0.657,125.8
0.0,0.738,125.8
0.0,0.734,125.8
0.0,0.702,125.8
0.0,0.647,125.8
0.0,0.597,125.8
0.0,0.559,125.8
0.0,0.529,125.8
0.0,0.513,125.8
0.0,0.504,125.8
0.0,0.501,125.8
0.0,0.506,125.8
0.034,0.467,125.8
0.183,0.352,125.8
0.376,0.422,125.8
0.55,0.381,125.8
0.671,0.283,125.8
0.727,0.209,125.8
0.733,0.157,125.8
0.695,0.125,125.8
0.633,0.106,125.8
0.525,0.103,125.8
0.368,0.122,125.8
0.178,0.14,125.8
0.017,0.179,125.8
0.0,0.219,125.8
0.0,0.241,125.8
0.0,0.251,125.8
0.0,0.235,125.8
0.0,0.21,125.8
0.0,0.194,125.8
0.0,0.189,125.8
0.0,0.2,125.8
0.0,0.194,125.8
0.0,0.186,125.8
0.0,0.16,125.8
0.04,0.122,125.8
0.214,0.073,125.8
0.411,0.092,125.8
0.551,0.112,125.8
0.632,0.103,125.8
0.674,0.085,125.8
0.641,0.071,125.8
0.575,0.064,125.8
0.486,0.062,125.8
0.398,0.063,125.8
0.268,0.064,125.8
0.123,0.072,125.8
0.011,0.096,125.8
0.0,0.133,125.8
0.0,0.155,125.8
0.0,0.148,125.8
0.0,0.122,125.8
0.0,0.101,125.8
0.0,0.101,125.8
0.0,0.118,125.8
0.0,0.137,125.8
0.0,0.159,125.8
0.0,0.178,125.8
0.0,0.197,125.8
0.014,0.205,125.8
0.069,0.187,125.8
0.142,0.211,125.8
0.233,0.231,125.8
0.324,0.208,125.8
0.345,0.17,125.8
0.312,0.169,125.8
0.293,0.205,125.8
0.237,0.239,125.8
0.199,0.274,125.8
0.167,0.311,125.8
0.088,0.305,125.8
0.012,0.259,125.8
0.0,0.266,125.8
0.0,0.242,125.8
0.0,0.226,125.8
0.0,0.254,125.8
0.0,0.266,125.8
0.0,0.259,125.8
0.0,0.236,125.8
0.0,0.222,125.8
0.0,0.22,125.8
0.0,0.207,125.8
0.0,0.187,125.8
0.026,0.135,125.8
0.118,0.067,125.8
0.238,0.088,125.8
0.353,0.107,125.8
0.426,0.114,125.8
0.437,0.118,125.8
0.424,0.109,125.8
0.381,0.1,125.8
0.319,0.097,125.8
0.246,0.1,125.8
0.168,0.09,125.8
0.087,0.065,125.8
0.013,0.046,125.8
0.0,0.044,125.8
0.0,0.046,125.8
0.0,0.045,125.8
0.0,0.048,125.8
0.0,0.063,125.8
0.0,0.085,125.8
0.0,0.107,125.8
0.0,0.121,125.8
0.0,0.132,125.8
0.0,0.132,125.8
0.0,0.128,125.8
0.043,0.118,125.8
0.193,0.073,125.8
0.362,0.132,125.8
0.498,0.17,125.8
0.591,0.181,125.8
0.656,0.168,125.8
0.648,0.144,125.8
0.607,0.121,125.8
0.532,0.1,125.8
0.429,0.084,125.8
0.303,0.078,125.8
0.151,0.082,125.8
0.023,0.107,125.8
0.0,0.142,125.8
0.0,0.177,125.8
0.0,0.185,125.8
0.0,0.155,125.8
0.0,0.112,125.8
0.0,0.088,125.8
0.0,0.08,125.8
0.0,0.093,125.8
0.0,0.118,125.8
0.0,0.153,125.8
0.0,0.174,125.8
0.024,0.162,125.8
0.092,0.113,125.8
0.16,0.111,125.8
0.229,0.085,125.8
0.322,0.061,125.8
0.427,0.043,125.8
0.461,0.031,125.8
0.433,0.024,125.8
0.38,0.019,125.8
0.293,0.018,125.8
0.191,0.021,125.8
0.1,0.03,125.8
0.018,0.052,125.8
0.0,0.084,125.8
0.0,0.118,125.8
0.0,0.14,125.8
0.0,0.141,125.8
0.0,0.128,125.8
0.0,0.117,125.8
0.0,0.113,125.8
0.0,0.113,125.8
0.0,0.109,125.8
0.0,0.096,125.8
0.0,0.076,125.8
0.033,0.051,125.8
0.138,0.019,125.8
0.28,0.006,125.8
0.41,0.002,125.8
0.509,0.002,125.8
0.483,0.002,125.8
0.474,0.003,125.8
0.429,0.007,125.8
0.375,0.01,125.8
0.303,0.013,125.8
0.227,0.017,125.8
0.127,0.027,125.8
0.025,0.051,125.8
0.0,0.085,125.8
0.0,0.121,125.8
0.0,0.155,125.8
0.0,0.168,125.8
0.0,0.155,125.8
0.0,0.13,125.8
0.0,0.102,125.8
0.0,0.081,125.8
0.0,0.072,125.8
0.0,0.07,125.8
0.0,0.072,125.8
0.047,0.077,125.8
0.21,0.047,125.8
0.399,0.025,125.8
0.541,0.021,125.8
0.607,0.024,125.8
0.613,0.03,125.8
0.589,0.036,125.8
0.55,0.049,125.8
0.485,0.075,125.8
0.401,0.115,125.8
0.284,0.17,125.8
0.146,0.252,125.8
0.026,0.376,125.8
0.0,0.519,125.8
0.0,0.544,125.8
0.0,0.484,125.8
0.0,0.388,125.8
0.0,0.296,125.8
0.0,0.226,125.8
0.0,0.192,125.8
0.0,0.169,125.8
0.0,0.153,125.8
0.0,0.128,125.8
0.0,0.101,125.8
0.037,0.068,125.8
0.141,0.04,125.8
0.278,0.058,125.8
0.354,0.058,125.8
0.389,0.045,125.8
0.423,0.036,125.8
0.419,0.03,125.8
0.342,0.027,125.8
0.278,0.021,125.8
0.207,0.012,125.8
0.151,0.005,125.8
0.086,0.003,125.8
0.018,0.003,125.8
0.0,0.005,125.8
0.0,0.007,125.8
0.0,0.012,125.8
0.0,0.019,125.8
0.0,0.021,125.8
0.0,0.021,125.8
0.0,0.02,125.8
0.0,0.019,125.8
0.0,0.017,125.8
0.0,0.017,125.8
0.0,0.021,125.8
0.051,0.028,125.8
0.217,0.016,125.8
0.405,0.006,125.8
0.545,0.002,125.8
0.633,0.003,125.8
0.687,0.006,125.8
0.69,0.01,125.8
0.657,0.014,125.8
0.583,0.018,125.8
0.47,0.022,125.8
0.324,0.027,125.8
0.165,0.041,125.8
0.029,0.081,125.8
0.0,0.126,125.8
0.0,0.145,125.8
0.0,0.132,125.8
0.0,0.08,125.8
0.0,0.035,125.8
0.0,0.018,125.8
0.0,0.016,125.8
0.0,0.02,125.8
0.0,0.03,125.8
0.0,0.036,125.8
0.0,0.04,125.8
0.052,0.055,125.8
0.211,0.049,125.8
0.399,0.052,125.8
0.555,0.055,125.8
0.65,0.057,125.8
0.677,0.06,125.8
0.678,0.063,125.8
0.651,0.069,125.8
0.586,0.075,125.8
0.491,0.08,125.8
0.358,0.084,125.8
0.181,0.093,125.8
0.029,0.134,125.8
0.0,0.18,125.8
0.0,0.194,125.8
0.0,0.17,125.8
0.0,0.14,125.8
0.0,0.114,125.8
0.0,0.093,125.8
0.0,0.078,125.8
0.0,0.073,125.8
0.0,0.073,125.8
0.0,0.073,125.8
0.0,0.067,125.8
0.054,0.051,125.8
0.23,0.023,125.8
0.415,0.019,125.8
0.565,0.014,125.8
0.653,0.007,125.8
0.715,0.004,125.8
0.729,0.004,125.8
0.702,0.005,125.8
0.629,0.005,125.8
0.51,0.007,125.8
0.351,0.009,125.8
0.172,0.017,125.8
0.029,0.044,125.8
0.0,0.117,125.8
0.0,0.243,125.8
0.0,0.346,125.8
0.0,0.35,125.8
0.0,0.283,125.8
0.0,0.22,125.8
0.0,0.178,125.8
0.0,0.158,125.8
0.0,0.145,125.8
0.0,0.109,125.8
0.0,0.069,125.8
0.052,0.037,125.8
0.191,0.014,125.8
0.347,0.008,125.8
0.492,0.008,125.8
0.616,0.009,125.8
0.703,0.011,125.8
0.712,0.015,125.8
0.671,0.018,125.8
0.594,0.026,125.8
0.48,0.046,125.8
0.332,0.095,125.8
0.162,0.216,125.8
0.03,0.4,125.8
0.0,0.555,125.8
0.0,0.569,125.8
0.0,0.465,125.8
0.0,0.349,125.8
0.0,0.279,125.8
0.0,0.235,125.8
0.0,0.264,125.8
0.0,0.233,125.8
0.0,0.138,125.8
0.0,0.188,125.8
0.0,0.267,125.8
0.018,0.294,125.8
0.07,0.238,125.8
0.133,0.223,125.8
0.211,0.235,125.8
0.285,0.185,125.8
0.32,0.124,125.8
0.291,0.078,125.8
0.197,0.04,125.8
0.153,0.022,125.8
0.108,0.024,125.8
0.063,0.046,125.8
0.027,0.097,125.8
0.002,0.157,125.8
0.0,0.225,125.8
0.0,0.261,125.8
0.0,0.254,125.8
0.0,0.245,125.8
0.0,0.25,125.8
0.0,0.236,125.8
0.0,0.22,125.8
0.0,0.221,125.8
0.0,0.206,125.8
0.0,0.201,125.8
0.0,0.201,125.8
0.03,0.162,125.8
0.112,0.152,125.8
0.211,0.122,125.8
0.32,0.091,125.8
0.488,0.081,125.8
0.613,0.082,125.8
0.597,0.082,125.8
0.482,0.084,125.8
0.409,0.089,125.8
0.251,0.1,125.8
0.175,0.118,125.8
0.098,0.14,125.8
0.025,0.166,125.8
0.0,0.21,125.8
0.0,0.249,125.8
0.0,0.259,125.8
0.0,0.256,125.8
0.0,0.241,125.8
0.0,0.227,125.8
0.0,0.212,125.8
0.0,0.208,125.8
0.0,0.205,125.8
0.0,0.199,125.8
0.0,0.157,125.8
0.048,0.095,125.8
0.165,0.091,125.8
0.299,0.087,125.8
0.424,0.082,125.8
0.47,0.081,125.8
0.465,0.073,125.8
0.466,0.057,125.8
0.37,0.041,125.8
0.372,0.026,125.8
0.268,0.015,125.8
0.134,0.007,125.8
0.07,0.003,125.8
0.014,0.003,125.8
0.0,0.005,125.8
0.0,0.013,125.8
0.0,0.028,125.8
0.0,0.055,125.8
0.0,0.086,125.8
0.0,0.124,125.8
0.0,0.153,125.8
0.0,0.167,125.8
0.0,0.179,125.8
0.0,0.205,125.8
0.0,0.25,125.8
0.058,0.184,125.8
0.183,0.121,125.8
0.337,0.076,125.8
0.479,0.055,125.8
0.526,0.079,125.8
0.454,0.132,125.8
0.352,0.192,125.8
0.273,0.241,125.8
0.232,0.275,125.8
0.18,0.31,125.8
0.116,0.299,125.8
0.056,0.259,125.8
0.012,0.218,125.8
0.0,0.21,125.8
0.0,0.2,125.8
0.0,0.159,125.8
0.0,0.126,125.8
0.0,0.156,125.8
0.0,0.16,125.8
0.0,0.146,125.8
0.0,0.137,125.8
0.0,0.137,125.8
0.0,0.131,125.8
0.0,0.117,125.8
0.058,0.093,125.8
0.197,0.073,125.8
0.379,0.076,125.8
0.538,0.092,125.8
0.646,0.142,125.8
0.68,0.205,125.8
0.635,0.233,125.8
0.522,0.28,125.8
0.43,0.331,125.8
0.364,0.367,125.8
0.255,0.361,125.8
0.15,0.309,125.8
0.035,0.238,125.8
0.0,0.201,125.8
0.0,0.175,125.8
0.0,0.142,125.8
0.0,0.085,125.8
0.0,0.052,125.8
0.0,0.037,125.8
0.0,0.022,125.8
0.0,0.027,125.8
0.0,0.059,125.8
0.0,0.06,125.8
0.0,0.037,125.8
0.071,0.014,125.8
0.222,0.004,125.8
0.367,0.008,125.8
0.476,0.007,125.8
0.586,0.006,125.8
0.582,0.009,125.8
0.412,0.021,125.8
0.308,0.051,125.8
0.255,0.088,125.8
0.133,0.065,125.8
0.064,0.08,125.8
0.02,0.118,125.8
0.0,0.153,125.8
0.0,0.165,125.8
0.0,0.178,125.8
0.0,0.17,125.8
0.0,0.174,125.8
0.0,0.204,125.8
0.0,0.223,125.8
0.0,0.204,125.8
0.0,0.167,125.8
0.0,0.177,125.8
0.0,0.259,125.8
0.0,0.333,125.8
0.066,0.31,125.8
0.251,0.228,125.8
0.44,0.259,125.8
0.59,0.289,125.8
0.694,0.228,125.8
0.751,0.18,125.8
0.765,0.161,125.8
0.73,0.153,125.8
0.629,0.133,125.8
0.481,0.104,125.8
0.314,0.084,125.8
0.163,0.082,125.8
0.039,0.105,125.8
0.0,0.151,125.8
0.0,0.207,125.8
0.0,0.296,125.8
0.0,0.358,125.8
0.0,0.388,125.8
0.0,0.377,125.8
0.0,0.357,125.8
0.0,0.354,125.8
0.0,0.36,125.8
0.0,0.325,125.8
0.0,0.274,125.8
0.067,0.192,125.8
0.248,0.146,125.8
0.433,0.185,125.8
0.582,0.144,125.8
0.666,0.103,125.8
0.691,0.084,125.8
0.708,0.064,125.8
0.698,0.042,125.8
0.641,0.025,125.8
0.537,0.014,125.8
0.384,0.014,125.8
0.2,0.03,125.8
0.034,0.067,125.8
0.0,0.142,125.8
0.0,0.252,125.8
0.0,0.346,125.8
0.0,0.358,125.8
0.0,0.325,125.8
0.0,0.264,125.8
0.0,0.188,125.8
0.0,0.136,125.8
0.0,0.112,125.8
0.0,0.109,125.8
0.0,0.127,125.8
0.069,0.118,125.8
0.246,0.114,125.8
0.431,0.086,125.8
0.575,0.071,125.8
0.669,0.073,125.8
0.7,0.078,125.8
0.698,0.084,125.8
0.668,0.094,125.8
0.607,0.133,125.8
0.503,0.222,125.8
0.351,0.339,125.8
0.168,0.443,125.8
0.034,0.513,125.8
0.0,0.512,125.8
0.0,0.529,125.8
0.0,0.49,125.8
0.0,0.391,125.8
0.0,0.352,125.8
0.0,0.3,125.8
0.0,0.234,125.8
0.0,0.191,125.8
0.0,0.2,125.8
0.0,0.195,125.8
0.0,0.149,125.8
0.064,0.087,125.8
0.232,0.039,125.8
0.418,0.031,125.8
0.571,0.038,125.8
0.665,0.048,125.8
0.721,0.072,125.8
0.725,0.096,125.8
0.693,0.102,125.8
0.633,0.096,125.8
0.532,0.111,125.8
0.382,0.174,125.8
0.203,0.279,125.8
0.036,0.448,125.8
0.0,0.616,125.8
0.0,0.697,125.8
0.0,0.674,125.8
0.0,0.544,125.8
0.0,0.416,125.8
0.0,0.334,125.8
0.0,0.245,125.8
0.0,0.179,125.8
0.0,0.151,125.8
0.0,0.14,125.8
0.0,0.129,125.8
0.05,0.11,125.8
0.192,0.043,125.8
0.357,0.011,125.8
0.526,0.012,125.8
0.664,0.021,125.8
0.725,0.037,125.8
0.722,0.071,125.8
0.659,0.116,125.8
0.596,0.164,125.8
0.505,0.251,125.8
0.365,0.343,125.8
0.191,0.353,125.8
0.043,0.294,125.8
0.0,0.269,125.8
0.0,0.228,125.8
0.0,0.18,125.8
0.0,0.154,125.8
0.0,0.136,125.8
0.0,0.12,125.8
0.0,0.102,125.8
0.0,0.094,125.8
0.0,0.085,125.8
0.0,0.082,125.8
0.001,0.079,125.8
0.07,0.076,125.8
0.23,0.068,125.8
0.385,0.127,125.8
0.546,0.187,125.8
0.607,0.187,125.8
0.66,0.164,125.8
0.747,0.158,125.8
0.723,0.144,125.8
0.626,0.142,125.8
0.535,0.154,125.8
0.382,0.186,125.8
0.2,0.221,125.8
0.037,0.336,125.8
0.0,0.574,125.8
0.0,0.701,125.8
0.0,0.677,125.8
0.0,0.628,125.8
0.0,0.572,125.8
0.0,0.448,125.8
0.0,0.359,125.8
0.0,0.389,125.8
0.0,0.464,125.8
0.0,0.525,125.8
0.003,0.469,125.8
0.068,0.316,125.8
0.184,0.272,125.8
0.316,0.249,125.8
0.42,0.206,125.8
0.525,0.155,125.8
0.657,0.112,125.8
0.709,0.068,125.8
0.705,0.037,125.8
0.645,0.021,125.8
0.531,0.013,125.8
0.374,0.011,125.8
0.194,0.014,125.8
0.046,0.022,125.8
0.0,0.037,125.8
0.0,0.056,125.8
0.0,0.07,125.8
0.0,0.077,125.8
0.0,0.069,125.8
0.0,0.059,125.8
0.0,0.064,125.8
0.0,0.083,125.8
0.0,0.1,125.8
0.0,0.101,125.8
0.003,0.088,125.8
0.074,0.054,125.8
0.247,0.051,125.8
0.422,0.082,125.8
0.565,0.07,125.8
0.643,0.056,125.8
0.706,0.044,125.8
0.716,0.038,125.8
0.673,0.035,125.8
0.58,0.039,125.8
0.471,0.053,125.8
0.315,0.065,125.8
0.169,0.079,125.8
0.047,0.089,125.8
0.0,0.119,125.8
0.0,0.201,125.8
0.0,0.245,125.8
0.0,0.119,125.8
0.0,0.03,125.8
0.0,0.02,125.8
0.0,0.124,125.8
0.0,0.178,125.8
0.0,0.19,125.8
0.0,0.192,125.8
0.005,0.153,125.8
0.081,0.081,125.8
0.2,0.069,125.8
0.36,0.112,125.8
0.518,0.062,125.8
0.385,0.066,125.8
0.333,0.057,125.8
0.257,0.032,125.8
0.203,0.048,125.8
0.42,0.058,125.8
0.228,0.032,125.8
0.121,0.019,125.8
0.047,0.009,125.8
0.008,0.009,125.8
0.0,0.025,125.8
0.0,0.025,125.8
0.0,0.016,125.8
0.0,0.068,125.8
0.0,0.15,125.8
0.0,0.176,125.8
0.0,0.195,125.8
0.0,0.203,125.8
0.0,0.245,125.8
0.0,0.239,125.8
0.0,0.282,125.8
0.002,0.27,125.8
0.026,0.295,125.8
0.089,0.289,125.8
0.17,0.32,125.8
0.181,0.295,125.8
0.162,0.243,125.8
0.189,0.234,125.8
0.186,0.225,125.8
0.229,0.198,125.8
0.327,0.233,125.8
0.277,0.252,125.8
0.156,0.258,125.8
0.052,0.255,125.8
0.0,0.268,125.8
0.0,0.238,125.8
0.0,0.152,125.8
0.0,0.08,125.8
0.0,0.068,125.8
0.0,0.044,125.8
0.0,0.011,125.8
0.0,0.008,125.8
0.0,0.1,125.8
0.0,0.239,125.8
0.004,0.286,125.8
0.077,0.227,125.8
0.257,0.158,125.8
0.44,0.142,125.8
0.586,0.104,125.8
0.686,0.04,125.8
0.741,0.008,125.8
0.754,0.006,125.8
0.724,0.011,125.8
0.65,0.048,125.8
0.449,0.134,125.8
0.279,0.267,125.8
0.174,0.388,125.8
0.05,0.413,125.8
0.0,0.417,125.8
0.0,0.352,125.8
0.0,0.24,125.8
0.0,0.144,125.8
0.0,0.099,125.8
0.0,0.081,125.8
0.0,0.059,125.8
0.0,0.045,125.8
0.0,0.039,125.8
0.0,0.035,125.8
0.005,0.057,125.8
0.079,0.076,125.8
0.25,0.049,125.8
0.426,0.033,125.8
0.563,0.022,125.8
0.647,0.018,125.8
0.685,0.016,125.8
0.682,0.02,125.8
0.638,0.037,125.8
0.555,0.068,125.8
0.457,0.119,125.8
0.327,0.197,125.8
0.176,0.294,125.8
0.052,0.367,125.8
0.0,0.423,125.8
0.0,0.442,125.8
0.0,0.417,125.8
0.0,0.358,125.8
0.0,0.274,125.8
0.0,0.175,125.8
0.0,0.088,125.8
0.0,0.046,125.8
0.0,0.034,125.8
0.0,0.031,125.8
0.009,0.028,125.8
0.09,0.021,125.8
0.22,0.024,125.8
0.316,0.026,125.8
0.351,0.015,125.8
0.409,0.005,125.8
0.433,0.004,125.8
0.383,0.007,125.8
0.335,0.007,125.8
0.261,0.01,125.8
0.155,0.014,125.8
0.095,0.02,125.8
0.054,0.028,125.8
0.017,0.035,125.8
0.0,0.047,125.8
0.0,0.052,125.8
0.0,0.048,125.8
0.0,0.053,125.8
0.0,0.075,125.8
0.0,0.124,125.8
0.0,0.179,125.8
0.0,0.19,125.8
0.0,0.177,125.8
0.0,0.149,125.8
0.008,0.123,125.8
0.084,0.087,125.8
0.248,0.051,125.8
0.363,0.05,125.8
0.356,0.06,125.8
0.369,0.086,125.8
0.421,0.119,125.8
0.403,0.164,125.8
0.554,0.208,125.8
0.574,0.261,125.8
0.397,0.313,125.8
0.341,0.376,125.8
0.203,0.401,125.8
0.054,0.337,125.8
0.001,0.294,125.8
0.0,0.264,125.8
0.0,0.163,125.8
0.0,0.083,125.8
0.0,0.056,125.8
0.0,0.026,125.8
0.0,0.007,125.8
0.0,0.008,125.8
0.0,0.006,125.8
0.0,0.005,125.8
0.006,0.006,125.8
0.067,0.009,125.8
0.177,0.011,125.8
0.31,0.021,125.8
0.286,0.043,125.8
0.254,0.063,125.8
0.265,0.096,125.8
0.389,0.141,125.8
0.599,0.174,125.8
0.464,0.186,125.8
0.163,0.202,125.8
0.121,0.235,125.8
0.133,0.284,125.8
0.062,0.242,125.8
0.0,0.21,125.8
0.0,0.186,125.8
0.0,0.178,125.8
0.0,0.172,125.8
0.0,0.133,125.8
0.0,0.12,125.8
0.0,0.148,125.8
0.0,0.224,125.8
0.0,0.348,125.8
0.0,0.475,125.8
0.008,0.494,125.8
0.081,0.352,125.8
0.268,0.209,125.8
0.45,0.192,125.8
0.589,0.142,125.8
0.68,0.115,125.8
0.726,0.115,125.8
0.732,0.121,125.8
0.699,0.143,125.8
0.622,0.171,125.8
0.501,0.184,125.8
0.36,0.184,125.8
0.197,0.173,125.8
0.048,0.18,125.8
0.002,0.238,125.8
0.0,0.352,125.8
0.0,0.442,125.8
0.0,0.494,125.8
0.0,0.488,125.8
0.0,0.451,125.8
0.0,0.386,125.8
0.0,0.296,125.8
0.0,0.214,125.8
0.0,0.148,125.8
0.01,0.102,125.8
0.084,0.079,125.8
0.241,0.031,125.8
0.436,0.006,125.8
0.582,0.001,125.8
0.68,0.006,125.8
0.736,0.023,125.8
0.748,0.058,125.8
0.643,0.077,125.8
0.491,0.114,125.8
0.5,0.21,125.8
0.364,0.291,125.8
0.164,0.241,125.8
0.052,0.124,125.8
0.0,0.032,125.8
0.0,0.022,125.8
0.0,0.023,125.8
0.0,0.015,125.8
0.0,0.032,125.8
0.0,0.093,125.8
0.0,0.168,125.8
0.0,0.186,125.8
0.0,0.141,125.8
0.0,0.108,125.8
0.011,0.105,125.8
0.083,0.112,125.8
0.262,0.121,125.8
0.439,0.196,125.8
0.584,0.174,125.8
0.684,0.103,125.8
0.739,0.068,125.8
0.749,0.067,125.8
0.716,0.087,125.8
0.635,0.13,125.8
0.508,0.191,125.8
0.35,0.233,125.8
0.189,0.214,125.8
0.054,0.208,125.8
0.003,0.283,125.8
0.0,0.401,125.8
0.0,0.476,125.8
0.0,0.457,125.8
0.0,0.403,125.8
0.0,0.341,125.8
0.0,0.303,125.8
0.0,0.261,125.8
0.0,0.208,125.8
0.0,0.178,125.8
0.01,0.162,125.8
0.082,0.124,125.8
0.265,0.11,125.8
0.446,0.135,125.8
0.59,0.108,125.8
0.689,0.084,125.8
0.744,0.077,125.8
0.758,0.067,125.8
0.731,0.045,125.8
0.664,0.021,125.8
0.555,0.006,125.8
0.401,0.001,125.8
0.21,0.018,125.8
0.042,0.089,125.8
0.003,0.234,125.8
0.0,0.426,125.8
0.0,0.523,125.8
0.0,0.464,125.8
0.0,0.395,125.8
0.0,0.362,125.8
0.0,0.403,125.8
0.0,0.433,125.8
0.0,0.422,125.8
0.0,0.404,125.8
0.009,0.374,125.8
0.08,0.233,125.8
0.109,0.143,125.8
0.167,0.228,125.8
0.52,0.328,125.8
0.615,0.357,125.8
0.606,0.396,125.8
0.374,0.501,125.8
0.458,0.672,125.8
0.561,0.777,125.8
0.369,0.789,125.8
0.254,0.791,125.8
0.099,0.791,125.8
0.039,0.739,125.8
0.003,0.71,125.8
0.0,0.702,125.8
0.0,0.664,125.8
0.0,0.63,125.8
0.0,0.613,125.8
0.0,0.618,125.8
0.0,0.588,125.8
0.0,0.429,125.8
0.0,0.397,125.8
0.0,0.249,125.8
0.006,0.146,125.8
0.083,0.12,125.8
0.215,0.164,125.8
0.385,0.148,125.8
0.468,0.125,125.8
0.55,0.14,125.8
0.588,0.186,125.8
0.475,0.254,125.8
0.437,0.314,125.8
0.453,0.352,125.8
0.342,0.385,125.8
0.199,0.432,125.8
0.108,0.467,125.8
0.041,0.461,125.8
0.001,0.433,125.8
0.0,0.42,125.8
0.0,0.357,125.8
0.0,0.362,125.8
0.0,0.343,125.8
0.0,0.286,125.8
0.0,0.244,125.8
0.0,0.228,125.8
0.0,0.223,125.8
0.0,0.207,125.8
0.014,0.178,125.8
0.087,0.124,125.8
0.254,0.114,125.8
0.427,0.133,125.8
0.566,0.153,125.8
0.665,0.152,125.8
0.722,0.124,125.8
0.739,0.091,125.8
0.716,0.054,125.8
0.649,0.021,125.8
0.489,0.003,125.8
0.268,0.013,125.8
0.138,0.042,125.8
0.051,0.13,125.8
0.004,0.308,125.8
0.0,0.438,125.8
0.0,0.431,125.8
0.0,0.347,125.8
0.0,0.243,125.8
0.0,0.148,125.8
0.0,0.127,125.8
0.0,0.191,125.8
0.0,0.274,125.8
0.0,0.24,125.8
0.006,0.114,125.8
0.027,0.047,125.8
0.052,0.041,125.8
0.079,0.045,125.8
0.106,0.062,125.8
0.125,0.026,125.8
0.186,0.026,125.8
0.307,0.023,125.8
0.262,0.015,125.8
0.288,0.008,125.8
0.247,0.008,125.8
0.215,0.009,125.8
0.14,0.008,125.8
0.073,0.005,125.8
0.006,0.013,125.8
0.0,0.028,125.8
0.0,0.049,125.8
0.0,0.068,125.8
0.0,0.08,125.8
0.0,0.086,125.8
0.0,0.092,125.8
0.0,0.106,125.8
0.0,0.12,125.8
0.0,0.158,125.8
0.014,0.24,125.8
0.085,0.247,125.8
0.267,0.231,125.8
0.447,0.347,125.8
0.59,0.386,125.8
0.688,0.338,125.8
0.745,0.269,125.8
0.762,0.183,125.8
0.737,0.104,125.8
0.669,0.043,125.8
0.558,0.014,125.8
0.406,0.012,125.8
0.221,0.027,125.8
0.044,0.075,125.8
0.004,0.22,125.8
0.0,0.409,125.8
0.0,0.498,125.8
0.0,0.488,125.8
0.0,0.432,125.8
0.0,0.352,125.8
0.0,0.285,125.8
0.0,0.245,125.8
0.0,0.222,125.8
0.0,0.241,125.8
0.014,0.253,125.8
0.086,0.152,125.8
0.263,0.131,125.8
0.436,0.113,125.8
0.574,0.076,125.8
0.671,0.053,125.8
0.723,0.042,125.8
0.734,0.036,125.8
0.703,0.035,125.8
0.631,0.042,125.8
0.52,0.058,125.8
0.373,0.096,125.8
0.206,0.155,125.8
0.056,0.225,125.8
0.006,0.3,125.8
0.0,0.338,125.8
0.0,0.302,125.8
0.0,0.242,125.8
0.0,0.202,125.8
0.0,0.178,125.8
0.0,0.163,125.8
0.0,0.165,125.8
0.0,0.168,125.8
0.0,0.152,125.8
0.016,0.117,125.8
0.089,0.057,125.8
0.257,0.033,125.8
0.43,0.021,125.8
0.567,0.012,125.8
0.662,0.012,125.8
0.713,0.017,125.8
0.713,0.021,125.8
0.659,0.023,125.8
0.579,0.022,125.8
0.488,0.019,125.8
0.363,0.022,125.8
0.205,0.039,125.8
0.056,0.093,125.8
0.007,0.212,125.8
0.0,0.316,125.8
0.0,0.302,125.8
0.0,0.233,125.8
0.0,0.17,125.8
0.0,0.113,125.8
0.0,0.062,125.8
0.0,0.067,125.8
0.0,0.118,125.8
0.0,0.135,125.8
0.017,0.127,125.8
0.089,0.093,125.8
0.242,0.079,125.8
0.395,0.07,125.8
0.538,0.068,125.8
0.65,0.059,125.8
0.709,0.039,125.8
0.722,0.021,125.8
0.695,0.008,125.8
0.628,0.003,125.8
0.52,0.003,125.8
0.375,0.006,125.8
0.207,0.01,125.8
0.057,0.018,125.8
0.008,0.031,125.8
0.0,0.065,125.8
0.0,0.113,125.8
0.0,0.155,125.8
0.0,0.172,125.8
0.0,0.164,125.8
0.0,0.141,125.8
0.0,0.112,125.8
0.0,0.1,125.8
0.0,0.111,125.8
0.017,0.105,125.8
0.093,0.055,125.8
0.213,0.036,125.8
0.345,0.03,125.8
0.468,0.025,125.8
0.505,0.023,125.8
0.461,0.024,125.8
0.417,0.022,125.8
0.409,0.022,125.8
0.439,0.026,125.8
0.419,0.029,125.8
0.33,0.029,125.8
0.202,0.039,125.8
0.068,0.07,125.8
0.01,0.128,125.8
0.0,0.183,125.8
0.0,0.227,125.8
0.0,0.279,125.8
0.0,0.334,125.8
0.0,0.417,125.8
0.0,0.492,125.8
0.0,0.504,125.8
0.0,0.41,125.8
0.0,0.314,125.8
0.012,0.245,125.8
0.082,0.165,125.8
0.224,0.144,125.8
0.405,0.122,125.8
0.551,0.095,125.8
0.641,0.075,125.8
0.694,0.059,125.8
0.709,0.042,125.8
0.686,0.03,125.8
0.629,0.025,125.8
0.53,0.023,125.8
0.39,0.024,125.8
0.217,0.032,125.8
0.056,0.049,125.8
0.01,0.089,125.8
0.0,0.171,125.8
0.0,0.268,125.8
0.0,0.315,125.8
0.0,0.283,125.8
0.0,0.242,125.8
0.0,0.225,125.8
0.0,0.236,125.8
0.0,0.223,125.8
0.0,0.194,125.8
0.008,0.166,125.8
0.067,0.104,125.8
0.162,0.076,125.8
0.262,0.039,125.8
0.377,0.007,125.8
0.543,0.003,125.8
0.668,0.007,125.8
0.679,0.009,125.8
0.652,0.008,125.8
0.6,0.009,125.8
0.512,0.011,125.8
0.378,0.013,125.8
0.215,0.019,125.8
0.063,0.041,125.8
0.011,0.09,125.8
0.0,0.168,125.8
0.0,0.235,125.8
0.0,0.241,125.8
0.0,0.184,125.8
0.0,0.115,125.8
0.0,0.077,125.8
0.0,0.068,125.8
0.0,0.059,125.8
0.0,0.05,125.8
0.018,0.041,125.8
0.09,0.016,125.8
0.254,0.011,125.8
0.418,0.009,125.8
0.555,0.006,125.8
0.649,0.004,125.8
0.7,0.003,125.8
0.714,0.001,125.8
0.686,0.001,125.8
0.62,0.005,125.8
0.512,0.014,125.8
0.368,0.02,125.8
0.204,0.026,125.8
0.062,0.051,125.8
0.01,0.122,125.8
0.0,0.248,125.8
0.0,0.338,125.8
0.0,0.329,125.8
0.0,0.25,125.8
0.0,0.159,125.8
0.0,0.111,125.8
0.0,0.139,125.8
0.0,0.165,125.8
0.0,0.149,125.8
0.006,0.103,125.8
0.041,0.046,125.8
0.082,0.02,125.8
0.146,0.011,125.8
0.218,0.006,125.8
0.267,0.005,125.8
0.32,0.003,125.8
0.369,0.002,125.8
0.419,0.006,125.8
0.442,0.012,125.8
0.387,0.017,125.8
0.296,0.017,125.8
0.188,0.013,125.8
0.077,0.01,125.8
0.011,0.007,125.8
0.0,0.007,125.8
0.0,0.008,125.8
0.0,0.006,125.8
0.0,0.008,125.8
0.0,0.011,125.8
0.0,0.013,125.8
0.0,0.011,125.8
0.0,0.009,125.8
0.0,0.008,125.8
0.019,0.017,125.8
0.09,0.023,125.8
0.245,0.012,125.8
0.41,0.004,125.8
0.544,0.003,125.8
0.638,0.004,125.8
0.692,0.005,125.8
0.706,0.006,125.8
0.684,0.01,125.8
0.618,0.021,125.8
0.51,0.041,125.8
0.366,0.061,125.8
0.207,0.079,125.8
0.059,0.108,125.8
0.011,0.173,125.8
0.0,0.278,125.8
0.0,0.334,125.8
0.0,0.301,125.8
0.0,0.208,125.8
0.0,0.112,125.8
0.0,0.046,125.8
0.0,0.019,125.8
0.0,0.019,125.8
0.0,0.034,125.8
0.019,0.044,125.8
0.089,0.024,125.8
0.249,0.009,125.8
0.406,0.006,125.8
0.543,0.005,125.8
0.64,0.007,125.8
0.693,0.011,125.8
0.707,0.015,125.8
0.682,0.026,125.8
0.619,0.048,125.8
0.506,0.091,125.8
0.357,0.158,125.8
0.197,0.245,125.8
0.067,0.315,125.8
0.01,0.372,125.8
0.0,0.423,125.8
0.0,0.45,125.8
0.0,0.41,125.8
0.0,0.251,125.8
0.0,0.114,125.8
0.0,0.061,125.8
0.0,0.064,125.8
0.0,0.055,125.8
0.0,0.047,125.8
0.02,0.054,125.8
0.093,0.045,125.8
0.23,0.056,125.8
0.367,0.073,125.8
0.487,0.068,125.8
0.583,0.068,125.8
0.62,0.09,125.8
0.624,0.131,125.8
0.58,0.184,125.8
0.513,0.245,125.8
0.415,0.301,125.8
0.317,0.346,125.8
0.192,0.376,125.8
0.072,0.367,125.8
0.012,0.328,125.8
0.0,0.292,125.8
0.0,0.245,125.8
0.0,0.187,125.8
0.0,0.161,125.8
0.0,0.164,125.8
0.0,0.159,125.8
0.0,0.149,125.8
0.0,0.139,125.8
0.0,0.122,125.8
0.021,0.086,125.8
0.091,0.035,125.8
0.252,0.007,125.8
0.413,0.003,125.8
0.543,0.003,125.8
0.633,0.005,125.8
0.681,0.006,125.8
0.683,0.005,125.8
0.649,0.007,125.8
0.576,0.011,125.8
0.466,0.017,125.8
0.335,0.027,125.8
0.191,0.047,125.8
0.069,0.093,125.8
0.011,0.178,125.8
0.0,0.254,125.8
0.0,0.255,125.8
0.0,0.207,125.8
0.0,0.16,125.8
0.0,0.124,125.8
0.0,0.092,125.8
0.0,0.059,125.8
0.0,0.031,125.8
0.0,0.012,125.8
0.007,0.006,125.8
0.054,0.005,125.8
0.118,0.009,125.8
0.202,0.016,125.8
0.333,0.021,125.8
0.403,0.03,125.8
0.448,0.038,125.8
0.468,0.045,125.8
0.455,0.055,125.8
0.398,0.069,125.8
0.319,0.079,125.8
0.219,0.09,125.8
0.088,0.112,125.8
0.025,0.13,125.8
0.0,0.141,125.8
0.0,0.14,125.8
0.0,0.131,125.8
0.0,0.12,125.8
0.0,0.117,125.8
0.0,0.126,125.8
0.0,0.137,125.8
0.0,0.136,125.8
0.0,0.117,125.8
0.0,0.082,125.8
0.011,0.047,125.8
0.068,0.023,125.8
0.145,0.026,125.8
0.196,0.03,125.8
0.257,0.027,125.8
0.332,0.029,125.8
0.384,0.035,125.8
0.401,0.04,125.8
0.376,0.045,125.8
0.299,0.049,125.8
0.221,0.052,125.8
0.148,0.055,125.8
0.092,0.063,125.8
0.033,0.068,125.8
0.0,0.062,125.8
0.0,0.047,125.8
0.0,0.036,125.8
0.0,0.034,125.8
0.0,0.03,125.8
0.0,0.031,125.8
0.0,0.045,125.8
0.0,0.051,125.8
0.0,0.041,125.8
0.0,0.025,125.8
0.019,0.013,125.8
0.095,0.005,125.8
0.218,0.003,125.8
0.349,0.004,125.8
0.473,0.004,125.8
0.551,0.004,125.8
0.577,0.003,125.8
0.541,0.003,125.8
0.49,0.005,125.8
0.429,0.009,125.8
0.343,0.017,125.8
0.25,0.03,125.8
0.149,0.04,125.8
0.066,0.032,125.8
0.008,0.058,125.8
0.0,0.153,125.8
0.0,0.289,125.8
0.0,0.32,125.8
0.0,0.222,125.8
0.0,0.087,125.8
0.0,0.021,125.8
0.0,0.01,125.8
0.0,0.009,125.8
0.0,0.011,125.8
0.021,0.024,125.8
0.092,0.029,125.8
0.212,0.034,125.8
0.336,0.049,125.8
0.472,0.061,125.8
0.6,0.059,125.8
0.637,0.043,125.8
0.623,0.026,125.8
0.58,0.015,125.8
0.496,0.011,125.8
0.403,0.009,125.8
0.296,0.009,125.8
0.184,0.011,125.8
0.074,0.013,125.8
0.013,0.035,125.8
0.0,0.074,125.8
0.0,0.114,125.8
0.0,0.144,125.8
0.0,0.145,125.8
0.0,0.121,125.8
0.0,0.105,125.8
0.0,0.116,125.8
0.0,0.137,125.8
0.0,0.147,125.8
0.023,0.127,125.8
0.093,0.064,125.8
0.206,0.035,125.8
0.304,0.027,125.8
0.353,0.019,125.8
0.4,0.011,125.8
0.461,0.007,125.8
0.514,0.002,125.8
0.546,0.002,125.8
0.494,0.002,125.8
0.408,0.002,125.8
0.304,0.002,125.8
0.187,0.007,125.8
0.076,0.025,125.8
0.014,0.09,125.8
0.0,0.204,125.8
0.0,0.291,125.8
0.0,0.269,125.8
0.0,0.183,125.8
0.0,0.104,125.8
0.0,0.058,125.8
0.0,0.042,125.8
0.0,0.037,125.8
0.0,0.03,125.8
0.022,0.024,125.8
0.091,0.011,125.8
0.228,0.003,125.8
0.385,0.001,125.8
0.52,0.001,125.8
0.617,0.002,125.8
0.668,0.008,125.8
0.682,0.018,125.8
0.667,0.024,125.8
0.604,0.031,125.8
0.503,0.043,125.8
0.348,0.073,125.8
0.168,0.124,125.8
0.068,0.199,125.8
0.012,0.343,125.8
0.0,0.471,125.8
0.0,0.498,125.8
0.0,0.447,125.8
0.0,0.368,125.8
0.0,0.307,125.8
0.0,0.276,125.8
0.0,0.244,125.8
0.0,0.179,125.8
0.0,0.118,125.8
0.021,0.093,125.8
0.086,0.071,125.8
0.246,0.033,125.8
0.403,0.032,125.8
0.532,0.033,125.8
0.625,0.035,125.8
0.677,0.038,125.8
0.691,0.036,125.8
0.668,0.026,125.8
0.608,0.014,125.8
0.508,0.005,125.8
0.372,0.002,125.8
0.211,0.001,125.8
0.058,0.002,125.8
0.013,0.042,125.8
0.0,0.174,125.8
0.0,0.292,125.8
0.0,0.317,125.8
0.0,0.274,125.8
0.0,0.213,125.8
0.0,0.192,125.8
0.0,0.22,125.8
0.0,0.291,125.8
0.0,0.301,125.8
0.021,0.224,125.8
0.087,0.136,125.8
0.248,0.159,125.8
0.408,0.161,125.8
0.537,0.166,125.8
0.621,0.164,125.8
0.674,0.143,125.8
0.688,0.112,125.8
0.658,0.083,125.8
0.596,0.058,125.8
0.497,0.045,125.8
0.37,0.044,125.8
0.211,0.061,125.8
0.063,0.096,125.8
0.014,0.193,125.8
0.0,0.332,125.8
0.0,0.449,125.8
0.0,0.498,125.8
0.0,0.441,125.8
0.0,0.381,125.8
0.0,0.346,125.8
0.0,0.313,125.8
0.0,0.282,125.8
0.0,0.25,125.8
0.022,0.174,125.8
0.09,0.097,125.8
0.241,0.077,125.8
0.392,0.058,125.8
0.521,0.049,125.8
0.617,0.043,125.8
0.676,0.035,125.8
0.68,0.029,125.8
0.658,0.026,125.8
0.596,0.024,125.8
0.497,0.02,125.8
0.362,0.018,125.8
0.207,0.016,125.8
0.067,0.013,125.8
0.014,0.014,125.8
0.0,0.016,125.8
0.0,0.033,125.8
0.0,0.078,125.8
0.0,0.112,125.8
0.0,0.113,125.8
0.0,0.101,125.8
0.0,0.078,125.8
0.0,0.059,125.8
0.0,0.04,125.8
0.025,0.024,125.8
0.098,0.009,125.8
0.23,0.009,125.8
0.359,0.005,125.8
0.445,0.004,125.8
0.483,0.009,125.8
0.471,0.022,125.8
0.466,0.036,125.8
0.423,0.05,125.8
0.384,0.06,125.8
0.326,0.063,125.8
0.212,0.064,125.8
0.129,0.083,125.8
0.05,0.136,125.8
0.002,0.2,125.8
0.0,0.209,125.8
0.0,0.178,125.8
0.0,0.151,125.8
0.0,0.142,125.8
0.0,0.119,125.8
0.0,0.063,125.8
0.0,0.042,125.8
0.0,0.042,125.8
0.0,0.046,125.8
0.009,0.064,125.8
0.073,0.045,125.8
0.165,0.027,125.8
0.273,0.018,125.8
0.366,0.008,125.8
0.452,0.003,125.8
0.556,0.005,125.8
0.625,0.005,125.8
0.594,0.004,125.8
0.534,0.006,125.8
0.451,0.008,125.8
0.339,0.008,125.8
0.201,0.009,125.8
0.075,0.023,125.8
0.016,0.057,125.8
0.0,0.103,125.8
0.0,0.144,125.8
0.0,0.146,125.8
0.0,0.115,125.8
0.0,0.083,125.8
0.0,0.065,125.8
0.0,0.063,125.8
0.0,0.068,125.8
0.0,0.07,125.8
0.023,0.052,125.8
0.09,0.018,125.8
0.23,0.013,125.8
0.37,0.015,125.8
0.442,0.019,125.8
0.548,0.013,125.8
0.646,0.007,125.8
0.671,0.008,125.8
0.647,0.016,125.8
0.588,0.03,125.8
0.492,0.044,125.8
0.36,0.057,125.8
0.206,0.076,125.8
0.069,0.107,125.8
0.015,0.174,125.8
0.0,0.284,125.8
0.0,0.355,125.8
0.0,0.354,125.8
0.0,0.291,125.8
0.0,0.218,125.8
0.0,0.161,125.8
0.0,0.123,125.8
0.0,0.096,125.8
0.0,0.073,125.8
0.017,0.055,125.8
0.07,0.036,125.8
0.153,0.018,125.8
0.296,0.012,125.8
0.461,0.021,125.8
0.579,0.058,125.8
0.643,0.102,125.8
0.66,0.096,125.8
0.602,0.069,125.8
0.439,0.051,125.8
0.31,0.046,125.8
0.184,0.057,125.8
0.088,0.087,125.8
0.029,0.136,125.8
0.005,0.165,125.8
0.0,0.203,125.8
0.0,0.253,125.8
0.0,0.255,125.8
0.0,0.241,125.8
0.0,0.226,125.8
0.0,0.192,125.8
0.0,0.114,125.8
0.0,0.045,125.8
0.0,0.058,125.8
0.009,0.048,125.8
0.079,0.019,125.8
0.194,0.045,125.8
0.178,0.328,125.8
0.098,0.309,125.8
0.118,0.028,125.8
0.322,0.01,125.8
0.54,0.008,125.8
0.534,0.015,125.8
0.35,0.04,125.8
0.312,0.099,125.8
0.193,0.287,125.8
0.035,0.231,125.8
0.041,0.125,125.8
0.0,0.211,125.8
0.0,0.288,125.8
0.0,0.272,125.8
0.0,0.191,125.8
0.0,0.125,125.8
0.0,0.115,125.8
0.0,0.146,125.8
0.0,0.17,125.8
0.0,0.154,125.8
0.0,0.137,125.8
0.023,0.112,125.8
0.092,0.074,125.8
0.226,0.061,125.8
0.371,0.048,125.8
0.497,0.05,125.8
0.568,0.055,125.8
0.604,0.065,125.8
0.617,0.079,125.8
0.615,0.1,125.8
0.563,0.131,125.8
0.46,0.192,125.8
0.347,0.289,125.8
0.204,0.414,125.8
0.073,0.519,125.8
0.015,0.544,125.8
0.0,0.538,125.8
0.0,0.501,125.8
0.0,0.4,125.8
0.0,0.326,125.8
0.0,0.264,125.8
0.0,0.248,125.8
0.0,0.243,125.8
0.0,0.24,125.8
0.0,0.234,125.8
0.022,0.205,125.8
0.086,0.133,125.8
0.244,0.12,125.8
0.402,0.131,125.8
0.532,0.128,125.8
0.624,0.11,125.8
0.674,0.106,125.8
0.687,0.125,125.8
0.665,0.163,125.8
0.597,0.214,125.8
0.499,0.266,125.8
0.362,0.334,125.8
0.215,0.401,125.8
0.066,0.452,125.8
0.015,0.466,125.8
0.0,0.488,125.8
0.0,0.454,125.8
0.0,0.325,125.8
0.0,0.223,125.8
0.0,0.203,125.8
0.0,0.205,125.8
0.0,0.197,125.8
0.0,0.184,125.8
0.0,0.173,125.8
0.026,0.137,125.8
0.096,0.059,125.8
0.212,0.035,125.8
0.313,0.024,125.8
0.394,0.017,125.8
0.465,0.019,125.8
0.556,0.017,125.8
0.308,0.016,125.8
0.213,0.035,125.8
0.179,0.069,125.8
0.301,0.117,125.8
0.359,0.17,125.8
0.218,0.187,125.8
0.074,0.206,125.8
0.017,0.276,125.8
0.0,0.355,125.8
0.0,0.361,125.8
0.0,0.335,125.8
0.0,0.282,125.8
0.0,0.22,125.8
0.0,0.166,125.8
0.0,0.116,125.8
0.0,0.077,125.8
0.0,0.058,125.8
0.021,0.057,125.8
0.084,0.047,125.8
0.248,0.073,125.8
0.409,0.1,125.8
0.539,0.101,125.8
0.626,0.097,125.8
0.678,0.11,125.8
0.687,0.154,125.8
0.665,0.245,125.8
0.594,0.37,125.8
0.482,0.515,125.8
0.358,0.619,125.8
0.213,0.629,125.8
0.07,0.55,125.8
0.015,0.437,125.8
0.0,0.266,125.8
0.0,0.174,125.8
0.0,0.091,125.8
0.0,0.028,125.8
0.0,0.053,125.8
0.0,0.053,125.8
0.0,0.038,125.8
0.0,0.031,125.8
0.0,0.04,125.8
0.022,0.055,125.8
0.086,0.038,125.8
0.246,0.032,125.8
0.408,0.041,125.8
0.539,0.042,125.8
0.633,0.032,125.8
0.687,0.017,125.8
0.704,0.008,125.8
0.678,0.006,125.8
0.615,0.007,125.8
0.511,0.011,125.8
0.374,0.018,125.8
0.215,0.033,125.8
0.066,0.068,125.8
0.014,0.155,125.8
0.0,0.28,125.8
0.0,0.315,125.8
0.0,0.267,125.8
0.0,0.215,125.8
0.0,0.189,125.8
0.0,0.175,125.8
0.0,0.163,125.8
0.0,0.148,125.8
0.0,0.121,125.8
0.022,0.077,125.8
0.085,0.03,125.8
0.245,0.006,125.8
0.403,0.007,125.8
0.525,0.011,125.8
0.605,0.01,125.8
0.657,0.007,125.8
0.662,0.004,125.8
0.635,0.003,125.8
0.574,0.004,125.8
0.476,0.005,125.8
0.34,0.006,125.8
0.199,0.006,125.8
0.072,0.01,125.8
0.014,0.026,125.8
0.0,0.06,125.8
0.0,0.1,125.8
0.0,0.131,125.8
0.0,0.148,125.8
0.0,0.142,125.8
0.0,0.117,125.8
0.0,0.08,125.8
0.0,0.057,125.8
0.0,0.033,125.8
0.023,0.016,125.8
0.088,0.003,125.8
0.233,0.018,125.8
0.349,0.046,125.8
0.453,0.046,125.8
0.582,0.036,125.8
0.651,0.028,125.8
0.649,0.025,125.8
0.572,0.021,125.8
0.49,0.021,125.8
0.411,0.022,125.8
0.307,0.021,125.8
0.184,0.038,125.8
0.065,0.027,125.8
0.007,0.007,125.8
0.0,0.017,125.8
0.0,0.029,125.8
0.0,0.017,125.8
0.0,0.012,125.8
0.0,0.016,125.8
0.0,0.019,125.8
0.0,0.014,125.8
0.0,0.019,125.8
0.0,0.053,125.8
0.023,0.093,125.8
0.087,0.085,125.8
0.233,0.09,125.8
0.38,0.084,125.8
0.505,0.067,125.8
0.605,0.049,125.8
0.661,0.039,125.8
0.67,0.035,125.8
0.631,0.032,125.8
0.549,0.03,125.8
0.453,0.033,125.8
0.272,0.041,125.8
0.163,0.043,125.8
0.073,0.041,125.8
0.012,0.046,125.8
0.0,0.071,125.8
0.0,0.106,125.8
0.0,0.153,125.8
0.0,0.183,125.8
0.0,0.2,125.8
0.0,0.213,125.8
0.0,0.243,125.8
0.0,0.3,125.8
0.0,0.344,125.8
0.022,0.298,125.8
0.084,0.178,125.8
0.232,0.212,125.8
0.362,0.219,125.8
0.447,0.23,125.8
0.579,0.258,125.8
0.651,0.316,125.8
0.667,0.396,125.8
0.639,0.479,125.8
0.58,0.539,125.8
0.495,0.596,125.8
0.359,0.663,125.8
0.214,0.714,125.8
0.074,0.711,125.8
0.008,0.71,125.8
0.0,0.72,125.8
0.0,0.638,125.8
0.0,0.527,125.8
0.0,0.416,125.8
0.0,0.364,125.8
0.0,0.343,125.8
0.0,0.314,125.8
0.0,0.274,125.8
0.0,0.238,125.8
0.021,0.196,125.8
0.081,0.135,125.8
0.245,0.136,125.8
0.41,0.102,125.8
0.541,0.072,125.8
0.636,0.049,125.8
0.688,0.039,125.8
0.7,0.031,125.8
0.676,0.019,125.8
0.616,0.01,125.8
0.515,0.011,125.8
0.38,0.031,125.8
0.218,0.074,125.8
0.065,0.156,125.8
0.014,0.306,125.8
0.0,0.431,125.8
0.0,0.443,125.8
0.0,0.362,125.8
0.0,0.235,125.8
0.0,0.164,125.8
0.0,0.122,125.8
0.0,0.108,125.8
0.0,0.122,125.8
0.0,0.16,125.8
0.019,0.184,125.8
0.079,0.127,125.8
0.249,0.089,125.8
0.412,0.083,125.8
0.544,0.08,125.8
0.638,0.071,125.8
0.69,0.057,125.8
0.703,0.041,125.8
0.677,0.029,125.8
0.61,0.021,125.8
0.51,0.02,125.8
0.376,0.029,125.8
0.215,0.061,125.8
0.065,0.145,125.8
0.013,0.319,125.8
0.0,0.46,125.8
0.0,0.451,125.8
0.0,0.323,125.8
0.0,0.208,125.8
0.0,0.132,125.8
0.0,0.086,125.8
0.0,0.073,125.8
0.0,0.061,125.8
0.0,0.051,125.8
0.022,0.045,125.8
0.086,0.018,125.8
0.219,0.011,125.8
0.387,0.013,125.8
0.532,0.012,125.8
0.628,0.011,125.8
0.681,0.005,125.8
0.696,0.003,125.8
0.673,0.002,125.8
0.612,0.002,125.8
0.512,0.002,125.8
0.377,0.007,125.8
0.206,0.02,125.8
0.069,0.051,125.8
0.013,0.137,125.8
0.0,0.245,125.8
0.0,0.305,125.8
0.0,0.289,125.8
0.0,0.192,125.8
0.0,0.119,125.8
0.0,0.09,125.8
0.0,0.083,125.8
0.0,0.091,125.8
0.0,0.086,125.8
0.019,0.072,125.8
0.094,0.038,125.8
0.229,0.027,125.8
0.384,0.019,125.8
0.515,0.009,125.8
0.608,0.001,125.8
0.64,0.001,125.8
0.619,0.003,125.8
0.554,0.005,125.8
0.424,0.008,125.8
0.191,0.018,125.8
0.097,0.008,125.8
0.048,0.047,125.8
0.01,0.072,125.8
0.0,0.02,125.8
0.0,0.009,125.8
0.0,0.018,125.8
0.0,0.042,125.8
0.0,0.065,125.8
0.0,0.065,125.8
0.0,0.057,125.8
0.0,0.047,125.8
0.0,0.036,125.8
0.0,0.026,125.8
0.025,0.013,125.8
0.093,0.016,125.8
0.239,0.025,125.8
0.268,0.005,125.8
0.174,0.002,125.8
0.193,0.004,125.8
0.188,0.006,125.8
0.153,0.01,125.8
0.152,0.019,125.8
0.167,0.035,125.8
0.226,0.032,125.8
0.281,0.012,125.8
0.195,0.006,125.8
0.084,0.009,125.8
0.014,0.02,125.8
0.0,0.035,125.8
0.0,0.058,125.8
0.0,0.077,125.8
0.0,0.116,125.8
0.0,0.16,125.8
0.0,0.187,125.8
0.0,0.188,125.8
0.0,0.158,125.8
0.0,0.113,125.8
0.019,0.077,125.8
0.078,0.036,125.8
0.243,0.028,125.8
0.404,0.016,125.8
0.536,0.014,125.8
0.629,0.016,125.8
0.68,0.011,125.8
0.693,0.009,125.8
0.668,0.015,125.8
0.607,0.036,125.8
0.509,0.062,125.8
0.375,0.089,125.8
0.216,0.122,125.8
0.065,0.155,125.8
0.012,0.173,125.8
0.0,0.192,125.8
0.0,0.169,125.8
0.0,0.121,125.8
0.0,0.074,125.8
0.0,0.049,125.8
0.0,0.039,125.8
0.0,0.035,125.8
0.0,0.025,125.8
0.0,0.012,125.8
0.021,0.007,125.8
0.082,0.003,125.8
0.24,0.007,125.8
0.398,0.011,125.8
0.523,0.009,125.8
0.608,0.009,125.8
0.659,0.015,125.8
0.668,0.035,125.8
0.63,0.072,125.8
0.549,0.141,125.8
0.424,0.237,125.8
0.285,0.344,125.8
0.156,0.425,125.8
0.058,0.435,125.8
0.005,0.374,125.8
0.0,0.355,125.8
0.0,0.309,125.8
0.0,0.251,125.8
0.0,0.202,125.8
0.0,0.194,125.8
0.0,0.193,125.8
0.0,0.179,125.8
0.0,0.152,125.8
0.0,0.111,125.8
0.019,0.069,125.8
0.078,0.034,125.8
0.239,0.043,125.8
0.396,0.036,125.8
0.524,0.034,125.8
0.609,0.038,125.8
0.658,0.048,125.8
0.669,0.063,125.8
0.641,0.08,125.8
0.579,0.099,125.8
0.484,0.116,125.8
0.353,0.145,125.8
0.205,0.201,125.8
0.069,0.265,125.8
0.012,0.266,125.8
0.0,0.239,125.8
0.0,0.153,125.8
0.0,0.061,125.8
0.0,0.02,125.8
0.0,0.018,125.8
0.0,0.026,125.8
0.0,0.036,125.8
0.0,0.05,125.8
0.0,0.068,125.8
0.018,0.068,125.8
0.057,0.028,125.8
0.134,0.024,125.8
0.266,0.031,125.8
0.453,0.027,125.8
0.558,0.02,125.8
0.616,0.019,125.8
0.623,0.034,125.8
0.573,0.066,125.8
0.47,0.139,125.8
0.442,0.311,125.8
0.333,0.556,125.8
0.197,0.615,125.8
0.076,0.437,125.8
0.01,0.294,125.8
0.0,0.243,125.8
0.0,0.252,125.8
0.0,0.268,125.8
0.0,0.302,125.8
0.0,0.328,125.8
0.0,0.328,125.8
0.0,0.325,125.8
0.0,0.315,125.8
0.0,0.302,125.8
0.017,0.27,125.8
0.074,0.175,125.8
0.251,0.131,125.8
0.42,0.133,125.8
0.555,0.131,125.8
0.648,0.117,125.8
0.7,0.088,125.8
0.713,0.061,125.8
0.687,0.038,125.8
0.625,0.02,125.8
0.523,0.009,125.8
0.385,0.007,125.8
0.22,0.005,125.8
0.063,0.007,125.8
0.01,0.03,125.8
0.0,0.089,125.8
0.0,0.165,125.8
0.0,0.213,125.8
0.0,0.207,125.8
0.0,0.171,125.8
0.0,0.135,125.8
0.0,0.118,125.8
0.0,0.104,125.8
0.0,0.088,125.8
0.018,0.068,125.8
0.075,0.026,125.8
0.242,0.004,125.8
0.405,0.005,125.8
0.535,0.005,125.8
0.626,0.002,125.8
0.678,0.002,125.8
0.692,0.001,125.8
0.67,0.001,125.8
0.608,0.001,125.8
0.508,0.003,125.8
0.371,0.005,125.8
0.212,0.008,125.8
0.066,0.014,125.8
0.01,0.036,125.8
0.0,0.094,125.8
0.0,0.167,125.8
0.0,0.245,125.8
0.0,0.312,125.8
0.0,0.198,125.8
0.0,0.055,125.8
0.0,0.059,125.8
0.0,0.118,125.8
0.0,0.083,125.8
0.018,0.024,125.8
0.077,0.005,125.8
0.236,0.002,125.8
0.397,0.005,125.8
0.53,0.007,125.8
0.631,0.008,125.8
0.681,0.006,125.8
0.695,0.004,125.8
0.673,0.003,125.8
0.611,0.002,125.8
0.512,0.002,125.8
0.375,0.009,125.8
0.214,0.036,125.8
0.065,0.085,125.8
0.01,0.162,125.8
0.0,0.251,125.8
0.0,0.305,125.8
0.0,0.297,125.8
0.0,0.239,125.8
0.0,0.17,125.8
0.0,0.12,125.8
0.0,0.099,125.8
0.0,0.101,125.8
0.0,0.086,125.8
0.019,0.053,125.8
0.067,0.019,125.8
0.137,0.023,125.8
0.31,0.025,125.8
0.479,0.026,125.8
0.582,0.028,125.8
0.637,0.031,125.8
0.649,0.047,125.8
0.611,0.068,125.8
0.542,0.086,125.8
0.434,0.106,125.8
0.286,0.134,125.8
0.174,0.176,125.8
0.066,0.201,125.8
0.004,0.2,125.8
0.0,0.184,125.8
0.0,0.142,125.8
0.0,0.084,125.8
0.0,0.042,125.8
0.0,0.014,125.8
0.0,0.012,125.8
0.0,0.08,125.8
0.0,0.183,125.8
0.0,0.217,125.8
0.013,0.255,125.8
0.065,0.251,125.8
0.143,0.3,125.8
0.259,0.353,125.8
0.395,0.413,125.8
0.479,0.445,125.8
0.534,0.444,125.8
0.59,0.447,125.8
0.626,0.478,125.8
0.582,0.538,125.8
0.503,0.612,125.8
0.375,0.691,125.8
0.218,0.728,125.8
0.072,0.695,125.8
0.01,0.556,125.8
0.0,0.379,125.8
0.0,0.278,125.8
0.0,0.278,125.8
0.0,0.3,125.8
0.0,0.29,125.8
0.0,0.235,125.8
0.0,0.188,125.8
0.0,0.138,125.8
0.0,0.085,125.8
0.017,0.03,125.8
0.085,0.006,125.8
0.19,0.007,125.8
0.29,0.011,125.8
0.381,0.013,125.8
0.469,0.007,125.8
0.536,0.004,125.8
0.575,0.003,125.8
0.589,0.002,125.8
0.552,0.002,125.8
0.445,0.001,125.8
0.334,0.001,125.8
0.198,0.008,125.8
0.074,0.034,125.8
0.007,0.101,125.8
0.0,0.19,125.8
0.0,0.229,125.8
0.0,0.264,125.8
0.0,0.29,125.8
0.0,0.243,125.8
0.0,0.167,125.8
0.0,0.108,125.8
0.0,0.082,125.8
0.0,0.084,125.8
0.006,0.089,125.8
0.07,0.06,125.8
0.175,0.045,125.8
0.265,0.037,125.8
0.325,0.041,125.8
0.378,0.054,125.8
0.447,0.066,125.8
0.467,0.074,125.8
0.343,0.077,125.8
0.247,0.082,125.8
0.204,0.087,125.8
0.166,0.101,125.8
0.107,0.123,125.8
0.055,0.152,125.8
0.008,0.173,125.8
0.0,0.191,125.8
0.0,0.18,125.8
0.0,0.151,125.8
0.0,0.106,125.8
0.0,0.068,125.8
0.0,0.045,125.8
0.0,0.035,125.8
0.0,0.032,125.8
0.0,0.037,125.8
0.011,0.057,125.8
0.053,0.065,125.8
0.093,0.051,125.8
0.146,0.037,125.8
0.201,0.025,125.8
0.251,0.013,125.8
0.287,0.006,125.8
0.313,0.001,125.8
0.313,0.008,125.8
0.276,0.015,125.8
0.214,0.023,125.8
0.14,0.026,125.8
0.071,0.018,125.8
0.028,0.014,125.8
0.0,0.028,125.8
0.0,0.058,125.8
0.0,0.083,125.8
0.0,0.07,125.8
0.0,0.043,125.8
0.0,0.025,125.8
0.0,0.017,125.8
0.0,0.038,125.8
0.0,0.088,125.8
0.0,0.148,125.8
0.017,0.175,125.8
0.082,0.118,125.8
0.224,0.08,125.8
0.333,0.11,125.8
0.334,0.144,125.8
0.309,0.151,125.8
0.359,0.144,125.8
0.405,0.124,125.8
0.424,0.09,125.8
0.428,0.061,125.8
0.441,0.05,125.8
0.337,0.054,125.8
0.189,0.066,125.8
0.069,0.066,125.8
0.007,0.065,125.8
0.0,0.072,125.8
0.0,0.092,125.8
0.0,0.134,125.8
0.0,0.196,125.8
0.0,0.22,125.8
0.0,0.218,125.8
0.0,0.191,125.8
0.0,0.148,125.8
0.0,0.123,125.8
0.015,0.152,125.8
0.078,0.157,125.8
0.197,0.175,125.8
0.339,0.223,125.8
0.473,0.18,125.8
0.568,0.138,125.8
0.602,0.106,125.8
0.609,0.086,125.8
0.58,0.08,125.8
0.521,0.094,125.8
0.43,0.125,125.8
0.315,0.173,125.8
0.187,0.204,125.8
0.067,0.196,125.8
0.005,0.189,125.8
0.0,0.183,125.8
0.0,0.187,125.8
0.0,0.209,125.8
0.0,0.215,125.8
0.0,0.181,125.8
0.0,0.13,125.8
0.0,0.093,125.8
0.0,0.079,125.8
0.0,0.084,125.8
0.003,0.093,125.8
0.046,0.08,125.8
0.119,0.044,125.8
0.212,0.019,125.8
0.318,0.011,125.8
0.396,0.017,125.8
0.507,0.021,125.8
0.535,0.021,125.8
0.581,0.016,125.8
0.56,0.01,125.8
0.478,0.005,125.8
0.356,0.002,125.8
0.205,0.001,125.8
0.068,0.003,125.8
0.006,0.011,125.8
0.0,0.032,125.8
0.0,0.074,125.8
0.0,0.101,125.8
0.0,0.093,125.8
0.0,0.073,125.8
0.0,0.06,125.8
0.0,0.057,125.8
0.0,0.055,125.8
0.0,0.057,125.8
0.013,0.063,125.8
0.07,0.045,125.8
0.225,0.033,125.8
0.381,0.015,125.8
0.508,0.009,125.8
0.601,0.013,125.8
0.649,0.014,125.8
0.66,0.015,125.8
0.64,0.012,125.8
0.582,0.011,125.8
0.487,0.015,125.8
0.355,0.027,125.8
0.201,0.053,125.8
0.061,0.106,125.8
0.004,0.223,125.8
0.0,0.364,125.8
0.0,0.417,125.8
0.0,0.382,125.8
0.0,0.313,125.8
0.0,0.245,125.8
0.0,0.207,125.8
0.0,0.193,125.8
0.0,0.189,125.8
0.0,0.176,125.8
0.014,0.14,125.8
0.081,0.063,125.8
0.188,0.031,125.8
0.295,0.022,125.8
0.372,0.019,125.8
0.419,0.012,125.8
0.398,0.004,125.8
0.376,0.001,125.8
0.338,0.003,125.8
0.283,0.006,125.8
0.231,0.011,125.8
0.169,0.014,125.8
0.103,0.014,125.8
0.041,0.019,125.8
0.0,0.03,125.8
0.0,0.05,125.8
0.0,0.073,125.8
0.0,0.1,125.8
0.0,0.121,125.8
0.0,0.121,125.8
0.0,0.109,125.8
0.0,0.094,125.8
0.0,0.085,125.8
0.0,0.079,125.8
0.009,0.072,125.8
0.075,0.046,125.8
0.199,0.05,125.8
0.322,0.039,125.8
0.45,0.027,125.8
0.547,0.028,125.8
0.599,0.037,125.8
0.619,0.039,125.8
0.603,0.04,125.8
0.551,0.039,125.8
0.464,0.032,125.8
0.343,0.023,125.8
0.195,0.018,125.8
0.063,0.02,125.8
0.003,0.03,125.8
0.0,0.063,125.8
0.0,0.112,125.8
0.0,0.134,125.8
0.0,0.136,125.8
0.0,0.133,125.8
0.0,0.136,125.8
0.0,0.144,125.8
0.0,0.133,125.8
0.0,0.1,125.8
0.012,0.059,125.8
0.074,0.022,125.8
0.221,0.015,125.8
0.378,0.005,125.8
0.509,0.008,125.8
0.589,0.014,125.8
0.643,0.008,125.8
0.661,0.002,125.8
0.62,0.001,125.8
0.51,0.001,125.8
0.357,0.006,125.8
0.226,0.013,125.8
0.125,0.031,125.8
0.047,0.048,125.8
0.001,0.067,125.8
0.0,0.093,125.8
0.0,0.117,125.8
0.0,0.099,125.8
0.0,0.053,125.8
0.0,0.037,125.8
0.0,0.038,125.8
0.0,0.039,125.8
0.0,0.032,125.8
0.0,0.02,125.8
0.008,0.012,125.8
0.073,0.011,125.8
0.202,0.021,125.8
0.344,0.06,125.8
0.461,0.081,125.8
0.542,0.054,125.8
0.593,0.037,125.8
0.606,0.047,125.8
0.576,0.077,125.8
0.534,0.123,125.8
0.451,0.191,125.8
0.329,0.291,125.8
0.187,0.395,125.8
0.062,0.422,125.8
0.002,0.388,125.8
0.0,0.38,125.8
0.0,0.352,125.8
0.0,0.259,125.8
0.0,0.172,125.8
0.0,0.106,125.8
0.0,0.068,125.8
0.0,0.046,125.8
0.0,0.037,125.8
0.0,0.039,125.8
0.004,0.041,125.8
0.054,0.025,125.8
0.119,0.016,125.8
0.182,0.022,125.8
0.263,0.021,125.8
0.43,0.02,125.8
0.571,0.019,125.8
0.584,0.025,125.8
0.575,0.049,125.8
0.523,0.082,125.8
0.436,0.094,125.8
0.298,0.094,125.8
0.152,0.095,125.8
0.045,0.092,125.8
0.0,0.091,125.8
0.0,0.086,125.8
0.0,0.059,125.8
0.0,0.042,125.8
0.0,0.037,125.8
0.0,0.03,125.8
0.0,0.041,125.8
0.0,0.096,125.8
0.0,0.084,125.8
0.0,0.028,125.8
0.009,0.005,125.8
0.073,0.002,125.8
0.199,0.006,125.8
0.317,0.009,125.8
0.433,0.009,125.8
0.541,0.003,125.8
0.591,0.002,125.8
0.589,0.002,125.8
0.555,0.007,125.8
0.495,0.016,125.8
0.417,0.032,125.8
0.306,0.053,125.8
0.175,0.068,125.8
0.06,0.08,125.8
0.001,0.08,125.8
0.0,0.079,125.8
0.0,0.062,125.8
0.0,0.036,125.8
0.0,0.018,125.8
0.0,0.018,125.8
0.0,0.025,125.8
0.0,0.062,125.8
0.0,0.104,125.8
0.0,0.104,125.8
0.001,0.069,125.8
0.051,0.049,125.8
0.174,0.04,125.8
0.325,0.064,125.8
0.461,0.087,125.8
0.541,0.076,125.8
0.588,0.064,125.8
0.606,0.069,125.8
0.581,0.092,125.8
0.528,0.123,125.8
0.444,0.17,125.8
0.311,0.229,125.8
0.178,0.252,125.8
0.048,0.213,125.8
0.0,0.171,125.8
0.0,0.16,125.8
0.0,0.152,125.8
0.0,0.134,125.8
0.0,0.116,125.8
0.0,0.096,125.8
0.0,0.085,125.8
0.0,0.091,125.8
0.0,0.103,125.8
0.0,0.085,125.8
0.007,0.058,125.8
0.067,0.029,125.8
0.158,0.021,125.8
0.247,0.025,125.8
0.356,0.035,125.8
0.418,0.053,125.8
0.524,0.065,125.8
0.584,0.064,125.8
0.561,0.054,125.8
0.411,0.034,125.8
0.375,0.035,125.8
0.333,0.038,125.8
0.195,0.053,125.8
0.061,0.086,125.8
0.001,0.132,125.8
0.0,0.167,125.8
0.0,0.163,125.8
0.0,0.135,125.8
0.0,0.101,125.8
0.0,0.072,125.8
0.0,0.054,125.8
0.0,0.041,125.8
0.0,0.034,125.8
0.0,0.025,125.8
0.006,0.017,125.8
0.066,0.008,125.8
0.214,0.003,125.8
0.372,0.002,125.8
0.516,0.001,125.8
0.607,0.001,125.8
0.66,0.001,125.8
0.678,0.001,125.8
0.663,0.002,125.8
0.601,0.004,125.8
0.5,0.013,125.8
0.362,0.026,125.8
0.2,0.048,125.8
0.055,0.071,125.8
0.0,0.101,125.8
0.0,0.134,125.8
0.0,0.148,125.8
0.0,0.132,125.8
0.0,0.112,125.8
0.0,0.099,125.8
0.0,0.093,125.8
0.0,0.092,125.8
0.0,0.084,125.8
0.0,0.064,125.8
0.007,0.042,125.8
0.071,0.02,125.8
0.214,0.014,125.8
0.353,0.012,125.8
0.455,0.013,125.8
0.52,0.038,125.8
0.572,0.035,125.8
0.41,0.062,125.8
0.277,0.102,125.8
0.221,0.077,125.8
0.248,0.071,125.8
0.163,0.08,125.8
0.129,0.035,125.8
0.055,0.037,125.8
0.0,0.118,125.8
0.0,0.258,125.8
0.0,0.298,125.8
0.0,0.309,125.8
0.0,0.301,125.8
0.0,0.248,125.8
0.0,0.18,125.8
0.0,0.114,125.8
0.0,0.071,125.8
0.0,0.047,125.8
0.005,0.045,125.8
0.067,0.037,125.8
0.203,0.027,125.8
0.357,0.013,125.8
0.483,0.011,125.8
0.562,0.015,125.8
0.597,0.02,125.8
0.594,0.023,125.8
0.561,0.031,125.8
0.51,0.055,125.8
0.426,0.084,125.8
0.312,0.101,125.8
0.173,0.167,125.8
0.055,0.302,125.8
0.0,0.532,125.8
0.0,0.674,125.8
0.0,0.613,125.8
0.0,0.388,125.8
0.0,0.179,125.8
0.0,0.089,125.8
0.0,0.039,125.8
0.0,0.04,125.8
0.0,0.039,125.8
0.0,0.022,125.8
0.001,0.016,125.8
0.059,0.035,125.8
0.158,0.067,125.8
0.278,0.084,125.8
0.419,0.092,125.8
0.549,0.083,125.8
0.602,0.069,125.8
0.593,0.054,125.8
0.532,0.039,125.8
0.44,0.019,125.8
0.39,0.007,125.8
0.322,0.019,125.8
0.185,0.026,125.8
0.057,0.039,125.8
0.0,0.059,125.8
0.0,0.081,125.8
0.0,0.084,125.8
0.0,0.093,125.8
0.0,0.167,125.8
0.0,0.249,125.8
0.0,0.247,125.8
0.0,0.18,125.8
0.0,0.133,125.8
0.0,0.087,125.8
0.004,0.069,125.8
0.063,0.055,125.8
0.213,0.043,125.8
0.36,0.032,125.8
0.491,0.023,125.8
0.591,0.017,125.8
0.647,0.012,125.8
0.661,0.009,125.8
0.65,0.007,125.8
0.588,0.005,125.8
0.471,0.003,125.8
0.354,0.006,125.8
0.192,0.016,125.8
0.053,0.042,125.8
0.0,0.106,125.8
0.0,0.205,125.8
0.0,0.267,125.8
0.0,0.245,125.8
0.0,0.209,125.8
0.0,0.18,125.8
0.0,0.146,125.8
0.0,0.118,125.8
0.0,0.09,125.8
0.0,0.066,125.8
0.004,0.052,125.8
0.068,0.041,125.8
0.215,0.04,125.8
0.369,0.042,125.8
0.498,0.053,125.8
0.601,0.064,125.8
0.652,0.067,125.8
0.562,0.066,125.8
0.543,0.066,125.8
0.536,0.061,125.8
0.231,0.059,125.8
0.088,0.071,125.8
0.056,0.101,125.8
0.02,0.134,125.8
0.0,0.204,125.8
0.0,0.257,125.8
0.0,0.259,125.8
0.0,0.218,125.8
0.0,0.136,125.8
0.0,0.105,125.8
0.0,0.118,125.8
0.0,0.109,125.8
0.0,0.083,125.8
0.0,0.047,125.8
0.002,0.022,125.8
0.047,0.011,125.8
0.093,0.008,125.8
0.207,0.013,125.8
0.272,0.021,125.8
0.296,0.045,125.8
0.244,0.086,125.8
0.178,0.129,125.8
0.152,0.178,125.8
0.13,0.223,125.8
0.174,0.245,125.8
0.198,0.225,125.8
0.133,0.179,125.8
0.037,0.122,125.8
0.0,0.117,125.8
0.0,0.125,125.8
0.0,0.093,125.8
0.0,0.036,125.8
0.0,0.012,125.8
0.0,0.041,125.8
0.0,0.056,125.8
0.0,0.022,125.8
0.0,0.026,125.8
0.0,0.071,125.8
0.002,0.133,125.8
0.057,0.115,125.8
0.23,0.071,125.8
0.396,0.062,125.8
0.518,0.045,125.8
0.625,0.035,125.8
0.69,0.035,125.8
0.702,0.031,125.8
0.673,0.027,125.8
0.605,0.025,125.8
0.498,0.027,125.8
0.357,0.046,125.8
0.193,0.105,125.8
0.047,0.245,125.8
0.0,0.474,125.8
0.0,0.583,125.8
0.0,0.55,125.8
0.0,0.439,125.8
0.0,0.294,125.8
0.0,0.195,125.8
0.0,0.15,125.8
0.0,0.126,125.8
0.0,0.119,125.8
0.0,0.132,125.8
0.001,0.152,125.8
0.057,0.113,125.8
0.217,0.082,125.8
0.392,0.071,125.8
0.533,0.058,125.8
0.632,0.049,125.8
0.688,0.042,125.8
0.699,0.033,125.8
0.676,0.026,125.8
0.614,0.035,125.8
0.511,0.072,125.8
0.368,0.128,125.8
0.198,0.182,125.8
0.045,0.223,125.8
0.0,0.249,125.8
0.0,0.264,125.8
0.0,0.25,125.8
0.0,0.21,125.8
0.0,0.141,125.8
0.0,0.101,125.8
0.0,0.101,125.8
0.0,0.112,125.8
0.0,0.13,125.8
0.0,0.144,125.8
0.001,0.136,125.8
0.061,0.111,125.8
0.211,0.106,125.8
0.375,0.096,125.8
0.509,0.1,125.8
0.598,0.134,125.8
0.636,0.197,125.8
0.621,0.283,125.8
0.548,0.382,125.8
0.437,0.484,125.8
0.328,0.56,125.8
0.25,0.641,125.8
0.145,0.674,125.8
0.045,0.668,125.8
0.0,0.668,125.8
0.0,0.627,125.8
0.0,0.532,125.8
0.0,0.41,125.8
0.0,0.274,125.8
0.0,0.168,125.8
0.0,0.112,125.8
0.0,0.083,125.8
0.0,0.06,125.8
0.0,0.06,125.8
0.0,0.076,125.8
0.058,0.063,125.8
0.19,0.048,125.8
0.339,0.041,125.8
0.468,0.06,125.8
0.563,0.084,125.8
0.606,0.096,125.8
0.633,0.082,125.8
0.624,0.053,125.8
0.573,0.029,125.8
0.477,0.028,125.8
0.345,0.04,125.8
0.188,0.08,125.8
0.046,0.143,125.8
0.0,0.213,125.8
0.0,0.236,125.8
0.0,0.191,125.8
0.0,0.128,125.8
0.0,0.085,125.8
0.0,0.067,125.8
0.0,0.055,125.8
0.0,0.045,125.8
0.0,0.045,125.8
0.0,0.054,125.8
0.0,0.058,125.8
0.056,0.045,125.8
0.213,0.041,125.8
0.382,0.025,125.8
0.518,0.014,125.8
0.617,0.013,125.8
0.671,0.017,125.8
0.686,0.019,125.8
0.665,0.017,125.8
0.6,0.012,125.8
0.496,0.011,125.8
0.353,0.012,125.8
0.187,0.018,125.8
0.043,0.037,125.8
0.0,0.076,125.8
0.0,0.146,125.8
0.0,0.225,125.8
0.0,0.267,125.8
0.0,0.253,125.8
0.0,0.218,125.8
0.0,0.168,125.8
0.0,0.121,125.8
0.0,0.085,125.8
0.0,0.051,125.8
0.0,0.025,125.8
0.057,0.012,125.8
0.203,0.004,125.8
0.362,0.003,125.8
0.501,0.001,125.8
0.597,0.001,125.8
0.636,0.001,125.8
0.642,0.004,125.8
0.637,0.024,125.8
0.578,0.041,125.8
0.401,0.055,125.8
0.229,0.056,125.8
0.108,0.056,125.8
0.028,0.066,125.8
0.0,0.039,125.8
0.0,0.011,125.8
0.0,0.003,125.8
0.0,0.002,125.8
0.0,0.002,125.8
0.0,0.003,125.8
0.0,0.006,125.8
0.0,0.007,125.8
0.0,0.003,125.8
0.0,0.009,125.8
0.0,0.013,125.8
0.053,0.01,125.8
0.21,0.005,125.8
0.376,0.006,125.8
0.512,0.009,125.8
0.608,0.012,125.8
0.662,0.012,125.8
0.676,0.011,125.8
0.65,0.009,125.8
0.586,0.011,125.8
0.483,0.015,125.8
0.343,0.018,125.8
0.18,0.025,125.8
0.04,0.048,125.8
0.0,0.068,125.8
0.0,0.059,125.8
0.0,0.045,125.8
0.0,0.041,125.8
0.0,0.039,125.8
0.0,0.031,125.8
0.0,0.02,125.8
0.0,0.017,125.8
0.0,0.023,125.8
0.0,0.037,125.8
0.0,0.064,125.8
0.052,0.079,125.8
0.206,0.058,125.8
0.371,0.045,125.8
0.506,0.029,125.8
0.602,0.02,125.8
0.655,0.009,125.8
0.669,0.009,125.8
0.644,0.015,125.8
0.58,0.018,125.8
0.475,0.028,125.8
0.332,0.042,125.8
0.168,0.065,125.8
0.039,0.131,125.8
0.0,0.151,125.8
0.0,0.098,125.8
0.0,0.057,125.8
0.0,0.04,125.8
0.0,0.027,125.8
0.0,0.033,125.8
0.0,0.034,125.8
0.0,0.022,125.8
0.0,0.011,125.8
0.0,0.009,125.8
0.0,0.006,125.8
0.045,0.006,125.8
0.163,0.007,125.8
0.35,0.017,125.8
0.489,0.02,125.8
0.585,0.025,125.8
0.634,0.028,125.8
0.614,0.03,125.8
0.598,0.032,125.8
0.569,0.035,125.8
0.468,0.037,125.8
0.323,0.047,125.8
0.164,0.072,125.8
0.038,0.135,125.8
0.0,0.172,125.8
0.0,0.134,125.8
0.0,0.086,125.8
0.0,0.054,125.8
0.0,0.031,125.8
0.0,0.02,125.8
0.0,0.016,125.8
0.0,0.017,125.8
0.0,0.018,125.8
0.0,0.024,125.8
0.0,0.031,125.8
0.05,0.025,125.8
0.198,0.011,125.8
0.358,0.004,125.8
0.492,0.001,125.8
0.594,0.001,125.8
0.648,0.001,125.8
0.662,0.0,125.8
0.64,0.0,125.8
0.578,0.002,125.8
0.476,0.007,125.8
0.336,0.013,125.8
0.173,0.013,125.8
0.036,0.016,125.8
0.0,0.016,125.8
0.0,0.016,125.8
0.0,0.02,125.8
0.0,0.033,125.8
0.0,0.04,125.8
0.0,0.04,125.8
0.0,0.035,125.8
0.0,0.033,125.8
0.0,0.037,125.8
0.0,0.046,125.8
0.0,0.061,125.8
0.049,0.062,125.8
0.198,0.043,125.8
0.355,0.045,125.8
0.48,0.038,125.8
0.572,0.034,125.8
0.615,0.033,125.8
0.627,0.036,125.8
0.608,0.045,125.8
0.554,0.061,125.8
0.46,0.078,125.8
0.326,0.106,125.8
0.168,0.146,125.8
0.036,0.194,125.8
0.0,0.231,125.8
0.0,0.241,125.8
0.0,0.225,125.8
0.0,0.175,125.8
0.0,0.143,125.8
0.0,0.149,125.8
0.0,0.17,125.8
0.0,0.179,125.8
0.0,0.167,125.8
0.0,0.147,125.8
0.0,0.13,125.8
0.049,0.094,125.8
0.193,0.087,125.8
0.351,0.058,125.8
0.478,0.041,125.8
0.562,0.034,125.8
0.619,0.035,125.8
0.634,0.042,125.8
0.609,0.049,125.8
0.538,0.057,125.8
0.429,0.065,125.8
0.297,0.075,125.8
0.153,0.073,125.8
0.034,0.074,125.8
0.0,0.216,125.8
0.0,0.523,125.8
0.0,0.589,125.8
0.0,0.49,125.8
0.0,0.4,125.8
0.0,0.325,125.8
0.0,0.267,125.8
0.0,0.223,125.8
0.0,0.194,125.8
0.0,0.19,125.8
0.0,0.195,125.8
0.046,0.201,125.8
0.218,0.311,125.8
0.397,0.416,125.8
0.542,0.374,125.8
0.643,0.294,125.8
0.698,0.211,125.8
0.709,0.146,125.8
0.683,0.109,125.8
0.615,0.084,125.8
0.505,0.068,125.8
0.357,0.066,125.8
0.182,0.075,125.8
0.032,0.123,125.8
0.0,0.216,125.8
0.0,0.262,125.8
0.0,0.268,125.8
0.0,0.257,125.8
0.0,0.246,125.8
0.0,0.277,125.8
0.0,0.323,125.8
0.0,0.335,125.8
0.0,0.336,125.8
0.0,0.355,125.8
0.0,0.388,125.8
0.047,0.353,125.8
0.191,0.383,125.8
0.321,0.412,125.8
0.456,0.358,125.8
0.571,0.285,125.8
0.675,0.216,125.8
0.692,0.162,125.8
0.674,0.129,125.8
0.589,0.113,125.8
0.497,0.106,125.8
0.356,0.108,125.8
0.182,0.122,125.8
0.032,0.18,125.8
0.0,0.306,125.8
0.0,0.376,125.8
0.0,0.389,125.8
0.0,0.369,125.8
0.0,0.311,125.8
0.0,0.245,125.8
0.0,0.201,125.8
0.0,0.183,125.8
0.0,0.178,125.8
0.0,0.167,125.8
0.0,0.164,125.8
0.044,0.123,125.8
0.173,0.088,125.8
0.333,0.082,125.8
0.472,0.064,125.8
0.584,0.045,125.8
0.62,0.031,125.8
0.604,0.023,125.8
0.562,0.015,125.8
0.533,0.011,125.8
0.437,0.009,125.8
0.315,0.008,125.8
0.154,0.01,125.8
0.031,0.027,125.8
0.0,0.068,125.8
0.0,0.093,125.8
0.0,0.103,125.8
0.0,0.112,125.8
0.0,0.114,125.8
0.0,0.106,125.8
0.0,0.107,125.8
0.0,0.119,125.8
0.0,0.124,125.8
0.0,0.104,125.8
0.0,0.078,125.8
0.017,0.051,125.8
0.075,0.036,125.8
0.155,0.035,125.8
0.267,0.032,125.8
0.419,0.027,125.8
0.572,0.014,125.8
0.622,0.004,125.8
0.61,0.004,125.8
0.551,0.006,125.8
0.435,0.003,125.8
0.316,0.003,125.8
0.163,0.006,125.8
0.031,0.017,125.8
0.0,0.026,125.8
0.0,0.024,125.8
0.0,0.02,125.8
0.0,0.024,125.8
0.0,0.029,125.8
0.0,0.028,125.8
0.0,0.023,125.8
0.0,0.018,125.8
0.0,0.016,125.8
0.0,0.014,125.8
0.0,0.011,125.8
0.044,0.008,125.8
0.194,0.005,125.8
0.362,0.004,125.8
0.502,0.001,125.8
0.598,0.0,125.8
0.65,0.0,125.8
0.66,0.0,125.8
0.63,0.001,125.8
0.569,0.001,125.8
0.469,0.002,125.8
0.329,0.005,125.8
0.163,0.01,125.8
0.027,0.025,125.8
0.0,0.068,125.8
0.0,0.12,125.8
0.0,0.146,125.8
0.0,0.186,125.8
0.0,0.209,125.8
0.0,0.203,125.8
0.0,0.182,125.8
0.0,0.164,125.8
0.0,0.156,125.8
0.0,0.144,125.8
0.0,0.132,125.8
0.039,0.084,125.8
0.144,0.043,125.8
0.319,0.025,125.8
0.482,0.019,125.8
0.562,0.018,125.8
0.606,0.026,125.8
0.608,0.042,125.8
0.574,0.072,125.8
0.516,0.116,125.8
0.416,0.172,125.8
0.286,0.225,125.8
0.141,0.253,125.8
0.025,0.278,125.8
0.0,0.293,125.8
0.0,0.261,125.8
0.0,0.201,125.8
0.0,0.129,125.8
0.0,0.095,125.8
0.0,0.077,125.8
0.0,0.057,125.8
0.0,0.052,125.8
0.0,0.118,125.8
0.0,0.229,125.8
0.0,0.305,125.8
0.03,0.321,125.8
0.126,0.302,125.8
0.212,0.307,125.8
0.301,0.289,125.8
0.42,0.28,125.8
0.592,0.286,125.8
0.66,0.314,125.8
0.633,0.367,125.8
0.572,0.398,125.8
0.473,0.396,125.8
0.336,0.388,125.8
0.167,0.374,125.8
0.027,0.344,125.8
0.0,0.323,125.8
0.0,0.27,125.8
0.0,0.22,125.8
0.0,0.179,125.8
0.0,0.156,125.8
0.0,0.148,125.8
0.0,0.146,125.8
0.0,0.152,125.8
0.0,0.148,125.8
0.0,0.121,125.8
0.0,0.087,125.8
0.04,0.052,125.8
0.169,0.059,125.8
0.317,0.058,125.8
0.455,0.049,125.8
0.557,0.053,125.8
0.611,0.062,125.8
0.608,0.073,125.8
0.533,0.083,125.8
0.409,0.05,125.8
0.304,0.029,125.8
0.193,0.037,125.8
0.113,0.07,125.8
0.024,0.155,125.8
0.0,0.289,125.8
0.0,0.345,125.8
0.0,0.32,125.8
0.0,0.284,125.8
0.0,0.295,125.8
0.0,0.328,125.8
0.0,0.358,125.8
0.0,0.355,125.8
0.0,0.352,125.8
0.0,0.294,125.8
0.0,0.234,125.8
0.03,0.192,125.8
0.132,0.252,125.8
0.309,0.241,125.8
0.476,0.152,125.8
0.574,0.111,125.8
0.633,0.097,125.8
0.652,0.08,125.8
0.612,0.068,125.8
0.545,0.064,125.8
0.417,0.059,125.8
0.272,0.051,125.8
0.134,0.046,125.8
0.022,0.088,125.8
0.0,0.155,125.8
0.0,0.165,125.8
0.0,0.144,125.8
0.0,0.123,125.8
0.0,0.101,125.8
0.0,0.081,125.8
0.0,0.067,125.8
0.0,0.058,125.8
0.0,0.053,125.8
0.0,0.054,125.8
0.0,0.051,125.8
0.038,0.028,125.8
0.197,0.01,125.8
0.372,0.005,125.8
0.516,0.013,125.8
0.622,0.024,125.8
0.679,0.028,125.8
0.694,0.028,125.8
0.668,0.028,125.8
0.601,0.035,125.8
0.491,0.048,125.8
0.34,0.078,125.8
0.164,0.145,125.8
0.02,0.245,125.8
0.0,0.349,125.8
0.0,0.356,125.8
0.0,0.278,125.8
0.0,0.175,125.8
0.0,0.112,125.8
0.0,0.068,125.8
0.0,0.034,125.8
0.0,0.03,125.8
0.0,0.107,125.8
0.0,0.251,125.8
0.0,0.401,125.8
0.039,0.407,125.8
0.193,0.386,125.8
0.347,0.436,125.8
0.448,0.36,125.8
0.554,0.334,125.8
0.615,0.372,125.8
0.652,0.394,125.8
0.647,0.369,125.8
0.596,0.33,125.8
0.493,0.291,125.8
0.343,0.278,125.8
0.164,0.272,125.8
0.02,0.282,125.8
0.0,0.335,125.8
0.0,0.331,125.8
0.0,0.286,125.8
0.0,0.241,125.8
0.0,0.192,125.8
0.0,0.161,125.8
0.0,0.153,125.8
0.0,0.156,125.8
0.0,0.181,125.8
0.0,0.195,125.8
0.0,0.187,125.8
0.016,0.181,125.8
0.147,0.22,125.8
0.35,0.262,125.8
0.522,0.245,125.8
0.635,0.197,125.8
0.687,0.15,125.8
0.698,0.112,125.8
0.668,0.082,125.8
0.603,0.063,125.8
0.488,0.049,125.8
0.333,0.045,125.8
0.158,0.049,125.8
0.019,0.076,125.8
0.0,0.112,125.8
0.0,0.128,125.8
0.0,0.121,125.8
0.0,0.093,125.8
0.0,0.07,125.8
0.0,0.073,125.8
0.0,0.106,125.8
0.0,0.168,125.8
0.0,0.208,125.8
0.0,0.19,125.8
0.0,0.145,125.8
0.036,0.084,125.8
0.208,0.043,125.8
0.393,0.035,125.8
0.542,0.025,125.8
0.645,0.025,125.8
0.702,0.022,125.8
0.714,0.018,125.8
0.684,0.012,125.8
0.607,0.011,125.8
0.493,0.008,125.8
0.336,0.009,125.8
0.159,0.015,125.8
0.016,0.047,125.8
0.0,0.107,125.8
0.0,0.164,125.8
0.0,0.182,125.8
0.0,0.163,125.8
0.0,0.138,125.8
0.0,0.112,125.8
0.0,0.078,125.8
0.0,0.061,125.8
0.0,0.088,125.8
0.0,0.113,125.8
0.0,0.111,125.8
0.034,0.082,125.8
0.189,0.032,125.8
0.365,0.013,125.8
0.505,0.009,125.8
0.574,0.008,125.8
0.616,0.008,125.8
0.619,0.008,125.8
0.578,0.007,125.8
0.514,0.004,125.8
0.434,0.001,125.8
0.298,0.008,125.8
0.141,0.026,125.8
0.015,0.089,125.8
0.0,0.188,125.8
0.0,0.22,125.8
0.0,0.194,125.8
0.0,0.151,125.8
0.0,0.118,125.8
0.0,0.097,125.8
0.0,0.078,125.8
0.0,0.058,125.8
0.0,0.033,125.8
0.0,0.012,125.8
0.0,0.026,125.8
0.023,0.044,125.8
0.105,0.041,125.8
0.194,0.031,125.8
0.295,0.021,125.8
0.402,0.015,125.8
0.496,0.012,125.8
0.551,0.009,125.8
0.555,0.008,125.8
0.466,0.01,125.8
0.399,0.008,125.8
0.278,0.008,125.8
0.129,0.011,125.8
0.015,0.023,125.8
0.0,0.039,125.8
0.0,0.055,125.8
0.0,0.066,125.8
0.0,0.055,125.8
0.0,0.034,125.8
0.0,0.02,125.8
0.0,0.027,125.8
0.0,0.043,125.8
0.0,0.061,125.8
0.0,0.076,125.8
0.0,0.088,125.8
0.031,0.089,125.8
0.184,0.062,125.8
0.36,0.05,125.8
0.506,0.03,125.8
0.613,0.021,125.8
0.652,0.016,125.8
0.666,0.015,125.8
0.643,0.015,125.8
0.575,0.018,125.8
0.466,0.023,125.8
0.319,0.032,125.8
0.142,0.055,125.8
0.012,0.133,125.8
0.0,0.22,125.8
0.0,0.272,125.8
0.0,0.306,125.8
0.0,0.301,125.8
0.0,0.273,125.8
0.0,0.254,125.8
0.0,0.272,125.8
0.0,0.303,125.8
0.0,0.302,125.8
0.0,0.274,125.8
0.0,0.251,125.8
0.028,0.194,125.8
0.167,0.118,125.8
0.324,0.097,125.8
0.481,0.055,125.8
0.618,0.042,125.8
0.682,0.046,125.8
0.697,0.064,125.8
0.67,0.088,125.8
0.601,0.108,125.8
0.487,0.095,125.8
0.321,0.07,125.8
0.127,0.095,125.8
0.009,0.22,125.8
0.0,0.367,125.8
0.0,0.42,125.8
0.0,0.413,125.8
0.0,0.369,125.8
0.0,0.335,125.8
0.0,0.341,125.8
0.0,0.341,125.8
0.0,0.328,125.8
0.0,0.296,125.8
0.0,0.252,125.8
0.0,0.201,125.8
0.019,0.125,125.8
0.121,0.08,125.8
0.266,0.092,125.8
0.407,0.063,125.8
0.551,0.035,125.8
0.639,0.02,125.8
0.672,0.016,125.8
0.644,0.017,125.8
0.567,0.016,125.8
0.45,0.015,125.8
0.274,0.015,125.8
0.108,0.024,125.8
0.007,0.068,125.8
0.0,0.134,125.8
0.0,0.182,125.8
0.0,0.213,125.8
0.0,0.245,125.8
0.0,0.259,125.8
0.0,0.252,125.8
0.0,0.246,125.8
0.0,0.248,125.8
0.0,0.245,125.8
0.0,0.204,125.8
0.0,0.138,125.8
0.012,0.072,125.8
0.083,0.018,125.8
0.178,0.014,125.8
0.283,0.017,125.8
0.4,0.021,125.8
0.543,0.022,125.8
0.616,0.021,125.8
0.636,0.018,125.8
0.579,0.016,125.8
0.459,0.017,125.8
0.301,0.024,125.8
0.13,0.042,125.8
0.008,0.086,125.8
0.0,0.119,125.8
0.0,0.121,125.8
0.0,0.098,125.8
0.0,0.073,125.8
0.0,0.046,125.8
0.0,0.023,125.8
0.0,0.008,125.8
0.0,0.004,125.8
0.0,0.009,125.8
0.0,0.019,125.8
0.0,0.033,125.8
0.019,0.046,125.8
0.126,0.035,125.8
0.258,0.047,125.8
0.391,0.042,125.8
0.52,0.038,125.8
0.616,0.034,125.8
0.655,0.03,125.8
0.629,0.03,125.8
0.545,0.034,125.8
0.438,0.041,125.8
0.294,0.052,125.8
0.124,0.075,125.8
0.006,0.139,125.8
0.0,0.187,125.8
0.0,0.2,125.8
0.0,0.203,125.8
0.0,0.196,125.8
0.0,0.175,125.8
0.0,0.149,125.8
0.0,0.137,125.8
0.0,0.135,125.8
0.0,0.136,125.8
0.0,0.14,125.8
0.0,0.133,125.8
0.008,0.098,125.8
0.073,0.04,125.8
0.142,0.017,125.8
0.218,0.007,125.8
0.31,0.006,125.8
0.576,0.004,125.8
0.668,0.001,125.8
0.647,0.001,125.8
0.58,0.004,125.8
0.469,0.019,125.8
0.316,0.034,125.8
0.138,0.051,125.8
0.006,0.089,125.8
0.0,0.121,125.8
0.0,0.133,125.8
0.0,0.133,125.8
0.0,0.126,125.8
0.0,0.103,125.8
0.0,0.074,125.8
0.0,0.052,125.8
0.0,0.04,125.8
0.0,0.037,125.8
0.0,0.039,125.8
0.0,0.041,125.8
0.019,0.038,125.8
0.122,0.021,125.8
0.224,0.012,125.8
0.342,0.003,125.8
0.526,0.002,125.8
0.643,0.001,125.8
0.657,0.001,125.8
0.618,0.003,125.8
0.547,0.007,125.8
0.427,0.012,125.8
0.295,0.012,125.8
0.122,0.019,125.8
0.005,0.055,125.8
0.0,0.105,125.8
0.0,0.16,125.8
0.0,0.213,125.8
0.0,0.251,125.8
0.0,0.27,125.8
0.0,0.291,125.8
0.0,0.312,125.8
0.0,0.334,125.8
0.0,0.291,125.8
0.0,0.233,125.8
0.0,0.172,125.8
0.001,0.121,125.8
0.055,0.074,125.8
0.167,0.058,125.8
0.308,0.025,125.8
0.426,0.009,125.8
0.534,0.017,125.8
0.587,0.032,125.8
0.595,0.041,125.8
0.54,0.048,125.8
0.424,0.053,125.8
0.258,0.054,125.8
0.1,0.071,125.8
0.003,0.143,125.8
0.0,0.204,125.8
0.0,0.212,125.8
0.0,0.193,125.8
0.0,0.202,125.8
0.0,0.219,125.8
0.0,0.213,125.8
0.0,0.201,125.8
0.0,0.201,125.8
0.0,0.211,125.8
0.0,0.19,125.8
0.0,0.128,125.8
0.013,0.065,125.8
0.135,0.018,125.8
0.318,0.017,125.8
0.48,0.025,125.8
0.574,0.026,125.8
0.644,0.024,125.8
0.668,0.021,125.8
0.604,0.019,125.8
0.528,0.017,125.8
0.402,0.018,125.8
0.253,0.022,125.8
0.093,0.036,125.8
0.001,0.085,125.8
0.0,0.128,125.8
0.0,0.145,125.8
0.0,0.148,125.8
0.0,0.153,125.8
0.0,0.153,125.8
0.0,0.132,125.8
0.0,0.103,125.8
0.0,0.074,125.8
0.0,0.053,125.8
0.0,0.041,125.8
0.0,0.04,125.8
0.014,0.049,125.8
0.137,0.041,125.8
0.306,0.045,125.8
0.46,0.035,125.8
0.572,0.024,125.8
0.639,0.017,125.8
0.66,0.013,125.8
0.607,0.01,125.8
0.497,0.008,125.8
0.346,0.006,125.8
0.161,0.004,125.8
0.052,0.005,125.8
0.0,0.01,125.8
0.0,0.017,125.8
0.0,0.02,125.8
0.0,0.024,125.8
0.0,0.042,125.8
0.0,0.058,125.8
0.0,0.053,125.8
0.0,0.042,125.8
0.0,0.034,125.8
0.0,0.031,125.8
0.0,0.023,125.8
0.0,0.016,125.8
0.008,0.016,125.8
0.125,0.017,125.8
0.302,0.018,125.8
0.453,0.017,125.8
0.583,0.017,125.8
0.637,0.014,125.8
0.648,0.009,125.8
0.615,0.007,125.8
0.545,0.006,125.8
0.437,0.008,125.8
0.285,0.014,125.8
0.11,0.03,125.8
0.001,0.064,125.8
0.0,0.093,125.8
0.0,0.107,125.8
0.0,0.108,125.8
0.0,0.096,125.8
0.0,0.07,125.8
0.0,0.06,125.8
0.0,0.077,125.8
0.0,0.115,125.8
0.0,0.164,125.8
0.0,0.192,125.8
0.0,0.182,125.8
0.012,0.144,125.8
0.149,0.063,125.8
0.328,0.036,125.8
0.478,0.022,125.8
0.58,0.018,125.8
0.641,0.016,125.8
0.655,0.016,125.8
0.635,0.017,125.8
0.566,0.019,125.8
0.453,0.023,125.8
0.295,0.026,125.8
0.113,0.041,125.8
0.0,0.083,125.8
0.0,0.095,125.8
0.0,0.08,125.8
0.0,0.059,125.8
0.0,0.051,125.8
0.0,0.047,125.8
0.0,0.039,125.8
0.0,0.031,125.8
0.0,0.024,125.8
0.0,0.022,125.8
0.0,0.024,125.8
0.0,0.024,125.8
0.01,0.021,125.8
0.141,0.011,125.8
0.303,0.005,125.8
0.453,0.004,125.8
0.566,0.005,125.8
0.635,0.007,125.8
0.65,0.008,125.8
0.626,0.008,125.8
0.552,0.011,125.8
0.439,0.019,125.8
0.282,0.036,125.8
0.11,0.068,125.8
0.0,0.134,125.8
0.0,0.205,125.8
0.0,0.243,125.8
0.0,0.245,125.8
0.0,0.219,125.8
0.0,0.182,125.8
0.0,0.155,125.8
0.0,0.144,125.8
0.0,0.129,125.8
0.0,0.101,125.8
0.0,0.066,125.8
0.0,0.04,125.8
0.002,0.051,125.8
0.073,0.032,125.8
0.083,0.025,125.8
0.077,0.038,125.8
0.095,0.07,125.8
0.103,0.13,125.8
0.125,0.131,125.8
0.234,0.106,125.8
0.25,0.082,125.8
0.225,0.061,125.8
0.109,0.05,125.8
0.04,0.047,125.8
0.0,0.067,125.8
0.0,0.109,125.8
0.0,0.152,125.8
0.0,0.155,125.8
0.0,0.145,125.8
0.0,0.129,125.8
0.0,0.107,125.8
0.0,0.073,125.8
0.0,0.058,125.8
0.0,0.068,125.8
0.0,0.08,125.8
0.0,0.089,125.8
0.002,0.085,125.8
0.034,0.052,125.8
0.082,0.046,125.8
0.15,0.059,125.8
0.17,0.064,125.8
0.31,0.074,125.8
0.387,0.105,125.8
0.428,0.142,125.8
0.35,0.214,125.8
0.22,0.287,125.8
0.167,0.278,125.8
0.067,0.207,125.8
0.0,0.206,125.8
0.0,0.22,125.8
0.0,0.212,125.8
0.0,0.187,125.8
0.0,0.139,125.8
0.0,0.133,125.8
0.0,0.135,125.8
0.0,0.105,125.8
0.0,0.083,125.8
0.0,0.055,125.8
0.0,0.026,125.8
0.0,0.015,125.8
0.0,0.006,125.8
0.024,0.013,125.8
0.066,0.011,125.8
0.129,0.021,125.8
0.285,0.03,125.8
0.336,0.043,125.8
0.326,0.064,125.8
0.279,0.093,125.8
0.24,0.14,125.8
0.182,0.172,125.8
0.127,0.154,125.8
0.043,0.104,125.8
0.0,0.072,125.8
0.0,0.054,125.8
0.0,0.049,125.8
0.0,0.049,125.8
0.0,0.041,125.8
0.0,0.032,125.8
0.0,0.035,125.8
0.0,0.037,125.8
0.0,0.039,125.8
0.0,0.032,125.8
0.0,0.036,125.8
0.0,0.026,125.8
0.0,0.029,125.8
0.075,0.036,125.8
0.25,0.037,125.8
0.419,0.023,125.8
0.548,0.018,125.8
0.628,0.02,125.8
0.66,0.023,125.8
0.642,0.031,125.8
0.577,0.043,125.8
0.459,0.059,125.8
0.297,0.078,125.8
0.113,0.112,125.8
0.0,0.187,125.8
0.0,0.241,125.8
0.0,0.238,125.8
0.0,0.206,125.8
0.0,0.177,125.8
0.0,0.138,125.8
0.0,0.095,125.8
0.0,0.058,125.8
0.0,0.035,125.8
0.0,0.029,125.8
0.0,0.028,125.8
0.0,0.024,125.8
0.003,0.018,125.8
0.11,0.006,125.8
0.259,0.003,125.8
0.38,0.003,125.8
0.499,0.004,125.8
0.552,0.003,125.8
0.561,0.003,125.8
0.538,0.003,125.8
0.432,0.004,125.8
0.275,0.011,125.8
0.153,0.032,125.8
0.046,0.069,125.8
0.0,0.119,125.8
0.0,0.181,125.8
0.0,0.229,125.8
0.0,0.249,125.8
0.0,0.229,125.8
0.0,0.195,125.8
0.0,0.171,125.8
0.0,0.154,125.8
0.0,0.167,125.8
0.0,0.212,125.8
0.0,0.244,125.8
0.0,0.281,125.8
0.002,0.294,125.8
0.11,0.245,125.8
0.251,0.282,125.8
0.393,0.351,125.8
0.491,0.433,125.8
0.541,0.454,125.8
0.571,0.386,125.8
0.564,0.235,125.8
0.483,0.119,125.8
0.375,0.162,125.8
0.188,0.376,125.8
0.057,0.37,125.8
0.0,0.205,125.8
0.0,0.101,125.8
0.0,0.056,125.8
0.0,0.04,125.8
0.0,0.055,125.8
0.0,0.117,125.8
0.0,0.159,125.8
0.0,0.199,125.8
0.0,0.23,125.8
0.0,0.233,125.8
0.0,0.213,125.8
0.0,0.174,125.8
0.006,0.116,125.8
0.161,0.051,125.8
0.359,0.014,125.8
0.513,0.021,125.8
0.605,0.031,125.8
0.628,0.035,125.8
0.574,0.041,125.8
0.519,0.043,125.8
0.426,0.042,125.8
0.278,0.048,125.8
0.137,0.084,125.8
0.039,0.162,125.8
0.0,0.274,125.8
0.0,0.343,125.8
0.0,0.364,125.8
0.0,0.374,125.8
0.0,0.308,125.8
0.0,0.243,125.8
0.0,0.251,125.8
0.0,0.264,125.8
0.0,0.265,125.8
0.0,0.257,125.8
0.0,0.249,125.8
0.0,0.235,125.8
0.0,0.197,125.8
0.096,0.122,125.8
0.249,0.111,125.8
0.396,0.143,125.8
0.533,0.167,125.8
0.646,0.142,125.8
0.683,0.1,125.8
0.665,0.067,125.8
0.594,0.044,125.8
0.472,0.032,125.8
0.302,0.035,125.8
0.107,0.074,125.8
0.0,0.175,125.8
0.0,0.207,125.8
0.0,0.167,125.8
0.0,0.124,125.8
0.0,0.096,125.8
0.0,0.102,125.8
0.0,0.108,125.8
0.0,0.09,125.8
0.0,0.061,125.8
0.0,0.035,125.8
0.0,0.017,125.8
0.0,0.021,125.8
0.002,0.042,125.8
0.149,0.045,125.8
0.351,0.041,125.8
0.512,0.035,125.8
0.62,0.02,125.8
0.679,0.015,125.8
0.697,0.017,125.8
0.672,0.025,125.8
0.597,0.035,125.8
0.474,0.045,125.8
0.301,0.061,125.8
0.097,0.104,125.8
0.0,0.177,125.8
0.0,0.227,125.8
0.0,0.259,125.8
0.0,0.267,125.8
0.0,0.246,125.8
0.0,0.206,125.8
0.0,0.181,125.8
0.0,0.179,125.8
0.0,0.193,125.8
0.0,0.201,125.8
0.0,0.181,125.8
0.0,0.133,125.8
0.001,0.083,125.8
0.145,0.035,125.8
0.345,0.027,125.8
0.506,0.015,125.8
0.619,0.004,125.8
0.681,0.003,125.8
0.697,0.005,125.8
0.656,0.01,125.8
0.582,0.011,125.8
0.459,0.01,125.8
0.289,0.01,125.8
0.096,0.021,125.8
0.0,0.033,125.8
0.0,0.024,125.8
0.0,0.018,125.8
0.0,0.019,125.8
0.0,0.019,125.8
0.0,0.015,125.8
0.0,0.007,125.8
0.0,0.003,125.8
0.0,0.003,125.8
0.0,0.004,125.8
0.0,0.008,125.8
0.0,0.015,125.8
0.0,0.02,125.8
0.13,0.015,125.8
0.327,0.006,125.8
0.49,0.007,125.8
0.61,0.005,125.8
0.674,0.005,125.8
0.689,0.004,125.8
0.66,0.004,125.8
0.585,0.005,125.8
0.462,0.008,125.8
0.293,0.017,125.8
0.099,0.035,125.8
0.0,0.066,125.8
0.0,0.106,125.8
0.0,0.141,125.8
0.0,0.156,125.8
0.0,0.138,125.8
0.0,0.095,125.8
0.0,0.05,125.8
0.0,0.02,125.8
0.0,0.01,125.8
0.0,0.005,125.8
0.0,0.004,125.8
0.0,0.011,125.8
0.0,0.018,125.8
0.091,0.016,125.8
0.214,0.014,125.8
0.345,0.017,125.8
0.516,0.016,125.8
0.609,0.017,125.8
0.615,0.012,125.8
0.557,0.009,125.8
0.404,0.009,125.8
0.192,0.009,125.8
0.087,0.016,125.8
0.022,0.035,125.8
0.0,0.055,125.8
0.0,0.064,125.8
0.0,0.068,125.8
0.0,0.07,125.8
0.0,0.08,125.8
0.0,0.092,125.8
0.0,0.093,125.8
0.0,0.09,125.8
0.0,0.08,125.8
0.0,0.068,125.8
0.0,0.058,125.8
0.0,0.05,125.8
0.0,0.039,125.8
0.04,0.025,125.8
0.101,0.018,125.8
0.13,0.017,125.8
0.143,0.019,125.8
0.147,0.017,125.8
0.18,0.017,125.8
0.203,0.03,125.8
0.17,0.038,125.8
0.119,0.022,125.8
0.067,0.031,125.8
0.016,0.043,125.8
0.0,0.045,125.8
0.0,0.038,125.8
0.0,0.035,125.8
0.0,0.038,125.8
0.0,0.036,125.8
0.0,0.032,125.8
0.0,0.024,125.8
0.0,0.018,125.8
0.0,0.015,125.8
0.0,0.015,125.8
0.0,0.019,125.8
0.0,0.024,125.8
0.0,0.028,125.8
0.071,0.026,125.8
0.18,0.014,125.8
0.337,0.009,125.8
0.506,0.004,125.8
0.617,0.002,125.8
0.67,0.001,125.8
0.639,0.001,125.8
0.514,0.002,125.8
0.268,0.002,125.8
0.111,0.001,125.8
0.048,0.002,125.8
0.0,0.002,125.8
0.0,0.002,125.8
0.0,0.002,125.8
0.0,0.002,125.8
0.0,0.004,125.8
0.0,0.005,125.8
0.0,0.006,125.8
0.0,0.006,125.8
0.0,0.006,125.8
0.0,0.007,125.8
0.0,0.007,125.8
0.0,0.006,125.8
0.0,0.007,125.8
0.085,0.011,125.8
0.237,0.015,125.8
0.225,0.019,125.8
0.208,0.017,125.8
0.268,0.017,125.8
0.283,0.018,125.8
0.249,0.017,125.8
0.199,0.014,125.8
0.192,0.015,125.8
0.192,0.027,125.8
0.06,0.089,125.8
0.0,0.185,125.8
0.0,0.211,125.8
0.0,0.171,125.8
0.0,0.122,125.8
0.0,0.089,125.8
0.0,0.063,125.8
0.0,0.042,125.8
0.0,0.025,125.8
0.0,0.016,125.8
0.0,0.017,125.8
0.0,0.02,125.8
0.0,0.028,125.8
0.0,0.033,125.8
0.103,0.029,125.8
0.294,0.021,125.8
0.459,0.026,125.8
0.553,0.019,125.8
0.574,0.012,125.8
0.611,0.01,125.8
0.604,0.008,125.8
0.542,0.006,125.8
0.426,0.006,125.8
0.235,0.003,125.8
0.068,0.005,125.8
0.0,0.009,125.8
0.0,0.012,125.8
0.0,0.028,125.8
0.0,0.073,125.8
0.0,0.169,125.8
0.0,0.281,125.8
0.0,0.364,125.8
0.0,0.454,125.8
0.0,0.485,125.8
0.0,0.442,125.8
0.0,0.331,125.8
0.0,0.214,125.8
0.0,0.192,125.8
0.114,0.169,125.8
0.298,0.15,125.8
0.447,0.194,125.8
0.507,0.156,125.8
0.549,0.127,125.8
0.599,0.121,125.8
0.59,0.112,125.8
0.512,0.108,125.8
0.4,0.105,125.8
0.234,0.117,125.8
0.054,0.184,125.8
0.0,0.311,125.8
0.0,0.385,125.8
0.0,0.395,125.8
0.0,0.35,125.8
0.0,0.294,125.8
0.0,0.253,125.8
0.0,0.233,125.8
0.0,0.252,125.8
0.0,0.291,125.8
0.0,0.336,125.8
0.0,0.334,125.8
0.0,0.304,125.8
0.0,0.264,125.8
0.097,0.178,125.8
0.297,0.136,125.8
0.474,0.142,125.8
0.597,0.121,125.8
0.668,0.094,125.8
0.683,0.067,125.8
0.653,0.044,125.8
0.572,0.031,125.8
0.444,0.026,125.8
0.269,0.029,125.8
0.074,0.07,125.8
0.0,0.134,125.8
0.0,0.16,125.8
0.0,0.163,125.8
0.0,0.167,125.8
0.0,0.166,125.8
0.0,0.152,125.8
0.0,0.129,125.8
0.0,0.121,125.8
0.0,0.118,125.8
0.0,0.114,125.8
0.0,0.111,125.8
0.0,0.09,125.8
0.0,0.084,125.8
0.062,0.063,125.8
0.237,0.065,125.8
0.432,0.084,125.8
0.556,0.072,125.8
0.634,0.047,125.8
0.645,0.027,125.8
0.605,0.004,125.8
0.501,0.003,125.8
0.342,0.003,125.8
0.185,0.014,125.8
0.05,0.037,125.8
0.0,0.088,125.8
0.0,0.169,125.8
0.0,0.207,125.8
0.0,0.186,125.8
0.0,0.161,125.8
0.0,0.118,125.8
0.0,0.086,125.8
0.0,0.085,125.8
0.0,0.124,125.8
0.0,0.173,125.8
0.0,0.201,125.8
0.0,0.217,125.8
0.0,0.218,125.8
0.07,0.18,125.8
0.216,0.144,125.8
0.358,0.155,125.8
0.458,0.147,125.8
0.521,0.155,125.8
0.587,0.179,125.8
0.534,0.211,125.8
0.35,0.225,125.8
0.169,0.205,125.8
0.068,0.17,125.8
0.014,0.166,125.8
0.0,0.201,125.8
0.0,0.211,125.8
0.0,0.194,125.8
0.0,0.178,125.8
0.0,0.159,125.8
0.0,0.161,125.8
0.0,0.188,125.8
0.0,0.219,125.8
0.0,0.243,125.8
0.0,0.262,125.8
0.0,0.27,125.8
0.0,0.274,125.8
0.0,0.288,125.8
0.016,0.26,125.8
0.059,0.189,125.8
0.088,0.154,125.8
0.108,0.155,125.8
0.135,0.162,125.8
0.159,0.182,125.8
0.135,0.199,125.8
0.087,0.231,125.8
0.038,0.312,125.8
0.017,0.448,125.8
0.0,0.618,125.8
0.0,0.724,125.8
0.0,0.75,125.8
0.0,0.777,125.8
0.0,0.766,125.8
0.0,0.627,125.8
0.0,0.466,125.8
0.0,0.442,125.8
0.0,0.502,125.8
0.0,0.566,125.8
0.0,0.53,125.8
0.0,0.494,125.8
0.0,0.438,125.8
0.0,0.352,125.8
0.078,0.25,125.8
0.265,0.16,125.8
0.423,0.133,125.8
0.558,0.102,125.8
0.544,0.087,125.8
0.522,0.093,125.8
0.514,0.099,125.8
0.457,0.099,125.8
0.36,0.112,125.8
0.158,0.153,125.8
0.01,0.231,125.8
0.0,0.278,125.8
0.0,0.227,125.8
0.0,0.138,125.8
0.0,0.073,125.8
0.0,0.046,125.8
0.0,0.044,125.8
0.0,0.059,125.8
0.0,0.08,125.8
0.0,0.108,125.8
0.0,0.146,125.8
0.0,0.205,125.8
0.0,0.248,125.8
0.0,0.272,125.8
0.011,0.308,125.8
0.059,0.364,125.8
0.12,0.444,125.8
0.224,0.532,125.8
0.31,0.709,125.8
0.391,0.746,125.8
0.376,0.708,125.8
0.283,0.627,125.8
0.194,0.593,125.8
0.142,0.554,125.8
0.043,0.538,125.8
0.0,0.624,125.8
0.0,0.642,125.8
0.0,0.603,125.8
0.0,0.575,125.8
0.0,0.548,125.8
0.0,0.487,125.8
0.0,0.401,125.8
0.0,0.32,125.8
0.0,0.283,125.8
0.0,0.248,125.8
0.0,0.271,125.8
0.0,0.311,125.8
0.0,0.308,125.8
0.11,0.271,125.8
0.334,0.146,125.8
0.511,0.197,125.8
0.629,0.255,125.8
0.691,0.171,125.8
0.699,0.128,125.8
0.658,0.111,125.8
0.585,0.096,125.8
0.443,0.079,125.8
0.259,0.071,125.8
0.065,0.067,125.8
0.0,0.101,125.8
0.0,0.187,125.8
0.0,0.265,125.8
0.0,0.264,125.8
0.0,0.177,125.8
0.0,0.055,125.8
0.0,0.007,125.8
0.0,0.006,125.8
0.0,0.011,125.8
0.0,0.014,125.8
0.0,0.009,125.8
0.0,0.005,125.8
0.0,0.006,125.8
0.055,0.035,125.8
0.254,0.074,125.8
0.427,0.123,125.8
0.535,0.17,125.8
0.577,0.201,125.8
0.582,0.195,125.8
0.591,0.176,125.8
0.537,0.155,125.8
0.408,0.139,125.8
0.225,0.126,125.8
0.045,0.129,125.8
0.0,0.153,125.8
0.0,0.201,125.8
0.0,0.289,125.8
0.0,0.391,125.8
0.0,0.431,125.8
0.0,0.391,125.8
0.0,0.327,125.8
0.0,0.26,125.8
0.0,0.22,125.8
0.0,0.176,125.8
0.0,0.122,125.8
0.0,0.09,125.8
0.0,0.076,125.8
0.041,0.073,125.8
0.172,0.064,125.8
0.324,0.126,125.8
0.452,0.157,125.8
0.572,0.158,125.8
0.65,0.152,125.8
0.634,0.139,125.8
0.551,0.127,125.8
0.419,0.116,125.8
0.25,0.104,125.8
0.05,0.108,125.8
0.0,0.117,125.8
0.0,0.113,125.8
0.0,0.103,125.8
0.0,0.093,125.8
0.0,0.088,125.8
0.0,0.104,125.8
0.0,0.142,125.8
0.0,0.16,125.8
0.0,0.144,125.8
0.0,0.108,125.8
0.0,0.081,125.8
0.0,0.062,125.8
0.0,0.045,125.8
0.081,0.037,125.8
0.302,0.026,125.8
0.49,0.037,125.8
0.62,0.039,125.8
0.693,0.039,125.8
0.713,0.034,125.8
0.684,0.024,125.8
0.602,0.018,125.8
0.466,0.019,125.8
0.276,0.03,125.8
0.056,0.05,125.8
0.0,0.059,125.8
0.0,0.055,125.8
0.0,0.037,125.8
0.0,0.021,125.8
0.0,0.01,125.8
0.0,0.003,125.8
0.0,0.005,125.8
0.0,0.01,125.8
0.0,0.013,125.8
0.0,0.014,125.8
0.0,0.014,125.8
0.0,0.018,125.8
0.0,0.021,125.8
0.093,0.02,125.8
0.325,0.014,125.8
0.513,0.009,125.8
0.635,0.017,125.8
0.702,0.018,125.8
0.72,0.011,125.8
0.685,0.007,125.8
0.608,0.005,125.8
0.475,0.004,125.8
0.288,0.009,125.8
0.059,0.021,125.8
0.0,0.024,125.8
0.0,0.016,125.8
0.0,0.012,125.8
0.0,0.011,125.8
0.0,0.013,125.8
0.0,0.014,125.8
0.0,0.013,125.8
0.0,0.014,125.8
0.0,0.016,125.8
0.0,0.015,125.8
0.0,0.013,125.8
0.0,0.013,125.8
0.0,0.011,125.8
0.04,0.008,125.8
0.24,0.006,125.8
0.47,0.021,125.8
0.597,0.034,125.8
0.664,0.035,125.8
0.663,0.035,125.8
0.63,0.033,125.8
0.559,0.029,125.8
0.413,0.028,125.8
0.212,0.048,125.8
0.032,0.114,125.8
0.0,0.205,125.8
0.0,0.268,125.8
0.0,0.288,125.8
0.0,0.289,125.8
0.0,0.253,125.8
0.0,0.188,125.8
0.0,0.132,125.8
0.0,0.086,125.8
0.0,0.055,125.8
0.0,0.034,125.8
0.0,0.016,125.8
0.0,0.022,125.8
0.0,0.044,125.8
0.077,0.066,125.8
0.302,0.055,125.8
0.491,0.047,125.8
0.617,0.171,125.8
0.689,0.239,125.8
0.709,0.227,125.8
0.678,0.205,125.8
0.599,0.185,125.8
0.464,0.174,125.8
0.271,0.166,125.8
0.045,0.205,125.8
0.0,0.278,125.8
0.0,0.298,125.8
0.0,0.265,125.8
0.0,0.213,125.8
0.0,0.18,125.8
0.0,0.158,125.8
0.0,0.144,125.8
0.0,0.133,125.8
0.0,0.122,125.8
0.0,0.11,125.8
0.0,0.099,125.8
0.0,0.086,125.8
0.0,0.073,125.8
0.075,0.056,125.8
0.302,0.025,125.8
0.49,0.01,125.8
0.616,0.009,125.8
0.687,0.013,125.8
0.706,0.017,125.8
0.673,0.019,125.8
0.592,0.019,125.8
0.457,0.015,125.8
0.269,0.01,125.8
0.042,0.009,125.8
0.0,0.011,125.8
0.0,0.012,125.8
0.0,0.011,125.8
0.0,0.011,125.8
0.0,0.011,125.8
0.0,0.01,125.8
0.0,0.008,125.8
0.0,0.005,125.8
0.0,0.005,125.8
0.0,0.008,125.8
0.0,0.01,125.8
0.0,0.009,125.8
0.0,0.01,125.8
0.066,0.012,125.8
0.287,0.009,125.8
0.469,0.008,125.8
0.581,0.004,125.8
0.657,0.007,125.8
0.678,0.006,125.8
0.648,0.005,125.8
0.568,0.006,125.8
0.428,0.004,125.8
0.217,0.003,125.8
0.019,0.002,125.8
0.0,0.003,125.8
0.0,0.005,125.8
0.0,0.014,125.8
0.0,0.035,125.8
0.0,0.06,125.8
0.0,0.067,125.8
0.0,0.051,125.8
0.0,0.027,125.8
0.0,0.01,125.8
0.0,0.003,125.8
0.0,0.002,125.8
0.0,0.003,125.8
0.0,0.005,125.8
0.054,0.005,125.8
0.273,0.003,125.8
0.466,0.003,125.8
0.592,0.017,125.8
0.664,0.033,125.8
0.683,0.046,125.8
0.653,0.055,125.8
0.571,0.06,125.8
0.436,0.061,125.8
0.247,0.067,125.8
0.03,0.084,125.8
0.0,0.091,125.8
0.0,0.085,125.8
0.0,0.069,125.8
0.0,0.051,125.8
0.0,0.036,125.8
0.0,0.03,125.8
0.0,0.029,125.8
0.0,0.024,125.8
0.0,0.016,125.8
0.0,0.009,125.8
0.0,0.008,125.8
0.0,0.01,125.8
0.0,0.01,125.8
0.054,0.009,125.8
0.271,0.006,125.8
0.461,0.002,125.8
0.587,0.002,125.8
0.658,0.001,125.8
0.677,0.001,125.8
0.647,0.001,125.8
0.566,0.002,125.8
0.431,0.002,125.8
0.241,0.003,125.8
0.025,0.004,125.8
0.0,0.003,125.8
0.0,0.001,125.8
0.0,0.002,125.8
0.0,0.003,125.8
0.0,0.005,125.8
0.0,0.005,125.8
0.0,0.004,125.8
0.0,0.003,125.8
0.0,0.003,125.8
0.0,0.004,125.8
0.0,0.007,125.8
0.0,0.014,125.8
0.0,0.027,125.8
0.02,0.034,125.8
0.203,0.022,125.8
0.449,0.007,125.8
0.585,0.004,125.8
0.655,0.003,125.8
0.674,0.001,125.8
0.642,0.001,125.8
0.562,0.004,125.8
0.427,0.003,125.8
0.239,0.005,125.8
0.023,0.014,125.8
0.0,0.032,125.8
0.0,0.047,125.8
0.0,0.057,125.8
0.0,0.063,125.8
0.0,0.053,125.8
0.0,0.028,125.8
0.0,0.018,125.8
0.0,0.022,125.8
0.0,0.018,125.8
0.0,0.011,125.8
0.0,0.006,125.8
0.0,0.007,125.8
0.0,0.012,125.8
0.034,0.016,125.8
0.213,0.01,125.8
0.417,0.006,125.8
0.512,0.004,125.8
0.58,0.003,125.8
0.572,0.004,125.8
0.488,0.004,125.8
0.336,0.005,125.8
0.205,0.005,125.8
0.083,0.008,125.8
0.004,0.014,125.8
0.0,0.025,125.8
0.0,0.036,125.8
0.0,0.044,125.8
0.0,0.041,125.8
0.0,0.031,125.8
0.0,0.021,125.8
0.0,0.014,125.8
0.0,0.01,125.8
0.0,0.006,125.8
0.0,0.004,125.8
0.0,0.005,125.8
0.0,0.007,125.8
0.0,0.009,125.8
0.014,0.011,125.8
0.115,0.011,125.8
0.235,0.02,125.8
0.323,0.056,125.8
0.397,0.084,125.8
0.397,0.107,125.8
0.392,0.128,125.8
0.352,0.156,125.8
0.247,0.197,125.8
0.092,0.221,125.8
0.003,0.278,125.8
0.0,0.328,125.8
0.0,0.356,125.8
0.0,0.371,125.8
0.0,0.388,125.8
0.0,0.374,125.8
0.0,0.362,125.8
0.0,0.362,125.8
0.0,0.374,125.8
0.0,0.374,125.8
0.0,0.412,125.8
0.0,0.459,125.8
0.0,0.517,125.8
0.0,0.56,125.8
0.019,0.488,125.8
0.171,0.311,125.8
0.235,0.177,125.8
0.269,0.143,125.8
0.297,0.11,125.8
0.32,0.065,125.8
0.338,0.027,125.8
0.311,0.011,125.8
0.288,0.019,125.8
0.166,0.022,125.8
0.01,0.025,125.8
0.0,0.037,125.8
0.0,0.042,125.8
0.0,0.044,125.8
0.0,0.045,125.8
0.0,0.035,125.8
0.0,0.016,125.8
0.0,0.005,125.8
0.0,0.007,125.8
0.0,0.017,125.8
0.0,0.026,125.8
0.0,0.032,125.8
0.0,0.029,125.8
0.0,0.015,125.8
0.031,0.007,125.8
0.214,0.003,125.8
0.409,0.002,125.8
0.561,0.004,125.8
0.641,0.008,125.8
0.664,0.01,125.8
0.63,0.011,125.8
0.551,0.013,125.8
0.416,0.011,125.8
0.228,0.012,125.8
0.013,0.014,125.8
0.0,0.012,125.8
0.0,0.006,125.8
0.0,0.003,125.8
0.0,0.004,125.8
0.0,0.008,125.8
0.0,0.014,125.8
0.0,0.023,125.8
0.0,0.035,125.8
0.0,0.049,125.8
0.0,0.066,125.8
0.0,0.079,125.8
0.0,0.093,125.8
0.0,0.102,125.8
0.024,0.099,125.8
0.188,0.07,125.8
0.362,0.039,125.8
0.494,0.049,125.8
0.586,0.055,125.8
0.62,0.05,125.8
0.593,0.048,125.8
0.519,0.055,125.8
0.372,0.061,125.8
0.181,0.061,125.8
0.006,0.065,125.8
0.0,0.067,125.8
0.0,0.082,125.8
0.0,0.114,125.8
0.0,0.157,125.8
0.0,0.182,125.8
0.0,0.22,125.8
0.0,0.28,125.8
0.0,0.325,125.8
0.0,0.358,125.8
0.0,0.369,125.8
0.0,0.358,125.8
0.0,0.336,125.8
0.0,0.3,125.8
0.015,0.256,125.8
0.143,0.161,125.8
0.288,0.201,125.8
0.432,0.228,125.8
0.54,0.191,125.8
0.606,0.149,125.8
0.58,0.136,125.8
0.483,0.145,125.8
0.288,0.153,125.8
0.108,0.154,125.8
0.001,0.176,125.8
0.0,0.201,125.8
0.0,0.202,125.8
0.0,0.183,125.8
0.0,0.167,125.8
0.0,0.149,125.8
0.0,0.13,125.8
0.0,0.134,125.8
0.0,0.151,125.8
0.0,0.146,125.8
0.0,0.111,125.8
0.0,0.078,125.8
0.0,0.057,125.8
0.0,0.041,125.8
0.0,0.039,125.8
0.04,0.047,125.8
0.126,0.05,125.8
0.241,0.11,125.8
0.391,0.138,125.8
0.495,0.136,125.8
0.518,0.137,125.8
0.493,0.141,125.8
0.377,0.149,125.8
0.204,0.175,125.8
0.006,0.211,125.8
0.0,0.182,125.8
0.0,0.105,125.8
0.0,0.05,125.8
0.0,0.036,125.8
0.0,0.036,125.8
0.0,0.035,125.8
0.0,0.029,125.8
0.0,0.015,125.8
0.0,0.005,125.8
0.0,0.001,125.8
0.0,0.003,125.8
0.0,0.005,125.8
0.0,0.005,125.8
0.031,0.004,125.8
0.229,0.003,125.8
0.422,0.004,125.8
0.537,0.003,125.8
0.611,0.01,125.8
0.65,0.014,125.8
0.627,0.021,125.8
0.549,0.04,125.8
0.408,0.059,125.8
0.211,0.099,125.8
0.004,0.143,125.8
0.0,0.139,125.8
0.0,0.12,125.8
0.0,0.103,125.8
0.0,0.092,125.8
0.0,0.076,125.8
0.0,0.062,125.8
0.0,0.067,125.8
0.0,0.08,125.8
0.0,0.088,125.8
0.0,0.076,125.8
0.0,0.061,125.8
0.0,0.053,125.8
0.0,0.028,125.8
0.026,0.012,125.8
0.229,0.01,125.8
0.431,0.008,125.8
0.568,0.031,125.8
0.64,0.048,125.8
0.659,0.052,125.8
0.63,0.049,125.8
0.546,0.046,125.8
0.408,0.045,125.8
0.215,0.049,125.8
0.003,0.055,125.8
0.0,0.05,125.8
0.0,0.043,125.8
0.0,0.031,125.8
0.0,0.02,125.8
0.0,0.014,125.8
0.0,0.019,125.8
0.0,0.028,125.8
0.0,0.034,125.8
0.0,0.035,125.8
0.0,0.034,125.8
0.0,0.023,125.8
0.0,0.014,125.8
0.0,0.007,125.8
0.02,0.008,125.8
0.209,0.008,125.8
0.412,0.007,125.8
0.551,0.027,125.8
0.629,0.047,125.8
0.651,0.055,125.8
0.613,0.056,125.8
0.525,0.057,125.8
0.386,0.063,125.8
0.198,0.084,125.8
0.001,0.115,125.8
0.0,0.134,125.8
0.0,0.135,125.8
0.0,0.125,125.8
0.0,0.113,125.8
0.0,0.115,125.8
0.0,0.117,125.8
0.0,0.113,125.8
0.0,0.12,125.8
0.0,0.138,125.8
0.0,0.139,125.8
0.0,0.115,125.8
0.0,0.073,125.8
0.0,0.046,125.8
0.011,0.031,125.8
0.161,0.019,125.8
0.352,0.02,125.8
0.503,0.039,125.8
0.578,0.067,125.8
0.6,0.076,125.8
0.549,0.073,125.8
0.429,0.07,125.8
0.254,0.079,125.8
0.086,0.119,125.8
0.0,0.176,125.8
0.0,0.235,125.8
0.0,0.3,125.8
0.0,0.272,125.8
0.0,0.211,125.8
0.0,0.195,125.8
0.0,0.178,125.8
0.0,0.144,125.8
0.0,0.144,125.8
0.0,0.155,125.8
0.0,0.161,125.8
0.0,0.161,125.8
0.0,0.111,125.8
0.0,0.06,125.8
0.0,0.052,125.8
0.05,0.028,125.8
0.084,0.032,125.8
0.089,0.038,125.8
0.071,0.034,125.8
0.071,0.025,125.8
0.064,0.02,125.8
0.039,0.032,125.8
0.03,0.058,125.8
0.009,0.076,125.8
0.0,0.094,125.8
0.0,0.097,125.8
0.0,0.079,125.8
0.0,0.061,125.8
0.0,0.05,125.8
0.0,0.043,125.8
0.0,0.043,125.8
0.0,0.053,125.8
0.0,0.062,125.8
0.0,0.061,125.8
0.0,0.049,125.8
0.0,0.029,125.8
0.0,0.018,125.8
0.0,0.017,125.8
0.0,0.026,125.8
0.05,0.024,125.8
0.138,0.017,125.8
0.223,0.02,125.8
0.258,0.023,125.8
0.31,0.02,125.8
0.292,0.018,125.8
0.246,0.017,125.8
0.14,0.02,125.8
0.052,0.035,125.8
0.0,0.063,125.8
0.0,0.086,125.8
0.0,0.105,125.8
0.0,0.117,125.8
0.0,0.112,125.8
0.0,0.113,125.8
0.0,0.1,125.8
0.0,0.087,125.8
0.0,0.085,125.8
0.0,0.08,125.8
0.0,0.073,125.8
0.0,0.096,125.8
0.0,0.136,125.8
0.0,0.155,125.8
0.0,0.158,125.8
0.009,0.157,125.8
0.025,0.17,125.8
0.035,0.203,125.8
0.055,0.264,125.8
0.082,0.3,125.8
0.096,0.346,125.8
0.082,0.364,125.8
0.063,0.349,125.8
0.035,0.265,125.8
0.0,0.196,125.8
0.0,0.111,125.8
0.0,0.072,125.8
0.0,0.155,125.8
0.0,0.332,125.8
0.0,0.416,125.8
0.0,0.434,125.8
0.0,0.412,125.8
0.0,0.367,125.8
0.0,0.378,125.8
0.0,0.393,125.8
0.0,0.364,125.8
0.0,0.323,125.8
0.0,0.268,125.8
0.016,0.209,125.8
0.222,0.155,125.8
0.428,0.074,125.8
0.558,0.028,125.8
0.642,0.024,125.8
0.665,0.019,125.8
0.628,0.013,125.8
0.511,0.005,125.8
0.355,0.005,125.8
0.148,0.02,125.8
0.0,0.061,125.8
0.0,0.106,125.8
0.0,0.124,125.8
0.0,0.125,125.8
0.0,0.13,125.8
0.0,0.132,125.8
0.0,0.135,125.8
0.0,0.13,125.8
0.0,0.119,125.8
0.0,0.112,125.8
0.0,0.09,125.8
0.0,0.07,125.8
0.0,0.073,125.8
0.0,0.082,125.8
0.0,0.1,125.8
0.033,0.124,125.8
0.082,0.121,125.8
0.098,0.11,125.8
0.113,0.085,125.8
0.13,0.063,125.8
0.084,0.04,125.8
0.052,0.047,125.8
0.033,0.062,125.8
0.009,0.052,125.8
0.0,0.035,125.8
0.0,0.034,125.8
0.0,0.037,125.8
0.0,0.031,125.8
0.0,0.037,125.8
0.0,0.052,125.8
0.0,0.021,125.8
0.0,0.101,125.8
0.0,0.278,125.8
0.0,0.391,125.8
0.0,0.313,125.8
0.0,0.217,125.8
0.0,0.208,125.8
0.0,0.28,125.8
0.004,0.321,125.8
0.16,0.265,125.8
0.354,0.148,125.8
0.528,0.081,125.8
0.639,0.041,125.8
0.673,0.012,125.8
0.642,0.009,125.8
0.559,0.008,125.8
0.414,0.008,125.8
0.212,0.018,125.8
0.0,0.039,125.8
0.0,0.05,125.8
0.0,0.049,125.8
0.0,0.044,125.8
0.0,0.042,125.8
0.0,0.038,125.8
0.0,0.037,125.8
0.0,0.046,125.8
0.0,0.065,125.8
0.0,0.07,125.8
0.0,0.062,125.8
0.0,0.055,125.8
0.0,0.057,125.8
0.0,0.066,125.8
0.006,0.073,125.8
0.204,0.069,125.8
0.425,0.03,125.8
0.571,0.019,125.8
0.649,0.027,125.8
0.668,0.034,125.8
0.584,0.039,125.8
0.383,0.041,125.8
0.199,0.035,125.8
0.07,0.025,125.8
0.0,0.022,125.8
0.0,0.034,125.8
0.0,0.057,125.8
0.0,0.095,125.8
0.0,0.149,125.8
0.0,0.223,125.8
0.0,0.307,125.8
0.0,0.368,125.8
0.0,0.372,125.8
0.0,0.317,125.8
0.0,0.254,125.8
0.0,0.207,125.8
0.0,0.172,125.8
0.0,0.164,125.8
0.001,0.159,125.8
0.17,0.134,125.8
0.397,0.073,125.8
0.548,0.073,125.8
0.633,0.1,125.8
0.658,0.107,125.8
0.627,0.109,125.8
0.542,0.107,125.8
0.398,0.092,125.8
0.198,0.057,125.8
0.0,0.047,125.8
0.0,0.035,125.8
0.0,0.022,125.8
0.0,0.029,125.8
0.0,0.044,125.8
0.0,0.093,125.8
0.0,0.18,125.8
0.0,0.23,125.8
0.0,0.255,125.8
0.0,0.248,125.8
0.0,0.194,125.8
0.0,0.124,125.8
0.0,0.087,125.8
0.0,0.091,125.8
0.0,0.088,125.8
0.15,0.076,125.8
0.363,0.047,125.8
0.498,0.054,125.8
0.574,0.087,125.8
0.591,0.097,125.8
0.58,0.085,125.8
0.486,0.068,125.8
0.318,0.047,125.8
0.123,0.036,125.8
0.0,0.032,125.8
0.0,0.026,125.8
0.0,0.028,125.8
0.0,0.033,125.8
0.0,0.036,125.8
0.0,0.069,125.8
0.0,0.101,125.8
0.0,0.085,125.8
0.0,0.062,125.8
0.0,0.042,125.8
0.0,0.034,125.8
0.0,0.038,125.8
0.0,0.031,125.8
0.0,0.042,125.8
0.0,0.078,125.8
0.023,0.147,125.8
0.082,0.171,125.8
0.127,0.325,125.8
0.159,0.454,125.8
0.141,0.5,125.8
0.093,0.476,125.8
0.066,0.337,125.8
0.039,0.194,125.8
0.005,0.123,125.8
0.0,0.106,125.8
0.0,0.095,125.8
0.0,0.069,125.8
0.0,0.042,125.8
0.0,0.038,125.8
0.0,0.072,125.8
0.0,0.116,125.8
0.0,0.144,125.8
0.0,0.139,125.8
0.0,0.128,125.8
0.0,0.125,125.8
0.0,0.112,125.8
0.0,0.106,125.8
0.0,0.118,125.8
0.0,0.135,125.8
0.063,0.146,125.8
0.147,0.131,125.8
0.282,0.177,125.8
0.379,0.328,125.8
0.456,0.379,125.8
0.332,0.351,125.8
0.218,0.282,125.8
0.143,0.179,125.8
0.051,0.136,125.8
0.0,0.183,125.8
0.0,0.222,125.8
0.0,0.252,125.8
0.0,0.272,125.8
0.0,0.272,125.8
0.0,0.265,125.8
0.0,0.297,125.8
0.0,0.32,125.8
0.0,0.293,125.8
0.0,0.25,125.8
0.0,0.202,125.8
0.0,0.202,125.8
0.0,0.179,125.8
0.0,0.13,125.8
0.0,0.169,125.8
0.008,0.233,125.8
0.112,0.245,125.8
0.251,0.207,125.8
0.274,0.156,125.8
0.347,0.123,125.8
0.379,0.122,125.8
0.321,0.134,125.8
0.217,0.127,125.8
0.047,0.105,125.8
0.0,0.096,125.8
0.0,0.093,125.8
0.0,0.097,125.8
0.0,0.105,125.8
0.0,0.11,125.8
0.0,0.114,125.8
0.0,0.134,125.8
0.0,0.155,125.8
0.0,0.178,125.8
0.0,0.18,125.8
0.0,0.131,125.8
0.0,0.082,125.8
0.0,0.067,125.8
0.0,0.058,125.8
0.0,0.057,125.8
0.028,0.049,125.8
0.08,0.015,125.8
0.125,0.004,125.8
0.175,0.004,125.8
0.186,0.007,125.8
0.169,0.009,125.8
0.134,0.01,125.8
0.1,0.007,125.8
0.045,0.004,125.8
0.0,0.002,125.8
0.0,0.003,125.8
0.0,0.005,125.8
0.0,0.005,125.8
0.0,0.003,125.8
0.0,0.009,125.8
0.0,0.038,125.8
0.0,0.057,125.8
0.0,0.075,125.8
0.0,0.074,125.8
0.0,0.045,125.8
0.0,0.035,125.8
0.0,0.048,125.8
0.0,0.07,125.8
0.0,0.105,125.8
0.017,0.128,125.8
0.057,0.11,125.8
0.11,0.101,125.8
0.206,0.108,125.8
0.266,0.106,125.8
0.248,0.082,125.8
0.186,0.055,125.8
0.111,0.04,125.8
0.025,0.046,125.8
0.0,0.05,125.8
0.0,0.051,125.8
0.0,0.051,125.8
0.0,0.051,125.8
0.0,0.043,125.8
0.0,0.024,125.8
0.0,0.008,125.8
0.0,0.002,125.8
0.0,0.001,125.8
0.0,0.003,125.8
0.0,0.005,125.8
0.0,0.006,125.8
0.0,0.006,125.8
0.0,0.006,125.8
0.0,0.008,125.8
0.073,0.019,125.8
0.232,0.023,125.8
0.382,0.018,125.8
0.434,0.02,125.8
0.444,0.026,125.8
0.408,0.026,125.8
0.277,0.026,125.8
0.147,0.026,125.8
0.038,0.035,125.8
0.0,0.058,125.8
0.0,0.085,125.8
0.0,0.106,125.8
0.0,0.101,125.8
0.0,0.068,125.8
0.0,0.033,125.8
0.0,0.028,125.8
0.0,0.073,125.8
0.0,0.172,125.8
0.0,0.266,125.8
0.0,0.297,125.8
0.0,0.285,125.8
0.0,0.261,125.8
0.0,0.228,125.8
0.0,0.225,125.8
0.005,0.213,125.8
0.03,0.202,125.8
0.04,0.205,125.8
0.045,0.22,125.8
0.043,0.236,125.8
0.037,0.249,125.8
0.025,0.262,125.8
0.011,0.287,125.8
0.0,0.316,125.8
0.0,0.325,125.8
0.0,0.334,125.8
0.0,0.368,125.8
0.0,0.378,125.8
0.0,0.375,125.8
0.0,0.355,125.8
0.0,0.388,125.8
0.0,0.455,125.8
0.0,0.522,125.8
0.0,0.578,125.8
0.0,0.625,125.8
0.0,0.657,125.8
0.0,0.682,125.8
0.0,0.697,125.8
0.0,0.72,125.8
0.001,0.734,125.8
0.023,0.708,125.8
0.044,0.668,125.8
0.057,0.625,125.8
0.062,0.58,125.8
0.065,0.523,125.8
0.056,0.444,125.8
0.032,0.362,125.8
0.008,0.303,125.8
0.0,0.306,125.8
0.0,0.296,125.8
0.0,0.261,125.8
0.0,0.246,125.8
0.0,0.255,125.8
0.0,0.291,125.8
0.0,0.292,125.8
0.0,0.278,125.8
0.0,0.249,125.8
0.0,0.227,125.8
0.0,0.202,125.8
0.0,0.154,125.8
0.0,0.127,125.8
0.0,0.128,125.8
0.0,0.139,125.8
0.056,0.144,125.8
0.166,0.112,125.8
0.243,0.139,125.8
0.26,0.223,125.8
0.232,0.224,125.8
0.158,0.2,125.8
0.09,0.163,125.8
0.037,0.113,125.8
0.002,0.079,125.8
0.0,0.057,125.8
0.0,0.029,125.8
0.0,0.012,125.8
0.0,0.013,125.8
0.0,0.034,125.8
0.0,0.056,125.8
0.0,0.054,125.8
0.0,0.039,125.8
0.0,0.038,125.8
0.0,0.045,125.8
0.0,0.045,125.8
0.0,0.034,125.8
0.0,0.02,125.8
0.0,0.013,125.8
0.0,0.01,125.8
0.021,0.008,125.8
0.104,0.007,125.8
0.203,0.012,125.8
0.282,0.02,125.8
0.274,0.024,125.8
0.24,0.026,125.8
0.219,0.022,125.8
0.125,0.013,125.8
0.034,0.007,125.8
0.0,0.004,125.8
0.0,0.007,125.8
0.0,0.01,125.8
0.0,0.012,125.8
0.0,0.01,125.8
0.0,0.007,125.8
0.0,0.007,125.8
0.0,0.012,125.8
0.0,0.017,125.8
0.0,0.019,125.8
0.0,0.017,125.8
0.0,0.012,125.8
0.0,0.005,125.8
0.0,0.003,125.8
0.0,0.004,125.8
0.06,0.009,125.8
0.205,0.014,125.8
0.315,0.023,125.8
0.382,0.046,125.8
0.363,0.053,125.8
0.382,0.061,125.8
0.327,0.084,125.8
0.187,0.097,125.8
0.052,0.122,125.8
0.0,0.144,125.8
0.0,0.12,125.8
0.0,0.096,125.8
0.0,0.086,125.8
0.0,0.058,125.8
0.0,0.033,125.8
0.0,0.029,125.8
0.0,0.025,125.8
0.0,0.019,125.8
0.0,0.018,125.8
0.0,0.017,125.8
0.0,0.024,125.8
0.0,0.028,125.8
0.0,0.019,125.8
0.0,0.011,125.8
0.044,0.007,125.8
0.179,0.005,125.8
0.367,0.005,125.8
0.535,0.007,125.8
0.589,0.009,125.8
0.56,0.012,125.8
0.469,0.014,125.8
0.319,0.014,125.8
0.107,0.011,125.8
0.0,0.011,125.8
0.0,0.019,125.8
0.0,0.019,125.8
0.0,0.012,125.8
0.0,0.006,125.8
0.0,0.003,125.8
0.0,0.003,125.8
0.0,0.005,125.8
0.0,0.005,125.8
0.0,0.005,125.8
0.0,0.005,125.8
0.0,0.005,125.8
0.0,0.007,125.8
0.0,0.009,125.8
0.0,0.009,125.8
0.064,0.008,125.8
0.196,0.006,125.8
0.353,0.004,125.8
0.463,0.004,125.8
0.5,0.004,125.8
0.51,0.004,125.8
0.469,0.004,125.8
0.329,0.003,125.8
0.106,0.005,125.8
0.0,0.008,125.8
0.0,0.013,125.8
0.0,0.017,125.8
0.0,0.02,125.8
0.0,0.019,125.8
0.0,0.017,125.8
0.0,0.016,125.8
0.0,0.015,125.8
0.0,0.012,125.8
0.0,0.009,125.8
0.0,0.008,125.8
0.0,0.007,125.8
0.0,0.007,125.8
0.0,0.006,125.8
0.0,0.006,125.8
0.016,0.004,125.8
0.077,0.002,125.8
0.156,0.002,125.8
0.226,0.002,125.8
0.265,0.003,125.8
0.209,0.003,125.8
0.129,0.006,125.8
0.072,0.011,125.8
0.014,0.026,125.8
0.0,0.065,125.8
0.0,0.112,125.8
0.0,0.133,125.8
0.0,0.125,125.8
0.0,0.109,125.8
0.0,0.089,125.8
0.0,0.067,125.8
0.0,0.054,125.8
0.0,0.054,125.8
0.0,0.072,125.8
0.0,0.107,125.8
0.0,0.133,125.8
0.0,0.146,125.8
0.0,0.152,125.8
0.0,0.148,125.8
0.002,0.128,125.8
0.034,0.089,125.8
0.075,0.07,125.8
0.102,0.061,125.8
0.117,0.054,125.8
0.126,0.046,125.8
0.111,0.038,125.8
0.062,0.029,125.8
0.007,0.028,125.8
0.0,0.03,125.8
0.0,0.038,125.8
0.0,0.059,125.8
0.0,0.085,125.8
0.0,0.115,125.8
0.0,0.155,125.8
0.0,0.209,125.8
0.0,0.289,125.8
0.0,0.347,125.8
0.0,0.355,125.8
0.0,0.341,125.8
0.0,0.322,125.8
0.0,0.281,125.8
0.0,0.267,125.8
0.0,0.249,125.8
0.037,0.212,125.8
0.178,0.188,125.8
0.33,0.261,125.8
0.445,0.334,125.8
0.526,0.332,125.8
0.531,0.289,125.8
0.461,0.241,125.8
0.304,0.18,125.8
0.081,0.148,125.8
0.0,0.133,125.8
0.0,0.127,125.8
0.0,0.138,125.8
0.0,0.155,125.8
0.0,0.17,125.8
0.0,0.189,125.8
0.0,0.2,125.8
0.0,0.197,125.8
0.0,0.188,125.8
0.0,0.17,125.8
0.0,0.154,125.8
0.0,0.131,125.8
0.0,0.099,125.8
0.0,0.077,125.8
0.0,0.079,125.8
0.121,0.095,125.8
0.358,0.062,125.8
0.517,0.073,125.8
0.602,0.115,125.8
0.626,0.118,125.8
0.594,0.125,125.8
0.502,0.132,125.8
0.343,0.133,125.8
0.098,0.163,125.8
0.0,0.196,125.8
0.0,0.194,125.8
0.0,0.183,125.8
0.0,0.185,125.8
0.0,0.199,125.8
0.0,0.202,125.8
0.0,0.195,125.8
0.0,0.201,125.8
0.0,0.249,125.8
0.0,0.272,125.8
0.0,0.241,125.8
0.0,0.201,125.8
0.0,0.144,125.8
0.0,0.102,125.8
0.0,0.089,125.8
0.0,0.108,125.8
0.006,0.147,125.8
0.02,0.188,125.8
0.034,0.18,125.8
0.044,0.142,125.8
0.034,0.099,125.8
0.021,0.073,125.8
0.009,0.056,125.8
0.0,0.041,125.8
0.0,0.025,125.8
0.0,0.015,125.8
0.0,0.008,125.8
0.0,0.006,125.8
0.0,0.01,125.8
0.0,0.009,125.8
0.0,0.009,125.8
0.0,0.004,125.8
0.0,0.006,125.8
0.0,0.021,125.8
0.0,0.041,125.8
0.0,0.062,125.8
0.0,0.07,125.8
0.0,0.064,125.8
0.0,0.064,125.8
0.009,0.068,125.8
0.08,0.058,125.8
0.211,0.05,125.8
0.346,0.047,125.8
0.435,0.047,125.8
0.467,0.053,125.8
0.401,0.065,125.8
0.274,0.083,125.8
0.062,0.126,125.8
0.0,0.144,125.8
0.0,0.102,125.8
0.0,0.051,125.8
0.0,0.023,125.8
0.0,0.033,125.8
0.0,0.046,125.8
0.0,0.054,125.8
0.0,0.065,125.8
0.0,0.063,125.8
0.0,0.043,125.8
0.0,0.02,125.8
0.0,0.009,125.8
0.0,0.008,125.8
0.0,0.022,125.8
0.0,0.037,125.8
0.038,0.043,125.8
0.193,0.03,125.8
0.374,0.019,125.8
0.504,0.014,125.8
0.52,0.015,125.8
0.259,0.03,125.8
0.123,0.028,125.8
0.08,0.024,125.8
0.008,0.029,125.8
0.0,0.042,125.8
0.0,0.069,125.8
0.0,0.11,125.8
0.0,0.109,125.8
0.0,0.079,125.8
0.0,0.087,125.8
0.0,0.112,125.8
0.0,0.125,125.8
0.0,0.131,125.8
0.0,0.125,125.8
0.0,0.106,125.8
0.0,0.1,125.8
0.0,0.126,125.8
0.0,0.175,125.8
0.0,0.2,125.8
0.042,0.166,125.8
0.181,0.099,125.8
0.295,0.059,125.8
0.358,0.057,125.8
0.389,0.065,125.8
0.371,0.07,125.8
0.27,0.05,125.8
0.167,0.015,125.8
0.046,0.019,125.8
0.0,0.035,125.8
0.0,0.047,125.8
0.0,0.055,125.8
0.0,0.074,125.8
0.0,0.106,125.8
0.0,0.14,125.8
0.0,0.154,125.8
0.0,0.156,125.8
0.0,0.167,125.8
0.0,0.186,125.8
0.0,0.206,125.8
0.0,0.207,125.8
0.0,0.203,125.8
0.0,0.198,125.8
0.0,0.194,125.8
0.097,0.198,125.8
0.334,0.198,125.8
0.494,0.181,125.8
0.577,0.243,125.8
0.597,0.422,125.8
0.567,0.538,125.8
0.481,0.613,125.8
0.325,0.734,125.8
0.084,0.805,125.8
0.0,0.776,125.8
0.0,0.743,125.8
0.0,0.691,125.8
0.0,0.6,125.8
0.0,0.519,125.8
0.0,0.463,125.8
0.0,0.425,125.8
0.0,0.364,125.8
0.0,0.334,125.8
0.0,0.301,125.8
0.0,0.264,125.8
0.0,0.238,125.8
0.0,0.198,125.8
0.0,0.16,125.8
0.0,0.167,125.8
0.131,0.178,125.8
0.384,0.135,125.8
0.545,0.078,125.8
0.629,0.105,125.8
0.65,0.19,125.8
0.613,0.282,125.8
0.517,0.288,125.8
0.355,0.295,125.8
0.085,0.386,125.8
0.0,0.501,125.8
0.0,0.576,125.8
0.0,0.561,125.8
0.0,0.537,125.8
0.0,0.542,125.8
0.0,0.522,125.8
0.0,0.459,125.8
0.0,0.388,125.8
0.0,0.324,125.8
0.0,0.27,125.8
0.0,0.247,125.8
0.0,0.204,125.8
0.0,0.159,125.8
0.0,0.128,125.8
0.0,0.094,125.8
0.076,0.061,125.8
0.285,0.028,125.8
0.455,0.026,125.8
0.561,0.028,125.8
0.589,0.019,125.8
0.523,0.017,125.8
0.398,0.022,125.8
0.173,0.045,125.8
0.017,0.115,125.8
0.0,0.161,125.8
0.0,0.154,125.8
0.0,0.145,125.8
0.0,0.152,125.8
0.0,0.165,125.8
0.0,0.167,125.8
0.0,0.125,125.8
0.0,0.086,125.8
0.0,0.059,125.8
0.0,0.034,125.8
0.0,0.019,125.8
0.0,0.009,125.8
0.0,0.012,125.8
0.0,0.017,125.8
0.0,0.016,125.8
0.0,0.015,125.8
0.035,0.011,125.8
0.092,0.008,125.8
0.198,0.006,125.8
0.356,0.003,125.8
0.378,0.002,125.8
0.347,0.002,125.8
0.257,0.005,125.8
0.052,0.034,125.8
0.0,0.035,125.8
0.0,0.012,125.8
0.0,0.117,125.8
0.0,0.4,125.8
0.0,0.622,125.8
0.0,0.663,125.8
0.0,0.64,125.8
0.0,0.618,125.8
0.0,0.589,125.8
0.0,0.517,125.8
0.0,0.479,125.8
0.0,0.502,125.8
0.0,0.5,125.8
0.0,0.438,125.8
0.0,0.401,125.8
0.098,0.399,125.8
0.345,0.289,125.8
0.529,0.181,125.8
0.622,0.206,125.8
0.647,0.133,125.8
0.613,0.069,125.8
0.518,0.037,125.8
0.349,0.026,125.8
0.07,0.025,125.8
0.0,0.026,125.8
0.0,0.034,125.8
0.0,0.041,125.8
0.0,0.048,125.8
0.0,0.059,125.8
0.0,0.062,125.8
0.0,0.056,125.8
0.0,0.032,125.8
0.0,0.033,125.8
0.0,0.061,125.8
0.0,0.076,125.8
0.0,0.067,125.8
0.0,0.064,125.8
0.0,0.06,125.8
0.0,0.058,125.8
0.015,0.054,125.8
0.054,0.044,125.8
0.246,0.015,125.8
0.407,0.006,125.8
0.267,0.02,125.8
0.199,0.022,125.8
0.172,0.03,125.8
0.057,0.07,125.8
0.0,0.131,125.8
0.0,0.137,125.8
0.0,0.106,125.8
0.0,0.084,125.8
0.0,0.086,125.8
0.0,0.064,125.8
0.0,0.059,125.8
0.0,0.064,125.8
0.0,0.036,125.8
0.0,0.011,125.8
0.0,0.001,125.8
0.0,0.017,125.8
0.0,0.075,125.8
0.0,0.114,125.8
0.0,0.125,125.8
0.0,0.128,125.8
0.054,0.113,125.8
0.294,0.059,125.8
0.519,0.015,125.8
0.611,0.009,125.8
0.636,0.014,125.8
0.598,0.021,125.8
0.491,0.022,125.8
0.292,0.015,125.8
0.044,0.009,125.8
0.0,0.008,125.8
0.0,0.011,125.8
0.0,0.018,125.8
0.0,0.031,125.8
0.0,0.045,125.8
0.0,0.052,125.8
0.0,0.055,125.8
0.0,0.06,125.8
0.0,0.062,125.8
0.0,0.055,125.8
0.0,0.041,125.8
0.0,0.026,125.8
0.0,0.023,125.8
0.0,0.032,125.8
0.0,0.049,125.8
0.085,0.06,125.8
0.329,0.051,125.8
0.502,0.03,125.8
0.6,0.028,125.8
0.632,0.044,125.8
0.599,0.053,125.8
0.502,0.037,125.8
0.332,0.016,125.8
0.063,0.011,125.8
0.0,0.009,125.8
0.0,0.008,125.8
0.0,0.013,125.8
0.0,0.032,125.8
0.0,0.042,125.8
0.0,0.043,125.8
0.0,0.041,125.8
0.0,0.037,125.8
0.0,0.034,125.8
0.0,0.034,125.8
0.0,0.036,125.8
0.0,0.027,125.8
0.0,0.022,125.8
0.0,0.017,125.8
0.0,0.025,125.8
0.095,0.059,125.8
0.353,0.056,125.8
0.528,0.028,125.8
0.62,0.014,125.8
0.644,0.008,125.8
0.609,0.003,125.8
0.511,0.002,125.8
0.339,0.014,125.8
0.038,0.035,125.8
0.0,0.043,125.8
0.0,0.052,125.8
0.0,0.055,125.8
0.0,0.1,125.8
0.0,0.163,125.8
0.0,0.22,125.8
0.0,0.24,125.8
0.0,0.256,125.8
0.0,0.261,125.8
0.0,0.222,125.8
0.0,0.156,125.8
0.0,0.162,125.8
0.0,0.213,125.8
0.0,0.243,125.8
0.0,0.278,125.8
0.0,0.272,125.8
0.033,0.294,125.8
0.067,0.398,125.8
0.083,0.314,125.8
0.102,0.245,125.8
0.115,0.199,125.8
0.077,0.13,125.8
0.043,0.084,125.8
0.0,0.054,125.8
0.0,0.041,125.8
0.0,0.026,125.8
0.0,0.014,125.8
0.0,0.009,125.8
0.0,0.018,125.8
0.0,0.049,125.8
0.0,0.082,125.8
0.0,0.1,125.8
0.0,0.111,125.8
0.0,0.125,125.8
0.0,0.158,125.8
0.0,0.208,125.8
0.0,0.238,125.8
0.0,0.218,125.8
0.0,0.183,125.8
0.002,0.146,125.8
0.04,0.105,125.8
0.092,0.084,125.8
0.173,0.07,125.8
0.251,0.066,125.8
0.309,0.064,125.8
0.315,0.053,125.8
0.215,0.049,125.8
0.034,0.058,125.8
0.0,0.088,125.8
0.0,0.149,125.8
0.0,0.174,125.8
0.0,0.178,125.8
0.0,0.17,125.8
0.0,0.131,125.8
0.0,0.086,125.8
0.0,0.08,125.8
0.0,0.093,125.8
0.0,0.047,125.8
0.0,0.031,125.8
0.0,0.07,125.8
0.0,0.1,125.8
0.0,0.054,125.8
0.0,0.037,125.8
0.0,0.063,125.8
0.014,0.089,125.8
0.043,0.079,125.8
0.054,0.071,125.8
0.055,0.073,125.8
0.046,0.068,125.8
0.033,0.053,125.8
0.012,0.041,125.8
0.0,0.029,125.8
0.0,0.029,125.8
0.0,0.035,125.8
0.0,0.038,125.8
0.0,0.035,125.8
0.0,0.025,125.8
0.0,0.015,125.8
0.0,0.018,125.8
0.0,0.03,125.8
0.0,0.045,125.8
0.0,0.074,125.8
0.0,0.103,125.8
0.0,0.111,125.8
0.0,0.104,125.8
0.0,0.107,125.8
0.0,0.115,125.8
0.115,0.127,125.8
0.363,0.132,125.8
0.525,0.106,125.8
0.603,0.069,125.8
0.624,0.041,125.8
0.594,0.031,125.8
0.491,0.041,125.8
0.31,0.074,125.8
0.047,0.161,125.8
0.0,0.317,125.8
0.0,0.466,125.8
0.0,0.466,125.8
0.0,0.359,125.8
0.0,0.237,125.8
0.0,0.131,125.8
0.0,0.071,125.8
0.0,0.063,125.8
0.0,0.068,125.8
0.0,0.073,125.8
0.0,0.089,125.8
0.0,0.107,125.8
0.0,0.101,125.8
0.0,0.077,125.8
0.0,0.057,125.8
0.117,0.042,125.8
0.365,0.031,125.8
0.534,0.013,125.8
0.622,0.006,125.8
0.644,0.006,125.8
0.606,0.009,125.8
0.505,0.021,125.8
0.329,0.053,125.8
0.052,0.084,125.8
0.0,0.1,125.8
0.0,0.104,125.8
0.0,0.098,125.8
0.0,0.079,125.8
0.0,0.047,125.8
0.0,0.023,125.8
0.0,0.016,125.8
0.0,0.016,125.8
0.0,0.016,125.8
0.0,0.013,125.8
0.0,0.011,125.8
0.0,0.01,125.8
0.0,0.01,125.8
0.0,0.01,125.8
0.0,0.009,125.8
0.092,0.009,125.8
0.321,0.011,125.8
0.486,0.007,125.8
0.575,0.003,125.8
0.599,0.001,125.8
0.563,0.001,125.8
0.463,0.001,125.8
0.287,0.001,125.8
0.04,0.001,125.8
0.0,0.002,125.8
0.0,0.002,125.8
0.0,0.004,125.8
0.0,0.006,125.8
0.0,0.009,125.8
0.0,0.011,125.8
0.0,0.014,125.8
0.0,0.016,125.8
0.0,0.012,125.8
0.0,0.005,125.8
0.0,0.003,125.8
0.0,0.006,125.8
0.0,0.008,125.8
0.0,0.008,125.8
0.0,0.005,125.8
0.057,0.004,125.8
0.231,0.004,125.8
0.389,0.002,125.8
0.504,0.001,125.8
0.424,0.001,125.8
0.27,0.001,125.8
0.19,0.003,125.8
0.178,0.005,125.8
0.029,0.005,125.8
0.0,0.003,125.8
0.0,0.004,125.8
0.0,0.007,125.8
0.0,0.019,125.8
0.0,0.039,125.8
0.0,0.054,125.8
0.0,0.075,125.8
0.0,0.104,125.8
0.0,0.12,125.8
0.0,0.121,125.8
0.0,0.1,125.8
0.0,0.081,125.8
0.0,0.071,125.8
0.0,0.073,125.8
0.0,0.085,125.8
0.07,0.089,125.8
0.233,0.069,125.8
0.432,0.032,125.8
0.559,0.031,125.8
0.586,0.048,125.8
0.539,0.054,125.8
0.433,0.053,125.8
0.252,0.049,125.8
0.028,0.043,125.8
0.0,0.041,125.8
0.0,0.04,125.8
0.0,0.03,125.8
0.0,0.015,125.8
0.0,0.006,125.8
0.0,0.004,125.8
0.0,0.002,125.8
0.0,0.004,125.8
0.0,0.008,125.8
0.0,0.011,125.8
0.0,0.012,125.8
0.0,0.012,125.8
0.0,0.01,125.8
0.0,0.008,125.8
0.0,0.009,125.8
0.005,0.009,125.8
0.062,0.009,125.8
0.141,0.009,125.8
0.234,0.01,125.8
0.302,0.009,125.8
0.362,0.013,125.8
0.301,0.02,125.8
0.157,0.029,125.8
0.011,0.053,125.8
0.0,0.089,125.8
0.0,0.12,125.8
0.0,0.127,125.8
0.0,0.112,125.8
0.0,0.096,125.8
0.0,0.077,125.8
0.0,0.05,125.8
0.0,0.032,125.8
0.0,0.025,125.8
0.0,0.025,125.8
0.0,0.031,125.8
0.0,0.049,125.8
0.0,0.073,125.8
0.0,0.085,125.8
0.0,0.088,125.8
0.042,0.077,125.8
0.205,0.038,125.8
0.41,0.017,125.8
0.573,0.011,125.8
0.602,0.008,125.8
0.566,0.008,125.8
0.467,0.009,125.8
0.292,0.008,125.8
0.041,0.006,125.8
0.0,0.006,125.8
0.0,0.007,125.8
0.0,0.007,125.8
0.0,0.015,125.8
0.0,0.023,125.8
0.0,0.041,125.8
0.0,0.083,125.8
0.0,0.107,125.8
0.0,0.126,125.8
0.0,0.162,125.8
0.0,0.139,125.8
0.0,0.101,125.8
0.0,0.085,125.8
0.0,0.076,125.8
0.0,0.066,125.8
0.093,0.047,125.8
0.322,0.025,125.8
0.482,0.014,125.8
0.573,0.018,125.8
0.596,0.019,125.8
0.561,0.013,125.8
0.456,0.009,125.8
0.272,0.006,125.8
0.033,0.003,125.8
0.0,0.001,125.8
0.0,0.002,125.8
0.0,0.004,125.8
0.0,0.005,125.8
0.0,0.006,125.8
0.0,0.006,125.8
0.0,0.007,125.8
0.0,0.007,125.8
0.0,0.006,125.8
0.0,0.007,125.8
0.0,0.009,125.8
0.0,0.017,125.8
0.0,0.029,125.8
0.0,0.038,125.8
0.0,0.044,125.8
0.056,0.048,125.8
0.252,0.051,125.8
0.452,0.047,125.8
0.589,0.05,125.8
0.613,0.053,125.8
0.574,0.05,125.8
0.472,0.044,125.8
0.292,0.036,125.8
0.04,0.041,125.8
0.0,0.055,125.8
0.0,0.071,125.8
0.0,0.087,125.8
0.0,0.111,125.8
0.0,0.146,125.8
0.0,0.186,125.8
0.0,0.219,125.8
0.0,0.249,125.8
0.0,0.278,125.8
0.0,0.3,125.8
0.0,0.311,125.8
0.0,0.32,125.8
0.0,0.331,125.8
0.0,0.3,125.8
0.0,0.24,125.8
0.12,0.16,125.8
0.358,0.074,125.8
0.518,0.012,125.8
0.6,0.059,125.8
0.617,0.156,125.8
0.571,0.207,125.8
0.459,0.205,125.8
0.267,0.211,125.8
0.03,0.264,125.8
0.0,0.305,125.8
0.0,0.3,125.8
0.0,0.264,125.8
0.0,0.22,125.8
0.0,0.193,125.8
0.0,0.158,125.8
0.0,0.113,125.8
0.0,0.069,125.8
0.0,0.039,125.8
0.0,0.026,125.8
0.0,0.019,125.8
0.0,0.016,125.8
0.0,0.01,125.8
0.0,0.007,125.8
0.0,0.007,125.8
0.024,0.006,125.8
0.141,0.004,125.8
0.296,0.003,125.8
0.366,0.007,125.8
0.379,0.011,125.8
0.354,0.013,125.8
0.268,0.014,125.8
0.144,0.014,125.8
0.011,0.013,125.8
0.0,0.011,125.8
0.0,0.007,125.8
0.0,0.009,125.8
0.0,0.015,125.8
0.0,0.02,125.8
0.0,0.021,125.8
0.0,0.017,125.8
0.0,0.012,125.8
0.0,0.009,125.8
0.0,0.006,125.8
0.0,0.005,125.8
0.0,0.004,125.8
0.0,0.004,125.8
0.0,0.005,125.8
0.0,0.006,125.8
0.013,0.008,125.8
0.093,0.006,125.8
0.186,0.006,125.8
0.236,0.007,125.8
0.309,0.007,125.8
0.351,0.009,125.8
0.333,0.01,125.8
0.176,0.01,125.8
0.014,0.009,125.8
0.0,0.011,125.8
0.0,0.013,125.8
0.0,0.009,125.8
0.0,0.007,125.8
0.0,0.008,125.8
0.0,0.008,125.8
0.0,0.007,125.8
0.0,0.005,125.8
0.0,0.003,125.8
0.0,0.001,125.8
0.0,0.002,125.8
0.0,0.004,125.8
0.0,0.004,125.8
0.0,0.004,125.8
0.0,0.005,125.8
0.002,0.007,125.8
0.054,0.008,125.8
0.144,0.008,125.8
0.245,0.007,125.8
0.291,0.011,125.8
0.286,0.014,125.8
0.212,0.013,125.8
0.089,0.012,125.8
0.005,0.016,125.8
0.0,0.022,125.8
0.0,0.024,125.8
0.0,0.019,125.8
0.0,0.014,125.8
0.0,0.012,125.8
0.0,0.012,125.8
0.0,0.014,125.8
0.0,0.016,125.8
0.0,0.016,125.8
0.0,0.015,125.8
0.0,0.016,125.8
0.0,0.02,125.8
0.0,0.02,125.8
0.0,0.016,125.8
0.0,0.02,125.8
0.003,0.022,125.8
0.038,0.021,125.8
0.054,0.015,125.8
0.055,0.011,125.8
0.068,0.01,125.8
0.085,0.009,125.8
0.059,0.009,125.8
0.024,0.009,125.8
0.0,0.012,125.8
0.0,0.018,125.8
0.0,0.02,125.8
0.0,0.017,125.8
0.0,0.015,125.8
0.0,0.017,125.8
0.0,0.015,125.8
0.0,0.015,125.8
0.0,0.021,125.8
0.0,0.023,125.8
0.0,0.02,125.8
0.0,0.017,125.8
0.0,0.014,125.8
0.0,0.011,125.8
0.0,0.007,125.8
0.0,0.005,125.8
0.0,0.004,125.8
0.012,0.004,125.8
0.028,0.004,125.8
0.04,0.006,125.8
0.043,0.005,125.8
0.037,0.003,125.8
0.023,0.002,125.8
0.006,0.005,125.8
0.0,0.008,125.8
0.0,0.008,125.8
0.0,0.007,125.8
0.0,0.005,125.8
0.0,0.005,125.8
0.0,0.006,125.8
0.0,0.007,125.8
0.0,0.009,125.8
0.0,0.014,125.8
0.0,0.015,125.8
0.0,0.01,125.8
0.0,0.005,125.8
0.0,0.002,125.8
0.0,0.002,125.8
0.0,0.004,125.8
0.0,0.006,125.8
0.0,0.006,125.8
0.069,0.008,125.8
0.216,0.009,125.8
0.393,0.018,125.8
0.449,0.039,125.8
0.372,0.063,125.8
0.202,0.077,125.8
0.075,0.09,125.8
0.004,0.113,125.8
0.0,0.119,125.8
0.0,0.085,125.8
0.0,0.051,125.8
0.0,0.027,125.8
0.0,0.012,125.8
0.0,0.006,125.8
0.0,0.005,125.8
0.0,0.003,125.8
0.0,0.003,125.8
0.0,0.004,125.8
0.0,0.005,125.8
0.0,0.003,125.8
0.0,0.003,125.8
0.0,0.002,125.8
0.0,0.002,125.8
0.0,0.002,125.8
0.019,0.005,125.8
0.047,0.008,125.8
0.051,0.011,125.8
0.037,0.017,125.8
0.025,0.014,125.8
0.021,0.008,125.8
0.007,0.005,125.8
0.0,0.01,125.8
0.0,0.013,125.8
0.0,0.009,125.8
0.0,0.005,125.8
0.0,0.006,125.8
0.0,0.006,125.8
0.0,0.005,125.8
0.0,0.005,125.8
0.0,0.004,125.8
0.0,0.003,125.8
0.0,0.004,125.8
0.0,0.003,125.8
0.0,0.003,125.8
0.0,0.002,125.8
0.0,0.002,125.8
0.0,0.003,125.8
0.006,0.004,125.8
0.096,0.007,125.8
0.213,0.002,125.8
0.309,0.001,125.8
0.33,0.001,125.8
0.152,0.009,125.8
0.053,0.016,125.8
0.018,0.014,125.8
0.0,0.004,125.8
0.0,0.003,125.8
0.0,0.002,125.8
0.0,0.003,125.8
0.0,0.003,125.8
0.0,0.002,125.8
0.0,0.001,125.8
0.0,0.007,125.8
0.0,0.018,125.8
0.0,0.025,125.8
0.0,0.029,125.8
0.0,0.024,125.8
0.0,0.031,125.8
0.0,0.039,125.8
0.0,0.055,125.8
0.0,0.079,125.8
0.009,0.104,125.8
0.067,0.094,125.8
0.158,0.051,125.8
0.368,0.017,125.8
0.364,0.011,125.8
0.262,0.014,125.8
0.109,0.018,125.8
0.052,0.019,125.8
0.001,0.034,125.8
0.0,0.059,125.8
0.0,0.082,125.8
0.0,0.108,125.8
0.0,0.139,125.8
0.0,0.133,125.8
0.0,0.087,125.8
0.0,0.06,125.8
0.0,0.038,125.8
0.0,0.02,125.8
0.0,0.013,125.8
0.0,0.012,125.8
0.0,0.009,125.8
0.0,0.009,125.8
0.0,0.012,125.8
0.0,0.016,125.8
0.012,0.013,125.8
0.093,0.005,125.8
0.207,0.002,125.8
0.346,0.002,125.8
0.384,0.004,125.8
0.368,0.006,125.8
0.289,0.012,125.8
0.147,0.018,125.8
0.013,0.023,125.8
0.0,0.022,125.8
0.0,0.019,125.8
0.0,0.017,125.8
0.0,0.014,125.8
0.0,0.014,125.8
0.0,0.021,125.8
0.0,0.027,125.8
0.0,0.021,125.8
0.0,0.01,125.8
0.0,0.004,125.8
0.0,0.002,125.8
0.0,0.003,125.8
0.0,0.004,125.8
0.0,0.003,125.8
0.0,0.002,125.8
0.051,0.003,125.8
0.208,0.005,125.8
0.359,0.003,125.8
0.457,0.002,125.8
0.478,0.001,125.8
0.455,0.003,125.8
0.376,0.004,125.8
0.236,0.008,125.8
0.035,0.014,125.8
0.0,0.029,125.8
0.0,0.06,125.8
0.0,0.133,125.8
0.0,0.172,125.8
0.0,0.151,125.8
0.0,0.149,125.8
0.0,0.164,125.8
0.0,0.191,125.8
