solar_cf,wind_cf,price
0.0,0.188,32.1
0.0,0.192,32.1
0.0,0.192,32.1
0.0,0.184,32.1
0.0,0.173,32.1
0.0,0.16,32.1
0.0,0.145,32.1
0.0,0.135,32.1
0.01,0.134,32.1
0.058,0.148,32.1
0.109,0.153,32.1
0.16,0.152,32.1
0.221,0.146,32.1
0.216,0.134,32.1
0.118,0.131,32.1
0.0,0.166,32.1
0.0,0.22,32.1
0.0,0.293,32.1
0.0,0.361,32.1
0.0,0.397,32.1
0.0,0.386,32.1
0.0,0.328,32.1
0.0,0.255,32.1
0.0,0.215,32.1
0.0,0.207,32.1
0.0,0.214,32.1
0.0,0.226,32.1
0.0,0.237,32.1
0.0,0.249,32.1
0.0,0.27,32.1
0.0,0.289,32.1
0.0,0.316,32.1
0.0,0.334,32.1
0.012,0.333,32.1
0.038,0.36,32.1
0.061,0.371,32.1
0.063,0.391,32.1
0.043,0.432,32.1
0.012,0.503,32.1
0.0,0.537,32.1
0.0,0.555,32.1
0.0,0.584,32.1
0.0,0.666,32.1
0.0,0.677,32.1
0.0,0.682,32.1
0.0,0.724,32.1
0.0,0.744,32.1
0.0,0.72,32.1
0.0,0.711,32.1
0.0,0.741,32.1
0.0,0.79,32.1
0.0,0.793,32.1
0.0,0.801,32.1
0.0,0.815,32.1
0.0,0.811,32.1
0.0,0.819,32.1
0.0,0.752,32.1
0.009,0.682,32.1
0.026,0.699,32.1
0.033,0.697,32.1
0.027,0.652,32.1
0.014,0.574,32.1
0.0,0.61,32.1
0.0,0.682,32.1
0.0,0.614,32.1
0.0,0.571,32.1
0.0,0.593,32.1
0.0,0.566,32.1
0.0,0.484,32.1
0.0,0.498,32.1
0.0,0.541,32.1
0.0,0.58,32.1
0.0,0.591,32.1
0.0,0.583,32.1
0.0,0.605,32.1
0.0,0.623,32.1
0.0,0.635,32.1
0.0,0.649,32.1
0.0,0.657,32.1
0.0,0.653,32.1
0.003,0.636,32.1
0.067,0.613,32.1
0.174,0.622,32.1
0.196,0.691,32.1
0.178,0.71,32.1
0.082,0.661,32.1
0.015,0.59,32.1
0.0,0.513,32.1
0.0,0.487,32.1
0.0,0.466,32.1
0.0,0.412,32.1
0.0,0.379,32.1
0.0,0.343,32.1
0.0,0.308,32.1
0.0,0.27,32.1
0.0,0.225,32.1
0.0,0.203,32.1
0.0,0.201,32.1
0.0,0.214,32.1
0.0,0.241,32.1
0.0,0.285,32.1
0.0,0.341,32.1
0.0,0.381,32.1
0.0,0.401,32.1
0.022,0.394,32.1
0.076,0.362,32.1
0.12,0.332,32.1
0.144,0.313,32.1
0.158,0.326,32.1
0.123,0.334,32.1
0.04,0.357,32.1
0.0,0.393,32.1
0.0,0.403,32.1
0.0,0.414,32.1
0.0,0.425,32.1
0.0,0.425,32.1
0.0,0.419,32.1
0.0,0.424,32.1
0.0,0.425,32.1
0.0,0.411,32.1
0.0,0.407,32.1
0.0,0.403,32.1
0.0,0.411,32.1
0.0,0.413,32.1
0.0,0.416,32.1
0.0,0.42,32.1
0.0,0.454,32.1
0.0,0.464,32.1
0.033,0.445,32.1
0.166,0.399,32.1
0.38,0.375,32.1
0.488,0.367,32.1
0.465,0.422,32.1
0.368,0.435,32.1
0.185,0.447,32.1
0.009,0.544,32.1
0.0,0.609,32.1
0.0,0.613,32.1
0.0,0.598,32.1
0.0,0.568,32.1
0.0,0.568,32.1
0.0,0.583,32.1
0.0,0.606,32.1
0.0,0.655,32.1
0.0,0.624,32.1
0.0,0.556,32.1
0.0,0.519,32.1
0.0,0.454,32.1
0.0,0.413,32.1
0.0,0.367,32.1
0.0,0.319,32.1
0.0,0.311,32.1
0.005,0.335,32.1
0.022,0.334,32.1
0.039,0.378,32.1
0.051,0.442,32.1
0.033,0.454,32.1
0.024,0.494,32.1
0.009,0.567,32.1
0.0,0.633,32.1
0.0,0.647,32.1
0.0,0.697,32.1
0.0,0.728,32.1
0.0,0.75,32.1
0.0,0.761,32.1
0.0,0.78,32.1
0.0,0.798,32.1
0.0,0.812,32.1
0.0,0.809,32.1
0.0,0.803,32.1
0.0,0.791,32.1
0.0,0.786,32.1
0.0,0.746,32.1
0.0,0.711,32.1
0.0,0.692,32.1
0.0,0.643,32.1
0.003,0.559,32.1
0.034,0.513,32.1
0.092,0.443,32.1
0.165,0.402,32.1
0.182,0.391,32.1
0.108,0.339,32.1
0.023,0.294,32.1
0.0,0.297,32.1
0.0,0.281,32.1
0.0,0.228,32.1
0.0,0.179,32.1
0.0,0.145,32.1
0.0,0.108,32.1
0.0,0.083,32.1
0.0,0.089,32.1
0.0,0.158,32.1
0.0,0.276,32.1
0.0,0.382,32.1
0.0,0.476,32.1
0.0,0.566,32.1
0.0,0.648,32.1
0.0,0.728,32.1
0.0,0.822,32.1
0.0,0.848,32.1
0.0,0.85,32.1
0.027,0.9,32.1
0.05,0.887,32.1
0.065,0.878,32.1
0.047,0.853,32.1
0.031,0.816,32.1
0.01,0.796,32.1
0.0,0.763,32.1
0.0,0.73,32.1
0.0,0.737,32.1
0.0,0.739,32.1
0.0,0.711,32.1
0.0,0.7,32.1
0.0,0.682,32.1
0.0,0.573,32.1
0.0,0.532,32.1
0.0,0.518,32.1
0.0,0.479,32.1
0.0,0.506,32.1
0.0,0.482,32.1
0.0,0.437,32.1
0.0,0.395,32.1
0.0,0.328,32.1
0.0,0.309,32.1
0.011,0.355,32.1
0.054,0.399,32.1
0.157,0.447,32.1
0.219,0.552,32.1
0.175,0.56,32.1
0.126,0.501,32.1
0.05,0.451,32.1
0.0,0.4,32.1
0.0,0.31,32.1
0.0,0.203,32.1
0.0,0.152,32.1
0.0,0.153,32.1
0.0,0.181,32.1
0.0,0.214,32.1
0.0,0.302,32.1
0.0,0.4,32.1
0.0,0.45,32.1
0.0,0.463,32.1
0.0,0.431,32.1
0.0,0.391,32.1
0.0,0.398,32.1
0.0,0.427,32.1
0.0,0.469,32.1
0.0,0.513,32.1
0.013,0.552,32.1
0.06,0.562,32.1
0.119,0.61,32.1
0.162,0.684,32.1
0.128,0.708,32.1
0.076,0.731,32.1
0.044,0.758,32.1
0.0,0.784,32.1
0.0,0.8,32.1
0.0,0.809,32.1
0.0,0.817,32.1
0.0,0.824,32.1
0.0,0.829,32.1
0.0,0.826,32.1
0.0,0.821,32.1
0.0,0.813,32.1
0.0,0.806,32.1
0.0,0.798,32.1
0.0,0.789,32.1
0.0,0.799,32.1
0.0,0.808,32.1
0.0,0.812,32.1
0.0,0.814,32.1
0.0,0.826,32.1
0.0,0.816,32.1
0.017,0.817,32.1
0.043,0.816,32.1
0.066,0.792,32.1
0.087,0.772,32.1
0.097,0.76,32.1
0.039,0.78,32.1
0.0,0.788,32.1
0.0,0.78,32.1
0.0,0.732,32.1
0.0,0.642,32.1
0.0,0.544,32.1
0.0,0.46,32.1
0.0,0.396,32.1
0.0,0.315,32.1
0.0,0.302,32.1
0.0,0.321,32.1
0.0,0.329,32.1
0.0,0.338,32.1
0.0,0.351,32.1
0.0,0.358,32.1
0.0,0.355,32.1
0.0,0.357,32.1
0.0,0.364,32.1
0.0,0.352,32.1
0.012,0.368,32.1
0.027,0.391,32.1
0.039,0.42,32.1
0.046,0.476,32.1
0.049,0.54,32.1
0.031,0.635,32.1
0.0,0.73,32.1
0.0,0.788,32.1
0.0,0.865,32.1
0.0,0.859,32.1
0.0,0.899,32.1
0.0,0.928,32.1
0.0,0.947,32.1
0.0,0.959,32.1
0.0,0.96,32.1
0.0,0.959,32.1
0.0,0.955,32.1
0.0,0.958,32.1
0.0,0.964,32.1
0.0,0.96,32.1
0.0,0.942,32.1
0.0,0.892,32.1
0.0,0.821,32.1
0.004,0.786,32.1
0.03,0.765,32.1
0.04,0.78,32.1
0.032,0.802,32.1
0.01,0.83,32.1
0.005,0.869,32.1
0.0,0.919,32.1
0.0,0.96,32.1
0.0,0.987,32.1
0.0,0.986,32.1
0.0,0.986,32.1
0.0,0.984,32.1
0.0,0.984,32.1
0.0,0.985,32.1
0.0,0.984,32.1
0.0,0.983,32.1
0.0,0.982,32.1
0.0,0.978,32.1
0.0,0.973,32.1
0.0,0.966,32.1
0.0,0.948,32.1
0.0,0.926,32.1
0.0,0.917,32.1
0.0,0.924,32.1
0.015,0.923,32.1
0.046,0.914,32.1
0.049,0.91,32.1
0.041,0.916,32.1
0.031,0.913,32.1
0.009,0.896,32.1
0.0,0.839,32.1
0.0,0.715,32.1
0.0,0.556,32.1
0.0,0.487,32.1
0.0,0.491,32.1
0.0,0.494,32.1
0.0,0.472,32.1
0.0,0.498,32.1
0.0,0.467,32.1
0.0,0.433,32.1
0.0,0.422,32.1
0.0,0.376,32.1
0.0,0.332,32.1
0.0,0.305,32.1
0.0,0.282,32.1
0.0,0.28,32.1
0.0,0.283,32.1
0.0,0.3,32.1
0.011,0.323,32.1
0.073,0.369,32.1
0.363,0.381,32.1
0.488,0.38,32.1
0.459,0.442,32.1
0.331,0.474,32.1
0.068,0.538,32.1
0.003,0.619,32.1
0.0,0.688,32.1
0.0,0.72,32.1
0.0,0.73,32.1
0.0,0.745,32.1
0.0,0.749,32.1
0.0,0.742,32.1
0.0,0.727,32.1
0.0,0.702,32.1
0.0,0.674,32.1
0.0,0.645,32.1
0.0,0.683,32.1
0.0,0.666,32.1
0.0,0.604,32.1
0.0,0.578,32.1
0.0,0.53,32.1
0.0,0.533,32.1
0.001,0.511,32.1
0.016,0.502,32.1
0.037,0.494,32.1
0.059,0.493,32.1
0.074,0.468,32.1
0.068,0.467,32.1
0.037,0.526,32.1
0.0,0.599,32.1
0.0,0.661,32.1
0.0,0.735,32.1
0.0,0.791,32.1
0.0,0.82,32.1
0.0,0.791,32.1
0.0,0.704,32.1
0.0,0.601,32.1
0.0,0.554,32.1
0.0,0.519,32.1
0.0,0.472,32.1
0.0,0.428,32.1
0.0,0.391,32.1
0.0,0.367,32.1
0.0,0.352,32.1
0.0,0.36,32.1
0.0,0.364,32.1
0.047,0.379,32.1
0.169,0.408,32.1
0.325,0.434,32.1
0.384,0.498,32.1
0.379,0.508,32.1
0.224,0.483,32.1
0.075,0.43,32.1
0.004,0.395,32.1
0.0,0.398,32.1
0.0,0.424,32.1
0.0,0.475,32.1
0.0,0.509,32.1
0.0,0.517,32.1
0.0,0.501,32.1
0.0,0.481,32.1
0.0,0.468,32.1
0.0,0.466,32.1
0.0,0.454,32.1
0.0,0.448,32.1
0.0,0.465,32.1
0.0,0.494,32.1
0.0,0.526,32.1
0.0,0.559,32.1
0.0,0.544,32.1
0.132,0.476,32.1
0.31,0.345,32.1
0.433,0.326,32.1
0.47,0.472,32.1
0.429,0.485,32.1
0.331,0.447,32.1
0.149,0.399,32.1
0.007,0.395,32.1
0.0,0.424,32.1
0.0,0.382,32.1
0.0,0.348,32.1
0.0,0.308,32.1
0.0,0.206,32.1
0.0,0.151,32.1
0.0,0.111,32.1
0.0,0.093,32.1
0.0,0.074,32.1
0.0,0.066,32.1
0.0,0.061,32.1
0.0,0.039,32.1
0.0,0.015,32.1
0.0,0.009,32.1
0.0,0.012,32.1
0.0,0.025,32.1
0.098,0.058,32.1
0.168,0.086,32.1
0.208,0.095,32.1
0.242,0.104,32.1
0.234,0.102,32.1
0.208,0.095,32.1
0.11,0.093,32.1
0.014,0.112,32.1
0.0,0.127,32.1
0.0,0.129,32.1
0.0,0.119,32.1
0.0,0.104,32.1
0.0,0.096,32.1
0.0,0.103,32.1
0.0,0.126,32.1
0.0,0.17,32.1
0.0,0.232,32.1
0.0,0.289,32.1
0.0,0.316,32.1
0.0,0.305,32.1
0.0,0.278,32.1
0.0,0.252,32.1
0.0,0.226,32.1
0.0,0.201,32.1
0.063,0.169,32.1
0.2,0.139,32.1
0.407,0.133,32.1
0.494,0.132,32.1
0.453,0.12,32.1
0.345,0.104,32.1
0.171,0.083,32.1
0.023,0.079,32.1
0.0,0.086,32.1
0.0,0.106,32.1
0.0,0.131,32.1
0.0,0.135,32.1
0.0,0.12,32.1
0.0,0.106,32.1
0.0,0.089,32.1
0.0,0.071,32.1
0.0,0.058,32.1
0.0,0.054,32.1
0.0,0.061,32.1
0.0,0.068,32.1
0.0,0.066,32.1
0.0,0.063,32.1
0.0,0.064,32.1
0.0,0.056,32.1
0.0,0.039,32.1
0.01,0.026,32.1
0.035,0.019,32.1
0.066,0.015,32.1
0.063,0.015,32.1
0.033,0.018,32.1
0.011,0.021,32.1
0.0,0.025,32.1
0.0,0.026,32.1
0.0,0.028,32.1
0.0,0.029,32.1
0.0,0.028,32.1
0.0,0.024,32.1
0.0,0.025,32.1
0.0,0.031,32.1
0.0,0.036,32.1
0.0,0.042,32.1
0.0,0.045,32.1
0.0,0.041,32.1
0.0,0.032,32.1
0.0,0.023,32.1
0.0,0.019,32.1
0.0,0.019,32.1
0.0,0.022,32.1
0.021,0.024,32.1
0.064,0.02,32.1
0.118,0.025,32.1
0.134,0.028,32.1
0.161,0.028,32.1
0.129,0.026,32.1
0.065,0.026,32.1
0.007,0.032,32.1
0.0,0.039,32.1
0.0,0.049,32.1
0.0,0.061,32.1
0.0,0.071,32.1
0.0,0.074,32.1
0.0,0.075,32.1
0.0,0.068,32.1
0.0,0.059,32.1
0.0,0.054,32.1
0.0,0.051,32.1
0.0,0.046,32.1
0.0,0.039,32.1
0.0,0.035,32.1
0.0,0.036,32.1
0.0,0.042,32.1
0.0,0.056,32.1
0.038,0.063,32.1
0.11,0.06,32.1
0.166,0.059,32.1
0.182,0.058,32.1
0.174,0.057,32.1
0.13,0.065,32.1
0.068,0.078,32.1
0.007,0.09,32.1
0.0,0.095,32.1
0.0,0.1,32.1
0.0,0.113,32.1
0.0,0.144,32.1
0.0,0.178,32.1
0.0,0.201,32.1
0.0,0.215,32.1
0.0,0.205,32.1
0.0,0.177,32.1
0.0,0.148,32.1
0.0,0.132,32.1
0.0,0.136,32.1
0.0,0.159,32.1
0.0,0.189,32.1
0.0,0.208,32.1
0.0,0.211,32.1
0.086,0.175,32.1
0.205,0.133,32.1
0.265,0.108,32.1
0.251,0.095,32.1
0.19,0.085,32.1
0.121,0.08,32.1
0.049,0.082,32.1
0.001,0.101,32.1
0.0,0.13,32.1
0.0,0.149,32.1
0.0,0.159,32.1
0.0,0.168,32.1
0.0,0.18,32.1
0.0,0.197,32.1
0.0,0.209,32.1
0.0,0.205,32.1
0.0,0.198,32.1
0.0,0.197,32.1
0.0,0.201,32.1
0.0,0.215,32.1
0.0,0.245,32.1
0.0,0.26,32.1
0.0,0.254,32.1
0.0,0.243,32.1
0.004,0.27,32.1
0.03,0.278,32.1
0.07,0.311,32.1
0.136,0.362,32.1
0.179,0.391,32.1
0.142,0.413,32.1
0.06,0.42,32.1
0.002,0.513,32.1
0.0,0.586,32.1
0.0,0.605,32.1
0.0,0.605,32.1
0.0,0.62,32.1
0.0,0.637,32.1
0.0,0.67,32.1
0.0,0.728,32.1
0.0,0.792,32.1
0.0,0.813,32.1
0.0,0.824,32.1
0.0,0.789,32.1
0.0,0.741,32.1
0.0,0.684,32.1
0.0,0.633,32.1
0.0,0.581,32.1
0.0,0.555,32.1
0.021,0.528,32.1
0.046,0.552,32.1
0.047,0.541,32.1
0.049,0.471,32.1
0.043,0.459,32.1
0.04,0.454,32.1
0.038,0.438,32.1
0.007,0.451,32.1
0.0,0.49,32.1
0.0,0.502,32.1
0.0,0.519,32.1
0.0,0.539,32.1
0.0,0.552,32.1
0.0,0.618,32.1
0.0,0.718,32.1
0.0,0.777,32.1
0.0,0.862,32.1
0.0,0.836,32.1
0.0,0.739,32.1
0.0,0.658,32.1
0.0,0.703,32.1
0.0,0.757,32.1
0.0,0.858,32.1
0.0,0.86,32.1
0.012,0.865,32.1
0.069,0.873,32.1
0.146,0.883,32.1
0.225,0.89,32.1
0.251,0.898,32.1
0.219,0.886,32.1
0.128,0.852,32.1
0.006,0.822,32.1
0.0,0.804,32.1
0.0,0.801,32.1
0.0,0.798,32.1
0.0,0.748,32.1
0.0,0.722,32.1
0.0,0.688,32.1
0.0,0.668,32.1
0.0,0.698,32.1
0.0,0.724,32.1
0.0,0.729,32.1
0.0,0.735,32.1
0.0,0.728,32.1
0.0,0.732,32.1
0.0,0.75,32.1
0.0,0.748,32.1
0.0,0.742,32.1
0.062,0.734,32.1
0.159,0.746,32.1
0.186,0.768,32.1
0.225,0.789,32.1
0.232,0.788,32.1
0.212,0.774,32.1
0.134,0.732,32.1
0.027,0.678,32.1
0.0,0.601,32.1
0.0,0.559,32.1
0.0,0.586,32.1
0.0,0.591,32.1
0.0,0.578,32.1
0.0,0.599,32.1
0.0,0.649,32.1
0.0,0.668,32.1
0.0,0.666,32.1
0.0,0.654,32.1
0.0,0.641,32.1
0.0,0.599,32.1
0.0,0.585,32.1
0.0,0.568,32.1
0.0,0.525,32.1
0.0,0.476,32.1
0.016,0.432,32.1
0.024,0.462,32.1
0.058,0.547,32.1
0.126,0.599,32.1
0.142,0.631,32.1
0.109,0.672,32.1
0.049,0.783,32.1
0.0,0.786,32.1
0.0,0.767,32.1
0.0,0.77,32.1
0.0,0.82,32.1
0.0,0.849,32.1
0.0,0.862,32.1
0.0,0.872,32.1
0.0,0.863,32.1
0.0,0.856,32.1
0.0,0.809,32.1
0.0,0.759,32.1
0.0,0.688,32.1
0.0,0.635,32.1
0.0,0.528,32.1
0.0,0.457,32.1
0.0,0.476,32.1
0.0,0.485,32.1
0.029,0.525,32.1
0.047,0.562,32.1
0.058,0.624,32.1
0.086,0.686,32.1
0.087,0.734,32.1
0.062,0.753,32.1
0.034,0.764,32.1
0.002,0.77,32.1
0.0,0.785,32.1
0.0,0.794,32.1
0.0,0.804,32.1
0.0,0.812,32.1
0.0,0.829,32.1
0.0,0.849,32.1
0.0,0.853,32.1
0.0,0.855,32.1
0.0,0.872,32.1
0.0,0.845,32.1
0.0,0.812,32.1
0.0,0.829,32.1
0.0,0.791,32.1
0.0,0.798,32.1
0.0,0.756,32.1
0.0,0.701,32.1
0.015,0.684,32.1
0.044,0.697,32.1
0.067,0.764,32.1
0.104,0.826,32.1
0.132,0.855,32.1
0.132,0.867,32.1
0.101,0.87,32.1
0.056,0.875,32.1
0.0,0.893,32.1
0.0,0.905,32.1
0.0,0.909,32.1
0.0,0.9,32.1
0.0,0.882,32.1
0.0,0.866,32.1
0.0,0.847,32.1
0.0,0.804,32.1
0.0,0.71,32.1
0.0,0.655,32.1
0.0,0.601,32.1
0.0,0.5,32.1
0.0,0.391,32.1
0.0,0.305,32.1
0.0,0.286,32.1
0.0,0.294,32.1
0.01,0.322,32.1
0.014,0.371,32.1
0.01,0.447,32.1
0.006,0.739,32.1
0.018,0.929,32.1
0.036,0.96,32.1
0.023,0.936,32.1
0.002,0.868,32.1
0.0,0.804,32.1
0.0,0.75,32.1
0.0,0.745,32.1
0.0,0.765,32.1
0.0,0.761,32.1
0.0,0.772,32.1
0.0,0.788,32.1
0.0,0.802,32.1
0.0,0.82,32.1
0.0,0.838,32.1
0.0,0.857,32.1
0.0,0.865,32.1
0.0,0.858,32.1
0.0,0.87,32.1
0.0,0.887,32.1
0.0,0.867,32.1
0.053,0.847,32.1
0.099,0.795,32.1
0.232,0.74,32.1
0.364,0.737,32.1
0.251,0.724,32.1
0.129,0.635,32.1
0.052,0.59,32.1
0.002,0.563,32.1
0.0,0.465,32.1
0.0,0.422,32.1
0.0,0.398,32.1
0.0,0.379,32.1
0.0,0.362,32.1
0.0,0.422,32.1
0.0,0.573,32.1
0.0,0.66,32.1
0.0,0.738,32.1
0.0,0.776,32.1
0.0,0.804,32.1
0.0,0.819,32.1
0.0,0.826,32.1
0.0,0.828,32.1
0.0,0.82,32.1
0.0,0.825,32.1
0.021,0.801,32.1
0.069,0.78,32.1
0.136,0.772,32.1
0.203,0.803,32.1
0.133,0.795,32.1
0.077,0.77,32.1
0.031,0.779,32.1
0.002,0.788,32.1
0.0,0.748,32.1
0.0,0.659,32.1
0.0,0.557,32.1
0.0,0.476,32.1
0.0,0.407,32.1
0.0,0.39,32.1
0.0,0.376,32.1
0.0,0.347,32.1
0.0,0.297,32.1
0.0,0.249,32.1
0.0,0.215,32.1
0.0,0.195,32.1
0.0,0.179,32.1
0.0,0.141,32.1
0.0,0.092,32.1
0.015,0.047,32.1
0.138,0.025,32.1
0.282,0.028,32.1
0.41,0.036,32.1
0.469,0.049,32.1
0.387,0.071,32.1
0.294,0.095,32.1
0.146,0.108,32.1
0.02,0.122,32.1
0.0,0.148,32.1
0.0,0.161,32.1
0.0,0.156,32.1
0.0,0.149,32.1
0.0,0.14,32.1
0.0,0.133,32.1
0.0,0.133,32.1
0.0,0.149,32.1
0.0,0.185,32.1
0.0,0.231,32.1
0.0,0.264,32.1
0.0,0.278,32.1
0.0,0.279,32.1
0.0,0.272,32.1
0.0,0.253,32.1
0.015,0.221,32.1
0.083,0.172,32.1
0.161,0.118,32.1
0.223,0.092,32.1
0.371,0.068,32.1
0.365,0.054,32.1
0.366,0.043,32.1
0.246,0.034,32.1
0.061,0.031,32.1
0.0,0.024,32.1
0.0,0.017,32.1
0.0,0.014,32.1
0.0,0.011,32.1
0.0,0.009,32.1
0.0,0.011,32.1
0.0,0.03,32.1
0.0,0.074,32.1
0.0,0.135,32.1
0.0,0.203,32.1
0.0,0.258,32.1
0.0,0.289,32.1
0.0,0.302,32.1
0.0,0.311,32.1
0.0,0.332,32.1
0.056,0.334,32.1
0.227,0.264,32.1
0.487,0.256,32.1
0.593,0.294,32.1
0.631,0.311,32.1
0.605,0.343,32.1
0.52,0.371,32.1
0.365,0.353,32.1
0.144,0.444,32.1
0.0,0.601,32.1
0.0,0.666,32.1
0.0,0.649,32.1
0.0,0.622,32.1
0.0,0.6,32.1
0.0,0.594,32.1
0.0,0.585,32.1
0.0,0.556,32.1
0.0,0.52,32.1
0.0,0.504,32.1
0.0,0.535,32.1
0.0,0.544,32.1
0.0,0.574,32.1
0.0,0.557,32.1
0.0,0.563,32.1
0.01,0.544,32.1
0.044,0.501,32.1
0.087,0.464,32.1
0.065,0.451,32.1
0.037,0.428,32.1
0.02,0.386,32.1
0.007,0.325,32.1
0.003,0.28,32.1
0.0,0.274,32.1
0.0,0.334,32.1
0.0,0.391,32.1
0.0,0.423,32.1
0.0,0.477,32.1
0.0,0.515,32.1
0.0,0.488,32.1
0.0,0.457,32.1
0.0,0.491,32.1
0.0,0.535,32.1
0.0,0.609,32.1
0.0,0.703,32.1
0.0,0.762,32.1
0.0,0.834,32.1
0.0,0.912,32.1
0.0,0.968,32.1
0.001,0.986,32.1
0.059,0.991,32.1
0.105,0.99,32.1
0.095,0.985,32.1
0.044,0.979,32.1
0.058,0.965,32.1
0.046,0.943,32.1
0.023,0.937,32.1
0.001,0.956,32.1
0.0,0.976,32.1
0.0,0.979,32.1
0.0,0.985,32.1
0.0,0.986,32.1
0.0,0.989,32.1
0.0,0.99,32.1
0.0,0.991,32.1
0.0,0.991,32.1
0.0,0.989,32.1
0.0,0.989,32.1
0.0,0.988,32.1
0.0,0.986,32.1
0.0,0.984,32.1
0.0,0.986,32.1
0.0,0.988,32.1
0.022,0.987,32.1
0.14,0.987,32.1
0.212,0.987,32.1
0.338,0.986,32.1
0.407,0.985,32.1
0.406,0.983,32.1
0.353,0.975,32.1
0.134,0.962,32.1
0.015,0.914,32.1
0.0,0.805,32.1
0.0,0.779,32.1
0.0,0.911,32.1
0.0,0.979,32.1
0.0,0.991,32.1
0.0,0.984,32.1
0.0,0.967,32.1
0.0,0.967,32.1
0.0,0.973,32.1
0.0,0.975,32.1
0.0,0.974,32.1
0.0,0.977,32.1
0.0,0.977,32.1
0.0,0.977,32.1
0.0,0.975,32.1
0.036,0.972,32.1
0.116,0.973,32.1
0.239,0.975,32.1
0.391,0.976,32.1
0.375,0.974,32.1
0.317,0.971,32.1
0.21,0.967,32.1
0.11,0.963,32.1
0.03,0.957,32.1
0.0,0.951,32.1
0.0,0.948,32.1
0.0,0.95,32.1
0.0,0.956,32.1
0.0,0.958,32.1
0.0,0.957,32.1
0.0,0.955,32.1
0.0,0.95,32.1
0.0,0.942,32.1
0.0,0.937,32.1
0.0,0.933,32.1
0.0,0.924,32.1
0.0,0.913,32.1
0.0,0.903,32.1
0.0,0.896,32.1
0.028,0.882,32.1
0.112,0.866,32.1
0.187,0.856,32.1
0.254,0.854,32.1
0.352,0.849,32.1
0.398,0.84,32.1
0.392,0.82,32.1
0.292,0.785,32.1
0.114,0.744,32.1
0.0,0.688,32.1
0.0,0.642,32.1
0.0,0.656,32.1
0.0,0.623,32.1
0.0,0.586,32.1
0.0,0.545,32.1
0.0,0.501,32.1
0.0,0.476,32.1
0.0,0.479,32.1
0.0,0.425,32.1
0.0,0.449,32.1
0.0,0.525,32.1
0.0,0.591,32.1
0.0,0.618,32.1
0.0,0.638,32.1
0.0,0.726,32.1
0.003,0.84,32.1
0.015,0.879,32.1
0.028,0.857,32.1
0.069,0.73,32.1
0.142,0.619,32.1
0.169,0.686,32.1
0.103,0.648,32.1
0.038,0.57,32.1
0.0,0.497,32.1
0.0,0.438,32.1
0.0,0.409,32.1
0.0,0.43,32.1
0.0,0.498,32.1
0.0,0.595,32.1
0.0,0.63,32.1
0.0,0.644,32.1
0.0,0.61,32.1
0.0,0.557,32.1
0.0,0.529,32.1
0.0,0.481,32.1
0.0,0.441,32.1
0.0,0.392,32.1
0.0,0.297,32.1
0.031,0.201,32.1
0.139,0.133,32.1
0.264,0.122,32.1
0.383,0.164,32.1
0.425,0.236,32.1
0.486,0.268,32.1
0.47,0.299,32.1
0.288,0.341,32.1
0.055,0.378,32.1
0.0,0.478,32.1
0.0,0.559,32.1
0.0,0.562,32.1
0.0,0.546,32.1
0.0,0.535,32.1
0.0,0.54,32.1
0.0,0.552,32.1
0.0,0.556,32.1
0.0,0.559,32.1
0.0,0.571,32.1
0.0,0.575,32.1
0.0,0.568,32.1
0.0,0.565,32.1
0.0,0.591,32.1
0.0,0.605,32.1
0.029,0.603,32.1
0.112,0.602,32.1
0.147,0.722,32.1
0.169,0.765,32.1
0.351,0.822,32.1
0.342,0.858,32.1
0.223,0.879,32.1
0.084,0.902,32.1
0.012,0.939,32.1
0.0,0.959,32.1
0.0,0.968,32.1
0.0,0.976,32.1
0.0,0.982,32.1
0.0,0.984,32.1
0.0,0.986,32.1
0.0,0.986,32.1
0.0,0.985,32.1
0.0,0.985,32.1
0.0,0.985,32.1
0.0,0.985,32.1
0.0,0.985,32.1
0.0,0.988,32.1
0.0,0.99,32.1
0.0,0.991,32.1
0.0,0.991,32.1
0.009,0.991,32.1
0.024,0.991,32.1
0.031,0.991,32.1
0.05,0.991,32.1
0.044,0.991,32.1
0.028,0.991,32.1
0.008,0.991,32.1
0.0,0.97,32.1
0.0,0.929,32.1
0.0,0.871,32.1
0.0,0.888,32.1
0.0,0.926,32.1
0.0,0.942,32.1
0.0,0.953,32.1
0.0,0.961,32.1
0.0,0.967,32.1
0.0,0.966,32.1
0.0,0.96,32.1
0.0,0.952,32.1
0.0,0.939,32.1
0.0,0.92,32.1
0.0,0.909,32.1
0.0,0.902,32.1
0.076,0.876,32.1
0.245,0.857,32.1
0.364,0.869,32.1
0.406,0.893,32.1
0.335,0.903,32.1
0.242,0.898,32.1
0.172,0.881,32.1
0.134,0.852,32.1
0.067,0.848,32.1
0.0,0.87,32.1
0.0,0.863,32.1
0.0,0.8,32.1
0.0,0.772,32.1
0.0,0.786,32.1
0.0,0.799,32.1
0.0,0.812,32.1
0.0,0.815,32.1
0.0,0.815,32.1
0.0,0.809,32.1
0.0,0.804,32.1
0.0,0.788,32.1
0.0,0.757,32.1
0.0,0.734,32.1
0.0,0.703,32.1
0.068,0.698,32.1
0.208,0.711,32.1
0.362,0.811,32.1
0.483,0.866,32.1
0.527,0.873,32.1
0.539,0.871,32.1
0.479,0.862,32.1
0.301,0.847,32.1
0.08,0.846,32.1
0.0,0.867,32.1
0.0,0.889,32.1
0.0,0.91,32.1
0.0,0.922,32.1
0.0,0.911,32.1
0.0,0.891,32.1
0.0,0.841,32.1
0.0,0.765,32.1
0.0,0.705,32.1
0.0,0.697,32.1
0.0,0.764,32.1
0.0,0.781,32.1
0.0,0.774,32.1
0.0,0.746,32.1
0.0,0.724,32.1
0.08,0.668,32.1
0.237,0.652,32.1
0.385,0.738,32.1
0.555,0.732,32.1
0.62,0.711,32.1
0.612,0.695,32.1
0.493,0.658,32.1
0.248,0.599,32.1
0.08,0.519,32.1
0.002,0.48,32.1
0.0,0.454,32.1
0.0,0.457,32.1
0.0,0.499,32.1
0.0,0.598,32.1
0.0,0.625,32.1
0.0,0.586,32.1
0.0,0.615,32.1
0.0,0.656,32.1
0.0,0.692,32.1
0.0,0.721,32.1
0.0,0.722,32.1
0.0,0.738,32.1
0.0,0.762,32.1
0.0,0.776,32.1
0.011,0.799,32.1
0.081,0.815,32.1
0.154,0.865,32.1
0.257,0.909,32.1
0.367,0.933,32.1
0.36,0.941,32.1
0.21,0.94,32.1
0.138,0.946,32.1
0.026,0.956,32.1
0.0,0.951,32.1
0.0,0.927,32.1
0.0,0.912,32.1
0.0,0.906,32.1
0.0,0.915,32.1
0.0,0.903,32.1
0.0,0.885,32.1
0.0,0.866,32.1
0.0,0.852,32.1
0.0,0.837,32.1
0.0,0.806,32.1
0.0,0.755,32.1
0.0,0.686,32.1
0.0,0.633,32.1
0.0,0.605,32.1
0.049,0.578,32.1
0.154,0.561,32.1
0.347,0.677,32.1
0.57,0.782,32.1
0.494,0.829,32.1
0.321,0.863,32.1
0.239,0.877,32.1
0.091,0.872,32.1
0.029,0.862,32.1
0.0,0.866,32.1
0.0,0.875,32.1
0.0,0.892,32.1
0.0,0.909,32.1
0.0,0.917,32.1
0.0,0.923,32.1
0.0,0.929,32.1
0.0,0.929,32.1
0.0,0.93,32.1
0.0,0.933,32.1
0.0,0.948,32.1
0.0,0.955,32.1
0.0,0.959,32.1
0.0,0.963,32.1
0.0,0.969,32.1
0.007,0.975,32.1
0.017,0.978,32.1
0.028,0.975,32.1
0.046,0.971,32.1
0.065,0.971,32.1
0.067,0.96,32.1
0.039,0.943,32.1
0.025,0.917,32.1
0.014,0.894,32.1
0.0,0.882,32.1
0.0,0.858,32.1
0.0,0.866,32.1
0.0,0.862,32.1
0.0,0.862,32.1
0.0,0.844,32.1
0.0,0.826,32.1
0.0,0.809,32.1
0.0,0.799,32.1
0.0,0.806,32.1
0.0,0.786,32.1
0.0,0.726,32.1
0.0,0.668,32.1
0.0,0.666,32.1
0.0,0.842,32.1
0.0,0.972,32.1
0.01,0.991,32.1
0.017,0.985,32.1
0.053,0.989,32.1
0.086,0.991,32.1
0.095,0.988,32.1
0.163,0.979,32.1
0.185,0.963,32.1
0.126,0.935,32.1
0.006,0.89,32.1
0.0,0.82,32.1
0.0,0.795,32.1
0.0,0.775,32.1
0.0,0.706,32.1
0.0,0.629,32.1
0.0,0.56,32.1
0.0,0.489,32.1
0.0,0.38,32.1
0.0,0.29,32.1
0.0,0.212,32.1
0.0,0.203,32.1
0.0,0.255,32.1
0.0,0.282,32.1
0.0,0.292,32.1
0.0,0.413,32.1
0.005,0.568,32.1
0.005,0.675,32.1
0.008,0.741,32.1
0.043,0.895,32.1
0.047,0.961,32.1
0.035,0.973,32.1
0.02,0.975,32.1
0.003,0.975,32.1
0.0,0.969,32.1
0.0,0.964,32.1
0.0,0.96,32.1
0.0,0.957,32.1
0.0,0.948,32.1
0.0,0.928,32.1
0.0,0.89,32.1
0.0,0.853,32.1
0.0,0.819,32.1
0.0,0.785,32.1
0.0,0.747,32.1
0.0,0.693,32.1
0.0,0.687,32.1
0.0,0.698,32.1
0.0,0.729,32.1
0.139,0.688,32.1
0.323,0.7,32.1
0.439,0.796,32.1
0.539,0.806,32.1
0.594,0.806,32.1
0.539,0.785,32.1
0.274,0.74,32.1
0.085,0.661,32.1
0.03,0.549,32.1
0.002,0.488,32.1
0.0,0.556,32.1
0.0,0.507,32.1
0.0,0.394,32.1
0.0,0.291,32.1
0.0,0.246,32.1
0.0,0.192,32.1
0.0,0.191,32.1
0.0,0.244,32.1
0.0,0.311,32.1
0.0,0.367,32.1
0.0,0.41,32.1
0.0,0.414,32.1
0.0,0.401,32.1
0.0,0.43,32.1
0.014,0.473,32.1
0.064,0.516,32.1
0.125,0.63,32.1
0.173,0.687,32.1
0.215,0.702,32.1
0.226,0.682,32.1
0.201,0.635,32.1
0.154,0.579,32.1
0.079,0.522,32.1
0.013,0.488,32.1
0.0,0.488,32.1
0.0,0.494,32.1
0.0,0.481,32.1
0.0,0.465,32.1
0.0,0.484,32.1
0.0,0.494,32.1
0.0,0.465,32.1
0.0,0.398,32.1
0.0,0.337,32.1
0.0,0.301,32.1
0.0,0.311,32.1
0.0,0.332,32.1
0.0,0.338,32.1
0.0,0.332,32.1
0.001,0.332,32.1
0.017,0.342,32.1
0.039,0.349,32.1
0.082,0.283,32.1
0.103,0.175,32.1
0.086,0.049,32.1
0.058,0.021,32.1
0.034,0.138,32.1
0.017,0.33,32.1
0.001,0.445,32.1
0.0,0.584,32.1
0.0,0.692,32.1
0.0,0.757,32.1
0.0,0.759,32.1
0.0,0.702,32.1
0.0,0.658,32.1
0.0,0.636,32.1
0.0,0.607,32.1
0.0,0.586,32.1
0.0,0.55,32.1
0.0,0.457,32.1
0.0,0.355,32.1
0.0,0.306,32.1
0.0,0.331,32.1
0.033,0.339,32.1
0.088,0.32,32.1
0.126,0.319,32.1
0.132,0.413,32.1
0.135,0.471,32.1
0.156,0.55,32.1
0.163,0.667,32.1
0.069,0.772,32.1
0.012,0.862,32.1
0.0,0.918,32.1
0.0,0.93,32.1
0.0,0.921,32.1
0.0,0.922,32.1
0.0,0.925,32.1
0.0,0.924,32.1
0.0,0.919,32.1
0.0,0.908,32.1
0.0,0.882,32.1
0.0,0.867,32.1
0.0,0.871,32.1
0.0,0.905,32.1
0.0,0.887,32.1
0.0,0.859,32.1
0.0,0.799,32.1
0.039,0.837,32.1
0.141,0.891,32.1
0.233,0.922,32.1
0.208,0.938,32.1
0.098,0.948,32.1
0.063,0.954,32.1
0.179,0.95,32.1
0.109,0.896,32.1
0.142,0.904,32.1
0.023,0.918,32.1
0.0,0.9,32.1
0.0,0.914,32.1
0.0,0.935,32.1
0.0,0.957,32.1
0.0,0.964,32.1
0.0,0.956,32.1
0.0,0.948,32.1
0.0,0.941,32.1
0.0,0.934,32.1
0.0,0.929,32.1
0.0,0.926,32.1
0.0,0.925,32.1
0.0,0.924,32.1
0.0,0.916,32.1
0.076,0.899,32.1
0.206,0.884,32.1
0.341,0.889,32.1
0.456,0.898,32.1
0.487,0.894,32.1
0.422,0.868,32.1
0.334,0.815,32.1
0.232,0.722,32.1
0.122,0.596,32.1
0.021,0.513,32.1
0.0,0.488,32.1
0.0,0.46,32.1
0.0,0.454,32.1
0.0,0.494,32.1
0.0,0.522,32.1
0.0,0.526,32.1
0.0,0.498,32.1
0.0,0.444,32.1
0.0,0.388,32.1
0.0,0.374,32.1
0.0,0.392,32.1
0.0,0.388,32.1
0.0,0.385,32.1
0.0,0.448,32.1
0.011,0.534,32.1
0.031,0.55,32.1
0.038,0.473,32.1
0.048,0.328,32.1
0.073,0.192,32.1
0.074,0.124,32.1
0.057,0.095,32.1
0.04,0.084,32.1
0.025,0.111,32.1
0.002,0.186,32.1
0.0,0.316,32.1
0.0,0.422,32.1
0.0,0.449,32.1
0.0,0.4,32.1
0.0,0.348,32.1
0.0,0.306,32.1
0.0,0.291,32.1
0.0,0.334,32.1
0.0,0.378,32.1
0.0,0.385,32.1
0.0,0.368,32.1
0.0,0.372,32.1
0.0,0.418,32.1
0.008,0.449,32.1
0.124,0.395,32.1
0.285,0.36,32.1
0.425,0.41,32.1
0.479,0.429,32.1
0.471,0.429,32.1
0.43,0.42,32.1
0.374,0.391,32.1
0.282,0.348,32.1
0.122,0.278,32.1
0.017,0.258,32.1
0.0,0.28,32.1
0.0,0.27,32.1
0.0,0.259,32.1
0.0,0.264,32.1
0.0,0.262,32.1
0.0,0.291,32.1
0.0,0.32,32.1
0.0,0.348,32.1
0.0,0.376,32.1
0.0,0.391,32.1
0.0,0.376,32.1
0.0,0.35,32.1
0.0,0.331,32.1
0.005,0.323,32.1
0.119,0.279,32.1
0.288,0.233,32.1
0.407,0.254,32.1
0.422,0.291,32.1
0.459,0.307,32.1
0.484,0.276,32.1
0.481,0.228,32.1
0.365,0.183,32.1
0.174,0.131,32.1
0.021,0.1,32.1
0.0,0.105,32.1
0.0,0.152,32.1
0.0,0.191,32.1
0.0,0.201,32.1
0.0,0.212,32.1
0.0,0.249,32.1
0.0,0.278,32.1
0.0,0.302,32.1
0.0,0.323,32.1
0.0,0.337,32.1
0.0,0.345,32.1
0.0,0.371,32.1
0.0,0.371,32.1
0.0,0.344,32.1
0.015,0.38,32.1
0.038,0.425,32.1
0.039,0.401,32.1
0.043,0.395,32.1
0.049,0.407,32.1
0.062,0.462,32.1
0.054,0.502,32.1
0.037,0.539,32.1
0.021,0.555,32.1
0.0,0.555,32.1
0.0,0.55,32.1
0.0,0.571,32.1
0.0,0.603,32.1
0.0,0.618,32.1
0.0,0.62,32.1
0.0,0.602,32.1
0.0,0.572,32.1
0.0,0.541,32.1
0.0,0.519,32.1
0.0,0.526,32.1
0.0,0.532,32.1
0.0,0.535,32.1
0.0,0.523,32.1
0.0,0.483,32.1
0.035,0.434,32.1
0.102,0.386,32.1
0.187,0.408,32.1
0.288,0.428,32.1
0.363,0.432,32.1
0.379,0.441,32.1
0.346,0.444,32.1
0.258,0.433,32.1
0.132,0.401,32.1
0.029,0.385,32.1
0.0,0.406,32.1
0.0,0.385,32.1
0.0,0.355,32.1
0.0,0.326,32.1
0.0,0.301,32.1
0.0,0.307,32.1
0.0,0.316,32.1
0.0,0.297,32.1
0.0,0.275,32.1
0.0,0.258,32.1
0.0,0.24,32.1
0.0,0.196,32.1
0.0,0.14,32.1
0.028,0.121,32.1
0.227,0.158,32.1
0.418,0.211,32.1
0.532,0.296,32.1
0.596,0.364,32.1
0.62,0.44,32.1
0.632,0.526,32.1
0.541,0.558,32.1
0.354,0.528,32.1
0.193,0.501,32.1
0.034,0.547,32.1
0.0,0.619,32.1
0.0,0.66,32.1
0.0,0.655,32.1
0.0,0.686,32.1
0.0,0.711,32.1
0.0,0.762,32.1
0.0,0.701,32.1
0.0,0.679,32.1
0.0,0.691,32.1
0.0,0.699,32.1
0.0,0.705,32.1
0.0,0.715,32.1
0.0,0.728,32.1
0.005,0.791,32.1
0.069,0.844,32.1
0.137,0.905,32.1
0.158,0.905,32.1
0.19,0.887,32.1
0.281,0.875,32.1
0.363,0.879,32.1
0.333,0.839,32.1
0.251,0.756,32.1
0.124,0.668,32.1
0.044,0.626,32.1
0.0,0.595,32.1
0.0,0.542,32.1
0.0,0.528,32.1
0.0,0.51,32.1
0.0,0.472,32.1
0.0,0.522,32.1
0.0,0.539,32.1
0.0,0.527,32.1
0.0,0.498,32.1
0.0,0.443,32.1
0.0,0.415,32.1
0.0,0.382,32.1
0.0,0.352,32.1
0.002,0.317,32.1
0.075,0.3,32.1
0.219,0.332,32.1
0.48,0.328,32.1
0.57,0.352,32.1
0.572,0.418,32.1
0.56,0.469,32.1
0.495,0.494,32.1
0.391,0.503,32.1
0.218,0.432,32.1
0.034,0.376,32.1
0.0,0.459,32.1
0.0,0.51,32.1
0.0,0.574,32.1
0.0,0.626,32.1
0.0,0.629,32.1
0.0,0.702,32.1
0.0,0.832,32.1
0.0,0.908,32.1
0.0,0.935,32.1
0.0,0.924,32.1
0.0,0.89,32.1
0.0,0.856,32.1
0.0,0.829,32.1
0.0,0.806,32.1
0.02,0.788,32.1
0.03,0.763,32.1
0.04,0.731,32.1
0.058,0.73,32.1
0.072,0.826,32.1
0.081,0.895,32.1
0.102,0.932,32.1
0.098,0.944,32.1
0.074,0.949,32.1
0.01,0.951,32.1
0.0,0.944,32.1
0.0,0.939,32.1
0.0,0.91,32.1
0.0,0.867,32.1
0.0,0.859,32.1
0.0,0.829,32.1
0.0,0.768,32.1
0.0,0.654,32.1
0.0,0.574,32.1
0.0,0.492,32.1
0.0,0.422,32.1
0.0,0.353,32.1
0.0,0.332,32.1
0.008,0.332,32.1
0.08,0.32,32.1
0.173,0.414,32.1
0.293,0.532,32.1
0.499,0.574,32.1
0.64,0.607,32.1
0.66,0.641,32.1
0.578,0.676,32.1
0.428,0.708,32.1
0.204,0.714,32.1
0.057,0.759,32.1
0.0,0.806,32.1
0.0,0.829,32.1
0.0,0.841,32.1
0.0,0.864,32.1
0.0,0.892,32.1
0.0,0.904,32.1
0.0,0.932,32.1
0.0,0.952,32.1
0.0,0.964,32.1
0.0,0.966,32.1
0.0,0.964,32.1
0.0,0.96,32.1
0.0,0.953,32.1
0.052,0.941,32.1
0.25,0.917,32.1
0.439,0.896,32.1
0.579,0.881,32.1
0.654,0.866,32.1
0.682,0.86,32.1
0.662,0.867,32.1
0.571,0.878,32.1
0.421,0.889,32.1
0.188,0.881,32.1
0.042,0.868,32.1
0.0,0.881,32.1
0.0,0.885,32.1
0.0,0.883,32.1
0.0,0.882,32.1
0.0,0.893,32.1
0.0,0.903,32.1
0.0,0.911,32.1
0.0,0.91,32.1
0.0,0.906,32.1
0.0,0.903,32.1
0.0,0.894,32.1
0.0,0.887,32.1
0.0,0.876,32.1
0.031,0.853,32.1
0.135,0.822,32.1
0.285,0.827,32.1
0.412,0.781,32.1
0.525,0.707,32.1
0.578,0.647,32.1
0.55,0.597,32.1
0.518,0.532,32.1
0.43,0.44,32.1
0.266,0.32,32.1
0.071,0.18,32.1
0.0,0.112,32.1
0.0,0.065,32.1
0.0,0.046,32.1
0.0,0.049,32.1
0.0,0.077,32.1
0.0,0.118,32.1
0.0,0.159,32.1
0.0,0.185,32.1
0.0,0.194,32.1
0.0,0.199,32.1
0.0,0.208,32.1
0.0,0.225,32.1
0.0,0.245,32.1
0.02,0.241,32.1
0.144,0.213,32.1
0.369,0.26,32.1
0.491,0.374,32.1
0.545,0.457,32.1
0.513,0.49,32.1
0.38,0.5,32.1
0.299,0.515,32.1
0.236,0.532,32.1
0.114,0.562,32.1
0.027,0.574,32.1
0.0,0.583,32.1
0.0,0.609,32.1
0.0,0.624,32.1
0.0,0.623,32.1
0.0,0.618,32.1
0.0,0.635,32.1
0.0,0.612,32.1
0.0,0.594,32.1
0.0,0.568,32.1
0.0,0.547,32.1
0.0,0.507,32.1
0.0,0.494,32.1
0.0,0.514,32.1
0.002,0.538,32.1
0.036,0.601,32.1
0.139,0.682,32.1
0.412,0.773,32.1
0.452,0.837,32.1
0.29,0.827,32.1
0.261,0.772,32.1
0.239,0.711,32.1
0.173,0.646,32.1
0.094,0.574,32.1
0.034,0.538,32.1
0.0,0.54,32.1
0.0,0.528,32.1
0.0,0.484,32.1
0.0,0.422,32.1
0.0,0.381,32.1
0.0,0.355,32.1
0.0,0.32,32.1
0.0,0.265,32.1
0.0,0.238,32.1
0.0,0.26,32.1
0.0,0.228,32.1
0.0,0.179,32.1
0.0,0.133,32.1
0.025,0.096,32.1
0.124,0.058,32.1
0.287,0.048,32.1
0.498,0.053,32.1
0.631,0.056,32.1
0.652,0.063,32.1
0.586,0.077,32.1
0.549,0.08,32.1
0.465,0.08,32.1
0.299,0.079,32.1
0.12,0.08,32.1
0.0,0.103,32.1
0.0,0.108,32.1
0.0,0.096,32.1
0.0,0.088,32.1
0.0,0.122,32.1
0.0,0.181,32.1
0.0,0.223,32.1
0.0,0.254,32.1
0.0,0.303,32.1
0.0,0.355,32.1
0.0,0.388,32.1
0.0,0.398,32.1
0.0,0.395,32.1
0.033,0.349,32.1
0.19,0.316,32.1
0.47,0.355,32.1
0.589,0.438,32.1
0.651,0.455,32.1
0.692,0.461,32.1
0.676,0.466,32.1
0.558,0.453,32.1
0.394,0.413,32.1
0.206,0.352,32.1
0.057,0.344,32.1
0.0,0.422,32.1
0.0,0.498,32.1
0.0,0.541,32.1
0.0,0.566,32.1
0.0,0.583,32.1
0.0,0.591,32.1
0.0,0.59,32.1
0.0,0.59,32.1
0.0,0.595,32.1
0.0,0.595,32.1
0.0,0.595,32.1
0.0,0.591,32.1
0.0,0.582,32.1
0.056,0.542,32.1
0.236,0.466,32.1
0.401,0.527,32.1
0.471,0.62,32.1
0.473,0.61,32.1
0.431,0.593,32.1
0.383,0.562,32.1
0.359,0.538,32.1
0.324,0.521,32.1
0.223,0.477,32.1
0.096,0.399,32.1
0.0,0.418,32.1
0.0,0.425,32.1
0.0,0.407,32.1
0.0,0.388,32.1
0.0,0.349,32.1
0.0,0.3,32.1
0.0,0.222,32.1
0.0,0.15,32.1
0.0,0.097,32.1
0.0,0.067,32.1
0.0,0.054,32.1
0.0,0.053,32.1
0.0,0.054,32.1
0.006,0.049,32.1
0.051,0.041,32.1
0.112,0.039,32.1
0.181,0.039,32.1
0.217,0.044,32.1
0.168,0.058,32.1
0.206,0.077,32.1
0.18,0.096,32.1
0.132,0.127,32.1
0.091,0.179,32.1
0.031,0.249,32.1
0.0,0.325,32.1
0.0,0.362,32.1
0.0,0.369,32.1
0.0,0.365,32.1
0.0,0.354,32.1
0.0,0.339,32.1
0.0,0.334,32.1
0.0,0.341,32.1
0.0,0.35,32.1
0.0,0.362,32.1
0.0,0.385,32.1
0.0,0.411,32.1
0.0,0.436,32.1
0.016,0.441,32.1
0.089,0.447,32.1
0.184,0.485,32.1
0.286,0.495,32.1
0.358,0.483,32.1
0.363,0.476,32.1
0.306,0.505,32.1
0.252,0.561,32.1
0.189,0.61,32.1
0.112,0.606,32.1
0.063,0.575,32.1
0.001,0.571,32.1
0.0,0.546,32.1
0.0,0.521,32.1
0.0,0.539,32.1
0.0,0.541,32.1
0.0,0.516,32.1
0.0,0.501,32.1
0.0,0.479,32.1
0.0,0.537,32.1
0.0,0.583,32.1
0.0,0.588,32.1
0.0,0.564,32.1
0.0,0.575,32.1
0.093,0.569,32.1
0.332,0.601,32.1
0.532,0.663,32.1
0.67,0.683,32.1
0.751,0.679,32.1
0.779,0.676,32.1
0.756,0.69,32.1
0.686,0.716,32.1
0.564,0.739,32.1
0.389,0.739,32.1
0.174,0.699,32.1
0.01,0.677,32.1
0.0,0.628,32.1
0.0,0.619,32.1
0.0,0.624,32.1
0.0,0.623,32.1
0.0,0.613,32.1
0.0,0.603,32.1
0.0,0.607,32.1
0.0,0.596,32.1
0.0,0.583,32.1
0.0,0.556,32.1
0.0,0.53,32.1
0.0,0.519,32.1
0.111,0.477,32.1
0.34,0.485,32.1
0.537,0.61,32.1
0.677,0.627,32.1
0.76,0.642,32.1
0.789,0.657,32.1
0.765,0.663,32.1
0.695,0.662,32.1
0.573,0.658,32.1
0.4,0.64,32.1
0.187,0.623,32.1
0.013,0.704,32.1
0.0,0.721,32.1
0.0,0.674,32.1
0.0,0.649,32.1
0.0,0.63,32.1
0.0,0.603,32.1
0.0,0.624,32.1
0.0,0.574,32.1
0.0,0.535,32.1
0.0,0.51,32.1
0.0,0.494,32.1
0.0,0.492,32.1
0.0,0.498,32.1
0.107,0.446,32.1
0.332,0.434,32.1
0.53,0.556,32.1
0.668,0.55,32.1
0.752,0.527,32.1
0.782,0.525,32.1
0.76,0.532,32.1
0.691,0.541,32.1
0.571,0.541,32.1
0.398,0.526,32.1
0.188,0.529,32.1
0.015,0.59,32.1
0.0,0.636,32.1
0.0,0.611,32.1
0.0,0.588,32.1
0.0,0.577,32.1
0.0,0.555,32.1
0.0,0.513,32.1
0.0,0.463,32.1
0.0,0.441,32.1
0.0,0.431,32.1
0.0,0.419,32.1
0.0,0.398,32.1
0.0,0.379,32.1
0.088,0.309,32.1
0.329,0.202,32.1
0.531,0.281,32.1
0.668,0.335,32.1
0.749,0.35,32.1
0.778,0.376,32.1
0.756,0.397,32.1
0.687,0.403,32.1
0.569,0.399,32.1
0.4,0.369,32.1
0.192,0.342,32.1
0.017,0.435,32.1
0.0,0.531,32.1
0.0,0.538,32.1
0.0,0.505,32.1
0.0,0.491,32.1
0.0,0.488,32.1
0.0,0.476,32.1
0.0,0.45,32.1
0.0,0.413,32.1
0.0,0.374,32.1
0.0,0.331,32.1
0.0,0.289,32.1
0.0,0.256,32.1
0.107,0.201,32.1
0.343,0.111,32.1
0.538,0.085,32.1
0.672,0.101,32.1
0.752,0.115,32.1
0.78,0.157,32.1
0.761,0.204,32.1
0.667,0.245,32.1
0.462,0.282,32.1
0.231,0.285,32.1
0.09,0.327,32.1
0.006,0.451,32.1
0.0,0.535,32.1
0.0,0.552,32.1
0.0,0.551,32.1
0.0,0.532,32.1
0.0,0.517,32.1
0.0,0.502,32.1
0.0,0.48,32.1
0.0,0.448,32.1
0.0,0.416,32.1
0.0,0.386,32.1
0.0,0.374,32.1
0.0,0.375,32.1
0.118,0.287,32.1
0.339,0.192,32.1
0.53,0.205,32.1
0.665,0.338,32.1
0.745,0.379,32.1
0.774,0.391,32.1
0.75,0.413,32.1
0.68,0.439,32.1
0.56,0.47,32.1
0.39,0.477,32.1
0.185,0.474,32.1
0.018,0.525,32.1
0.0,0.576,32.1
0.0,0.561,32.1
0.0,0.541,32.1
0.0,0.522,32.1
0.0,0.501,32.1
0.0,0.481,32.1
0.0,0.459,32.1
0.0,0.441,32.1
0.0,0.429,32.1
0.0,0.413,32.1
0.0,0.401,32.1
0.0,0.401,32.1
0.097,0.332,32.1
0.296,0.272,32.1
0.478,0.343,32.1
0.598,0.442,32.1
0.677,0.465,32.1
0.706,0.449,32.1
0.681,0.443,32.1
0.61,0.455,32.1
0.49,0.472,32.1
0.324,0.477,32.1
0.142,0.524,32.1
0.013,0.603,32.1
0.0,0.672,32.1
0.0,0.651,32.1
0.0,0.606,32.1
0.0,0.592,32.1
0.0,0.573,32.1
0.0,0.55,32.1
0.0,0.528,32.1
0.0,0.516,32.1
0.0,0.516,32.1
0.0,0.523,32.1
0.0,0.535,32.1
0.0,0.549,32.1
0.063,0.583,32.1
0.271,0.638,32.1
0.458,0.705,32.1
0.599,0.716,32.1
0.687,0.69,32.1
0.725,0.668,32.1
0.702,0.674,32.1
0.642,0.713,32.1
0.532,0.765,32.1
0.371,0.806,32.1
0.177,0.813,32.1
0.02,0.794,32.1
0.0,0.77,32.1
0.0,0.738,32.1
0.0,0.714,32.1
0.0,0.721,32.1
0.0,0.734,32.1
0.0,0.737,32.1
0.0,0.748,32.1
0.0,0.741,32.1
0.0,0.764,32.1
0.0,0.748,32.1
0.0,0.71,32.1
0.0,0.785,32.1
0.098,0.833,32.1
0.295,0.912,32.1
0.462,0.941,32.1
0.639,0.948,32.1
0.682,0.949,32.1
0.688,0.946,32.1
0.697,0.941,32.1
0.659,0.936,32.1
0.556,0.929,32.1
0.403,0.919,32.1
0.206,0.897,32.1
0.028,0.857,32.1
0.0,0.814,32.1
0.0,0.759,32.1
0.0,0.683,32.1
0.0,0.591,32.1
0.0,0.529,32.1
0.0,0.471,32.1
0.0,0.41,32.1
0.0,0.332,32.1
0.0,0.245,32.1
0.0,0.163,32.1
0.0,0.106,32.1
0.0,0.084,32.1
0.092,0.079,32.1
0.199,0.074,32.1
0.318,0.086,32.1
0.355,0.097,32.1
0.375,0.119,32.1
0.451,0.159,32.1
0.453,0.227,32.1
0.496,0.309,32.1
0.399,0.379,32.1
0.277,0.402,32.1
0.126,0.378,32.1
0.013,0.343,32.1
0.0,0.367,32.1
0.0,0.403,32.1
0.0,0.414,32.1
0.0,0.401,32.1
0.0,0.395,32.1
0.0,0.386,32.1
0.0,0.327,32.1
0.0,0.311,32.1
0.0,0.334,32.1
0.0,0.353,32.1
0.0,0.369,32.1
0.0,0.355,32.1
0.126,0.295,32.1
0.357,0.275,32.1
0.546,0.35,32.1
0.682,0.312,32.1
0.764,0.246,32.1
0.795,0.193,32.1
0.776,0.162,32.1
0.709,0.151,32.1
0.593,0.15,32.1
0.426,0.161,32.1
0.221,0.179,32.1
0.034,0.226,32.1
0.0,0.285,32.1
0.0,0.312,32.1
0.0,0.312,32.1
0.0,0.286,32.1
0.0,0.242,32.1
0.0,0.188,32.1
0.0,0.133,32.1
0.0,0.082,32.1
0.0,0.043,32.1
0.0,0.019,32.1
0.0,0.008,32.1
0.0,0.006,32.1
0.133,0.008,32.1
0.335,0.01,32.1
0.494,0.019,32.1
0.614,0.019,32.1
0.674,0.023,32.1
0.708,0.035,32.1
0.683,0.054,32.1
0.632,0.078,32.1
0.502,0.099,32.1
0.359,0.113,32.1
0.171,0.122,32.1
0.029,0.139,32.1
0.0,0.16,32.1
0.0,0.147,32.1
0.0,0.119,32.1
0.0,0.093,32.1
0.0,0.077,32.1
0.0,0.077,32.1
0.0,0.086,32.1
0.0,0.101,32.1
0.0,0.119,32.1
0.0,0.147,32.1
0.0,0.184,32.1
0.0,0.236,32.1
0.104,0.261,32.1
0.269,0.243,32.1
0.439,0.291,32.1
0.554,0.328,32.1
0.598,0.368,32.1
0.549,0.42,32.1
0.533,0.482,32.1
0.517,0.542,32.1
0.431,0.574,32.1
0.316,0.566,32.1
0.145,0.499,32.1
0.02,0.505,32.1
0.0,0.568,32.1
0.0,0.556,32.1
0.0,0.506,32.1
0.0,0.43,32.1
0.0,0.358,32.1
0.0,0.312,32.1
0.0,0.269,32.1
0.0,0.239,32.1
0.0,0.201,32.1
0.0,0.171,32.1
0.0,0.166,32.1
0.0,0.179,32.1
0.09,0.179,32.1
0.237,0.187,32.1
0.431,0.213,32.1
0.568,0.245,32.1
0.627,0.288,32.1
0.703,0.316,32.1
0.721,0.328,32.1
0.676,0.328,32.1
0.569,0.321,32.1
0.408,0.285,32.1
0.207,0.21,32.1
0.038,0.129,32.1
0.0,0.066,32.1
0.0,0.025,32.1
0.0,0.022,32.1
0.0,0.058,32.1
0.0,0.121,32.1
0.0,0.192,32.1
0.0,0.259,32.1
0.0,0.305,32.1
0.0,0.335,32.1
0.0,0.343,32.1
0.0,0.343,32.1
0.001,0.337,32.1
0.121,0.261,32.1
0.325,0.154,32.1
0.502,0.158,32.1
0.633,0.179,32.1
0.719,0.183,32.1
0.758,0.179,32.1
0.746,0.167,32.1
0.684,0.158,32.1
0.573,0.162,32.1
0.414,0.167,32.1
0.22,0.174,32.1
0.042,0.241,32.1
0.0,0.358,32.1
0.0,0.462,32.1
0.0,0.516,32.1
0.0,0.523,32.1
0.0,0.501,32.1
0.0,0.469,32.1
0.0,0.437,32.1
0.0,0.413,32.1
0.0,0.402,32.1
0.0,0.409,32.1
0.0,0.433,32.1
0.002,0.447,32.1
0.149,0.362,32.1
0.356,0.302,32.1
0.532,0.332,32.1
0.656,0.497,32.1
0.731,0.629,32.1
0.761,0.675,32.1
0.745,0.668,32.1
0.682,0.642,32.1
0.572,0.6,32.1
0.415,0.574,32.1
0.222,0.589,32.1
0.043,0.644,32.1
0.0,0.718,32.1
0.0,0.722,32.1
0.0,0.684,32.1
0.0,0.655,32.1
0.0,0.642,32.1
0.0,0.649,32.1
0.0,0.688,32.1
0.0,0.685,32.1
0.0,0.625,32.1
0.0,0.574,32.1
0.0,0.538,32.1
0.004,0.503,32.1
0.14,0.408,32.1
0.337,0.35,32.1
0.506,0.358,32.1
0.628,0.395,32.1
0.701,0.471,32.1
0.728,0.517,32.1
0.707,0.519,32.1
0.636,0.487,32.1
0.434,0.425,32.1
0.267,0.376,32.1
0.11,0.321,32.1
0.013,0.282,32.1
0.0,0.28,32.1
0.0,0.305,32.1
0.0,0.355,32.1
0.0,0.311,32.1
0.0,0.239,32.1
0.0,0.162,32.1
0.0,0.086,32.1
0.0,0.041,32.1
0.0,0.03,32.1
0.0,0.034,32.1
0.0,0.046,32.1
0.005,0.067,32.1
0.11,0.071,32.1
0.302,0.066,32.1
0.506,0.089,32.1
0.634,0.111,32.1
0.712,0.115,32.1
0.743,0.117,32.1
0.729,0.123,32.1
0.667,0.132,32.1
0.557,0.145,32.1
0.401,0.165,32.1
0.208,0.195,32.1
0.042,0.296,32.1
0.0,0.441,32.1
0.0,0.527,32.1
0.0,0.539,32.1
0.0,0.521,32.1
0.0,0.493,32.1
0.0,0.464,32.1
0.0,0.424,32.1
0.0,0.367,32.1
0.0,0.3,32.1
0.0,0.215,32.1
0.0,0.136,32.1
0.003,0.086,32.1
0.083,0.051,32.1
0.25,0.024,32.1
0.447,0.014,32.1
0.569,0.011,32.1
0.629,0.009,32.1
0.622,0.007,32.1
0.564,0.005,32.1
0.49,0.007,32.1
0.382,0.011,32.1
0.256,0.025,32.1
0.143,0.048,32.1
0.038,0.111,32.1
0.0,0.18,32.1
0.0,0.228,32.1
0.0,0.244,32.1
0.0,0.238,32.1
0.0,0.223,32.1
0.0,0.206,32.1
0.0,0.189,32.1
0.0,0.18,32.1
0.0,0.186,32.1
0.0,0.193,32.1
0.0,0.195,32.1
0.008,0.188,32.1
0.113,0.125,32.1
0.275,0.069,32.1
0.446,0.063,32.1
0.591,0.099,32.1
0.69,0.101,32.1
0.723,0.096,32.1
0.706,0.103,32.1
0.649,0.133,32.1
0.544,0.177,32.1
0.392,0.231,32.1
0.212,0.287,32.1
0.05,0.376,32.1
0.0,0.49,32.1
0.0,0.519,32.1
0.0,0.498,32.1
0.0,0.467,32.1
0.0,0.441,32.1
0.0,0.414,32.1
0.0,0.39,32.1
0.0,0.368,32.1
0.0,0.356,32.1
0.0,0.345,32.1
0.0,0.331,32.1
0.01,0.289,32.1
0.137,0.205,32.1
0.317,0.19,32.1
0.501,0.195,32.1
0.631,0.185,32.1
0.71,0.168,32.1
0.743,0.154,32.1
0.728,0.144,32.1
0.667,0.146,32.1
0.558,0.158,32.1
0.402,0.185,32.1
0.218,0.223,32.1
0.051,0.305,32.1
0.0,0.431,32.1
0.0,0.501,32.1
0.0,0.502,32.1
0.0,0.479,32.1
0.0,0.449,32.1
0.0,0.422,32.1
0.0,0.399,32.1
0.0,0.381,32.1
0.0,0.368,32.1
0.0,0.358,32.1
0.0,0.341,32.1
0.011,0.305,32.1
0.16,0.186,32.1
0.359,0.106,32.1
0.529,0.115,32.1
0.651,0.135,32.1
0.725,0.108,32.1
0.752,0.075,32.1
0.734,0.045,32.1
0.672,0.022,32.1
0.564,0.008,32.1
0.409,0.005,32.1
0.222,0.004,32.1
0.053,0.003,32.1
0.0,0.006,32.1
0.0,0.009,32.1
0.0,0.01,32.1
0.0,0.007,32.1
0.0,0.006,32.1
0.0,0.015,32.1
0.0,0.039,32.1
0.0,0.078,32.1
0.0,0.124,32.1
0.0,0.157,32.1
0.0,0.172,32.1
0.014,0.177,32.1
0.142,0.153,32.1
0.303,0.098,32.1
0.414,0.076,32.1
0.478,0.096,32.1
0.542,0.12,32.1
0.596,0.143,32.1
0.593,0.164,32.1
0.541,0.175,32.1
0.435,0.167,32.1
0.289,0.14,32.1
0.158,0.117,32.1
0.042,0.112,32.1
0.0,0.14,32.1
0.0,0.192,32.1
0.0,0.262,32.1
0.0,0.338,32.1
0.0,0.416,32.1
0.0,0.532,32.1
0.0,0.633,32.1
0.0,0.675,32.1
0.0,0.726,32.1
0.0,0.772,32.1
0.0,0.789,32.1
0.002,0.773,32.1
0.046,0.75,32.1
0.162,0.742,32.1
0.441,0.719,32.1
0.663,0.688,32.1
0.76,0.674,32.1
0.796,0.637,32.1
0.782,0.58,32.1
0.72,0.557,32.1
0.609,0.558,32.1
0.45,0.618,32.1
0.251,0.651,32.1
0.063,0.63,32.1
0.0,0.58,32.1
0.0,0.525,32.1
0.0,0.454,32.1
0.0,0.41,32.1
0.0,0.388,32.1
0.0,0.364,32.1
0.0,0.334,32.1
0.0,0.308,32.1
0.0,0.302,32.1
0.0,0.301,32.1
0.0,0.278,32.1
0.016,0.232,32.1
0.132,0.179,32.1
0.294,0.174,32.1
0.423,0.184,32.1
0.592,0.177,32.1
0.676,0.154,32.1
0.738,0.152,32.1
0.748,0.125,32.1
0.702,0.099,32.1
0.593,0.101,32.1
0.434,0.099,32.1
0.248,0.093,32.1
0.065,0.109,32.1
0.0,0.148,32.1
0.0,0.123,32.1
0.0,0.072,32.1
0.0,0.048,32.1
0.0,0.046,32.1
0.0,0.045,32.1
0.0,0.029,32.1
0.0,0.015,32.1
0.0,0.01,32.1
0.0,0.017,32.1
0.0,0.027,32.1
0.017,0.041,32.1
0.168,0.042,32.1
0.364,0.043,32.1
0.54,0.042,32.1
0.669,0.033,32.1
0.744,0.019,32.1
0.77,0.009,32.1
0.752,0.004,32.1
0.686,0.001,32.1
0.565,0.005,32.1
0.393,0.013,32.1
0.21,0.028,32.1
0.06,0.05,32.1
0.0,0.083,32.1
0.0,0.123,32.1
0.0,0.174,32.1
0.0,0.23,32.1
0.0,0.284,32.1
0.0,0.325,32.1
0.0,0.337,32.1
0.0,0.325,32.1
0.0,0.3,32.1
0.0,0.258,32.1
0.0,0.213,32.1
0.019,0.18,32.1
0.171,0.108,32.1
0.368,0.059,32.1
0.534,0.057,32.1
0.653,0.084,32.1
0.723,0.098,32.1
0.747,0.073,32.1
0.724,0.035,32.1
0.655,0.009,32.1
0.539,0.005,32.1
0.374,0.029,32.1
0.181,0.071,32.1
0.046,0.164,32.1
0.0,0.31,32.1
0.0,0.403,32.1
0.0,0.43,32.1
0.0,0.43,32.1
0.0,0.454,32.1
0.0,0.456,32.1
0.0,0.466,32.1
0.0,0.468,32.1
0.0,0.483,32.1
0.0,0.47,32.1
0.0,0.444,32.1
0.021,0.422,32.1
0.165,0.422,32.1
0.355,0.43,32.1
0.522,0.407,32.1
0.639,0.366,32.1
0.715,0.327,32.1
0.745,0.3,32.1
0.726,0.285,32.1
0.665,0.284,32.1
0.56,0.303,32.1
0.411,0.346,32.1
0.229,0.386,32.1
0.064,0.432,32.1
0.0,0.523,32.1
0.0,0.547,32.1
0.0,0.503,32.1
0.0,0.469,32.1
0.0,0.451,32.1
0.0,0.441,32.1
0.0,0.428,32.1
0.0,0.4,32.1
0.0,0.348,32.1
0.0,0.286,32.1
0.0,0.254,32.1
0.008,0.199,32.1
0.044,0.145,32.1
0.087,0.121,32.1
0.127,0.123,32.1
0.165,0.106,32.1
0.208,0.086,32.1
0.249,0.075,32.1
0.298,0.058,32.1
0.325,0.055,32.1
0.297,0.066,32.1
0.236,0.086,32.1
0.133,0.107,32.1
0.037,0.142,32.1
0.0,0.208,32.1
0.0,0.261,32.1
0.0,0.264,32.1
0.0,0.231,32.1
0.0,0.2,32.1
0.0,0.195,32.1
0.0,0.207,32.1
0.0,0.226,32.1
0.0,0.249,32.1
0.0,0.274,32.1
0.0,0.331,32.1
0.023,0.358,32.1
0.18,0.341,32.1
0.379,0.369,32.1
0.548,0.424,32.1
0.666,0.478,32.1
0.739,0.505,32.1
0.768,0.506,32.1
0.751,0.513,32.1
0.691,0.532,32.1
0.592,0.558,32.1
0.444,0.586,32.1
0.259,0.59,32.1
0.073,0.605,32.1
0.0,0.655,32.1
0.0,0.697,32.1
0.0,0.693,32.1
0.0,0.66,32.1
0.0,0.663,32.1
0.0,0.66,32.1
0.0,0.641,32.1
0.0,0.618,32.1
0.0,0.602,32.1
0.0,0.587,32.1
0.0,0.58,32.1
0.023,0.538,32.1
0.193,0.507,32.1
0.392,0.597,32.1
0.558,0.645,32.1
0.677,0.71,32.1
0.75,0.763,32.1
0.778,0.792,32.1
0.763,0.813,32.1
0.703,0.831,32.1
0.597,0.845,32.1
0.445,0.854,32.1
0.259,0.849,32.1
0.074,0.846,32.1
0.0,0.844,32.1
0.0,0.833,32.1
0.0,0.791,32.1
0.0,0.743,32.1
0.0,0.695,32.1
0.0,0.685,32.1
0.0,0.668,32.1
0.0,0.647,32.1
0.0,0.635,32.1
0.0,0.642,32.1
0.0,0.643,32.1
0.024,0.605,32.1
0.194,0.547,32.1
0.393,0.658,32.1
0.559,0.731,32.1
0.679,0.788,32.1
0.751,0.819,32.1
0.777,0.839,32.1
0.759,0.852,32.1
0.698,0.856,32.1
0.593,0.85,32.1
0.443,0.835,32.1
0.258,0.805,32.1
0.075,0.783,32.1
0.0,0.771,32.1
0.0,0.713,32.1
0.0,0.687,32.1
0.0,0.661,32.1
0.0,0.655,32.1
0.0,0.642,32.1
0.0,0.625,32.1
0.0,0.607,32.1
0.0,0.59,32.1
0.0,0.568,32.1
0.0,0.547,32.1
0.026,0.48,32.1
0.194,0.376,32.1
0.392,0.425,32.1
0.557,0.496,32.1
0.673,0.568,32.1
0.744,0.636,32.1
0.771,0.668,32.1
0.754,0.671,32.1
0.693,0.657,32.1
0.589,0.64,32.1
0.441,0.615,32.1
0.258,0.558,32.1
0.077,0.592,32.1
0.001,0.675,32.1
0.0,0.732,32.1
0.0,0.743,32.1
0.0,0.698,32.1
0.0,0.642,32.1
0.0,0.55,32.1
0.0,0.494,32.1
0.0,0.457,32.1
0.0,0.422,32.1
0.0,0.389,32.1
0.0,0.357,32.1
0.029,0.264,32.1
0.195,0.139,32.1
0.387,0.101,32.1
0.548,0.111,32.1
0.663,0.133,32.1
0.731,0.125,32.1
0.756,0.092,32.1
0.734,0.053,32.1
0.672,0.024,32.1
0.57,0.008,32.1
0.426,0.007,32.1
0.247,0.018,32.1
0.075,0.053,32.1
0.002,0.129,32.1
0.0,0.192,32.1
0.0,0.217,32.1
0.0,0.208,32.1
0.0,0.191,32.1
0.0,0.171,32.1
0.0,0.162,32.1
0.0,0.173,32.1
0.0,0.195,32.1
0.0,0.21,32.1
0.0,0.213,32.1
0.032,0.178,32.1
0.181,0.119,32.1
0.37,0.118,32.1
0.535,0.135,32.1
0.648,0.148,32.1
0.726,0.156,32.1
0.758,0.173,32.1
0.746,0.194,32.1
0.688,0.217,32.1
0.584,0.235,32.1
0.436,0.251,32.1
0.257,0.266,32.1
0.081,0.275,32.1
0.003,0.307,32.1
0.0,0.347,32.1
0.0,0.337,32.1
0.0,0.325,32.1
0.0,0.311,32.1
0.0,0.289,32.1
0.0,0.262,32.1
0.0,0.237,32.1
0.0,0.225,32.1
0.0,0.204,32.1
0.0,0.174,32.1
0.035,0.131,32.1
0.157,0.092,32.1
0.346,0.064,32.1
0.548,0.047,32.1
0.676,0.041,32.1
0.754,0.042,32.1
0.783,0.046,32.1
0.765,0.054,32.1
0.705,0.065,32.1
0.6,0.077,32.1
0.45,0.093,32.1
0.266,0.113,32.1
0.084,0.152,32.1
0.004,0.243,32.1
0.0,0.315,32.1
0.0,0.31,32.1
0.0,0.28,32.1
0.0,0.251,32.1
0.0,0.218,32.1
0.0,0.178,32.1
0.0,0.137,32.1
0.0,0.101,32.1
0.0,0.071,32.1
0.0,0.053,32.1
0.036,0.035,32.1
0.168,0.025,32.1
0.348,0.016,32.1
0.539,0.009,32.1
0.672,0.005,32.1
0.747,0.002,32.1
0.774,0.001,32.1
0.759,0.001,32.1
0.699,0.005,32.1
0.596,0.018,32.1
0.448,0.02,32.1
0.266,0.018,32.1
0.084,0.02,32.1
0.005,0.035,32.1
0.0,0.039,32.1
0.0,0.031,32.1
0.0,0.023,32.1
0.0,0.026,32.1
0.0,0.044,32.1
0.0,0.074,32.1
0.0,0.102,32.1
0.0,0.119,32.1
0.0,0.131,32.1
0.0,0.145,32.1
0.038,0.16,32.1
0.195,0.118,32.1
0.373,0.085,32.1
0.493,0.123,32.1
0.557,0.137,32.1
0.645,0.148,32.1
0.718,0.158,32.1
0.726,0.159,32.1
0.669,0.153,32.1
0.567,0.148,32.1
0.417,0.144,32.1
0.241,0.138,32.1
0.078,0.153,32.1
0.005,0.204,32.1
0.0,0.257,32.1
0.0,0.28,32.1
0.0,0.285,32.1
0.0,0.286,32.1
0.0,0.297,32.1
0.0,0.315,32.1
0.0,0.329,32.1
0.0,0.344,32.1
0.0,0.346,32.1
0.0,0.334,32.1
0.036,0.337,32.1
0.113,0.323,32.1
0.164,0.278,32.1
0.158,0.217,32.1
0.181,0.177,32.1
0.201,0.154,32.1
0.174,0.124,32.1
0.12,0.104,32.1
0.089,0.101,32.1
0.077,0.113,32.1
0.079,0.124,32.1
0.058,0.126,32.1
0.027,0.122,32.1
0.0,0.124,32.1
0.0,0.115,32.1
0.0,0.104,32.1
0.0,0.089,32.1
0.0,0.075,32.1
0.0,0.054,32.1
0.0,0.029,32.1
0.0,0.018,32.1
0.0,0.042,32.1
0.0,0.089,32.1
0.0,0.154,32.1
0.012,0.189,32.1
0.066,0.209,32.1
0.146,0.248,32.1
0.201,0.271,32.1
0.335,0.299,32.1
0.543,0.342,32.1
0.599,0.363,32.1
0.677,0.359,32.1
0.643,0.355,32.1
0.508,0.311,32.1
0.27,0.261,32.1
0.072,0.232,32.1
0.014,0.279,32.1
0.0,0.415,32.1
0.0,0.523,32.1
0.0,0.612,32.1
0.0,0.637,32.1
0.0,0.57,32.1
0.0,0.494,32.1
0.0,0.457,32.1
0.0,0.464,32.1
0.0,0.472,32.1
0.0,0.494,32.1
0.0,0.574,32.1
0.014,0.643,32.1
0.102,0.697,32.1
0.27,0.766,32.1
0.484,0.753,32.1
0.631,0.673,32.1
0.709,0.571,32.1
0.722,0.51,32.1
0.637,0.491,32.1
0.497,0.52,32.1
0.417,0.574,32.1
0.288,0.611,32.1
0.151,0.599,32.1
0.055,0.558,32.1
0.0,0.562,32.1
0.0,0.606,32.1
0.0,0.716,32.1
0.0,0.793,32.1
0.0,0.793,32.1
0.0,0.748,32.1
0.0,0.668,32.1
0.0,0.572,32.1
0.0,0.499,32.1
0.0,0.459,32.1
0.0,0.464,32.1
0.04,0.494,32.1
0.125,0.599,32.1
0.217,0.662,32.1
0.371,0.7,32.1
0.388,0.706,32.1
0.466,0.682,32.1
0.524,0.652,32.1
0.565,0.635,32.1
0.508,0.627,32.1
0.391,0.612,32.1
0.298,0.569,32.1
0.184,0.491,32.1
0.077,0.37,32.1
0.008,0.331,32.1
0.0,0.371,32.1
0.0,0.393,32.1
0.0,0.385,32.1
0.0,0.379,32.1
0.0,0.395,32.1
0.0,0.415,32.1
0.0,0.407,32.1
0.0,0.379,32.1
0.0,0.349,32.1
0.0,0.343,32.1
0.039,0.314,32.1
0.131,0.35,32.1
0.207,0.413,32.1
0.248,0.454,32.1
0.353,0.454,32.1
0.432,0.437,32.1
0.546,0.434,32.1
0.638,0.441,32.1
0.625,0.443,32.1
0.544,0.42,32.1
0.42,0.372,32.1
0.264,0.298,32.1
0.099,0.21,32.1
0.015,0.167,32.1
0.0,0.191,32.1
0.0,0.202,32.1
0.0,0.203,32.1
0.0,0.203,32.1
0.0,0.24,32.1
0.0,0.294,32.1
0.0,0.305,32.1
0.0,0.291,32.1
0.0,0.279,32.1
0.0,0.253,32.1
0.053,0.183,32.1
0.16,0.103,32.1
0.235,0.084,32.1
0.212,0.08,32.1
0.273,0.079,32.1
0.352,0.071,32.1
0.363,0.062,32.1
0.388,0.054,32.1
0.37,0.039,32.1
0.305,0.024,32.1
0.208,0.01,32.1
0.127,0.002,32.1
0.064,0.009,32.1
0.007,0.034,32.1
0.0,0.088,32.1
0.0,0.159,32.1
0.0,0.214,32.1
0.0,0.238,32.1
0.0,0.241,32.1
0.0,0.237,32.1
0.0,0.243,32.1
0.0,0.251,32.1
0.0,0.251,32.1
0.0,0.235,32.1
0.041,0.223,32.1
0.168,0.228,32.1
0.349,0.243,32.1
0.503,0.223,32.1
0.64,0.191,32.1
0.716,0.167,32.1
0.744,0.167,32.1
0.735,0.185,32.1
0.682,0.207,32.1
0.583,0.234,32.1
0.449,0.285,32.1
0.278,0.347,32.1
0.099,0.415,32.1
0.015,0.464,32.1
0.0,0.5,32.1
0.0,0.486,32.1
0.0,0.473,32.1
0.0,0.473,32.1
0.0,0.48,32.1
0.0,0.477,32.1
0.0,0.506,32.1
0.0,0.466,32.1
0.0,0.432,32.1
0.0,0.42,32.1
0.048,0.364,32.1
0.223,0.447,32.1
0.421,0.417,32.1
0.586,0.341,32.1
0.702,0.271,32.1
0.772,0.234,32.1
0.799,0.229,32.1
0.782,0.249,32.1
0.723,0.294,32.1
0.621,0.361,32.1
0.474,0.388,32.1
0.291,0.361,32.1
0.099,0.343,32.1
0.014,0.41,32.1
0.0,0.503,32.1
0.0,0.511,32.1
0.0,0.479,32.1
0.0,0.432,32.1
0.0,0.382,32.1
0.0,0.348,32.1
0.0,0.334,32.1
0.0,0.326,32.1
0.0,0.309,32.1
0.0,0.28,32.1
0.049,0.19,32.1
0.223,0.133,32.1
0.411,0.132,32.1
0.567,0.101,32.1
0.681,0.062,32.1
0.75,0.039,32.1
0.777,0.031,32.1
0.761,0.037,32.1
0.703,0.051,32.1
0.602,0.072,32.1
0.459,0.103,32.1
0.282,0.144,32.1
0.099,0.201,32.1
0.015,0.294,32.1
0.0,0.369,32.1
0.0,0.367,32.1
0.0,0.332,32.1
0.0,0.294,32.1
0.0,0.262,32.1
0.0,0.24,32.1
0.0,0.226,32.1
0.0,0.219,32.1
0.0,0.203,32.1
0.001,0.177,32.1
0.054,0.115,32.1
0.225,0.054,32.1
0.408,0.037,32.1
0.559,0.021,32.1
0.666,0.012,32.1
0.732,0.008,32.1
0.754,0.006,32.1
0.683,0.006,32.1
0.576,0.006,32.1
0.469,0.008,32.1
0.273,0.009,32.1
0.094,0.012,32.1
0.038,0.032,32.1
0.008,0.082,32.1
0.0,0.125,32.1
0.0,0.149,32.1
0.0,0.154,32.1
0.0,0.147,32.1
0.0,0.133,32.1
0.0,0.107,32.1
0.0,0.079,32.1
0.0,0.058,32.1
0.0,0.045,32.1
0.0,0.039,32.1
0.054,0.037,32.1
0.185,0.027,32.1
0.358,0.019,32.1
0.487,0.018,32.1
0.554,0.02,32.1
0.557,0.02,32.1
0.511,0.019,32.1
0.418,0.015,32.1
0.4,0.013,32.1
0.39,0.011,32.1
0.299,0.011,32.1
0.205,0.017,32.1
0.088,0.031,32.1
0.018,0.06,32.1
0.0,0.088,32.1
0.0,0.117,32.1
0.0,0.162,32.1
0.0,0.213,32.1
0.0,0.245,32.1
0.0,0.259,32.1
0.0,0.26,32.1
0.0,0.251,32.1
0.0,0.223,32.1
0.001,0.204,32.1
0.055,0.196,32.1
0.185,0.138,32.1
0.368,0.095,32.1
0.53,0.154,32.1
0.645,0.209,32.1
0.714,0.221,32.1
0.74,0.218,32.1
0.725,0.212,32.1
0.669,0.205,32.1
0.573,0.197,32.1
0.437,0.202,32.1
0.27,0.214,32.1
0.101,0.247,32.1
0.02,0.337,32.1
0.0,0.428,32.1
0.0,0.472,32.1
0.0,0.464,32.1
0.0,0.416,32.1
0.0,0.355,32.1
0.0,0.283,32.1
0.0,0.223,32.1
0.0,0.182,32.1
0.0,0.146,32.1
0.0,0.117,32.1
0.037,0.082,32.1
0.081,0.037,32.1
0.136,0.016,32.1
0.228,0.027,32.1
0.316,0.084,32.1
0.444,0.228,32.1
0.51,0.378,32.1
0.332,0.479,32.1
0.227,0.613,32.1
0.154,0.77,32.1
0.123,0.872,32.1
0.098,0.906,32.1
0.027,0.912,32.1
0.0,0.909,32.1
0.0,0.902,32.1
0.0,0.895,32.1
0.0,0.876,32.1
0.0,0.847,32.1
0.0,0.823,32.1
0.0,0.821,32.1
0.0,0.823,32.1
0.0,0.833,32.1
0.0,0.844,32.1
0.004,0.822,32.1
0.06,0.833,32.1
0.21,0.882,32.1
0.409,0.889,32.1
0.569,0.901,32.1
0.678,0.909,32.1
0.747,0.911,32.1
0.773,0.907,32.1
0.757,0.897,32.1
0.703,0.884,32.1
0.61,0.863,32.1
0.469,0.846,32.1
0.291,0.826,32.1
0.109,0.788,32.1
0.022,0.727,32.1
0.0,0.644,32.1
0.0,0.555,32.1
0.0,0.473,32.1
0.0,0.407,32.1
0.0,0.358,32.1
0.0,0.301,32.1
0.0,0.249,32.1
0.0,0.195,32.1
0.0,0.136,32.1
0.006,0.084,32.1
0.063,0.047,32.1
0.185,0.041,32.1
0.352,0.046,32.1
0.493,0.054,32.1
0.617,0.067,32.1
0.673,0.086,32.1
0.709,0.112,32.1
0.709,0.138,32.1
0.654,0.161,32.1
0.53,0.183,32.1
0.433,0.193,32.1
0.274,0.189,32.1
0.112,0.171,32.1
0.025,0.153,32.1
0.0,0.139,32.1
0.0,0.122,32.1
0.0,0.125,32.1
0.0,0.149,32.1
0.0,0.175,32.1
0.0,0.193,32.1
0.0,0.206,32.1
0.0,0.212,32.1
0.0,0.205,32.1
0.007,0.179,32.1
0.068,0.128,32.1
0.176,0.095,32.1
0.241,0.12,32.1
0.321,0.201,32.1
0.357,0.297,32.1
0.454,0.383,32.1
0.548,0.443,32.1
0.569,0.481,32.1
0.546,0.513,32.1
0.47,0.571,32.1
0.378,0.62,32.1
0.253,0.647,32.1
0.114,0.662,32.1
0.029,0.653,32.1
0.0,0.623,32.1
0.0,0.585,32.1
0.0,0.56,32.1
0.0,0.532,32.1
0.0,0.512,32.1
0.0,0.484,32.1
0.0,0.448,32.1
0.0,0.419,32.1
0.0,0.395,32.1
0.008,0.364,32.1
0.062,0.261,32.1
0.229,0.27,32.1
0.392,0.251,32.1
0.523,0.233,32.1
0.632,0.225,32.1
0.697,0.219,32.1
0.731,0.219,32.1
0.723,0.233,32.1
0.673,0.264,32.1
0.586,0.308,32.1
0.456,0.358,32.1
0.288,0.4,32.1
0.112,0.42,32.1
0.024,0.422,32.1
0.0,0.442,32.1
0.0,0.432,32.1
0.0,0.413,32.1
0.0,0.389,32.1
0.0,0.358,32.1
0.0,0.323,32.1
0.0,0.291,32.1
0.0,0.26,32.1
0.0,0.228,32.1
0.008,0.194,32.1
0.06,0.13,32.1
0.24,0.134,32.1
0.425,0.129,32.1
0.574,0.105,32.1
0.675,0.079,32.1
0.74,0.072,32.1
0.76,0.083,32.1
0.738,0.1,32.1
0.681,0.115,32.1
0.591,0.12,32.1
0.465,0.115,32.1
0.296,0.1,32.1
0.113,0.083,32.1
0.022,0.073,32.1
0.0,0.064,32.1
0.0,0.05,32.1
0.0,0.046,32.1
0.0,0.047,32.1
0.0,0.049,32.1
0.0,0.073,32.1
0.0,0.121,32.1
0.0,0.175,32.1
0.0,0.229,32.1
0.012,0.301,32.1
0.074,0.304,32.1
0.174,0.248,32.1
0.228,0.254,32.1
0.254,0.275,32.1
0.225,0.31,32.1
0.227,0.331,32.1
0.295,0.337,32.1
0.407,0.337,32.1
0.533,0.34,32.1
0.53,0.334,32.1
0.435,0.313,32.1
0.28,0.279,32.1
0.118,0.238,32.1
0.032,0.188,32.1
0.0,0.141,32.1
0.0,0.092,32.1
0.0,0.066,32.1
0.0,0.056,32.1
0.0,0.064,32.1
0.0,0.093,32.1
0.0,0.133,32.1
0.0,0.192,32.1
0.0,0.258,32.1
0.008,0.305,32.1
0.069,0.259,32.1
0.193,0.187,32.1
0.362,0.184,32.1
0.54,0.179,32.1
0.647,0.177,32.1
0.714,0.184,32.1
0.727,0.185,32.1
0.705,0.192,32.1
0.599,0.196,32.1
0.426,0.193,32.1
0.313,0.178,32.1
0.272,0.158,32.1
0.115,0.138,32.1
0.028,0.12,32.1
0.0,0.14,32.1
0.0,0.191,32.1
0.0,0.258,32.1
0.0,0.318,32.1
0.0,0.359,32.1
0.0,0.386,32.1
0.0,0.4,32.1
0.0,0.395,32.1
0.0,0.376,32.1
0.011,0.339,32.1
0.07,0.261,32.1
0.214,0.231,32.1
0.347,0.231,32.1
0.475,0.264,32.1
0.635,0.332,32.1
0.721,0.376,32.1
0.755,0.369,32.1
0.748,0.344,32.1
0.699,0.329,32.1
0.569,0.332,32.1
0.388,0.32,32.1
0.218,0.278,32.1
0.088,0.201,32.1
0.024,0.168,32.1
0.0,0.196,32.1
0.0,0.248,32.1
0.0,0.287,32.1
0.0,0.295,32.1
0.0,0.31,32.1
0.0,0.311,32.1
0.0,0.302,32.1
0.0,0.29,32.1
0.0,0.267,32.1
0.007,0.231,32.1
0.062,0.156,32.1
0.161,0.119,32.1
0.294,0.125,32.1
0.501,0.125,32.1
0.636,0.13,32.1
0.705,0.138,32.1
0.732,0.147,32.1
0.722,0.157,32.1
0.67,0.17,32.1
0.577,0.182,32.1
0.443,0.185,32.1
0.283,0.173,32.1
0.116,0.152,32.1
0.028,0.114,32.1
0.0,0.088,32.1
0.0,0.062,32.1
0.0,0.042,32.1
0.0,0.027,32.1
0.0,0.019,32.1
0.0,0.018,32.1
0.0,0.019,32.1
0.0,0.019,32.1
0.0,0.021,32.1
0.011,0.025,32.1
0.069,0.022,32.1
0.18,0.025,32.1
0.318,0.028,32.1
0.473,0.023,32.1
0.558,0.02,32.1
0.599,0.021,32.1
0.635,0.027,32.1
0.645,0.035,32.1
0.621,0.043,32.1
0.539,0.051,32.1
0.421,0.062,32.1
0.275,0.074,32.1
0.116,0.092,32.1
0.03,0.131,32.1
0.0,0.205,32.1
0.0,0.274,32.1
0.0,0.32,32.1
0.0,0.346,32.1
0.0,0.357,32.1
0.0,0.357,32.1
0.0,0.348,32.1
0.0,0.332,32.1
0.0,0.295,32.1
0.014,0.238,32.1
0.07,0.132,32.1
0.222,0.071,32.1
0.388,0.084,32.1
0.529,0.087,32.1
0.6,0.076,32.1
0.658,0.07,32.1
0.667,0.06,32.1
0.577,0.035,32.1
0.521,0.021,32.1
0.501,0.019,32.1
0.422,0.021,32.1
0.273,0.023,32.1
0.113,0.028,32.1
0.03,0.019,32.1
0.0,0.003,32.1
0.0,0.023,32.1
0.0,0.069,32.1
0.0,0.159,32.1
0.0,0.256,32.1
0.0,0.343,32.1
0.0,0.441,32.1
0.0,0.526,32.1
0.0,0.574,32.1
0.0,0.588,32.1
0.019,0.543,32.1
0.061,0.52,32.1
0.103,0.511,32.1
0.143,0.519,32.1
0.209,0.526,32.1
0.277,0.642,32.1
0.296,0.712,32.1
0.331,0.743,32.1
0.285,0.77,32.1
0.223,0.76,32.1
0.188,0.742,32.1
0.151,0.71,32.1
0.094,0.681,32.1
0.036,0.676,32.1
0.0,0.679,32.1
0.0,0.651,32.1
0.0,0.614,32.1
0.0,0.574,32.1
0.0,0.523,32.1
0.0,0.536,32.1
0.0,0.568,32.1
0.0,0.586,32.1
0.0,0.539,32.1
0.003,0.494,32.1
0.035,0.488,32.1
0.092,0.575,32.1
0.235,0.661,32.1
0.472,0.711,32.1
0.654,0.726,32.1
0.73,0.725,32.1
0.755,0.739,32.1
0.736,0.758,32.1
0.678,0.792,32.1
0.567,0.819,32.1
0.41,0.831,32.1
0.26,0.828,32.1
0.12,0.801,32.1
0.036,0.765,32.1
0.0,0.744,32.1
0.0,0.728,32.1
0.0,0.708,32.1
0.0,0.672,32.1
0.0,0.66,32.1
0.0,0.657,32.1
0.0,0.623,32.1
0.0,0.589,32.1
0.0,0.567,32.1
0.018,0.524,32.1
0.076,0.512,32.1
0.225,0.619,32.1
0.34,0.646,32.1
0.403,0.655,32.1
0.485,0.678,32.1
0.534,0.699,32.1
0.587,0.7,32.1
0.576,0.697,32.1
0.548,0.682,32.1
0.428,0.642,32.1
0.35,0.586,32.1
0.216,0.519,32.1
0.101,0.404,32.1
0.027,0.277,32.1
0.0,0.257,32.1
0.0,0.255,32.1
0.0,0.249,32.1
0.0,0.254,32.1
0.0,0.263,32.1
0.0,0.266,32.1
0.0,0.271,32.1
0.0,0.28,32.1
0.0,0.282,32.1
0.016,0.254,32.1
0.074,0.183,32.1
0.218,0.158,32.1
0.393,0.183,32.1
0.541,0.19,32.1
0.647,0.178,32.1
0.713,0.172,32.1
0.74,0.175,32.1
0.728,0.182,32.1
0.677,0.19,32.1
0.585,0.188,32.1
0.454,0.177,32.1
0.29,0.156,32.1
0.121,0.133,32.1
0.029,0.122,32.1
0.0,0.145,32.1
0.0,0.178,32.1
0.0,0.195,32.1
0.0,0.196,32.1
0.0,0.187,32.1
0.0,0.175,32.1
0.0,0.153,32.1
0.0,0.121,32.1
0.0,0.087,32.1
0.017,0.062,32.1
0.076,0.035,32.1
0.154,0.015,32.1
0.241,0.009,32.1
0.417,0.005,32.1
0.612,0.004,32.1
0.691,0.01,32.1
0.71,0.021,32.1
0.677,0.039,32.1
0.606,0.067,32.1
0.502,0.103,32.1
0.389,0.14,32.1
0.268,0.161,32.1
0.122,0.173,32.1
0.034,0.192,32.1
0.0,0.229,32.1
0.0,0.251,32.1
0.0,0.254,32.1
0.0,0.249,32.1
0.0,0.239,32.1
0.0,0.227,32.1
0.0,0.221,32.1
0.0,0.221,32.1
0.0,0.219,32.1
0.018,0.205,32.1
0.074,0.151,32.1
0.225,0.14,32.1
0.398,0.167,32.1
0.543,0.174,32.1
0.652,0.168,32.1
0.718,0.175,32.1
0.746,0.206,32.1
0.732,0.257,32.1
0.677,0.311,32.1
0.577,0.355,32.1
0.408,0.388,32.1
0.247,0.416,32.1
0.122,0.43,32.1
0.034,0.413,32.1
0.0,0.388,32.1
0.0,0.396,32.1
0.0,0.397,32.1
0.0,0.425,32.1
0.0,0.457,32.1
0.0,0.46,32.1
0.0,0.443,32.1
0.0,0.431,32.1
0.0,0.411,32.1
0.017,0.344,32.1
0.071,0.284,32.1
0.239,0.296,32.1
0.41,0.264,32.1
0.557,0.243,32.1
0.662,0.241,32.1
0.727,0.249,32.1
0.757,0.261,32.1
0.746,0.278,32.1
0.694,0.298,32.1
0.6,0.325,32.1
0.467,0.364,32.1
0.301,0.406,32.1
0.124,0.436,32.1
0.027,0.439,32.1
0.0,0.466,32.1
0.0,0.491,32.1
0.0,0.467,32.1
0.0,0.45,32.1
0.0,0.432,32.1
0.0,0.41,32.1
0.0,0.39,32.1
0.0,0.369,32.1
0.0,0.341,32.1
0.016,0.261,32.1
0.07,0.174,32.1
0.248,0.152,32.1
0.427,0.127,32.1
0.575,0.105,32.1
0.681,0.098,32.1
0.744,0.102,32.1
0.766,0.114,32.1
0.747,0.128,32.1
0.691,0.145,32.1
0.596,0.168,32.1
0.461,0.2,32.1
0.295,0.241,32.1
0.122,0.281,32.1
0.029,0.368,32.1
0.0,0.492,32.1
0.0,0.553,32.1
0.0,0.547,32.1
0.0,0.513,32.1
0.0,0.492,32.1
0.0,0.472,32.1
0.0,0.447,32.1
0.0,0.431,32.1
0.0,0.407,32.1
0.018,0.327,32.1
0.072,0.213,32.1
0.238,0.163,32.1
0.413,0.176,32.1
0.555,0.213,32.1
0.659,0.223,32.1
0.722,0.216,32.1
0.746,0.214,32.1
0.731,0.223,32.1
0.676,0.236,32.1
0.582,0.257,32.1
0.45,0.302,32.1
0.29,0.367,32.1
0.123,0.415,32.1
0.031,0.464,32.1
0.0,0.552,32.1
0.0,0.573,32.1
0.0,0.538,32.1
0.0,0.499,32.1
0.0,0.473,32.1
0.0,0.454,32.1
0.0,0.405,32.1
0.0,0.369,32.1
0.0,0.343,32.1
0.02,0.282,32.1
0.074,0.187,32.1
0.237,0.196,32.1
0.401,0.311,32.1
0.551,0.403,32.1
0.655,0.464,32.1
0.724,0.501,32.1
0.75,0.513,32.1
0.733,0.507,32.1
0.676,0.491,32.1
0.577,0.474,32.1
0.423,0.469,32.1
0.23,0.47,32.1
0.094,0.449,32.1
0.033,0.437,32.1
0.0,0.457,32.1
0.0,0.484,32.1
0.0,0.458,32.1
0.0,0.423,32.1
0.0,0.402,32.1
0.0,0.41,32.1
0.0,0.391,32.1
0.0,0.368,32.1
0.0,0.355,32.1
0.021,0.295,32.1
0.078,0.185,32.1
0.222,0.181,32.1
0.388,0.212,32.1
0.534,0.253,32.1
0.642,0.285,32.1
0.707,0.29,32.1
0.731,0.276,32.1
0.709,0.248,32.1
0.648,0.211,32.1
0.548,0.178,32.1
0.416,0.158,32.1
0.264,0.152,32.1
0.121,0.159,32.1
0.038,0.201,32.1
0.0,0.274,32.1
0.0,0.328,32.1
0.0,0.347,32.1
0.0,0.342,32.1
0.0,0.311,32.1
0.0,0.262,32.1
0.0,0.211,32.1
0.0,0.168,32.1
0.0,0.118,32.1
0.021,0.071,32.1
0.077,0.031,32.1
0.232,0.015,32.1
0.397,0.011,32.1
0.538,0.006,32.1
0.638,0.002,32.1
0.699,0.005,32.1
0.723,0.019,32.1
0.704,0.051,32.1
0.645,0.097,32.1
0.529,0.148,32.1
0.373,0.194,32.1
0.212,0.231,32.1
0.097,0.243,32.1
0.029,0.217,32.1
0.0,0.192,32.1
0.0,0.191,32.1
0.0,0.193,32.1
0.0,0.193,32.1
0.0,0.192,32.1
0.0,0.19,32.1
0.0,0.196,32.1
0.0,0.209,32.1
0.0,0.21,32.1
0.015,0.179,32.1
0.065,0.126,32.1
0.146,0.12,32.1
0.263,0.128,32.1
0.43,0.134,32.1
0.597,0.142,32.1
0.684,0.155,32.1
0.723,0.175,32.1
0.701,0.197,32.1
0.594,0.218,32.1
0.383,0.23,32.1
0.231,0.246,32.1
0.189,0.261,32.1
0.116,0.272,32.1
0.038,0.289,32.1
0.0,0.328,32.1
0.0,0.345,32.1
0.0,0.364,32.1
0.0,0.419,32.1
0.0,0.468,32.1
0.0,0.538,32.1
0.0,0.611,32.1
0.0,0.628,32.1
0.0,0.592,32.1
0.0,0.505,32.1
0.013,0.468,32.1
0.043,0.448,32.1
0.116,0.447,32.1
0.23,0.431,32.1
0.293,0.404,32.1
0.334,0.419,32.1
0.36,0.473,32.1
0.418,0.547,32.1
0.421,0.592,32.1
0.462,0.6,32.1
0.372,0.592,32.1
0.256,0.566,32.1
0.136,0.516,32.1
0.05,0.447,32.1
0.001,0.379,32.1
0.0,0.34,32.1
0.0,0.308,32.1
0.0,0.278,32.1
0.0,0.243,32.1
0.0,0.209,32.1
0.0,0.203,32.1
0.0,0.224,32.1
0.0,0.238,32.1
0.008,0.245,32.1
0.039,0.261,32.1
0.074,0.325,32.1
0.125,0.403,32.1
0.176,0.464,32.1
0.189,0.498,32.1
0.199,0.583,32.1
0.297,0.679,32.1
0.332,0.751,32.1
0.314,0.782,32.1
0.278,0.781,32.1
0.222,0.737,32.1
0.163,0.666,32.1
0.094,0.582,32.1
0.031,0.464,32.1
0.0,0.397,32.1
0.0,0.417,32.1
0.0,0.494,32.1
0.0,0.568,32.1
0.0,0.611,32.1
0.0,0.631,32.1
0.0,0.62,32.1
0.0,0.603,32.1
0.0,0.578,32.1
0.018,0.547,32.1
0.074,0.536,32.1
0.179,0.645,32.1
0.35,0.725,32.1
0.491,0.772,32.1
0.599,0.799,32.1
0.671,0.827,32.1
0.694,0.849,32.1
0.621,0.865,32.1
0.498,0.872,32.1
0.32,0.87,32.1
0.217,0.865,32.1
0.128,0.858,32.1
0.065,0.846,32.1
0.027,0.829,32.1
0.0,0.808,32.1
0.0,0.782,32.1
0.0,0.74,32.1
0.0,0.674,32.1
0.0,0.605,32.1
0.0,0.556,32.1
0.0,0.528,32.1
0.0,0.494,32.1
0.0,0.471,32.1
0.023,0.436,32.1
0.083,0.416,32.1
0.192,0.435,32.1
0.337,0.448,32.1
0.462,0.439,32.1
0.612,0.404,32.1
0.7,0.376,32.1
0.729,0.391,32.1
0.706,0.422,32.1
0.621,0.463,32.1
0.478,0.507,32.1
0.333,0.538,32.1
0.207,0.526,32.1
0.107,0.46,32.1
0.037,0.375,32.1
0.0,0.313,32.1
0.0,0.303,32.1
0.0,0.302,32.1
0.0,0.283,32.1
0.0,0.266,32.1
0.0,0.248,32.1
0.0,0.22,32.1
0.0,0.189,32.1
0.0,0.162,32.1
0.014,0.135,32.1
0.069,0.108,32.1
0.21,0.112,32.1
0.376,0.122,32.1
0.514,0.154,32.1
0.602,0.2,32.1
0.65,0.247,32.1
0.673,0.29,32.1
0.604,0.321,32.1
0.572,0.332,32.1
0.461,0.332,32.1
0.366,0.337,32.1
0.233,0.35,32.1
0.11,0.362,32.1
0.039,0.362,32.1
0.0,0.369,32.1
0.0,0.367,32.1
0.0,0.347,32.1
0.0,0.32,32.1
0.0,0.296,32.1
0.0,0.279,32.1
0.0,0.274,32.1
0.0,0.259,32.1
0.0,0.241,32.1
0.018,0.212,32.1
0.075,0.193,32.1
0.163,0.172,32.1
0.249,0.137,32.1
0.329,0.114,32.1
0.462,0.108,32.1
0.586,0.103,32.1
0.652,0.101,32.1
0.648,0.098,32.1
0.578,0.102,32.1
0.492,0.117,32.1
0.372,0.133,32.1
0.251,0.145,32.1
0.134,0.152,32.1
0.047,0.155,32.1
0.002,0.171,32.1
0.0,0.175,32.1
0.0,0.159,32.1
0.0,0.151,32.1
0.0,0.141,32.1
0.0,0.132,32.1
0.0,0.121,32.1
0.0,0.11,32.1
0.0,0.094,32.1
0.027,0.074,32.1
0.085,0.048,32.1
0.23,0.04,32.1
0.388,0.026,32.1
0.528,0.012,32.1
0.626,0.005,32.1
0.679,0.003,32.1
0.692,0.002,32.1
0.668,0.005,32.1
0.532,0.011,32.1
0.401,0.027,32.1
0.248,0.05,32.1
0.13,0.073,32.1
0.067,0.093,32.1
0.025,0.116,32.1
0.0,0.157,32.1
0.0,0.203,32.1
0.0,0.221,32.1
0.0,0.234,32.1
0.0,0.247,32.1
0.0,0.24,32.1
0.0,0.233,32.1
0.0,0.232,32.1
0.0,0.235,32.1
0.005,0.228,32.1
0.043,0.195,32.1
0.097,0.162,32.1
0.14,0.141,32.1
0.179,0.113,32.1
0.185,0.1,32.1
0.185,0.103,32.1
0.217,0.087,32.1
0.309,0.062,32.1
0.385,0.045,32.1
0.415,0.045,32.1
0.335,0.058,32.1
0.22,0.074,32.1
0.129,0.093,32.1
0.052,0.112,32.1
0.002,0.169,32.1
0.0,0.261,32.1
0.0,0.357,32.1
0.0,0.413,32.1
0.0,0.41,32.1
0.0,0.379,32.1
0.0,0.341,32.1
0.0,0.316,32.1
0.0,0.309,32.1
0.029,0.258,32.1
0.088,0.179,32.1
0.231,0.22,32.1
0.378,0.289,32.1
0.501,0.334,32.1
0.59,0.348,32.1
0.576,0.345,32.1
0.472,0.334,32.1
0.332,0.302,32.1
0.253,0.257,32.1
0.183,0.205,32.1
0.158,0.167,32.1
0.094,0.118,32.1
0.044,0.067,32.1
0.015,0.028,32.1
0.0,0.01,32.1
0.0,0.009,32.1
0.0,0.027,32.1
0.0,0.084,32.1
0.0,0.213,32.1
0.0,0.241,32.1
0.0,0.169,32.1
0.0,0.15,32.1
0.0,0.166,32.1
0.014,0.11,32.1
0.079,0.071,32.1
0.198,0.093,32.1
0.368,0.12,32.1
0.523,0.115,32.1
0.634,0.097,32.1
0.7,0.066,32.1
0.726,0.032,32.1
0.714,0.011,32.1
0.662,0.003,32.1
0.568,0.006,32.1
0.433,0.015,32.1
0.277,0.045,32.1
0.13,0.093,32.1
0.042,0.151,32.1
0.002,0.229,32.1
0.0,0.263,32.1
0.0,0.209,32.1
0.0,0.178,32.1
0.0,0.191,32.1
0.0,0.116,32.1
0.0,0.039,32.1
0.0,0.031,32.1
0.0,0.072,32.1
0.028,0.113,32.1
0.089,0.106,32.1
0.185,0.149,32.1
0.229,0.187,32.1
0.286,0.205,32.1
0.32,0.217,32.1
0.406,0.218,32.1
0.468,0.227,32.1
0.493,0.233,32.1
0.484,0.232,32.1
0.43,0.227,32.1
0.336,0.225,32.1
0.235,0.219,32.1
0.127,0.206,32.1
0.045,0.178,32.1
0.001,0.147,32.1
0.0,0.126,32.1
0.0,0.101,32.1
0.0,0.074,32.1
0.0,0.053,32.1
0.0,0.038,32.1
0.0,0.03,32.1
0.0,0.038,32.1
0.0,0.058,32.1
0.024,0.073,32.1
0.083,0.054,32.1
0.191,0.047,32.1
0.341,0.058,32.1
0.498,0.069,32.1
0.607,0.079,32.1
0.674,0.081,32.1
0.687,0.078,32.1
0.619,0.072,32.1
0.489,0.06,32.1
0.32,0.046,32.1
0.179,0.038,32.1
0.11,0.035,32.1
0.057,0.035,32.1
0.018,0.045,32.1
0.0,0.05,32.1
0.0,0.045,32.1
0.0,0.035,32.1
0.0,0.025,32.1
0.0,0.017,32.1
0.0,0.013,32.1
0.0,0.01,32.1
0.0,0.008,32.1
0.0,0.01,32.1
0.015,0.018,32.1
0.06,0.023,32.1
0.136,0.02,32.1
0.225,0.017,32.1
0.288,0.015,32.1
0.363,0.013,32.1
0.372,0.011,32.1
0.351,0.012,32.1
0.289,0.017,32.1
0.203,0.025,32.1
0.183,0.036,32.1
0.13,0.049,32.1
0.1,0.059,32.1
0.07,0.069,32.1
0.033,0.088,32.1
0.001,0.125,32.1
0.0,0.171,32.1
0.0,0.211,32.1
0.0,0.233,32.1
0.0,0.234,32.1
0.0,0.225,32.1
0.0,0.211,32.1
0.0,0.189,32.1
0.0,0.163,32.1
0.026,0.136,32.1
0.082,0.085,32.1
0.16,0.065,32.1
0.271,0.078,32.1
0.404,0.091,32.1
0.513,0.101,32.1
0.576,0.108,32.1
0.509,0.108,32.1
0.364,0.109,32.1
0.239,0.116,32.1
0.186,0.123,32.1
0.171,0.124,32.1
0.113,0.125,32.1
0.051,0.139,32.1
0.011,0.179,32.1
0.0,0.233,32.1
0.0,0.285,32.1
0.0,0.315,32.1
0.0,0.332,32.1
0.0,0.34,32.1
0.0,0.332,32.1
0.0,0.268,32.1
0.0,0.243,32.1
0.0,0.272,32.1
0.022,0.295,32.1
0.083,0.269,32.1
0.163,0.334,32.1
0.249,0.414,32.1
0.403,0.441,32.1
0.527,0.424,32.1
0.68,0.371,32.1
0.71,0.311,32.1
0.682,0.245,32.1
0.576,0.185,32.1
0.444,0.133,32.1
0.307,0.09,32.1
0.175,0.061,32.1
0.098,0.04,32.1
0.037,0.023,32.1
0.0,0.01,32.1
0.0,0.004,32.1
0.0,0.005,32.1
0.0,0.01,32.1
0.0,0.019,32.1
0.0,0.037,32.1
0.0,0.059,32.1
0.0,0.082,32.1
0.0,0.106,32.1
0.025,0.121,32.1
0.076,0.097,32.1
0.229,0.127,32.1
0.392,0.171,32.1
0.525,0.21,32.1
0.617,0.241,32.1
0.675,0.254,32.1
0.692,0.252,32.1
0.677,0.249,32.1
0.622,0.258,32.1
0.522,0.265,32.1
0.411,0.274,32.1
0.25,0.273,32.1
0.129,0.259,32.1
0.042,0.233,32.1
0.003,0.228,32.1
0.0,0.254,32.1
0.0,0.284,32.1
0.0,0.299,32.1
0.0,0.31,32.1
0.0,0.321,32.1
0.0,0.32,32.1
0.0,0.309,32.1
0.0,0.289,32.1
0.023,0.234,32.1
0.072,0.157,32.1
0.232,0.122,32.1
0.394,0.109,32.1
0.525,0.118,32.1
0.622,0.13,32.1
0.682,0.134,32.1
0.701,0.132,32.1
0.688,0.119,32.1
0.651,0.1,32.1
0.574,0.077,32.1
0.452,0.059,32.1
0.301,0.046,32.1
0.137,0.034,32.1
0.034,0.018,32.1
0.003,0.006,32.1
0.0,0.003,32.1
0.0,0.015,32.1
0.0,0.045,32.1
0.0,0.101,32.1
0.0,0.186,32.1
0.0,0.292,32.1
0.0,0.371,32.1
0.0,0.407,32.1
0.029,0.357,32.1
0.088,0.247,32.1
0.188,0.234,32.1
0.187,0.313,32.1
0.225,0.337,32.1
0.487,0.405,32.1
0.64,0.457,32.1
0.655,0.458,32.1
0.568,0.466,32.1
0.344,0.485,32.1
0.23,0.478,32.1
0.207,0.454,32.1
0.179,0.433,32.1
0.121,0.398,32.1
0.049,0.362,32.1
0.004,0.38,32.1
0.0,0.409,32.1
0.0,0.401,32.1
0.0,0.372,32.1
0.0,0.332,32.1
0.0,0.279,32.1
0.0,0.243,32.1
0.0,0.226,32.1
0.0,0.204,32.1
0.024,0.165,32.1
0.075,0.103,32.1
0.232,0.083,32.1
0.396,0.073,32.1
0.537,0.071,32.1
0.648,0.09,32.1
0.708,0.118,32.1
0.702,0.135,32.1
0.62,0.139,32.1
0.626,0.123,32.1
0.586,0.1,32.1
0.461,0.087,32.1
0.303,0.078,32.1
0.138,0.067,32.1
0.034,0.061,32.1
0.003,0.063,32.1
0.0,0.05,32.1
0.0,0.03,32.1
0.0,0.012,32.1
0.0,0.006,32.1
0.0,0.02,32.1
0.0,0.044,32.1
0.0,0.081,32.1
0.0,0.113,32.1
0.023,0.12,32.1
0.071,0.074,32.1
0.23,0.042,32.1
0.393,0.037,32.1
0.532,0.027,32.1
0.634,0.017,32.1
0.696,0.008,32.1
0.719,0.004,32.1
0.704,0.001,32.1
0.653,0.001,32.1
0.564,0.005,32.1
0.441,0.013,32.1
0.29,0.031,32.1
0.133,0.067,32.1
0.035,0.131,32.1
0.003,0.249,32.1
0.0,0.376,32.1
0.0,0.447,32.1
0.0,0.466,32.1
0.0,0.449,32.1
0.0,0.422,32.1
0.0,0.391,32.1
0.0,0.362,32.1
0.0,0.334,32.1
0.024,0.267,32.1
0.072,0.16,32.1
0.225,0.105,32.1
0.383,0.107,32.1
0.516,0.147,32.1
0.618,0.181,32.1
0.681,0.202,32.1
0.705,0.219,32.1
0.692,0.23,32.1
0.644,0.237,32.1
0.559,0.243,32.1
0.438,0.272,32.1
0.289,0.315,32.1
0.133,0.368,32.1
0.034,0.45,32.1
0.003,0.547,32.1
0.0,0.584,32.1
0.0,0.561,32.1
0.0,0.537,32.1
0.0,0.512,32.1
0.0,0.484,32.1
0.0,0.452,32.1
0.0,0.425,32.1
0.0,0.398,32.1
0.022,0.314,32.1
0.069,0.216,32.1
0.228,0.19,32.1
0.391,0.251,32.1
0.527,0.306,32.1
0.627,0.336,32.1
0.688,0.337,32.1
0.711,0.321,32.1
0.698,0.296,32.1
0.647,0.271,32.1
0.559,0.26,32.1
0.437,0.277,32.1
0.278,0.301,32.1
0.129,0.334,32.1
0.038,0.407,32.1
0.002,0.502,32.1
0.0,0.544,32.1
0.0,0.525,32.1
0.0,0.494,32.1
0.0,0.466,32.1
0.0,0.438,32.1
0.0,0.432,32.1
0.0,0.414,32.1
0.0,0.402,32.1
0.028,0.317,32.1
0.08,0.216,32.1
0.226,0.213,32.1
0.382,0.27,32.1
0.514,0.305,32.1
0.613,0.308,32.1
0.673,0.274,32.1
0.692,0.225,32.1
0.638,0.177,32.1
0.403,0.134,32.1
0.178,0.105,32.1
0.094,0.1,32.1
0.05,0.093,32.1
0.02,0.064,32.1
0.005,0.039,32.1
0.0,0.025,32.1
0.0,0.019,32.1
0.0,0.025,32.1
0.0,0.045,32.1
0.0,0.068,32.1
0.0,0.072,32.1
0.0,0.075,32.1
0.0,0.105,32.1
0.0,0.146,32.1
0.011,0.137,32.1
0.037,0.097,32.1
0.096,0.096,32.1
0.148,0.16,32.1
0.232,0.283,32.1
0.384,0.412,32.1
0.575,0.5,32.1
0.602,0.566,32.1
0.422,0.621,32.1
0.344,0.642,32.1
0.471,0.636,32.1
0.414,0.639,32.1
0.273,0.614,32.1
0.127,0.547,32.1
0.035,0.488,32.1
0.0,0.497,32.1
0.0,0.548,32.1
0.0,0.583,32.1
0.0,0.613,32.1
0.0,0.619,32.1
0.0,0.628,32.1
0.0,0.622,32.1
0.0,0.609,32.1
0.0,0.605,32.1
0.009,0.614,32.1
0.043,0.642,32.1
0.104,0.688,32.1
0.335,0.727,32.1
0.521,0.758,32.1
0.635,0.762,32.1
0.7,0.751,32.1
0.728,0.739,32.1
0.712,0.727,32.1
0.662,0.729,32.1
0.578,0.727,32.1
0.454,0.725,32.1
0.303,0.715,32.1
0.142,0.684,32.1
0.035,0.63,32.1
0.003,0.591,32.1
0.0,0.583,32.1
0.0,0.59,32.1
0.0,0.59,32.1
0.0,0.584,32.1
0.0,0.575,32.1
0.0,0.565,32.1
0.0,0.552,32.1
0.0,0.525,32.1
0.022,0.481,32.1
0.07,0.551,32.1
0.22,0.67,32.1
0.378,0.714,32.1
0.53,0.748,32.1
0.628,0.775,32.1
0.695,0.794,32.1
0.737,0.811,32.1
0.721,0.822,32.1
0.668,0.835,32.1
0.56,0.849,32.1
0.404,0.861,32.1
0.268,0.868,32.1
0.129,0.862,32.1
0.044,0.842,32.1
0.001,0.822,32.1
0.0,0.813,32.1
0.0,0.805,32.1
0.0,0.788,32.1
0.0,0.757,32.1
0.0,0.726,32.1
0.0,0.679,32.1
0.0,0.653,32.1
0.0,0.621,32.1
0.017,0.595,32.1
0.069,0.621,32.1
0.14,0.695,32.1
0.227,0.755,32.1
0.346,0.772,32.1
0.5,0.773,32.1
0.586,0.759,32.1
0.591,0.756,32.1
0.504,0.74,32.1
0.325,0.692,32.1
0.154,0.618,32.1
0.136,0.561,32.1
0.129,0.541,32.1
0.089,0.501,32.1
0.03,0.469,32.1
0.0,0.482,32.1
0.0,0.525,32.1
0.0,0.558,32.1
0.0,0.586,32.1
0.0,0.591,32.1
0.0,0.556,32.1
0.0,0.48,32.1
0.0,0.459,32.1
0.0,0.444,32.1
0.02,0.432,32.1
0.081,0.439,32.1
0.187,0.519,32.1
0.351,0.594,32.1
0.496,0.633,32.1
0.6,0.658,32.1
0.653,0.668,32.1
0.672,0.672,32.1
0.612,0.662,32.1
0.525,0.642,32.1
0.473,0.624,32.1
0.413,0.626,32.1
0.277,0.623,32.1
0.138,0.58,32.1
0.041,0.494,32.1
0.002,0.441,32.1
0.0,0.457,32.1
0.0,0.454,32.1
0.0,0.447,32.1
0.0,0.447,32.1
0.0,0.438,32.1
0.0,0.4,32.1
0.0,0.381,32.1
0.0,0.358,32.1
0.023,0.311,32.1
0.079,0.291,32.1
0.21,0.328,32.1
0.37,0.362,32.1
0.51,0.407,32.1
0.591,0.437,32.1
0.635,0.453,32.1
0.651,0.457,32.1
0.652,0.454,32.1
0.613,0.455,32.1
0.539,0.459,32.1
0.419,0.464,32.1
0.273,0.454,32.1
0.134,0.422,32.1
0.042,0.379,32.1
0.002,0.344,32.1
0.0,0.352,32.1
0.0,0.364,32.1
0.0,0.339,32.1
0.0,0.284,32.1
0.0,0.241,32.1
0.0,0.22,32.1
0.0,0.196,32.1
0.0,0.163,32.1
0.026,0.135,32.1
0.082,0.115,32.1
0.192,0.16,32.1
0.365,0.245,32.1
0.497,0.36,32.1
0.543,0.484,32.1
0.538,0.581,32.1
0.521,0.615,32.1
0.533,0.63,32.1
0.464,0.666,32.1
0.364,0.702,32.1
0.275,0.731,32.1
0.221,0.755,32.1
0.132,0.765,32.1
0.046,0.751,32.1
0.0,0.75,32.1
0.0,0.767,32.1
0.0,0.791,32.1
0.0,0.802,32.1
0.0,0.799,32.1
0.0,0.788,32.1
0.0,0.784,32.1
0.0,0.788,32.1
0.0,0.782,32.1
0.015,0.777,32.1
0.05,0.787,32.1
0.079,0.803,32.1
0.115,0.82,32.1
0.164,0.837,32.1
0.135,0.835,32.1
0.231,0.845,32.1
0.337,0.866,32.1
0.366,0.871,32.1
0.322,0.868,32.1
0.227,0.85,32.1
0.174,0.824,32.1
0.14,0.811,32.1
0.092,0.809,32.1
0.037,0.813,32.1
0.0,0.816,32.1
0.0,0.815,32.1
0.0,0.825,32.1
0.0,0.836,32.1
0.0,0.835,32.1
0.0,0.824,32.1
0.0,0.819,32.1
0.0,0.834,32.1
0.0,0.856,32.1
0.025,0.866,32.1
0.078,0.873,32.1
0.181,0.886,32.1
0.269,0.918,32.1
0.338,0.95,32.1
0.423,0.952,32.1
0.504,0.945,32.1
0.578,0.935,32.1
0.566,0.922,32.1
0.589,0.906,32.1
0.521,0.891,32.1
0.395,0.866,32.1
0.297,0.843,32.1
0.141,0.815,32.1
0.035,0.795,32.1
0.001,0.808,32.1
0.0,0.796,32.1
0.0,0.817,32.1
0.0,0.839,32.1
0.0,0.857,32.1
0.0,0.862,32.1
0.0,0.84,32.1
0.0,0.815,32.1
0.0,0.782,32.1
0.023,0.746,32.1
0.072,0.744,32.1
0.221,0.75,32.1
0.373,0.744,32.1
0.49,0.74,32.1
0.582,0.729,32.1
0.655,0.715,32.1
0.691,0.704,32.1
0.676,0.695,32.1
0.629,0.675,32.1
0.548,0.631,32.1
0.436,0.568,32.1
0.291,0.494,32.1
0.139,0.408,32.1
0.035,0.304,32.1
0.001,0.229,32.1
0.0,0.2,32.1
0.0,0.165,32.1
0.0,0.119,32.1
0.0,0.079,32.1
0.0,0.058,32.1
0.0,0.063,32.1
0.0,0.089,32.1
0.0,0.128,32.1
0.024,0.166,32.1
0.079,0.16,32.1
0.213,0.201,32.1
0.369,0.282,32.1
0.523,0.378,32.1
0.625,0.425,32.1
0.691,0.432,32.1
0.704,0.431,32.1
0.657,0.424,32.1
0.553,0.352,32.1
0.448,0.264,32.1
0.399,0.218,32.1
0.175,0.179,32.1
0.088,0.124,32.1
0.02,0.085,32.1
0.0,0.085,32.1
0.0,0.123,32.1
0.0,0.182,32.1
0.0,0.247,32.1
0.0,0.28,32.1
0.0,0.294,32.1
0.0,0.264,32.1
0.0,0.243,32.1
0.0,0.192,32.1
0.012,0.132,32.1
0.065,0.087,32.1
0.108,0.073,32.1
0.128,0.055,32.1
0.165,0.034,32.1
0.173,0.017,32.1
0.176,0.009,32.1
0.181,0.007,32.1
0.196,0.007,32.1
0.211,0.009,32.1
0.277,0.011,32.1
0.267,0.015,32.1
0.189,0.017,32.1
0.11,0.013,32.1
0.04,0.008,32.1
0.0,0.007,32.1
0.0,0.014,32.1
0.0,0.034,32.1
0.0,0.068,32.1
0.0,0.115,32.1
0.0,0.17,32.1
0.0,0.239,32.1
0.0,0.332,32.1
0.0,0.454,32.1
0.026,0.559,32.1
0.087,0.618,32.1
0.161,0.686,32.1
0.218,0.709,32.1
0.245,0.714,32.1
0.265,0.72,32.1
0.293,0.713,32.1
0.314,0.697,32.1
0.254,0.675,32.1
0.183,0.636,32.1
0.182,0.603,32.1
0.136,0.558,32.1
0.072,0.471,32.1
0.038,0.404,32.1
0.013,0.375,32.1
0.0,0.352,32.1
0.0,0.346,32.1
0.0,0.348,32.1
0.0,0.379,32.1
0.0,0.429,32.1
0.0,0.421,32.1
0.0,0.408,32.1
0.0,0.374,32.1
0.0,0.322,32.1
0.012,0.261,32.1
0.057,0.303,32.1
0.137,0.466,32.1
0.208,0.586,32.1
0.308,0.607,32.1
0.414,0.556,32.1
0.567,0.465,32.1
0.67,0.366,32.1
0.704,0.288,32.1
0.655,0.243,32.1
0.564,0.214,32.1
0.441,0.195,32.1
0.293,0.179,32.1
0.14,0.156,32.1
0.038,0.133,32.1
0.0,0.126,32.1
0.0,0.114,32.1
0.0,0.095,32.1
0.0,0.076,32.1
0.0,0.058,32.1
0.0,0.047,32.1
0.0,0.043,32.1
0.0,0.042,32.1
0.0,0.042,32.1
0.02,0.045,32.1
0.063,0.042,32.1
0.219,0.048,32.1
0.383,0.061,32.1
0.521,0.078,32.1
0.621,0.102,32.1
0.682,0.132,32.1
0.699,0.167,32.1
0.684,0.201,32.1
0.631,0.225,32.1
0.558,0.231,32.1
0.44,0.223,32.1
0.295,0.21,32.1
0.136,0.2,32.1
0.032,0.187,32.1
0.0,0.196,32.1
0.0,0.204,32.1
0.0,0.193,32.1
0.0,0.169,32.1
0.0,0.14,32.1
0.0,0.112,32.1
0.0,0.09,32.1
0.0,0.074,32.1
0.0,0.064,32.1
0.017,0.051,32.1
0.055,0.032,32.1
0.229,0.026,32.1
0.404,0.02,32.1
0.548,0.017,32.1
0.659,0.019,32.1
0.727,0.024,32.1
0.753,0.03,32.1
0.737,0.036,32.1
0.686,0.043,32.1
0.594,0.05,32.1
0.452,0.059,32.1
0.283,0.072,32.1
0.129,0.093,32.1
0.037,0.146,32.1
0.0,0.223,32.1
0.0,0.256,32.1
0.0,0.238,32.1
0.0,0.208,32.1
0.0,0.177,32.1
0.0,0.149,32.1
0.0,0.125,32.1
0.0,0.1,32.1
0.0,0.07,32.1
0.021,0.044,32.1
0.066,0.018,32.1
0.221,0.004,32.1
0.388,0.002,32.1
0.528,0.003,32.1
0.625,0.005,32.1
0.699,0.015,32.1
0.691,0.036,32.1
0.629,0.063,32.1
0.513,0.088,32.1
0.38,0.104,32.1
0.278,0.109,32.1
0.194,0.108,32.1
0.112,0.103,32.1
0.039,0.093,32.1
0.0,0.077,32.1
0.0,0.055,32.1
0.0,0.044,32.1
0.0,0.048,32.1
0.0,0.064,32.1
0.0,0.088,32.1
0.0,0.111,32.1
0.0,0.122,32.1
0.0,0.12,32.1
0.004,0.124,32.1
0.04,0.119,32.1
0.092,0.109,32.1
0.139,0.118,32.1
0.193,0.136,32.1
0.234,0.144,32.1
0.234,0.137,32.1
0.242,0.126,32.1
0.257,0.129,32.1
0.274,0.163,32.1
0.281,0.228,32.1
0.19,0.285,32.1
0.098,0.294,32.1
0.042,0.248,32.1
0.019,0.182,32.1
0.0,0.137,32.1
0.0,0.107,32.1
0.0,0.092,32.1
0.0,0.093,32.1
0.0,0.105,32.1
0.0,0.113,32.1
0.0,0.11,32.1
0.0,0.093,32.1
0.0,0.073,32.1
0.019,0.058,32.1
0.063,0.035,32.1
0.216,0.032,32.1
0.381,0.035,32.1
0.514,0.047,32.1
0.559,0.061,32.1
0.597,0.07,32.1
0.638,0.078,32.1
0.64,0.087,32.1
0.615,0.094,32.1
0.539,0.099,32.1
0.406,0.104,32.1
0.262,0.11,32.1
0.129,0.115,32.1
0.037,0.129,32.1
0.0,0.159,32.1
0.0,0.175,32.1
0.0,0.164,32.1
0.0,0.152,32.1
0.0,0.156,32.1
0.0,0.179,32.1
0.0,0.2,32.1
0.0,0.201,32.1
0.0,0.188,32.1
0.006,0.168,32.1
0.049,0.151,32.1
0.107,0.155,32.1
0.162,0.174,32.1
0.271,0.191,32.1
0.391,0.213,32.1
0.513,0.254,32.1
0.586,0.297,32.1
0.656,0.334,32.1
0.605,0.364,32.1
0.507,0.379,32.1
0.379,0.367,32.1
0.189,0.333,32.1
0.074,0.282,32.1
0.027,0.217,32.1
0.0,0.176,32.1
0.0,0.156,32.1
0.0,0.136,32.1
0.0,0.122,32.1
0.0,0.114,32.1
0.0,0.112,32.1
0.0,0.107,32.1
0.0,0.099,32.1
0.0,0.082,32.1
0.01,0.054,32.1
0.062,0.023,32.1
0.161,0.01,32.1
0.257,0.008,32.1
0.333,0.009,32.1
0.4,0.012,32.1
0.473,0.021,32.1
0.55,0.036,32.1
0.538,0.054,32.1
0.524,0.068,32.1
0.454,0.074,32.1
0.367,0.076,32.1
0.277,0.07,32.1
0.13,0.06,32.1
0.035,0.047,32.1
0.0,0.029,32.1
0.0,0.009,32.1
0.0,0.003,32.1
0.0,0.008,32.1
0.0,0.025,32.1
0.0,0.049,32.1
0.0,0.074,32.1
0.0,0.096,32.1
0.0,0.114,32.1
0.018,0.136,32.1
0.064,0.118,32.1
0.21,0.112,32.1
0.366,0.14,32.1
0.502,0.154,32.1
0.603,0.154,32.1
0.663,0.148,32.1
0.663,0.139,32.1
0.59,0.131,32.1
0.487,0.121,32.1
0.361,0.112,32.1
0.257,0.108,32.1
0.174,0.108,32.1
0.075,0.124,32.1
0.019,0.136,32.1
0.0,0.12,32.1
0.0,0.086,32.1
0.0,0.06,32.1
0.0,0.041,32.1
0.0,0.032,32.1
0.0,0.037,32.1
0.0,0.054,32.1
0.0,0.085,32.1
0.0,0.112,32.1
0.015,0.138,32.1
0.053,0.141,32.1
0.081,0.138,32.1
0.134,0.158,32.1
0.335,0.179,32.1
0.599,0.183,32.1
0.696,0.164,32.1
0.714,0.149,32.1
0.675,0.145,32.1
0.609,0.151,32.1
0.486,0.164,32.1
0.35,0.194,32.1
0.222,0.245,32.1
0.096,0.317,32.1
0.023,0.379,32.1
0.0,0.388,32.1
0.0,0.364,32.1
0.0,0.351,32.1
0.0,0.326,32.1
0.0,0.303,32.1
0.0,0.285,32.1
0.0,0.269,32.1
0.0,0.27,32.1
0.0,0.27,32.1
0.014,0.249,32.1
0.049,0.191,32.1
0.221,0.171,32.1
0.399,0.146,32.1
0.546,0.13,32.1
0.65,0.134,32.1
0.714,0.149,32.1
0.742,0.163,32.1
0.73,0.177,32.1
0.682,0.187,32.1
0.589,0.2,32.1
0.461,0.202,32.1
0.302,0.201,32.1
0.131,0.203,32.1
0.025,0.219,32.1
0.0,0.255,32.1
0.0,0.27,32.1
0.0,0.27,32.1
0.0,0.27,32.1
0.0,0.246,32.1
0.0,0.207,32.1
0.0,0.175,32.1
0.0,0.149,32.1
0.0,0.127,32.1
0.013,0.104,32.1
0.048,0.079,32.1
0.219,0.084,32.1
0.392,0.096,32.1
0.532,0.114,32.1
0.637,0.133,32.1
0.702,0.148,32.1
0.731,0.16,32.1
0.691,0.177,32.1
0.619,0.2,32.1
0.562,0.222,32.1
0.458,0.243,32.1
0.299,0.259,32.1
0.13,0.256,32.1
0.026,0.244,32.1
0.0,0.249,32.1
0.0,0.243,32.1
0.0,0.223,32.1
0.0,0.197,32.1
0.0,0.168,32.1
0.0,0.144,32.1
0.0,0.123,32.1
0.0,0.102,32.1
0.0,0.081,32.1
0.015,0.065,32.1
0.058,0.049,32.1
0.206,0.045,32.1
0.374,0.039,32.1
0.489,0.037,32.1
0.565,0.035,32.1
0.607,0.033,32.1
0.64,0.036,32.1
0.639,0.05,32.1
0.572,0.07,32.1
0.42,0.088,32.1
0.254,0.093,32.1
0.173,0.084,32.1
0.12,0.068,32.1
0.03,0.054,32.1
0.0,0.044,32.1
0.0,0.036,32.1
0.0,0.042,32.1
0.0,0.055,32.1
0.0,0.068,32.1
0.0,0.084,32.1
0.0,0.111,32.1
0.0,0.153,32.1
0.0,0.215,32.1
0.013,0.278,32.1
0.054,0.248,32.1
0.212,0.237,32.1
0.381,0.283,32.1
0.524,0.305,32.1
0.63,0.323,32.1
0.694,0.337,32.1
0.718,0.352,32.1
0.7,0.362,32.1
0.643,0.358,32.1
0.514,0.348,32.1
0.336,0.343,32.1
0.196,0.326,32.1
0.1,0.273,32.1
0.027,0.221,32.1
0.0,0.211,32.1
0.0,0.223,32.1
0.0,0.278,32.1
0.0,0.346,32.1
0.0,0.392,32.1
0.0,0.404,32.1
0.0,0.397,32.1
0.0,0.386,32.1
0.0,0.362,32.1
0.012,0.32,32.1
0.055,0.231,32.1
0.202,0.19,32.1
0.362,0.187,32.1
0.496,0.22,32.1
0.585,0.253,32.1
0.653,0.284,32.1
0.666,0.301,32.1
0.65,0.304,32.1
0.609,0.297,32.1
0.527,0.282,32.1
0.391,0.255,32.1
0.264,0.201,32.1
0.123,0.136,32.1
0.028,0.083,32.1
0.0,0.051,32.1
0.0,0.057,32.1
0.0,0.112,32.1
0.0,0.219,32.1
0.0,0.325,32.1
0.0,0.369,32.1
0.0,0.367,32.1
0.0,0.376,32.1
0.0,0.391,32.1
0.013,0.384,32.1
0.067,0.372,32.1
0.185,0.518,32.1
0.264,0.578,32.1
0.25,0.606,32.1
0.214,0.623,32.1
0.232,0.633,32.1
0.425,0.62,32.1
0.608,0.598,32.1
0.573,0.564,32.1
0.44,0.53,32.1
0.231,0.506,32.1
0.096,0.416,32.1
0.037,0.274,32.1
0.003,0.24,32.1
0.0,0.241,32.1
0.0,0.266,32.1
0.0,0.337,32.1
0.0,0.41,32.1
0.0,0.468,32.1
0.0,0.519,32.1
0.0,0.563,32.1
0.0,0.516,32.1
0.0,0.458,32.1
0.011,0.425,32.1
0.051,0.368,32.1
0.198,0.429,32.1
0.368,0.447,32.1
0.513,0.447,32.1
0.624,0.442,32.1
0.689,0.457,32.1
0.673,0.491,32.1
0.558,0.505,32.1
0.55,0.518,32.1
0.57,0.443,32.1
0.398,0.394,32.1
0.289,0.398,32.1
0.124,0.345,32.1
0.025,0.282,32.1
0.0,0.297,32.1
0.0,0.354,32.1
0.0,0.389,32.1
0.0,0.391,32.1
0.0,0.352,32.1
0.0,0.348,32.1
0.0,0.352,32.1
0.0,0.38,32.1
0.0,0.367,32.1
0.007,0.329,32.1
0.063,0.269,32.1
0.124,0.264,32.1
0.12,0.295,32.1
0.164,0.328,32.1
0.224,0.372,32.1
0.329,0.457,32.1
0.501,0.571,32.1
0.546,0.666,32.1
0.436,0.69,32.1
0.284,0.615,32.1
0.221,0.539,32.1
0.189,0.459,32.1
0.093,0.367,32.1
0.024,0.425,32.1
0.0,0.571,32.1
0.0,0.623,32.1
0.0,0.69,32.1
0.0,0.702,32.1
0.0,0.663,32.1
0.0,0.584,32.1
0.0,0.472,32.1
0.0,0.42,32.1
0.0,0.377,32.1
0.006,0.337,32.1
0.053,0.309,32.1
0.207,0.386,32.1
0.386,0.501,32.1
0.525,0.574,32.1
0.634,0.622,32.1
0.665,0.636,32.1
0.696,0.639,32.1
0.7,0.638,32.1
0.654,0.633,32.1
0.568,0.623,32.1
0.435,0.601,32.1
0.277,0.558,32.1
0.119,0.474,32.1
0.025,0.365,32.1
0.0,0.328,32.1
0.0,0.364,32.1
0.0,0.436,32.1
0.0,0.488,32.1
0.0,0.487,32.1
0.0,0.48,32.1
0.0,0.468,32.1
0.0,0.444,32.1
0.0,0.401,32.1
0.006,0.379,32.1
0.044,0.33,32.1
0.207,0.347,32.1
0.381,0.341,32.1
0.53,0.335,32.1
0.641,0.338,32.1
0.711,0.343,32.1
0.738,0.347,32.1
0.727,0.347,32.1
0.678,0.334,32.1
0.579,0.3,32.1
0.374,0.252,32.1
0.241,0.192,32.1
0.112,0.12,32.1
0.024,0.069,32.1
0.0,0.035,32.1
0.0,0.012,32.1
0.0,0.004,32.1
0.0,0.01,32.1
0.0,0.02,32.1
0.0,0.041,32.1
0.0,0.072,32.1
0.0,0.111,32.1
0.0,0.142,32.1
0.006,0.16,32.1
0.047,0.116,32.1
0.2,0.094,32.1
0.359,0.092,32.1
0.502,0.081,32.1
0.619,0.072,32.1
0.686,0.052,32.1
0.711,0.035,32.1
0.696,0.023,32.1
0.609,0.012,32.1
0.409,0.006,32.1
0.315,0.004,32.1
0.262,0.006,32.1
0.115,0.017,32.1
0.022,0.061,32.1
0.0,0.163,32.1
0.0,0.281,32.1
0.0,0.35,32.1
0.0,0.366,32.1
0.0,0.368,32.1
0.0,0.366,32.1
0.0,0.352,32.1
0.0,0.339,32.1
0.0,0.345,32.1
0.005,0.362,32.1
0.042,0.285,32.1
0.2,0.203,32.1
0.372,0.225,32.1
0.516,0.355,32.1
0.62,0.386,32.1
0.683,0.374,32.1
0.707,0.348,32.1
0.693,0.328,32.1
0.642,0.316,32.1
0.553,0.309,32.1
0.426,0.297,32.1
0.271,0.302,32.1
0.111,0.341,32.1
0.02,0.443,32.1
0.0,0.498,32.1
0.0,0.431,32.1
0.0,0.294,32.1
0.0,0.201,32.1
0.0,0.171,32.1
0.0,0.148,32.1
0.0,0.121,32.1
0.0,0.126,32.1
0.0,0.171,32.1
0.005,0.201,32.1
0.05,0.207,32.1
0.183,0.228,32.1
0.291,0.256,32.1
0.38,0.28,32.1
0.414,0.279,32.1
0.469,0.274,32.1
0.55,0.281,32.1
0.61,0.294,32.1
0.597,0.296,32.1
0.533,0.286,32.1
0.417,0.268,32.1
0.268,0.239,32.1
0.113,0.195,32.1
0.022,0.137,32.1
0.0,0.101,32.1
0.0,0.086,32.1
0.0,0.108,32.1
0.0,0.155,32.1
0.0,0.212,32.1
0.0,0.253,32.1
0.0,0.285,32.1
0.0,0.297,32.1
0.0,0.275,32.1
0.003,0.232,32.1
0.05,0.171,32.1
0.16,0.185,32.1
0.302,0.227,32.1
0.444,0.261,32.1
0.533,0.283,32.1
0.569,0.299,32.1
0.622,0.297,32.1
0.687,0.274,32.1
0.661,0.241,32.1
0.576,0.194,32.1
0.447,0.152,32.1
0.284,0.123,32.1
0.115,0.102,32.1
0.02,0.09,32.1
0.0,0.084,32.1
0.0,0.076,32.1
0.0,0.076,32.1
0.0,0.086,32.1
0.0,0.097,32.1
0.0,0.102,32.1
0.0,0.113,32.1
0.0,0.127,32.1
0.0,0.133,32.1
0.0,0.133,32.1
0.029,0.124,32.1
0.091,0.096,32.1
0.158,0.093,32.1
0.206,0.093,32.1
0.251,0.073,32.1
0.279,0.043,32.1
0.269,0.027,32.1
0.232,0.03,32.1
0.225,0.047,32.1
0.225,0.072,32.1
0.182,0.103,32.1
0.145,0.131,32.1
0.084,0.171,32.1
0.019,0.231,32.1
0.0,0.309,32.1
0.0,0.356,32.1
0.0,0.362,32.1
0.0,0.341,32.1
0.0,0.297,32.1
0.0,0.254,32.1
0.0,0.222,32.1
0.0,0.19,32.1
0.0,0.156,32.1
0.002,0.12,32.1
0.039,0.075,32.1
0.201,0.049,32.1
0.376,0.031,32.1
0.527,0.024,32.1
0.632,0.028,32.1
0.701,0.042,32.1
0.733,0.059,32.1
0.725,0.073,32.1
0.671,0.088,32.1
0.577,0.096,32.1
0.436,0.094,32.1
0.216,0.097,32.1
0.065,0.111,32.1
0.01,0.142,32.1
0.0,0.21,32.1
0.0,0.285,32.1
0.0,0.336,32.1
0.0,0.374,32.1
0.0,0.386,32.1
0.0,0.407,32.1
0.0,0.43,32.1
0.0,0.434,32.1
0.0,0.415,32.1
0.001,0.386,32.1
0.038,0.303,32.1
0.194,0.32,32.1
0.367,0.42,32.1
0.512,0.444,32.1
0.619,0.447,32.1
0.685,0.436,32.1
0.711,0.427,32.1
0.697,0.411,32.1
0.645,0.388,32.1
0.554,0.355,32.1
0.424,0.322,32.1
0.265,0.271,32.1
0.104,0.216,32.1
0.016,0.183,32.1
0.0,0.161,32.1
0.0,0.142,32.1
0.0,0.138,32.1
0.0,0.146,32.1
0.0,0.153,32.1
0.0,0.14,32.1
0.0,0.117,32.1
0.0,0.089,32.1
0.0,0.066,32.1
0.001,0.06,32.1
0.045,0.067,32.1
0.172,0.047,32.1
0.288,0.043,32.1
0.402,0.058,32.1
0.426,0.068,32.1
0.516,0.067,32.1
0.588,0.058,32.1
0.607,0.044,32.1
0.574,0.028,32.1
0.49,0.015,32.1
0.358,0.007,32.1
0.214,0.005,32.1
0.089,0.009,32.1
0.015,0.025,32.1
0.0,0.089,32.1
0.0,0.197,32.1
0.0,0.3,32.1
0.0,0.355,32.1
0.0,0.363,32.1
0.0,0.33,32.1
0.0,0.267,32.1
0.0,0.201,32.1
0.0,0.151,32.1
0.0,0.119,32.1
0.036,0.095,32.1
0.187,0.053,32.1
0.357,0.028,32.1
0.5,0.026,32.1
0.6,0.034,32.1
0.663,0.038,32.1
0.688,0.037,32.1
0.676,0.033,32.1
0.625,0.026,32.1
0.536,0.021,32.1
0.41,0.021,32.1
0.255,0.03,32.1
0.098,0.054,32.1
0.014,0.108,32.1
0.0,0.165,32.1
0.0,0.201,32.1
0.0,0.24,32.1
0.0,0.294,32.1
0.0,0.338,32.1
0.0,0.334,32.1
0.0,0.277,32.1
0.0,0.204,32.1
0.0,0.146,32.1
0.0,0.12,32.1
0.039,0.112,32.1
0.184,0.069,32.1
0.351,0.03,32.1
0.491,0.022,32.1
0.59,0.027,32.1
0.636,0.024,32.1
0.642,0.019,32.1
0.582,0.023,32.1
0.477,0.039,32.1
0.353,0.076,32.1
0.247,0.127,32.1
0.158,0.179,32.1
0.067,0.235,32.1
0.009,0.307,32.1
0.0,0.37,32.1
0.0,0.398,32.1
0.0,0.42,32.1
0.0,0.438,32.1
0.0,0.434,32.1
0.0,0.404,32.1
0.0,0.374,32.1
0.0,0.34,32.1
0.0,0.289,32.1
0.0,0.244,32.1
0.041,0.172,32.1
0.143,0.13,32.1
0.288,0.146,32.1
0.438,0.202,32.1
0.561,0.228,32.1
0.638,0.223,32.1
0.657,0.187,32.1
0.628,0.133,32.1
0.575,0.099,32.1
0.503,0.106,32.1
0.371,0.154,32.1
0.213,0.221,32.1
0.079,0.279,32.1
0.009,0.336,32.1
0.0,0.358,32.1
0.0,0.324,32.1
0.0,0.294,32.1
0.0,0.272,32.1
0.0,0.267,32.1
0.0,0.27,32.1
0.0,0.264,32.1
0.0,0.254,32.1
0.0,0.242,32.1
0.0,0.22,32.1
0.045,0.147,32.1
0.161,0.091,32.1
0.296,0.085,32.1
0.4,0.085,32.1
0.428,0.103,32.1
0.42,0.116,32.1
0.364,0.119,32.1
0.288,0.122,32.1
0.252,0.132,32.1
0.221,0.141,32.1
0.176,0.168,32.1
0.124,0.218,32.1
0.061,0.27,32.1
0.008,0.344,32.1
0.0,0.422,32.1
0.0,0.437,32.1
0.0,0.431,32.1
0.0,0.41,32.1
0.0,0.367,32.1
0.0,0.341,32.1
0.0,0.325,32.1
0.0,0.311,32.1
0.0,0.286,32.1
0.0,0.244,32.1
0.039,0.166,32.1
0.134,0.111,32.1
0.258,0.096,32.1
0.383,0.088,32.1
0.491,0.079,32.1
0.554,0.067,32.1
0.56,0.056,32.1
0.497,0.046,32.1
0.444,0.036,32.1
0.342,0.024,32.1
0.227,0.015,32.1
0.128,0.009,32.1
0.048,0.008,32.1
0.002,0.014,32.1
0.0,0.029,32.1
0.0,0.052,32.1
0.0,0.076,32.1
0.0,0.105,32.1
0.0,0.145,32.1
0.0,0.185,32.1
0.0,0.212,32.1
0.0,0.217,32.1
0.0,0.209,32.1
0.0,0.205,32.1
0.038,0.164,32.1
0.143,0.111,32.1
0.279,0.103,32.1
0.414,0.127,32.1
0.529,0.14,32.1
0.608,0.122,32.1
0.632,0.089,32.1
0.604,0.054,32.1
0.539,0.027,32.1
0.448,0.016,32.1
0.349,0.024,32.1
0.214,0.053,32.1
0.083,0.103,32.1
0.008,0.182,32.1
0.0,0.27,32.1
0.0,0.314,32.1
0.0,0.313,32.1
0.0,0.272,32.1
0.0,0.214,32.1
0.0,0.171,32.1
0.0,0.149,32.1
0.0,0.138,32.1
0.0,0.112,32.1
0.0,0.082,32.1
0.016,0.052,32.1
0.08,0.03,32.1
0.202,0.022,32.1
0.336,0.021,32.1
0.46,0.019,32.1
0.529,0.015,32.1
0.562,0.01,32.1
0.512,0.006,32.1
0.4,0.006,32.1
0.296,0.005,32.1
0.189,0.009,32.1
0.08,0.02,32.1
0.023,0.029,32.1
0.0,0.033,32.1
0.0,0.031,32.1
0.0,0.025,32.1
0.0,0.023,32.1
0.0,0.03,32.1
0.0,0.041,32.1
0.0,0.054,32.1
0.0,0.067,32.1
0.0,0.084,32.1
0.0,0.104,32.1
0.0,0.132,32.1
0.036,0.124,32.1
0.153,0.129,32.1
0.305,0.142,32.1
0.44,0.133,32.1
0.516,0.113,32.1
0.539,0.094,32.1
0.517,0.078,32.1
0.46,0.063,32.1
0.389,0.048,32.1
0.305,0.035,32.1
0.207,0.029,32.1
0.126,0.026,32.1
0.05,0.032,32.1
0.002,0.054,32.1
0.0,0.084,32.1
0.0,0.094,32.1
0.0,0.083,32.1
0.0,0.067,32.1
0.0,0.054,32.1
0.0,0.043,32.1
0.0,0.036,32.1
0.0,0.031,32.1
0.0,0.028,32.1
0.0,0.028,32.1
0.036,0.025,32.1
0.136,0.022,32.1
0.274,0.023,32.1
0.393,0.023,32.1
0.456,0.021,32.1
0.47,0.017,32.1
0.467,0.015,32.1
0.435,0.011,32.1
0.396,0.007,32.1
0.337,0.004,32.1
0.244,0.006,32.1
0.159,0.012,32.1
0.064,0.023,32.1
0.003,0.051,32.1
0.0,0.087,32.1
0.0,0.114,32.1
0.0,0.137,32.1
0.0,0.145,32.1
0.0,0.139,32.1
0.0,0.13,32.1
0.0,0.121,32.1
0.0,0.124,32.1
0.0,0.133,32.1
0.0,0.135,32.1
0.035,0.109,32.1
0.145,0.07,32.1
0.281,0.071,32.1
0.38,0.076,32.1
0.426,0.072,32.1
0.404,0.069,32.1
0.39,0.071,32.1
0.349,0.073,32.1
0.294,0.075,32.1
0.18,0.071,32.1
0.094,0.05,32.1
0.075,0.035,32.1
0.036,0.034,32.1
0.0,0.035,32.1
0.0,0.032,32.1
0.0,0.031,32.1
0.0,0.05,32.1
0.0,0.086,32.1
0.0,0.127,32.1
0.0,0.159,32.1
0.0,0.166,32.1
0.0,0.156,32.1
0.0,0.142,32.1
0.0,0.147,32.1
0.027,0.137,32.1
0.114,0.112,32.1
0.24,0.112,32.1
0.346,0.106,32.1
0.297,0.101,32.1
0.223,0.079,32.1
0.336,0.064,32.1
0.422,0.07,32.1
0.423,0.086,32.1
0.291,0.105,32.1
0.181,0.112,32.1
0.121,0.113,32.1
0.052,0.116,32.1
0.001,0.108,32.1
0.0,0.094,32.1
0.0,0.075,32.1
0.0,0.066,32.1
0.0,0.079,32.1
0.0,0.118,32.1
0.0,0.184,32.1
0.0,0.261,32.1
0.0,0.319,32.1
0.0,0.338,32.1
0.0,0.34,32.1
0.027,0.291,32.1
0.171,0.299,32.1
0.339,0.325,32.1
0.485,0.328,32.1
0.591,0.316,32.1
0.659,0.297,32.1
0.684,0.283,32.1
0.666,0.272,32.1
0.592,0.256,32.1
0.49,0.239,32.1
0.333,0.223,32.1
0.175,0.194,32.1
0.062,0.149,32.1
0.002,0.108,32.1
0.0,0.076,32.1
0.0,0.05,32.1
0.0,0.039,32.1
0.0,0.051,32.1
0.0,0.079,32.1
0.0,0.119,32.1
0.0,0.162,32.1
0.0,0.204,32.1
0.0,0.237,32.1
0.0,0.249,32.1
0.032,0.199,32.1
0.169,0.122,32.1
0.315,0.144,32.1
0.276,0.241,32.1
0.217,0.288,32.1
0.247,0.33,32.1
0.266,0.359,32.1
0.347,0.368,32.1
0.426,0.379,32.1
0.331,0.388,32.1
0.18,0.388,32.1
0.08,0.351,32.1
0.025,0.287,32.1
0.0,0.291,32.1
0.0,0.341,32.1
0.0,0.398,32.1
0.0,0.436,32.1
0.0,0.46,32.1
0.0,0.51,32.1
0.0,0.512,32.1
0.0,0.498,32.1
0.0,0.484,32.1
0.0,0.415,32.1
0.0,0.386,32.1
0.031,0.345,32.1
0.128,0.256,32.1
0.247,0.261,32.1
0.349,0.233,32.1
0.401,0.184,32.1
0.444,0.184,32.1
0.451,0.21,32.1
0.379,0.26,32.1
0.245,0.294,32.1
0.138,0.263,32.1
0.086,0.238,32.1
0.072,0.234,32.1
0.046,0.227,32.1
0.0,0.222,32.1
0.0,0.2,32.1
0.0,0.17,32.1
0.0,0.162,32.1
0.0,0.136,32.1
0.0,0.165,32.1
0.0,0.328,32.1
0.0,0.379,32.1
0.0,0.399,32.1
0.0,0.566,32.1
0.0,0.638,32.1
0.007,0.572,32.1
0.069,0.491,32.1
0.196,0.528,32.1
0.32,0.668,32.1
0.477,0.744,32.1
0.633,0.756,32.1
0.69,0.779,32.1
0.688,0.798,32.1
0.638,0.806,32.1
0.543,0.795,32.1
0.405,0.763,32.1
0.238,0.69,32.1
0.076,0.562,32.1
0.0,0.458,32.1
0.0,0.432,32.1
0.0,0.4,32.1
0.0,0.398,32.1
0.0,0.444,32.1
0.0,0.496,32.1
0.0,0.523,32.1
0.0,0.535,32.1
0.0,0.541,32.1
0.0,0.541,32.1
0.0,0.55,32.1
0.023,0.548,32.1
0.164,0.674,32.1
0.336,0.765,32.1
0.482,0.791,32.1
0.585,0.805,32.1
0.644,0.824,32.1
0.661,0.839,32.1
0.644,0.852,32.1
0.59,0.861,32.1
0.44,0.862,32.1
0.247,0.852,32.1
0.139,0.828,32.1
0.046,0.799,32.1
0.0,0.763,32.1
0.0,0.739,32.1
0.0,0.72,32.1
0.0,0.718,32.1
0.0,0.711,32.1
0.0,0.695,32.1
0.0,0.666,32.1
0.0,0.629,32.1
0.0,0.604,32.1
0.0,0.603,32.1
0.0,0.618,32.1
0.023,0.572,32.1
0.133,0.624,32.1
0.292,0.7,32.1
0.442,0.692,32.1
0.543,0.659,32.1
0.6,0.63,32.1
0.619,0.599,32.1
0.621,0.556,32.1
0.575,0.519,32.1
0.486,0.464,32.1
0.381,0.395,32.1
0.223,0.342,32.1
0.069,0.294,32.1
0.0,0.282,32.1
0.0,0.334,32.1
0.0,0.398,32.1
0.0,0.463,32.1
0.0,0.463,32.1
0.0,0.444,32.1
0.0,0.435,32.1
0.0,0.432,32.1
0.0,0.476,32.1
0.0,0.496,32.1
0.0,0.449,32.1
0.022,0.398,32.1
0.145,0.364,32.1
0.301,0.409,32.1
0.476,0.447,32.1
0.581,0.498,32.1
0.654,0.516,32.1
0.689,0.503,32.1
0.683,0.476,32.1
0.631,0.466,32.1
0.529,0.447,32.1
0.379,0.403,32.1
0.209,0.328,32.1
0.065,0.246,32.1
0.0,0.194,32.1
0.0,0.164,32.1
0.0,0.156,32.1
0.0,0.188,32.1
0.0,0.22,32.1
0.0,0.237,32.1
0.0,0.251,32.1
0.0,0.285,32.1
0.0,0.311,32.1
0.0,0.308,32.1
0.0,0.312,32.1
0.003,0.334,32.1
0.055,0.36,32.1
0.166,0.437,32.1
0.298,0.618,32.1
0.347,0.732,32.1
0.401,0.808,32.1
0.332,0.835,32.1
0.227,0.828,32.1
0.29,0.887,32.1
0.285,0.927,32.1
0.199,0.928,32.1
0.138,0.92,32.1
0.057,0.929,32.1
0.0,0.941,32.1
0.0,0.932,32.1
0.0,0.935,32.1
0.0,0.95,32.1
0.0,0.963,32.1
0.0,0.974,32.1
0.0,0.983,32.1
0.0,0.989,32.1
0.0,0.991,32.1
0.0,0.99,32.1
0.0,0.989,32.1
0.004,0.986,32.1
0.046,0.984,32.1
0.104,0.982,32.1
0.169,0.979,32.1
0.298,0.976,32.1
0.38,0.971,32.1
0.426,0.965,32.1
0.405,0.956,32.1
0.378,0.942,32.1
0.27,0.918,32.1
0.212,0.889,32.1
0.169,0.849,32.1
0.059,0.746,32.1
0.0,0.6,32.1
0.0,0.432,32.1
0.0,0.325,32.1
0.0,0.243,32.1
0.0,0.177,32.1
0.0,0.121,32.1
0.0,0.084,32.1
0.0,0.051,32.1
0.0,0.038,32.1
0.0,0.034,32.1
0.0,0.03,32.1
0.008,0.028,32.1
0.033,0.035,32.1
0.07,0.048,32.1
0.142,0.072,32.1
0.25,0.099,32.1
0.404,0.114,32.1
0.599,0.119,32.1
0.609,0.115,32.1
0.502,0.103,32.1
0.303,0.107,32.1
0.232,0.135,32.1
0.165,0.158,32.1
0.044,0.184,32.1
0.0,0.28,32.1
0.0,0.446,32.1
0.0,0.538,32.1
0.0,0.549,32.1
0.0,0.538,32.1
0.0,0.519,32.1
0.0,0.499,32.1
0.0,0.513,32.1
0.0,0.613,32.1
0.0,0.639,32.1
0.0,0.599,32.1
0.016,0.556,32.1
0.122,0.568,32.1
0.284,0.625,32.1
0.453,0.614,32.1
0.579,0.579,32.1
0.641,0.543,32.1
0.65,0.506,32.1
0.601,0.465,32.1
0.494,0.413,32.1
0.323,0.362,32.1
0.153,0.298,32.1
0.047,0.234,32.1
0.012,0.207,32.1
0.0,0.237,32.1
0.0,0.285,32.1
0.0,0.323,32.1
0.0,0.361,32.1
0.0,0.379,32.1
0.0,0.381,32.1
0.0,0.38,32.1
0.0,0.376,32.1
0.0,0.372,32.1
0.0,0.355,32.1
0.0,0.349,32.1
0.015,0.331,32.1
0.103,0.3,32.1
0.198,0.323,32.1
0.242,0.268,32.1
0.387,0.199,32.1
0.446,0.167,32.1
0.478,0.172,32.1
0.451,0.205,32.1
0.428,0.255,32.1
0.379,0.302,32.1
0.266,0.327,32.1
0.144,0.315,32.1
0.037,0.266,32.1
0.0,0.231,32.1
0.0,0.18,32.1
0.0,0.137,32.1
0.0,0.108,32.1
0.0,0.087,32.1
0.0,0.08,32.1
0.0,0.086,32.1
0.0,0.104,32.1
0.0,0.142,32.1
0.0,0.201,32.1
0.0,0.271,32.1
0.015,0.34,32.1
0.133,0.364,32.1
0.277,0.454,32.1
0.431,0.54,32.1
0.517,0.593,32.1
0.471,0.633,32.1
0.449,0.696,32.1
0.459,0.756,32.1
0.4,0.792,32.1
0.252,0.794,32.1
0.169,0.797,32.1
0.109,0.793,32.1
0.032,0.742,32.1
0.0,0.676,32.1
0.0,0.605,32.1
0.0,0.52,32.1
0.0,0.49,32.1
0.0,0.441,32.1
0.0,0.413,32.1
0.0,0.376,32.1
0.0,0.334,32.1
0.0,0.3,32.1
0.0,0.261,32.1
0.0,0.252,32.1
0.006,0.238,32.1
0.074,0.191,32.1
0.194,0.187,32.1
0.435,0.178,32.1
0.569,0.151,32.1
0.58,0.126,32.1
0.676,0.121,32.1
0.662,0.124,32.1
0.588,0.128,32.1
0.399,0.144,32.1
0.288,0.158,32.1
0.171,0.173,32.1
0.051,0.187,32.1
0.0,0.22,32.1
0.0,0.213,32.1
0.0,0.178,32.1
0.0,0.144,32.1
0.0,0.11,32.1
0.0,0.077,32.1
0.0,0.053,32.1
0.0,0.038,32.1
0.0,0.029,32.1
0.0,0.026,32.1
0.0,0.027,32.1
0.011,0.029,32.1
0.143,0.024,32.1
0.324,0.025,32.1
0.484,0.022,32.1
0.599,0.025,32.1
0.658,0.033,32.1
0.682,0.044,32.1
0.664,0.057,32.1
0.59,0.068,32.1
0.491,0.079,32.1
0.339,0.088,32.1
0.159,0.093,32.1
0.043,0.112,32.1
0.0,0.147,32.1
0.0,0.155,32.1
0.0,0.136,32.1
0.0,0.112,32.1
0.0,0.093,32.1
0.0,0.074,32.1
0.0,0.056,32.1
0.0,0.039,32.1
0.0,0.026,32.1
0.0,0.018,32.1
0.0,0.017,32.1
0.01,0.023,32.1
0.148,0.023,32.1
0.334,0.019,32.1
0.49,0.007,32.1
0.597,0.001,32.1
0.666,0.003,32.1
0.692,0.011,32.1
0.659,0.022,32.1
0.608,0.035,32.1
0.485,0.049,32.1
0.335,0.068,32.1
0.191,0.089,32.1
0.043,0.126,32.1
0.0,0.155,32.1
0.0,0.122,32.1
0.0,0.076,32.1
0.0,0.061,32.1
0.0,0.07,32.1
0.0,0.098,32.1
0.0,0.161,32.1
0.0,0.26,32.1
0.0,0.343,32.1
0.0,0.364,32.1
0.0,0.381,32.1
0.0,0.407,32.1
0.019,0.452,32.1
0.048,0.559,32.1
0.078,0.644,32.1
0.122,0.668,32.1
0.148,0.695,32.1
0.172,0.724,32.1
0.237,0.747,32.1
0.26,0.763,32.1
0.215,0.772,32.1
0.093,0.77,32.1
0.036,0.752,32.1
0.006,0.786,32.1
0.0,0.795,32.1
0.0,0.78,32.1
0.0,0.752,32.1
0.0,0.708,32.1
0.0,0.646,32.1
0.0,0.563,32.1
0.0,0.505,32.1
0.0,0.442,32.1
0.0,0.39,32.1
0.0,0.345,32.1
0.0,0.326,32.1
0.007,0.314,32.1
0.119,0.268,32.1
0.215,0.284,32.1
0.293,0.323,32.1
0.415,0.35,32.1
0.55,0.379,32.1
0.492,0.386,32.1
0.346,0.38,32.1
0.457,0.394,32.1
0.482,0.409,32.1
0.286,0.411,32.1
0.098,0.376,32.1
0.022,0.308,32.1
0.0,0.273,32.1
0.0,0.261,32.1
0.0,0.251,32.1
0.0,0.272,32.1
0.0,0.281,32.1
0.0,0.304,32.1
0.0,0.32,32.1
0.0,0.266,32.1
0.0,0.236,32.1
0.0,0.254,32.1
0.0,0.27,32.1
0.005,0.286,32.1
0.139,0.277,32.1
0.323,0.32,32.1
0.48,0.376,32.1
0.593,0.4,32.1
0.666,0.425,32.1
0.694,0.435,32.1
0.649,0.442,32.1
0.537,0.441,32.1
0.419,0.434,32.1
0.307,0.417,32.1
0.168,0.38,32.1
0.036,0.307,32.1
0.0,0.253,32.1
0.0,0.214,32.1
0.0,0.179,32.1
0.0,0.169,32.1
0.0,0.184,32.1
0.0,0.201,32.1
0.0,0.211,32.1
0.0,0.214,32.1
0.0,0.208,32.1
0.0,0.186,32.1
0.0,0.162,32.1
0.004,0.147,32.1
0.122,0.133,32.1
0.296,0.142,32.1
0.458,0.167,32.1
0.565,0.187,32.1
0.62,0.202,32.1
0.637,0.206,32.1
0.619,0.203,32.1
0.565,0.197,32.1
0.462,0.188,32.1
0.307,0.186,32.1
0.142,0.189,32.1
0.027,0.181,32.1
0.0,0.175,32.1
0.0,0.14,32.1
0.0,0.107,32.1
0.0,0.099,32.1
0.0,0.105,32.1
0.0,0.098,32.1
0.0,0.084,32.1
0.0,0.068,32.1
0.0,0.061,32.1
0.0,0.055,32.1
0.0,0.067,32.1
0.003,0.093,32.1
0.121,0.115,32.1
0.273,0.124,32.1
0.446,0.179,32.1
0.578,0.236,32.1
0.617,0.291,32.1
0.656,0.343,32.1
0.58,0.374,32.1
0.489,0.382,32.1
0.478,0.381,32.1
0.314,0.384,32.1
0.128,0.378,32.1
0.018,0.374,32.1
0.0,0.381,32.1
0.0,0.401,32.1
0.0,0.421,32.1
0.0,0.437,32.1
0.0,0.451,32.1
0.0,0.488,32.1
0.0,0.525,32.1
0.0,0.498,32.1
0.0,0.451,32.1
0.0,0.413,32.1
0.0,0.393,32.1
0.0,0.375,32.1
0.06,0.301,32.1
0.169,0.278,32.1
0.303,0.28,32.1
0.356,0.261,32.1
0.392,0.253,32.1
0.405,0.254,32.1
0.405,0.253,32.1
0.357,0.248,32.1
0.295,0.231,32.1
0.215,0.206,32.1
0.126,0.178,32.1
0.026,0.151,32.1
0.0,0.161,32.1
0.0,0.191,32.1
0.0,0.242,32.1
0.0,0.301,32.1
0.0,0.341,32.1
0.0,0.362,32.1
0.0,0.376,32.1
0.0,0.374,32.1
0.0,0.368,32.1
0.0,0.356,32.1
0.0,0.359,32.1
0.0,0.343,32.1
0.092,0.304,32.1
0.256,0.349,32.1
0.429,0.422,32.1
0.559,0.476,32.1
0.639,0.485,32.1
0.661,0.476,32.1
0.573,0.459,32.1
0.375,0.442,32.1
0.195,0.413,32.1
0.113,0.36,32.1
0.085,0.323,32.1
0.022,0.344,32.1
0.0,0.389,32.1
0.0,0.364,32.1
0.0,0.306,32.1
0.0,0.276,32.1
0.0,0.247,32.1
0.0,0.195,32.1
0.0,0.149,32.1
0.0,0.111,32.1
0.0,0.077,32.1
0.0,0.05,32.1
0.0,0.025,32.1
0.0,0.011,32.1
0.079,0.004,32.1
0.204,0.003,32.1
0.336,0.002,32.1
0.478,0.003,32.1
0.583,0.003,32.1
0.64,0.003,32.1
0.647,0.004,32.1
0.613,0.007,32.1
0.521,0.014,32.1
0.372,0.023,32.1
0.187,0.034,32.1
0.028,0.054,32.1
0.0,0.067,32.1
0.0,0.056,32.1
0.0,0.038,32.1
0.0,0.021,32.1
0.0,0.006,32.1
0.0,0.007,32.1
0.0,0.01,32.1
0.0,0.016,32.1
0.0,0.027,32.1
0.0,0.03,32.1
0.0,0.024,32.1
0.0,0.019,32.1
0.092,0.02,32.1
0.234,0.027,32.1
0.412,0.053,32.1
0.546,0.082,32.1
0.622,0.108,32.1
0.654,0.136,32.1
0.632,0.161,32.1
0.514,0.179,32.1
0.298,0.181,32.1
0.134,0.162,32.1
0.055,0.131,32.1
0.008,0.114,32.1
0.0,0.105,32.1
0.0,0.089,32.1
0.0,0.081,32.1
0.0,0.103,32.1
0.0,0.162,32.1
0.0,0.243,32.1
0.0,0.328,32.1
0.0,0.388,32.1
0.0,0.412,32.1
0.0,0.43,32.1
0.0,0.481,32.1
0.0,0.503,32.1
0.08,0.432,32.1
0.217,0.454,32.1
0.374,0.492,32.1
0.464,0.488,32.1
0.561,0.481,32.1
0.616,0.458,32.1
0.611,0.436,32.1
0.509,0.395,32.1
0.373,0.367,32.1
0.308,0.327,32.1
0.148,0.225,32.1
0.019,0.155,32.1
0.0,0.122,32.1
0.0,0.093,32.1
0.0,0.101,32.1
0.0,0.17,32.1
0.0,0.267,32.1
0.0,0.344,32.1
0.0,0.391,32.1
0.0,0.408,32.1
0.0,0.413,32.1
0.0,0.413,32.1
0.0,0.414,32.1
0.0,0.414,32.1
0.093,0.352,32.1
0.26,0.364,32.1
0.423,0.416,32.1
0.542,0.401,32.1
0.623,0.358,32.1
0.66,0.311,32.1
0.647,0.261,32.1
0.588,0.212,32.1
0.482,0.17,32.1
0.339,0.137,32.1
0.165,0.109,32.1
0.019,0.086,32.1
0.0,0.061,32.1
0.0,0.039,32.1
0.0,0.023,32.1
0.0,0.016,32.1
0.0,0.018,32.1
0.0,0.029,32.1
0.0,0.049,32.1
0.0,0.071,32.1
0.0,0.09,32.1
0.0,0.098,32.1
0.0,0.101,32.1
0.0,0.103,32.1
0.098,0.095,32.1
0.275,0.052,32.1
0.439,0.027,32.1
0.557,0.041,32.1
0.627,0.066,32.1
0.653,0.077,32.1
0.62,0.079,32.1
0.56,0.074,32.1
0.456,0.068,32.1
0.307,0.061,32.1
0.13,0.044,32.1
0.01,0.039,32.1
0.0,0.07,32.1
0.0,0.125,32.1
0.0,0.177,32.1
0.0,0.197,32.1
0.0,0.185,32.1
0.0,0.165,32.1
0.0,0.155,32.1
0.0,0.155,32.1
0.0,0.159,32.1
0.0,0.159,32.1
0.0,0.155,32.1
0.0,0.148,32.1
0.085,0.126,32.1
0.246,0.063,32.1
0.389,0.034,32.1
0.481,0.03,32.1
0.499,0.041,32.1
0.477,0.053,32.1
0.446,0.055,32.1
0.415,0.05,32.1
0.365,0.041,32.1
0.277,0.034,32.1
0.133,0.02,32.1
0.012,0.017,32.1
0.0,0.026,32.1
0.0,0.031,32.1
0.0,0.03,32.1
0.0,0.035,32.1
0.0,0.053,32.1
0.0,0.078,32.1
0.0,0.107,32.1
0.0,0.142,32.1
0.0,0.171,32.1
0.0,0.191,32.1
0.0,0.214,32.1
0.0,0.259,32.1
0.068,0.264,32.1
0.215,0.263,32.1
0.366,0.337,32.1
0.469,0.398,32.1
0.498,0.449,32.1
0.501,0.507,32.1
0.498,0.568,32.1
0.472,0.609,32.1
0.409,0.626,32.1
0.265,0.621,32.1
0.107,0.601,32.1
0.007,0.558,32.1
0.0,0.554,32.1
0.0,0.565,32.1
0.0,0.57,32.1
0.0,0.566,32.1
0.0,0.525,32.1
0.0,0.479,32.1
0.0,0.437,32.1
0.0,0.415,32.1
0.0,0.4,32.1
0.0,0.382,32.1
0.0,0.401,32.1
0.0,0.422,32.1
0.075,0.376,32.1
0.239,0.413,32.1
0.453,0.443,32.1
0.601,0.432,32.1
0.684,0.42,32.1
0.713,0.432,32.1
0.694,0.445,32.1
0.631,0.471,32.1
0.518,0.498,32.1
0.36,0.509,32.1
0.163,0.519,32.1
0.009,0.519,32.1
0.0,0.531,32.1
0.0,0.535,32.1
0.0,0.538,32.1
0.0,0.511,32.1
0.0,0.51,32.1
0.0,0.501,32.1
0.0,0.491,32.1
0.0,0.48,32.1
0.0,0.454,32.1
0.0,0.422,32.1
0.0,0.391,32.1
0.0,0.367,32.1
0.054,0.32,32.1
0.151,0.3,32.1
0.28,0.364,32.1
0.397,0.422,32.1
0.497,0.477,32.1
0.641,0.484,32.1
0.676,0.451,32.1
0.614,0.429,32.1
0.502,0.423,32.1
0.346,0.44,32.1
0.159,0.464,32.1
0.011,0.556,32.1
0.0,0.613,32.1
0.0,0.591,32.1
0.0,0.562,32.1
0.0,0.534,32.1
0.0,0.505,32.1
0.0,0.47,32.1
0.0,0.437,32.1
0.0,0.413,32.1
0.0,0.398,32.1
0.0,0.38,32.1
0.0,0.369,32.1
0.0,0.359,32.1
0.086,0.293,32.1
0.291,0.221,32.1
0.463,0.219,32.1
0.583,0.251,32.1
0.653,0.294,32.1
0.677,0.301,32.1
0.654,0.275,32.1
0.589,0.261,32.1
0.479,0.273,32.1
0.324,0.294,32.1
0.143,0.328,32.1
0.007,0.439,32.1
0.0,0.52,32.1
0.0,0.488,32.1
0.0,0.447,32.1
0.0,0.418,32.1
0.0,0.388,32.1
0.0,0.365,32.1
0.0,0.347,32.1
0.0,0.335,32.1
0.0,0.323,32.1
0.0,0.299,32.1
0.0,0.266,32.1
0.0,0.244,32.1
0.09,0.206,32.1
0.289,0.175,32.1
0.47,0.211,32.1
0.599,0.268,32.1
0.676,0.295,32.1
0.705,0.278,32.1
0.687,0.259,32.1
0.624,0.257,32.1
0.512,0.276,32.1
0.353,0.309,32.1
0.16,0.325,32.1
0.008,0.414,32.1
0.0,0.503,32.1
0.0,0.484,32.1
0.0,0.447,32.1
0.0,0.413,32.1
0.0,0.381,32.1
0.0,0.345,32.1
0.0,0.309,32.1
0.0,0.277,32.1
0.0,0.256,32.1
0.0,0.23,32.1
0.0,0.195,32.1
0.0,0.165,32.1
0.08,0.108,32.1
0.282,0.041,32.1
0.458,0.013,32.1
0.582,0.015,32.1
0.652,0.028,32.1
0.676,0.017,32.1
0.659,0.009,32.1
0.597,0.011,32.1
0.488,0.021,32.1
0.334,0.033,32.1
0.148,0.055,32.1
0.005,0.087,32.1
0.0,0.1,32.1
0.0,0.093,32.1
0.0,0.078,32.1
0.0,0.068,32.1
0.0,0.062,32.1
0.0,0.056,32.1
0.0,0.045,32.1
0.0,0.033,32.1
0.0,0.022,32.1
0.0,0.011,32.1
0.0,0.003,32.1
0.0,0.001,32.1
0.079,0.009,32.1
0.268,0.022,32.1
0.442,0.034,32.1
0.565,0.049,32.1
0.641,0.058,32.1
0.67,0.063,32.1
0.652,0.067,32.1
0.588,0.068,32.1
0.477,0.07,32.1
0.319,0.073,32.1
0.134,0.079,32.1
0.003,0.08,32.1
0.0,0.069,32.1
0.0,0.068,32.1
0.0,0.093,32.1
0.0,0.144,32.1
0.0,0.213,32.1
0.0,0.28,32.1
0.0,0.338,32.1
0.0,0.377,32.1
0.0,0.407,32.1
0.0,0.423,32.1
0.0,0.426,32.1
0.0,0.413,32.1
0.053,0.362,32.1
0.193,0.328,32.1
0.363,0.464,32.1
0.494,0.606,32.1
0.554,0.698,32.1
0.552,0.743,32.1
0.493,0.75,32.1
0.393,0.734,32.1
0.282,0.693,32.1
0.134,0.618,32.1
0.039,0.535,32.1
0.0,0.502,32.1
0.0,0.552,32.1
0.0,0.583,32.1
0.0,0.631,32.1
0.0,0.643,32.1
0.0,0.739,32.1
0.0,0.799,32.1
0.0,0.849,32.1
0.0,0.825,32.1
0.0,0.793,32.1
0.0,0.744,32.1
0.0,0.665,32.1
0.0,0.602,32.1
0.069,0.504,32.1
0.256,0.538,32.1
0.421,0.71,32.1
0.546,0.813,32.1
0.62,0.852,32.1
0.619,0.862,32.1
0.428,0.842,32.1
0.207,0.772,32.1
0.183,0.676,32.1
0.065,0.599,32.1
0.017,0.537,32.1
0.0,0.447,32.1
0.0,0.434,32.1
0.0,0.429,32.1
0.0,0.424,32.1
0.0,0.437,32.1
0.0,0.464,32.1
0.0,0.47,32.1
0.0,0.479,32.1
0.0,0.544,32.1
0.0,0.544,32.1
0.0,0.501,32.1
0.0,0.519,32.1
0.0,0.544,32.1
0.027,0.552,32.1
0.116,0.598,32.1
0.253,0.623,32.1
0.447,0.58,32.1
0.562,0.547,32.1
0.527,0.501,32.1
0.409,0.43,32.1
0.251,0.388,32.1
0.121,0.511,32.1
0.055,0.674,32.1
0.015,0.755,32.1
0.0,0.772,32.1
0.0,0.736,32.1
0.0,0.707,32.1
0.0,0.765,32.1
0.0,0.77,32.1
0.0,0.673,32.1
0.0,0.643,32.1
0.0,0.724,32.1
0.0,0.771,32.1
0.0,0.739,32.1
0.0,0.692,32.1
0.0,0.61,32.1
0.0,0.506,32.1
0.017,0.437,32.1
0.082,0.365,32.1
0.128,0.312,32.1
0.191,0.311,32.1
0.292,0.315,32.1
0.318,0.289,32.1
0.414,0.278,32.1
0.365,0.305,32.1
0.208,0.334,32.1
0.06,0.328,32.1
0.005,0.334,32.1
0.0,0.429,32.1
0.0,0.582,32.1
0.0,0.708,32.1
0.0,0.775,32.1
0.0,0.791,32.1
0.0,0.851,32.1
0.0,0.9,32.1
0.0,0.943,32.1
0.0,0.973,32.1
0.0,0.984,32.1
0.0,0.977,32.1
0.0,0.956,32.1
0.0,0.91,32.1
0.008,0.829,32.1
0.09,0.732,32.1
0.245,0.618,32.1
0.365,0.519,32.1
0.505,0.447,32.1
0.587,0.387,32.1
0.579,0.33,32.1
0.463,0.278,32.1
0.362,0.236,32.1
0.159,0.201,32.1
0.044,0.156,32.1
0.0,0.118,32.1
0.0,0.083,32.1
0.0,0.046,32.1
0.0,0.017,32.1
0.0,0.005,32.1
0.0,0.002,32.1
0.0,0.011,32.1
0.0,0.029,32.1
0.0,0.047,32.1
0.0,0.061,32.1
0.0,0.068,32.1
0.0,0.069,32.1
0.0,0.075,32.1
0.004,0.076,32.1
0.056,0.077,32.1
0.141,0.084,32.1
0.216,0.102,32.1
0.252,0.127,32.1
0.266,0.147,32.1
0.26,0.159,32.1
0.219,0.163,32.1
0.156,0.164,32.1
0.083,0.158,32.1
0.021,0.142,32.1
0.0,0.129,32.1
0.0,0.121,32.1
0.0,0.12,32.1
0.0,0.133,32.1
0.0,0.16,32.1
0.0,0.192,32.1
0.0,0.219,32.1
0.0,0.24,32.1
0.0,0.255,32.1
0.0,0.269,32.1
0.0,0.265,32.1
0.0,0.249,32.1
0.0,0.231,32.1
0.02,0.205,32.1
0.134,0.151,32.1
0.312,0.133,32.1
0.473,0.108,32.1
0.604,0.084,32.1
0.637,0.068,32.1
0.611,0.055,32.1
0.535,0.043,32.1
0.412,0.03,32.1
0.255,0.022,32.1
0.074,0.018,32.1
0.0,0.025,32.1
0.0,0.064,32.1
0.0,0.118,32.1
0.0,0.163,32.1
0.0,0.201,32.1
0.0,0.247,32.1
0.0,0.291,32.1
0.0,0.323,32.1
0.0,0.334,32.1
0.0,0.325,32.1
0.0,0.312,32.1
0.0,0.315,32.1
0.0,0.323,32.1
0.018,0.317,32.1
0.099,0.253,32.1
0.2,0.208,32.1
0.24,0.196,32.1
0.237,0.225,32.1
0.26,0.273,32.1
0.359,0.337,32.1
0.35,0.383,32.1
0.197,0.387,32.1
0.075,0.334,32.1
0.032,0.308,32.1
0.0,0.351,32.1
0.0,0.412,32.1
0.0,0.437,32.1
0.0,0.447,32.1
0.0,0.476,32.1
0.0,0.516,32.1
0.0,0.566,32.1
0.0,0.566,32.1
0.0,0.556,32.1
0.0,0.561,32.1
0.0,0.56,32.1
0.0,0.552,32.1
0.0,0.571,32.1
0.0,0.572,32.1
0.018,0.494,32.1
0.054,0.452,32.1
0.103,0.439,32.1
0.152,0.442,32.1
0.128,0.48,32.1
0.084,0.484,32.1
0.063,0.387,32.1
0.058,0.329,32.1
0.072,0.337,32.1
0.038,0.337,32.1
0.0,0.374,32.1
0.0,0.404,32.1
0.0,0.398,32.1
0.0,0.376,32.1
0.0,0.344,32.1
0.0,0.29,32.1
0.0,0.291,32.1
0.0,0.313,32.1
0.0,0.335,32.1
0.0,0.379,32.1
0.0,0.42,32.1
0.0,0.447,32.1
0.0,0.498,32.1
0.003,0.566,32.1
0.074,0.601,32.1
0.12,0.595,32.1
0.141,0.583,32.1
0.145,0.544,32.1
0.13,0.533,32.1
0.11,0.508,32.1
0.143,0.515,32.1
0.11,0.574,32.1
0.032,0.638,32.1
0.001,0.682,32.1
0.0,0.714,32.1
0.0,0.738,32.1
0.0,0.762,32.1
0.0,0.746,32.1
0.0,0.725,32.1
0.0,0.669,32.1
0.0,0.602,32.1
0.0,0.539,32.1
0.0,0.499,32.1
0.0,0.42,32.1
0.0,0.302,32.1
0.0,0.235,32.1
0.0,0.216,32.1
0.0,0.21,32.1
0.013,0.193,32.1
0.034,0.188,32.1
0.149,0.254,32.1
0.211,0.294,32.1
0.173,0.325,32.1
0.12,0.345,32.1
0.092,0.369,32.1
0.065,0.3,32.1
0.042,0.214,32.1
0.019,0.183,32.1
0.0,0.252,32.1
0.0,0.332,32.1
0.0,0.357,32.1
0.0,0.37,32.1
0.0,0.379,32.1
0.0,0.386,32.1
0.0,0.37,32.1
0.0,0.352,32.1
0.0,0.369,32.1
0.0,0.37,32.1
0.0,0.352,32.1
0.0,0.367,32.1
0.0,0.432,32.1
0.009,0.542,32.1
0.077,0.652,32.1
0.092,0.757,32.1
0.14,0.819,32.1
0.259,0.866,32.1
0.404,0.889,32.1
0.39,0.894,32.1
0.383,0.891,32.1
0.292,0.881,32.1
0.139,0.847,32.1
0.039,0.835,32.1
0.0,0.849,32.1
0.0,0.831,32.1
0.0,0.812,32.1
0.0,0.775,32.1
0.0,0.746,32.1
0.0,0.734,32.1
0.0,0.739,32.1
0.0,0.762,32.1
0.0,0.788,32.1
0.0,0.813,32.1
0.0,0.84,32.1
0.0,0.84,32.1
0.0,0.794,32.1
0.0,0.719,32.1
0.02,0.629,32.1
0.04,0.555,32.1
0.06,0.541,32.1
0.072,0.556,32.1
0.084,0.547,32.1
0.122,0.555,32.1
0.115,0.56,32.1
0.14,0.574,32.1
0.116,0.552,32.1
0.037,0.552,32.1
0.0,0.529,32.1
0.0,0.528,32.1
0.0,0.541,32.1
0.0,0.561,32.1
0.0,0.542,32.1
0.0,0.601,32.1
0.0,0.686,32.1
0.0,0.763,32.1
0.0,0.786,32.1
0.0,0.755,32.1
0.0,0.726,32.1
0.0,0.668,32.1
0.0,0.645,32.1
0.0,0.647,32.1
0.024,0.648,32.1
0.064,0.644,32.1
0.129,0.613,32.1
0.268,0.681,32.1
0.284,0.773,32.1
0.21,0.807,32.1
0.2,0.789,32.1
0.182,0.758,32.1
0.103,0.661,32.1
0.017,0.591,32.1
0.0,0.586,32.1
0.0,0.579,32.1
0.0,0.578,32.1
0.0,0.604,32.1
0.0,0.576,32.1
0.0,0.529,32.1
0.0,0.52,32.1
0.0,0.535,32.1
0.0,0.562,32.1
0.0,0.585,32.1
0.0,0.613,32.1
0.0,0.599,32.1
0.0,0.593,32.1
0.011,0.564,32.1
0.119,0.525,32.1
0.251,0.56,32.1
0.356,0.622,32.1
0.518,0.661,32.1
0.599,0.705,32.1
0.589,0.696,32.1
0.541,0.677,32.1
0.441,0.635,32.1
0.276,0.566,32.1
0.079,0.473,32.1
0.0,0.434,32.1
0.0,0.425,32.1
0.0,0.437,32.1
0.0,0.448,32.1
0.0,0.446,32.1
0.0,0.427,32.1
0.0,0.404,32.1
0.0,0.401,32.1
0.0,0.41,32.1
0.0,0.513,32.1
0.0,0.601,32.1
0.0,0.7,32.1
0.0,0.758,32.1
0.0,0.807,32.1
0.024,0.891,32.1
0.104,0.904,32.1
0.193,0.929,32.1
0.174,0.952,32.1
0.118,0.955,32.1
0.138,0.945,32.1
0.135,0.921,32.1
0.089,0.864,32.1
0.082,0.762,32.1
0.025,0.666,32.1
0.0,0.535,32.1
0.0,0.435,32.1
0.0,0.374,32.1
0.0,0.316,32.1
0.0,0.241,32.1
0.0,0.169,32.1
0.0,0.119,32.1
0.0,0.083,32.1
0.0,0.059,32.1
0.0,0.045,32.1
0.0,0.041,32.1
0.0,0.048,32.1
0.0,0.068,32.1
0.006,0.099,32.1
0.099,0.117,32.1
0.253,0.116,32.1
0.406,0.167,32.1
0.505,0.215,32.1
0.582,0.264,32.1
0.516,0.332,32.1
0.446,0.395,32.1
0.3,0.441,32.1
0.098,0.43,32.1
0.011,0.402,32.1
0.0,0.425,32.1
0.0,0.453,32.1
0.0,0.432,32.1
0.0,0.395,32.1
0.0,0.371,32.1
0.0,0.402,32.1
0.0,0.478,32.1
0.0,0.557,32.1
0.0,0.599,32.1
0.0,0.614,32.1
0.0,0.619,32.1
0.0,0.633,32.1
0.0,0.646,32.1
0.004,0.625,32.1
0.08,0.59,32.1
0.129,0.574,32.1
0.121,0.555,32.1
0.12,0.525,32.1
0.167,0.529,32.1
0.107,0.539,32.1
0.065,0.548,32.1
0.042,0.547,32.1
0.018,0.503,32.1
0.001,0.407,32.1
0.0,0.332,32.1
0.0,0.272,32.1
0.0,0.227,32.1
0.0,0.214,32.1
0.0,0.212,32.1
0.0,0.21,32.1
0.0,0.219,32.1
0.0,0.227,32.1
0.0,0.241,32.1
0.0,0.265,32.1
0.0,0.291,32.1
0.0,0.32,32.1
0.0,0.348,32.1
0.002,0.364,32.1
0.061,0.341,32.1
0.128,0.291,32.1
0.206,0.274,32.1
0.32,0.328,32.1
0.35,0.383,32.1
0.361,0.421,32.1
0.287,0.471,32.1
0.222,0.479,32.1
0.132,0.464,32.1
0.031,0.473,32.1
0.0,0.494,32.1
0.0,0.519,32.1
0.0,0.501,32.1
0.0,0.462,32.1
0.0,0.436,32.1
0.0,0.426,32.1
0.0,0.432,32.1
0.0,0.432,32.1
0.0,0.413,32.1
0.0,0.37,32.1
0.0,0.311,32.1
0.0,0.24,32.1
0.0,0.167,32.1
0.0,0.118,32.1
0.038,0.089,32.1
0.112,0.083,32.1
0.158,0.09,32.1
0.258,0.106,32.1
0.24,0.136,32.1
0.127,0.175,32.1
0.103,0.198,32.1
0.057,0.184,32.1
0.018,0.166,32.1
0.0,0.169,32.1
0.0,0.189,32.1
0.0,0.233,32.1
0.0,0.295,32.1
0.0,0.355,32.1
0.0,0.383,32.1
0.0,0.391,32.1
0.0,0.388,32.1
0.0,0.387,32.1
0.0,0.392,32.1
0.0,0.379,32.1
0.0,0.355,32.1
0.0,0.328,32.1
0.0,0.302,32.1
0.0,0.285,32.1
0.016,0.259,32.1
0.055,0.227,32.1
0.096,0.225,32.1
0.137,0.246,32.1
0.182,0.243,32.1
0.189,0.235,32.1
0.138,0.236,32.1
0.083,0.265,32.1
0.041,0.306,32.1
0.005,0.365,32.1
0.0,0.422,32.1
0.0,0.441,32.1
0.0,0.436,32.1
0.0,0.42,32.1
0.0,0.417,32.1
0.0,0.417,32.1
0.0,0.418,32.1
0.0,0.419,32.1
0.0,0.41,32.1
0.0,0.376,32.1
0.0,0.378,32.1
0.0,0.369,32.1
0.0,0.355,32.1
0.0,0.355,32.1
0.014,0.352,32.1
0.049,0.349,32.1
0.094,0.364,32.1
0.129,0.444,32.1
0.156,0.507,32.1
0.145,0.54,32.1
0.102,0.548,32.1
0.061,0.541,32.1
0.023,0.522,32.1
0.0,0.502,32.1
0.0,0.523,32.1
0.0,0.517,32.1
0.0,0.516,32.1
0.0,0.549,32.1
0.0,0.523,32.1
0.0,0.513,32.1
0.0,0.522,32.1
0.0,0.514,32.1
0.0,0.491,32.1
0.0,0.466,32.1
0.0,0.486,32.1
0.0,0.489,32.1
0.0,0.476,32.1
0.0,0.467,32.1
0.076,0.42,32.1
0.266,0.416,32.1
0.39,0.413,32.1
0.455,0.374,32.1
0.489,0.341,32.1
0.473,0.325,32.1
0.378,0.323,32.1
0.272,0.324,32.1
0.134,0.328,32.1
0.017,0.343,32.1
0.0,0.387,32.1
0.0,0.397,32.1
0.0,0.392,32.1
0.0,0.374,32.1
0.0,0.337,32.1
0.0,0.314,32.1
0.0,0.307,32.1
0.0,0.302,32.1
0.0,0.294,32.1
0.0,0.272,32.1
0.0,0.259,32.1
0.0,0.253,32.1
0.0,0.243,32.1
0.0,0.23,32.1
0.134,0.179,32.1
0.344,0.135,32.1
0.498,0.136,32.1
0.601,0.106,32.1
0.644,0.082,32.1
0.634,0.067,32.1
0.566,0.063,32.1
0.44,0.069,32.1
0.261,0.085,32.1
0.05,0.125,32.1
0.0,0.167,32.1
0.0,0.177,32.1
0.0,0.157,32.1
0.0,0.124,32.1
0.0,0.092,32.1
0.0,0.062,32.1
0.0,0.036,32.1
0.0,0.02,32.1
0.0,0.01,32.1
0.0,0.004,32.1
0.0,0.002,32.1
0.0,0.001,32.1
0.0,0.002,32.1
0.0,0.004,32.1
0.043,0.008,32.1
0.124,0.012,32.1
0.205,0.006,32.1
0.282,0.004,32.1
0.334,0.004,32.1
0.268,0.006,32.1
0.183,0.009,32.1
0.096,0.012,32.1
0.039,0.014,32.1
0.0,0.017,32.1
0.0,0.017,32.1
0.0,0.016,32.1
0.0,0.015,32.1
0.0,0.013,32.1
0.0,0.012,32.1
0.0,0.014,32.1
0.0,0.02,32.1
0.0,0.029,32.1
0.0,0.041,32.1
0.0,0.055,32.1
0.0,0.064,32.1
0.0,0.069,32.1
0.0,0.076,32.1
0.0,0.079,32.1
0.07,0.076,32.1
0.211,0.068,32.1
0.362,0.073,32.1
0.422,0.093,32.1
0.425,0.131,32.1
0.381,0.162,32.1
0.302,0.175,32.1
0.156,0.175,32.1
0.055,0.163,32.1
0.004,0.172,32.1
0.0,0.166,32.1
0.0,0.14,32.1
0.0,0.118,32.1
0.0,0.111,32.1
0.0,0.113,32.1
0.0,0.12,32.1
0.0,0.133,32.1
0.0,0.133,32.1
0.0,0.123,32.1
0.0,0.112,32.1
0.0,0.12,32.1
0.0,0.159,32.1
0.0,0.188,32.1
0.0,0.194,32.1
0.031,0.187,32.1
0.149,0.167,32.1
0.318,0.167,32.1
0.428,0.181,32.1
0.502,0.188,32.1
0.546,0.184,32.1
0.473,0.177,32.1
0.342,0.192,32.1
0.167,0.228,32.1
0.016,0.305,32.1
0.0,0.42,32.1
0.0,0.512,32.1
0.0,0.544,32.1
0.0,0.501,32.1
0.0,0.484,32.1
0.0,0.498,32.1
0.0,0.501,32.1
0.0,0.504,32.1
0.0,0.507,32.1
0.0,0.508,32.1
0.0,0.508,32.1
0.0,0.508,32.1
0.0,0.503,32.1
0.0,0.523,32.1
0.003,0.56,32.1
0.017,0.544,32.1
0.034,0.523,32.1
0.051,0.589,32.1
0.09,0.632,32.1
0.068,0.666,32.1
0.043,0.644,32.1
0.018,0.599,32.1
0.006,0.597,32.1
0.0,0.595,32.1
0.0,0.61,32.1
0.0,0.554,32.1
0.0,0.51,32.1
0.0,0.55,32.1
0.0,0.52,32.1
0.0,0.538,32.1
0.0,0.454,32.1
0.0,0.373,32.1
0.0,0.416,32.1
0.0,0.46,32.1
0.0,0.53,32.1
0.0,0.535,32.1
0.0,0.521,32.1
0.0,0.552,32.1
0.0,0.649,32.1
0.014,0.738,32.1
0.043,0.845,32.1
0.104,0.914,32.1
0.278,0.949,32.1
0.528,0.975,32.1
0.463,0.985,32.1
0.356,0.988,32.1
0.18,0.987,32.1
0.014,0.988,32.1
0.0,0.987,32.1
0.0,0.975,32.1
0.0,0.92,32.1
0.0,0.789,32.1
0.0,0.618,32.1
0.0,0.547,32.1
0.0,0.55,32.1
0.0,0.599,32.1
0.0,0.628,32.1
0.0,0.627,32.1
0.0,0.607,32.1
0.0,0.583,32.1
0.0,0.558,32.1
0.0,0.54,32.1
0.117,0.501,32.1
0.325,0.421,32.1
0.478,0.485,32.1
0.57,0.56,32.1
0.602,0.601,32.1
0.56,0.618,32.1
0.469,0.607,32.1
0.354,0.565,32.1
0.193,0.481,32.1
0.014,0.4,32.1
0.0,0.407,32.1
0.0,0.444,32.1
0.0,0.485,32.1
0.0,0.448,32.1
0.0,0.426,32.1
0.0,0.398,32.1
0.0,0.35,32.1
0.0,0.294,32.1
0.0,0.252,32.1
0.0,0.232,32.1
0.0,0.22,32.1
0.0,0.216,32.1
0.0,0.22,32.1
0.0,0.209,32.1
0.098,0.187,32.1
0.279,0.133,32.1
0.449,0.111,32.1
0.538,0.147,32.1
0.561,0.179,32.1
0.516,0.236,32.1
0.465,0.317,32.1
0.358,0.367,32.1
0.187,0.391,32.1
0.012,0.476,32.1
0.0,0.522,32.1
0.0,0.539,32.1
0.0,0.556,32.1
0.0,0.547,32.1
0.0,0.525,32.1
0.0,0.507,32.1
0.0,0.482,32.1
0.0,0.479,32.1
0.0,0.454,32.1
0.0,0.438,32.1
0.0,0.453,32.1
0.0,0.481,32.1
0.0,0.546,32.1
0.0,0.554,32.1
0.012,0.608,32.1
0.051,0.653,32.1
0.137,0.62,32.1
0.21,0.684,32.1
0.316,0.782,32.1
0.305,0.8,32.1
0.178,0.788,32.1
0.085,0.791,32.1
0.024,0.82,32.1
0.0,0.857,32.1
0.0,0.894,32.1
0.0,0.913,32.1
0.0,0.922,32.1
0.0,0.931,32.1
0.0,0.943,32.1
0.0,0.955,32.1
0.0,0.955,32.1
0.0,0.953,32.1
0.0,0.947,32.1
0.0,0.923,32.1
0.0,0.885,32.1
0.0,0.829,32.1
0.0,0.756,32.1
0.0,0.671,32.1
0.0,0.615,32.1
0.019,0.621,32.1
0.049,0.609,32.1
0.062,0.607,32.1
0.079,0.594,32.1
0.062,0.583,32.1
0.047,0.568,32.1
0.018,0.557,32.1
0.011,0.557,32.1
0.0,0.548,32.1
0.0,0.525,32.1
0.0,0.51,32.1
0.0,0.511,32.1
0.0,0.497,32.1
0.0,0.492,32.1
0.0,0.485,32.1
0.0,0.471,32.1
0.0,0.463,32.1
0.0,0.47,32.1
0.0,0.464,32.1
0.0,0.448,32.1
0.0,0.454,32.1
0.0,0.471,32.1
0.0,0.476,32.1
0.009,0.53,32.1
0.055,0.577,32.1
0.13,0.62,32.1
0.212,0.656,32.1
0.309,0.692,32.1
0.331,0.725,32.1
0.241,0.734,32.1
0.149,0.706,32.1
0.076,0.669,32.1
0.0,0.661,32.1
0.0,0.657,32.1
0.0,0.657,32.1
0.0,0.634,32.1
0.0,0.597,32.1
0.0,0.547,32.1
0.0,0.526,32.1
0.0,0.506,32.1
0.0,0.488,32.1
0.0,0.471,32.1
0.0,0.466,32.1
0.0,0.46,32.1
0.0,0.464,32.1
0.0,0.452,32.1
0.0,0.433,32.1
0.013,0.425,32.1
0.055,0.441,32.1
0.1,0.532,32.1
0.117,0.627,32.1
0.138,0.712,32.1
0.139,0.77,32.1
0.175,0.803,32.1
0.134,0.816,32.1
0.039,0.842,32.1
0.0,0.884,32.1
0.0,0.917,32.1
0.0,0.929,32.1
0.0,0.917,32.1
0.0,0.861,32.1
0.0,0.765,32.1
0.0,0.668,32.1
0.0,0.616,32.1
0.0,0.6,32.1
0.0,0.599,32.1
0.0,0.588,32.1
0.0,0.565,32.1
0.0,0.519,32.1
0.0,0.506,32.1
0.0,0.532,32.1
0.008,0.566,32.1
0.06,0.603,32.1
0.208,0.651,32.1
0.306,0.732,32.1
0.328,0.773,32.1
0.187,0.791,32.1
0.071,0.788,32.1
0.032,0.785,32.1
0.004,0.786,32.1
0.0,0.792,32.1
0.0,0.802,32.1
0.0,0.77,32.1
0.0,0.701,32.1
0.0,0.715,32.1
0.0,0.716,32.1
0.0,0.747,32.1
0.0,0.727,32.1
0.0,0.715,32.1
0.0,0.763,32.1
0.0,0.75,32.1
0.0,0.727,32.1
0.0,0.698,32.1
0.0,0.679,32.1
0.0,0.661,32.1
0.022,0.556,32.1
0.079,0.441,32.1
0.103,0.407,32.1
0.087,0.403,32.1
0.076,0.434,32.1
0.064,0.464,32.1
0.039,0.436,32.1
0.015,0.469,32.1
0.0,0.617,32.1
0.0,0.741,32.1
0.0,0.768,32.1
0.0,0.74,32.1
0.0,0.781,32.1
0.0,0.827,32.1
0.0,0.84,32.1
0.0,0.833,32.1
0.0,0.819,32.1
0.0,0.819,32.1
0.0,0.822,32.1
0.0,0.816,32.1
0.0,0.8,32.1
0.0,0.793,32.1
0.0,0.795,32.1
0.0,0.795,32.1
0.004,0.788,32.1
0.06,0.775,32.1
0.071,0.769,32.1
0.071,0.759,32.1
0.083,0.738,32.1
0.076,0.707,32.1
0.068,0.682,32.1
0.055,0.676,32.1
0.026,0.683,32.1
0.0,0.714,32.1
0.0,0.72,32.1
0.0,0.699,32.1
0.0,0.648,32.1
0.0,0.587,32.1
0.0,0.557,32.1
0.0,0.534,32.1
0.0,0.503,32.1
0.0,0.47,32.1
0.0,0.448,32.1
0.0,0.418,32.1
0.0,0.384,32.1
0.0,0.374,32.1
0.0,0.398,32.1
0.0,0.429,32.1
0.048,0.444,32.1
0.197,0.477,32.1
0.349,0.523,32.1
0.489,0.601,32.1
0.572,0.744,32.1
0.561,0.777,32.1
0.488,0.766,32.1
0.307,0.767,32.1
0.066,0.804,32.1
0.0,0.848,32.1
0.0,0.858,32.1
0.0,0.836,32.1
0.0,0.816,32.1
0.0,0.77,32.1
0.0,0.606,32.1
0.0,0.395,32.1
0.0,0.343,32.1
0.0,0.374,32.1
0.0,0.376,32.1
0.0,0.4,32.1
0.0,0.435,32.1
0.0,0.465,32.1
0.0,0.476,32.1
0.0,0.459,32.1
0.002,0.501,32.1
0.104,0.613,32.1
0.068,0.73,32.1
0.065,0.786,32.1
0.069,0.846,32.1
0.048,0.892,32.1
0.054,0.888,32.1
0.074,0.873,32.1
0.026,0.868,32.1
0.0,0.857,32.1
0.0,0.86,32.1
0.0,0.874,32.1
0.0,0.891,32.1
0.0,0.911,32.1
0.0,0.936,32.1
0.0,0.949,32.1
0.0,0.956,32.1
0.0,0.961,32.1
0.0,0.967,32.1
0.0,0.971,32.1
0.0,0.973,32.1
0.0,0.971,32.1
0.0,0.968,32.1
0.0,0.968,32.1
0.009,0.967,32.1
0.06,0.966,32.1
0.132,0.962,32.1
0.204,0.96,32.1
0.269,0.954,32.1
0.273,0.946,32.1
0.2,0.922,32.1
0.123,0.893,32.1
0.072,0.845,32.1
0.0,0.794,32.1
0.0,0.763,32.1
0.0,0.751,32.1
0.0,0.695,32.1
0.0,0.693,32.1
0.0,0.746,32.1
0.0,0.827,32.1
0.0,0.842,32.1
0.0,0.812,32.1
0.0,0.75,32.1
0.0,0.683,32.1
0.0,0.61,32.1
0.0,0.543,32.1
0.0,0.49,32.1
0.0,0.436,32.1
0.041,0.416,32.1
0.211,0.444,32.1
0.379,0.562,32.1
0.52,0.734,32.1
0.467,0.843,32.1
0.226,0.887,32.1
0.193,0.904,32.1
0.107,0.896,32.1
0.033,0.888,32.1
0.0,0.862,32.1
0.0,0.754,32.1
0.0,0.644,32.1
0.0,0.601,32.1
0.0,0.583,32.1
0.0,0.58,32.1
0.0,0.566,32.1
0.0,0.538,32.1
0.0,0.505,32.1
0.0,0.478,32.1
0.0,0.449,32.1
0.0,0.404,32.1
0.0,0.347,32.1
0.0,0.286,32.1
0.0,0.219,32.1
0.032,0.162,32.1
0.21,0.125,32.1
0.387,0.104,32.1
0.498,0.109,32.1
0.548,0.106,32.1
0.538,0.103,32.1
0.485,0.113,32.1
0.356,0.14,32.1
0.165,0.179,32.1
0.0,0.217,32.1
0.0,0.209,32.1
0.0,0.147,32.1
0.0,0.07,32.1
0.0,0.036,32.1
0.0,0.035,32.1
0.0,0.046,32.1
0.0,0.062,32.1
0.0,0.07,32.1
0.0,0.075,32.1
0.0,0.078,32.1
0.0,0.081,32.1
0.0,0.079,32.1
0.0,0.074,32.1
0.0,0.07,32.1
0.011,0.072,32.1
0.087,0.068,32.1
0.189,0.053,32.1
0.28,0.045,32.1
0.313,0.047,32.1
0.303,0.055,32.1
0.291,0.064,32.1
0.186,0.068,32.1
0.063,0.073,32.1
0.0,0.068,32.1
0.0,0.053,32.1
0.0,0.035,32.1
0.0,0.017,32.1
0.0,0.009,32.1
0.0,0.006,32.1
0.0,0.009,32.1
0.0,0.016,32.1
0.0,0.024,32.1
0.0,0.03,32.1
0.0,0.036,32.1
0.0,0.037,32.1
0.0,0.04,32.1
0.0,0.05,32.1
0.0,0.07,32.1
0.033,0.104,32.1
0.2,0.109,32.1
0.387,0.086,32.1
0.52,0.132,32.1
0.566,0.178,32.1
0.552,0.204,32.1
0.481,0.229,32.1
0.349,0.235,32.1
0.166,0.284,32.1
0.0,0.41,32.1
0.0,0.5,32.1
0.0,0.525,32.1
0.0,0.51,32.1
0.0,0.48,32.1
0.0,0.442,32.1
0.0,0.407,32.1
0.0,0.386,32.1
0.0,0.356,32.1
0.0,0.31,32.1
0.0,0.269,32.1
0.0,0.251,32.1
0.0,0.255,32.1
0.0,0.251,32.1
0.0,0.222,32.1
0.008,0.183,32.1
0.066,0.136,32.1
0.159,0.108,32.1
0.289,0.096,32.1
0.378,0.072,32.1
0.419,0.064,32.1
0.401,0.063,32.1
0.285,0.066,32.1
0.099,0.083,32.1
0.0,0.112,32.1
0.0,0.157,32.1
0.0,0.2,32.1
0.0,0.216,32.1
0.0,0.208,32.1
0.0,0.186,32.1
0.0,0.16,32.1
0.0,0.132,32.1
0.0,0.103,32.1
0.0,0.079,32.1
0.0,0.063,32.1
0.0,0.065,32.1
0.0,0.084,32.1
0.0,0.103,32.1
0.0,0.118,32.1
0.001,0.124,32.1
0.044,0.102,32.1
0.13,0.077,32.1
0.258,0.068,32.1
0.308,0.076,32.1
0.273,0.096,32.1
0.187,0.124,32.1
0.108,0.157,32.1
0.03,0.212,32.1
0.0,0.257,32.1
0.0,0.277,32.1
0.0,0.281,32.1
0.0,0.288,32.1
0.0,0.289,32.1
0.0,0.284,32.1
0.0,0.28,32.1
0.0,0.265,32.1
0.0,0.245,32.1
0.0,0.233,32.1
0.0,0.227,32.1
0.0,0.228,32.1
0.0,0.234,32.1
0.0,0.245,32.1
0.0,0.259,32.1
0.002,0.252,32.1
0.046,0.193,32.1
0.092,0.131,32.1
0.167,0.088,32.1
0.273,0.07,32.1
0.365,0.069,32.1
0.37,0.065,32.1
0.275,0.06,32.1
0.11,0.072,32.1
0.0,0.102,32.1
0.0,0.14,32.1
0.0,0.179,32.1
0.0,0.205,32.1
0.0,0.214,32.1
0.0,0.205,32.1
0.0,0.176,32.1
0.0,0.136,32.1
0.0,0.102,32.1
0.0,0.077,32.1
0.0,0.061,32.1
0.0,0.047,32.1
0.0,0.037,32.1
0.0,0.035,32.1
0.0,0.037,32.1
0.012,0.045,32.1
0.146,0.049,32.1
0.322,0.037,32.1
0.4,0.029,32.1
0.369,0.037,32.1
0.267,0.044,32.1
0.175,0.048,32.1
0.097,0.048,32.1
0.03,0.046,32.1
0.0,0.046,32.1
0.0,0.051,32.1
0.0,0.059,32.1
0.0,0.075,32.1
0.0,0.098,32.1
0.0,0.108,32.1
0.0,0.1,32.1
0.0,0.094,32.1
0.0,0.105,32.1
0.0,0.113,32.1
0.0,0.11,32.1
0.0,0.112,32.1
0.0,0.144,32.1
0.0,0.19,32.1
0.0,0.225,32.1
0.008,0.249,32.1
0.102,0.207,32.1
0.226,0.158,32.1
0.312,0.159,32.1
0.317,0.179,32.1
0.261,0.195,32.1
0.17,0.207,32.1
0.077,0.21,32.1
0.018,0.255,32.1
0.0,0.347,32.1
0.0,0.413,32.1
0.0,0.437,32.1
0.0,0.462,32.1
0.0,0.484,32.1
0.0,0.508,32.1
0.0,0.531,32.1
0.0,0.557,32.1
0.0,0.594,32.1
0.0,0.645,32.1
0.0,0.698,32.1
0.0,0.686,32.1
0.0,0.668,32.1
0.0,0.644,32.1
0.0,0.677,32.1
0.0,0.629,32.1
0.044,0.557,32.1
0.091,0.544,32.1
0.184,0.568,32.1
0.236,0.578,32.1
0.243,0.557,32.1
0.208,0.516,32.1
0.111,0.47,32.1
0.029,0.433,32.1
0.0,0.436,32.1
0.0,0.435,32.1
0.0,0.425,32.1
0.0,0.42,32.1
0.0,0.407,32.1
0.0,0.398,32.1
0.0,0.389,32.1
0.0,0.376,32.1
0.0,0.364,32.1
0.0,0.364,32.1
0.0,0.355,32.1
0.0,0.343,32.1
0.0,0.347,32.1
0.0,0.352,32.1
0.0,0.388,32.1
0.0,0.417,32.1
0.014,0.464,32.1
0.03,0.516,32.1
0.066,0.544,32.1
0.103,0.552,32.1
0.063,0.599,32.1
0.054,0.604,32.1
0.059,0.582,32.1
0.016,0.523,32.1
0.0,0.468,32.1
0.0,0.374,32.1
0.0,0.306,32.1
0.0,0.244,32.1
0.0,0.192,32.1
0.0,0.199,32.1
0.0,0.238,32.1
0.0,0.264,32.1
0.0,0.275,32.1
0.0,0.283,32.1
0.0,0.285,32.1
0.0,0.271,32.1
0.0,0.255,32.1
0.0,0.252,32.1
0.0,0.275,32.1
0.0,0.329,32.1
0.017,0.432,32.1
0.067,0.504,32.1
0.127,0.544,32.1
0.191,0.541,32.1
0.222,0.538,32.1
0.206,0.513,32.1
0.112,0.519,32.1
0.013,0.592,32.1
0.0,0.625,32.1
0.0,0.637,32.1
0.0,0.678,32.1
0.0,0.69,32.1
0.0,0.712,32.1
0.0,0.733,32.1
0.0,0.738,32.1
0.0,0.728,32.1
0.0,0.714,32.1
0.0,0.697,32.1
0.0,0.793,32.1
0.0,0.742,32.1
0.0,0.742,32.1
0.0,0.773,32.1
0.0,0.762,32.1
0.0,0.793,32.1
0.041,0.867,32.1
0.055,0.888,32.1
0.058,0.906,32.1
0.037,0.943,32.1
0.028,0.967,32.1
0.012,0.962,32.1
0.001,0.936,32.1
0.0,0.89,32.1
0.0,0.785,32.1
0.0,0.794,32.1
0.0,0.824,32.1
0.0,0.808,32.1
0.0,0.783,32.1
0.0,0.787,32.1
0.0,0.857,32.1
0.0,0.861,32.1
0.0,0.826,32.1
0.0,0.809,32.1
0.0,0.829,32.1
0.0,0.824,32.1
0.0,0.774,32.1
0.0,0.692,32.1
0.0,0.682,32.1
0.0,0.639,32.1
0.046,0.637,32.1
0.098,0.631,32.1
0.172,0.661,32.1
0.24,0.725,32.1
0.214,0.708,32.1
0.154,0.639,32.1
0.063,0.571,32.1
0.0,0.544,32.1
0.0,0.555,32.1
0.0,0.558,32.1
0.0,0.535,32.1
0.0,0.513,32.1
0.0,0.51,32.1
0.0,0.484,32.1
0.0,0.479,32.1
0.0,0.505,32.1
0.0,0.552,32.1
0.0,0.599,32.1
0.0,0.714,32.1
0.0,0.781,32.1
0.0,0.794,32.1
0.0,0.758,32.1
0.0,0.722,32.1
0.0,0.699,32.1
0.019,0.7,32.1
0.042,0.682,32.1
0.049,0.669,32.1
0.075,0.657,32.1
0.099,0.643,32.1
0.068,0.618,32.1
0.03,0.594,32.1
0.001,0.592,32.1
0.0,0.618,32.1
0.0,0.63,32.1
0.0,0.615,32.1
0.0,0.586,32.1
0.0,0.535,32.1
0.0,0.51,32.1
0.0,0.467,32.1
0.0,0.422,32.1
0.0,0.422,32.1
0.0,0.422,32.1
0.0,0.432,32.1
0.0,0.456,32.1
0.0,0.447,32.1
0.0,0.458,32.1
0.0,0.476,32.1
0.003,0.502,32.1
0.125,0.491,32.1
0.287,0.529,32.1
0.451,0.583,32.1
0.516,0.618,32.1
0.507,0.636,32.1
0.433,0.628,32.1
0.285,0.649,32.1
0.071,0.72,32.1
0.0,0.744,32.1
0.0,0.758,32.1
0.0,0.788,32.1
0.0,0.803,32.1
0.0,0.809,32.1
0.0,0.762,32.1
0.0,0.789,32.1
0.0,0.8,32.1
0.0,0.786,32.1
0.0,0.807,32.1
0.0,0.829,32.1
0.0,0.849,32.1
0.0,0.866,32.1
0.0,0.867,32.1
0.0,0.84,32.1
0.0,0.808,32.1
0.019,0.765,32.1
0.058,0.71,32.1
0.091,0.625,32.1
0.052,0.55,32.1
0.054,0.59,32.1
0.085,0.637,32.1
0.048,0.601,32.1
0.007,0.547,32.1
0.0,0.597,32.1
0.0,0.56,32.1
0.0,0.368,32.1
0.0,0.254,32.1
0.0,0.272,32.1
0.0,0.391,32.1
0.0,0.397,32.1
0.0,0.361,32.1
0.0,0.376,32.1
0.0,0.382,32.1
0.0,0.392,32.1
0.0,0.386,32.1
0.0,0.324,32.1
0.0,0.299,32.1
0.0,0.325,32.1
0.0,0.285,32.1
0.04,0.218,32.1
0.077,0.17,32.1
0.155,0.122,32.1
0.334,0.102,32.1
0.368,0.114,32.1
0.27,0.161,32.1
0.086,0.231,32.1
0.01,0.328,32.1
0.0,0.419,32.1
0.0,0.469,32.1
0.0,0.501,32.1
0.0,0.491,32.1
0.0,0.494,32.1
0.0,0.508,32.1
0.0,0.523,32.1
0.0,0.53,32.1
0.0,0.549,32.1
0.0,0.661,32.1
0.0,0.692,32.1
0.0,0.69,32.1
0.0,0.702,32.1
0.0,0.727,32.1
0.0,0.7,32.1
0.0,0.726,32.1
0.006,0.757,32.1
0.025,0.75,32.1
0.036,0.724,32.1
0.034,0.71,32.1
0.025,0.665,32.1
0.013,0.635,32.1
0.003,0.635,32.1
0.0,0.674,32.1
0.0,0.674,32.1
0.0,0.651,32.1
0.0,0.649,32.1
0.0,0.677,32.1
0.0,0.662,32.1
0.0,0.663,32.1
0.0,0.682,32.1
0.0,0.684,32.1
0.0,0.679,32.1
0.0,0.674,32.1
0.0,0.656,32.1
0.0,0.607,32.1
0.0,0.575,32.1
0.0,0.52,32.1
0.0,0.467,32.1
0.0,0.432,32.1
0.019,0.374,32.1
0.068,0.325,32.1
0.11,0.287,32.1
0.121,0.278,32.1
0.094,0.254,32.1
0.068,0.232,32.1
0.054,0.218,32.1
0.013,0.23,32.1
0.0,0.254,32.1
0.0,0.278,32.1
0.0,0.308,32.1
0.0,0.327,32.1
0.0,0.349,32.1
0.0,0.37,32.1
0.0,0.394,32.1
0.0,0.41,32.1
0.0,0.417,32.1
0.0,0.408,32.1
0.0,0.386,32.1
0.0,0.343,32.1
0.0,0.301,32.1
0.0,0.256,32.1
0.0,0.209,32.1
0.0,0.161,32.1
0.108,0.119,32.1
0.274,0.087,32.1
0.42,0.069,32.1
0.466,0.082,32.1
0.439,0.115,32.1
0.373,0.158,32.1
0.238,0.196,32.1
0.041,0.241,32.1
0.0,0.278,32.1
0.0,0.337,32.1
0.0,0.398,32.1
0.0,0.42,32.1
0.0,0.414,32.1
0.0,0.414,32.1
0.0,0.414,32.1
0.0,0.394,32.1
0.0,0.352,32.1
0.0,0.32,32.1
0.0,0.317,32.1
0.0,0.311,32.1
0.0,0.307,32.1
0.0,0.308,32.1
0.0,0.296,32.1
0.0,0.32,32.1
0.004,0.337,32.1
0.033,0.328,32.1
0.071,0.357,32.1
0.106,0.364,32.1
0.118,0.355,32.1
0.111,0.335,32.1
0.091,0.341,32.1
0.011,0.398,32.1
0.0,0.466,32.1
0.0,0.482,32.1
0.0,0.472,32.1
0.0,0.467,32.1
0.0,0.459,32.1
0.0,0.411,32.1
0.0,0.391,32.1
0.0,0.377,32.1
0.0,0.384,32.1
0.0,0.376,32.1
0.0,0.37,32.1
0.0,0.38,32.1
0.0,0.399,32.1
0.0,0.413,32.1
0.0,0.411,32.1
0.0,0.396,32.1
0.051,0.352,32.1
0.12,0.306,32.1
0.173,0.328,32.1
0.22,0.405,32.1
0.16,0.424,32.1
0.07,0.379,32.1
0.02,0.297,32.1
0.0,0.274,32.1
0.0,0.305,32.1
0.0,0.337,32.1
0.0,0.364,32.1
0.0,0.374,32.1
0.0,0.363,32.1
0.0,0.389,32.1
0.0,0.362,32.1
0.0,0.344,32.1
0.0,0.313,32.1
0.0,0.262,32.1
0.0,0.201,32.1
0.0,0.142,32.1
0.0,0.096,32.1
0.0,0.062,32.1
0.0,0.043,32.1
0.0,0.027,32.1
0.0,0.014,32.1
0.015,0.008,32.1
0.024,0.009,32.1
0.029,0.014,32.1
0.032,0.022,32.1
0.023,0.032,32.1
0.008,0.049,32.1
0.0,0.077,32.1
0.0,0.101,32.1
0.0,0.113,32.1
0.0,0.119,32.1
0.0,0.118,32.1
0.0,0.114,32.1
0.0,0.112,32.1
0.0,0.116,32.1
0.0,0.129,32.1
0.0,0.141,32.1
0.0,0.15,32.1
0.0,0.156,32.1
0.0,0.161,32.1
0.0,0.157,32.1
0.0,0.151,32.1
0.0,0.142,32.1
0.0,0.131,32.1
0.004,0.111,32.1
0.034,0.088,32.1
0.07,0.073,32.1
0.095,0.058,32.1
0.12,0.054,32.1
0.086,0.051,32.1
0.038,0.057,32.1
0.0,0.083,32.1
0.0,0.123,32.1
0.0,0.162,32.1
0.0,0.192,32.1
0.0,0.211,32.1
0.0,0.211,32.1
0.0,0.178,32.1
0.0,0.155,32.1
0.0,0.145,32.1
0.0,0.143,32.1
0.0,0.142,32.1
0.0,0.158,32.1
0.0,0.167,32.1
0.0,0.164,32.1
0.0,0.163,32.1
0.0,0.154,32.1
0.0,0.145,32.1
0.022,0.137,32.1
0.098,0.136,32.1
0.199,0.147,32.1
0.281,0.167,32.1
0.321,0.189,32.1
0.299,0.205,32.1
0.198,0.234,32.1
0.018,0.33,32.1
0.0,0.411,32.1
0.0,0.432,32.1
0.0,0.41,32.1
0.0,0.376,32.1
0.0,0.337,32.1
0.0,0.311,32.1
0.0,0.248,32.1
0.0,0.205,32.1
0.0,0.201,32.1
0.0,0.203,32.1
0.0,0.2,32.1
0.0,0.186,32.1
0.0,0.182,32.1
0.0,0.183,32.1
0.0,0.18,32.1
0.0,0.174,32.1
0.04,0.155,32.1
0.164,0.124,32.1
0.33,0.092,32.1
0.433,0.064,32.1
0.465,0.05,32.1
0.4,0.048,32.1
0.242,0.058,32.1
0.024,0.082,32.1
0.0,0.102,32.1
0.0,0.115,32.1
0.0,0.118,32.1
0.0,0.106,32.1
0.0,0.085,32.1
0.0,0.068,32.1
0.0,0.059,32.1
0.0,0.058,32.1
0.0,0.066,32.1
0.0,0.084,32.1
0.0,0.107,32.1
0.0,0.128,32.1
0.0,0.147,32.1
0.0,0.169,32.1
0.0,0.203,32.1
0.0,0.254,32.1
0.002,0.3,32.1
0.01,0.327,32.1
0.02,0.38,32.1
0.033,0.439,32.1
0.011,0.481,32.1
0.0,0.517,32.1
0.0,0.538,32.1
0.0,0.558,32.1
0.0,0.55,32.1
0.0,0.556,32.1
0.0,0.55,32.1
0.0,0.529,32.1
0.0,0.572,32.1
0.0,0.646,32.1
0.0,0.714,32.1
0.0,0.728,32.1
0.0,0.687,32.1
0.0,0.69,32.1
0.0,0.737,32.1
0.0,0.8,32.1
0.0,0.857,32.1
0.0,0.874,32.1
0.0,0.878,32.1
0.0,0.869,32.1
0.038,0.845,32.1
0.124,0.809,32.1
0.193,0.779,32.1
0.199,0.765,32.1
0.221,0.765,32.1
0.167,0.742,32.1
0.087,0.718,32.1
0.0,0.706,32.1
0.0,0.673,32.1
0.0,0.628,32.1
0.0,0.571,32.1
0.0,0.494,32.1
0.0,0.412,32.1
0.0,0.345,32.1
0.0,0.281,32.1
0.0,0.227,32.1
0.0,0.176,32.1
0.0,0.145,32.1
0.0,0.115,32.1
0.0,0.094,32.1
0.0,0.078,32.1
0.0,0.058,32.1
0.0,0.038,32.1
0.0,0.026,32.1
0.008,0.016,32.1
0.048,0.011,32.1
0.095,0.009,32.1
0.118,0.01,32.1
0.11,0.019,32.1
0.062,0.034,32.1
0.02,0.045,32.1
0.0,0.054,32.1
0.0,0.072,32.1
0.0,0.111,32.1
0.0,0.153,32.1
0.0,0.185,32.1
0.0,0.223,32.1
0.0,0.275,32.1
0.0,0.325,32.1
0.0,0.34,32.1
0.0,0.337,32.1
0.0,0.371,32.1
0.0,0.362,32.1
0.0,0.255,32.1
0.0,0.202,32.1
0.0,0.245,32.1
0.0,0.308,32.1
0.0,0.299,32.1
0.0,0.314,32.1
0.005,0.354,32.1
0.013,0.393,32.1
0.022,0.476,32.1
0.045,0.541,32.1
0.016,0.575,32.1
0.002,0.622,32.1
0.0,0.668,32.1
0.0,0.708,32.1
0.0,0.746,32.1
0.0,0.774,32.1
0.0,0.803,32.1
0.0,0.823,32.1
0.0,0.836,32.1
0.0,0.789,32.1
0.0,0.731,32.1
0.0,0.724,32.1
0.0,0.711,32.1
0.0,0.712,32.1
0.0,0.743,32.1
0.0,0.799,32.1
0.0,0.837,32.1
0.0,0.866,32.1
0.0,0.889,32.1
0.022,0.904,32.1
0.133,0.917,32.1
0.18,0.905,32.1
0.263,0.872,32.1
0.336,0.828,32.1
0.296,0.776,32.1
0.161,0.753,32.1
0.006,0.727,32.1
0.0,0.66,32.1
0.0,0.592,32.1
0.0,0.553,32.1
0.0,0.519,32.1
0.0,0.491,32.1
0.0,0.438,32.1
0.0,0.362,32.1
0.0,0.35,32.1
0.0,0.365,32.1
0.0,0.249,32.1
0.0,0.177,32.1
0.0,0.163,32.1
0.0,0.152,32.1
0.0,0.144,32.1
0.0,0.155,32.1
0.0,0.187,32.1
0.01,0.232,32.1
0.046,0.257,32.1
0.095,0.245,32.1
0.16,0.239,32.1
0.23,0.22,32.1
0.274,0.186,32.1
0.156,0.183,32.1
0.002,0.251,32.1
0.0,0.302,32.1
0.0,0.316,32.1
0.0,0.334,32.1
0.0,0.32,32.1
0.0,0.254,32.1
0.0,0.192,32.1
0.0,0.178,32.1
0.0,0.193,32.1
0.0,0.2,32.1
0.0,0.192,32.1
0.0,0.176,32.1
0.0,0.156,32.1
0.0,0.152,32.1
0.0,0.145,32.1
0.0,0.132,32.1
0.0,0.114,32.1
0.008,0.088,32.1
0.037,0.067,32.1
0.052,0.055,32.1
0.06,0.043,32.1
0.054,0.036,32.1
0.035,0.035,32.1
0.017,0.05,32.1
0.0,0.079,32.1
0.0,0.109,32.1
0.0,0.138,32.1
0.0,0.157,32.1
0.0,0.128,32.1
0.0,0.094,32.1
0.0,0.072,32.1
0.0,0.07,32.1
0.0,0.095,32.1
0.0,0.147,32.1
0.0,0.215,32.1
0.0,0.27,32.1
0.0,0.31,32.1
0.0,0.332,32.1
0.0,0.352,32.1
0.0,0.367,32.1
0.0,0.386,32.1
0.0,0.379,32.1
0.006,0.357,32.1
0.018,0.325,32.1
0.032,0.312,32.1
0.042,0.284,32.1
0.045,0.259,32.1
0.024,0.244,32.1
0.0,0.251,32.1
0.0,0.248,32.1
0.0,0.235,32.1
0.0,0.223,32.1
0.0,0.202,32.1
0.0,0.173,32.1
0.0,0.148,32.1
0.0,0.126,32.1
0.0,0.111,32.1
0.0,0.1,32.1
0.0,0.092,32.1
0.0,0.088,32.1
0.0,0.085,32.1
0.0,0.089,32.1
0.0,0.101,32.1
0.0,0.108,32.1
0.0,0.106,32.1
0.03,0.099,32.1
0.108,0.074,32.1
0.16,0.049,32.1
0.163,0.031,32.1
0.165,0.02,32.1
0.144,0.013,32.1
0.074,0.01,32.1
0.0,0.011,32.1
0.0,0.011,32.1
0.0,0.015,32.1
0.0,0.018,32.1
0.0,0.022,32.1
0.0,0.03,32.1
0.0,0.045,32.1
0.0,0.062,32.1
0.0,0.078,32.1
0.0,0.089,32.1
0.0,0.085,32.1
0.0,0.076,32.1
0.0,0.076,32.1
0.0,0.093,32.1
0.0,0.12,32.1
0.0,0.151,32.1
0.0,0.181,32.1
0.02,0.193,32.1
0.09,0.177,32.1
0.091,0.199,32.1
0.098,0.22,32.1
0.084,0.235,32.1
0.046,0.254,32.1
0.007,0.294,32.1
0.0,0.327,32.1
0.0,0.341,32.1
0.0,0.337,32.1
0.0,0.32,32.1
0.0,0.32,32.1
0.0,0.313,32.1
0.0,0.3,32.1
0.0,0.286,32.1
0.0,0.284,32.1
0.0,0.279,32.1
0.0,0.283,32.1
0.0,0.277,32.1
0.0,0.244,32.1
0.0,0.224,32.1
0.0,0.219,32.1
0.0,0.217,32.1
0.0,0.225,32.1
0.006,0.233,32.1
0.059,0.199,32.1
0.115,0.159,32.1
0.122,0.132,32.1
0.138,0.12,32.1
0.163,0.12,32.1
0.12,0.152,32.1
0.002,0.251,32.1
0.0,0.372,32.1
0.0,0.46,32.1
0.0,0.458,32.1
0.0,0.404,32.1
0.0,0.364,32.1
0.0,0.355,32.1
0.0,0.392,32.1
0.0,0.467,32.1
0.0,0.494,32.1
0.0,0.507,32.1
0.0,0.516,32.1
0.0,0.543,32.1
0.0,0.588,32.1
0.0,0.554,32.1
0.0,0.532,32.1
0.0,0.508,32.1
0.0,0.529,32.1
0.001,0.5,32.1
0.01,0.455,32.1
0.018,0.444,32.1
0.023,0.434,32.1
0.02,0.444,32.1
0.003,0.443,32.1
0.0,0.42,32.1
0.0,0.382,32.1
0.0,0.321,32.1
0.0,0.278,32.1
0.0,0.254,32.1
0.0,0.241,32.1
0.0,0.232,32.1
0.0,0.227,32.1
0.0,0.213,32.1
0.0,0.185,32.1
0.0,0.158,32.1
0.0,0.141,32.1
0.0,0.126,32.1
0.0,0.111,32.1
0.0,0.096,32.1
0.0,0.087,32.1
0.0,0.086,32.1
0.0,0.093,32.1
0.015,0.105,32.1
0.028,0.115,32.1
0.033,0.124,32.1
0.028,0.138,32.1
0.018,0.17,32.1
0.004,0.198,32.1
0.0,0.201,32.1
0.0,0.187,32.1
0.0,0.168,32.1
0.0,0.155,32.1
0.0,0.141,32.1
0.0,0.122,32.1
0.0,0.118,32.1
0.0,0.118,32.1
0.0,0.111,32.1
0.0,0.115,32.1
0.0,0.15,32.1
0.0,0.185,32.1
0.0,0.202,32.1
0.0,0.217,32.1
0.0,0.214,32.1
0.0,0.213,32.1
0.0,0.257,32.1
0.004,0.311,32.1
0.055,0.307,32.1
0.176,0.298,32.1
0.331,0.316,32.1
0.272,0.362,32.1
0.105,0.405,32.1
0.023,0.457,32.1
0.0,0.539,32.1
0.0,0.598,32.1
0.0,0.653,32.1
0.0,0.713,32.1
0.0,0.768,32.1
0.0,0.767,32.1
0.0,0.811,32.1
0.0,0.806,32.1
0.0,0.8,32.1
0.0,0.773,32.1
0.0,0.734,32.1
0.0,0.706,32.1
0.0,0.69,32.1
0.0,0.687,32.1
0.0,0.725,32.1
0.0,0.757,32.1
0.0,0.772,32.1
0.033,0.745,32.1
0.181,0.701,32.1
0.294,0.636,32.1
0.357,0.586,32.1
0.366,0.544,32.1
0.267,0.505,32.1
0.083,0.51,32.1
0.0,0.54,32.1
0.0,0.556,32.1
0.0,0.543,32.1
0.0,0.532,32.1
0.0,0.516,32.1
0.0,0.523,32.1
0.0,0.488,32.1
0.0,0.471,32.1
0.0,0.468,32.1
0.0,0.498,32.1
0.0,0.434,32.1
0.0,0.448,32.1
0.0,0.444,32.1
0.0,0.415,32.1
0.0,0.386,32.1
0.0,0.37,32.1
0.0,0.343,32.1
0.0,0.307,32.1
0.032,0.264,32.1
0.082,0.228,32.1
0.109,0.224,32.1
0.158,0.22,32.1
0.136,0.215,32.1
0.058,0.237,32.1
0.0,0.285,32.1
0.0,0.325,32.1
0.0,0.37,32.1
0.0,0.398,32.1
0.0,0.406,32.1
0.0,0.397,32.1
0.0,0.334,32.1
0.0,0.269,32.1
0.0,0.231,32.1
0.0,0.175,32.1
0.0,0.139,32.1
0.0,0.146,32.1
0.0,0.172,32.1
0.0,0.219,32.1
0.0,0.284,32.1
0.0,0.315,32.1
0.0,0.311,32.1
0.002,0.3,32.1
0.029,0.289,32.1
0.061,0.282,32.1
0.092,0.267,32.1
0.166,0.259,32.1
0.238,0.265,32.1
0.108,0.348,32.1
0.0,0.499,32.1
0.0,0.552,32.1
0.0,0.539,32.1
0.0,0.532,32.1
0.0,0.53,32.1
0.0,0.535,32.1
0.0,0.528,32.1
0.0,0.503,32.1
0.0,0.54,32.1
0.0,0.55,32.1
0.0,0.547,32.1
0.0,0.513,32.1
0.0,0.479,32.1
0.0,0.467,32.1
0.0,0.438,32.1
0.0,0.427,32.1
0.0,0.453,32.1
0.015,0.455,32.1
0.045,0.444,32.1
0.052,0.517,32.1
0.051,0.561,32.1
0.039,0.557,32.1
0.032,0.521,32.1
0.022,0.488,32.1
0.0,0.506,32.1
0.0,0.52,32.1
0.0,0.524,32.1
0.0,0.507,32.1
0.0,0.513,32.1
0.0,0.51,32.1
0.0,0.501,32.1
0.0,0.457,32.1
0.0,0.482,32.1
0.0,0.435,32.1
0.0,0.442,32.1
0.0,0.447,32.1
0.0,0.476,32.1
0.0,0.505,32.1
0.0,0.536,32.1
0.0,0.571,32.1
0.0,0.595,32.1
0.009,0.602,32.1
0.04,0.636,32.1
0.063,0.661,32.1
0.147,0.677,32.1
0.31,0.712,32.1
0.255,0.684,32.1
0.094,0.689,32.1
0.0,0.699,32.1
0.0,0.693,32.1
0.0,0.675,32.1
0.0,0.646,32.1
0.0,0.622,32.1
0.0,0.595,32.1
0.0,0.568,32.1
0.0,0.56,32.1
0.0,0.539,32.1
0.0,0.557,32.1
0.0,0.558,32.1
0.0,0.561,32.1
0.0,0.578,32.1
0.0,0.584,32.1
0.0,0.527,32.1
0.0,0.568,32.1
0.0,0.627,32.1
0.0,0.649,32.1
0.024,0.649,32.1
0.053,0.657,32.1
0.043,0.683,32.1
0.035,0.669,32.1
0.036,0.678,32.1
0.045,0.65,32.1
0.0,0.656,32.1
0.0,0.619,32.1
0.0,0.624,32.1
0.0,0.633,32.1
0.0,0.626,32.1
0.0,0.625,32.1
0.0,0.601,32.1
0.0,0.596,32.1
0.0,0.561,32.1
0.0,0.538,32.1
0.0,0.498,32.1
0.0,0.449,32.1
0.0,0.422,32.1
0.0,0.416,32.1
0.0,0.408,32.1
0.0,0.393,32.1
0.0,0.381,32.1
0.0,0.376,32.1
0.011,0.391,32.1
0.028,0.41,32.1
0.047,0.413,32.1
0.05,0.411,32.1
0.031,0.417,32.1
0.008,0.443,32.1
0.0,0.5,32.1
0.0,0.55,32.1
0.0,0.602,32.1
0.0,0.642,32.1
0.0,0.677,32.1
0.0,0.666,32.1
0.0,0.626,32.1
0.0,0.594,32.1
0.0,0.538,32.1
0.0,0.491,32.1
0.0,0.425,32.1
0.0,0.365,32.1
0.0,0.307,32.1
0.0,0.305,32.1
0.0,0.328,32.1
0.0,0.359,32.1
0.0,0.401,32.1
0.0,0.448,32.1
0.003,0.513,32.1
0.014,0.602,32.1
0.015,0.8,32.1
0.01,0.876,32.1
0.002,0.87,32.1
0.0,0.842,32.1
0.0,0.81,32.1
0.0,0.795,32.1
0.0,0.84,32.1
0.0,0.857,32.1
0.0,0.819,32.1
0.0,0.8,32.1
0.0,0.827,32.1
0.0,0.835,32.1
0.0,0.873,32.1
0.0,0.933,32.1
0.0,0.948,32.1
0.0,0.964,32.1
0.0,0.963,32.1
0.0,0.941,32.1
0.0,0.889,32.1
0.0,0.827,32.1
0.0,0.766,32.1
0.0,0.717,32.1
0.018,0.598,32.1
0.033,0.469,32.1
0.033,0.343,32.1
0.023,0.238,32.1
0.009,0.149,32.1
0.0,0.112,32.1
0.0,0.064,32.1
0.0,0.026,32.1
0.0,0.009,32.1
0.0,0.004,32.1
0.0,0.023,32.1
0.0,0.055,32.1
0.0,0.079,32.1
0.0,0.099,32.1
0.0,0.128,32.1
0.0,0.15,32.1
0.0,0.167,32.1
0.0,0.182,32.1
0.0,0.207,32.1
0.0,0.243,32.1
0.0,0.263,32.1
0.0,0.27,32.1
0.0,0.317,32.1
0.0,0.362,32.1
0.0,0.38,32.1
0.004,0.337,32.1
0.012,0.398,32.1
0.01,0.55,32.1
0.006,0.618,32.1
0.011,0.619,32.1
0.0,0.618,32.1
0.0,0.583,32.1
0.0,0.604,32.1
0.0,0.583,32.1
0.0,0.56,32.1
0.0,0.566,32.1
0.0,0.632,32.1
0.0,0.666,32.1
0.0,0.599,32.1
0.0,0.404,32.1
0.0,0.201,32.1
0.0,0.176,32.1
0.0,0.338,32.1
0.0,0.547,32.1
0.0,0.61,32.1
0.0,0.578,32.1
0.0,0.528,32.1
0.0,0.513,32.1
0.008,0.513,32.1
0.027,0.513,32.1
0.044,0.533,32.1
0.066,0.566,32.1
0.059,0.571,32.1
0.022,0.567,32.1
0.0,0.601,32.1
0.0,0.637,32.1
0.0,0.625,32.1
0.0,0.623,32.1
0.0,0.615,32.1
0.0,0.602,32.1
0.0,0.614,32.1
0.0,0.574,32.1
0.0,0.523,32.1
0.0,0.484,32.1
0.0,0.489,32.1
0.0,0.51,32.1
0.0,0.515,32.1
0.0,0.532,32.1
0.0,0.556,32.1
0.0,0.54,32.1
0.0,0.516,32.1
0.013,0.431,32.1
0.081,0.349,32.1
0.126,0.315,32.1
0.157,0.362,32.1
0.174,0.386,32.1
0.121,0.38,32.1
0.053,0.38,32.1
0.0,0.414,32.1
0.0,0.417,32.1
0.0,0.38,32.1
0.0,0.341,32.1
0.0,0.297,32.1
0.0,0.271,32.1
0.0,0.259,32.1
0.0,0.251,32.1
0.0,0.291,32.1
0.0,0.365,32.1
0.0,0.418,32.1
0.0,0.463,32.1
0.0,0.509,32.1
0.0,0.513,32.1
0.0,0.53,32.1
0.0,0.538,32.1
0.0,0.519,32.1
0.005,0.529,32.1
0.04,0.545,32.1
0.075,0.601,32.1
0.074,0.671,32.1
0.035,0.697,32.1
0.009,0.692,32.1
0.0,0.733,32.1
0.0,0.775,32.1
0.0,0.826,32.1
0.0,0.872,32.1
0.0,0.898,32.1
0.0,0.926,32.1
0.0,0.944,32.1
0.0,0.958,32.1
0.0,0.961,32.1
0.0,0.969,32.1
0.0,0.974,32.1
0.0,0.98,32.1
0.0,0.985,32.1
0.0,0.988,32.1
0.0,0.991,32.1
0.0,0.991,32.1
0.0,0.988,32.1
0.0,0.986,32.1
0.0,0.987,32.1
0.0,0.99,32.1
0.002,0.991,32.1
0.008,0.986,32.1
0.008,0.957,32.1
0.002,0.857,32.1
0.0,0.605,32.1
0.0,0.407,32.1
0.0,0.335,32.1
0.0,0.28,32.1
0.0,0.245,32.1
0.0,0.26,32.1
0.0,0.259,32.1
0.0,0.233,32.1
0.0,0.217,32.1
0.0,0.196,32.1
0.0,0.18,32.1
0.0,0.179,32.1
0.0,0.208,32.1
0.0,0.241,32.1
0.0,0.236,32.1
0.0,0.223,32.1
0.0,0.238,32.1
0.0,0.269,32.1
0.0,0.288,32.1
0.019,0.288,32.1
0.038,0.273,32.1
0.057,0.249,32.1
0.079,0.219,32.1
0.066,0.188,32.1
0.019,0.203,32.1
0.0,0.247,32.1
0.0,0.256,32.1
0.0,0.224,32.1
0.0,0.187,32.1
0.0,0.155,32.1
0.0,0.121,32.1
0.0,0.077,32.1
0.0,0.041,32.1
0.0,0.021,32.1
0.0,0.016,32.1
0.0,0.017,32.1
0.0,0.027,32.1
0.0,0.047,32.1
0.0,0.075,32.1
0.0,0.102,32.1
0.0,0.119,32.1
0.0,0.127,32.1
0.0,0.133,32.1
0.024,0.136,32.1
0.04,0.145,32.1
0.045,0.161,32.1
0.045,0.185,32.1
0.032,0.202,32.1
0.008,0.215,32.1
0.0,0.22,32.1
0.0,0.223,32.1
0.0,0.228,32.1
0.0,0.234,32.1
0.0,0.237,32.1
0.0,0.238,32.1
0.0,0.238,32.1
0.0,0.24,32.1
0.0,0.245,32.1
0.0,0.259,32.1
0.0,0.278,32.1
0.0,0.302,32.1
0.0,0.328,32.1
0.0,0.361,32.1
0.0,0.395,32.1
0.0,0.425,32.1
0.0,0.429,32.1
0.0,0.437,32.1
0.021,0.444,32.1
0.054,0.416,32.1
0.087,0.422,32.1
0.11,0.429,32.1
0.1,0.431,32.1
0.038,0.422,32.1
0.0,0.415,32.1
0.0,0.401,32.1
0.0,0.376,32.1
0.0,0.355,32.1
0.0,0.328,32.1
0.0,0.288,32.1
0.0,0.252,32.1
0.0,0.22,32.1
0.0,0.191,32.1
