solar_cf,wind_cf,price
0.0,0.079,52.3
0.0,0.08,52.3
0.0,0.079,52.3
0.0,0.07,52.3
0.0,0.045,52.3
0.0,0.017,52.3
0.0,0.004,52.3
0.084,0.008,52.3
0.287,0.009,52.3
0.435,0.008,52.3
0.491,0.008,52.3
0.406,0.012,52.3
0.301,0.021,52.3
0.28,0.035,52.3
0.199,0.051,52.3
0.034,0.068,52.3
0.0,0.086,52.3
0.0,0.101,52.3
0.0,0.108,52.3
0.0,0.105,52.3
0.0,0.099,52.3
0.0,0.099,52.3
0.0,0.104,52.3
0.0,0.107,52.3
0.0,0.112,52.3
0.0,0.128,52.3
0.0,0.175,52.3
0.0,0.188,52.3
0.0,0.158,52.3
0.0,0.191,52.3
0.0,0.291,52.3
0.154,0.458,52.3
0.398,0.591,52.3
0.551,0.598,52.3
0.633,0.636,52.3
0.652,0.753,52.3
0.611,0.819,52.3
0.508,0.838,52.3
0.324,0.824,52.3
0.066,0.804,52.3
0.0,0.819,52.3
0.0,0.812,52.3
0.0,0.798,52.3
0.0,0.753,52.3
0.0,0.698,52.3
0.0,0.676,52.3
0.0,0.644,52.3
0.0,0.586,52.3
0.0,0.523,52.3
0.0,0.432,52.3
0.0,0.376,52.3
0.0,0.32,52.3
0.0,0.272,52.3
0.0,0.253,52.3
0.0,0.251,52.3
0.151,0.233,52.3
0.395,0.179,52.3
0.552,0.11,52.3
0.63,0.169,52.3
0.622,0.201,52.3
0.445,0.193,52.3
0.252,0.139,52.3
0.285,0.101,52.3
0.065,0.111,52.3
0.0,0.178,52.3
0.0,0.254,52.3
0.0,0.312,52.3
0.0,0.323,52.3
0.0,0.3,52.3
0.0,0.231,52.3
0.0,0.135,52.3
0.0,0.054,52.3
0.0,0.025,52.3
0.0,0.023,52.3
0.0,0.029,52.3
0.0,0.035,52.3
0.0,0.048,52.3
0.0,0.058,52.3
0.0,0.059,52.3
0.066,0.054,52.3
0.212,0.037,52.3
0.45,0.011,52.3
0.609,0.022,52.3
0.628,0.034,52.3
0.569,0.017,52.3
0.387,0.003,52.3
0.182,0.007,52.3
0.01,0.026,52.3
0.0,0.042,52.3
0.0,0.055,52.3
0.0,0.07,52.3
0.0,0.091,52.3
0.0,0.099,52.3
0.0,0.089,52.3
0.0,0.071,52.3
0.0,0.048,52.3
0.0,0.036,52.3
0.0,0.034,52.3
0.0,0.035,52.3
0.0,0.032,52.3
0.0,0.035,52.3
0.0,0.047,52.3
0.0,0.049,52.3
0.069,0.041,52.3
0.237,0.037,52.3
0.361,0.028,52.3
0.314,0.022,52.3
0.358,0.02,52.3
0.423,0.033,52.3
0.444,0.07,52.3
0.289,0.16,52.3
0.057,0.224,52.3
0.0,0.225,52.3
0.0,0.227,52.3
0.0,0.259,52.3
0.0,0.278,52.3
0.0,0.25,52.3
0.0,0.229,52.3
0.0,0.22,52.3
0.0,0.221,52.3
0.0,0.214,52.3
0.0,0.202,52.3
0.0,0.175,52.3
0.0,0.137,52.3
0.0,0.104,52.3
0.0,0.088,52.3
0.0,0.091,52.3
0.122,0.119,52.3
0.342,0.158,52.3
0.514,0.175,52.3
0.598,0.155,52.3
0.621,0.163,52.3
0.583,0.174,52.3
0.482,0.211,52.3
0.305,0.291,52.3
0.068,0.401,52.3
0.0,0.498,52.3
0.0,0.595,52.3
0.0,0.601,52.3
0.0,0.518,52.3
0.0,0.413,52.3
0.0,0.333,52.3
0.0,0.288,52.3
0.0,0.253,52.3
0.0,0.225,52.3
0.0,0.195,52.3
0.0,0.17,52.3
0.0,0.161,52.3
0.0,0.158,52.3
0.0,0.155,52.3
0.0,0.161,52.3
0.137,0.178,52.3
0.365,0.158,52.3
0.52,0.079,52.3
0.601,0.067,52.3
0.619,0.065,52.3
0.577,0.051,52.3
0.472,0.041,52.3
0.289,0.041,52.3
0.059,0.043,52.3
0.0,0.04,52.3
0.0,0.033,52.3
0.0,0.028,52.3
0.0,0.029,52.3
0.0,0.039,52.3
0.0,0.05,52.3
0.0,0.048,52.3
0.0,0.032,52.3
0.0,0.017,52.3
0.0,0.011,52.3
0.0,0.005,52.3
0.0,0.002,52.3
0.0,0.009,52.3
0.0,0.017,52.3
0.0,0.025,52.3
0.05,0.041,52.3
0.174,0.051,52.3
0.238,0.055,52.3
0.433,0.058,52.3
0.563,0.077,52.3
0.453,0.106,52.3
0.162,0.104,52.3
0.052,0.092,52.3
0.004,0.056,52.3
0.0,0.028,52.3
0.0,0.025,52.3
0.0,0.071,52.3
0.0,0.08,52.3
0.0,0.039,52.3
0.0,0.022,52.3
0.0,0.062,52.3
0.0,0.142,52.3
0.0,0.231,52.3
0.0,0.274,52.3
0.0,0.272,52.3
0.0,0.295,52.3
0.0,0.332,52.3
0.0,0.355,52.3
0.0,0.391,52.3
0.161,0.451,52.3
0.387,0.494,52.3
0.532,0.461,52.3
0.604,0.444,52.3
0.568,0.494,52.3
0.461,0.513,52.3
0.363,0.513,52.3
0.249,0.583,52.3
0.056,0.705,52.3
0.0,0.785,52.3
0.0,0.792,52.3
0.0,0.759,52.3
0.0,0.72,52.3
0.0,0.666,52.3
0.0,0.668,52.3
0.0,0.686,52.3
0.0,0.695,52.3
0.0,0.702,52.3
0.0,0.673,52.3
0.0,0.613,52.3
0.0,0.566,52.3
0.0,0.516,52.3
0.0,0.471,52.3
0.0,0.448,52.3
0.159,0.416,52.3
0.378,0.361,52.3
0.496,0.309,52.3
0.554,0.346,52.3
0.567,0.418,52.3
0.539,0.412,52.3
0.461,0.396,52.3
0.303,0.432,52.3
0.077,0.545,52.3
0.0,0.656,52.3
0.0,0.668,52.3
0.0,0.635,52.3
0.0,0.586,52.3
0.0,0.488,52.3
0.0,0.408,52.3
0.0,0.332,52.3
0.0,0.261,52.3
0.0,0.214,52.3
0.0,0.178,52.3
0.0,0.149,52.3
0.0,0.138,52.3
0.0,0.144,52.3
0.0,0.146,52.3
0.0,0.157,52.3
0.162,0.168,52.3
0.392,0.144,52.3
0.548,0.096,52.3
0.629,0.098,52.3
0.647,0.072,52.3
0.603,0.058,52.3
0.497,0.053,52.3
0.311,0.046,52.3
0.07,0.028,52.3
0.0,0.014,52.3
0.0,0.015,52.3
0.0,0.03,52.3
0.0,0.049,52.3
0.0,0.059,52.3
0.0,0.055,52.3
0.0,0.044,52.3
0.0,0.036,52.3
0.0,0.035,52.3
0.0,0.048,52.3
0.0,0.071,52.3
0.0,0.082,52.3
0.0,0.084,52.3
0.0,0.089,52.3
0.0,0.094,52.3
0.166,0.091,52.3
0.389,0.082,52.3
0.544,0.062,52.3
0.622,0.057,52.3
0.638,0.048,52.3
0.595,0.045,52.3
0.492,0.058,52.3
0.315,0.107,52.3
0.078,0.152,52.3
0.0,0.212,52.3
0.0,0.274,52.3
0.0,0.283,52.3
0.0,0.254,52.3
0.0,0.155,52.3
0.0,0.105,52.3
0.0,0.125,52.3
0.0,0.16,52.3
0.0,0.172,52.3
0.0,0.2,52.3
0.0,0.241,52.3
0.0,0.259,52.3
0.0,0.276,52.3
0.0,0.312,52.3
0.0,0.33,52.3
0.16,0.309,52.3
0.381,0.239,52.3
0.525,0.124,52.3
0.58,0.068,52.3
0.481,0.073,52.3
0.358,0.09,52.3
0.38,0.122,52.3
0.257,0.172,52.3
0.045,0.314,52.3
0.0,0.486,52.3
0.0,0.586,52.3
0.0,0.66,52.3
0.0,0.729,52.3
0.0,0.757,52.3
0.0,0.743,52.3
0.0,0.735,52.3
0.0,0.758,52.3
0.0,0.772,52.3
0.0,0.7,52.3
0.0,0.642,52.3
0.0,0.639,52.3
0.0,0.649,52.3
0.0,0.653,52.3
0.0,0.756,52.3
0.149,0.818,52.3
0.375,0.784,52.3
0.532,0.663,52.3
0.614,0.61,52.3
0.64,0.684,52.3
0.606,0.668,52.3
0.511,0.566,52.3
0.338,0.501,52.3
0.094,0.513,52.3
0.0,0.469,52.3
0.0,0.41,52.3
0.0,0.417,52.3
0.0,0.417,52.3
0.0,0.407,52.3
0.0,0.398,52.3
0.0,0.388,52.3
0.0,0.343,52.3
0.0,0.277,52.3
0.0,0.217,52.3
0.0,0.155,52.3
0.0,0.103,52.3
0.0,0.091,52.3
0.0,0.092,52.3
0.0,0.079,52.3
0.19,0.057,52.3
0.415,0.048,52.3
0.56,0.032,52.3
0.637,0.022,52.3
0.65,0.018,52.3
0.605,0.019,52.3
0.497,0.027,52.3
0.285,0.039,52.3
0.062,0.053,52.3
0.0,0.064,52.3
0.0,0.078,52.3
0.0,0.09,52.3
0.0,0.09,52.3
0.0,0.079,52.3
0.0,0.062,52.3
0.0,0.051,52.3
0.0,0.053,52.3
0.0,0.067,52.3
0.0,0.089,52.3
0.0,0.119,52.3
0.0,0.152,52.3
0.0,0.17,52.3
0.0,0.167,52.3
0.0,0.166,52.3
0.05,0.156,52.3
0.238,0.112,52.3
0.494,0.091,52.3
0.57,0.153,52.3
0.577,0.215,52.3
0.518,0.245,52.3
0.429,0.247,52.3
0.233,0.196,52.3
0.043,0.151,52.3
0.0,0.155,52.3
0.0,0.194,52.3
0.0,0.231,52.3
0.0,0.264,52.3
0.0,0.264,52.3
0.0,0.254,52.3
0.0,0.234,52.3
0.0,0.209,52.3
0.0,0.168,52.3
0.0,0.153,52.3
0.0,0.133,52.3
0.0,0.117,52.3
0.0,0.106,52.3
0.0,0.097,52.3
0.0,0.084,52.3
0.028,0.062,52.3
0.124,0.03,52.3
0.254,0.034,52.3
0.302,0.048,52.3
0.277,0.051,52.3
0.28,0.045,52.3
0.224,0.03,52.3
0.099,0.018,52.3
0.011,0.01,52.3
0.0,0.009,52.3
0.0,0.017,52.3
0.0,0.037,52.3
0.0,0.058,52.3
0.0,0.07,52.3
0.0,0.072,52.3
0.0,0.104,52.3
0.0,0.147,52.3
0.0,0.167,52.3
0.0,0.179,52.3
0.0,0.183,52.3
0.0,0.205,52.3
0.0,0.245,52.3
0.0,0.281,52.3
0.0,0.32,52.3
0.206,0.425,52.3
0.413,0.416,52.3
0.557,0.312,52.3
0.656,0.447,52.3
0.68,0.379,52.3
0.633,0.292,52.3
0.51,0.252,52.3
0.312,0.237,52.3
0.063,0.3,52.3
0.0,0.434,52.3
0.0,0.512,52.3
0.0,0.551,52.3
0.0,0.539,52.3
0.0,0.543,52.3
0.0,0.574,52.3
0.0,0.544,52.3
0.0,0.448,52.3
0.0,0.351,52.3
0.0,0.312,52.3
0.0,0.285,52.3
0.0,0.248,52.3
0.0,0.215,52.3
0.0,0.179,52.3
0.0,0.17,52.3
0.009,0.144,52.3
0.055,0.101,52.3
0.106,0.087,52.3
0.143,0.103,52.3
0.154,0.102,52.3
0.167,0.096,52.3
0.162,0.092,52.3
0.113,0.084,52.3
0.029,0.072,52.3
0.0,0.063,52.3
0.0,0.046,52.3
0.0,0.028,52.3
0.0,0.017,52.3
0.0,0.017,52.3
0.0,0.025,52.3
0.0,0.037,52.3
0.0,0.047,52.3
0.0,0.048,52.3
0.0,0.041,52.3
0.0,0.028,52.3
0.0,0.015,52.3
0.0,0.008,52.3
0.0,0.004,52.3
0.0,0.003,52.3
0.134,0.003,52.3
0.354,0.004,52.3
0.491,0.008,52.3
0.557,0.012,52.3
0.553,0.015,52.3
0.498,0.021,52.3
0.42,0.029,52.3
0.268,0.04,52.3
0.066,0.045,52.3
0.0,0.032,52.3
0.0,0.018,52.3
0.0,0.016,52.3
0.0,0.018,52.3
0.0,0.023,52.3
0.0,0.029,52.3
0.0,0.034,52.3
0.0,0.029,52.3
0.0,0.022,52.3
0.0,0.017,52.3
0.0,0.011,52.3
0.0,0.007,52.3
0.0,0.006,52.3
0.0,0.01,52.3
0.0,0.02,52.3
0.141,0.033,52.3
0.359,0.027,52.3
0.514,0.042,52.3
0.595,0.061,52.3
0.615,0.064,52.3
0.574,0.068,52.3
0.471,0.071,52.3
0.296,0.077,52.3
0.068,0.073,52.3
0.0,0.058,52.3
0.0,0.043,52.3
0.0,0.041,52.3
0.0,0.047,52.3
0.0,0.056,52.3
0.0,0.064,52.3
0.0,0.067,52.3
0.0,0.061,52.3
0.0,0.054,52.3
0.0,0.046,52.3
0.0,0.035,52.3
0.0,0.025,52.3
0.0,0.017,52.3
0.0,0.015,52.3
0.0,0.017,52.3
0.156,0.022,52.3
0.379,0.017,52.3
0.53,0.021,52.3
0.608,0.028,52.3
0.626,0.025,52.3
0.586,0.022,52.3
0.478,0.019,52.3
0.292,0.021,52.3
0.058,0.024,52.3
0.0,0.021,52.3
0.0,0.013,52.3
0.0,0.01,52.3
0.0,0.008,52.3
0.0,0.01,52.3
0.0,0.016,52.3
0.0,0.028,52.3
0.0,0.042,52.3
0.0,0.051,52.3
0.0,0.057,52.3
0.0,0.059,52.3
0.0,0.07,52.3
0.0,0.085,52.3
0.0,0.093,52.3
0.0,0.099,52.3
0.021,0.103,52.3
0.082,0.087,52.3
0.11,0.082,52.3
0.105,0.088,52.3
0.096,0.106,52.3
0.079,0.137,52.3
0.05,0.155,52.3
0.021,0.171,52.3
0.0,0.219,52.3
0.0,0.273,52.3
0.0,0.27,52.3
0.0,0.237,52.3
0.0,0.183,52.3
0.0,0.124,52.3
0.0,0.095,52.3
0.0,0.101,52.3
0.0,0.13,52.3
0.0,0.158,52.3
0.0,0.164,52.3
0.0,0.167,52.3
0.0,0.122,52.3
0.0,0.073,52.3
0.0,0.043,52.3
0.0,0.039,52.3
0.093,0.039,52.3
0.343,0.05,52.3
0.531,0.084,52.3
0.618,0.104,52.3
0.645,0.103,52.3
0.605,0.091,52.3
0.502,0.077,52.3
0.324,0.051,52.3
0.084,0.025,52.3
0.0,0.015,52.3
0.0,0.021,52.3
0.0,0.061,52.3
0.0,0.133,52.3
0.0,0.218,52.3
0.0,0.341,52.3
0.0,0.432,52.3
0.0,0.425,52.3
0.0,0.386,52.3
0.0,0.345,52.3
0.0,0.328,52.3
0.0,0.305,52.3
0.0,0.279,52.3
0.0,0.27,52.3
0.0,0.265,52.3
0.214,0.228,52.3
0.443,0.125,52.3
0.591,0.136,52.3
0.669,0.165,52.3
0.686,0.144,52.3
0.646,0.134,52.3
0.544,0.129,52.3
0.371,0.102,52.3
0.117,0.085,52.3
0.0,0.085,52.3
0.0,0.104,52.3
0.0,0.132,52.3
0.0,0.142,52.3
0.0,0.127,52.3
0.0,0.112,52.3
0.0,0.069,52.3
0.0,0.042,52.3
0.0,0.02,52.3
0.0,0.009,52.3
0.0,0.014,52.3
0.0,0.023,52.3
0.0,0.029,52.3
0.0,0.027,52.3
0.0,0.023,52.3
0.146,0.022,52.3
0.378,0.013,52.3
0.558,0.006,52.3
0.643,0.007,52.3
0.645,0.006,52.3
0.594,0.007,52.3
0.491,0.013,52.3
0.308,0.032,52.3
0.079,0.056,52.3
0.0,0.081,52.3
0.0,0.1,52.3
0.0,0.105,52.3
0.0,0.099,52.3
0.0,0.093,52.3
0.0,0.092,52.3
0.0,0.089,52.3
0.0,0.076,52.3
0.0,0.054,52.3
0.0,0.034,52.3
0.0,0.019,52.3
0.0,0.018,52.3
0.0,0.024,52.3
0.0,0.025,52.3
0.0,0.027,52.3
0.006,0.031,52.3
0.04,0.031,52.3
0.077,0.026,52.3
0.129,0.016,52.3
0.158,0.038,52.3
0.137,0.053,52.3
0.109,0.077,52.3
0.058,0.113,52.3
0.009,0.144,52.3
0.0,0.141,52.3
0.0,0.122,52.3
0.0,0.095,52.3
0.0,0.053,52.3
0.0,0.017,52.3
0.0,0.008,52.3
0.0,0.018,52.3
0.0,0.049,52.3
0.0,0.085,52.3
0.0,0.083,52.3
0.0,0.09,52.3
0.0,0.142,52.3
0.0,0.245,52.3
0.0,0.32,52.3
0.0,0.374,52.3
0.239,0.414,52.3
0.455,0.388,52.3
0.597,0.337,52.3
0.675,0.376,52.3
0.694,0.345,52.3
0.656,0.308,52.3
0.557,0.287,52.3
0.387,0.267,52.3
0.135,0.302,52.3
0.0,0.297,52.3
0.0,0.213,52.3
0.0,0.119,52.3
0.0,0.065,52.3
0.0,0.047,52.3
0.0,0.067,52.3
0.0,0.102,52.3
0.0,0.132,52.3
0.0,0.151,52.3
0.0,0.17,52.3
0.0,0.179,52.3
0.0,0.174,52.3
0.0,0.175,52.3
0.0,0.187,52.3
0.0,0.175,52.3
0.247,0.153,52.3
0.462,0.103,52.3
0.605,0.071,52.3
0.68,0.064,52.3
0.696,0.035,52.3
0.656,0.017,52.3
0.555,0.014,52.3
0.374,0.027,52.3
0.113,0.044,52.3
0.0,0.07,52.3
0.0,0.11,52.3
0.0,0.149,52.3
0.0,0.162,52.3
0.0,0.144,52.3
0.0,0.119,52.3
0.0,0.103,52.3
0.0,0.087,52.3
0.0,0.071,52.3
0.0,0.092,52.3
0.0,0.095,52.3
0.0,0.075,52.3
0.0,0.042,52.3
0.0,0.029,52.3
0.0,0.034,52.3
0.005,0.044,52.3
0.036,0.046,52.3
0.067,0.043,52.3
0.085,0.054,52.3
0.093,0.069,52.3
0.091,0.08,52.3
0.072,0.08,52.3
0.041,0.055,52.3
0.005,0.022,52.3
0.0,0.006,52.3
0.0,0.004,52.3
0.0,0.009,52.3
0.0,0.025,52.3
0.0,0.04,52.3
0.0,0.034,52.3
0.0,0.026,52.3
0.0,0.025,52.3
0.0,0.034,52.3
0.0,0.078,52.3
0.0,0.108,52.3
0.0,0.108,52.3
0.0,0.099,52.3
0.0,0.125,52.3
0.0,0.18,52.3
0.064,0.161,52.3
0.231,0.101,52.3
0.44,0.073,52.3
0.589,0.038,52.3
0.592,0.018,52.3
0.464,0.014,52.3
0.329,0.017,52.3
0.216,0.028,52.3
0.027,0.07,52.3
0.0,0.158,52.3
0.0,0.226,52.3
0.0,0.193,52.3
0.0,0.135,52.3
0.0,0.139,52.3
0.0,0.179,52.3
0.0,0.193,52.3
0.0,0.199,52.3
0.0,0.163,52.3
0.0,0.108,52.3
0.0,0.114,52.3
0.0,0.163,52.3
0.0,0.176,52.3
0.0,0.144,52.3
0.0,0.127,52.3
0.001,0.121,52.3
0.021,0.137,52.3
0.052,0.172,52.3
0.049,0.175,52.3
0.039,0.136,52.3
0.039,0.1,52.3
0.027,0.089,52.3
0.01,0.076,52.3
0.0,0.048,52.3
0.0,0.045,52.3
0.0,0.083,52.3
0.0,0.086,52.3
0.0,0.072,52.3
0.0,0.084,52.3
0.0,0.044,52.3
0.0,0.012,52.3
0.0,0.014,52.3
0.0,0.011,52.3
0.0,0.007,52.3
0.0,0.007,52.3
0.0,0.01,52.3
0.0,0.014,52.3
0.0,0.013,52.3
0.0,0.015,52.3
0.046,0.01,52.3
0.123,0.002,52.3
0.162,0.005,52.3
0.166,0.037,52.3
0.127,0.085,52.3
0.098,0.122,52.3
0.071,0.133,52.3
0.032,0.133,52.3
0.001,0.14,52.3
0.0,0.121,52.3
0.0,0.084,52.3
0.0,0.047,52.3
0.0,0.024,52.3
0.0,0.015,52.3
0.0,0.012,52.3
0.0,0.011,52.3
0.0,0.023,52.3
0.0,0.049,52.3
0.0,0.084,52.3
0.0,0.11,52.3
0.0,0.135,52.3
0.0,0.157,52.3
0.0,0.179,52.3
0.0,0.224,52.3
0.014,0.252,52.3
0.068,0.211,52.3
0.148,0.156,52.3
0.219,0.145,52.3
0.234,0.211,52.3
0.221,0.31,52.3
0.188,0.447,52.3
0.122,0.591,52.3
0.033,0.682,52.3
0.0,0.772,52.3
0.0,0.768,52.3
0.0,0.748,52.3
0.0,0.705,52.3
0.0,0.654,52.3
0.0,0.63,52.3
0.0,0.625,52.3
0.0,0.615,52.3
0.0,0.575,52.3
0.0,0.481,52.3
0.0,0.364,52.3
0.0,0.296,52.3
0.0,0.254,52.3
0.0,0.201,52.3
0.001,0.191,52.3
0.243,0.213,52.3
0.457,0.179,52.3
0.602,0.151,52.3
0.678,0.171,52.3
0.694,0.156,52.3
0.652,0.112,52.3
0.552,0.084,52.3
0.385,0.063,52.3
0.149,0.043,52.3
0.0,0.025,52.3
0.0,0.014,52.3
0.0,0.011,52.3
0.0,0.017,52.3
0.0,0.028,52.3
0.0,0.056,52.3
0.0,0.093,52.3
0.0,0.118,52.3
0.0,0.114,52.3
0.0,0.08,52.3
0.0,0.038,52.3
0.0,0.01,52.3
0.0,0.006,52.3
0.0,0.009,52.3
0.002,0.011,52.3
0.255,0.008,52.3
0.471,0.004,52.3
0.605,0.002,52.3
0.679,0.009,52.3
0.697,0.017,52.3
0.659,0.026,52.3
0.562,0.029,52.3
0.397,0.024,52.3
0.159,0.017,52.3
0.0,0.009,52.3
0.0,0.005,52.3
0.0,0.004,52.3
0.0,0.005,52.3
0.0,0.009,52.3
0.0,0.017,52.3
0.0,0.021,52.3
0.0,0.022,52.3
0.0,0.02,52.3
0.0,0.013,52.3
0.0,0.007,52.3
0.0,0.004,52.3
0.0,0.004,52.3
0.0,0.003,52.3
0.006,0.005,52.3
0.279,0.011,52.3
0.485,0.015,52.3
0.623,0.022,52.3
0.696,0.026,52.3
0.711,0.027,52.3
0.67,0.031,52.3
0.572,0.031,52.3
0.408,0.03,52.3
0.171,0.027,52.3
0.0,0.02,52.3
0.0,0.017,52.3
0.0,0.018,52.3
0.0,0.021,52.3
0.0,0.022,52.3
0.0,0.028,52.3
0.0,0.036,52.3
0.0,0.036,52.3
0.0,0.032,52.3
0.0,0.026,52.3
0.0,0.018,52.3
0.0,0.012,52.3
0.0,0.014,52.3
0.0,0.019,52.3
0.001,0.021,52.3
0.112,0.018,52.3
0.191,0.008,52.3
0.242,0.005,52.3
0.287,0.006,52.3
0.29,0.007,52.3
0.196,0.008,52.3
0.108,0.011,52.3
0.045,0.018,52.3
0.006,0.018,52.3
0.0,0.009,52.3
0.0,0.003,52.3
0.0,0.006,52.3
0.0,0.014,52.3
0.0,0.022,52.3
0.0,0.026,52.3
0.0,0.023,52.3
0.0,0.015,52.3
0.0,0.013,52.3
0.0,0.022,52.3
0.0,0.035,52.3
0.0,0.061,52.3
0.0,0.085,52.3
0.0,0.101,52.3
0.008,0.111,52.3
0.258,0.097,52.3
0.463,0.04,52.3
0.6,0.007,52.3
0.672,0.014,52.3
0.683,0.019,52.3
0.632,0.022,52.3
0.527,0.027,52.3
0.369,0.029,52.3
0.136,0.03,52.3
0.0,0.03,52.3
0.0,0.032,52.3
0.0,0.031,52.3
0.0,0.026,52.3
0.0,0.023,52.3
0.0,0.026,52.3
0.0,0.017,52.3
0.0,0.022,52.3
0.0,0.025,52.3
0.0,0.022,52.3
0.0,0.022,52.3
0.0,0.028,52.3
0.0,0.038,52.3
0.0,0.051,52.3
0.008,0.062,52.3
0.242,0.053,52.3
0.448,0.032,52.3
0.586,0.028,52.3
0.652,0.032,52.3
0.631,0.034,52.3
0.472,0.038,52.3
0.378,0.046,52.3
0.247,0.05,52.3
0.043,0.067,52.3
0.0,0.114,52.3
0.0,0.158,52.3
0.0,0.157,52.3
0.0,0.139,52.3
0.0,0.114,52.3
0.0,0.1,52.3
0.0,0.082,52.3
0.0,0.059,52.3
0.0,0.029,52.3
0.0,0.017,52.3
0.0,0.017,52.3
0.0,0.016,52.3
0.0,0.016,52.3
0.0,0.022,52.3
0.0,0.032,52.3
0.02,0.035,52.3
0.09,0.027,52.3
0.169,0.044,52.3
0.218,0.073,52.3
0.212,0.121,52.3
0.132,0.146,52.3
0.07,0.154,52.3
0.064,0.194,52.3
0.044,0.379,52.3
0.0,0.58,52.3
0.0,0.64,52.3
0.0,0.562,52.3
0.0,0.373,52.3
0.0,0.328,52.3
0.0,0.21,52.3
0.0,0.192,52.3
0.0,0.325,52.3
0.0,0.476,52.3
0.0,0.568,52.3
0.0,0.552,52.3
0.0,0.469,52.3
0.0,0.447,52.3
0.0,0.55,52.3
0.002,0.642,52.3
0.15,0.598,52.3
0.372,0.428,52.3
0.535,0.541,52.3
0.623,0.76,52.3
0.653,0.821,52.3
0.618,0.836,52.3
0.548,0.829,52.3
0.415,0.792,52.3
0.196,0.731,52.3
0.001,0.705,52.3
0.0,0.638,52.3
0.0,0.525,52.3
0.0,0.387,52.3
0.0,0.308,52.3
0.0,0.344,52.3
0.0,0.443,52.3
0.0,0.501,52.3
0.0,0.484,52.3
0.0,0.443,52.3
0.0,0.374,52.3
0.0,0.334,52.3
0.0,0.373,52.3
0.0,0.441,52.3
0.025,0.476,52.3
0.311,0.437,52.3
0.504,0.268,52.3
0.642,0.155,52.3
0.705,0.214,52.3
0.702,0.214,52.3
0.592,0.209,52.3
0.4,0.201,52.3
0.223,0.223,52.3
0.076,0.294,52.3
0.0,0.391,52.3
0.0,0.466,52.3
0.0,0.488,52.3
0.0,0.466,52.3
0.0,0.45,52.3
0.0,0.469,52.3
0.0,0.482,52.3
0.0,0.481,52.3
0.0,0.459,52.3
0.0,0.4,52.3
0.0,0.333,52.3
0.0,0.259,52.3
0.0,0.172,52.3
0.0,0.103,52.3
0.027,0.07,52.3
0.299,0.053,52.3
0.496,0.027,52.3
0.626,0.026,52.3
0.695,0.027,52.3
0.71,0.021,52.3
0.671,0.015,52.3
0.578,0.012,52.3
0.422,0.01,52.3
0.198,0.012,52.3
0.004,0.01,52.3
0.0,0.007,52.3
0.0,0.005,52.3
0.0,0.006,52.3
0.0,0.009,52.3
0.0,0.013,52.3
0.0,0.016,52.3
0.0,0.015,52.3
0.0,0.009,52.3
0.0,0.005,52.3
0.0,0.007,52.3
0.0,0.017,52.3
0.0,0.032,52.3
0.0,0.041,52.3
0.027,0.042,52.3
0.291,0.035,52.3
0.491,0.016,52.3
0.622,0.008,52.3
0.689,0.008,52.3
0.704,0.012,52.3
0.667,0.012,52.3
0.574,0.006,52.3
0.418,0.002,52.3
0.196,0.005,52.3
0.004,0.026,52.3
0.0,0.056,52.3
0.0,0.074,52.3
0.0,0.07,52.3
0.0,0.047,52.3
0.0,0.028,52.3
0.0,0.026,52.3
0.0,0.026,52.3
0.0,0.024,52.3
0.0,0.02,52.3
0.0,0.015,52.3
0.0,0.009,52.3
0.0,0.006,52.3
0.0,0.005,52.3
0.026,0.002,52.3
0.277,0.003,52.3
0.479,0.003,52.3
0.613,0.004,52.3
0.684,0.006,52.3
0.7,0.006,52.3
0.658,0.006,52.3
0.564,0.012,52.3
0.409,0.04,52.3
0.191,0.101,52.3
0.005,0.178,52.3
0.0,0.225,52.3
0.0,0.225,52.3
0.0,0.188,52.3
0.0,0.149,52.3
0.0,0.114,52.3
0.0,0.079,52.3
0.0,0.048,52.3
0.0,0.024,52.3
0.0,0.011,52.3
0.0,0.005,52.3
0.0,0.005,52.3
0.0,0.007,52.3
0.0,0.008,52.3
0.03,0.009,52.3
0.281,0.009,52.3
0.483,0.005,52.3
0.609,0.002,52.3
0.681,0.001,52.3
0.695,0.001,52.3
0.647,0.001,52.3
0.554,0.004,52.3
0.399,0.006,52.3
0.181,0.011,52.3
0.005,0.007,52.3
0.0,0.002,52.3
0.0,0.003,52.3
0.0,0.01,52.3
0.0,0.021,52.3
0.0,0.028,52.3
0.0,0.029,52.3
0.0,0.03,52.3
0.0,0.034,52.3
0.0,0.039,52.3
0.0,0.045,52.3
0.0,0.051,52.3
0.0,0.057,52.3
0.0,0.058,52.3
0.024,0.057,52.3
0.203,0.048,52.3
0.383,0.025,52.3
0.571,0.017,52.3
0.677,0.013,52.3
0.694,0.011,52.3
0.654,0.012,52.3
0.561,0.017,52.3
0.409,0.026,52.3
0.195,0.054,52.3
0.009,0.11,52.3
0.0,0.193,52.3
0.0,0.282,52.3
0.0,0.345,52.3
0.0,0.365,52.3
0.0,0.352,52.3
0.0,0.328,52.3
0.0,0.298,52.3
0.0,0.27,52.3
0.0,0.249,52.3
0.0,0.231,52.3
0.0,0.225,52.3
0.0,0.213,52.3
0.0,0.184,52.3
0.015,0.163,52.3
0.159,0.139,52.3
0.37,0.112,52.3
0.592,0.105,52.3
0.696,0.089,52.3
0.712,0.084,52.3
0.672,0.083,52.3
0.581,0.087,52.3
0.43,0.105,52.3
0.215,0.162,52.3
0.014,0.294,52.3
0.0,0.424,52.3
0.0,0.439,52.3
0.0,0.379,52.3
0.0,0.3,52.3
0.0,0.225,52.3
0.0,0.186,52.3
0.0,0.177,52.3
0.0,0.171,52.3
0.0,0.169,52.3
0.0,0.174,52.3
0.0,0.179,52.3
0.0,0.179,52.3
0.0,0.177,52.3
0.016,0.168,52.3
0.165,0.142,52.3
0.415,0.12,52.3
0.604,0.113,52.3
0.681,0.084,52.3
0.698,0.068,52.3
0.659,0.067,52.3
0.571,0.076,52.3
0.419,0.099,52.3
0.206,0.158,52.3
0.014,0.305,52.3
0.0,0.438,52.3
0.0,0.459,52.3
0.0,0.425,52.3
0.0,0.37,52.3
0.0,0.305,52.3
0.0,0.233,52.3
0.0,0.179,52.3
0.0,0.151,52.3
0.0,0.142,52.3
0.0,0.142,52.3
0.0,0.14,52.3
0.0,0.137,52.3
0.0,0.125,52.3
0.029,0.105,52.3
0.207,0.068,52.3
0.399,0.031,52.3
0.542,0.016,52.3
0.666,0.005,52.3
0.685,0.002,52.3
0.63,0.002,52.3
0.536,0.003,52.3
0.383,0.005,52.3
0.176,0.013,52.3
0.01,0.031,52.3
0.0,0.061,52.3
0.0,0.104,52.3
0.0,0.148,52.3
0.0,0.173,52.3
0.0,0.171,52.3
0.0,0.16,52.3
0.0,0.144,52.3
0.0,0.117,52.3
0.0,0.092,52.3
0.0,0.082,52.3
0.0,0.084,52.3
0.0,0.085,52.3
0.0,0.081,52.3
0.026,0.068,52.3
0.19,0.043,52.3
0.408,0.016,52.3
0.59,0.007,52.3
0.662,0.002,52.3
0.679,0.002,52.3
0.619,0.004,52.3
0.527,0.007,52.3
0.377,0.012,52.3
0.174,0.028,52.3
0.011,0.062,52.3
0.0,0.128,52.3
0.0,0.223,52.3
0.0,0.299,52.3
0.0,0.329,52.3
0.0,0.337,52.3
0.0,0.332,52.3
0.0,0.312,52.3
0.0,0.279,52.3
0.0,0.243,52.3
0.0,0.214,52.3
0.0,0.197,52.3
0.0,0.182,52.3
0.0,0.179,52.3
0.054,0.176,52.3
0.288,0.154,52.3
0.483,0.076,52.3
0.619,0.048,52.3
0.69,0.096,52.3
0.703,0.2,52.3
0.667,0.278,52.3
0.581,0.362,52.3
0.435,0.374,52.3
0.233,0.42,52.3
0.029,0.519,52.3
0.0,0.574,52.3
0.0,0.556,52.3
0.0,0.501,52.3
0.0,0.42,52.3
0.0,0.341,52.3
0.0,0.313,52.3
0.0,0.364,52.3
0.0,0.464,52.3
0.0,0.524,52.3
0.0,0.529,52.3
0.0,0.568,52.3
0.0,0.631,52.3
0.0,0.632,52.3
0.058,0.601,52.3
0.311,0.492,52.3
0.51,0.605,52.3
0.643,0.594,52.3
0.722,0.505,52.3
0.744,0.349,52.3
0.709,0.254,52.3
0.62,0.211,52.3
0.469,0.186,52.3
0.253,0.156,52.3
0.033,0.155,52.3
0.0,0.14,52.3
0.0,0.132,52.3
0.0,0.11,52.3
0.0,0.105,52.3
0.0,0.104,52.3
0.0,0.104,52.3
0.0,0.093,52.3
0.0,0.099,52.3
0.0,0.104,52.3
0.0,0.107,52.3
0.0,0.097,52.3
0.0,0.078,52.3
0.0,0.067,52.3
0.083,0.067,52.3
0.341,0.048,52.3
0.535,0.055,52.3
0.663,0.069,52.3
0.701,0.065,52.3
0.679,0.045,52.3
0.699,0.036,52.3
0.595,0.03,52.3
0.428,0.028,52.3
0.222,0.019,52.3
0.026,0.011,52.3
0.0,0.016,52.3
0.0,0.02,52.3
0.0,0.02,52.3
0.0,0.024,52.3
0.0,0.032,52.3
0.0,0.04,52.3
0.0,0.04,52.3
0.0,0.037,52.3
0.0,0.035,52.3
0.0,0.027,52.3
0.0,0.023,52.3
0.0,0.015,52.3
0.0,0.006,52.3
0.075,0.001,52.3
0.315,0.002,52.3
0.508,0.002,52.3
0.634,0.002,52.3
0.703,0.003,52.3
0.719,0.005,52.3
0.683,0.007,52.3
0.593,0.009,52.3
0.446,0.01,52.3
0.24,0.014,52.3
0.032,0.023,52.3
0.0,0.026,52.3
0.0,0.027,52.3
0.0,0.025,52.3
0.0,0.018,52.3
0.0,0.009,52.3
0.0,0.007,52.3
0.0,0.011,52.3
0.0,0.014,52.3
0.0,0.017,52.3
0.0,0.015,52.3
0.0,0.017,52.3
0.0,0.022,52.3
0.0,0.025,52.3
0.075,0.025,52.3
0.283,0.023,52.3
0.434,0.012,52.3
0.537,0.008,52.3
0.615,0.013,52.3
0.693,0.012,52.3
0.637,0.01,52.3
0.456,0.009,52.3
0.337,0.011,52.3
0.241,0.018,52.3
0.038,0.034,52.3
0.0,0.061,52.3
0.0,0.097,52.3
0.0,0.121,52.3
0.0,0.116,52.3
0.0,0.086,52.3
0.0,0.057,52.3
0.0,0.044,52.3
0.0,0.041,52.3
0.0,0.037,52.3
0.0,0.03,52.3
0.0,0.022,52.3
0.0,0.017,52.3
0.0,0.016,52.3
0.086,0.013,52.3
0.313,0.008,52.3
0.498,0.003,52.3
0.621,0.001,52.3
0.687,0.005,52.3
0.701,0.01,52.3
0.666,0.009,52.3
0.579,0.006,52.3
0.438,0.004,52.3
0.24,0.003,52.3
0.036,0.003,52.3
0.0,0.005,52.3
0.0,0.015,52.3
0.0,0.03,52.3
0.0,0.048,52.3
0.0,0.063,52.3
0.0,0.074,52.3
0.0,0.085,52.3
0.0,0.106,52.3
0.0,0.136,52.3
0.0,0.169,52.3
0.0,0.219,52.3
0.0,0.291,52.3
0.0,0.345,52.3
0.088,0.341,52.3
0.309,0.217,52.3
0.494,0.17,52.3
0.61,0.165,52.3
0.679,0.161,52.3
0.696,0.155,52.3
0.663,0.155,52.3
0.573,0.189,52.3
0.413,0.266,52.3
0.2,0.388,52.3
0.031,0.509,52.3
0.0,0.553,52.3
0.0,0.491,52.3
0.0,0.41,52.3
0.0,0.352,52.3
0.0,0.352,52.3
0.0,0.369,52.3
0.0,0.388,52.3
0.0,0.394,52.3
0.0,0.364,52.3
0.0,0.344,52.3
0.0,0.347,52.3
0.0,0.34,52.3
0.0,0.333,52.3
0.051,0.296,52.3
0.149,0.209,52.3
0.251,0.115,52.3
0.407,0.091,52.3
0.479,0.095,52.3
0.497,0.093,52.3
0.6,0.079,52.3
0.552,0.066,52.3
0.41,0.059,52.3
0.222,0.057,52.3
0.034,0.095,52.3
0.0,0.21,52.3
0.0,0.34,52.3
0.0,0.349,52.3
0.0,0.259,52.3
0.0,0.24,52.3
0.0,0.217,52.3
0.0,0.163,52.3
0.0,0.118,52.3
0.0,0.089,52.3
0.0,0.078,52.3
0.0,0.081,52.3
0.0,0.076,52.3
0.0,0.061,52.3
0.108,0.051,52.3
0.326,0.042,52.3
0.474,0.015,52.3
0.545,0.006,52.3
0.517,0.015,52.3
0.357,0.025,52.3
0.247,0.034,52.3
0.226,0.035,52.3
0.228,0.025,52.3
0.135,0.017,52.3
0.018,0.024,52.3
0.0,0.056,52.3
0.0,0.118,52.3
0.0,0.169,52.3
0.0,0.186,52.3
0.0,0.215,52.3
0.0,0.231,52.3
0.0,0.2,52.3
0.0,0.179,52.3
0.0,0.175,52.3
0.0,0.159,52.3
0.0,0.112,52.3
0.0,0.062,52.3
0.0,0.035,52.3
0.112,0.022,52.3
0.337,0.019,52.3
0.519,0.02,52.3
0.639,0.032,52.3
0.705,0.055,52.3
0.719,0.086,52.3
0.683,0.122,52.3
0.6,0.18,52.3
0.456,0.259,52.3
0.252,0.325,52.3
0.04,0.401,52.3
0.0,0.494,52.3
0.0,0.498,52.3
0.0,0.414,52.3
0.0,0.337,52.3
0.0,0.252,52.3
0.0,0.217,52.3
0.0,0.259,52.3
0.0,0.31,52.3
0.0,0.296,52.3
0.0,0.248,52.3
0.0,0.197,52.3
0.0,0.192,52.3
0.0,0.224,52.3
0.049,0.305,52.3
0.185,0.312,52.3
0.306,0.482,52.3
0.424,0.67,52.3
0.522,0.757,52.3
0.571,0.78,52.3
0.481,0.744,52.3
0.324,0.623,52.3
0.229,0.367,52.3
0.129,0.153,52.3
0.025,0.137,52.3
0.0,0.32,52.3
0.0,0.469,52.3
0.0,0.543,52.3
0.0,0.548,52.3
0.0,0.466,52.3
0.0,0.323,52.3
0.0,0.231,52.3
0.0,0.183,52.3
0.0,0.133,52.3
0.0,0.101,52.3
0.0,0.072,52.3
0.0,0.058,52.3
0.0,0.049,52.3
0.045,0.039,52.3
0.265,0.024,52.3
0.512,0.008,52.3
0.645,0.006,52.3
0.719,0.006,52.3
0.738,0.01,52.3
0.706,0.014,52.3
0.623,0.014,52.3
0.484,0.011,52.3
0.288,0.012,52.3
0.063,0.058,52.3
0.0,0.199,52.3
0.0,0.318,52.3
0.0,0.401,52.3
0.0,0.4,52.3
0.0,0.325,52.3
0.0,0.279,52.3
0.0,0.23,52.3
0.0,0.177,52.3
0.0,0.147,52.3
0.0,0.151,52.3
0.0,0.168,52.3
0.0,0.164,52.3
0.0,0.141,52.3
0.047,0.104,52.3
0.178,0.09,52.3
0.397,0.128,52.3
0.531,0.176,52.3
0.634,0.229,52.3
0.557,0.292,52.3
0.383,0.345,52.3
0.256,0.391,52.3
0.281,0.388,52.3
0.226,0.326,52.3
0.034,0.22,52.3
0.0,0.157,52.3
0.0,0.119,52.3
0.0,0.101,52.3
0.0,0.081,52.3
0.0,0.085,52.3
0.0,0.105,52.3
0.0,0.142,52.3
0.0,0.164,52.3
0.0,0.185,52.3
0.0,0.245,52.3
0.0,0.337,52.3
0.0,0.459,52.3
0.0,0.567,52.3
0.054,0.601,52.3
0.219,0.576,52.3
0.343,0.678,52.3
0.427,0.724,52.3
0.515,0.675,52.3
0.571,0.581,52.3
0.557,0.476,52.3
0.48,0.39,52.3
0.375,0.337,52.3
0.194,0.323,52.3
0.036,0.387,52.3
0.0,0.479,52.3
0.0,0.449,52.3
0.0,0.383,52.3
0.0,0.31,52.3
0.0,0.241,52.3
0.0,0.167,52.3
0.0,0.119,52.3
0.0,0.102,52.3
0.0,0.095,52.3
0.0,0.093,52.3
0.0,0.09,52.3
0.0,0.097,52.3
0.0,0.123,52.3
0.098,0.133,52.3
0.319,0.084,52.3
0.505,0.049,52.3
0.636,0.035,52.3
0.7,0.027,52.3
0.718,0.025,52.3
0.687,0.03,52.3
0.604,0.038,52.3
0.465,0.055,52.3
0.273,0.113,52.3
0.06,0.259,52.3
0.0,0.467,52.3
0.0,0.532,52.3
0.0,0.45,52.3
0.0,0.368,52.3
0.0,0.318,52.3
0.0,0.282,52.3
0.0,0.232,52.3
0.0,0.176,52.3
0.0,0.192,52.3
0.0,0.177,52.3
0.0,0.119,52.3
0.0,0.106,52.3
0.0,0.124,52.3
0.072,0.133,52.3
0.273,0.101,52.3
0.37,0.084,52.3
0.438,0.082,52.3
0.537,0.09,52.3
0.489,0.101,52.3
0.35,0.11,52.3
0.244,0.112,52.3
0.206,0.148,52.3
0.168,0.225,52.3
0.056,0.329,52.3
0.0,0.448,52.3
0.0,0.491,52.3
0.0,0.464,52.3
0.0,0.422,52.3
0.0,0.42,52.3
0.0,0.358,52.3
0.0,0.294,52.3
0.0,0.291,52.3
0.0,0.305,52.3
0.0,0.325,52.3
0.0,0.355,52.3
0.0,0.342,52.3
0.0,0.328,52.3
0.045,0.286,52.3
0.121,0.251,52.3
0.223,0.28,52.3
0.322,0.296,52.3
0.426,0.288,52.3
0.507,0.281,52.3
0.522,0.27,52.3
0.526,0.235,52.3
0.425,0.211,52.3
0.247,0.234,52.3
0.061,0.361,52.3
0.0,0.503,52.3
0.0,0.531,52.3
0.0,0.509,52.3
0.0,0.466,52.3
0.0,0.386,52.3
0.0,0.371,52.3
0.0,0.374,52.3
0.0,0.418,52.3
0.0,0.499,52.3
0.0,0.557,52.3
0.0,0.553,52.3
0.0,0.576,52.3
0.0,0.545,52.3
0.15,0.391,52.3
0.38,0.283,52.3
0.558,0.407,52.3
0.673,0.583,52.3
0.731,0.705,52.3
0.704,0.809,52.3
0.562,0.891,52.3
0.406,0.944,52.3
0.256,0.967,52.3
0.188,0.966,52.3
0.067,0.915,52.3
0.0,0.849,52.3
0.0,0.87,52.3
0.0,0.881,52.3
0.0,0.831,52.3
0.0,0.77,52.3
0.0,0.708,52.3
0.0,0.625,52.3
0.0,0.503,52.3
0.0,0.367,52.3
0.0,0.274,52.3
0.0,0.197,52.3
0.0,0.178,52.3
0.0,0.221,52.3
0.168,0.263,52.3
0.4,0.148,52.3
0.579,0.04,52.3
0.699,0.01,52.3
0.764,0.005,52.3
0.778,0.013,52.3
0.744,0.039,52.3
0.659,0.09,52.3
0.522,0.168,52.3
0.329,0.254,52.3
0.099,0.332,52.3
0.0,0.466,52.3
0.0,0.521,52.3
0.0,0.513,52.3
0.0,0.468,52.3
0.0,0.44,52.3
0.0,0.442,52.3
0.0,0.449,52.3
0.0,0.447,52.3
0.0,0.406,52.3
0.0,0.243,52.3
0.0,0.115,52.3
0.0,0.083,52.3
0.0,0.045,52.3
0.125,0.011,52.3
0.324,0.012,52.3
0.533,0.027,52.3
0.659,0.068,52.3
0.721,0.071,52.3
0.724,0.062,52.3
0.68,0.068,52.3
0.61,0.093,52.3
0.462,0.153,52.3
0.264,0.205,52.3
0.07,0.289,52.3
0.0,0.398,52.3
0.0,0.408,52.3
0.0,0.341,52.3
0.0,0.294,52.3
0.0,0.288,52.3
0.0,0.279,52.3
0.0,0.257,52.3
0.0,0.218,52.3
0.0,0.173,52.3
0.0,0.14,52.3
0.0,0.118,52.3
0.0,0.106,52.3
0.0,0.124,52.3
0.149,0.141,52.3
0.374,0.103,52.3
0.547,0.126,52.3
0.65,0.138,52.3
0.667,0.123,52.3
0.623,0.157,52.3
0.496,0.203,52.3
0.274,0.229,52.3
0.132,0.184,52.3
0.064,0.176,52.3
0.015,0.279,52.3
0.0,0.425,52.3
0.0,0.522,52.3
0.0,0.572,52.3
0.0,0.552,52.3
0.0,0.511,52.3
0.0,0.472,52.3
0.0,0.432,52.3
0.0,0.412,52.3
0.0,0.41,52.3
0.0,0.414,52.3
0.0,0.446,52.3
0.0,0.507,52.3
0.0,0.556,52.3
0.156,0.546,52.3
0.373,0.37,52.3
0.543,0.25,52.3
0.654,0.343,52.3
0.715,0.337,52.3
0.724,0.327,52.3
0.667,0.34,52.3
0.581,0.384,52.3
0.466,0.43,52.3
0.293,0.391,52.3
0.085,0.51,52.3
0.0,0.648,52.3
0.0,0.636,52.3
0.0,0.598,52.3
0.0,0.58,52.3
0.0,0.54,52.3
0.0,0.506,52.3
0.0,0.468,52.3
0.0,0.444,52.3
0.0,0.43,52.3
0.0,0.403,52.3
0.0,0.404,52.3
0.0,0.442,52.3
0.0,0.465,52.3
0.158,0.395,52.3
0.377,0.22,52.3
0.55,0.155,52.3
0.666,0.135,52.3
0.729,0.156,52.3
0.743,0.184,52.3
0.712,0.217,52.3
0.633,0.259,52.3
0.507,0.337,52.3
0.328,0.48,52.3
0.111,0.626,52.3
0.0,0.697,52.3
0.0,0.663,52.3
0.0,0.578,52.3
0.0,0.464,52.3
0.0,0.371,52.3
0.0,0.311,52.3
0.0,0.268,52.3
0.0,0.201,52.3
0.0,0.144,52.3
0.0,0.1,52.3
0.0,0.064,52.3
0.0,0.061,52.3
0.0,0.086,52.3
0.065,0.105,52.3
0.231,0.136,52.3
0.428,0.135,52.3
0.571,0.122,52.3
0.668,0.135,52.3
0.692,0.169,52.3
0.664,0.236,52.3
0.593,0.315,52.3
0.462,0.391,52.3
0.277,0.457,52.3
0.075,0.475,52.3
0.0,0.439,52.3
0.0,0.432,52.3
0.0,0.348,52.3
0.0,0.233,52.3
0.0,0.25,52.3
0.0,0.209,52.3
0.0,0.189,52.3
0.0,0.221,52.3
0.0,0.277,52.3
0.0,0.376,52.3
0.0,0.486,52.3
0.0,0.595,52.3
0.0,0.654,52.3
0.172,0.621,52.3
0.401,0.473,52.3
0.584,0.672,52.3
0.705,0.706,52.3
0.771,0.7,52.3
0.787,0.699,52.3
0.753,0.697,52.3
0.671,0.69,52.3
0.538,0.685,52.3
0.348,0.674,52.3
0.105,0.647,52.3
0.0,0.674,52.3
0.0,0.666,52.3
0.0,0.655,52.3
0.0,0.599,52.3
0.0,0.521,52.3
0.0,0.394,52.3
0.0,0.249,52.3
0.0,0.136,52.3
0.0,0.056,52.3
0.0,0.029,52.3
0.0,0.031,52.3
0.0,0.037,52.3
0.0,0.035,52.3
0.149,0.027,52.3
0.386,0.028,52.3
0.553,0.05,52.3
0.571,0.06,52.3
0.555,0.056,52.3
0.526,0.049,52.3
0.508,0.041,52.3
0.477,0.036,52.3
0.399,0.034,52.3
0.268,0.037,52.3
0.095,0.069,52.3
0.0,0.131,52.3
0.0,0.145,52.3
0.0,0.121,52.3
0.0,0.083,52.3
0.0,0.072,52.3
0.0,0.119,52.3
0.0,0.204,52.3
0.0,0.25,52.3
0.0,0.23,52.3
0.0,0.167,52.3
0.0,0.102,52.3
0.0,0.065,52.3
0.0,0.068,52.3
0.139,0.069,52.3
0.344,0.067,52.3
0.525,0.131,52.3
0.618,0.139,52.3
0.656,0.13,52.3
0.706,0.117,52.3
0.703,0.097,52.3
0.649,0.082,52.3
0.521,0.078,52.3
0.336,0.073,52.3
0.118,0.083,52.3
0.0,0.109,52.3
0.0,0.131,52.3
0.0,0.13,52.3
0.0,0.112,52.3
0.0,0.097,52.3
0.0,0.1,52.3
0.0,0.116,52.3
0.0,0.15,52.3
0.0,0.188,52.3
0.0,0.216,52.3
0.0,0.165,52.3
0.0,0.091,52.3
0.001,0.062,52.3
0.172,0.054,52.3
0.396,0.047,52.3
0.572,0.144,52.3
0.694,0.182,52.3
0.762,0.189,52.3
0.779,0.177,52.3
0.745,0.154,52.3
0.663,0.135,52.3
0.528,0.129,52.3
0.341,0.118,52.3
0.123,0.085,52.3
0.0,0.058,52.3
0.0,0.036,52.3
0.0,0.025,52.3
0.0,0.025,52.3
0.0,0.044,52.3
0.0,0.067,52.3
0.0,0.082,52.3
0.0,0.084,52.3
0.0,0.076,52.3
0.0,0.066,52.3
0.0,0.054,52.3
0.0,0.045,52.3
0.002,0.037,52.3
0.176,0.035,52.3
0.398,0.022,52.3
0.573,0.066,52.3
0.69,0.088,52.3
0.756,0.079,52.3
0.772,0.066,52.3
0.739,0.056,52.3
0.659,0.054,52.3
0.527,0.057,52.3
0.345,0.058,52.3
0.129,0.07,52.3
0.0,0.072,52.3
0.0,0.058,52.3
0.0,0.036,52.3
0.0,0.018,52.3
0.0,0.006,52.3
0.0,0.005,52.3
0.0,0.012,52.3
0.0,0.017,52.3
0.0,0.02,52.3
0.0,0.022,52.3
0.0,0.018,52.3
0.0,0.013,52.3
0.003,0.01,52.3
0.174,0.009,52.3
0.39,0.006,52.3
0.56,0.013,52.3
0.673,0.035,52.3
0.736,0.045,52.3
0.752,0.047,52.3
0.719,0.05,52.3
0.64,0.053,52.3
0.512,0.053,52.3
0.334,0.054,52.3
0.125,0.061,52.3
0.0,0.058,52.3
0.0,0.05,52.3
0.0,0.035,52.3
0.0,0.022,52.3
0.0,0.02,52.3
0.0,0.022,52.3
0.0,0.02,52.3
0.0,0.015,52.3
0.0,0.011,52.3
0.0,0.008,52.3
0.0,0.007,52.3
0.0,0.006,52.3
0.004,0.008,52.3
0.174,0.009,52.3
0.387,0.005,52.3
0.554,0.0,52.3
0.663,0.001,52.3
0.722,0.001,52.3
0.737,0.001,52.3
0.706,0.003,52.3
0.633,0.005,52.3
0.509,0.01,52.3
0.335,0.028,52.3
0.129,0.104,52.3
0.0,0.298,52.3
0.0,0.525,52.3
0.0,0.573,52.3
0.0,0.527,52.3
0.0,0.459,52.3
0.0,0.401,52.3
0.0,0.352,52.3
0.0,0.311,52.3
0.0,0.266,52.3
0.0,0.222,52.3
0.0,0.179,52.3
0.0,0.153,52.3
0.003,0.142,52.3
0.153,0.12,52.3
0.361,0.073,52.3
0.529,0.044,52.3
0.655,0.041,52.3
0.72,0.047,52.3
0.737,0.068,52.3
0.708,0.125,52.3
0.632,0.249,52.3
0.503,0.504,52.3
0.32,0.796,52.3
0.122,0.914,52.3
0.0,0.934,52.3
0.0,0.943,52.3
0.0,0.944,52.3
0.0,0.926,52.3
0.0,0.886,52.3
0.0,0.785,52.3
0.0,0.651,52.3
0.0,0.574,52.3
0.0,0.55,52.3
0.0,0.474,52.3
0.0,0.341,52.3
0.0,0.245,52.3
0.004,0.148,52.3
0.139,0.104,52.3
0.358,0.156,52.3
0.525,0.249,52.3
0.62,0.32,52.3
0.688,0.328,52.3
0.737,0.323,52.3
0.738,0.313,52.3
0.678,0.3,52.3
0.547,0.28,52.3
0.364,0.243,52.3
0.147,0.175,52.3
0.0,0.17,52.3
0.0,0.187,52.3
0.0,0.193,52.3
0.0,0.179,52.3
0.0,0.163,52.3
0.0,0.166,52.3
0.0,0.165,52.3
0.0,0.151,52.3
0.0,0.125,52.3
0.0,0.1,52.3
0.0,0.068,52.3
0.0,0.037,52.3
0.006,0.036,52.3
0.168,0.045,52.3
0.336,0.058,52.3
0.566,0.118,52.3
0.689,0.148,52.3
0.756,0.156,52.3
0.774,0.159,52.3
0.739,0.165,52.3
0.656,0.167,52.3
0.523,0.162,52.3
0.34,0.146,52.3
0.133,0.132,52.3
0.0,0.135,52.3
0.0,0.14,52.3
0.0,0.146,52.3
0.0,0.157,52.3
0.0,0.165,52.3
0.0,0.154,52.3
0.0,0.138,52.3
0.0,0.136,52.3
0.0,0.144,52.3
0.0,0.153,52.3
0.0,0.145,52.3
0.0,0.119,52.3
0.008,0.093,52.3
0.18,0.058,52.3
0.392,0.084,52.3
0.562,0.126,52.3
0.67,0.134,52.3
0.723,0.135,52.3
0.739,0.13,52.3
0.706,0.116,52.3
0.634,0.102,52.3
0.514,0.089,52.3
0.343,0.073,52.3
0.137,0.06,52.3
0.0,0.052,52.3
0.0,0.047,52.3
0.0,0.048,52.3
0.0,0.041,52.3
0.0,0.027,52.3
0.0,0.019,52.3
0.0,0.025,52.3
0.0,0.052,52.3
0.0,0.087,52.3
0.0,0.121,52.3
0.0,0.112,52.3
0.0,0.069,52.3
0.009,0.035,52.3
0.176,0.016,52.3
0.392,0.009,52.3
0.558,0.032,52.3
0.663,0.045,52.3
0.722,0.054,52.3
0.731,0.059,52.3
0.693,0.059,52.3
0.611,0.053,52.3
0.49,0.045,52.3
0.32,0.039,52.3
0.131,0.041,52.3
0.0,0.057,52.3
0.0,0.073,52.3
0.0,0.077,52.3
0.0,0.063,52.3
0.0,0.034,52.3
0.0,0.015,52.3
0.0,0.009,52.3
0.0,0.008,52.3
0.0,0.008,52.3
0.0,0.007,52.3
0.0,0.009,52.3
0.0,0.017,52.3
0.01,0.03,52.3
0.183,0.038,52.3
0.393,0.014,52.3
0.56,0.002,52.3
0.671,0.001,52.3
0.736,0.002,52.3
0.754,0.004,52.3
0.721,0.006,52.3
0.643,0.007,52.3
0.517,0.007,52.3
0.342,0.011,52.3
0.138,0.029,52.3
0.001,0.082,52.3
0.0,0.157,52.3
0.0,0.228,52.3
0.0,0.258,52.3
0.0,0.219,52.3
0.0,0.153,52.3
0.0,0.103,52.3
0.0,0.083,52.3
0.0,0.082,52.3
0.0,0.084,52.3
0.0,0.084,52.3
0.0,0.082,52.3
0.012,0.076,52.3
0.194,0.054,52.3
0.403,0.015,52.3
0.568,0.005,52.3
0.679,0.005,52.3
0.744,0.008,52.3
0.76,0.009,52.3
0.727,0.008,52.3
0.65,0.006,52.3
0.524,0.005,52.3
0.35,0.004,52.3
0.146,0.006,52.3
0.002,0.015,52.3
0.0,0.044,52.3
0.0,0.088,52.3
0.0,0.118,52.3
0.0,0.11,52.3
0.0,0.08,52.3
0.0,0.054,52.3
0.0,0.029,52.3
0.0,0.011,52.3
0.0,0.004,52.3
0.0,0.009,52.3
0.0,0.02,52.3
0.013,0.033,52.3
0.176,0.037,52.3
0.374,0.031,52.3
0.534,0.048,52.3
0.629,0.063,52.3
0.675,0.078,52.3
0.674,0.085,52.3
0.63,0.088,52.3
0.522,0.085,52.3
0.343,0.083,52.3
0.167,0.071,52.3
0.055,0.063,52.3
0.0,0.058,52.3
0.0,0.058,52.3
0.0,0.054,52.3
0.0,0.046,52.3
0.0,0.039,52.3
0.0,0.035,52.3
0.0,0.036,52.3
0.0,0.045,52.3
0.0,0.054,52.3
0.0,0.064,52.3
0.0,0.087,52.3
0.0,0.112,52.3
0.007,0.122,52.3
0.08,0.103,52.3
0.168,0.071,52.3
0.249,0.068,52.3
0.327,0.046,52.3
0.444,0.035,52.3
0.524,0.033,52.3
0.486,0.039,52.3
0.404,0.058,52.3
0.247,0.094,52.3
0.11,0.168,52.3
0.03,0.303,52.3
0.0,0.445,52.3
0.0,0.507,52.3
0.0,0.484,52.3
0.0,0.457,52.3
0.0,0.43,52.3
0.0,0.388,52.3
0.0,0.386,52.3
0.0,0.41,52.3
0.0,0.441,52.3
0.0,0.464,52.3
0.0,0.469,52.3
0.0,0.45,52.3
0.017,0.389,52.3
0.161,0.266,52.3
0.291,0.337,52.3
0.366,0.37,52.3
0.402,0.385,52.3
0.425,0.407,52.3
0.414,0.453,52.3
0.393,0.501,52.3
0.343,0.542,52.3
0.241,0.549,52.3
0.131,0.53,52.3
0.045,0.489,52.3
0.0,0.473,52.3
0.0,0.504,52.3
0.0,0.527,52.3
0.0,0.545,52.3
0.0,0.577,52.3
0.0,0.61,52.3
0.0,0.658,52.3
0.0,0.713,52.3
0.0,0.763,52.3
0.0,0.827,52.3
0.0,0.891,52.3
0.0,0.93,52.3
0.009,0.949,52.3
0.095,0.923,52.3
0.193,0.885,52.3
0.381,0.886,52.3
0.413,0.868,52.3
0.399,0.817,52.3
0.248,0.72,52.3
0.212,0.59,52.3
0.134,0.348,52.3
0.089,0.192,52.3
0.049,0.179,52.3
0.016,0.152,52.3
0.0,0.076,52.3
0.0,0.101,52.3
0.0,0.089,52.3
0.0,0.07,52.3
0.0,0.133,52.3
0.0,0.25,52.3
0.0,0.393,52.3
0.0,0.41,52.3
0.0,0.433,52.3
0.0,0.482,52.3
0.0,0.445,52.3
0.0,0.388,52.3
0.02,0.27,52.3
0.182,0.133,52.3
0.382,0.103,52.3
0.531,0.112,52.3
0.659,0.084,52.3
0.743,0.044,52.3
0.759,0.025,52.3
0.723,0.029,52.3
0.638,0.047,52.3
0.491,0.076,52.3
0.305,0.117,52.3
0.138,0.179,52.3
0.006,0.283,52.3
0.0,0.391,52.3
0.0,0.4,52.3
0.0,0.341,52.3
0.0,0.234,52.3
0.0,0.125,52.3
0.0,0.047,52.3
0.0,0.02,52.3
0.0,0.014,52.3
0.0,0.012,52.3
0.0,0.011,52.3
0.0,0.01,52.3
0.015,0.009,52.3
0.124,0.008,52.3
0.288,0.01,52.3
0.478,0.012,52.3
0.598,0.011,52.3
0.654,0.008,52.3
0.693,0.011,52.3
0.657,0.017,52.3
0.575,0.025,52.3
0.424,0.034,52.3
0.152,0.057,52.3
0.046,0.085,52.3
0.0,0.112,52.3
0.0,0.145,52.3
0.0,0.157,52.3
0.0,0.149,52.3
0.0,0.14,52.3
0.0,0.133,52.3
0.0,0.127,52.3
0.0,0.127,52.3
0.0,0.108,52.3
0.0,0.085,52.3
0.0,0.085,52.3
0.0,0.084,52.3
0.003,0.072,52.3
0.049,0.053,52.3
0.124,0.045,52.3
0.185,0.042,52.3
0.253,0.033,52.3
0.26,0.03,52.3
0.24,0.037,52.3
0.198,0.028,52.3
0.202,0.011,52.3
0.21,0.004,52.3
0.153,0.002,52.3
0.063,0.004,52.3
0.003,0.012,52.3
0.0,0.029,52.3
0.0,0.045,52.3
0.0,0.058,52.3
0.0,0.069,52.3
0.0,0.072,52.3
0.0,0.065,52.3
0.0,0.073,52.3
0.0,0.102,52.3
0.0,0.13,52.3
0.0,0.137,52.3
0.0,0.152,52.3
0.018,0.147,52.3
0.164,0.108,52.3
0.393,0.092,52.3
0.572,0.058,52.3
0.686,0.033,52.3
0.747,0.021,52.3
0.764,0.018,52.3
0.734,0.016,52.3
0.649,0.014,52.3
0.521,0.018,52.3
0.363,0.038,52.3
0.168,0.088,52.3
0.008,0.233,52.3
0.0,0.415,52.3
0.0,0.466,52.3
0.0,0.416,52.3
0.0,0.325,52.3
0.0,0.27,52.3
0.0,0.235,52.3
0.0,0.203,52.3
0.0,0.163,52.3
0.0,0.121,52.3
0.0,0.099,52.3
0.0,0.091,52.3
0.026,0.085,52.3
0.182,0.049,52.3
0.382,0.02,52.3
0.537,0.005,52.3
0.63,0.002,52.3
0.681,0.002,52.3
0.679,0.003,52.3
0.642,0.005,52.3
0.575,0.01,52.3
0.47,0.017,52.3
0.321,0.025,52.3
0.147,0.047,52.3
0.01,0.138,52.3
0.0,0.316,52.3
0.0,0.444,52.3
0.0,0.432,52.3
0.0,0.329,52.3
0.0,0.241,52.3
0.0,0.18,52.3
0.0,0.144,52.3
0.0,0.133,52.3
0.0,0.132,52.3
0.0,0.14,52.3
0.0,0.136,52.3
0.02,0.1,52.3
0.122,0.053,52.3
0.257,0.028,52.3
0.372,0.009,52.3
0.386,0.01,52.3
0.335,0.012,52.3
0.326,0.011,52.3
0.29,0.007,52.3
0.253,0.005,52.3
0.214,0.005,52.3
0.18,0.003,52.3
0.087,0.002,52.3
0.008,0.003,52.3
0.0,0.011,52.3
0.0,0.027,52.3
0.0,0.043,52.3
0.0,0.053,52.3
0.0,0.051,52.3
0.0,0.045,52.3
0.0,0.045,52.3
0.0,0.052,52.3
0.0,0.058,52.3
0.0,0.076,52.3
0.0,0.101,52.3
0.0,0.079,52.3
0.024,0.042,52.3
0.06,0.014,52.3
0.119,0.014,52.3
0.184,0.039,52.3
0.234,0.074,52.3
0.312,0.113,52.3
0.312,0.154,52.3
0.251,0.177,52.3
0.179,0.184,52.3
0.083,0.164,52.3
0.025,0.123,52.3
0.0,0.106,52.3
0.0,0.093,52.3
0.0,0.083,52.3
0.0,0.082,52.3
0.0,0.102,52.3
0.0,0.137,52.3
0.0,0.212,52.3
0.0,0.289,52.3
0.0,0.334,52.3
0.0,0.325,52.3
0.0,0.284,52.3
0.0,0.245,52.3
0.02,0.181,52.3
0.121,0.113,52.3
0.282,0.102,52.3
0.432,0.097,52.3
0.54,0.099,52.3
0.595,0.1,52.3
0.609,0.094,52.3
0.583,0.087,52.3
0.482,0.083,52.3
0.361,0.08,52.3
0.218,0.08,52.3
0.088,0.084,52.3
0.008,0.107,52.3
0.0,0.155,52.3
0.0,0.202,52.3
0.0,0.237,52.3
0.0,0.259,52.3
0.0,0.28,52.3
0.0,0.305,52.3
0.0,0.315,52.3
0.0,0.285,52.3
0.0,0.245,52.3
0.0,0.198,52.3
0.0,0.163,52.3
0.017,0.127,52.3
0.117,0.095,52.3
0.281,0.086,52.3
0.509,0.066,52.3
0.621,0.05,52.3
0.675,0.044,52.3
0.693,0.041,52.3
0.657,0.041,52.3
0.565,0.041,52.3
0.433,0.042,52.3
0.283,0.054,52.3
0.13,0.088,52.3
0.015,0.163,52.3
0.0,0.252,52.3
0.0,0.294,52.3
0.0,0.284,52.3
0.0,0.207,52.3
0.0,0.121,52.3
0.0,0.078,52.3
0.0,0.097,52.3
0.0,0.175,52.3
0.0,0.249,52.3
0.0,0.252,52.3
0.0,0.249,52.3
0.009,0.212,52.3
0.054,0.2,52.3
0.112,0.237,52.3
0.166,0.289,52.3
0.212,0.323,52.3
0.251,0.315,52.3
0.248,0.311,52.3
0.271,0.3,52.3
0.261,0.278,52.3
0.195,0.247,52.3
0.168,0.203,52.3
0.077,0.148,52.3
0.008,0.091,52.3
0.0,0.053,52.3
0.0,0.039,52.3
0.0,0.061,52.3
0.0,0.1,52.3
0.0,0.127,52.3
0.0,0.118,52.3
0.0,0.106,52.3
0.0,0.075,52.3
0.0,0.059,52.3
0.0,0.077,52.3
0.0,0.108,52.3
0.039,0.098,52.3
0.21,0.04,52.3
0.41,0.023,52.3
0.56,0.046,52.3
0.633,0.076,52.3
0.648,0.101,52.3
0.613,0.112,52.3
0.581,0.109,52.3
0.52,0.099,52.3
0.434,0.095,52.3
0.315,0.1,52.3
0.158,0.103,52.3
0.02,0.115,52.3
0.0,0.119,52.3
0.0,0.112,52.3
0.0,0.092,52.3
0.0,0.052,52.3
0.0,0.024,52.3
0.0,0.021,52.3
0.0,0.036,52.3
0.0,0.062,52.3
0.0,0.079,52.3
0.0,0.081,52.3
0.0,0.072,52.3
0.028,0.053,52.3
0.11,0.025,52.3
0.211,0.02,52.3
0.304,0.025,52.3
0.361,0.02,52.3
0.394,0.014,52.3
0.405,0.009,52.3
0.394,0.006,52.3
0.348,0.005,52.3
0.287,0.005,52.3
0.201,0.005,52.3
0.101,0.006,52.3
0.016,0.008,52.3
0.0,0.011,52.3
0.0,0.016,52.3
0.0,0.026,52.3
0.0,0.034,52.3
0.0,0.039,52.3
0.0,0.043,52.3
0.0,0.038,52.3
0.0,0.028,52.3
0.0,0.021,52.3
0.0,0.025,52.3
0.0,0.038,52.3
0.034,0.048,52.3
0.192,0.028,52.3
0.397,0.004,52.3
0.553,0.002,52.3
0.663,0.003,52.3
0.723,0.005,52.3
0.735,0.006,52.3
0.705,0.008,52.3
0.627,0.008,52.3
0.51,0.009,52.3
0.35,0.013,52.3
0.166,0.025,52.3
0.021,0.055,52.3
0.0,0.094,52.3
0.0,0.121,52.3
0.0,0.122,52.3
0.0,0.093,52.3
0.0,0.059,52.3
0.0,0.03,52.3
0.0,0.016,52.3
0.0,0.007,52.3
0.0,0.023,52.3
0.0,0.092,52.3
0.0,0.204,52.3
0.044,0.269,52.3
0.213,0.188,52.3
0.405,0.192,52.3
0.545,0.174,52.3
0.625,0.133,52.3
0.68,0.104,52.3
0.683,0.09,52.3
0.63,0.09,52.3
0.531,0.106,52.3
0.409,0.144,52.3
0.295,0.208,52.3
0.152,0.281,52.3
0.023,0.382,52.3
0.0,0.493,52.3
0.0,0.538,52.3
0.0,0.518,52.3
0.0,0.44,52.3
0.0,0.332,52.3
0.0,0.254,52.3
0.0,0.238,52.3
0.0,0.279,52.3
0.0,0.316,52.3
0.0,0.302,52.3
0.0,0.243,52.3
0.045,0.162,52.3
0.219,0.074,52.3
0.407,0.148,52.3
0.562,0.161,52.3
0.66,0.154,52.3
0.707,0.141,52.3
0.717,0.126,52.3
0.694,0.111,52.3
0.623,0.09,52.3
0.51,0.071,52.3
0.354,0.057,52.3
0.171,0.049,52.3
0.023,0.049,52.3
0.0,0.046,52.3
0.0,0.044,52.3
0.0,0.045,52.3
0.0,0.043,52.3
0.0,0.042,52.3
0.0,0.045,52.3
0.0,0.052,52.3
0.0,0.059,52.3
0.0,0.067,52.3
0.0,0.07,52.3
0.0,0.07,52.3
0.047,0.064,52.3
0.228,0.034,52.3
0.419,0.071,52.3
0.571,0.117,52.3
0.672,0.134,52.3
0.735,0.149,52.3
0.753,0.172,52.3
0.72,0.196,52.3
0.646,0.221,52.3
0.527,0.237,52.3
0.368,0.225,52.3
0.177,0.186,52.3
0.024,0.182,52.3
0.0,0.209,52.3
0.0,0.24,52.3
0.0,0.277,52.3
0.0,0.288,52.3
0.0,0.266,52.3
0.0,0.249,52.3
0.0,0.225,52.3
0.0,0.217,52.3
0.0,0.217,52.3
0.0,0.224,52.3
0.0,0.232,52.3
0.015,0.234,52.3
0.083,0.175,52.3
0.212,0.097,52.3
0.342,0.144,52.3
0.395,0.181,52.3
0.386,0.188,52.3
0.338,0.179,52.3
0.319,0.185,52.3
0.359,0.212,52.3
0.343,0.245,52.3
0.273,0.255,52.3
0.143,0.22,52.3
0.027,0.22,52.3
0.0,0.251,52.3
0.0,0.322,52.3
0.0,0.405,52.3
0.0,0.464,52.3
0.0,0.484,52.3
0.0,0.442,52.3
0.0,0.391,52.3
0.0,0.355,52.3
0.0,0.342,52.3
0.0,0.327,52.3
0.0,0.293,52.3
0.004,0.259,52.3
0.027,0.218,52.3
0.085,0.199,52.3
0.233,0.28,52.3
0.454,0.428,52.3
0.61,0.502,52.3
0.678,0.506,52.3
0.615,0.488,52.3
0.448,0.484,52.3
0.257,0.478,52.3
0.152,0.474,52.3
0.044,0.479,52.3
0.001,0.471,52.3
0.0,0.454,52.3
0.0,0.464,52.3
0.0,0.457,52.3
0.0,0.471,52.3
0.0,0.499,52.3
0.0,0.535,52.3
0.0,0.568,52.3
0.0,0.578,52.3
0.0,0.574,52.3
0.0,0.571,52.3
0.0,0.538,52.3
0.0,0.492,52.3
0.009,0.415,52.3
0.037,0.337,52.3
0.103,0.364,52.3
0.181,0.405,52.3
0.225,0.407,52.3
0.228,0.391,52.3
0.245,0.374,52.3
0.221,0.345,52.3
0.185,0.324,52.3
0.107,0.268,52.3
0.058,0.23,52.3
0.013,0.274,52.3
0.0,0.339,52.3
0.0,0.371,52.3
0.0,0.35,52.3
0.0,0.377,52.3
0.0,0.377,52.3
0.0,0.41,52.3
0.0,0.404,52.3
0.0,0.387,52.3
0.0,0.374,52.3
0.0,0.343,52.3
0.0,0.323,52.3
0.049,0.26,52.3
0.173,0.22,52.3
0.314,0.308,52.3
0.435,0.364,52.3
0.389,0.426,52.3
0.323,0.494,52.3
0.334,0.568,52.3
0.38,0.642,52.3
0.281,0.682,52.3
0.224,0.691,52.3
0.2,0.657,52.3
0.127,0.59,52.3
0.032,0.498,52.3
0.0,0.463,52.3
0.0,0.422,52.3
0.0,0.398,52.3
0.0,0.328,52.3
0.0,0.279,52.3
0.0,0.233,52.3
0.0,0.199,52.3
0.0,0.176,52.3
0.0,0.145,52.3
0.0,0.098,52.3
0.0,0.062,52.3
0.058,0.043,52.3
0.224,0.034,52.3
0.408,0.038,52.3
0.545,0.044,52.3
0.595,0.055,52.3
0.589,0.074,52.3
0.509,0.099,52.3
0.539,0.141,52.3
0.471,0.192,52.3
0.3,0.217,52.3
0.132,0.196,52.3
0.071,0.176,52.3
0.026,0.17,52.3
0.0,0.195,52.3
0.0,0.212,52.3
0.0,0.201,52.3
0.0,0.236,52.3
0.0,0.252,52.3
0.0,0.248,52.3
0.0,0.245,52.3
0.0,0.255,52.3
0.0,0.251,52.3
0.0,0.255,52.3
0.0,0.302,52.3
0.05,0.272,52.3
0.176,0.261,52.3
0.332,0.358,52.3
0.441,0.411,52.3
0.498,0.459,52.3
0.528,0.468,52.3
0.535,0.448,52.3
0.575,0.438,52.3
0.523,0.428,52.3
0.43,0.339,52.3
0.315,0.233,52.3
0.159,0.16,52.3
0.034,0.143,52.3
0.0,0.171,52.3
0.0,0.186,52.3
0.0,0.153,52.3
0.0,0.079,52.3
0.0,0.061,52.3
0.0,0.155,52.3
0.0,0.243,52.3
0.0,0.316,52.3
0.0,0.37,52.3
0.0,0.37,52.3
0.0,0.32,52.3
0.059,0.211,52.3
0.232,0.082,52.3
0.407,0.035,52.3
0.558,0.02,52.3
0.665,0.018,52.3
0.731,0.029,52.3
0.744,0.055,52.3
0.709,0.097,52.3
0.626,0.157,52.3
0.498,0.25,52.3
0.342,0.434,52.3
0.173,0.631,52.3
0.03,0.667,52.3
0.0,0.627,52.3
0.0,0.566,52.3
0.0,0.455,52.3
0.0,0.375,52.3
0.0,0.399,52.3
0.0,0.457,52.3
0.0,0.479,52.3
0.0,0.547,52.3
0.0,0.596,52.3
0.0,0.552,52.3
0.0,0.491,52.3
0.06,0.379,52.3
0.254,0.231,52.3
0.445,0.274,52.3
0.591,0.279,52.3
0.682,0.311,52.3
0.729,0.341,52.3
0.731,0.355,52.3
0.7,0.36,52.3
0.62,0.388,52.3
0.498,0.442,52.3
0.34,0.485,52.3
0.171,0.457,52.3
0.034,0.44,52.3
0.0,0.488,52.3
0.0,0.538,52.3
0.0,0.519,52.3
0.0,0.484,52.3
0.0,0.437,52.3
0.0,0.383,52.3
0.0,0.313,52.3
0.0,0.239,52.3
0.0,0.22,52.3
0.0,0.171,52.3
0.0,0.115,52.3
0.046,0.083,52.3
0.166,0.075,52.3
0.304,0.146,52.3
0.402,0.177,52.3
0.538,0.176,52.3
0.65,0.142,52.3
0.675,0.094,52.3
0.68,0.043,52.3
0.603,0.019,52.3
0.475,0.006,52.3
0.326,0.001,52.3
0.17,0.014,52.3
0.038,0.05,52.3
0.0,0.084,52.3
0.0,0.09,52.3
0.0,0.107,52.3
0.0,0.148,52.3
0.0,0.184,52.3
0.0,0.194,52.3
0.0,0.191,52.3
0.0,0.184,52.3
0.0,0.177,52.3
0.0,0.172,52.3
0.0,0.172,52.3
0.062,0.157,52.3
0.25,0.084,52.3
0.438,0.073,52.3
0.588,0.068,52.3
0.691,0.053,52.3
0.746,0.034,52.3
0.754,0.018,52.3
0.719,0.01,52.3
0.637,0.008,52.3
0.523,0.014,52.3
0.374,0.048,52.3
0.193,0.13,52.3
0.031,0.305,52.3
0.0,0.464,52.3
0.0,0.452,52.3
0.0,0.374,52.3
0.0,0.302,52.3
0.0,0.228,52.3
0.0,0.186,52.3
0.0,0.172,52.3
0.0,0.155,52.3
0.0,0.13,52.3
0.0,0.092,52.3
0.0,0.062,52.3
0.063,0.043,52.3
0.229,0.022,52.3
0.426,0.019,52.3
0.575,0.019,52.3
0.68,0.018,52.3
0.734,0.018,52.3
0.746,0.021,52.3
0.719,0.026,52.3
0.651,0.037,52.3
0.538,0.055,52.3
0.382,0.088,52.3
0.195,0.168,52.3
0.032,0.36,52.3
0.0,0.571,52.3
0.0,0.61,52.3
0.0,0.523,52.3
0.0,0.435,52.3
0.0,0.355,52.3
0.0,0.334,52.3
0.0,0.323,52.3
0.0,0.302,52.3
0.0,0.265,52.3
0.0,0.231,52.3
0.0,0.206,52.3
0.069,0.151,52.3
0.233,0.147,52.3
0.416,0.146,52.3
0.552,0.152,52.3
0.644,0.173,52.3
0.691,0.202,52.3
0.64,0.253,52.3
0.435,0.337,52.3
0.3,0.447,52.3
0.207,0.545,52.3
0.14,0.599,52.3
0.087,0.574,52.3
0.034,0.474,52.3
0.0,0.458,52.3
0.0,0.519,52.3
0.0,0.467,52.3
0.0,0.413,52.3
0.0,0.374,52.3
0.0,0.277,52.3
0.0,0.167,52.3
0.0,0.101,52.3
0.0,0.056,52.3
0.0,0.031,52.3
0.0,0.023,52.3
0.063,0.019,52.3
0.168,0.017,52.3
0.249,0.015,52.3
0.377,0.012,52.3
0.46,0.012,52.3
0.427,0.013,52.3
0.392,0.018,52.3
0.321,0.022,52.3
0.195,0.024,52.3
0.141,0.022,52.3
0.095,0.016,52.3
0.044,0.009,52.3
0.009,0.004,52.3
0.0,0.001,52.3
0.0,0.002,52.3
0.0,0.005,52.3
0.0,0.008,52.3
0.0,0.009,52.3
0.0,0.007,52.3
0.0,0.003,52.3
0.0,0.002,52.3
0.0,0.002,52.3
0.0,0.005,52.3
0.0,0.009,52.3
0.066,0.007,52.3
0.206,0.001,52.3
0.361,0.001,52.3
0.487,0.002,52.3
0.555,0.002,52.3
0.601,0.002,52.3
0.612,0.002,52.3
0.597,0.003,52.3
0.536,0.007,52.3
0.447,0.015,52.3
0.323,0.03,52.3
0.173,0.061,52.3
0.044,0.125,52.3
0.0,0.231,52.3
0.0,0.289,52.3
0.0,0.237,52.3
0.0,0.162,52.3
0.0,0.039,52.3
0.0,0.457,52.3
0.0,0.852,52.3
0.0,0.844,52.3
0.0,0.87,52.3
0.0,0.882,52.3
0.0,0.854,52.3
0.018,0.832,52.3
0.063,0.798,52.3
0.115,0.768,52.3
0.167,0.713,52.3
0.219,0.647,52.3
0.333,0.613,52.3
0.376,0.58,52.3
0.288,0.464,52.3
0.216,0.378,52.3
0.179,0.358,52.3
0.148,0.325,52.3
0.109,0.314,52.3
0.033,0.295,52.3
0.0,0.273,52.3
0.0,0.231,52.3
0.0,0.188,52.3
0.0,0.157,52.3
0.0,0.136,52.3
0.0,0.122,52.3
0.0,0.106,52.3
0.0,0.092,52.3
0.0,0.082,52.3
0.0,0.095,52.3
0.0,0.136,52.3
0.07,0.154,52.3
0.262,0.192,52.3
0.454,0.247,52.3
0.606,0.168,52.3
0.71,0.112,52.3
0.77,0.08,52.3
0.784,0.054,52.3
0.755,0.037,52.3
0.683,0.026,52.3
0.565,0.019,52.3
0.403,0.011,52.3
0.209,0.005,52.3
0.032,0.008,52.3
0.0,0.042,52.3
0.0,0.084,52.3
0.0,0.114,52.3
0.0,0.121,52.3
0.0,0.119,52.3
0.0,0.098,52.3
0.0,0.066,52.3
0.0,0.044,52.3
0.0,0.041,52.3
0.0,0.039,52.3
0.002,0.035,52.3
0.074,0.024,52.3
0.254,0.018,52.3
0.423,0.017,52.3
0.5,0.019,52.3
0.517,0.034,52.3
0.624,0.059,52.3
0.745,0.09,52.3
0.731,0.123,52.3
0.652,0.162,52.3
0.4,0.223,52.3
0.249,0.312,52.3
0.126,0.401,52.3
0.031,0.432,52.3
0.0,0.481,52.3
0.0,0.492,52.3
0.0,0.436,52.3
0.0,0.35,52.3
0.0,0.251,52.3
0.0,0.202,52.3
0.0,0.157,52.3
0.0,0.161,52.3
0.0,0.175,52.3
0.0,0.19,52.3
0.002,0.194,52.3
0.076,0.164,52.3
0.167,0.176,52.3
0.285,0.22,52.3
0.297,0.274,52.3
0.237,0.348,52.3
0.244,0.444,52.3
0.231,0.486,52.3
0.241,0.502,52.3
0.277,0.516,52.3
0.147,0.503,52.3
0.063,0.399,52.3
0.029,0.312,52.3
0.011,0.272,52.3
0.0,0.266,52.3
0.0,0.238,52.3
0.0,0.177,52.3
0.0,0.175,52.3
0.0,0.124,52.3
0.0,0.036,52.3
0.0,0.053,52.3
0.0,0.152,52.3
0.0,0.131,52.3
0.0,0.064,52.3
0.001,0.013,52.3
0.073,0.004,52.3
0.249,0.023,52.3
0.438,0.027,52.3
0.589,0.029,52.3
0.688,0.043,52.3
0.731,0.055,52.3
0.733,0.054,52.3
0.7,0.049,52.3
0.624,0.045,52.3
0.514,0.041,52.3
0.371,0.046,52.3
0.199,0.072,52.3
0.04,0.127,52.3
0.0,0.232,52.3
0.0,0.287,52.3
0.0,0.264,52.3
0.0,0.223,52.3
0.0,0.167,52.3
0.0,0.107,52.3
0.0,0.077,52.3
0.0,0.071,52.3
0.0,0.073,52.3
0.0,0.074,52.3
0.003,0.064,52.3
0.074,0.043,52.3
0.246,0.019,52.3
0.423,0.014,52.3
0.561,0.011,52.3
0.65,0.007,52.3
0.705,0.007,52.3
0.722,0.011,52.3
0.697,0.021,52.3
0.628,0.04,52.3
0.523,0.071,52.3
0.376,0.119,52.3
0.199,0.193,52.3
0.041,0.289,52.3
0.0,0.38,52.3
0.0,0.436,52.3
0.0,0.372,52.3
0.0,0.284,52.3
0.0,0.228,52.3
0.0,0.185,52.3
0.0,0.155,52.3
0.0,0.134,52.3
0.0,0.124,52.3
0.0,0.133,52.3
0.004,0.146,52.3
0.079,0.101,52.3
0.233,0.09,52.3
0.362,0.072,52.3
0.471,0.068,52.3
0.601,0.073,52.3
0.664,0.084,52.3
0.632,0.101,52.3
0.549,0.111,52.3
0.456,0.1,52.3
0.383,0.079,52.3
0.266,0.058,52.3
0.135,0.069,52.3
0.052,0.118,52.3
0.0,0.159,52.3
0.0,0.101,52.3
0.0,0.153,52.3
0.0,0.426,52.3
0.0,0.621,52.3
0.0,0.625,52.3
0.0,0.619,52.3
0.0,0.61,52.3
0.0,0.61,52.3
0.0,0.661,52.3
0.005,0.685,52.3
0.077,0.623,52.3
0.141,0.538,52.3
0.22,0.653,52.3
0.316,0.808,52.3
0.401,0.839,52.3
0.564,0.86,52.3
0.626,0.868,52.3
0.608,0.829,52.3
0.401,0.751,52.3
0.262,0.71,52.3
0.159,0.615,52.3
0.092,0.502,52.3
0.038,0.466,52.3
0.0,0.578,52.3
0.0,0.685,52.3
0.0,0.719,52.3
0.0,0.704,52.3
0.0,0.665,52.3
0.0,0.575,52.3
0.0,0.502,52.3
0.0,0.444,52.3
0.0,0.386,52.3
0.0,0.347,52.3
0.003,0.325,52.3
0.065,0.292,52.3
0.16,0.162,52.3
0.291,0.161,52.3
0.418,0.12,52.3
0.575,0.103,52.3
0.652,0.121,52.3
0.656,0.132,52.3
0.664,0.15,52.3
0.564,0.163,52.3
0.48,0.169,52.3
0.347,0.194,52.3
0.199,0.208,52.3
0.05,0.209,52.3
0.0,0.201,52.3
0.0,0.122,52.3
0.0,0.045,52.3
0.0,0.011,52.3
0.0,0.025,52.3
0.0,0.06,52.3
0.0,0.069,52.3
0.0,0.058,52.3
0.0,0.039,52.3
0.0,0.021,52.3
0.006,0.013,52.3
0.08,0.009,52.3
0.244,0.03,52.3
0.412,0.053,52.3
0.538,0.071,52.3
0.632,0.113,52.3
0.694,0.163,52.3
0.717,0.201,52.3
0.645,0.233,52.3
0.534,0.251,52.3
0.415,0.238,52.3
0.301,0.228,52.3
0.187,0.245,52.3
0.049,0.309,52.3
0.0,0.459,52.3
0.0,0.563,52.3
0.0,0.538,52.3
0.0,0.466,52.3
0.0,0.366,52.3
0.0,0.251,52.3
0.0,0.138,52.3
0.0,0.053,52.3
0.0,0.014,52.3
0.0,0.013,52.3
0.006,0.054,52.3
0.081,0.041,52.3
0.257,0.032,52.3
0.399,0.044,52.3
0.525,0.068,52.3
0.645,0.091,52.3
0.716,0.128,52.3
0.732,0.182,52.3
0.693,0.233,52.3
0.624,0.251,52.3
0.537,0.219,52.3
0.389,0.175,52.3
0.209,0.139,52.3
0.047,0.114,52.3
0.001,0.116,52.3
0.0,0.106,52.3
0.0,0.075,52.3
0.0,0.033,52.3
0.0,0.01,52.3
0.0,0.004,52.3
0.0,0.004,52.3
0.0,0.007,52.3
0.0,0.009,52.3
0.0,0.008,52.3
0.008,0.008,52.3
0.082,0.013,52.3
0.261,0.012,52.3
0.439,0.014,52.3
0.582,0.014,52.3
0.68,0.016,52.3
0.73,0.02,52.3
0.723,0.027,52.3
0.686,0.041,52.3
0.615,0.068,52.3
0.485,0.103,52.3
0.329,0.132,52.3
0.18,0.159,52.3
0.055,0.193,52.3
0.001,0.24,52.3
0.0,0.302,52.3
0.0,0.312,52.3
0.0,0.293,52.3
0.0,0.23,52.3
0.0,0.155,52.3
0.0,0.099,52.3
0.0,0.074,52.3
0.0,0.064,52.3
0.0,0.062,52.3
0.01,0.066,52.3
0.089,0.051,52.3
0.203,0.069,52.3
0.308,0.101,52.3
0.392,0.115,52.3
0.452,0.126,52.3
0.563,0.127,52.3
0.513,0.101,52.3
0.312,0.077,52.3
0.181,0.063,52.3
0.117,0.057,52.3
0.077,0.069,52.3
0.037,0.115,52.3
0.008,0.186,52.3
0.0,0.259,52.3
0.0,0.32,52.3
0.0,0.359,52.3
0.0,0.351,52.3
0.0,0.309,52.3
0.0,0.289,52.3
0.0,0.305,52.3
0.0,0.334,52.3
0.0,0.359,52.3
0.0,0.377,52.3
0.0,0.447,52.3
0.009,0.432,52.3
0.038,0.426,52.3
0.076,0.407,52.3
0.124,0.402,52.3
0.176,0.402,52.3
0.208,0.374,52.3
0.241,0.332,52.3
0.202,0.28,52.3
0.18,0.241,52.3
0.146,0.206,52.3
0.112,0.18,52.3
0.073,0.145,52.3
0.023,0.109,52.3
0.0,0.115,52.3
0.0,0.122,52.3
0.0,0.125,52.3
0.0,0.137,52.3
0.0,0.142,52.3
0.0,0.128,52.3
0.0,0.114,52.3
0.0,0.097,52.3
0.0,0.072,52.3
0.0,0.048,52.3
0.0,0.035,52.3
0.019,0.029,52.3
0.05,0.032,52.3
0.091,0.039,52.3
0.145,0.04,52.3
0.206,0.042,52.3
0.244,0.04,52.3
0.252,0.031,52.3
0.245,0.019,52.3
0.212,0.009,52.3
0.166,0.005,52.3
0.118,0.004,52.3
0.076,0.005,52.3
0.029,0.009,52.3
0.0,0.02,52.3
0.0,0.038,52.3
0.0,0.06,52.3
0.0,0.084,52.3
0.0,0.106,52.3
0.0,0.131,52.3
0.0,0.156,52.3
0.0,0.179,52.3
0.0,0.188,52.3
0.0,0.184,52.3
0.003,0.177,52.3
0.053,0.146,52.3
0.13,0.108,52.3
0.191,0.099,52.3
0.204,0.111,52.3
0.255,0.128,52.3
0.272,0.122,52.3
0.227,0.137,52.3
0.207,0.174,52.3
0.176,0.185,52.3
0.125,0.187,52.3
0.074,0.192,52.3
0.043,0.22,52.3
0.016,0.26,52.3
0.0,0.31,52.3
0.0,0.341,52.3
0.0,0.337,52.3
0.0,0.323,52.3
0.0,0.317,52.3
0.0,0.328,52.3
0.0,0.341,52.3
0.0,0.356,52.3
0.0,0.357,52.3
0.0,0.356,52.3
0.012,0.336,52.3
0.085,0.245,52.3
0.258,0.185,52.3
0.431,0.112,52.3
0.571,0.058,52.3
0.669,0.037,52.3
0.72,0.03,52.3
0.729,0.037,52.3
0.693,0.058,52.3
0.612,0.107,52.3
0.494,0.177,52.3
0.35,0.294,52.3
0.194,0.425,52.3
0.056,0.494,52.3
0.004,0.498,52.3
0.0,0.463,52.3
0.0,0.374,52.3
0.0,0.278,52.3
0.0,0.222,52.3
0.0,0.21,52.3
0.0,0.217,52.3
0.0,0.226,52.3
0.0,0.233,52.3
0.0,0.248,52.3
0.012,0.253,52.3
0.085,0.171,52.3
0.234,0.106,52.3
0.402,0.059,52.3
0.547,0.029,52.3
0.647,0.014,52.3
0.7,0.007,52.3
0.708,0.006,52.3
0.671,0.009,52.3
0.593,0.017,52.3
0.479,0.034,52.3
0.349,0.066,52.3
0.196,0.118,52.3
0.056,0.193,52.3
0.004,0.328,52.3
0.0,0.417,52.3
0.0,0.374,52.3
0.0,0.271,52.3
0.0,0.19,52.3
0.0,0.157,52.3
0.0,0.134,52.3
0.0,0.113,52.3
0.0,0.093,52.3
0.0,0.082,52.3
0.013,0.074,52.3
0.085,0.041,52.3
0.249,0.015,52.3
0.418,0.004,52.3
0.549,0.002,52.3
0.636,0.003,52.3
0.691,0.004,52.3
0.711,0.007,52.3
0.693,0.016,52.3
0.632,0.039,52.3
0.531,0.078,52.3
0.384,0.138,52.3
0.21,0.227,52.3
0.049,0.328,52.3
0.004,0.431,52.3
0.0,0.473,52.3
0.0,0.417,52.3
0.0,0.343,52.3
0.0,0.282,52.3
0.0,0.241,52.3
0.0,0.204,52.3
0.0,0.172,52.3
0.0,0.137,52.3
0.0,0.112,52.3
0.016,0.093,52.3
0.092,0.051,52.3
0.253,0.037,52.3
0.414,0.029,52.3
0.533,0.034,52.3
0.575,0.037,52.3
0.546,0.036,52.3
0.48,0.035,52.3
0.423,0.035,52.3
0.359,0.034,52.3
0.285,0.032,52.3
0.212,0.034,52.3
0.131,0.048,52.3
0.054,0.082,52.3
0.003,0.171,52.3
0.0,0.297,52.3
0.0,0.362,52.3
0.0,0.332,52.3
0.0,0.278,52.3
0.0,0.245,52.3
0.0,0.231,52.3
0.0,0.229,52.3
0.0,0.228,52.3
0.0,0.229,52.3
0.017,0.212,52.3
0.095,0.112,52.3
0.202,0.062,52.3
0.29,0.053,52.3
0.354,0.042,52.3
0.406,0.034,52.3
0.427,0.025,52.3
0.38,0.023,52.3
0.335,0.023,52.3
0.324,0.024,52.3
0.285,0.019,52.3
0.187,0.01,52.3
0.1,0.002,52.3
0.031,0.008,52.3
0.0,0.036,52.3
0.0,0.076,52.3
0.0,0.104,52.3
0.0,0.119,52.3
0.0,0.136,52.3
0.0,0.157,52.3
0.0,0.167,52.3
0.0,0.167,52.3
0.0,0.161,52.3
0.0,0.132,52.3
0.0,0.095,52.3
0.018,0.053,52.3
0.062,0.053,52.3
0.137,0.086,52.3
0.232,0.112,52.3
0.367,0.114,52.3
0.505,0.11,52.3
0.489,0.124,52.3
0.439,0.132,52.3
0.437,0.133,52.3
0.407,0.14,52.3
0.263,0.14,52.3
0.153,0.119,52.3
0.052,0.101,52.3
0.001,0.095,52.3
0.0,0.088,52.3
0.0,0.086,52.3
0.0,0.113,52.3
0.0,0.186,52.3
0.0,0.243,52.3
0.0,0.249,52.3
0.0,0.225,52.3
0.0,0.186,52.3
0.0,0.138,52.3
0.009,0.103,52.3
0.049,0.072,52.3
0.093,0.074,52.3
0.149,0.077,52.3
0.206,0.08,52.3
0.263,0.102,52.3
0.334,0.135,52.3
0.342,0.146,52.3
0.322,0.158,52.3
0.274,0.161,52.3
0.226,0.151,52.3
0.166,0.137,52.3
0.066,0.114,52.3
0.018,0.093,52.3
0.0,0.089,52.3
0.0,0.087,52.3
0.0,0.073,52.3
0.0,0.049,52.3
0.0,0.028,52.3
0.0,0.014,52.3
0.0,0.007,52.3
0.0,0.007,52.3
0.0,0.027,52.3
0.0,0.067,52.3
0.002,0.102,52.3
0.039,0.106,52.3
0.094,0.08,52.3
0.153,0.06,52.3
0.202,0.056,52.3
0.23,0.053,52.3
0.234,0.048,52.3
0.227,0.041,52.3
0.209,0.035,52.3
0.167,0.046,52.3
0.114,0.084,52.3
0.076,0.094,52.3
0.042,0.05,52.3
0.015,0.021,52.3
0.0,0.029,52.3
0.0,0.036,52.3
0.0,0.112,52.3
0.0,0.16,52.3
0.0,0.145,52.3
0.0,0.11,52.3
0.0,0.058,52.3
0.0,0.024,52.3
0.0,0.017,52.3
0.0,0.018,52.3
0.012,0.014,52.3
0.069,0.008,52.3
0.14,0.029,52.3
0.209,0.087,52.3
0.28,0.122,52.3
0.338,0.14,52.3
0.412,0.144,52.3
0.448,0.137,52.3
0.474,0.118,52.3
0.464,0.092,52.3
0.402,0.067,52.3
0.296,0.048,52.3
0.181,0.038,52.3
0.074,0.039,52.3
0.009,0.052,52.3
0.0,0.048,52.3
0.0,0.026,52.3
0.0,0.014,52.3
0.0,0.033,52.3
0.0,0.052,52.3
0.0,0.057,52.3
0.0,0.056,52.3
0.0,0.054,52.3
0.0,0.055,52.3
0.017,0.067,52.3
0.088,0.055,52.3
0.262,0.037,52.3
0.432,0.052,52.3
0.568,0.031,52.3
0.661,0.019,52.3
0.71,0.014,52.3
0.715,0.011,52.3
0.685,0.01,52.3
0.619,0.012,52.3
0.517,0.019,52.3
0.378,0.035,52.3
0.212,0.061,52.3
0.055,0.115,52.3
0.009,0.238,52.3
0.0,0.367,52.3
0.0,0.389,52.3
0.0,0.341,52.3
0.0,0.266,52.3
0.0,0.168,52.3
0.0,0.086,52.3
0.0,0.049,52.3
0.0,0.043,52.3
0.0,0.042,52.3
0.017,0.041,52.3
0.089,0.021,52.3
0.252,0.011,52.3
0.425,0.014,52.3
0.565,0.013,52.3
0.66,0.012,52.3
0.715,0.011,52.3
0.729,0.009,52.3
0.703,0.007,52.3
0.636,0.006,52.3
0.527,0.007,52.3
0.38,0.008,52.3
0.208,0.011,52.3
0.059,0.025,52.3
0.01,0.064,52.3
0.0,0.122,52.3
0.0,0.167,52.3
0.0,0.194,52.3
0.0,0.207,52.3
0.0,0.192,52.3
0.0,0.152,52.3
0.0,0.11,52.3
0.0,0.078,52.3
0.0,0.054,52.3
0.018,0.037,52.3
0.089,0.016,52.3
0.244,0.003,52.3
0.411,0.004,52.3
0.551,0.005,52.3
0.649,0.006,52.3
0.702,0.006,52.3
0.715,0.006,52.3
0.691,0.005,52.3
0.626,0.008,52.3
0.522,0.016,52.3
0.38,0.03,52.3
0.211,0.053,52.3
0.056,0.084,52.3
0.01,0.154,52.3
0.0,0.243,52.3
0.0,0.322,52.3
0.0,0.346,52.3
0.0,0.311,52.3
0.0,0.248,52.3
0.0,0.192,52.3
0.0,0.16,52.3
0.0,0.145,52.3
0.0,0.132,52.3
0.018,0.115,52.3
0.087,0.074,52.3
0.251,0.023,52.3
0.413,0.017,52.3
0.547,0.018,52.3
0.643,0.019,52.3
0.696,0.021,52.3
0.71,0.023,52.3
0.685,0.026,52.3
0.621,0.032,52.3
0.519,0.041,52.3
0.375,0.058,52.3
0.209,0.09,52.3
0.056,0.145,52.3
0.011,0.281,52.3
0.0,0.432,52.3
0.0,0.477,52.3
0.0,0.444,52.3
0.0,0.362,52.3
0.0,0.28,52.3
0.0,0.233,52.3
0.0,0.22,52.3
0.0,0.212,52.3
0.0,0.186,52.3
0.019,0.155,52.3
0.088,0.088,52.3
0.251,0.05,52.3
0.414,0.049,52.3
0.546,0.049,52.3
0.634,0.049,52.3
0.685,0.046,52.3
0.698,0.037,52.3
0.681,0.032,52.3
0.617,0.035,52.3
0.514,0.05,52.3
0.373,0.076,52.3
0.208,0.122,52.3
0.058,0.214,52.3
0.011,0.385,52.3
0.0,0.507,52.3
0.0,0.471,52.3
0.0,0.374,52.3
0.0,0.263,52.3
0.0,0.193,52.3
0.0,0.189,52.3
0.0,0.198,52.3
0.0,0.195,52.3
0.0,0.191,52.3
0.019,0.163,52.3
0.091,0.087,52.3
0.223,0.062,52.3
0.367,0.055,52.3
0.503,0.045,52.3
0.6,0.041,52.3
0.669,0.038,52.3
0.675,0.035,52.3
0.637,0.035,52.3
0.569,0.046,52.3
0.469,0.068,52.3
0.34,0.111,52.3
0.196,0.186,52.3
0.068,0.302,52.3
0.011,0.439,52.3
0.0,0.493,52.3
0.0,0.436,52.3
0.0,0.31,52.3
0.0,0.203,52.3
0.0,0.167,52.3
0.0,0.192,52.3
0.0,0.22,52.3
0.0,0.238,52.3
0.0,0.244,52.3
0.02,0.201,52.3
0.09,0.101,52.3
0.244,0.071,52.3
0.402,0.05,52.3
0.533,0.044,52.3
0.625,0.049,52.3
0.676,0.062,52.3
0.689,0.08,52.3
0.663,0.108,52.3
0.603,0.154,52.3
0.506,0.227,52.3
0.372,0.31,52.3
0.212,0.386,52.3
0.058,0.398,52.3
0.012,0.432,52.3
0.0,0.485,52.3
0.0,0.447,52.3
0.0,0.343,52.3
0.0,0.221,52.3
0.0,0.133,52.3
0.0,0.115,52.3
0.0,0.106,52.3
0.0,0.108,52.3
0.0,0.134,52.3
0.022,0.128,52.3
0.084,0.056,52.3
0.159,0.058,52.3
0.261,0.075,52.3
0.388,0.101,52.3
0.42,0.132,52.3
0.488,0.163,52.3
0.54,0.2,52.3
0.56,0.237,52.3
0.536,0.284,52.3
0.473,0.328,52.3
0.339,0.374,52.3
0.206,0.436,52.3
0.072,0.466,52.3
0.014,0.444,52.3
0.0,0.439,52.3
0.0,0.392,52.3
0.0,0.285,52.3
0.0,0.195,52.3
0.0,0.165,52.3
0.0,0.168,52.3
0.0,0.167,52.3
0.0,0.154,52.3
0.0,0.144,52.3
0.02,0.123,52.3
0.09,0.072,52.3
0.259,0.072,52.3
0.428,0.044,52.3
0.563,0.031,52.3
0.654,0.029,52.3
0.704,0.026,52.3
0.712,0.027,52.3
0.655,0.035,52.3
0.59,0.049,52.3
0.491,0.07,52.3
0.355,0.087,52.3
0.202,0.104,52.3
0.066,0.12,52.3
0.012,0.123,52.3
0.0,0.137,52.3
0.0,0.124,52.3
0.0,0.101,52.3
0.0,0.076,52.3
0.0,0.058,52.3
0.0,0.048,52.3
0.0,0.047,52.3
0.0,0.054,52.3
0.0,0.068,52.3
0.021,0.074,52.3
0.09,0.041,52.3
0.248,0.018,52.3
0.41,0.009,52.3
0.545,0.008,52.3
0.634,0.009,52.3
0.689,0.011,52.3
0.702,0.013,52.3
0.679,0.014,52.3
0.617,0.019,52.3
0.516,0.035,52.3
0.377,0.065,52.3
0.213,0.102,52.3
0.061,0.135,52.3
0.013,0.176,52.3
0.0,0.231,52.3
0.0,0.259,52.3
0.0,0.228,52.3
0.0,0.162,52.3
0.0,0.09,52.3
0.0,0.04,52.3
0.0,0.022,52.3
0.0,0.015,52.3
0.0,0.014,52.3
0.018,0.017,52.3
0.074,0.013,52.3
0.14,0.024,52.3
0.197,0.056,52.3
0.247,0.079,52.3
0.319,0.099,52.3
0.54,0.095,52.3
0.652,0.082,52.3
0.638,0.058,52.3
0.572,0.038,52.3
0.395,0.049,52.3
0.19,0.133,52.3
0.15,0.263,52.3
0.074,0.327,52.3
0.011,0.337,52.3
0.0,0.314,52.3
0.0,0.237,52.3
0.0,0.195,52.3
0.0,0.184,52.3
0.0,0.186,52.3
0.0,0.167,52.3
0.0,0.147,52.3
0.0,0.139,52.3
0.0,0.121,52.3
0.011,0.093,52.3
0.07,0.061,52.3
0.204,0.084,52.3
0.363,0.139,52.3
0.487,0.146,52.3
0.579,0.124,52.3
0.543,0.09,52.3
0.464,0.054,52.3
0.518,0.073,52.3
0.5,0.126,52.3
0.398,0.195,52.3
0.309,0.305,52.3
0.191,0.362,52.3
0.075,0.358,52.3
0.013,0.362,52.3
0.0,0.376,52.3
0.0,0.355,52.3
0.0,0.334,52.3
0.0,0.32,52.3
0.0,0.281,52.3
0.0,0.241,52.3
0.0,0.228,52.3
0.0,0.231,52.3
0.0,0.24,52.3
0.025,0.213,52.3
0.101,0.172,52.3
0.18,0.181,52.3
0.244,0.167,52.3
0.327,0.147,52.3
0.439,0.144,52.3
0.452,0.159,52.3
0.377,0.157,52.3
0.323,0.153,52.3
0.284,0.145,52.3
0.226,0.128,52.3
0.154,0.115,52.3
0.084,0.084,52.3
0.03,0.054,52.3
0.0,0.041,52.3
0.0,0.029,52.3
0.0,0.027,52.3
0.0,0.032,52.3
0.0,0.045,52.3
0.0,0.068,52.3
0.0,0.101,52.3
0.0,0.154,52.3
0.0,0.22,52.3
0.0,0.269,52.3
0.021,0.254,52.3
0.09,0.195,52.3
0.248,0.202,52.3
0.416,0.186,52.3
0.55,0.168,52.3
0.644,0.18,52.3
0.699,0.227,52.3
0.712,0.286,52.3
0.683,0.352,52.3
0.617,0.41,52.3
0.519,0.449,52.3
0.386,0.475,52.3
0.224,0.478,52.3
0.059,0.449,52.3
0.013,0.416,52.3
0.0,0.433,52.3
0.0,0.387,52.3
0.0,0.33,52.3
0.0,0.283,52.3
0.0,0.266,52.3
0.0,0.262,52.3
0.0,0.256,52.3
0.0,0.241,52.3
0.0,0.208,52.3
0.018,0.163,52.3
0.086,0.073,52.3
0.265,0.067,52.3
0.437,0.08,52.3
0.573,0.094,52.3
0.668,0.092,52.3
0.72,0.087,52.3
0.732,0.086,52.3
0.706,0.085,52.3
0.641,0.088,52.3
0.537,0.111,52.3
0.387,0.134,52.3
0.209,0.121,52.3
0.068,0.105,52.3
0.013,0.115,52.3
0.0,0.122,52.3
0.0,0.128,52.3
0.0,0.115,52.3
0.0,0.082,52.3
0.0,0.044,52.3
0.0,0.015,52.3
0.0,0.005,52.3
0.0,0.002,52.3
0.0,0.006,52.3
0.024,0.02,52.3
0.094,0.031,52.3
0.24,0.051,52.3
0.38,0.147,52.3
0.515,0.198,52.3
0.618,0.173,52.3
0.677,0.155,52.3
0.689,0.125,52.3
0.591,0.119,52.3
0.359,0.137,52.3
0.258,0.137,52.3
0.184,0.193,52.3
0.149,0.237,52.3
0.076,0.153,52.3
0.013,0.103,52.3
0.0,0.163,52.3
0.0,0.256,52.3
0.0,0.278,52.3
0.0,0.256,52.3
0.0,0.212,52.3
0.0,0.197,52.3
0.0,0.164,52.3
0.0,0.119,52.3
0.0,0.104,52.3
0.023,0.093,52.3
0.094,0.084,52.3
0.223,0.086,52.3
0.364,0.058,52.3
0.484,0.038,52.3
0.566,0.036,52.3
0.574,0.043,52.3
0.529,0.049,52.3
0.514,0.047,52.3
0.509,0.051,52.3
0.421,0.073,52.3
0.24,0.134,52.3
0.165,0.23,52.3
0.078,0.314,52.3
0.013,0.374,52.3
0.0,0.405,52.3
0.0,0.337,52.3
0.0,0.257,52.3
0.0,0.199,52.3
0.0,0.175,52.3
0.0,0.168,52.3
0.0,0.16,52.3
0.0,0.147,52.3
0.0,0.133,52.3
0.022,0.108,52.3
0.087,0.066,52.3
0.247,0.035,52.3
0.408,0.028,52.3
0.539,0.032,52.3
0.635,0.034,52.3
0.687,0.033,52.3
0.701,0.031,52.3
0.679,0.031,52.3
0.618,0.029,52.3
0.517,0.024,52.3
0.38,0.02,52.3
0.216,0.015,52.3
0.06,0.01,52.3
0.013,0.036,52.3
0.0,0.133,52.3
0.0,0.228,52.3
0.0,0.262,52.3
0.0,0.225,52.3
0.0,0.164,52.3
0.0,0.116,52.3
0.0,0.088,52.3
0.0,0.062,52.3
0.0,0.033,52.3
0.022,0.021,52.3
0.087,0.034,52.3
0.246,0.114,52.3
0.402,0.167,52.3
0.531,0.145,52.3
0.625,0.122,52.3
0.67,0.113,52.3
0.678,0.113,52.3
0.651,0.111,52.3
0.588,0.103,52.3
0.49,0.095,52.3
0.35,0.09,52.3
0.202,0.084,52.3
0.07,0.084,52.3
0.014,0.096,52.3
0.0,0.105,52.3
0.0,0.115,52.3
0.0,0.133,52.3
0.0,0.139,52.3
0.0,0.118,52.3
0.0,0.086,52.3
0.0,0.062,52.3
0.0,0.056,52.3
0.0,0.077,52.3
0.024,0.108,52.3
0.092,0.084,52.3
0.244,0.073,52.3
0.398,0.037,52.3
0.526,0.013,52.3
0.604,0.003,52.3
0.632,0.002,52.3
0.621,0.001,52.3
0.53,0.003,52.3
0.426,0.004,52.3
0.303,0.003,52.3
0.221,0.002,52.3
0.123,0.007,52.3
0.052,0.02,52.3
0.01,0.048,52.3
0.0,0.111,52.3
0.0,0.22,52.3
0.0,0.305,52.3
0.0,0.318,52.3
0.0,0.289,52.3
0.0,0.24,52.3
0.0,0.194,52.3
0.0,0.158,52.3
0.0,0.145,52.3
0.024,0.135,52.3
0.092,0.071,52.3
0.233,0.054,52.3
0.384,0.053,52.3
0.504,0.047,52.3
0.578,0.041,52.3
0.599,0.039,52.3
0.585,0.043,52.3
0.561,0.054,52.3
0.52,0.08,52.3
0.437,0.131,52.3
0.334,0.2,52.3
0.203,0.27,52.3
0.074,0.335,52.3
0.013,0.393,52.3
0.0,0.425,52.3
0.0,0.398,52.3
0.0,0.322,52.3
0.0,0.245,52.3
0.0,0.192,52.3
0.0,0.183,52.3
0.0,0.182,52.3
0.0,0.171,52.3
0.0,0.171,52.3
0.024,0.152,52.3
0.09,0.088,52.3
0.236,0.064,52.3
0.403,0.046,52.3
0.534,0.042,52.3
0.62,0.045,52.3
0.67,0.05,52.3
0.678,0.058,52.3
0.646,0.072,52.3
0.571,0.102,52.3
0.466,0.137,52.3
0.339,0.157,52.3
0.199,0.169,52.3
0.074,0.191,52.3
0.013,0.216,52.3
0.0,0.241,52.3
0.0,0.23,52.3
0.0,0.192,52.3
0.0,0.167,52.3
0.0,0.159,52.3
0.0,0.158,52.3
0.0,0.146,52.3
0.0,0.125,52.3
0.0,0.108,52.3
0.026,0.089,52.3
0.095,0.04,52.3
0.213,0.023,52.3
0.351,0.025,52.3
0.486,0.025,52.3
0.463,0.021,52.3
0.374,0.019,52.3
0.434,0.019,52.3
0.45,0.016,52.3
0.456,0.011,52.3
0.405,0.009,52.3
0.308,0.008,52.3
0.191,0.008,52.3
0.077,0.01,52.3
0.013,0.021,52.3
0.0,0.022,52.3
0.0,0.011,52.3
0.0,0.009,52.3
0.0,0.013,52.3
0.0,0.014,52.3
0.0,0.011,52.3
0.0,0.007,52.3
0.0,0.004,52.3
0.0,0.007,52.3
0.024,0.006,52.3
0.096,0.006,52.3
0.239,0.015,52.3
0.392,0.02,52.3
0.517,0.026,52.3
0.594,0.032,52.3
0.627,0.03,52.3
0.596,0.028,52.3
0.511,0.032,52.3
0.414,0.038,52.3
0.312,0.039,52.3
0.207,0.03,52.3
0.135,0.017,52.3
0.061,0.021,52.3
0.008,0.039,52.3
0.0,0.032,52.3
0.0,0.049,52.3
0.0,0.081,52.3
0.0,0.048,52.3
0.0,0.018,52.3
0.0,0.028,52.3
0.0,0.058,52.3
0.0,0.069,52.3
0.0,0.049,52.3
0.022,0.017,52.3
0.086,0.003,52.3
0.244,0.001,52.3
0.404,0.001,52.3
0.535,0.001,52.3
0.633,0.0,52.3
0.685,0.001,52.3
0.697,0.005,52.3
0.674,0.007,52.3
0.612,0.005,52.3
0.512,0.003,52.3
0.376,0.003,52.3
0.215,0.004,52.3
0.066,0.006,52.3
0.014,0.015,52.3
0.0,0.039,52.3
0.0,0.069,52.3
0.0,0.09,52.3
0.0,0.101,52.3
0.0,0.093,52.3
0.0,0.074,52.3
0.0,0.051,52.3
0.0,0.032,52.3
0.0,0.021,52.3
0.022,0.016,52.3
0.085,0.007,52.3
0.242,0.009,52.3
0.398,0.012,52.3
0.526,0.011,52.3
0.619,0.006,52.3
0.67,0.001,52.3
0.683,0.002,52.3
0.661,0.009,52.3
0.6,0.014,52.3
0.502,0.017,52.3
0.369,0.02,52.3
0.211,0.024,52.3
0.065,0.031,52.3
0.014,0.065,52.3
0.0,0.111,52.3
0.0,0.149,52.3
0.0,0.164,52.3
0.0,0.168,52.3
0.0,0.176,52.3
0.0,0.179,52.3
0.0,0.174,52.3
0.0,0.155,52.3
0.0,0.107,52.3
0.023,0.054,52.3
0.086,0.015,52.3
0.234,0.009,52.3
0.385,0.004,52.3
0.511,0.002,52.3
0.596,0.004,52.3
0.647,0.007,52.3
0.66,0.013,52.3
0.632,0.022,52.3
0.571,0.035,52.3
0.471,0.043,52.3
0.346,0.05,52.3
0.197,0.058,52.3
0.071,0.07,52.3
0.013,0.099,52.3
0.0,0.116,52.3
0.0,0.117,52.3
0.0,0.115,52.3
0.0,0.113,52.3
0.0,0.11,52.3
0.0,0.104,52.3
0.0,0.1,52.3
0.0,0.094,52.3
0.0,0.068,52.3
0.022,0.03,52.3
0.087,0.007,52.3
0.226,0.005,52.3
0.373,0.007,52.3
0.496,0.008,52.3
0.579,0.009,52.3
0.626,0.011,52.3
0.639,0.017,52.3
0.617,0.027,52.3
0.56,0.039,52.3
0.466,0.051,52.3
0.341,0.061,52.3
0.196,0.068,52.3
0.071,0.076,52.3
0.012,0.101,52.3
0.0,0.107,52.3
0.0,0.086,52.3
0.0,0.061,52.3
0.0,0.038,52.3
0.0,0.018,52.3
0.0,0.006,52.3
0.0,0.001,52.3
0.0,0.002,52.3
0.0,0.006,52.3
0.022,0.017,52.3
0.084,0.02,52.3
0.227,0.014,52.3
0.372,0.013,52.3
0.496,0.01,52.3
0.583,0.007,52.3
0.635,0.008,52.3
0.652,0.012,52.3
0.634,0.016,52.3
0.577,0.02,52.3
0.484,0.024,52.3
0.356,0.027,52.3
0.205,0.038,52.3
0.063,0.023,52.3
0.013,0.034,52.3
0.0,0.097,52.3
0.0,0.132,52.3
0.0,0.14,52.3
0.0,0.162,52.3
0.0,0.191,52.3
0.0,0.194,52.3
0.0,0.163,52.3
0.0,0.116,52.3
0.0,0.072,52.3
0.021,0.049,52.3
0.083,0.042,52.3
0.227,0.064,52.3
0.369,0.128,52.3
0.482,0.193,52.3
0.571,0.233,52.3
0.628,0.225,52.3
0.644,0.201,52.3
0.628,0.18,52.3
0.571,0.172,52.3
0.478,0.167,52.3
0.351,0.167,52.3
0.202,0.178,52.3
0.068,0.2,52.3
0.014,0.275,52.3
0.0,0.364,52.3
0.0,0.422,52.3
0.0,0.408,52.3
0.0,0.37,52.3
0.0,0.394,52.3
0.0,0.439,52.3
0.0,0.431,52.3
0.0,0.468,52.3
0.0,0.442,52.3
0.022,0.343,52.3
0.085,0.267,52.3
0.224,0.258,52.3
0.372,0.21,52.3
0.498,0.17,52.3
0.575,0.136,52.3
0.632,0.104,52.3
0.64,0.082,52.3
0.622,0.073,52.3
0.544,0.073,52.3
0.44,0.077,52.3
0.323,0.089,52.3
0.197,0.103,52.3
0.07,0.129,52.3
0.014,0.201,52.3
0.0,0.272,52.3
0.0,0.291,52.3
0.0,0.294,52.3
0.0,0.31,52.3
0.0,0.272,52.3
0.0,0.175,52.3
0.0,0.154,52.3
0.0,0.185,52.3
0.0,0.18,52.3
0.022,0.112,52.3
0.083,0.037,52.3
0.233,0.035,52.3
0.384,0.023,52.3
0.51,0.02,52.3
0.599,0.021,52.3
0.649,0.021,52.3
0.661,0.019,52.3
0.638,0.017,52.3
0.578,0.016,52.3
0.482,0.013,52.3
0.351,0.011,52.3
0.2,0.009,52.3
0.069,0.01,52.3
0.013,0.017,52.3
0.0,0.027,52.3
0.0,0.056,52.3
0.0,0.105,52.3
0.0,0.147,52.3
0.0,0.169,52.3
0.0,0.168,52.3
0.0,0.151,52.3
0.0,0.12,52.3
0.0,0.099,52.3
0.023,0.079,52.3
0.087,0.04,52.3
0.229,0.025,52.3
0.371,0.012,52.3
0.479,0.004,52.3
0.543,0.001,52.3
0.564,0.002,52.3
0.548,0.003,52.3
0.509,0.005,52.3
0.443,0.005,52.3
0.359,0.007,52.3
0.267,0.008,52.3
0.168,0.006,52.3
0.072,0.003,52.3
0.012,0.025,52.3
0.0,0.132,52.3
0.0,0.291,52.3
0.0,0.341,52.3
0.0,0.246,52.3
0.0,0.147,52.3
0.0,0.101,52.3
0.0,0.13,52.3
0.0,0.121,52.3
0.0,0.126,52.3
0.019,0.143,52.3
0.087,0.077,52.3
0.21,0.02,52.3
0.35,0.008,52.3
0.478,0.005,52.3
0.578,0.005,52.3
0.633,0.002,52.3
0.638,0.001,52.3
0.603,0.001,52.3
0.533,0.001,52.3
0.425,0.001,52.3
0.294,0.001,52.3
0.166,0.001,52.3
0.067,0.001,52.3
0.01,0.003,52.3
0.0,0.022,52.3
0.0,0.075,52.3
0.0,0.088,52.3
0.0,0.081,52.3
0.0,0.076,52.3
0.0,0.093,52.3
0.0,0.155,52.3
0.0,0.225,52.3
0.0,0.227,52.3
0.024,0.155,52.3
0.094,0.094,52.3
0.179,0.08,52.3
0.252,0.059,52.3
0.301,0.072,52.3
0.334,0.083,52.3
0.334,0.073,52.3
0.325,0.058,52.3
0.309,0.044,52.3
0.282,0.034,52.3
0.239,0.028,52.3
0.179,0.029,52.3
0.112,0.039,52.3
0.049,0.056,52.3
0.004,0.074,52.3
0.0,0.1,52.3
0.0,0.149,52.3
0.0,0.216,52.3
0.0,0.231,52.3
0.0,0.193,52.3
0.0,0.186,52.3
0.0,0.194,52.3
0.0,0.178,52.3
0.0,0.139,52.3
0.01,0.1,52.3
0.06,0.076,52.3
0.111,0.086,52.3
0.189,0.11,52.3
0.301,0.118,52.3
0.452,0.113,52.3
0.537,0.093,52.3
0.591,0.062,52.3
0.561,0.043,52.3
0.505,0.033,52.3
0.418,0.025,52.3
0.312,0.019,52.3
0.191,0.019,52.3
0.078,0.026,52.3
0.014,0.05,52.3
0.0,0.071,52.3
0.0,0.074,52.3
0.0,0.065,52.3
0.0,0.048,52.3
0.0,0.031,52.3
0.0,0.018,52.3
0.0,0.011,52.3
0.0,0.01,52.3
0.0,0.011,52.3
0.02,0.011,52.3
0.078,0.006,52.3
0.235,0.007,52.3
0.393,0.012,52.3
0.521,0.012,52.3
0.611,0.013,52.3
0.66,0.019,52.3
0.675,0.022,52.3
0.654,0.022,52.3
0.596,0.02,52.3
0.502,0.019,52.3
0.37,0.027,52.3
0.213,0.062,52.3
0.064,0.154,52.3
0.012,0.325,52.3
0.0,0.466,52.3
0.0,0.485,52.3
0.0,0.405,52.3
0.0,0.297,52.3
0.0,0.227,52.3
0.0,0.209,52.3
0.0,0.205,52.3
0.0,0.195,52.3
0.0,0.172,52.3
0.02,0.116,52.3
0.08,0.08,52.3
0.232,0.069,52.3
0.385,0.051,52.3
0.51,0.046,52.3
0.593,0.046,52.3
0.644,0.045,52.3
0.658,0.049,52.3
0.634,0.07,52.3
0.574,0.117,52.3
0.476,0.206,52.3
0.34,0.324,52.3
0.194,0.41,52.3
0.071,0.443,52.3
0.012,0.435,52.3
0.0,0.381,52.3
0.0,0.264,52.3
0.0,0.176,52.3
0.0,0.118,52.3
0.0,0.095,52.3
0.0,0.09,52.3
0.0,0.097,52.3
0.0,0.104,52.3
0.0,0.1,52.3
0.019,0.073,52.3
0.085,0.039,52.3
0.2,0.035,52.3
0.325,0.038,52.3
0.431,0.05,52.3
0.516,0.067,52.3
0.56,0.066,52.3
0.571,0.058,52.3
0.565,0.058,52.3
0.524,0.051,52.3
0.443,0.042,52.3
0.33,0.042,52.3
0.197,0.054,52.3
0.072,0.075,52.3
0.012,0.118,52.3
0.0,0.137,52.3
0.0,0.123,52.3
0.0,0.098,52.3
0.0,0.074,52.3
0.0,0.052,52.3
0.0,0.036,52.3
0.0,0.03,52.3
0.0,0.034,52.3
0.0,0.041,52.3
0.02,0.052,52.3
0.081,0.037,52.3
0.235,0.042,52.3
0.349,0.045,52.3
0.443,0.024,52.3
0.533,0.01,52.3
0.634,0.001,52.3
0.672,0.004,52.3
0.654,0.012,52.3
0.587,0.015,52.3
0.489,0.031,52.3
0.363,0.082,52.3
0.19,0.147,52.3
0.065,0.278,52.3
0.007,0.407,52.3
0.0,0.368,52.3
0.0,0.254,52.3
0.0,0.172,52.3
0.0,0.133,52.3
0.0,0.111,52.3
0.0,0.106,52.3
0.0,0.119,52.3
0.0,0.155,52.3
0.0,0.22,52.3
0.017,0.243,52.3
0.085,0.241,52.3
0.21,0.166,52.3
0.288,0.089,52.3
0.289,0.059,52.3
0.297,0.073,52.3
0.338,0.107,52.3
0.306,0.118,52.3
0.256,0.089,52.3
0.23,0.059,52.3
0.189,0.041,52.3
0.136,0.034,52.3
0.082,0.037,52.3
0.033,0.047,52.3
0.0,0.083,52.3
0.0,0.133,52.3
0.0,0.158,52.3
0.0,0.144,52.3
0.0,0.124,52.3
0.0,0.138,52.3
0.0,0.178,52.3
0.0,0.213,52.3
0.0,0.256,52.3
0.0,0.332,52.3
0.007,0.376,52.3
0.062,0.426,52.3
0.174,0.49,52.3
0.335,0.513,52.3
0.518,0.494,52.3
0.619,0.431,52.3
0.675,0.355,52.3
0.692,0.274,52.3
0.671,0.201,52.3
0.611,0.147,52.3
0.511,0.107,52.3
0.376,0.092,52.3
0.216,0.097,52.3
0.069,0.121,52.3
0.012,0.183,52.3
0.0,0.251,52.3
0.0,0.253,52.3
0.0,0.219,52.3
0.0,0.181,52.3
0.0,0.163,52.3
0.0,0.143,52.3
0.0,0.118,52.3
0.0,0.1,52.3
0.0,0.092,52.3
0.021,0.087,52.3
0.084,0.044,52.3
0.158,0.03,52.3
0.236,0.021,52.3
0.359,0.017,52.3
0.374,0.018,52.3
0.301,0.026,52.3
0.235,0.047,52.3
0.252,0.067,52.3
0.424,0.072,52.3
0.32,0.079,52.3
0.263,0.076,52.3
0.193,0.061,52.3
0.077,0.042,52.3
0.011,0.041,52.3
0.0,0.058,52.3
0.0,0.07,52.3
0.0,0.086,52.3
0.0,0.094,52.3
0.0,0.088,52.3
0.0,0.073,52.3
0.0,0.048,52.3
0.0,0.027,52.3
0.0,0.015,52.3
0.019,0.009,52.3
0.079,0.004,52.3
0.231,0.005,52.3
0.392,0.007,52.3
0.521,0.008,52.3
0.617,0.008,52.3
0.673,0.008,52.3
0.687,0.008,52.3
0.662,0.01,52.3
0.6,0.008,52.3
0.499,0.007,52.3
0.323,0.008,52.3
0.195,0.024,52.3
0.068,0.086,52.3
0.01,0.22,52.3
0.0,0.35,52.3
0.0,0.379,52.3
0.0,0.332,52.3
0.0,0.261,52.3
0.0,0.198,52.3
0.0,0.128,52.3
0.0,0.072,52.3
0.0,0.043,52.3
0.0,0.029,52.3
0.017,0.021,52.3
0.074,0.021,52.3
0.239,0.073,52.3
0.394,0.123,52.3
0.493,0.159,52.3
0.553,0.159,52.3
0.678,0.131,52.3
0.696,0.105,52.3
0.67,0.091,52.3
0.608,0.092,52.3
0.508,0.104,52.3
0.372,0.127,52.3
0.212,0.169,52.3
0.065,0.225,52.3
0.009,0.328,52.3
0.0,0.459,52.3
0.0,0.525,52.3
0.0,0.498,52.3
0.0,0.416,52.3
0.0,0.344,52.3
0.0,0.299,52.3
0.0,0.259,52.3
0.0,0.222,52.3
0.0,0.184,52.3
0.019,0.126,52.3
0.08,0.07,52.3
0.233,0.061,52.3
0.391,0.04,52.3
0.522,0.021,52.3
0.613,0.007,52.3
0.662,0.006,52.3
0.666,0.005,52.3
0.626,0.005,52.3
0.555,0.019,52.3
0.453,0.032,52.3
0.331,0.052,52.3
0.168,0.076,52.3
0.053,0.107,52.3
0.0,0.135,52.3
0.0,0.148,52.3
0.0,0.138,52.3
0.0,0.11,52.3
0.0,0.079,52.3
0.0,0.046,52.3
0.0,0.019,52.3
0.0,0.043,52.3
0.0,0.134,52.3
0.0,0.334,52.3
0.002,0.508,52.3
0.051,0.568,52.3
0.104,0.537,52.3
0.104,0.461,52.3
0.12,0.513,52.3
0.152,0.601,52.3
0.18,0.663,52.3
0.192,0.663,52.3
0.188,0.601,52.3
0.178,0.491,52.3
0.171,0.34,52.3
0.165,0.192,52.3
0.141,0.095,52.3
0.059,0.055,52.3
0.005,0.055,52.3
0.0,0.057,52.3
0.0,0.058,52.3
0.0,0.066,52.3
0.0,0.062,52.3
0.0,0.049,52.3
0.0,0.033,52.3
0.0,0.018,52.3
0.0,0.008,52.3
0.0,0.005,52.3
0.016,0.016,52.3
0.074,0.017,52.3
0.237,0.005,52.3
0.401,0.007,52.3
0.534,0.008,52.3
0.627,0.007,52.3
0.68,0.005,52.3
0.698,0.005,52.3
0.683,0.004,52.3
0.623,0.001,52.3
0.521,0.002,52.3
0.383,0.002,52.3
0.218,0.003,52.3
0.063,0.006,52.3
0.008,0.015,52.3
0.0,0.041,52.3
0.0,0.077,52.3
0.0,0.102,52.3
0.0,0.106,52.3
0.0,0.1,52.3
0.0,0.093,52.3
0.0,0.093,52.3
0.0,0.096,52.3
0.0,0.104,52.3
0.015,0.113,52.3
0.076,0.079,52.3
0.233,0.048,52.3
0.398,0.03,52.3
0.531,0.02,52.3
0.628,0.017,52.3
0.68,0.018,52.3
0.693,0.023,52.3
0.669,0.032,52.3
0.599,0.049,52.3
0.492,0.077,52.3
0.361,0.116,52.3
0.208,0.165,52.3
0.066,0.218,52.3
0.007,0.286,52.3
0.0,0.363,52.3
0.0,0.369,52.3
0.0,0.343,52.3
0.0,0.3,52.3
0.0,0.244,52.3
0.0,0.203,52.3
0.0,0.199,52.3
0.0,0.202,52.3
0.0,0.173,52.3
0.001,0.119,52.3
0.026,0.057,52.3
0.078,0.034,52.3
0.16,0.014,52.3
0.242,0.016,52.3
0.33,0.035,52.3
0.447,0.047,52.3
0.552,0.046,52.3
0.572,0.04,52.3
0.54,0.037,52.3
0.448,0.035,52.3
0.331,0.031,52.3
0.19,0.034,52.3
0.065,0.038,52.3
0.003,0.047,52.3
0.0,0.046,52.3
0.0,0.036,52.3
0.0,0.033,52.3
0.0,0.036,52.3
0.0,0.03,52.3
0.0,0.025,52.3
0.0,0.024,52.3
0.0,0.022,52.3
0.0,0.021,52.3
0.014,0.021,52.3
0.077,0.013,52.3
0.205,0.015,52.3
0.363,0.009,52.3
0.489,0.002,52.3
0.556,0.002,52.3
0.602,0.001,52.3
0.617,0.002,52.3
0.608,0.004,52.3
0.549,0.003,52.3
0.434,0.006,52.3
0.315,0.017,52.3
0.184,0.033,52.3
0.066,0.058,52.3
0.005,0.118,52.3
0.0,0.207,52.3
0.0,0.302,52.3
0.0,0.347,52.3
0.0,0.332,52.3
0.0,0.291,52.3
0.0,0.243,52.3
0.0,0.191,52.3
0.0,0.139,52.3
0.0,0.112,52.3
0.014,0.096,52.3
0.074,0.064,52.3
0.224,0.045,52.3
0.381,0.033,52.3
0.511,0.028,52.3
0.594,0.025,52.3
0.638,0.025,52.3
0.629,0.03,52.3
0.621,0.045,52.3
0.565,0.068,52.3
0.458,0.093,52.3
0.32,0.126,52.3
0.18,0.163,52.3
0.065,0.216,52.3
0.003,0.323,52.3
0.0,0.402,52.3
0.0,0.381,52.3
0.0,0.313,52.3
0.0,0.245,52.3
0.0,0.223,52.3
0.0,0.22,52.3
0.0,0.21,52.3
0.0,0.191,52.3
0.0,0.174,52.3
0.012,0.143,52.3
0.075,0.093,52.3
0.206,0.088,52.3
0.324,0.061,52.3
0.478,0.031,52.3
0.594,0.023,52.3
0.646,0.019,52.3
0.657,0.014,52.3
0.634,0.011,52.3
0.573,0.015,52.3
0.471,0.025,52.3
0.333,0.044,52.3
0.19,0.082,52.3
0.063,0.155,52.3
0.004,0.27,52.3
0.0,0.352,52.3
0.0,0.352,52.3
0.0,0.248,52.3
0.0,0.156,52.3
0.0,0.108,52.3
0.0,0.098,52.3
0.0,0.088,52.3
0.0,0.058,52.3
0.0,0.032,52.3
0.013,0.015,52.3
0.074,0.003,52.3
0.203,0.003,52.3
0.339,0.008,52.3
0.483,0.01,52.3
0.579,0.011,52.3
0.636,0.013,52.3
0.642,0.016,52.3
0.625,0.014,52.3
0.559,0.012,52.3
0.455,0.013,52.3
0.327,0.011,52.3
0.182,0.009,52.3
0.061,0.012,52.3
0.002,0.03,52.3
0.0,0.057,52.3
0.0,0.077,52.3
0.0,0.079,52.3
0.0,0.071,52.3
0.0,0.057,52.3
0.0,0.039,52.3
0.0,0.024,52.3
0.0,0.015,52.3
0.0,0.012,52.3
0.011,0.013,52.3
0.069,0.009,52.3
0.216,0.008,52.3
0.368,0.009,52.3
0.498,0.012,52.3
0.589,0.011,52.3
0.642,0.009,52.3
0.655,0.007,52.3
0.631,0.005,52.3
0.571,0.005,52.3
0.474,0.007,52.3
0.346,0.008,52.3
0.196,0.008,52.3
0.06,0.008,52.3
0.003,0.01,52.3
0.0,0.01,52.3
0.0,0.011,52.3
0.0,0.02,52.3
0.0,0.026,52.3
0.0,0.026,52.3
0.0,0.022,52.3
0.0,0.017,52.3
0.0,0.013,52.3
0.0,0.011,52.3
0.01,0.011,52.3
0.07,0.006,52.3
0.216,0.003,52.3
0.372,0.002,52.3
0.499,0.001,52.3
0.577,0.0,52.3
0.629,0.0,52.3
0.641,0.001,52.3
0.62,0.002,52.3
0.553,0.003,52.3
0.452,0.003,52.3
0.319,0.003,52.3
0.18,0.004,52.3
0.06,0.006,52.3
0.002,0.013,52.3
0.0,0.03,52.3
0.0,0.058,52.3
0.0,0.075,52.3
0.0,0.071,52.3
0.0,0.058,52.3
0.0,0.043,52.3
0.0,0.033,52.3
0.0,0.025,52.3
0.0,0.02,52.3
0.009,0.018,52.3
0.068,0.01,52.3
0.215,0.008,52.3
0.367,0.008,52.3
0.491,0.005,52.3
0.565,0.003,52.3
0.608,0.002,52.3
0.615,0.002,52.3
0.588,0.003,52.3
0.535,0.005,52.3
0.443,0.009,52.3
0.323,0.018,52.3
0.184,0.033,52.3
0.059,0.061,52.3
0.002,0.117,52.3
0.0,0.185,52.3
0.0,0.239,52.3
0.0,0.249,52.3
0.0,0.235,52.3
0.0,0.206,52.3
0.0,0.178,52.3
0.0,0.155,52.3
0.0,0.134,52.3
0.0,0.11,52.3
0.008,0.088,52.3
0.065,0.044,52.3
0.22,0.041,52.3
0.378,0.041,52.3
0.505,0.031,52.3
0.594,0.03,52.3
0.645,0.039,52.3
0.653,0.057,52.3
0.623,0.077,52.3
0.555,0.096,52.3
0.458,0.126,52.3
0.333,0.18,52.3
0.191,0.272,52.3
0.058,0.409,52.3
0.002,0.516,52.3
0.0,0.535,52.3
0.0,0.448,52.3
0.0,0.33,52.3
0.0,0.213,52.3
0.0,0.16,52.3
0.0,0.137,52.3
0.0,0.131,52.3
0.0,0.132,52.3
0.0,0.146,52.3
0.006,0.151,52.3
0.055,0.094,52.3
0.113,0.073,52.3
0.176,0.081,52.3
0.247,0.074,52.3
0.3,0.059,52.3
0.327,0.043,52.3
0.347,0.029,52.3
0.316,0.021,52.3
0.268,0.027,52.3
0.214,0.04,52.3
0.154,0.059,52.3
0.088,0.08,52.3
0.029,0.093,52.3
0.0,0.121,52.3
0.0,0.182,52.3
0.0,0.22,52.3
0.0,0.223,52.3
0.0,0.191,52.3
0.0,0.144,52.3
0.0,0.089,52.3
0.0,0.064,52.3
0.0,0.173,52.3
0.0,0.281,52.3
0.0,0.401,52.3
0.018,0.435,52.3
0.047,0.4,52.3
0.064,0.31,52.3
0.149,0.266,52.3
0.316,0.302,52.3
0.431,0.224,52.3
0.444,0.082,52.3
0.397,0.026,52.3
0.337,0.008,52.3
0.263,0.055,52.3
0.193,0.107,52.3
0.128,0.11,52.3
0.053,0.106,52.3
0.0,0.132,52.3
0.0,0.199,52.3
0.0,0.313,52.3
0.0,0.404,52.3
0.0,0.41,52.3
0.0,0.379,52.3
0.0,0.352,52.3
0.0,0.32,52.3
0.0,0.285,52.3
0.0,0.249,52.3
0.006,0.212,52.3
0.062,0.107,52.3
0.229,0.038,52.3
0.395,0.019,52.3
0.529,0.012,52.3
0.622,0.008,52.3
0.675,0.006,52.3
0.688,0.007,52.3
0.663,0.011,52.3
0.601,0.021,52.3
0.5,0.037,52.3
0.363,0.067,52.3
0.201,0.127,52.3
0.055,0.261,52.3
0.0,0.434,52.3
0.0,0.466,52.3
0.0,0.364,52.3
0.0,0.264,52.3
0.0,0.213,52.3
0.0,0.205,52.3
0.0,0.212,52.3
0.0,0.217,52.3
0.0,0.213,52.3
0.0,0.194,52.3
0.005,0.158,52.3
0.061,0.078,52.3
0.226,0.058,52.3
0.393,0.035,52.3
0.526,0.018,52.3
0.619,0.015,52.3
0.672,0.018,52.3
0.685,0.024,52.3
0.662,0.032,52.3
0.6,0.044,52.3
0.499,0.063,52.3
0.362,0.097,52.3
0.2,0.16,52.3
0.052,0.288,52.3
0.0,0.443,52.3
0.0,0.473,52.3
0.0,0.364,52.3
0.0,0.267,52.3
0.0,0.209,52.3
0.0,0.192,52.3
0.0,0.188,52.3
0.0,0.179,52.3
0.0,0.162,52.3
0.0,0.133,52.3
0.005,0.095,52.3
0.063,0.061,52.3
0.218,0.059,52.3
0.382,0.051,52.3
0.512,0.041,52.3
0.599,0.027,52.3
0.651,0.016,52.3
0.667,0.012,52.3
0.636,0.013,52.3
0.575,0.013,52.3
0.475,0.012,52.3
0.339,0.015,52.3
0.183,0.025,52.3
0.054,0.059,52.3
0.0,0.155,52.3
0.0,0.245,52.3
0.0,0.317,52.3
0.0,0.313,52.3
0.0,0.235,52.3
0.0,0.177,52.3
0.0,0.151,52.3
0.0,0.133,52.3
0.0,0.118,52.3
0.0,0.098,52.3
0.005,0.07,52.3
0.065,0.032,52.3
0.209,0.011,52.3
0.354,0.006,52.3
0.469,0.006,52.3
0.547,0.007,52.3
0.593,0.01,52.3
0.645,0.013,52.3
0.626,0.01,52.3
0.526,0.006,52.3
0.441,0.006,52.3
0.336,0.017,52.3
0.188,0.048,52.3
0.054,0.124,52.3
0.0,0.229,52.3
0.0,0.289,52.3
0.0,0.283,52.3
0.0,0.211,52.3
0.0,0.143,52.3
0.0,0.107,52.3
0.0,0.096,52.3
0.0,0.112,52.3
0.0,0.124,52.3
0.0,0.125,52.3
0.004,0.099,52.3
0.064,0.041,52.3
0.17,0.018,52.3
0.295,0.004,52.3
0.416,0.002,52.3
0.489,0.002,52.3
0.559,0.004,52.3
0.599,0.007,52.3
0.575,0.014,52.3
0.508,0.025,52.3
0.391,0.037,52.3
0.28,0.051,52.3
0.18,0.054,52.3
0.055,0.039,52.3
0.0,0.025,52.3
0.0,0.04,52.3
0.0,0.086,52.3
0.0,0.184,52.3
0.0,0.257,52.3
0.0,0.227,52.3
0.0,0.142,52.3
0.0,0.077,52.3
0.0,0.038,52.3
0.0,0.017,52.3
0.003,0.009,52.3
0.057,0.007,52.3
0.226,0.013,52.3
0.394,0.027,52.3
0.531,0.023,52.3
0.627,0.02,52.3
0.682,0.02,52.3
0.698,0.02,52.3
0.675,0.018,52.3
0.613,0.013,52.3
0.509,0.009,52.3
0.368,0.005,52.3
0.2,0.005,52.3
0.048,0.018,52.3
0.0,0.074,52.3
0.0,0.153,52.3
0.0,0.212,52.3
0.0,0.228,52.3
0.0,0.204,52.3
0.0,0.16,52.3
0.0,0.117,52.3
0.0,0.082,52.3
0.0,0.058,52.3
0.0,0.046,52.3
0.001,0.041,52.3
0.06,0.019,52.3
0.198,0.008,52.3
0.361,0.003,52.3
0.51,0.003,52.3
0.619,0.008,52.3
0.674,0.009,52.3
0.688,0.007,52.3
0.664,0.004,52.3
0.601,0.001,52.3
0.498,0.001,52.3
0.359,0.004,52.3
0.195,0.012,52.3
0.049,0.039,52.3
0.0,0.101,52.3
0.0,0.17,52.3
0.0,0.213,52.3
0.0,0.207,52.3
0.0,0.174,52.3
0.0,0.136,52.3
0.0,0.105,52.3
0.0,0.076,52.3
0.0,0.064,52.3
0.0,0.063,52.3
0.002,0.065,52.3
0.058,0.038,52.3
0.218,0.02,52.3
0.38,0.008,52.3
0.505,0.004,52.3
0.584,0.003,52.3
0.652,0.004,52.3
0.669,0.008,52.3
0.643,0.021,52.3
0.576,0.049,52.3
0.471,0.096,52.3
0.339,0.151,52.3
0.183,0.203,52.3
0.048,0.261,52.3
0.0,0.32,52.3
0.0,0.32,52.3
0.0,0.285,52.3
0.0,0.249,52.3
0.0,0.213,52.3
0.0,0.176,52.3
0.0,0.141,52.3
0.0,0.115,52.3
0.0,0.097,52.3
0.0,0.084,52.3
0.002,0.079,52.3
0.064,0.064,52.3
0.207,0.066,52.3
0.359,0.069,52.3
0.452,0.074,52.3
0.48,0.059,52.3
0.465,0.046,52.3
0.403,0.05,52.3
0.358,0.064,52.3
0.361,0.079,52.3
0.362,0.088,52.3
0.27,0.096,52.3
0.148,0.115,52.3
0.043,0.137,52.3
0.0,0.165,52.3
0.0,0.191,52.3
0.0,0.194,52.3
0.0,0.124,52.3
0.0,0.064,52.3
0.0,0.033,52.3
0.0,0.021,52.3
0.0,0.031,52.3
0.0,0.041,52.3
0.0,0.047,52.3
0.0,0.041,52.3
0.034,0.007,52.3
0.132,0.002,52.3
0.24,0.006,52.3
0.363,0.015,52.3
0.47,0.037,52.3
0.515,0.095,52.3
0.382,0.084,52.3
0.326,0.037,52.3
0.349,0.027,52.3
0.384,0.035,52.3
0.289,0.041,52.3
0.17,0.055,52.3
0.051,0.059,52.3
0.0,0.05,52.3
0.0,0.029,52.3
0.0,0.021,52.3
0.0,0.02,52.3
0.0,0.018,52.3
0.0,0.019,52.3
0.0,0.021,52.3
0.0,0.02,52.3
0.0,0.016,52.3
0.0,0.011,52.3
0.0,0.01,52.3
0.058,0.009,52.3
0.172,0.003,52.3
0.318,0.004,52.3
0.396,0.004,52.3
0.438,0.004,52.3
0.557,0.005,52.3
0.642,0.004,52.3
0.642,0.002,52.3
0.589,0.001,52.3
0.491,0.005,52.3
0.353,0.008,52.3
0.19,0.013,52.3
0.047,0.028,52.3
0.0,0.054,52.3
0.0,0.079,52.3
0.0,0.089,52.3
0.0,0.096,52.3
0.0,0.1,52.3
0.0,0.09,52.3
0.0,0.081,52.3
0.0,0.078,52.3
0.0,0.079,52.3
0.0,0.077,52.3
0.0,0.067,52.3
0.055,0.029,52.3
0.21,0.015,52.3
0.373,0.017,52.3
0.505,0.016,52.3
0.59,0.008,52.3
0.646,0.001,52.3
0.661,0.001,52.3
0.641,0.001,52.3
0.582,0.001,52.3
0.48,0.003,52.3
0.341,0.005,52.3
0.18,0.009,52.3
0.044,0.019,52.3
0.0,0.05,52.3
0.0,0.094,52.3
0.0,0.119,52.3
0.0,0.127,52.3
0.0,0.131,52.3
0.0,0.127,52.3
0.0,0.119,52.3
0.0,0.118,52.3
0.0,0.124,52.3
0.0,0.138,52.3
0.0,0.138,52.3
0.054,0.077,52.3
0.21,0.059,52.3
0.372,0.045,52.3
0.507,0.038,52.3
0.6,0.041,52.3
0.652,0.046,52.3
0.667,0.057,52.3
0.643,0.081,52.3
0.58,0.113,52.3
0.479,0.15,52.3
0.341,0.2,52.3
0.181,0.266,52.3
0.043,0.335,52.3
0.0,0.378,52.3
0.0,0.341,52.3
0.0,0.253,52.3
0.0,0.169,52.3
0.0,0.115,52.3
0.0,0.097,52.3
0.0,0.084,52.3
0.0,0.062,52.3
0.0,0.044,52.3
0.0,0.031,52.3
0.0,0.024,52.3
0.056,0.012,52.3
0.206,0.006,52.3
0.355,0.005,52.3
0.471,0.005,52.3
0.546,0.007,52.3
0.613,0.01,52.3
0.628,0.018,52.3
0.592,0.033,52.3
0.526,0.063,52.3
0.425,0.1,52.3
0.285,0.144,52.3
0.132,0.202,52.3
0.026,0.227,52.3
0.0,0.241,52.3
0.0,0.266,52.3
0.0,0.268,52.3
0.0,0.235,52.3
0.0,0.192,52.3
0.0,0.171,52.3
0.0,0.155,52.3
0.0,0.14,52.3
0.0,0.119,52.3
0.0,0.084,52.3
0.0,0.062,52.3
0.037,0.054,52.3
0.088,0.075,52.3
0.17,0.113,52.3
0.313,0.136,52.3
0.472,0.14,52.3
0.591,0.131,52.3
0.597,0.137,52.3
0.544,0.175,52.3
0.351,0.328,52.3
0.137,0.618,52.3
0.069,0.772,52.3
0.036,0.617,52.3
0.031,0.398,52.3
0.0,0.32,52.3
0.0,0.279,52.3
0.0,0.159,52.3
0.0,0.082,52.3
0.0,0.041,52.3
0.0,0.101,52.3
0.0,0.219,52.3
0.0,0.329,52.3
0.0,0.359,52.3
0.0,0.341,52.3
0.0,0.308,52.3
0.057,0.252,52.3
0.218,0.187,52.3
0.391,0.181,52.3
0.51,0.117,52.3
0.513,0.073,52.3
0.597,0.057,52.3
0.489,0.045,52.3
0.416,0.047,52.3
0.478,0.054,52.3
0.276,0.062,52.3
0.144,0.072,52.3
0.096,0.083,52.3
0.037,0.107,52.3
0.0,0.155,52.3
0.0,0.264,52.3
0.0,0.432,52.3
0.0,0.559,52.3
0.0,0.568,52.3
0.0,0.525,52.3
0.0,0.495,52.3
0.0,0.478,52.3
0.0,0.479,52.3
0.0,0.419,52.3
0.0,0.318,52.3
0.052,0.196,52.3
0.201,0.162,52.3
0.338,0.187,52.3
0.466,0.15,52.3
0.588,0.121,52.3
0.647,0.11,52.3
0.687,0.099,52.3
0.675,0.085,52.3
0.614,0.068,52.3
0.51,0.053,52.3
0.364,0.043,52.3
0.19,0.041,52.3
0.038,0.055,52.3
0.0,0.081,52.3
0.0,0.106,52.3
0.0,0.122,52.3
0.0,0.138,52.3
0.0,0.152,52.3
0.0,0.156,52.3
0.0,0.154,52.3
0.0,0.152,52.3
0.0,0.148,52.3
0.0,0.146,52.3
0.0,0.136,52.3
0.038,0.095,52.3
0.153,0.065,52.3
0.345,0.05,52.3
0.489,0.034,52.3
0.581,0.025,52.3
0.612,0.019,52.3
0.622,0.013,52.3
0.621,0.011,52.3
0.585,0.017,52.3
0.488,0.023,52.3
0.341,0.03,52.3
0.175,0.041,52.3
0.038,0.073,52.3
0.0,0.158,52.3
0.0,0.243,52.3
0.0,0.279,52.3
0.0,0.27,52.3
0.0,0.208,52.3
0.0,0.137,52.3
0.0,0.087,52.3
0.0,0.07,52.3
0.0,0.076,52.3
0.0,0.109,52.3
0.0,0.148,52.3
0.05,0.13,52.3
0.211,0.111,52.3
0.383,0.082,52.3
0.522,0.038,52.3
0.621,0.024,52.3
0.672,0.019,52.3
0.68,0.015,52.3
0.624,0.015,52.3
0.473,0.012,52.3
0.362,0.011,52.3
0.337,0.014,52.3
0.184,0.015,52.3
0.036,0.025,52.3
0.0,0.047,52.3
0.0,0.092,52.3
0.0,0.145,52.3
0.0,0.167,52.3
0.0,0.163,52.3
0.0,0.144,52.3
0.0,0.112,52.3
0.0,0.082,52.3
0.0,0.055,52.3
0.0,0.041,52.3
0.0,0.039,52.3
0.052,0.026,52.3
0.202,0.018,52.3
0.355,0.011,52.3
0.511,0.005,52.3
0.602,0.003,52.3
0.606,0.003,52.3
0.667,0.003,52.3
0.54,0.006,52.3
0.241,0.014,52.3
0.237,0.033,52.3
0.296,0.059,52.3
0.151,0.083,52.3
0.032,0.111,52.3
0.0,0.149,52.3
0.0,0.176,52.3
0.0,0.182,52.3
0.0,0.164,52.3
0.0,0.151,52.3
0.0,0.152,52.3
0.0,0.144,52.3
0.0,0.122,52.3
0.0,0.093,52.3
0.0,0.073,52.3
0.0,0.067,52.3
0.047,0.043,52.3
0.209,0.032,52.3
0.381,0.023,52.3
0.521,0.015,52.3
0.618,0.011,52.3
0.672,0.011,52.3
0.685,0.018,52.3
0.658,0.034,52.3
0.592,0.059,52.3
0.485,0.089,52.3
0.341,0.118,52.3
0.173,0.154,52.3
0.032,0.216,52.3
0.0,0.296,52.3
0.0,0.333,52.3
0.0,0.264,52.3
0.0,0.161,52.3
0.0,0.097,52.3
0.0,0.068,52.3
0.0,0.056,52.3
0.0,0.059,52.3
0.0,0.067,52.3
0.0,0.045,52.3
0.0,0.029,52.3
0.048,0.022,52.3
0.201,0.02,52.3
0.368,0.026,52.3
0.498,0.034,52.3
0.577,0.035,52.3
0.629,0.042,52.3
0.644,0.058,52.3
0.614,0.077,52.3
0.541,0.094,52.3
0.434,0.109,52.3
0.293,0.118,52.3
0.146,0.13,52.3
0.03,0.149,52.3
0.0,0.177,52.3
0.0,0.2,52.3
0.0,0.2,52.3
0.0,0.175,52.3
0.0,0.133,52.3
0.0,0.092,52.3
0.0,0.069,52.3
0.0,0.062,52.3
0.0,0.071,52.3
0.0,0.083,52.3
0.0,0.076,52.3
0.048,0.054,52.3
0.189,0.047,52.3
0.343,0.036,52.3
0.451,0.022,52.3
0.497,0.012,52.3
0.5,0.008,52.3
0.488,0.012,52.3
0.513,0.021,52.3
0.505,0.035,52.3
0.391,0.044,52.3
0.234,0.048,52.3
0.108,0.04,52.3
0.021,0.025,52.3
0.0,0.024,52.3
0.0,0.028,52.3
0.0,0.022,52.3
0.0,0.017,52.3
0.0,0.018,52.3
0.0,0.025,52.3
0.0,0.031,52.3
0.0,0.042,52.3
0.0,0.063,52.3
0.0,0.086,52.3
0.0,0.093,52.3
0.044,0.062,52.3
0.184,0.028,52.3
0.35,0.01,52.3
0.479,0.008,52.3
0.585,0.008,52.3
0.647,0.009,52.3
0.642,0.009,52.3
0.601,0.008,52.3
0.513,0.009,52.3
0.361,0.011,52.3
0.219,0.018,52.3
0.114,0.048,52.3
0.017,0.134,52.3
0.0,0.252,52.3
0.0,0.347,52.3
0.0,0.424,52.3
0.0,0.481,52.3
0.0,0.59,52.3
0.0,0.639,52.3
0.0,0.613,52.3
0.0,0.583,52.3
0.0,0.525,52.3
0.0,0.447,52.3
0.0,0.374,52.3
0.018,0.231,52.3
0.074,0.206,52.3
0.148,0.204,52.3
0.174,0.195,52.3
0.198,0.157,52.3
0.215,0.112,52.3
0.237,0.083,52.3
0.256,0.063,52.3
0.259,0.055,52.3
0.216,0.051,52.3
0.158,0.048,52.3
0.086,0.054,52.3
0.018,0.065,52.3
0.0,0.054,52.3
0.0,0.048,52.3
0.0,0.061,52.3
0.0,0.081,52.3
0.0,0.093,52.3
0.0,0.089,52.3
0.0,0.078,52.3
0.0,0.064,52.3
0.0,0.057,52.3
0.0,0.047,52.3
0.0,0.043,52.3
0.021,0.014,52.3
0.086,0.004,52.3
0.154,0.048,52.3
0.246,0.104,52.3
0.327,0.16,52.3
0.338,0.192,52.3
0.311,0.207,52.3
0.278,0.216,52.3
0.24,0.213,52.3
0.183,0.194,52.3
0.128,0.147,52.3
0.073,0.1,52.3
0.014,0.063,52.3
0.0,0.042,52.3
0.0,0.035,52.3
0.0,0.034,52.3
0.0,0.042,52.3
0.0,0.061,52.3
0.0,0.078,52.3
0.0,0.089,52.3
0.0,0.093,52.3
0.0,0.093,52.3
0.0,0.072,52.3
0.0,0.046,52.3
0.032,0.029,52.3
0.131,0.023,52.3
0.242,0.025,52.3
0.329,0.02,52.3
0.39,0.019,52.3
0.423,0.022,52.3
0.426,0.026,52.3
0.402,0.033,52.3
0.357,0.038,52.3
0.295,0.042,52.3
0.214,0.045,52.3
0.114,0.051,52.3
0.022,0.079,52.3
0.0,0.11,52.3
0.0,0.125,52.3
0.0,0.117,52.3
0.0,0.1,52.3
0.0,0.082,52.3
0.0,0.06,52.3
0.0,0.047,52.3
0.0,0.055,52.3
0.0,0.074,52.3
0.0,0.085,52.3
0.0,0.074,52.3
0.038,0.048,52.3
0.164,0.021,52.3
0.301,0.02,52.3
0.424,0.025,52.3
0.513,0.032,52.3
0.552,0.036,52.3
0.558,0.039,52.3
0.535,0.045,52.3
0.482,0.054,52.3
0.399,0.064,52.3
0.283,0.079,52.3
0.143,0.096,52.3
0.023,0.133,52.3
0.0,0.162,52.3
0.0,0.154,52.3
0.0,0.126,52.3
0.0,0.096,52.3
0.0,0.071,52.3
0.0,0.063,52.3
0.0,0.076,52.3
0.0,0.102,52.3
0.0,0.124,52.3
0.0,0.112,52.3
0.0,0.082,52.3
0.038,0.05,52.3
0.176,0.025,52.3
0.332,0.023,52.3
0.456,0.021,52.3
0.548,0.021,52.3
0.591,0.022,52.3
0.596,0.025,52.3
0.563,0.032,52.3
0.504,0.042,52.3
0.415,0.057,52.3
0.294,0.07,52.3
0.146,0.083,52.3
0.021,0.116,52.3
0.0,0.15,52.3
0.0,0.167,52.3
0.0,0.172,52.3
0.0,0.156,52.3
0.0,0.125,52.3
0.0,0.09,52.3
0.0,0.052,52.3
0.0,0.029,52.3
0.0,0.018,52.3
0.0,0.012,52.3
0.0,0.009,52.3
0.037,0.004,52.3
0.175,0.01,52.3
0.333,0.007,52.3
0.434,0.009,52.3
0.48,0.01,52.3
0.477,0.007,52.3
0.406,0.002,52.3
0.418,0.002,52.3
0.38,0.009,52.3
0.284,0.015,52.3
0.186,0.022,52.3
0.085,0.032,52.3
0.009,0.066,52.3
0.0,0.091,52.3
0.0,0.104,52.3
0.0,0.118,52.3
0.0,0.133,52.3
0.0,0.145,52.3
0.0,0.139,52.3
0.0,0.115,52.3
0.0,0.093,52.3
0.0,0.077,52.3
0.0,0.065,52.3
0.0,0.058,52.3
0.005,0.042,52.3
0.038,0.028,52.3
0.071,0.026,52.3
0.115,0.025,52.3
0.182,0.024,52.3
0.237,0.024,52.3
0.276,0.026,52.3
0.3,0.031,52.3
0.303,0.033,52.3
0.232,0.03,52.3
0.17,0.023,52.3
0.102,0.015,52.3
0.017,0.019,52.3
0.0,0.034,52.3
0.0,0.044,52.3
0.0,0.048,52.3
0.0,0.037,52.3
0.0,0.019,52.3
0.0,0.01,52.3
0.0,0.009,52.3
0.0,0.011,52.3
0.0,0.015,52.3
0.0,0.017,52.3
0.0,0.018,52.3
0.026,0.015,52.3
0.11,0.008,52.3
0.211,0.006,52.3
0.32,0.009,52.3
0.451,0.01,52.3
0.539,0.009,52.3
0.552,0.007,52.3
0.552,0.005,52.3
0.517,0.004,52.3
0.426,0.004,52.3
0.302,0.004,52.3
0.146,0.006,52.3
0.018,0.016,52.3
0.0,0.033,52.3
0.0,0.051,52.3
0.0,0.061,52.3
0.0,0.057,52.3
0.0,0.047,52.3
0.0,0.039,52.3
0.0,0.034,52.3
0.0,0.03,52.3
0.0,0.026,52.3
0.0,0.021,52.3
0.0,0.016,52.3
0.033,0.011,52.3
0.183,0.003,52.3
0.353,0.003,52.3
0.492,0.006,52.3
0.589,0.008,52.3
0.64,0.011,52.3
0.651,0.014,52.3
0.621,0.017,52.3
0.529,0.022,52.3
0.416,0.028,52.3
0.281,0.034,52.3
0.127,0.041,52.3
0.014,0.058,52.3
0.0,0.073,52.3
0.0,0.093,52.3
0.0,0.107,52.3
0.0,0.101,52.3
0.0,0.085,52.3
0.0,0.078,52.3
0.0,0.088,52.3
0.0,0.112,52.3
0.0,0.13,52.3
0.0,0.13,52.3
0.0,0.123,52.3
0.03,0.11,52.3
0.152,0.065,52.3
0.274,0.059,52.3
0.352,0.058,52.3
0.377,0.053,52.3
0.343,0.045,52.3
0.309,0.037,52.3
0.255,0.03,52.3
0.209,0.026,52.3
0.153,0.024,52.3
0.093,0.018,52.3
0.039,0.011,52.3
0.001,0.019,52.3
0.0,0.026,52.3
0.0,0.024,52.3
0.0,0.017,52.3
0.0,0.016,52.3
0.0,0.016,52.3
0.0,0.01,52.3
0.0,0.004,52.3
0.0,0.002,52.3
0.0,0.003,52.3
0.0,0.005,52.3
0.0,0.009,52.3
0.03,0.014,52.3
0.172,0.012,52.3
0.34,0.007,52.3
0.465,0.002,52.3
0.535,0.001,52.3
0.569,0.001,52.3
0.568,0.001,52.3
0.54,0.002,52.3
0.481,0.003,52.3
0.394,0.004,52.3
0.266,0.007,52.3
0.121,0.015,52.3
0.011,0.03,52.3
0.0,0.051,52.3
0.0,0.063,52.3
0.0,0.085,52.3
0.0,0.108,52.3
0.0,0.103,52.3
0.0,0.073,52.3
0.0,0.048,52.3
0.0,0.037,52.3
0.0,0.05,52.3
0.0,0.076,52.3
0.0,0.087,52.3
0.003,0.084,52.3
0.051,0.072,52.3
0.153,0.081,52.3
0.306,0.084,52.3
0.474,0.077,52.3
0.578,0.066,52.3
0.614,0.048,52.3
0.608,0.031,52.3
0.55,0.022,52.3
0.45,0.02,52.3
0.306,0.027,52.3
0.136,0.047,52.3
0.01,0.114,52.3
0.0,0.211,52.3
0.0,0.238,52.3
0.0,0.212,52.3
0.0,0.182,52.3
0.0,0.179,52.3
0.0,0.213,52.3
0.0,0.243,52.3
0.0,0.251,52.3
0.0,0.242,52.3
0.0,0.195,52.3
0.0,0.136,52.3
0.027,0.121,52.3
0.179,0.147,52.3
0.361,0.179,52.3
0.513,0.179,52.3
0.63,0.139,52.3
0.688,0.096,52.3
0.703,0.07,52.3
0.677,0.056,52.3
0.607,0.047,52.3
0.494,0.041,52.3
0.337,0.043,52.3
0.154,0.054,52.3
0.007,0.078,52.3
0.0,0.11,52.3
0.0,0.145,52.3
0.0,0.176,52.3
0.0,0.201,52.3
0.0,0.207,52.3
0.0,0.197,52.3
0.0,0.171,52.3
0.0,0.154,52.3
0.0,0.147,52.3
0.0,0.138,52.3
0.0,0.132,52.3
0.028,0.111,52.3
0.19,0.068,52.3
0.373,0.055,52.3
0.522,0.042,52.3
0.624,0.036,52.3
0.68,0.03,52.3
0.695,0.028,52.3
0.667,0.027,52.3
0.598,0.026,52.3
0.485,0.025,52.3
0.329,0.027,52.3
0.147,0.033,52.3
0.007,0.064,52.3
0.0,0.08,52.3
0.0,0.071,52.3
0.0,0.053,52.3
0.0,0.037,52.3
0.0,0.03,52.3
0.0,0.024,52.3
0.0,0.017,52.3
0.0,0.011,52.3
0.0,0.008,52.3
0.0,0.011,52.3
0.0,0.021,52.3
0.023,0.03,52.3
0.144,0.027,52.3
0.269,0.032,52.3
0.33,0.039,52.3
0.34,0.042,52.3
0.32,0.041,52.3
0.322,0.041,52.3
0.319,0.05,52.3
0.322,0.067,52.3
0.274,0.087,52.3
0.172,0.113,52.3
0.069,0.157,52.3
0.0,0.269,52.3
0.0,0.412,52.3
0.0,0.558,52.3
0.0,0.552,52.3
0.0,0.47,52.3
0.0,0.434,52.3
0.0,0.364,52.3
0.0,0.279,52.3
0.0,0.227,52.3
0.0,0.204,52.3
0.0,0.201,52.3
0.0,0.227,52.3
0.0,0.271,52.3
0.028,0.32,52.3
0.071,0.394,52.3
0.13,0.476,52.3
0.142,0.507,52.3
0.109,0.468,52.3
0.12,0.45,52.3
0.145,0.395,52.3
0.147,0.284,52.3
0.132,0.18,52.3
0.109,0.107,52.3
0.054,0.072,52.3
0.0,0.077,52.3
0.0,0.116,52.3
0.0,0.155,52.3
0.0,0.171,52.3
0.0,0.148,52.3
0.0,0.108,52.3
0.0,0.074,52.3
0.0,0.045,52.3
0.0,0.023,52.3
0.0,0.022,52.3
0.0,0.035,52.3
0.0,0.062,52.3
0.021,0.079,52.3
0.171,0.043,52.3
0.36,0.029,52.3
0.51,0.033,52.3
0.572,0.043,52.3
0.64,0.049,52.3
0.685,0.045,52.3
0.676,0.038,52.3
0.609,0.03,52.3
0.487,0.02,52.3
0.327,0.009,52.3
0.143,0.002,52.3
0.005,0.006,52.3
0.0,0.045,52.3
0.0,0.108,52.3
0.0,0.166,52.3
0.0,0.184,52.3
0.0,0.157,52.3
0.0,0.118,52.3
0.0,0.064,52.3
0.0,0.022,52.3
0.0,0.034,52.3
0.0,0.075,52.3
0.0,0.093,52.3
0.001,0.104,52.3
0.036,0.101,52.3
0.098,0.099,52.3
0.223,0.1,52.3
0.438,0.094,52.3
0.595,0.081,52.3
0.659,0.069,52.3
0.643,0.057,52.3
0.599,0.046,52.3
0.486,0.035,52.3
0.319,0.02,52.3
0.129,0.011,52.3
0.005,0.008,52.3
0.0,0.019,52.3
0.0,0.045,52.3
0.0,0.08,52.3
0.0,0.137,52.3
0.0,0.204,52.3
0.0,0.236,52.3
0.0,0.244,52.3
0.0,0.252,52.3
0.0,0.262,52.3
0.0,0.254,52.3
0.0,0.236,52.3
0.023,0.189,52.3
0.201,0.1,52.3
0.398,0.045,52.3
0.554,0.029,52.3
0.662,0.017,52.3
0.722,0.016,52.3
0.737,0.021,52.3
0.704,0.022,52.3
0.601,0.025,52.3
0.457,0.047,52.3
0.332,0.106,52.3
0.137,0.206,52.3
0.003,0.313,52.3
0.0,0.364,52.3
0.0,0.328,52.3
0.0,0.255,52.3
0.0,0.17,52.3
0.0,0.099,52.3
0.0,0.078,52.3
0.0,0.089,52.3
0.0,0.117,52.3
0.0,0.15,52.3
0.0,0.164,52.3
0.0,0.177,52.3
0.01,0.255,52.3
0.098,0.106,52.3
0.196,0.094,52.3
0.196,0.126,52.3
0.216,0.139,52.3
0.228,0.154,52.3
0.256,0.143,52.3
0.26,0.114,52.3
0.25,0.104,52.3
0.239,0.107,52.3
0.16,0.137,52.3
0.07,0.223,52.3
0.002,0.309,52.3
0.0,0.294,52.3
0.0,0.259,52.3
0.0,0.22,52.3
0.0,0.172,52.3
0.0,0.11,52.3
0.0,0.065,52.3
0.0,0.039,52.3
0.0,0.022,52.3
0.0,0.02,52.3
0.0,0.021,52.3
0.0,0.02,52.3
0.015,0.017,52.3
0.169,0.008,52.3
0.354,0.012,52.3
0.508,0.017,52.3
0.622,0.013,52.3
0.683,0.007,52.3
0.693,0.005,52.3
0.654,0.004,52.3
0.582,0.003,52.3
0.469,0.002,52.3
0.311,0.003,52.3
0.117,0.004,52.3
0.002,0.007,52.3
0.0,0.007,52.3
0.0,0.006,52.3
0.0,0.006,52.3
0.0,0.004,52.3
0.0,0.004,52.3
0.0,0.007,52.3
0.0,0.012,52.3
0.0,0.015,52.3
0.0,0.015,52.3
0.0,0.012,52.3
0.0,0.01,52.3
0.015,0.014,52.3
0.172,0.017,52.3
0.358,0.019,52.3
0.51,0.018,52.3
0.62,0.019,52.3
0.678,0.018,52.3
0.693,0.017,52.3
0.666,0.016,52.3
0.595,0.016,52.3
0.48,0.018,52.3
0.32,0.024,52.3
0.134,0.045,52.3
0.001,0.077,52.3
0.0,0.089,52.3
0.0,0.081,52.3
0.0,0.059,52.3
0.0,0.042,52.3
0.0,0.031,52.3
0.0,0.024,52.3
0.0,0.021,52.3
0.0,0.02,52.3
0.0,0.02,52.3
0.0,0.017,52.3
0.0,0.016,52.3
0.013,0.03,52.3
0.166,0.034,52.3
0.351,0.03,52.3
0.501,0.028,52.3
0.607,0.025,52.3
0.667,0.019,52.3
0.685,0.016,52.3
0.658,0.015,52.3
0.587,0.017,52.3
0.47,0.02,52.3
0.315,0.023,52.3
0.13,0.034,52.3
0.0,0.056,52.3
0.0,0.056,52.3
0.0,0.045,52.3
0.0,0.037,52.3
0.0,0.047,52.3
0.0,0.061,52.3
0.0,0.067,52.3
0.0,0.066,52.3
0.0,0.055,52.3
0.0,0.034,52.3
0.0,0.017,52.3
0.0,0.015,52.3
0.012,0.023,52.3
0.167,0.022,52.3
0.354,0.027,52.3
0.506,0.035,52.3
0.606,0.037,52.3
0.665,0.042,52.3
0.68,0.05,52.3
0.644,0.055,52.3
0.572,0.059,52.3
0.442,0.066,52.3
0.256,0.082,52.3
0.085,0.136,52.3
0.0,0.218,52.3
0.0,0.243,52.3
0.0,0.226,52.3
0.0,0.191,52.3
0.0,0.145,52.3
0.0,0.108,52.3
0.0,0.086,52.3
0.0,0.073,52.3
0.0,0.07,52.3
0.0,0.074,52.3
0.0,0.064,52.3
0.0,0.049,52.3
0.004,0.049,52.3
0.094,0.03,52.3
0.258,0.011,52.3
0.424,0.01,52.3
0.55,0.014,52.3
0.619,0.019,52.3
0.624,0.022,52.3
0.577,0.023,52.3
0.466,0.02,52.3
0.327,0.015,52.3
0.187,0.01,52.3
0.063,0.008,52.3
0.0,0.008,52.3
0.0,0.008,52.3
0.0,0.012,52.3
0.0,0.02,52.3
0.0,0.025,52.3
0.0,0.029,52.3
0.0,0.031,52.3
0.0,0.031,52.3
0.0,0.035,52.3
0.0,0.042,52.3
0.0,0.054,52.3
0.0,0.062,52.3
0.007,0.056,52.3
0.14,0.026,52.3
0.32,0.008,52.3
0.472,0.003,52.3
0.58,0.004,52.3
0.64,0.005,52.3
0.655,0.005,52.3
0.618,0.003,52.3
0.544,0.002,52.3
0.427,0.003,52.3
0.27,0.012,52.3
0.098,0.044,52.3
0.0,0.123,52.3
0.0,0.221,52.3
0.0,0.273,52.3
0.0,0.285,52.3
0.0,0.274,52.3
0.0,0.243,52.3
0.0,0.214,52.3
0.0,0.202,52.3
0.0,0.205,52.3
0.0,0.21,52.3
0.0,0.196,52.3
0.0,0.175,52.3
0.007,0.147,52.3
0.144,0.078,52.3
0.326,0.048,52.3
0.479,0.02,52.3
0.586,0.011,52.3
0.646,0.009,52.3
0.662,0.01,52.3
0.635,0.012,52.3
0.563,0.015,52.3
0.448,0.023,52.3
0.289,0.058,52.3
0.108,0.171,52.3
0.0,0.376,52.3
0.0,0.495,52.3
0.0,0.476,52.3
0.0,0.311,52.3
0.0,0.2,52.3
0.0,0.152,52.3
0.0,0.124,52.3
0.0,0.122,52.3
0.0,0.136,52.3
0.0,0.14,52.3
0.0,0.113,52.3
0.0,0.074,52.3
0.004,0.041,52.3
0.115,0.016,52.3
0.27,0.004,52.3
0.401,0.005,52.3
0.466,0.012,52.3
0.503,0.021,52.3
0.511,0.042,52.3
0.434,0.09,52.3
0.267,0.185,52.3
0.164,0.304,52.3
0.09,0.369,52.3
0.018,0.352,52.3
0.0,0.312,52.3
0.0,0.292,52.3
0.0,0.315,52.3
0.0,0.3,52.3
0.0,0.382,52.3
0.0,0.43,52.3
0.0,0.407,52.3
0.0,0.4,52.3
0.0,0.401,52.3
0.0,0.394,52.3
0.0,0.367,52.3
0.0,0.302,52.3
0.0,0.238,52.3
0.07,0.208,52.3
0.238,0.233,52.3
0.407,0.309,52.3
0.52,0.366,52.3
0.579,0.355,52.3
0.564,0.295,52.3
0.57,0.234,52.3
0.559,0.204,52.3
0.457,0.202,52.3
0.289,0.2,52.3
0.101,0.184,52.3
0.0,0.183,52.3
0.0,0.176,52.3
0.0,0.163,52.3
0.0,0.179,52.3
0.0,0.228,52.3
0.0,0.247,52.3
0.0,0.264,52.3
0.0,0.305,52.3
0.0,0.356,52.3
0.0,0.343,52.3
0.0,0.286,52.3
0.0,0.224,52.3
0.005,0.178,52.3
0.158,0.127,52.3
0.358,0.158,52.3
0.52,0.148,52.3
0.631,0.141,52.3
0.696,0.128,52.3
0.71,0.107,52.3
0.661,0.087,52.3
0.589,0.076,52.3
0.475,0.074,52.3
0.309,0.077,52.3
0.109,0.09,52.3
0.0,0.135,52.3
0.0,0.181,52.3
0.0,0.219,52.3
0.0,0.241,52.3
0.0,0.236,52.3
0.0,0.205,52.3
0.0,0.17,52.3
0.0,0.138,52.3
0.0,0.118,52.3
0.0,0.119,52.3
0.0,0.118,52.3
0.0,0.097,52.3
0.005,0.07,52.3
0.16,0.034,52.3
0.362,0.047,52.3
0.525,0.058,52.3
0.637,0.053,52.3
0.697,0.043,52.3
0.707,0.038,52.3
0.667,0.034,52.3
0.563,0.034,52.3
0.387,0.04,52.3
0.201,0.062,52.3
0.052,0.135,52.3
0.0,0.227,52.3
0.0,0.249,52.3
0.0,0.233,52.3
0.0,0.208,52.3
0.0,0.183,52.3
0.0,0.17,52.3
0.0,0.171,52.3
0.0,0.179,52.3
0.0,0.163,52.3
0.0,0.114,52.3
0.0,0.084,52.3
0.0,0.077,52.3
0.0,0.078,52.3
0.021,0.073,52.3
0.089,0.09,52.3
0.191,0.089,52.3
0.317,0.079,52.3
0.382,0.072,52.3
0.37,0.067,52.3
0.306,0.064,52.3
0.224,0.063,52.3
0.167,0.061,52.3
0.112,0.062,52.3
0.036,0.061,52.3
0.0,0.07,52.3
0.0,0.082,52.3
0.0,0.084,52.3
0.0,0.073,52.3
0.0,0.054,52.3
0.0,0.037,52.3
0.0,0.03,52.3
0.0,0.024,52.3
0.0,0.017,52.3
0.0,0.012,52.3
0.0,0.004,52.3
0.0,0.015,52.3
0.0,0.035,52.3
0.037,0.017,52.3
0.187,0.018,52.3
0.384,0.027,52.3
0.509,0.041,52.3
0.614,0.063,52.3
0.672,0.084,52.3
0.661,0.111,52.3
0.59,0.141,52.3
0.472,0.159,52.3
0.306,0.131,52.3
0.111,0.062,52.3
0.0,0.017,52.3
0.0,0.003,52.3
0.0,0.017,52.3
0.0,0.049,52.3
0.0,0.079,52.3
0.0,0.066,52.3
0.0,0.031,52.3
0.0,0.01,52.3
0.0,0.007,52.3
0.0,0.007,52.3
0.0,0.012,52.3
0.0,0.024,52.3
0.002,0.036,52.3
0.147,0.031,52.3
0.268,0.011,52.3
0.417,0.006,52.3
0.554,0.009,52.3
0.595,0.011,52.3
0.676,0.014,52.3
0.657,0.017,52.3
0.578,0.019,52.3
0.455,0.037,52.3
0.289,0.072,52.3
0.097,0.128,52.3
0.0,0.212,52.3
0.0,0.245,52.3
0.0,0.227,52.3
0.0,0.167,52.3
0.0,0.118,52.3
0.0,0.097,52.3
0.0,0.081,52.3
0.0,0.067,52.3
0.0,0.056,52.3
0.0,0.048,52.3
0.0,0.045,52.3
0.0,0.048,52.3
0.0,0.052,52.3
0.046,0.048,52.3
0.095,0.033,52.3
0.212,0.041,52.3
0.528,0.039,52.3
0.661,0.021,52.3
0.679,0.01,52.3
0.652,0.005,52.3
0.576,0.002,52.3
0.452,0.001,52.3
0.283,0.007,52.3
0.094,0.041,52.3
0.0,0.103,52.3
0.0,0.122,52.3
0.0,0.099,52.3
0.0,0.066,52.3
0.0,0.049,52.3
0.0,0.044,52.3
0.0,0.043,52.3
0.0,0.035,52.3
0.0,0.028,52.3
0.0,0.024,52.3
0.0,0.026,52.3
0.0,0.026,52.3
0.0,0.023,52.3
0.092,0.016,52.3
0.301,0.007,52.3
0.484,0.005,52.3
0.585,0.007,52.3
0.65,0.006,52.3
0.677,0.005,52.3
0.642,0.002,52.3
0.555,0.002,52.3
0.401,0.001,52.3
0.236,0.003,52.3
0.069,0.011,52.3
0.0,0.048,52.3
0.0,0.112,52.3
0.0,0.147,52.3
0.0,0.15,52.3
0.0,0.149,52.3
0.0,0.14,52.3
0.0,0.118,52.3
0.0,0.095,52.3
0.0,0.084,52.3
0.0,0.071,52.3
0.0,0.057,52.3
0.0,0.046,52.3
0.0,0.043,52.3
0.116,0.032,52.3
0.301,0.029,52.3
0.452,0.026,52.3
0.547,0.021,52.3
0.614,0.018,52.3
0.64,0.017,52.3
0.608,0.02,52.3
0.538,0.036,52.3
0.357,0.068,52.3
0.111,0.108,52.3
0.03,0.144,52.3
0.0,0.171,52.3
0.0,0.169,52.3
0.0,0.144,52.3
0.0,0.112,52.3
0.0,0.084,52.3
0.0,0.091,52.3
0.0,0.121,52.3
0.0,0.146,52.3
0.0,0.163,52.3
0.0,0.174,52.3
0.0,0.174,52.3
0.0,0.156,52.3
0.0,0.137,52.3
0.116,0.1,52.3
0.308,0.073,52.3
0.488,0.066,52.3
0.601,0.045,52.3
0.665,0.027,52.3
0.68,0.019,52.3
0.654,0.014,52.3
0.576,0.012,52.3
0.458,0.014,52.3
0.288,0.025,52.3
0.086,0.08,52.3
0.0,0.192,52.3
0.0,0.291,52.3
0.0,0.332,52.3
0.0,0.32,52.3
0.0,0.27,52.3
0.0,0.207,52.3
0.0,0.15,52.3
0.0,0.114,52.3
0.0,0.093,52.3
0.0,0.08,52.3
0.0,0.077,52.3
0.0,0.084,52.3
0.0,0.09,52.3
0.119,0.071,52.3
0.315,0.084,52.3
0.486,0.092,52.3
0.602,0.083,52.3
0.667,0.079,52.3
0.682,0.087,52.3
0.654,0.106,52.3
0.581,0.137,52.3
0.458,0.188,52.3
0.289,0.272,52.3
0.091,0.379,52.3
0.0,0.445,52.3
0.0,0.457,52.3
0.0,0.407,52.3
0.0,0.294,52.3
0.0,0.223,52.3
0.0,0.2,52.3
0.0,0.147,52.3
0.0,0.1,52.3
0.0,0.075,52.3
0.0,0.061,52.3
0.0,0.049,52.3
0.0,0.052,52.3
0.0,0.058,52.3
0.12,0.048,52.3
0.33,0.028,52.3
0.497,0.022,52.3
0.605,0.013,52.3
0.667,0.007,52.3
0.683,0.007,52.3
0.656,0.011,52.3
0.582,0.017,52.3
0.46,0.026,52.3
0.29,0.046,52.3
0.093,0.132,52.3
0.0,0.322,52.3
0.0,0.425,52.3
0.0,0.411,52.3
0.0,0.334,52.3
0.0,0.251,52.3
0.0,0.196,52.3
0.0,0.156,52.3
0.0,0.121,52.3
0.0,0.09,52.3
0.0,0.071,52.3
0.0,0.061,52.3
0.0,0.054,52.3
0.0,0.045,52.3
0.099,0.028,52.3
0.271,0.016,52.3
0.413,0.019,52.3
0.512,0.021,52.3
0.609,0.02,52.3
0.592,0.023,52.3
0.577,0.029,52.3
0.427,0.048,52.3
0.237,0.084,52.3
0.105,0.138,52.3
0.023,0.192,52.3
0.0,0.245,52.3
0.0,0.332,52.3
0.0,0.377,52.3
0.0,0.357,52.3
0.0,0.276,52.3
0.0,0.201,52.3
0.0,0.163,52.3
0.0,0.152,52.3
0.0,0.184,52.3
0.0,0.215,52.3
0.0,0.205,52.3
0.0,0.138,52.3
0.0,0.088,52.3
0.015,0.072,52.3
0.096,0.071,52.3
0.269,0.078,52.3
0.46,0.077,52.3
0.612,0.079,52.3
0.638,0.071,52.3
0.619,0.055,52.3
0.565,0.046,52.3
0.443,0.038,52.3
0.27,0.023,52.3
0.079,0.006,52.3
0.0,0.007,52.3
0.0,0.03,52.3
0.0,0.108,52.3
0.0,0.334,52.3
0.0,0.659,52.3
0.0,0.777,52.3
0.0,0.733,52.3
0.0,0.724,52.3
0.0,0.713,52.3
0.0,0.65,52.3
0.0,0.59,52.3
0.0,0.486,52.3
0.0,0.365,52.3
0.142,0.243,52.3
0.367,0.196,52.3
0.539,0.283,52.3
0.654,0.248,52.3
0.717,0.18,52.3
0.733,0.134,52.3
0.702,0.109,52.3
0.623,0.105,52.3
0.495,0.115,52.3
0.314,0.138,52.3
0.095,0.212,52.3
0.0,0.298,52.3
0.0,0.296,52.3
0.0,0.25,52.3
0.0,0.188,52.3
0.0,0.141,52.3
0.0,0.118,52.3
0.0,0.105,52.3
0.0,0.101,52.3
0.0,0.096,52.3
0.0,0.079,52.3
0.0,0.072,52.3
0.0,0.087,52.3
0.0,0.066,52.3
0.073,0.06,52.3
0.09,0.056,52.3
0.188,0.049,52.3
0.359,0.078,52.3
0.388,0.1,52.3
0.325,0.119,52.3
0.242,0.135,52.3
0.146,0.152,52.3
0.097,0.185,52.3
0.151,0.184,52.3
0.05,0.169,52.3
0.0,0.206,52.3
0.0,0.233,52.3
0.0,0.213,52.3
0.0,0.167,52.3
0.0,0.113,52.3
0.0,0.07,52.3
0.0,0.047,52.3
0.0,0.036,52.3
0.0,0.034,52.3
0.0,0.041,52.3
0.0,0.059,52.3
0.0,0.087,52.3
0.0,0.113,52.3
0.121,0.099,52.3
0.338,0.038,52.3
0.51,0.017,52.3
0.625,0.011,52.3
0.689,0.011,52.3
0.704,0.008,52.3
0.671,0.008,52.3
0.593,0.01,52.3
0.459,0.008,52.3
0.275,0.006,52.3
0.088,0.009,52.3
0.0,0.041,52.3
0.0,0.098,52.3
0.0,0.147,52.3
0.0,0.155,52.3
0.0,0.128,52.3
0.0,0.09,52.3
0.0,0.053,52.3
0.0,0.022,52.3
0.0,0.014,52.3
0.0,0.023,52.3
0.0,0.052,52.3
0.0,0.097,52.3
0.0,0.158,52.3
0.078,0.163,52.3
0.263,0.118,52.3
0.368,0.121,52.3
0.386,0.093,52.3
0.497,0.072,52.3
0.49,0.07,52.3
0.485,0.08,52.3
0.47,0.113,52.3
0.343,0.168,52.3
0.154,0.227,52.3
0.011,0.316,52.3
0.0,0.358,52.3
0.0,0.311,52.3
0.0,0.249,52.3
0.0,0.182,52.3
0.0,0.182,52.3
0.0,0.139,52.3
0.0,0.105,52.3
0.0,0.134,52.3
0.0,0.255,52.3
0.0,0.357,52.3
0.0,0.302,52.3
0.0,0.213,52.3
0.0,0.17,52.3
0.062,0.102,52.3
0.263,0.072,52.3
0.42,0.092,52.3
0.524,0.07,52.3
0.6,0.073,52.3
0.68,0.061,52.3
0.665,0.047,52.3
0.589,0.039,52.3
0.462,0.036,52.3
0.284,0.041,52.3
0.078,0.086,52.3
0.0,0.144,52.3
0.0,0.144,52.3
0.0,0.12,52.3
0.0,0.084,52.3
0.0,0.066,52.3
0.0,0.079,52.3
0.0,0.094,52.3
0.0,0.1,52.3
0.0,0.097,52.3
0.0,0.097,52.3
0.0,0.089,52.3
0.0,0.079,52.3
0.0,0.075,52.3
0.093,0.058,52.3
0.304,0.028,52.3
0.476,0.008,52.3
0.584,0.005,52.3
0.652,0.004,52.3
0.671,0.003,52.3
0.638,0.001,52.3
0.559,0.002,52.3
0.43,0.009,52.3
0.231,0.021,52.3
0.048,0.044,52.3
0.0,0.078,52.3
0.0,0.113,52.3
0.0,0.132,52.3
0.0,0.149,52.3
0.0,0.158,52.3
0.0,0.153,52.3
0.0,0.144,52.3
0.0,0.125,52.3
0.0,0.099,52.3
0.0,0.078,52.3
0.0,0.068,52.3
0.0,0.068,52.3
0.0,0.076,52.3
0.051,0.079,52.3
0.2,0.078,52.3
0.339,0.105,52.3
0.448,0.131,52.3
0.496,0.168,52.3
0.439,0.207,52.3
0.377,0.228,52.3
0.266,0.207,52.3
0.128,0.134,52.3
0.056,0.047,52.3
0.006,0.051,52.3
0.0,0.069,52.3
0.0,0.072,52.3
0.0,0.084,52.3
0.0,0.077,52.3
0.0,0.037,52.3
0.0,0.011,52.3
0.0,0.011,52.3
0.0,0.022,52.3
0.0,0.035,52.3
0.0,0.027,52.3
0.0,0.011,52.3
0.0,0.008,52.3
0.0,0.015,52.3
0.06,0.032,52.3
0.206,0.022,52.3
0.457,0.025,52.3
0.61,0.039,52.3
0.665,0.069,52.3
0.666,0.073,52.3
0.638,0.051,52.3
0.574,0.028,52.3
0.453,0.013,52.3
0.274,0.004,52.3
0.062,0.007,52.3
0.0,0.02,52.3
0.0,0.035,52.3
0.0,0.043,52.3
0.0,0.043,52.3
0.0,0.04,52.3
0.0,0.037,52.3
0.0,0.027,52.3
0.0,0.025,52.3
0.0,0.041,52.3
0.0,0.07,52.3
0.0,0.089,52.3
0.0,0.089,52.3
0.0,0.087,52.3
0.088,0.08,52.3
0.307,0.042,52.3
0.484,0.035,52.3
0.602,0.026,52.3
0.671,0.012,52.3
0.689,0.002,52.3
0.654,0.001,52.3
0.575,0.001,52.3
0.445,0.001,52.3
0.262,0.005,52.3
0.051,0.012,52.3
0.0,0.015,52.3
0.0,0.01,52.3
0.0,0.007,52.3
0.0,0.008,52.3
0.0,0.009,52.3
0.0,0.008,52.3
0.0,0.009,52.3
0.0,0.012,52.3
0.0,0.015,52.3
0.0,0.015,52.3
0.0,0.02,52.3
0.0,0.027,52.3
0.0,0.028,52.3
0.064,0.021,52.3
0.261,0.006,52.3
0.399,0.002,52.3
0.43,0.001,52.3
0.412,0.001,52.3
0.396,0.002,52.3
0.332,0.003,52.3
0.41,0.005,52.3
0.304,0.008,52.3
0.095,0.01,52.3
0.008,0.014,52.3
0.0,0.027,52.3
0.0,0.034,52.3
0.0,0.036,52.3
0.0,0.038,52.3
0.0,0.03,52.3
0.0,0.017,52.3
0.0,0.01,52.3
0.0,0.008,52.3
0.0,0.009,52.3
0.0,0.011,52.3
0.0,0.01,52.3
0.0,0.008,52.3
0.0,0.006,52.3
0.009,0.006,52.3
0.069,0.005,52.3
0.169,0.003,52.3
0.252,0.002,52.3
0.277,0.001,52.3
0.28,0.002,52.3
0.309,0.004,52.3
0.362,0.009,52.3
0.313,0.014,52.3
0.171,0.021,52.3
0.023,0.035,52.3
0.0,0.044,52.3
0.0,0.038,52.3
0.0,0.022,52.3
0.0,0.009,52.3
0.0,0.004,52.3
0.0,0.008,52.3
0.0,0.012,52.3
0.0,0.013,52.3
0.0,0.012,52.3
0.0,0.01,52.3
0.0,0.006,52.3
0.0,0.003,52.3
0.0,0.002,52.3
0.048,0.002,52.3
0.245,0.002,52.3
0.436,0.001,52.3
0.545,0.001,52.3
0.615,0.001,52.3
0.641,0.002,52.3
0.607,0.003,52.3
0.528,0.004,52.3
0.395,0.005,52.3
0.214,0.006,52.3
0.027,0.011,52.3
0.0,0.032,52.3
0.0,0.061,52.3
0.0,0.084,52.3
0.0,0.1,52.3
0.0,0.123,52.3
0.0,0.167,52.3
0.0,0.218,52.3
0.0,0.256,52.3
0.0,0.279,52.3
0.0,0.309,52.3
0.0,0.311,52.3
0.0,0.282,52.3
0.0,0.306,52.3
0.007,0.345,52.3
0.048,0.421,52.3
0.073,0.488,52.3
0.08,0.521,52.3
0.091,0.522,52.3
0.099,0.513,52.3
0.096,0.536,52.3
0.081,0.567,52.3
0.093,0.682,52.3
0.085,0.754,52.3
0.011,0.765,52.3
0.0,0.785,52.3
0.0,0.757,52.3
0.0,0.664,52.3
0.0,0.566,52.3
0.0,0.523,52.3
0.0,0.466,52.3
0.0,0.359,52.3
0.0,0.267,52.3
0.0,0.21,52.3
0.0,0.163,52.3
0.0,0.129,52.3
0.0,0.142,52.3
0.0,0.188,52.3
0.065,0.206,52.3
0.21,0.144,52.3
0.339,0.058,52.3
0.519,0.025,52.3
0.662,0.017,52.3
0.696,0.012,52.3
0.668,0.008,52.3
0.587,0.008,52.3
0.454,0.017,52.3
0.266,0.032,52.3
0.036,0.057,52.3
0.0,0.101,52.3
0.0,0.136,52.3
0.0,0.135,52.3
0.0,0.118,52.3
0.0,0.094,52.3
0.0,0.073,52.3
0.0,0.057,52.3
0.0,0.05,52.3
0.0,0.041,52.3
0.0,0.029,52.3
0.0,0.025,52.3
0.0,0.029,52.3
0.0,0.024,52.3
0.044,0.019,52.3
0.241,0.016,52.3
0.432,0.024,52.3
0.549,0.035,52.3
0.601,0.038,52.3
0.626,0.039,52.3
0.591,0.038,52.3
0.438,0.037,52.3
0.272,0.045,52.3
0.142,0.062,52.3
0.014,0.103,52.3
0.0,0.171,52.3
0.0,0.234,52.3
0.0,0.236,52.3
0.0,0.218,52.3
0.0,0.187,52.3
0.0,0.155,52.3
0.0,0.13,52.3
0.0,0.101,52.3
0.0,0.076,52.3
0.0,0.068,52.3
0.0,0.068,52.3
0.0,0.058,52.3
0.0,0.045,52.3
0.023,0.04,52.3
0.137,0.032,52.3
0.311,0.036,52.3
0.504,0.048,52.3
0.587,0.068,52.3
0.56,0.082,52.3
0.389,0.086,52.3
0.19,0.09,52.3
0.199,0.103,52.3
0.145,0.108,52.3
0.011,0.117,52.3
0.0,0.175,52.3
0.0,0.218,52.3
0.0,0.209,52.3
0.0,0.186,52.3
0.0,0.159,52.3
0.0,0.122,52.3
0.0,0.106,52.3
0.0,0.106,52.3
0.0,0.135,52.3
0.0,0.201,52.3
0.0,0.259,52.3
0.0,0.262,52.3
0.0,0.26,52.3
0.01,0.272,52.3
0.112,0.2,52.3
0.248,0.192,52.3
0.358,0.272,52.3
0.472,0.343,52.3
0.511,0.407,52.3
0.512,0.471,52.3
0.419,0.527,52.3
0.308,0.556,52.3
0.163,0.532,52.3
0.011,0.516,52.3
0.0,0.509,52.3
0.0,0.481,52.3
0.0,0.441,52.3
0.0,0.388,52.3
0.0,0.344,52.3
0.0,0.316,52.3
0.0,0.278,52.3
0.0,0.228,52.3
0.0,0.183,52.3
0.0,0.159,52.3
0.0,0.159,52.3
0.0,0.18,52.3
0.0,0.213,52.3
0.015,0.241,52.3
0.105,0.219,52.3
0.206,0.215,52.3
0.257,0.258,52.3
0.26,0.285,52.3
0.243,0.311,52.3
0.239,0.317,52.3
0.226,0.297,52.3
0.149,0.228,52.3
0.049,0.196,52.3
0.0,0.256,52.3
0.0,0.338,52.3
0.0,0.323,52.3
0.0,0.34,52.3
0.0,0.388,52.3
0.0,0.389,52.3
0.0,0.411,52.3
0.0,0.425,52.3
0.0,0.414,52.3
0.0,0.407,52.3
0.0,0.428,52.3
0.0,0.422,52.3
0.0,0.372,52.3
0.0,0.294,52.3
0.005,0.259,52.3
0.077,0.21,52.3
0.151,0.143,52.3
0.158,0.116,52.3
0.184,0.101,52.3
0.251,0.118,52.3
0.251,0.137,52.3
0.187,0.15,52.3
0.11,0.164,52.3
0.049,0.215,52.3
0.0,0.341,52.3
0.0,0.41,52.3
0.0,0.398,52.3
0.0,0.364,52.3
0.0,0.349,52.3
0.0,0.358,52.3
0.0,0.351,52.3
0.0,0.318,52.3
0.0,0.31,52.3
0.0,0.326,52.3
0.0,0.294,52.3
0.0,0.203,52.3
0.0,0.157,52.3
0.0,0.144,52.3
0.0,0.139,52.3
0.044,0.103,52.3
0.088,0.07,52.3
0.105,0.06,52.3
0.124,0.049,52.3
0.197,0.045,52.3
0.295,0.051,52.3
0.336,0.068,52.3
0.249,0.073,52.3
0.104,0.069,52.3
0.002,0.124,52.3
0.0,0.204,52.3
0.0,0.22,52.3
0.0,0.187,52.3
0.0,0.148,52.3
0.0,0.123,52.3
0.0,0.104,52.3
0.0,0.093,52.3
0.0,0.091,52.3
0.0,0.095,52.3
0.0,0.098,52.3
0.0,0.101,52.3
0.0,0.113,52.3
0.0,0.141,52.3
0.017,0.168,52.3
0.153,0.132,52.3
0.332,0.137,52.3
0.487,0.146,52.3
0.571,0.058,52.3
0.537,0.027,52.3
0.357,0.062,52.3
0.175,0.129,52.3
0.099,0.124,52.3
0.051,0.063,52.3
0.0,0.068,52.3
0.0,0.104,52.3
0.0,0.176,52.3
0.0,0.261,52.3
0.0,0.337,52.3
0.0,0.419,52.3
0.0,0.438,52.3
0.0,0.367,52.3
0.0,0.314,52.3
0.0,0.314,52.3
0.0,0.386,52.3
0.0,0.436,52.3
0.0,0.469,52.3
0.0,0.498,52.3
0.0,0.491,52.3
0.012,0.484,52.3
0.028,0.425,52.3
0.042,0.376,52.3
0.058,0.294,52.3
0.06,0.259,52.3
0.047,0.237,52.3
0.039,0.213,52.3
0.023,0.175,52.3
0.003,0.184,52.3
0.0,0.236,52.3
0.0,0.278,52.3
0.0,0.238,52.3
0.0,0.169,52.3
0.0,0.214,52.3
0.0,0.196,52.3
0.0,0.124,52.3
0.0,0.142,52.3
0.0,0.139,52.3
0.0,0.095,52.3
0.0,0.06,52.3
0.0,0.048,52.3
0.0,0.039,52.3
0.0,0.019,52.3
0.008,0.008,52.3
0.111,0.003,52.3
0.231,0.003,52.3
0.334,0.007,52.3
0.421,0.016,52.3
0.466,0.02,52.3
0.511,0.029,52.3
0.457,0.047,52.3
0.339,0.067,52.3
0.158,0.082,52.3
0.002,0.093,52.3
0.0,0.094,52.3
0.0,0.098,52.3
0.0,0.097,52.3
0.0,0.084,52.3
0.0,0.074,52.3
0.0,0.065,52.3
0.0,0.053,52.3
0.0,0.035,52.3
0.0,0.017,52.3
0.0,0.006,52.3
0.0,0.001,52.3
0.0,0.005,52.3
0.0,0.015,52.3
0.019,0.026,52.3
0.193,0.028,52.3
0.388,0.018,52.3
0.542,0.014,52.3
0.616,0.01,52.3
0.635,0.006,52.3
0.611,0.003,52.3
0.527,0.002,52.3
0.387,0.001,52.3
0.194,0.001,52.3
0.003,0.003,52.3
0.0,0.003,52.3
0.0,0.003,52.3
0.0,0.004,52.3
0.0,0.008,52.3
0.0,0.015,52.3
0.0,0.017,52.3
0.0,0.012,52.3
0.0,0.007,52.3
0.0,0.011,52.3
0.0,0.022,52.3
0.0,0.035,52.3
0.0,0.048,52.3
0.0,0.05,52.3
0.02,0.044,52.3
0.201,0.03,52.3
0.397,0.009,52.3
0.531,0.003,52.3
0.604,0.003,52.3
0.624,0.007,52.3
0.613,0.01,52.3
0.532,0.016,52.3
0.396,0.023,52.3
0.208,0.037,52.3
0.003,0.058,52.3
0.0,0.085,52.3
0.0,0.108,52.3
0.0,0.128,52.3
0.0,0.15,52.3
0.0,0.152,52.3
0.0,0.136,52.3
0.0,0.121,52.3
0.0,0.112,52.3
0.0,0.098,52.3
0.0,0.077,52.3
0.0,0.063,52.3
0.0,0.059,52.3
0.0,0.059,52.3
0.001,0.05,52.3
0.075,0.034,52.3
0.14,0.022,52.3
0.277,0.014,52.3
0.51,0.007,52.3
0.582,0.004,52.3
0.549,0.004,52.3
0.407,0.005,52.3
0.164,0.005,52.3
0.047,0.008,52.3
0.0,0.013,52.3
0.0,0.021,52.3
0.0,0.028,52.3
0.0,0.03,52.3
0.0,0.031,52.3
0.0,0.039,52.3
0.0,0.051,52.3
0.0,0.059,52.3
0.0,0.057,52.3
0.0,0.051,52.3
0.0,0.047,52.3
0.0,0.045,52.3
0.0,0.047,52.3
0.0,0.05,52.3
0.0,0.053,52.3
0.009,0.046,52.3
0.035,0.028,52.3
0.086,0.013,52.3
0.231,0.009,52.3
0.433,0.005,52.3
0.485,0.003,52.3
0.419,0.003,52.3
0.268,0.008,52.3
0.102,0.02,52.3
0.0,0.04,52.3
0.0,0.054,52.3
0.0,0.052,52.3
0.0,0.044,52.3
0.0,0.033,52.3
0.0,0.019,52.3
0.0,0.011,52.3
0.0,0.02,52.3
0.0,0.054,52.3
0.0,0.12,52.3
0.0,0.193,52.3
0.0,0.258,52.3
0.0,0.277,52.3
0.0,0.252,52.3
0.002,0.205,52.3
0.098,0.126,52.3
0.233,0.09,52.3
0.343,0.1,52.3
0.414,0.118,52.3
0.438,0.12,52.3
0.418,0.113,52.3
0.372,0.108,52.3
0.273,0.1,52.3
0.112,0.108,52.3
0.0,0.17,52.3
0.0,0.225,52.3
0.0,0.243,52.3
0.0,0.231,52.3
0.0,0.204,52.3
0.0,0.196,52.3
0.0,0.198,52.3
0.0,0.191,52.3
0.0,0.181,52.3
0.0,0.204,52.3
0.0,0.204,52.3
0.0,0.201,52.3
0.0,0.191,52.3
0.0,0.175,52.3
0.0,0.157,52.3
0.031,0.12,52.3
0.088,0.096,52.3
0.155,0.108,52.3
0.237,0.136,52.3
0.265,0.144,52.3
0.233,0.129,52.3
0.189,0.103,52.3
0.108,0.085,52.3
0.032,0.086,52.3
0.0,0.102,52.3
0.0,0.114,52.3
0.0,0.12,52.3
0.0,0.126,52.3
0.0,0.14,52.3
0.0,0.154,52.3
0.0,0.142,52.3
0.0,0.123,52.3
0.0,0.101,52.3
0.0,0.088,52.3
0.0,0.077,52.3
0.0,0.061,52.3
0.0,0.049,52.3
0.0,0.042,52.3
0.0,0.045,52.3
0.052,0.048,52.3
0.152,0.068,52.3
0.286,0.103,52.3
0.454,0.114,52.3
0.331,0.076,52.3
0.233,0.052,52.3
0.157,0.049,52.3
0.091,0.048,52.3
0.014,0.075,52.3
0.0,0.111,52.3
0.0,0.123,52.3
0.0,0.12,52.3
0.0,0.119,52.3
0.0,0.137,52.3
0.0,0.127,52.3
0.0,0.093,52.3
0.0,0.084,52.3
0.0,0.098,52.3
0.0,0.116,52.3
0.0,0.108,52.3
0.0,0.102,52.3
0.0,0.091,52.3
0.0,0.076,52.3
0.0,0.068,52.3
0.037,0.049,52.3
0.115,0.028,52.3
0.143,0.015,52.3
0.125,0.006,52.3
0.105,0.018,52.3
0.091,0.022,52.3
0.072,0.03,52.3
0.055,0.043,52.3
0.016,0.072,52.3
0.0,0.118,52.3
0.0,0.145,52.3
0.0,0.141,52.3
0.0,0.132,52.3
0.0,0.126,52.3
0.0,0.133,52.3
0.0,0.119,52.3
0.0,0.086,52.3
0.0,0.068,52.3
0.0,0.05,52.3
0.0,0.027,52.3
0.0,0.03,52.3
0.0,0.039,52.3
0.0,0.047,52.3
0.0,0.054,52.3
0.009,0.072,52.3
0.024,0.078,52.3
0.035,0.065,52.3
0.042,0.069,52.3
0.053,0.08,52.3
0.071,0.105,52.3
0.096,0.127,52.3
0.08,0.099,52.3
0.035,0.061,52.3
0.0,0.057,52.3
0.0,0.079,52.3
0.0,0.073,52.3
0.0,0.039,52.3
0.0,0.012,52.3
0.0,0.018,52.3
0.0,0.056,52.3
0.0,0.124,52.3
0.0,0.18,52.3
0.0,0.184,52.3
0.0,0.163,52.3
0.0,0.163,52.3
0.0,0.174,52.3
0.0,0.179,52.3
0.012,0.167,52.3
0.222,0.167,52.3
0.431,0.101,52.3
0.563,0.082,52.3
0.615,0.066,52.3
0.622,0.061,52.3
0.562,0.052,52.3
0.377,0.039,52.3
0.306,0.036,52.3
0.116,0.039,52.3
0.0,0.057,52.3
0.0,0.066,52.3
0.0,0.087,52.3
0.0,0.093,52.3
0.0,0.077,52.3
0.0,0.064,52.3
0.0,0.056,52.3
0.0,0.054,52.3
0.0,0.072,52.3
0.0,0.101,52.3
0.0,0.119,52.3
0.0,0.118,52.3
0.0,0.089,52.3
0.0,0.068,52.3
0.0,0.082,52.3
0.051,0.055,52.3
0.243,0.025,52.3
0.49,0.021,52.3
0.593,0.024,52.3
0.597,0.027,52.3
0.547,0.021,52.3
0.46,0.013,52.3
0.322,0.008,52.3
0.144,0.02,52.3
0.0,0.046,52.3
0.0,0.06,52.3
0.0,0.051,52.3
0.0,0.039,52.3
0.0,0.03,52.3
0.0,0.02,52.3
0.0,0.011,52.3
0.0,0.006,52.3
0.0,0.009,52.3
0.0,0.018,52.3
0.0,0.033,52.3
0.0,0.059,52.3
0.0,0.087,52.3
0.0,0.104,52.3
0.0,0.102,52.3
0.07,0.086,52.3
0.18,0.052,52.3
0.251,0.03,52.3
0.287,0.015,52.3
0.199,0.011,52.3
0.141,0.023,52.3
0.089,0.026,52.3
0.039,0.034,52.3
0.012,0.051,52.3
0.0,0.079,52.3
0.0,0.113,52.3
0.0,0.122,52.3
0.0,0.101,52.3
0.0,0.077,52.3
0.0,0.051,52.3
0.0,0.038,52.3
0.0,0.034,52.3
0.0,0.036,52.3
0.0,0.045,52.3
0.0,0.053,52.3
0.0,0.05,52.3
0.0,0.036,52.3
0.0,0.026,52.3
0.0,0.031,52.3
0.11,0.042,52.3
0.284,0.033,52.3
0.437,0.026,52.3
0.511,0.025,52.3
0.53,0.021,52.3
0.404,0.022,52.3
0.223,0.028,52.3
0.092,0.03,52.3
0.016,0.061,52.3
0.0,0.131,52.3
0.0,0.203,52.3
0.0,0.241,52.3
0.0,0.255,52.3
0.0,0.231,52.3
0.0,0.105,52.3
0.0,0.063,52.3
0.0,0.058,52.3
0.0,0.091,52.3
0.0,0.099,52.3
0.0,0.09,52.3
0.0,0.073,52.3
0.0,0.06,52.3
0.0,0.061,52.3
0.0,0.057,52.3
0.023,0.045,52.3
0.072,0.039,52.3
0.114,0.019,52.3
0.213,0.02,52.3
0.364,0.021,52.3
0.37,0.019,52.3
0.329,0.015,52.3
0.197,0.011,52.3
0.061,0.017,52.3
0.0,0.047,52.3
0.0,0.078,52.3
0.0,0.101,52.3
0.0,0.128,52.3
0.0,0.159,52.3
0.0,0.158,52.3
0.0,0.122,52.3
0.0,0.08,52.3
0.0,0.041,52.3
0.0,0.024,52.3
0.0,0.038,52.3
0.0,0.073,52.3
0.0,0.111,52.3
0.0,0.128,52.3
0.0,0.116,52.3
0.12,0.083,52.3
0.319,0.036,52.3
0.468,0.024,52.3
0.573,0.021,52.3
0.647,0.018,52.3
0.601,0.015,52.3
0.512,0.011,52.3
0.363,0.004,52.3
0.164,0.002,52.3
0.0,0.014,52.3
0.0,0.035,52.3
0.0,0.043,52.3
0.0,0.04,52.3
0.0,0.035,52.3
0.0,0.034,52.3
0.0,0.053,52.3
0.0,0.088,52.3
0.0,0.112,52.3
0.0,0.106,52.3
0.0,0.097,52.3
0.0,0.104,52.3
0.0,0.126,52.3
0.0,0.133,52.3
0.0,0.123,52.3
0.052,0.101,52.3
0.178,0.06,52.3
0.286,0.046,52.3
0.287,0.043,52.3
0.239,0.041,52.3
0.225,0.047,52.3
0.143,0.05,52.3
0.066,0.047,52.3
0.015,0.047,52.3
0.0,0.048,52.3
0.0,0.05,52.3
0.0,0.055,52.3
0.0,0.068,52.3
0.0,0.089,52.3
0.0,0.123,52.3
0.0,0.156,52.3
0.0,0.182,52.3
0.0,0.211,52.3
0.0,0.227,52.3
0.0,0.225,52.3
0.0,0.209,52.3
0.0,0.197,52.3
0.0,0.184,52.3
0.0,0.161,52.3
0.012,0.127,52.3
0.05,0.095,52.3
0.075,0.084,52.3
0.087,0.111,52.3
0.088,0.163,52.3
0.077,0.176,52.3
0.057,0.16,52.3
0.024,0.14,52.3
0.001,0.119,52.3
0.0,0.131,52.3
0.0,0.154,52.3
0.0,0.158,52.3
0.0,0.152,52.3
0.0,0.147,52.3
0.0,0.133,52.3
0.0,0.105,52.3
0.0,0.074,52.3
0.0,0.06,52.3
0.0,0.076,52.3
0.0,0.06,52.3
0.0,0.033,52.3
0.0,0.049,52.3
0.0,0.086,52.3
0.0,0.084,52.3
0.009,0.049,52.3
0.074,0.032,52.3
0.136,0.047,52.3
0.152,0.057,52.3
0.201,0.102,52.3
0.203,0.128,52.3
0.123,0.155,52.3
0.08,0.19,52.3
0.021,0.198,52.3
0.0,0.192,52.3
0.0,0.227,52.3
0.0,0.3,52.3
0.0,0.364,52.3
0.0,0.359,52.3
0.0,0.323,52.3
0.0,0.278,52.3
0.0,0.251,52.3
0.0,0.246,52.3
0.0,0.238,52.3
0.0,0.242,52.3
0.0,0.274,52.3
0.0,0.263,52.3
0.0,0.218,52.3
0.0,0.197,52.3
0.192,0.212,52.3
0.425,0.177,52.3
0.572,0.152,52.3
0.653,0.278,52.3
0.677,0.327,52.3
0.648,0.31,52.3
0.563,0.257,52.3
0.417,0.156,52.3
0.216,0.13,52.3
0.0,0.134,52.3
0.0,0.112,52.3
0.0,0.08,52.3
0.0,0.055,52.3
0.0,0.036,52.3
0.0,0.03,52.3
0.0,0.041,52.3
0.0,0.066,52.3
0.0,0.1,52.3
0.0,0.147,52.3
0.0,0.2,52.3
0.0,0.241,52.3
0.0,0.211,52.3
0.0,0.166,52.3
0.0,0.159,52.3
0.092,0.145,52.3
0.173,0.078,52.3
0.209,0.074,52.3
0.193,0.091,52.3
0.188,0.116,52.3
0.133,0.146,52.3
0.065,0.125,52.3
0.025,0.163,52.3
0.0,0.32,52.3
0.0,0.513,52.3
0.0,0.637,52.3
0.0,0.697,52.3
0.0,0.668,52.3
0.0,0.638,52.3
0.0,0.727,52.3
0.0,0.795,52.3
0.0,0.855,52.3
0.0,0.874,52.3
0.0,0.876,52.3
0.0,0.827,52.3
0.0,0.796,52.3
0.0,0.742,52.3
0.0,0.682,52.3
0.0,0.61,52.3
0.007,0.503,52.3
0.034,0.353,52.3
0.064,0.206,52.3
0.083,0.101,52.3
0.09,0.04,52.3
0.092,0.021,52.3
0.078,0.013,52.3
0.053,0.012,52.3
0.014,0.015,52.3
0.0,0.021,52.3
0.0,0.024,52.3
0.0,0.023,52.3
0.0,0.018,52.3
0.0,0.013,52.3
0.0,0.008,52.3
0.0,0.016,52.3
0.0,0.047,52.3
0.0,0.096,52.3
0.0,0.133,52.3
0.0,0.13,52.3
0.0,0.112,52.3
0.0,0.126,52.3
0.0,0.145,52.3
0.0,0.125,52.3
0.075,0.065,52.3
0.244,0.023,52.3
0.374,0.012,52.3
0.474,0.013,52.3
0.429,0.008,52.3
0.418,0.011,52.3
0.138,0.027,52.3
0.04,0.065,52.3
0.008,0.155,52.3
0.0,0.201,52.3
0.0,0.215,52.3
0.0,0.223,52.3
0.0,0.22,52.3
0.0,0.24,52.3
0.0,0.237,52.3
0.0,0.181,52.3
0.0,0.136,52.3
0.0,0.149,52.3
0.0,0.152,52.3
0.0,0.149,52.3
0.0,0.084,52.3
0.0,0.061,52.3
0.0,0.109,52.3
0.0,0.132,52.3
0.002,0.124,52.3
0.034,0.101,52.3
0.062,0.146,52.3
0.107,0.195,52.3
0.156,0.209,52.3
0.214,0.163,52.3
0.232,0.141,52.3
0.201,0.122,52.3
0.032,0.114,52.3
0.0,0.155,52.3
0.0,0.218,52.3
0.0,0.285,52.3
0.0,0.313,52.3
0.0,0.28,52.3
0.0,0.208,52.3
0.0,0.126,52.3
0.0,0.065,52.3
0.0,0.024,52.3
0.0,0.031,52.3
0.0,0.046,52.3
0.0,0.039,52.3
0.0,0.03,52.3
0.0,0.029,52.3
0.0,0.029,52.3
0.04,0.02,52.3
0.161,0.008,52.3
0.316,0.008,52.3
0.433,0.006,52.3
0.304,0.008,52.3
0.139,0.023,52.3
0.067,0.058,52.3
0.029,0.076,52.3
0.001,0.094,52.3
0.0,0.105,52.3
0.0,0.149,52.3
0.0,0.212,52.3
0.0,0.27,52.3
0.0,0.315,52.3
0.0,0.375,52.3
0.0,0.425,52.3
0.0,0.4,52.3
0.0,0.362,52.3
0.0,0.345,52.3
0.0,0.376,52.3
0.0,0.396,52.3
0.0,0.368,52.3
0.0,0.376,52.3
0.0,0.404,52.3
0.0,0.401,52.3
0.013,0.408,52.3
0.032,0.343,52.3
0.038,0.264,52.3
0.035,0.253,52.3
0.028,0.199,52.3
0.015,0.174,52.3
0.001,0.191,52.3
0.0,0.192,52.3
0.0,0.186,52.3
0.0,0.173,52.3
0.0,0.167,52.3
0.0,0.174,52.3
0.0,0.181,52.3
0.0,0.175,52.3
0.0,0.164,52.3
0.0,0.151,52.3
0.0,0.143,52.3
0.0,0.134,52.3
0.0,0.114,52.3
0.0,0.08,52.3
0.0,0.053,52.3
0.0,0.043,52.3
0.0,0.023,52.3
0.011,0.003,52.3
0.082,0.009,52.3
0.166,0.008,52.3
0.201,0.004,52.3
0.196,0.005,52.3
0.153,0.009,52.3
0.091,0.013,52.3
0.038,0.018,52.3
0.002,0.028,52.3
0.0,0.039,52.3
0.0,0.05,52.3
0.0,0.058,52.3
0.0,0.055,52.3
0.0,0.047,52.3
0.0,0.035,52.3
0.0,0.024,52.3
0.0,0.02,52.3
0.0,0.023,52.3
0.0,0.029,52.3
0.0,0.035,52.3
0.0,0.032,52.3
0.0,0.021,52.3
0.0,0.012,52.3
0.0,0.006,52.3
0.045,0.004,52.3
0.17,0.003,52.3
0.282,0.003,52.3
0.314,0.004,52.3
0.316,0.003,52.3
0.215,0.002,52.3
0.119,0.002,52.3
0.042,0.006,52.3
0.001,0.015,52.3
0.0,0.034,52.3
0.0,0.067,52.3
0.0,0.111,52.3
0.0,0.152,52.3
0.0,0.174,52.3
0.0,0.185,52.3
0.0,0.193,52.3
0.0,0.192,52.3
0.0,0.19,52.3
0.0,0.188,52.3
0.0,0.178,52.3
0.0,0.175,52.3
0.0,0.167,52.3
0.0,0.143,52.3
0.0,0.118,52.3
0.004,0.09,52.3
0.035,0.063,52.3
0.072,0.058,52.3
0.104,0.047,52.3
0.129,0.045,52.3
0.109,0.038,52.3
0.076,0.026,52.3
0.041,0.014,52.3
0.002,0.025,52.3
0.0,0.049,52.3
0.0,0.088,52.3
0.0,0.133,52.3
0.0,0.164,52.3
0.0,0.202,52.3
0.0,0.27,52.3
0.0,0.325,52.3
0.0,0.364,52.3
0.0,0.408,52.3
0.0,0.444,52.3
0.0,0.501,52.3
0.0,0.543,52.3
0.0,0.595,52.3
0.0,0.618,52.3
0.0,0.635,52.3
0.006,0.676,52.3
0.031,0.678,52.3
0.04,0.698,52.3
0.045,0.715,52.3
0.049,0.722,52.3
0.044,0.718,52.3
0.041,0.729,52.3
0.02,0.741,52.3
0.0,0.758,52.3
0.0,0.769,52.3
0.0,0.77,52.3
0.0,0.78,52.3
0.0,0.802,52.3
0.0,0.802,52.3
0.0,0.79,52.3
0.0,0.78,52.3
0.0,0.812,52.3
0.0,0.791,52.3
0.0,0.739,52.3
0.0,0.74,52.3
0.0,0.689,52.3
0.0,0.661,52.3
0.0,0.669,52.3
0.0,0.644,52.3
0.002,0.556,52.3
0.062,0.447,52.3
0.077,0.346,52.3
0.095,0.251,52.3
0.072,0.202,52.3
0.045,0.193,52.3
0.024,0.293,52.3
0.008,0.425,52.3
0.0,0.507,52.3
0.0,0.524,52.3
0.0,0.519,52.3
0.0,0.514,52.3
0.0,0.511,52.3
0.0,0.48,52.3
0.0,0.427,52.3
0.0,0.391,52.3
0.0,0.398,52.3
0.0,0.37,52.3
0.0,0.323,52.3
0.0,0.257,52.3
0.0,0.201,52.3
0.0,0.136,52.3
0.0,0.1,52.3
0.0,0.075,52.3
0.023,0.052,52.3
0.135,0.03,52.3
0.29,0.015,52.3
0.392,0.008,52.3
0.444,0.006,52.3
0.445,0.009,52.3
0.376,0.015,52.3
0.242,0.03,52.3
0.054,0.066,52.3
0.0,0.099,52.3
0.0,0.101,52.3
0.0,0.089,52.3
0.0,0.086,52.3
0.0,0.084,52.3
0.0,0.07,52.3
0.0,0.059,52.3
0.0,0.056,52.3
0.0,0.058,52.3
0.0,0.057,52.3
0.0,0.057,52.3
0.0,0.057,52.3
0.0,0.057,52.3
0.0,0.055,52.3
0.0,0.049,52.3
0.042,0.036,52.3
0.162,0.023,52.3
0.346,0.019,52.3
0.485,0.023,52.3
0.503,0.024,52.3
0.366,0.027,52.3
0.126,0.032,52.3
0.033,0.034,52.3
0.0,0.033,52.3
0.0,0.031,52.3
0.0,0.033,52.3
0.0,0.047,52.3
0.0,0.061,52.3
0.0,0.07,52.3
0.0,0.077,52.3
0.0,0.082,52.3
0.0,0.079,52.3
0.0,0.07,52.3
0.0,0.069,52.3
0.0,0.079,52.3
0.0,0.11,52.3
0.0,0.196,52.3
0.0,0.264,52.3
0.0,0.339,52.3
0.0,0.293,52.3
0.019,0.228,52.3
0.041,0.182,52.3
0.102,0.127,52.3
0.224,0.094,52.3
0.249,0.071,52.3
0.166,0.084,52.3
0.1,0.112,52.3
0.014,0.114,52.3
0.0,0.098,52.3
0.0,0.058,52.3
0.0,0.02,52.3
0.0,0.007,52.3
0.0,0.009,52.3
0.0,0.012,52.3
0.0,0.015,52.3
0.0,0.031,52.3
0.0,0.055,52.3
0.0,0.054,52.3
0.0,0.041,52.3
0.0,0.025,52.3
0.0,0.009,52.3
0.0,0.003,52.3
0.0,0.002,52.3
0.018,0.002,52.3
0.111,0.003,52.3
0.236,0.006,52.3
0.407,0.013,52.3
0.364,0.014,52.3
0.322,0.015,52.3
0.309,0.021,52.3
0.215,0.022,52.3
0.049,0.015,52.3
0.0,0.004,52.3
0.0,0.012,52.3
0.0,0.048,52.3
0.0,0.082,52.3
0.0,0.086,52.3
0.0,0.08,52.3
0.0,0.083,52.3
0.0,0.086,52.3
0.0,0.091,52.3
0.0,0.088,52.3
0.0,0.081,52.3
0.0,0.07,52.3
0.0,0.054,52.3
0.0,0.045,52.3
0.0,0.043,52.3
0.079,0.049,52.3
0.268,0.049,52.3
0.411,0.021,52.3
0.513,0.011,52.3
0.538,0.014,52.3
0.506,0.025,52.3
0.433,0.027,52.3
0.279,0.03,52.3
0.058,0.042,52.3
0.0,0.062,52.3
0.0,0.083,52.3
0.0,0.1,52.3
0.0,0.105,52.3
0.0,0.105,52.3
0.0,0.122,52.3
0.0,0.149,52.3
0.0,0.169,52.3
0.0,0.183,52.3
0.0,0.183,52.3
0.0,0.18,52.3
0.0,0.195,52.3
0.0,0.225,52.3
0.0,0.245,52.3
0.0,0.222,52.3
0.11,0.161,52.3
0.355,0.076,52.3
0.517,0.019,52.3
0.602,0.041,52.3
0.625,0.067,52.3
0.59,0.078,52.3
0.493,0.091,52.3
0.325,0.104,52.3
0.072,0.161,52.3
0.0,0.225,52.3
0.0,0.231,52.3
0.0,0.193,52.3
0.0,0.145,52.3
0.0,0.113,52.3
0.0,0.09,52.3
0.0,0.077,52.3
0.0,0.074,52.3
0.0,0.074,52.3
0.0,0.068,52.3
0.0,0.063,52.3
0.0,0.076,52.3
0.0,0.095,52.3
0.0,0.113,52.3
0.0,0.133,52.3
0.0,0.139,52.3
0.022,0.133,52.3
0.06,0.142,52.3
0.112,0.169,52.3
0.118,0.192,52.3
0.076,0.197,52.3
0.041,0.193,52.3
0.013,0.186,52.3
0.0,0.191,52.3
0.0,0.205,52.3
0.0,0.217,52.3
0.0,0.239,52.3
0.0,0.226,52.3
0.0,0.188,52.3
0.0,0.157,52.3
0.0,0.132,52.3
0.0,0.098,52.3
0.0,0.069,52.3
0.0,0.04,52.3
0.0,0.023,52.3
0.0,0.02,52.3
0.0,0.029,52.3
0.0,0.034,52.3
0.0,0.032,52.3
0.013,0.025,52.3
0.09,0.014,52.3
0.235,0.008,52.3
0.436,0.006,52.3
0.495,0.007,52.3
0.483,0.013,52.3
0.404,0.017,52.3
0.265,0.01,52.3
0.047,0.011,52.3
0.0,0.025,52.3
0.0,0.026,52.3
0.0,0.043,52.3
0.0,0.146,52.3
0.0,0.332,52.3
0.0,0.513,52.3
0.0,0.561,52.3
0.0,0.499,52.3
0.0,0.422,52.3
0.0,0.382,52.3
0.0,0.369,52.3
0.0,0.293,52.3
0.0,0.225,52.3
0.0,0.155,52.3
0.0,0.123,52.3
0.073,0.115,52.3
0.294,0.103,52.3
0.461,0.122,52.3
0.549,0.227,52.3
0.577,0.255,52.3
0.549,0.189,52.3
0.456,0.167,52.3
0.29,0.192,52.3
0.054,0.245,52.3
0.0,0.259,52.3
0.0,0.224,52.3
0.0,0.224,52.3
0.0,0.266,52.3
0.0,0.281,52.3
0.0,0.254,52.3
0.0,0.254,52.3
0.0,0.239,52.3
0.0,0.18,52.3
0.0,0.124,52.3
0.0,0.093,52.3
0.0,0.092,52.3
0.0,0.097,52.3
0.0,0.11,52.3
0.0,0.113,52.3
0.099,0.101,52.3
0.349,0.063,52.3
0.517,0.079,52.3
0.606,0.154,52.3
0.633,0.184,52.3
0.597,0.188,52.3
0.493,0.188,52.3
0.325,0.175,52.3
0.061,0.166,52.3
0.0,0.165,52.3
0.0,0.161,52.3
0.0,0.101,52.3
0.0,0.023,52.3
0.0,0.005,52.3
0.0,0.019,52.3
0.0,0.083,52.3
0.0,0.152,52.3
0.0,0.162,52.3
0.0,0.108,52.3
0.0,0.043,52.3
0.0,0.012,52.3
0.0,0.007,52.3
0.0,0.014,52.3
0.0,0.036,52.3
0.027,0.07,52.3
0.151,0.069,52.3
0.322,0.048,52.3
0.449,0.052,52.3
0.493,0.054,52.3
0.467,0.061,52.3
0.377,0.058,52.3
0.243,0.049,52.3
0.042,0.044,52.3
0.0,0.034,52.3
0.0,0.021,52.3
0.0,0.012,52.3
0.0,0.009,52.3
0.0,0.009,52.3
0.0,0.009,52.3
0.0,0.007,52.3
0.0,0.003,52.3
0.0,0.001,52.3
0.0,0.001,52.3
0.0,0.001,52.3
0.0,0.001,52.3
0.0,0.002,52.3
0.0,0.003,52.3
0.0,0.004,52.3
0.047,0.004,52.3
0.229,0.003,52.3
0.358,0.004,52.3
0.424,0.006,52.3
0.437,0.006,52.3
0.422,0.006,52.3
0.344,0.005,52.3
0.202,0.008,52.3
0.026,0.013,52.3
0.0,0.014,52.3
0.0,0.016,52.3
0.0,0.015,52.3
0.0,0.009,52.3
0.0,0.003,52.3
0.0,0.001,52.3
0.0,0.008,52.3
0.0,0.022,52.3
0.0,0.041,52.3
0.0,0.062,52.3
0.0,0.085,52.3
0.0,0.093,52.3
0.0,0.076,52.3
0.0,0.051,52.3
0.0,0.037,52.3
0.069,0.037,52.3
0.292,0.037,52.3
0.469,0.024,52.3
0.571,0.021,52.3
0.597,0.024,52.3
0.56,0.024,52.3
0.461,0.025,52.3
0.291,0.03,52.3
0.047,0.034,52.3
0.0,0.045,52.3
0.0,0.058,52.3
0.0,0.049,52.3
0.0,0.035,52.3
0.0,0.035,52.3
0.0,0.019,52.3
0.0,0.012,52.3
0.0,0.014,52.3
0.0,0.014,52.3
0.0,0.009,52.3
0.0,0.004,52.3
0.0,0.008,52.3
0.0,0.011,52.3
0.0,0.01,52.3
0.0,0.008,52.3
0.012,0.005,52.3
0.089,0.003,52.3
0.186,0.002,52.3
0.274,0.003,52.3
0.312,0.007,52.3
0.292,0.008,52.3
0.215,0.007,52.3
0.092,0.005,52.3
0.006,0.003,52.3
0.0,0.003,52.3
0.0,0.002,52.3
0.0,0.002,52.3
0.0,0.002,52.3
0.0,0.006,52.3
0.0,0.016,52.3
0.0,0.017,52.3
0.0,0.011,52.3
0.0,0.011,52.3
0.0,0.017,52.3
0.0,0.023,52.3
0.0,0.019,52.3
0.0,0.015,52.3
0.0,0.012,52.3
0.0,0.01,52.3
0.008,0.007,52.3
0.067,0.003,52.3
0.143,0.002,52.3
0.215,0.001,52.3
0.254,0.001,52.3
0.287,0.003,52.3
0.287,0.003,52.3
0.181,0.001,52.3
0.018,0.002,52.3
0.0,0.005,52.3
0.0,0.006,52.3
0.0,0.001,52.3
0.0,0.011,52.3
0.0,0.031,52.3
0.0,0.057,52.3
0.0,0.198,52.3
0.0,0.422,52.3
0.0,0.525,52.3
0.0,0.561,52.3
0.0,0.61,52.3
0.0,0.684,52.3
0.0,0.762,52.3
0.0,0.795,52.3
0.0,0.813,52.3
0.105,0.814,52.3
0.349,0.76,52.3
0.529,0.601,52.3
0.621,0.503,52.3
0.646,0.501,52.3
0.611,0.389,52.3
0.516,0.255,52.3
0.349,0.195,52.3
0.067,0.158,52.3
0.0,0.155,52.3
0.0,0.17,52.3
0.0,0.167,52.3
0.0,0.162,52.3
0.0,0.168,52.3
0.0,0.192,52.3
0.0,0.215,52.3
0.0,0.233,52.3
0.0,0.231,52.3
0.0,0.175,52.3
0.0,0.096,52.3
0.0,0.042,52.3
0.0,0.019,52.3
0.0,0.013,52.3
0.0,0.012,52.3
0.075,0.014,52.3
0.27,0.022,52.3
0.438,0.025,52.3
0.527,0.025,52.3
0.498,0.021,52.3
0.326,0.018,52.3
0.137,0.017,52.3
0.032,0.028,52.3
0.0,0.046,52.3
0.0,0.071,52.3
0.0,0.078,52.3
0.0,0.065,52.3
0.0,0.06,52.3
0.0,0.078,52.3
0.0,0.092,52.3
0.0,0.079,52.3
0.0,0.055,52.3
0.0,0.045,52.3
0.0,0.045,52.3
0.0,0.041,52.3
0.0,0.03,52.3
0.0,0.025,52.3
0.0,0.03,52.3
0.0,0.03,52.3
0.037,0.031,52.3
0.206,0.026,52.3
0.372,0.02,52.3
0.477,0.007,52.3
0.543,0.005,52.3
0.532,0.005,52.3
0.442,0.006,52.3
0.277,0.013,52.3
0.038,0.039,52.3
0.0,0.065,52.3
0.0,0.073,52.3
0.0,0.076,52.3
0.0,0.087,52.3
0.0,0.09,52.3
0.0,0.101,52.3
0.0,0.133,52.3
0.0,0.143,52.3
0.0,0.147,52.3
0.0,0.162,52.3
0.0,0.174,52.3
0.0,0.141,52.3
0.0,0.067,52.3
0.0,0.044,52.3
0.0,0.054,52.3
0.0,0.061,52.3
0.013,0.054,52.3
0.026,0.077,52.3
0.062,0.093,52.3
0.102,0.039,52.3
0.11,0.005,52.3
0.105,0.006,52.3
0.071,0.014,52.3
0.003,0.039,52.3
0.0,0.094,52.3
0.0,0.144,52.3
0.0,0.217,52.3
0.0,0.295,52.3
0.0,0.334,52.3
0.0,0.391,52.3
0.0,0.379,52.3
0.0,0.241,52.3
0.0,0.171,52.3
0.0,0.197,52.3
0.0,0.167,52.3
0.0,0.154,52.3
0.0,0.156,52.3
0.0,0.167,52.3
0.0,0.176,52.3
0.096,0.123,52.3
0.319,0.076,52.3
0.482,0.07,52.3
0.577,0.051,52.3
0.603,0.03,52.3
0.563,0.026,52.3
0.464,0.029,52.3
0.292,0.043,52.3
0.042,0.048,52.3
0.0,0.049,52.3
0.0,0.053,52.3
0.0,0.069,52.3
0.0,0.09,52.3
0.0,0.094,52.3
0.0,0.086,52.3
0.0,0.061,52.3
0.0,0.046,52.3
0.0,0.055,52.3
0.0,0.056,52.3
0.0,0.091,52.3
0.0,0.114,52.3
0.0,0.114,52.3
0.0,0.093,52.3
0.0,0.064,52.3
0.002,0.046,52.3
0.029,0.026,52.3
0.059,0.011,52.3
0.067,0.009,52.3
0.068,0.014,52.3
0.061,0.016,52.3
0.041,0.013,52.3
0.015,0.011,52.3
0.0,0.011,52.3
0.0,0.012,52.3
0.0,0.019,52.3
0.0,0.021,52.3
0.0,0.023,52.3
0.0,0.022,52.3
0.0,0.017,52.3
0.0,0.009,52.3
0.0,0.005,52.3
0.0,0.005,52.3
0.0,0.007,52.3
0.0,0.01,52.3
0.0,0.015,52.3
0.0,0.025,52.3
0.0,0.032,52.3
0.0,0.04,52.3
0.0,0.051,52.3
0.021,0.051,52.3
0.047,0.036,52.3
0.068,0.024,52.3
0.056,0.023,52.3
0.033,0.029,52.3
0.015,0.042,52.3
0.002,0.059,52.3
0.0,0.081,52.3
0.0,0.099,52.3
0.0,0.1,52.3
0.0,0.096,52.3
0.0,0.094,52.3
0.0,0.1,52.3
0.0,0.122,52.3
0.0,0.156,52.3
0.0,0.187,52.3
0.0,0.218,52.3
0.0,0.259,52.3
0.0,0.291,52.3
0.0,0.291,52.3
0.0,0.273,52.3
0.0,0.255,52.3
0.0,0.242,52.3
0.0,0.22,52.3
0.014,0.17,52.3
0.035,0.128,52.3
0.054,0.103,52.3
0.05,0.08,52.3
0.028,0.061,52.3
0.012,0.045,52.3
0.002,0.035,52.3
0.0,0.029,52.3
0.0,0.042,52.3
0.0,0.05,52.3
0.0,0.049,52.3
0.0,0.044,52.3
0.0,0.038,52.3
0.0,0.036,52.3
0.0,0.036,52.3
0.0,0.035,52.3
0.0,0.033,52.3
0.0,0.027,52.3
0.0,0.021,52.3
0.0,0.016,52.3
0.0,0.016,52.3
0.0,0.024,52.3
0.0,0.035,52.3
0.0,0.046,52.3
0.022,0.045,52.3
0.055,0.032,52.3
0.086,0.025,52.3
0.105,0.03,52.3
0.101,0.029,52.3
0.063,0.03,52.3
0.021,0.047,52.3
0.0,0.07,52.3
0.0,0.084,52.3
0.0,0.094,52.3
0.0,0.105,52.3
0.0,0.108,52.3
0.0,0.102,52.3
0.0,0.099,52.3
0.0,0.106,52.3
0.0,0.125,52.3
0.0,0.144,52.3
0.0,0.159,52.3
0.0,0.164,52.3
0.0,0.149,52.3
0.0,0.132,52.3
0.0,0.136,52.3
0.0,0.162,52.3
0.0,0.181,52.3
0.014,0.169,52.3
0.044,0.119,52.3
0.085,0.101,52.3
0.131,0.117,52.3
0.132,0.119,52.3
0.06,0.1,52.3
0.014,0.083,52.3
0.0,0.093,52.3
0.0,0.085,52.3
0.0,0.06,52.3
0.0,0.049,52.3
0.0,0.06,52.3
0.0,0.072,52.3
0.0,0.077,52.3
0.0,0.067,52.3
0.0,0.041,52.3
0.0,0.022,52.3
0.0,0.03,52.3
0.0,0.066,52.3
0.0,0.157,52.3
0.0,0.274,52.3
0.0,0.336,52.3
0.0,0.361,52.3
0.0,0.447,52.3
0.006,0.533,52.3
0.024,0.647,52.3
0.053,0.678,52.3
0.041,0.686,52.3
0.035,0.7,52.3
0.026,0.749,52.3
0.007,0.822,52.3
0.0,0.9,52.3
0.0,0.94,52.3
0.0,0.919,52.3
0.0,0.805,52.3
0.0,0.653,52.3
0.0,0.576,52.3
0.0,0.488,52.3
0.0,0.309,52.3
0.0,0.235,52.3
0.0,0.147,52.3
0.0,0.11,52.3
0.0,0.14,52.3
0.0,0.088,52.3
0.0,0.01,52.3
0.0,0.087,52.3
0.0,0.142,52.3
0.014,0.096,52.3
0.092,0.019,52.3
0.177,0.002,52.3
0.309,0.022,52.3
0.421,0.058,52.3
0.474,0.102,52.3
0.407,0.122,52.3
0.254,0.141,52.3
0.033,0.198,52.3
0.0,0.291,52.3
0.0,0.32,52.3
0.0,0.252,52.3
0.0,0.281,52.3
0.0,0.193,52.3
0.0,0.107,52.3
0.0,0.05,52.3
0.0,0.309,52.3
0.0,0.56,52.3
0.0,0.434,52.3
0.0,0.38,52.3
0.0,0.189,52.3
0.0,0.017,52.3
0.0,0.031,52.3
0.0,0.093,52.3
0.017,0.119,52.3
0.146,0.128,52.3
0.344,0.103,52.3
0.483,0.099,52.3
0.543,0.09,52.3
0.519,0.097,52.3
0.411,0.12,52.3
0.242,0.231,52.3
0.027,0.491,52.3
0.0,0.6,52.3
0.0,0.539,52.3
0.0,0.533,52.3
0.0,0.47,52.3
0.0,0.32,52.3
0.0,0.201,52.3
0.0,0.213,52.3
0.0,0.294,52.3
0.0,0.376,52.3
0.0,0.423,52.3
0.0,0.427,52.3
0.0,0.362,52.3
0.0,0.296,52.3
0.0,0.285,52.3
0.0,0.362,52.3
0.091,0.473,52.3
0.311,0.525,52.3
0.469,0.471,52.3
0.557,0.358,52.3
0.58,0.28,52.3
0.528,0.249,52.3
0.427,0.269,52.3
0.257,0.377,52.3
0.034,0.521,52.3
0.0,0.556,52.3
0.0,0.552,52.3
0.0,0.605,52.3
0.0,0.625,52.3
0.0,0.557,52.3
0.0,0.432,52.3
0.0,0.3,52.3
0.0,0.247,52.3
0.0,0.257,52.3
0.0,0.257,52.3
0.0,0.27,52.3
0.0,0.264,52.3
0.0,0.197,52.3
0.0,0.142,52.3
0.0,0.141,52.3
0.015,0.173,52.3
0.104,0.169,52.3
0.077,0.154,52.3
0.25,0.125,52.3
0.512,0.124,52.3
0.484,0.122,52.3
0.383,0.119,52.3
0.249,0.182,52.3
0.032,0.328,52.3
0.0,0.422,52.3
0.0,0.447,52.3
0.0,0.428,52.3
0.0,0.415,52.3
0.0,0.434,52.3
0.0,0.486,52.3
0.0,0.527,52.3
0.0,0.498,52.3
0.0,0.422,52.3
0.0,0.35,52.3
0.0,0.344,52.3
0.0,0.392,52.3
0.0,0.436,52.3
0.0,0.501,52.3
0.0,0.571,52.3
0.124,0.618,52.3
0.361,0.607,52.3
0.515,0.484,52.3
0.598,0.339,52.3
0.619,0.261,52.3
0.577,0.225,52.3
0.478,0.202,52.3
0.303,0.214,52.3
0.048,0.248,52.3
0.0,0.283,52.3
0.0,0.294,52.3
0.0,0.251,52.3
0.0,0.201,52.3
0.0,0.175,52.3
0.0,0.176,52.3
0.0,0.168,52.3
0.0,0.177,52.3
0.0,0.2,52.3
0.0,0.2,52.3
0.0,0.171,52.3
0.0,0.151,52.3
0.0,0.131,52.3
0.0,0.113,52.3
0.0,0.105,52.3
0.063,0.12,52.3
0.302,0.122,52.3
0.446,0.063,52.3
0.516,0.025,52.3
0.542,0.011,52.3
0.45,0.012,52.3
0.242,0.014,52.3
0.07,0.021,52.3
0.002,0.029,52.3
0.0,0.03,52.3
0.0,0.026,52.3
0.0,0.02,52.3
0.0,0.013,52.3
0.0,0.008,52.3
0.0,0.005,52.3
0.0,0.007,52.3
0.0,0.012,52.3
0.0,0.019,52.3
0.0,0.037,52.3
0.0,0.078,52.3
0.0,0.113,52.3
0.0,0.097,52.3
0.0,0.059,52.3
0.0,0.029,52.3
0.002,0.017,52.3
0.061,0.017,52.3
0.15,0.01,52.3
0.174,0.009,52.3
0.152,0.013,52.3
0.328,0.009,52.3
0.394,0.009,52.3
0.217,0.006,52.3
0.025,0.011,52.3
0.0,0.042,52.3
0.0,0.089,52.3
0.0,0.112,52.3
0.0,0.106,52.3
0.0,0.076,52.3
0.0,0.041,52.3
0.0,0.015,52.3
0.0,0.005,52.3
0.0,0.021,52.3
0.0,0.065,52.3
0.0,0.13,52.3
0.0,0.159,52.3
0.0,0.147,52.3
0.0,0.124,52.3
0.0,0.109,52.3
0.046,0.101,52.3
0.199,0.08,52.3
0.323,0.042,52.3
0.351,0.02,52.3
0.37,0.012,52.3
0.374,0.014,52.3
0.305,0.015,52.3
0.207,0.015,52.3
0.031,0.013,52.3
0.0,0.009,52.3
0.0,0.007,52.3
0.0,0.009,52.3
0.0,0.014,52.3
0.0,0.017,52.3
0.0,0.017,52.3
0.0,0.016,52.3
0.0,0.017,52.3
0.0,0.019,52.3
0.0,0.019,52.3
0.0,0.024,52.3
0.0,0.024,52.3
0.0,0.017,52.3
0.0,0.006,52.3
0.0,0.002,52.3
0.011,0.008,52.3
0.085,0.01,52.3
0.175,0.006,52.3
0.275,0.007,52.3
0.318,0.011,52.3
0.389,0.015,52.3
0.379,0.013,52.3
0.22,0.012,52.3
0.026,0.008,52.3
0.0,0.003,52.3
0.0,0.001,52.3
0.0,0.002,52.3
0.0,0.005,52.3
0.0,0.033,52.3
0.0,0.084,52.3
0.0,0.113,52.3
0.0,0.096,52.3
0.0,0.07,52.3
0.0,0.048,52.3
0.0,0.026,52.3
0.0,0.015,52.3
0.0,0.007,52.3
0.0,0.005,52.3
0.0,0.003,52.3
0.033,0.002,52.3
0.173,0.003,52.3
0.39,0.006,52.3
0.577,0.008,52.3
0.604,0.011,52.3
0.554,0.016,52.3
0.446,0.02,52.3
0.258,0.024,52.3
0.034,0.027,52.3
0.0,0.028,52.3
0.0,0.025,52.3
0.0,0.019,52.3
0.0,0.012,52.3
0.0,0.011,52.3
0.0,0.01,52.3
0.0,0.007,52.3
0.0,0.009,52.3
0.0,0.021,52.3
0.0,0.041,52.3
0.0,0.065,52.3
0.0,0.083,52.3
0.0,0.093,52.3
0.0,0.095,52.3
0.0,0.084,52.3
0.099,0.063,52.3
0.329,0.038,52.3
0.492,0.019,52.3
0.575,0.02,52.3
0.593,0.032,52.3
0.556,0.037,52.3
0.456,0.038,52.3
0.274,0.05,52.3
0.04,0.082,52.3
0.0,0.118,52.3
0.0,0.136,52.3
0.0,0.138,52.3
0.0,0.13,52.3
0.0,0.114,52.3
0.0,0.096,52.3
0.0,0.071,52.3
0.0,0.051,52.3
