,solar_cf,wind_cf,price
2019-01-01 00:00:00,0.0,0.5017,39.43579938184959
2019-01-01 01:00:00,0.0,0.5179,51.90718090705437
2019-01-01 02:00:00,0.0,0.5435,59.826817827881555
2019-01-01 03:00:00,0.0,0.5902,58.03561785498545
2019-01-01 04:00:00,0.0,0.6244,37.71262787348285
2019-01-01 05:00:00,0.0,0.6622,50.284079061359705
2019-01-01 06:00:00,0.0,0.6808,48.94366870910265
2019-01-01 07:00:00,0.0018,0.693,47.58357221688041
2019-01-01 08:00:00,0.0123,0.6876,43.23443075675223
2019-01-01 09:00:00,0.0288,0.7129,59.16253083854588
2019-01-01 10:00:00,0.0433,0.7511,28.718242797185173
2019-01-01 11:00:00,0.047,0.7599,45.65538460586565
2019-01-01 12:00:00,0.0423,0.778,50.27189428285804
2019-01-01 13:00:00,0.0273,0.7883,-8.762548877694245
2019-01-01 14:00:00,0.0094,0.7907,51.934833584596575
2019-01-01 15:00:00,0.0004,0.8137,45.459360107920084
2019-01-01 16:00:00,0.0,0.826,78.14206220619721
2019-01-01 17:00:00,0.0,0.827,49.7259092124455
2019-01-01 18:00:00,0.0,0.8206,52.230623858071425
2019-01-01 19:00:00,0.0,0.8209,33.968136466681436
2019-01-01 20:00:00,0.0,0.8179,26.522888488527553
2019-01-01 21:00:00,0.0,0.7966,37.20740892982102
2019-01-01 22:00:00,0.0,0.79,-3.3023238760456124
2019-01-01 23:00:00,0.0,0.7497,54.74771553162847
2019-01-02 00:00:00,0.0,0.7198,51.77712074968865
2019-01-02 01:00:00,0.0,0.6932,47.78120281856361
2019-01-02 02:00:00,0.0,0.6724,47.024368626866995
2019-01-02 03:00:00,0.0,0.6799,47.93521212164004
2019-01-02 04:00:00,0.0,0.7007,35.670293362818136
2019-01-02 05:00:00,0.0,0.7121,32.031461255037726
2019-01-02 06:00:00,0.0,0.7008,32.35156317913039
2019-01-02 07:00:00,0.0023,0.6773,38.762800249138564
2019-01-02 08:00:00,0.0311,0.6547,58.953079387743045
2019-01-02 09:00:00,0.0872,0.643,50.371068818183396
2019-01-02 10:00:00,0.1332,0.6473,34.92475625502705
2019-01-02 11:00:00,0.1458,0.654,38.72255441568285
2019-01-02 12:00:00,0.1319,0.6443,38.18286819107008
2019-01-02 13:00:00,0.0897,0.6031,56.88101102733765
2019-01-02 14:00:00,0.0315,0.5476,61.80757716337837
2019-01-02 15:00:00,0.0018,0.5162,50.625043635568154
2019-01-02 16:00:00,0.0,0.4925,36.816302072733706
2019-01-02 17:00:00,0.0,0.4543,32.43996532929002
2019-01-02 18:00:00,0.0,0.4082,-32.93207461935012
2019-01-02 19:00:00,0.0,0.3763,25.56952120039988
2019-01-02 20:00:00,0.0,0.3416,43.463783964978845
2019-01-02 21:00:00,0.0,0.3095,34.39146683164575
2019-01-02 22:00:00,0.0,0.2867,53.06618673368954
2019-01-02 23:00:00,0.0,0.2722,32.618443622552604
2019-01-03 00:00:00,0.0,0.2594,-28.769778447147484
2019-01-03 01:00:00,0.0,0.2501,-48.10046570758771
2019-01-03 02:00:00,0.0,0.2539,56.05371142113064
2019-01-03 03:00:00,0.0,0.2679,35.21020869424478
2019-01-03 04:00:00,0.0,0.278,29.76445179228207
2019-01-03 05:00:00,0.0,0.2869,32.07201138786727
2019-01-03 06:00:00,0.0,0.2901,45.9434953634948
2019-01-03 07:00:00,0.0038,0.2885,48.45153434179109
2019-01-03 08:00:00,0.0338,0.2734,64.33225604502755
2019-01-03 09:00:00,0.0737,0.2334,43.26787408568647
2019-01-03 10:00:00,0.0997,0.199,35.9629119420932
2019-01-03 11:00:00,0.1004,0.1788,42.09579808504848
2019-01-03 12:00:00,0.0868,0.1606,67.90996381763486
2019-01-03 13:00:00,0.0568,0.1462,24.615570041419396
2019-01-03 14:00:00,0.0177,0.151,51.82594523167571
2019-01-03 15:00:00,0.0009,0.1731,52.13943290256117
2019-01-03 16:00:00,0.0,0.2032,28.878021287489766
2019-01-03 17:00:00,0.0,0.2102,36.27636743330247
2019-01-03 18:00:00,0.0,0.2024,34.220260110625794
2019-01-03 19:00:00,0.0,0.198,32.93901072696293
2019-01-03 20:00:00,0.0,0.1885,38.78948531539207
2019-01-03 21:00:00,0.0,0.1643,17.86798397921552
2019-01-03 22:00:00,0.0,0.1502,-33.05590883586961
2019-01-03 23:00:00,0.0,0.1452,50.050288536599176
2019-01-04 00:00:00,0.0,0.1642,35.70680167000987
2019-01-04 01:00:00,0.0,0.1816,30.209025962972806
2019-01-04 02:00:00,0.0,0.2076,48.43211187065378
2019-01-04 03:00:00,0.0,0.242,22.252324505939058
2019-01-04 04:00:00,0.0,0.2795,44.99699792005316
2019-01-04 05:00:00,0.0,0.3174,43.55945547742335
2019-01-04 06:00:00,0.0,0.3633,11.466582195894802
2019-01-04 07:00:00,0.0018,0.3956,41.451495867332184
2019-01-04 08:00:00,0.0147,0.4136,53.30038819897314
2019-01-04 09:00:00,0.0325,0.4414,65.50134737600203
2019-01-04 10:00:00,0.045,0.4785,46.3028884267982
2019-01-04 11:00:00,0.0441,0.5171,48.90103417994664
2019-01-04 12:00:00,0.0352,0.542,53.34888858047292
2019-01-04 13:00:00,0.0208,0.538,43.714652626729865
2019-01-04 14:00:00,0.0066,0.5323,62.11009614469194
2019-01-04 15:00:00,0.0004,0.5384,39.58333159179528
2019-01-04 16:00:00,0.0,0.5456,33.50783622223841
2019-01-04 17:00:00,0.0,0.54,-37.51730922670661
2019-01-04 18:00:00,0.0,0.529,33.88964160689317
2019-01-04 19:00:00,0.0,0.5216,30.798280592850187
2019-01-04 20:00:00,0.0,0.5214,40.73986732527892
2019-01-04 21:00:00,0.0,0.5257,33.23485917172188
2019-01-04 22:00:00,0.0,0.5538,32.80125464458571
2019-01-04 23:00:00,0.0,0.5772,35.85209712187279
2019-01-05 00:00:00,0.0,0.591,37.7397615698385
2019-01-05 01:00:00,0.0,0.6142,20.119410809410574
2019-01-05 02:00:00,0.0,0.6371,45.68709939184012
2019-01-05 03:00:00,0.0,0.6564,25.980258877181516
2019-01-05 04:00:00,0.0,0.6464,43.43460119210561
2019-01-05 05:00:00,0.0,0.6586,46.05205219698364
2019-01-05 06:00:00,0.0,0.6278,39.32622793477323
2019-01-05 07:00:00,0.0014,0.5979,48.63321841284397
2019-01-05 08:00:00,0.0078,0.572,47.09723262408842
2019-01-05 09:00:00,0.0188,0.5408,40.60441868300589
2019-01-05 10:00:00,0.0304,0.5159,50.09936785648277
2019-01-05 11:00:00,0.0345,0.4881,69.49617897466996
2019-01-05 12:00:00,0.028,0.4701,54.34073035202326
2019-01-05 13:00:00,0.0167,0.4396,51.74287544768735
2019-01-05 14:00:00,0.0052,0.4046,41.79562858460155
2019-01-05 15:00:00,0.0002,0.3909,35.300714520849326
2019-01-05 16:00:00,0.0,0.3831,44.456705125527954
2019-01-05 17:00:00,0.0,0.3764,54.79463849887182
2019-01-05 18:00:00,0.0,0.3575,31.114980400360125
2019-01-05 19:00:00,0.0,0.3452,43.73508722867916
2019-01-05 20:00:00,0.0,0.3326,-15.116156591181921
2019-01-05 21:00:00,0.0,0.3111,67.72951777867621
2019-01-05 22:00:00,0.0,0.2946,30.546516667325967
2019-01-05 23:00:00,0.0,0.2818,38.05420145217911
2019-01-06 00:00:00,0.0,0.2644,55.236933613950576
2019-01-06 01:00:00,0.0,0.2463,41.43945900370017
2019-01-06 02:00:00,0.0,0.2355,57.36592125491305
2019-01-06 03:00:00,0.0,0.2262,54.23093976807715
2019-01-06 04:00:00,0.0,0.2171,58.234135464510075
2019-01-06 05:00:00,0.0,0.194,16.559247485536474
2019-01-06 06:00:00,0.0,0.1739,45.712243837772206
2019-01-06 07:00:00,0.0017,0.1589,68.57304171244196
2019-01-06 08:00:00,0.0154,0.1429,40.406082820012614
2019-01-06 09:00:00,0.0366,0.1245,48.45416977513682
2019-01-06 10:00:00,0.0515,0.1173,22.22756332310797
2019-01-06 11:00:00,0.0555,0.1254,99.4077775005195
2019-01-06 12:00:00,0.0475,0.1333,77.91835787878102
2019-01-06 13:00:00,0.0302,0.1332,70.41790734205249
2019-01-06 14:00:00,0.01,0.1332,46.2630595395056
2019-01-06 15:00:00,0.0006,0.1393,52.40487507820538
2019-01-06 16:00:00,0.0,0.158,62.5808419234404
2019-01-06 17:00:00,0.0,0.1726,-39.1285551859036
2019-01-06 18:00:00,0.0,0.1804,45.953202903489796
2019-01-06 19:00:00,0.0,0.1816,51.45082718203708
2019-01-06 20:00:00,0.0,0.1804,8.20524424754673
2019-01-06 21:00:00,0.0,0.1687,20.671453006769053
2019-01-06 22:00:00,0.0,0.1666,29.547967013321646
2019-01-06 23:00:00,0.0,0.179,53.40857245854069
2019-01-07 00:00:00,0.0,0.1924,32.1099597665248
2019-01-07 01:00:00,0.0,0.2043,46.88792970596578
2019-01-07 02:00:00,0.0,0.2121,37.03884535740511
2019-01-07 03:00:00,0.0,0.2128,47.58758477871993
2019-01-07 04:00:00,0.0,0.2153,65.78441862929176
2019-01-07 05:00:00,0.0,0.2143,45.42488483898894
2019-01-07 06:00:00,0.0,0.2022,21.308558051603278
2019-01-07 07:00:00,0.0015,0.1914,63.84563126591269
2019-01-07 08:00:00,0.0138,0.1785,55.97367901903375
2019-01-07 09:00:00,0.0322,0.1726,32.14000387060071
2019-01-07 10:00:00,0.0451,0.1853,41.130838165771806
2019-01-07 11:00:00,0.0482,0.2168,-30.071888340770407
2019-01-07 12:00:00,0.0418,0.2472,49.40492141211509
2019-01-07 13:00:00,0.0266,0.2766,55.2402878154424
2019-01-07 14:00:00,0.0092,0.3244,46.14894727640164
2019-01-07 15:00:00,0.0007,0.3844,66.80374423449872
2019-01-07 16:00:00,0.0,0.4658,54.19004703227271
2019-01-07 17:00:00,0.0,0.5466,44.832803057510134
2019-01-07 18:00:00,0.0,0.6189,42.757001657341135
2019-01-07 19:00:00,0.0,0.6946,49.637425965916165
2019-01-07 20:00:00,0.0,0.7494,44.56535062836569
2019-01-07 21:00:00,0.0,0.7442,43.06426458220621
2019-01-07 22:00:00,0.0,0.7624,22.288557410334974
2019-01-07 23:00:00,0.0,0.7704,19.886654995463612
2019-01-08 00:00:00,0.0,0.7661,29.981710070632985
2019-01-08 01:00:00,0.0,0.7674,43.48842754394839
2019-01-08 02:00:00,0.0,0.7722,34.70972333489247
2019-01-08 03:00:00,0.0,0.7747,41.74423011095791
2019-01-08 04:00:00,0.0,0.7796,39.049990387874914
2019-01-08 05:00:00,0.0,0.8152,57.03899711243764
2019-01-08 06:00:00,0.0,0.8409,68.25829818811121
2019-01-08 07:00:00,0.0018,0.8565,31.86109233209194
2019-01-08 08:00:00,0.0158,0.8739,53.763456496472784
2019-01-08 09:00:00,0.0381,0.8732,73.3579554264057
2019-01-08 10:00:00,0.0544,0.8754,49.970123257573796
2019-01-08 11:00:00,0.0632,0.8834,57.81610610573047
2019-01-08 12:00:00,0.0577,0.8759,54.035254135355515
2019-01-08 13:00:00,0.0374,0.8571,18.92576274333188
2019-01-08 14:00:00,0.0135,0.8517,54.635298311861675
2019-01-08 15:00:00,0.001,0.8616,45.13937249837119
2019-01-08 16:00:00,0.0,0.8586,69.83891026041913
2019-01-08 17:00:00,0.0,0.8464,48.40608217045224
2019-01-08 18:00:00,0.0,0.8441,57.43895532213875
2019-01-08 19:00:00,0.0,0.8369,38.077459525867155
2019-01-08 20:00:00,0.0,0.828,32.00881430915704
2019-01-08 21:00:00,0.0,0.7892,36.45842055111701
2019-01-08 22:00:00,0.0,0.7786,62.60679427572999
2019-01-08 23:00:00,0.0,0.7707,39.996948552492334
2019-01-09 00:00:00,0.0,0.7502,25.712467486925163
2019-01-09 01:00:00,0.0,0.7375,62.5716128375818
2019-01-09 02:00:00,0.0,0.7303,34.75978414746367
2019-01-09 03:00:00,0.0,0.7229,43.11435738210047
2019-01-09 04:00:00,0.0,0.7044,36.10754601827894
2019-01-09 05:00:00,0.0,0.6976,46.941410588681435
2019-01-09 06:00:00,0.0,0.684,55.05164170656707
2019-01-09 07:00:00,0.0016,0.6712,44.858647089499065
2019-01-09 08:00:00,0.0163,0.6576,56.52556154090901
2019-01-09 09:00:00,0.0408,0.6525,52.81404674333837
2019-01-09 10:00:00,0.0587,0.6603,48.6808436570779
2019-01-09 11:00:00,0.059,0.6646,66.41961208270912
2019-01-09 12:00:00,0.0498,0.6694,45.35372992812885
2019-01-09 13:00:00,0.0326,0.6575,47.36979704135986
2019-01-09 14:00:00,0.0128,0.6424,57.61689488583526
2019-01-09 15:00:00,0.0011,0.631,24.980487331723005
2019-01-09 16:00:00,0.0,0.6042,53.29285040322664
2019-01-09 17:00:00,0.0,0.5938,53.93006674572675
2019-01-09 18:00:00,0.0,0.5681,50.19379569150405
2019-01-09 19:00:00,0.0,0.5291,32.40904690097777
2019-01-09 20:00:00,0.0,0.4765,37.38925491166735
2019-01-09 21:00:00,0.0,0.4213,43.59740190863888
2019-01-09 22:00:00,0.0,0.3846,37.386371804514575
2019-01-09 23:00:00,0.0,0.3491,54.791134949515154
2019-01-10 00:00:00,0.0,0.32,50.81512856596686
2019-01-10 01:00:00,0.0,0.2899,55.61738859229763
2019-01-10 02:00:00,0.0,0.2643,41.85550741863005
2019-01-10 03:00:00,0.0,0.251,-34.64558021561531
2019-01-10 04:00:00,0.0,0.2342,33.04986827792616
2019-01-10 05:00:00,0.0,0.213,35.38008855913709
2019-01-10 06:00:00,0.0,0.1861,36.12436640410338
2019-01-10 07:00:00,0.0018,0.1612,59.92182989188413
2019-01-10 08:00:00,0.0152,0.1338,57.483344915541124
2019-01-10 09:00:00,0.0338,0.1118,39.72128500772082
2019-01-10 10:00:00,0.0463,0.0972,-7.430241287627395
2019-01-10 11:00:00,0.0508,0.0887,47.92936715040561
2019-01-10 12:00:00,0.0434,0.081,42.22038160614224
2019-01-10 13:00:00,0.0278,0.0754,65.6650382731932
2019-01-10 14:00:00,0.01,0.0712,51.54653800168983
2019-01-10 15:00:00,0.0008,0.0692,46.920885588520015
2019-01-10 16:00:00,0.0,0.0731,50.32079219389534
2019-01-10 17:00:00,0.0,0.0799,41.11652683128145
2019-01-10 18:00:00,0.0,0.083,16.439936466762145
2019-01-10 19:00:00,0.0,0.0816,44.504396452846336
2019-01-10 20:00:00,0.0,0.0902,22.205343129003086
2019-01-10 21:00:00,0.0,0.1051,44.68283337004185
2019-01-10 22:00:00,0.0,0.1216,40.462778553305895
2019-01-10 23:00:00,0.0,0.138,-38.15377917317319
2019-01-11 00:00:00,0.0,0.1468,43.19697698954724
2019-01-11 01:00:00,0.0,0.1563,54.35384941531663
2019-01-11 02:00:00,0.0,0.1861,-23.39995104496929
2019-01-11 03:00:00,0.0,0.2134,44.424485717411294
2019-01-11 04:00:00,0.0,0.2417,27.351165503532293
2019-01-11 05:00:00,0.0,0.2698,50.8984328009855
2019-01-11 06:00:00,0.0,0.2975,50.65121532410986
2019-01-11 07:00:00,0.0017,0.3112,63.81327211121331
2019-01-11 08:00:00,0.0076,0.3223,51.62367056529314
2019-01-11 09:00:00,0.016,0.3474,52.887239958388214
2019-01-11 10:00:00,0.0213,0.3748,45.207419671050204
2019-01-11 11:00:00,0.0238,0.4185,60.71292994588489
2019-01-11 12:00:00,0.021,0.4573,38.730335230331605
2019-01-11 13:00:00,0.0142,0.4852,46.49449017028982
2019-01-11 14:00:00,0.0058,0.509,48.34612509520113
2019-01-11 15:00:00,0.0005,0.5263,28.324077123305123
2019-01-11 16:00:00,0.0,0.5408,48.25487940341701
2019-01-11 17:00:00,0.0,0.5416,24.321032384056412
2019-01-11 18:00:00,0.0,0.5125,54.600778950394535
2019-01-11 19:00:00,0.0,0.5,52.118529967241216
2019-01-11 20:00:00,0.0,0.4902,48.43612909732356
2019-01-11 21:00:00,0.0,0.4763,18.60333631767502
2019-01-11 22:00:00,0.0,0.4704,25.35180754294737
2019-01-11 23:00:00,0.0,0.4554,39.586429185685965
2019-01-12 00:00:00,0.0,0.4391,30.056457330372986
2019-01-12 01:00:00,0.0,0.4237,35.36238041229875
2019-01-12 02:00:00,0.0,0.4096,-49.81375951508913
2019-01-12 03:00:00,0.0,0.4033,38.87845900183056
2019-01-12 04:00:00,0.0,0.4207,46.69683262518536
2019-01-12 05:00:00,0.0,0.4484,46.04035111785812
2019-01-12 06:00:00,0.0,0.4727,45.376346777522556
2019-01-12 07:00:00,0.0013,0.4912,50.33454788667202
2019-01-12 08:00:00,0.0105,0.5136,42.45995229293322
2019-01-12 09:00:00,0.0236,0.5561,43.02289839621313
2019-01-12 10:00:00,0.0291,0.6193,64.69800477179396
2019-01-12 11:00:00,0.0309,0.6645,-18.49311145481835
2019-01-12 12:00:00,0.026,0.6879,40.686743779656084
2019-01-12 13:00:00,0.0163,0.7046,46.07076349421949
2019-01-12 14:00:00,0.0057,0.7117,50.2871627402026
2019-01-12 15:00:00,0.0004,0.72,58.737631995420166
2019-01-12 16:00:00,0.0,0.7208,54.7110776335007
2019-01-12 17:00:00,0.0,0.7248,34.099185550231915
2019-01-12 18:00:00,0.0,0.7173,58.923459952666015
2019-01-12 19:00:00,0.0,0.7078,29.99519189599505
2019-01-12 20:00:00,0.0,0.6784,28.685174392599876
2019-01-12 21:00:00,0.0,0.6537,32.20846219646508
2019-01-12 22:00:00,0.0,0.6521,58.426515483405915
2019-01-12 23:00:00,0.0,0.6539,22.791209816856583
2019-01-13 00:00:00,0.0,0.6305,18.111747567599124
2019-01-13 01:00:00,0.0,0.6031,27.51868002586255
2019-01-13 02:00:00,0.0,0.5888,64.07371417640337
2019-01-13 03:00:00,0.0,0.5825,35.53269834651507
2019-01-13 04:00:00,0.0,0.5705,47.626393104929875
2019-01-13 05:00:00,0.0,0.583,48.300834779809605
2019-01-13 06:00:00,0.0,0.6081,43.199161887550126
2019-01-13 07:00:00,0.0018,0.645,53.009585865052124
2019-01-13 08:00:00,0.0084,0.688,34.10715186788102
2019-01-13 09:00:00,0.0182,0.7314,49.25710680319496
2019-01-13 10:00:00,0.0255,0.7718,61.62971196314891
2019-01-13 11:00:00,0.0279,0.8021,66.31726074625237
2019-01-13 12:00:00,0.024,0.8207,45.23538357697285
2019-01-13 13:00:00,0.0151,0.8314,78.35311083004625
2019-01-13 14:00:00,0.0059,0.849,33.76839024789888
2019-01-13 15:00:00,0.0004,0.8571,34.58002599722519
2019-01-13 16:00:00,0.0,0.8781,-10.69053506016666
2019-01-13 17:00:00,0.0,0.9028,46.47828776348877
2019-01-13 18:00:00,0.0,0.9155,40.70485808220934
2019-01-13 19:00:00,0.0,0.9145,44.165796741918506
2019-01-13 20:00:00,0.0,0.9074,38.14270946134663
2019-01-13 21:00:00,0.0,0.8678,-12.80892988014875
2019-01-13 22:00:00,0.0,0.8286,46.81457810283746
2019-01-13 23:00:00,0.0,0.8258,59.791759906216164
2019-01-14 00:00:00,0.0,0.8108,63.53102698292541
2019-01-14 01:00:00,0.0,0.7912,38.113475851388586
2019-01-14 02:00:00,0.0,0.7654,-44.969066907866434
2019-01-14 03:00:00,0.0,0.7407,-31.116161256652898
2019-01-14 04:00:00,0.0,0.7263,45.45473484594677
2019-01-14 05:00:00,0.0,0.7339,62.11224187046638
2019-01-14 06:00:00,0.0,0.7234,35.36668613297937
2019-01-14 07:00:00,0.0049,0.7026,24.142159969020668
2019-01-14 08:00:00,0.0332,0.6803,59.09806629258149
2019-01-14 09:00:00,0.0732,0.6733,57.50979365535582
2019-01-14 10:00:00,0.1028,0.7082,59.106370931129476
2019-01-14 11:00:00,0.1099,0.725,50.709649446072554
2019-01-14 12:00:00,0.0951,0.7411,36.44010171847152
2019-01-14 13:00:00,0.0726,0.7284,27.5426668747744
2019-01-14 14:00:00,0.0336,0.7039,-32.19442133712629
2019-01-14 15:00:00,0.0036,0.6849,52.11774201274059
2019-01-14 16:00:00,0.0,0.6523,24.11428400948534
2019-01-14 17:00:00,0.0,0.6348,23.447786950828693
2019-01-14 18:00:00,0.0,0.6215,56.57188423212152
2019-01-14 19:00:00,0.0,0.6158,35.41156787838124
2019-01-14 20:00:00,0.0,0.612,42.417964121993506
2019-01-14 21:00:00,0.0,0.593,-24.36154523380262
2019-01-14 22:00:00,0.0,0.5767,32.74319052786688
2019-01-14 23:00:00,0.0,0.5674,29.82740485844821
2019-01-15 00:00:00,0.0,0.5775,30.998188309736648
2019-01-15 01:00:00,0.0,0.5926,45.22826563230657
2019-01-15 02:00:00,0.0,0.6152,47.42994134930943
2019-01-15 03:00:00,0.0,0.6351,48.00126732747457
2019-01-15 04:00:00,0.0,0.6499,45.51975066515548
2019-01-15 05:00:00,0.0,0.6764,45.309321691104635
2019-01-15 06:00:00,0.0,0.6911,32.2336881879741
2019-01-15 07:00:00,0.0026,0.6888,26.284956829345347
2019-01-15 08:00:00,0.0201,0.6886,50.9767072451591
2019-01-15 09:00:00,0.042,0.6875,50.39381312669012
2019-01-15 10:00:00,0.0558,0.705,47.81543870306044
2019-01-15 11:00:00,0.066,0.72,32.31676391013113
2019-01-15 12:00:00,0.0631,0.7258,47.922644411141405
2019-01-15 13:00:00,0.0463,0.7354,62.2139615508182
2019-01-15 14:00:00,0.018,0.7716,51.05596919307567
2019-01-15 15:00:00,0.0017,0.7906,67.20851381053245
2019-01-15 16:00:00,0.0,0.7988,-24.159454296695507
2019-01-15 17:00:00,0.0,0.7986,57.80405629326098
2019-01-15 18:00:00,0.0,0.7918,66.60330346737302
2019-01-15 19:00:00,0.0,0.7782,63.90701052170516
2019-01-15 20:00:00,0.0,0.7572,35.67224843075813
2019-01-15 21:00:00,0.0,0.7201,31.244289283016965
2019-01-15 22:00:00,0.0,0.7084,103.0744171790918
2019-01-15 23:00:00,0.0,0.6897,45.021723304869596
2019-01-16 00:00:00,0.0,0.6641,36.06777824032095
2019-01-16 01:00:00,0.0,0.6396,45.41248136030882
2019-01-16 02:00:00,0.0,0.6269,26.524662873517688
2019-01-16 03:00:00,0.0,0.6131,35.50021390509489
2019-01-16 04:00:00,0.0,0.5807,37.69341589450083
2019-01-16 05:00:00,0.0,0.5642,38.1135551578906
2019-01-16 06:00:00,0.0,0.5494,48.82534863078402
2019-01-16 07:00:00,0.0063,0.5306,30.33095416405355
2019-01-16 08:00:00,0.0372,0.5287,19.861676599055237
2019-01-16 09:00:00,0.0813,0.5424,33.15205771232203
2019-01-16 10:00:00,0.1184,0.5611,64.65526669171062
2019-01-16 11:00:00,0.1338,0.5684,41.46234592588745
2019-01-16 12:00:00,0.1273,0.568,45.7063672242511
2019-01-16 13:00:00,0.0951,0.5472,48.815646829524105
2019-01-16 14:00:00,0.0434,0.5329,54.64894907322794
2019-01-16 15:00:00,0.0059,0.5394,75.71258957958958
2019-01-16 16:00:00,0.0,0.5524,36.11786020728154
2019-01-16 17:00:00,0.0,0.5733,37.98175331349154
2019-01-16 18:00:00,0.0,0.6039,36.22615945869579
2019-01-16 19:00:00,0.0,0.6222,60.69835512157488
2019-01-16 20:00:00,0.0,0.6445,22.68950109949811
2019-01-16 21:00:00,0.0,0.6454,21.05472847585606
2019-01-16 22:00:00,0.0,0.6578,45.197210932543
2019-01-16 23:00:00,0.0,0.6608,21.71040765864276
2019-01-17 00:00:00,0.0,0.6585,45.726970620601804
2019-01-17 01:00:00,0.0,0.6582,59.92017290085503
2019-01-17 02:00:00,0.0,0.6682,30.77185378046866
2019-01-17 03:00:00,0.0,0.6724,67.67497938983081
2019-01-17 04:00:00,0.0,0.6593,38.747939196315656
2019-01-17 05:00:00,0.0,0.6507,28.89540239880363
2019-01-17 06:00:00,0.0,0.6284,59.04912945493128
2019-01-17 07:00:00,0.007,0.6058,38.52857378997643
2019-01-17 08:00:00,0.0331,0.5752,-25.944907007465428
2019-01-17 09:00:00,0.0589,0.5822,44.25756777138549
2019-01-17 10:00:00,0.0776,0.5913,43.473256864184194
2019-01-17 11:00:00,0.0801,0.5786,43.09059662614414
2019-01-17 12:00:00,0.0745,0.5672,42.358896581167656
2019-01-17 13:00:00,0.0567,0.5522,40.80197454252675
2019-01-17 14:00:00,0.029,0.5254,47.28771953511794
2019-01-17 15:00:00,0.0041,0.5373,57.750841519398705
2019-01-17 16:00:00,0.0,0.5718,50.69894771848834
2019-01-17 17:00:00,0.0,0.582,48.94824394506156
2019-01-17 18:00:00,0.0,0.5893,29.338579470884255
2019-01-17 19:00:00,0.0,0.5921,17.959550133054236
2019-01-17 20:00:00,0.0,0.5827,28.698873526090622
2019-01-17 21:00:00,0.0,0.5482,41.132490551192944
2019-01-17 22:00:00,0.0,0.5172,34.88433096462512
2019-01-17 23:00:00,0.0,0.4784,51.29559312614798
2019-01-18 00:00:00,0.0,0.4443,58.532406067416474
2019-01-18 01:00:00,0.0,0.4,-11.621354405370102
2019-01-18 02:00:00,0.0,0.3479,49.39104118913994
2019-01-18 03:00:00,0.0,0.306,53.671744315565036
2019-01-18 04:00:00,0.0,0.2731,62.13857145187782
2019-01-18 05:00:00,0.0,0.2512,20.690829720838387
2019-01-18 06:00:00,0.0,0.245,50.99948248960388
2019-01-18 07:00:00,0.0077,0.2232,55.6944887348988
2019-01-18 08:00:00,0.0474,0.1898,45.49631907854388
2019-01-18 09:00:00,0.106,0.1588,45.180173814965315
2019-01-18 10:00:00,0.1714,0.1308,38.506141236292414
2019-01-18 11:00:00,0.2082,0.1142,62.60433937636836
2019-01-18 12:00:00,0.2054,0.115,42.218276602314965
2019-01-18 13:00:00,0.159,0.1128,51.4601442485786
2019-01-18 14:00:00,0.0747,0.1118,43.18913526065806
2019-01-18 15:00:00,0.0095,0.1274,45.22324217236639
2019-01-18 16:00:00,0.0,0.1582,63.77544885030355
2019-01-18 17:00:00,0.0,0.1719,35.33898021223838
2019-01-18 18:00:00,0.0,0.1703,48.228193356785596
2019-01-18 19:00:00,0.0,0.1616,30.2107877218645
2019-01-18 20:00:00,0.0,0.1539,12.17440323104313
2019-01-18 21:00:00,0.0,0.1423,39.583472118646306
2019-01-18 22:00:00,0.0,0.1286,23.290428317932026
2019-01-18 23:00:00,0.0,0.1197,35.760603472338516
2019-01-19 00:00:00,0.0,0.116,43.10715802357687
2019-01-19 01:00:00,0.0,0.1006,46.226125646043485
2019-01-19 02:00:00,0.0,0.0945,58.38375067547343
2019-01-19 03:00:00,0.0,0.0981,45.12539046091796
2019-01-19 04:00:00,0.0,0.0959,42.95317792562363
2019-01-19 05:00:00,0.0,0.0933,38.285119838973166
2019-01-19 06:00:00,0.0,0.1014,36.50760373636957
2019-01-19 07:00:00,0.0127,0.1074,28.873541603202163
2019-01-19 08:00:00,0.0842,0.1005,51.588087498773056
2019-01-19 09:00:00,0.1762,0.0787,49.42253558559493
2019-01-19 10:00:00,0.2477,0.0564,56.379856239819844
2019-01-19 11:00:00,0.2716,0.0373,35.427460390896385
2019-01-19 12:00:00,0.2486,0.0318,-30.36780169469011
2019-01-19 13:00:00,0.1799,0.0323,42.41891923278996
2019-01-19 14:00:00,0.0831,0.04,67.15645159211282
2019-01-19 15:00:00,0.0126,0.0683,56.99827747811693
2019-01-19 16:00:00,0.0,0.1101,69.46361727970105
2019-01-19 17:00:00,0.0,0.145,52.98568059860234
2019-01-19 18:00:00,0.0,0.1621,40.88493723158791
2019-01-19 19:00:00,0.0,0.168,49.701987463735996
2019-01-19 20:00:00,0.0,0.1686,32.75124120967506
2019-01-19 21:00:00,0.0,0.1588,40.69907533564846
2019-01-19 22:00:00,0.0,0.1478,14.97905102909408
2019-01-19 23:00:00,0.0,0.1311,47.96634355660757
2019-01-20 00:00:00,0.0,0.1098,46.794837454608704
2019-01-20 01:00:00,0.0,0.0919,40.96514852803921
2019-01-20 02:00:00,0.0,0.0777,23.795962759869717
2019-01-20 03:00:00,0.0,0.0669,52.81048394547955
2019-01-20 04:00:00,0.0,0.0575,63.603424925511064
2019-01-20 05:00:00,0.0,0.0519,67.94903948153119
2019-01-20 06:00:00,0.0,0.0482,32.32287720456669
2019-01-20 07:00:00,0.0119,0.0499,22.3170968051679
2019-01-20 08:00:00,0.0769,0.0431,36.57566316807855
2019-01-20 09:00:00,0.1562,0.0311,44.97538464581948
2019-01-20 10:00:00,0.2118,0.0171,47.254303027236354
2019-01-20 11:00:00,0.2279,0.0103,53.66850580704867
2019-01-20 12:00:00,0.2074,0.0091,45.04095451463101
2019-01-20 13:00:00,0.1486,0.0097,52.28211562429273
2019-01-20 14:00:00,0.0665,0.0117,67.0250648476956
2019-01-20 15:00:00,0.0092,0.0167,42.43363163915935
2019-01-20 16:00:00,0.0,0.0304,60.37413087010674
2019-01-20 17:00:00,0.0,0.0425,80.61401433217517
2019-01-20 18:00:00,0.0,0.0506,51.5855006777023
2019-01-20 19:00:00,0.0,0.0548,43.82891467897798
2019-01-20 20:00:00,0.0,0.057,22.280441383864066
2019-01-20 21:00:00,0.0,0.06,25.52768260020411
2019-01-20 22:00:00,0.0,0.0592,-36.00200721728966
2019-01-20 23:00:00,0.0,0.0608,70.59696984619526
2019-01-21 00:00:00,0.0,0.064,40.64188039640936
2019-01-21 01:00:00,0.0,0.0708,39.34288017024663
2019-01-21 02:00:00,0.0,0.0757,35.013341110929225
2019-01-21 03:00:00,0.0,0.077,40.1901202302133
2019-01-21 04:00:00,0.0,0.086,38.10340213284207
2019-01-21 05:00:00,0.0,0.0991,50.45025868850675
2019-01-21 06:00:00,0.0,0.1008,70.16559205574322
2019-01-21 07:00:00,0.0084,0.0966,40.52016225876207
2019-01-21 08:00:00,0.0604,0.0938,22.95825164050588
2019-01-21 09:00:00,0.1344,0.0893,44.29671570105455
2019-01-21 10:00:00,0.197,0.0787,38.709769211136745
2019-01-21 11:00:00,0.2236,0.078,48.97161041115373
2019-01-21 12:00:00,0.2093,0.0797,44.15530661836578
2019-01-21 13:00:00,0.1573,0.0752,24.84297943762827
2019-01-21 14:00:00,0.076,0.0771,63.97363467244333
2019-01-21 15:00:00,0.0118,0.0909,73.95560356923356
2019-01-21 16:00:00,0.0,0.0978,49.345396505378766
2019-01-21 17:00:00,0.0,0.1038,27.66274202365145
2019-01-21 18:00:00,0.0,0.1058,47.48673246864714
2019-01-21 19:00:00,0.0,0.1046,32.11737959819696
2019-01-21 20:00:00,0.0,0.102,30.186539711811992
2019-01-21 21:00:00,0.0,0.0969,55.08655025950199
2019-01-21 22:00:00,0.0,0.0945,36.288200351106866
2019-01-21 23:00:00,0.0,0.096,32.16607792994875
2019-01-22 00:00:00,0.0,0.0992,42.19079852851983
2019-01-22 01:00:00,0.0,0.1106,46.73407451385833
2019-01-22 02:00:00,0.0,0.1208,41.450927650067946
2019-01-22 03:00:00,0.0,0.1258,33.5562865250996
2019-01-22 04:00:00,0.0,0.1304,32.3623610305662
2019-01-22 05:00:00,0.0,0.1382,51.69046427001305
2019-01-22 06:00:00,0.0,0.1569,53.57377140864188
2019-01-22 07:00:00,0.0077,0.1725,74.13303421647973
2019-01-22 08:00:00,0.0529,0.1677,62.285326520284904
2019-01-22 09:00:00,0.1052,0.1601,44.47165035262922
2019-01-22 10:00:00,0.1458,0.1552,-40.26014428078416
2019-01-22 11:00:00,0.163,0.1573,44.1138983271509
2019-01-22 12:00:00,0.1502,0.1664,76.06946104108235
2019-01-22 13:00:00,0.1048,0.1843,70.69018622575155
2019-01-22 14:00:00,0.0459,0.2059,49.591613577256545
2019-01-22 15:00:00,0.0064,0.2358,45.027259640848214
2019-01-22 16:00:00,0.0,0.2639,-44.20853685046434
2019-01-22 17:00:00,0.0,0.2932,-25.740243410799057
2019-01-22 18:00:00,0.0,0.2962,47.650008575730695
2019-01-22 19:00:00,0.0,0.2731,62.35861785046162
2019-01-22 20:00:00,0.0,0.2525,29.011545443860143
2019-01-22 21:00:00,0.0,0.233,18.644993906393594
2019-01-22 22:00:00,0.0,0.216,47.27353354602447
2019-01-22 23:00:00,0.0,0.2028,33.31525467317015
2019-01-23 00:00:00,0.0,0.1902,46.51955210023401
2019-01-23 01:00:00,0.0,0.1789,37.64178202117574
2019-01-23 02:00:00,0.0,0.1666,33.58747041004336
2019-01-23 03:00:00,0.0,0.1576,37.22103575288888
2019-01-23 04:00:00,0.0,0.1513,45.00248204301293
2019-01-23 05:00:00,0.0,0.1393,26.431924339621713
2019-01-23 06:00:00,0.0,0.1274,43.390984226962765
2019-01-23 07:00:00,0.0073,0.1143,32.798054861941296
2019-01-23 08:00:00,0.0404,0.0974,57.322927762348
2019-01-23 09:00:00,0.0807,0.0817,28.975559513994277
2019-01-23 10:00:00,0.11,0.0674,30.945064869345572
2019-01-23 11:00:00,0.1169,0.069,57.425707953666006
2019-01-23 12:00:00,0.1003,0.0747,61.82419932502197
2019-01-23 13:00:00,0.0705,0.0869,53.43096351184771
2019-01-23 14:00:00,0.0319,0.1019,50.805508940184886
2019-01-23 15:00:00,0.0047,0.1234,66.53565600822733
2019-01-23 16:00:00,0.0,0.1496,34.742101017324075
2019-01-23 17:00:00,0.0,0.1652,39.373311913859496
2019-01-23 18:00:00,0.0,0.1559,63.33861718830537
2019-01-23 19:00:00,0.0,0.1383,-47.54284339135784
2019-01-23 20:00:00,0.0,0.1222,64.44112631838857
2019-01-23 21:00:00,0.0,0.1156,35.798824461603026
2019-01-23 22:00:00,0.0,0.1042,22.65932685666072
2019-01-23 23:00:00,0.0,0.0935,36.62193380355305
2019-01-24 00:00:00,0.0,0.0805,-8.79277984608402
2019-01-24 01:00:00,0.0,0.0735,46.26725493522434
2019-01-24 02:00:00,0.0,0.0667,45.40847957204865
2019-01-24 03:00:00,0.0,0.0606,45.635638477385314
2019-01-24 04:00:00,0.0,0.0556,44.822717119377835
2019-01-24 05:00:00,0.0,0.0512,42.49590078292262
2019-01-24 06:00:00,0.0,0.0446,55.5346792539984
2019-01-24 07:00:00,0.0034,0.0401,33.83439757428625
2019-01-24 08:00:00,0.0188,0.0322,64.37951403240879
2019-01-24 09:00:00,0.0411,0.0289,61.83441704109252
2019-01-24 10:00:00,0.0594,0.0258,52.10309167101673
2019-01-24 11:00:00,0.0662,0.0221,52.60184307615927
2019-01-24 12:00:00,0.0566,0.0193,74.57985531857238
2019-01-24 13:00:00,0.0375,0.0172,59.00459006417489
2019-01-24 14:00:00,0.0159,0.0158,26.7481604959517
2019-01-24 15:00:00,0.0028,0.0164,23.560690396981734
2019-01-24 16:00:00,0.0,0.0166,45.78551017771896
2019-01-24 17:00:00,0.0,0.0177,41.90782066176498
2019-01-24 18:00:00,0.0,0.0162,43.18297263684263
2019-01-24 19:00:00,0.0,0.014,34.02608157095413
2019-01-24 20:00:00,0.0,0.0112,48.93512134532098
2019-01-24 21:00:00,0.0,0.0084,46.961541683335305
2019-01-24 22:00:00,0.0,0.0078,42.71829002462237
2019-01-24 23:00:00,0.0,0.0082,47.640371687535904
2019-01-25 00:00:00,0.0,0.0102,38.6450850660592
2019-01-25 01:00:00,0.0,0.011,49.2778272122545
2019-01-25 02:00:00,0.0,0.0107,43.41801452370921
2019-01-25 03:00:00,0.0,0.0101,50.41232351099119
2019-01-25 04:00:00,0.0,0.0104,50.771612529315355
2019-01-25 05:00:00,0.0,0.011,48.049382304407
2019-01-25 06:00:00,0.0,0.0147,30.404919183965724
2019-01-25 07:00:00,0.0037,0.0188,29.4990400257567
2019-01-25 08:00:00,0.0174,0.0246,52.336668484776546
2019-01-25 09:00:00,0.0388,0.0332,49.608548753105964
2019-01-25 10:00:00,0.0603,0.0472,-39.860270197488134
2019-01-25 11:00:00,0.0706,0.068,32.980596479511064
2019-01-25 12:00:00,0.0658,0.0877,41.63613570850329
2019-01-25 13:00:00,0.049,0.1069,42.18015945729057
2019-01-25 14:00:00,0.0255,0.1232,42.84341521874146
2019-01-25 15:00:00,0.0059,0.1488,32.13216670744287
2019-01-25 16:00:00,0.0001,0.1907,28.034453380351028
2019-01-25 17:00:00,0.0,0.2515,-13.952506697545404
2019-01-25 18:00:00,0.0,0.2992,55.111270302384575
2019-01-25 19:00:00,0.0,0.3327,15.694531511793343
2019-01-25 20:00:00,0.0,0.3477,22.440715028425032
2019-01-25 21:00:00,0.0,0.3409,29.22917069259044
2019-01-25 22:00:00,0.0,0.3376,35.21967227768491
2019-01-25 23:00:00,0.0,0.3467,33.219092232765774
2019-01-26 00:00:00,0.0,0.3634,22.294699120681003
2019-01-26 01:00:00,0.0,0.373,33.49897127319546
2019-01-26 02:00:00,0.0,0.3813,42.4208793220041
2019-01-26 03:00:00,0.0,0.3803,63.72520279278908
2019-01-26 04:00:00,0.0,0.3642,-8.32387968498818
2019-01-26 05:00:00,0.0,0.3703,62.85803416696334
2019-01-26 06:00:00,0.0,0.3882,42.34631203562896
2019-01-26 07:00:00,0.0026,0.3955,30.46472587838978
2019-01-26 08:00:00,0.0112,0.4077,33.04932822568031
2019-01-26 09:00:00,0.0231,0.4041,63.76379982012354
2019-01-26 10:00:00,0.0358,0.4018,33.88177237677952
2019-01-26 11:00:00,0.0459,0.3959,44.3600773552178
2019-01-26 12:00:00,0.05,0.3934,40.306669366928276
2019-01-26 13:00:00,0.0422,0.3827,64.18473997189439
2019-01-26 14:00:00,0.0229,0.3754,57.552874876915794
2019-01-26 15:00:00,0.0056,0.3905,-5.729092924688489
2019-01-26 16:00:00,0.0001,0.4066,20.570779508862636
2019-01-26 17:00:00,0.0,0.4335,-6.040808263711779
2019-01-26 18:00:00,0.0,0.4476,-41.28956929474858
2019-01-26 19:00:00,0.0,0.4688,36.629464628458024
2019-01-26 20:00:00,0.0,0.4894,33.59561462640793
2019-01-26 21:00:00,0.0,0.495,32.7911730549375
2019-01-26 22:00:00,0.0,0.5072,28.22021568558349
2019-01-26 23:00:00,0.0,0.5204,67.85296288603502
2019-01-27 00:00:00,0.0,0.5156,40.79846946021787
2019-01-27 01:00:00,0.0,0.5207,64.14296324607182
2019-01-27 02:00:00,0.0,0.5342,23.93154929232998
2019-01-27 03:00:00,0.0,0.5476,36.827367523429615
2019-01-27 04:00:00,0.0,0.5447,41.18399601081764
2019-01-27 05:00:00,0.0,0.5519,52.24845357118343
2019-01-27 06:00:00,0.0,0.5443,42.865779592602706
2019-01-27 07:00:00,0.0057,0.5341,40.63767478167288
2019-01-27 08:00:00,0.0279,0.5212,46.97584416608752
2019-01-27 09:00:00,0.0525,0.51,62.64801474297319
2019-01-27 10:00:00,0.0768,0.5016,65.66426679449708
2019-01-27 11:00:00,0.0945,0.4776,63.446214711944165
2019-01-27 12:00:00,0.1005,0.4532,52.09669075802099
2019-01-27 13:00:00,0.084,0.4271,41.30876686350259
2019-01-27 14:00:00,0.0446,0.4028,53.263999593827876
2019-01-27 15:00:00,0.011,0.398,37.174618017187
2019-01-27 16:00:00,0.0002,0.4042,41.18540184311568
2019-01-27 17:00:00,0.0,0.4274,66.11528450675209
2019-01-27 18:00:00,0.0,0.4319,39.703022380945406
2019-01-27 19:00:00,0.0,0.4305,46.92520882573669
2019-01-27 20:00:00,0.0,0.4261,31.953682091824476
2019-01-27 21:00:00,0.0,0.4237,61.722182482582014
2019-01-27 22:00:00,0.0,0.4186,28.36976106809521
2019-01-27 23:00:00,0.0,0.4226,41.79464067885072
2019-01-28 00:00:00,0.0,0.4366,28.037097083263777
2019-01-28 01:00:00,0.0,0.442,48.07444664510459
2019-01-28 02:00:00,0.0,0.4374,27.362410851476973
2019-01-28 03:00:00,0.0,0.4162,60.196545052921884
2019-01-28 04:00:00,0.0,0.3922,35.994840497423205
2019-01-28 05:00:00,0.0,0.3905,38.75568053981948
2019-01-28 06:00:00,0.0,0.381,29.75295358093959
2019-01-28 07:00:00,0.0082,0.3719,71.51066977698808
2019-01-28 08:00:00,0.0369,0.3644,48.66442330829755
2019-01-28 09:00:00,0.0706,0.3475,63.90898536129354
2019-01-28 10:00:00,0.098,0.3417,51.84717417998466
2019-01-28 11:00:00,0.1062,0.3656,74.89507639579439
2019-01-28 12:00:00,0.0869,0.3897,59.81349197036057
2019-01-28 13:00:00,0.0606,0.4106,29.09467680097286
2019-01-28 14:00:00,0.0303,0.4226,33.99783590770279
2019-01-28 15:00:00,0.0074,0.4429,55.265765892203234
2019-01-28 16:00:00,0.0002,0.4358,37.562670428302376
2019-01-28 17:00:00,0.0,0.4142,50.48733598568528
2019-01-28 18:00:00,0.0,0.4043,43.7771986517263
2019-01-28 19:00:00,0.0,0.3972,52.272334226920265
2019-01-28 20:00:00,0.0,0.3875,1.676709183579483
2019-01-28 21:00:00,0.0,0.3794,31.8930418362564
2019-01-28 22:00:00,0.0,0.375,47.45555958531654
2019-01-28 23:00:00,0.0,0.3853,32.31464330775155
2019-01-29 00:00:00,0.0,0.3918,59.50474003254792
2019-01-29 01:00:00,0.0,0.3857,19.941831802204007
2019-01-29 02:00:00,0.0,0.3816,43.40732454574189
2019-01-29 03:00:00,0.0,0.3779,72.3799196142411
2019-01-29 04:00:00,0.0,0.3484,35.84187154344619
2019-01-29 05:00:00,0.0,0.3218,38.566593017045605
2019-01-29 06:00:00,0.0001,0.2911,56.059987692687955
2019-01-29 07:00:00,0.0076,0.2614,22.614908647653508
2019-01-29 08:00:00,0.0343,0.2141,59.31426018040672
2019-01-29 09:00:00,0.0753,0.1899,57.3090930804441
2019-01-29 10:00:00,0.1222,0.178,50.01671023351003
2019-01-29 11:00:00,0.1471,0.1747,84.55753497907443
2019-01-29 12:00:00,0.1482,0.1745,61.351917642191914
2019-01-29 13:00:00,0.119,0.1539,58.86395218587079
2019-01-29 14:00:00,0.0699,0.1314,37.312746544518966
2019-01-29 15:00:00,0.0202,0.1223,43.778287701765905
2019-01-29 16:00:00,0.0005,0.152,61.2583447418786
2019-01-29 17:00:00,0.0,0.1844,59.321251223025804
2019-01-29 18:00:00,0.0,0.2258,44.546461423103786
2019-01-29 19:00:00,0.0,0.2528,24.694420133377854
2019-01-29 20:00:00,0.0,0.2614,30.20743695651049
2019-01-29 21:00:00,0.0,0.2576,43.383294617281074
2019-01-29 22:00:00,0.0,0.2573,9.580866748028765
2019-01-29 23:00:00,0.0,0.2702,33.54459523533558
2019-01-30 00:00:00,0.0,0.2843,39.53657588188447
2019-01-30 01:00:00,0.0,0.2992,55.560798549038054
2019-01-30 02:00:00,0.0,0.3077,40.96802649902645
2019-01-30 03:00:00,0.0,0.3173,39.88311382158263
2019-01-30 04:00:00,0.0,0.3319,49.65094630714889
2019-01-30 05:00:00,0.0,0.3497,36.79565482636579
2019-01-30 06:00:00,0.0001,0.3584,39.3452514426763
2019-01-30 07:00:00,0.0137,0.3568,20.392226534859834
2019-01-30 08:00:00,0.0513,0.3487,79.09315943058894
2019-01-30 09:00:00,0.0907,0.3378,53.79511124377287
2019-01-30 10:00:00,0.1318,0.3482,30.58058913504169
2019-01-30 11:00:00,0.1544,0.364,43.50708473030466
2019-01-30 12:00:00,0.1275,0.3892,34.078399972044544
2019-01-30 13:00:00,0.0827,0.3908,53.02709207329217
2019-01-30 14:00:00,0.0401,0.3998,57.177549990505014
2019-01-30 15:00:00,0.0079,0.4037,40.50586432449706
2019-01-30 16:00:00,0.0,0.4209,36.69845098263762
2019-01-30 17:00:00,0.0,0.4195,48.14912639812911
2019-01-30 18:00:00,0.0,0.412,26.04775709942597
2019-01-30 19:00:00,0.0,0.3883,35.32876478176134
2019-01-30 20:00:00,0.0,0.35,48.65539823311668
2019-01-30 21:00:00,0.0,0.3084,33.90124082946444
2019-01-30 22:00:00,0.0,0.28,32.20921805876636
2019-01-30 23:00:00,0.0,0.2555,26.057890927048557
2019-01-31 00:00:00,0.0,0.2316,-28.929770451704897
2019-01-31 01:00:00,0.0,0.2128,61.916371276870336
2019-01-31 02:00:00,0.0,0.1963,70.10764819577392
2019-01-31 03:00:00,0.0,0.1792,51.37761258046835
2019-01-31 04:00:00,0.0,0.1622,-36.08395885950417
2019-01-31 05:00:00,0.0,0.1557,46.36119175699084
2019-01-31 06:00:00,0.0001,0.1548,59.38113126086931
2019-01-31 07:00:00,0.0204,0.1522,65.04269689685884
2019-01-31 08:00:00,0.0802,0.1404,61.674608133804554
2019-01-31 09:00:00,0.1441,0.1136,41.980906759313804
2019-01-31 10:00:00,0.1907,0.1024,51.99499605772668
2019-01-31 11:00:00,0.212,0.0954,36.938296309878105
2019-01-31 12:00:00,0.2056,0.0839,59.20664825777084
2019-01-31 13:00:00,0.1612,0.0712,43.42526967045752
2019-01-31 14:00:00,0.0866,0.0536,48.44297946044329
2019-01-31 15:00:00,0.0192,0.0565,65.52718568186091
2019-01-31 16:00:00,0.0001,0.0928,-9.621208719866463
2019-01-31 17:00:00,0.0,0.1558,79.90814842889151
2019-01-31 18:00:00,0.0,0.2242,41.73932764525046
2019-01-31 19:00:00,0.0,0.2774,22.16766059988857
2019-01-31 20:00:00,0.0,0.3127,47.55265185064351
2019-01-31 21:00:00,0.0,0.3251,9.32438071992398
2019-01-31 22:00:00,0.0,0.3448,30.580611606052155
2019-01-31 23:00:00,0.0,0.3691,35.32223336664693
2019-02-01 00:00:00,0.0,0.3742,40.053861099705756
2019-02-01 01:00:00,0.0,0.381,57.725999414418936
2019-02-01 02:00:00,0.0,0.3825,45.78415852480835
2019-02-01 03:00:00,0.0,0.3822,32.08924705595136
2019-02-01 04:00:00,0.0,0.3733,29.583737221331294
2019-02-01 05:00:00,0.0,0.372,28.799773817697375
2019-02-01 06:00:00,0.0001,0.357,52.42076998468654
2019-02-01 07:00:00,0.0099,0.3224,29.103090198939853
2019-02-01 08:00:00,0.0295,0.2836,59.5598629312845
2019-02-01 09:00:00,0.0499,0.2626,36.620674429399806
2019-02-01 10:00:00,0.0649,0.2418,36.993432854125054
2019-02-01 11:00:00,0.0735,0.2222,83.27426638460071
2019-02-01 12:00:00,0.0768,0.2009,60.99694378747382
2019-02-01 13:00:00,0.0672,0.173,37.16486039564526
2019-02-01 14:00:00,0.0381,0.155,33.44802447201487
2019-02-01 15:00:00,0.009,0.1479,73.44979411507845
2019-02-01 16:00:00,0.0001,0.1486,47.33026231618429
2019-02-01 17:00:00,0.0,0.1468,-44.96928144458759
2019-02-01 18:00:00,0.0,0.1475,59.49174380877146
2019-02-01 19:00:00,0.0,0.1302,49.96038221668983
2019-02-01 20:00:00,0.0,0.1142,55.7322821297808
2019-02-01 21:00:00,0.0,0.104,61.72755128608895
2019-02-01 22:00:00,0.0,0.1,-40.88562909003433
2019-02-01 23:00:00,0.0,0.0972,47.41780229460623
2019-02-02 00:00:00,0.0,0.0978,65.04112644279436
2019-02-02 01:00:00,0.0,0.0884,42.00875008072795
2019-02-02 02:00:00,0.0,0.0817,49.59302864811442
2019-02-02 03:00:00,0.0,0.0798,40.133867565787455
2019-02-02 04:00:00,0.0,0.077,31.885498145049144
2019-02-02 05:00:00,0.0,0.0764,55.87751199616753
2019-02-02 06:00:00,0.0002,0.0766,31.604233949047366
2019-02-02 07:00:00,0.0049,0.0728,39.65435055988352
2019-02-02 08:00:00,0.0202,0.0678,49.851134907286905
2019-02-02 09:00:00,0.0385,0.0544,-49.05788892974547
2019-02-02 10:00:00,0.0624,0.0474,38.342854001180456
2019-02-02 11:00:00,0.0764,0.0444,63.078424646322844
2019-02-02 12:00:00,0.0876,0.0429,60.41119275943
2019-02-02 13:00:00,0.0734,0.0446,-43.72853365599785
2019-02-02 14:00:00,0.039,0.0497,40.676278696461196
2019-02-02 15:00:00,0.0094,0.0649,37.294686095340424
2019-02-02 16:00:00,0.0001,0.0809,50.830901663817414
2019-02-02 17:00:00,0.0,0.0864,30.629326285694816
2019-02-02 18:00:00,0.0,0.0936,49.79490816928906
2019-02-02 19:00:00,0.0,0.1062,38.404834674712745
2019-02-02 20:00:00,0.0,0.1147,6.05756863955272
2019-02-02 21:00:00,0.0,0.116,30.614051498656973
2019-02-02 22:00:00,0.0,0.116,40.62692374756708
2019-02-02 23:00:00,0.0,0.1269,39.634815679422765
2019-02-03 00:00:00,0.0,0.1445,38.46927100017831
2019-02-03 01:00:00,0.0,0.1755,28.34792839130252
2019-02-03 02:00:00,0.0,0.207,48.79720528628815
2019-02-03 03:00:00,0.0,0.2214,42.66108127987665
2019-02-03 04:00:00,0.0,0.2274,-20.602297137925433
2019-02-03 05:00:00,0.0,0.2262,50.64148284398622
2019-02-03 06:00:00,0.0002,0.235,52.73229643815846
2019-02-03 07:00:00,0.0046,0.2502,68.1825032072665
2019-02-03 08:00:00,0.024,0.2342,47.38958838044833
2019-02-03 09:00:00,0.0514,0.2042,64.0427737193507
2019-02-03 10:00:00,0.0757,0.1923,23.326179440933736
2019-02-03 11:00:00,0.0788,0.2014,-28.51368181808354
2019-02-03 12:00:00,0.0707,0.2108,39.58530471855133
2019-02-03 13:00:00,0.0555,0.2176,35.38816502148932
2019-02-03 14:00:00,0.0325,0.209,52.17343231849615
2019-02-03 15:00:00,0.0095,0.2073,47.27902834186638
2019-02-03 16:00:00,0.0003,0.2254,43.817516209914686
2019-02-03 17:00:00,0.0,0.2259,35.42036015933809
2019-02-03 18:00:00,0.0,0.2239,53.28104144797159
2019-02-03 19:00:00,0.0,0.2327,43.808963369107175
2019-02-03 20:00:00,0.0,0.2348,36.16159131114357
2019-02-03 21:00:00,0.0,0.2256,46.96717684620998
2019-02-03 22:00:00,0.0,0.2216,38.80951939045877
2019-02-03 23:00:00,0.0,0.2182,57.91308512305863
2019-02-04 00:00:00,0.0,0.2298,34.2028141867442
2019-02-04 01:00:00,0.0,0.2464,69.67088255906398
2019-02-04 02:00:00,0.0,0.2502,51.38963004471434
2019-02-04 03:00:00,0.0,0.2574,47.59373769855823
2019-02-04 04:00:00,0.0,0.2635,57.59739032711542
2019-02-04 05:00:00,0.0,0.2799,53.3183183828174
2019-02-04 06:00:00,0.0002,0.3016,29.055060164778528
2019-02-04 07:00:00,0.0207,0.3126,61.34387023726426
2019-02-04 08:00:00,0.0812,0.3117,61.721729223517606
2019-02-04 09:00:00,0.1454,0.3069,22.794924901923018
2019-02-04 10:00:00,0.1978,0.3102,54.86714462366486
2019-02-04 11:00:00,0.227,0.3323,27.98442901291634
2019-02-04 12:00:00,0.2142,0.3488,40.84575355958902
2019-02-04 13:00:00,0.1616,0.3546,61.47987628187449
2019-02-04 14:00:00,0.0902,0.369,58.87321141601726
2019-02-04 15:00:00,0.025,0.4045,55.650279441639185
2019-02-04 16:00:00,0.0006,0.4729,66.77491028991187
2019-02-04 17:00:00,0.0,0.5209,36.11725948196067
2019-02-04 18:00:00,0.0,0.542,53.85773976617954
2019-02-04 19:00:00,0.0,0.5412,48.68411233755466
2019-02-04 20:00:00,0.0,0.5438,43.797712829186146
2019-02-04 21:00:00,0.0,0.5226,60.4439982730878
2019-02-04 22:00:00,0.0,0.5096,31.631704595125896
2019-02-04 23:00:00,0.0,0.4835,39.47096230964593
2019-02-05 00:00:00,0.0,0.4595,46.48686787752004
2019-02-05 01:00:00,0.0,0.4297,49.55293178773357
2019-02-05 02:00:00,0.0,0.395,41.1613431027712
2019-02-05 03:00:00,0.0,0.353,34.723626452058035
2019-02-05 04:00:00,0.0,0.3356,34.5022923867464
2019-02-05 05:00:00,0.0,0.3285,55.68249145350411
2019-02-05 06:00:00,0.0003,0.3133,49.102516723497764
2019-02-05 07:00:00,0.0139,0.2924,43.131726682696375
2019-02-05 08:00:00,0.053,0.2564,41.07539639608012
2019-02-05 09:00:00,0.091,0.2567,38.46583640207541
2019-02-05 10:00:00,0.1176,0.2274,-29.883481713623475
2019-02-05 11:00:00,0.131,0.2206,51.1900141416566
2019-02-05 12:00:00,0.1279,0.2113,73.38818802917677
2019-02-05 13:00:00,0.1061,0.1964,65.36621621964055
2019-02-05 14:00:00,0.0628,0.1843,35.003921570314105
2019-02-05 15:00:00,0.0204,0.1681,53.82863946058514
2019-02-05 16:00:00,0.0009,0.1775,62.178706010327616
2019-02-05 17:00:00,0.0,0.1788,35.47148051357842
2019-02-05 18:00:00,0.0,0.1756,39.086564949783615
2019-02-05 19:00:00,0.0,0.1793,66.53810952480438
2019-02-05 20:00:00,0.0,0.1945,36.81021690286208
2019-02-05 21:00:00,0.0,0.2013,32.32509699796614
2019-02-05 22:00:00,0.0,0.1981,62.76355535281304
2019-02-05 23:00:00,0.0,0.1997,17.635907708490667
2019-02-06 00:00:00,0.0,0.1942,45.68638636492875
2019-02-06 01:00:00,0.0,0.195,45.32086146743387
2019-02-06 02:00:00,0.0,0.2124,82.00454848371211
2019-02-06 03:00:00,0.0,0.2326,40.49974757587671
2019-02-06 04:00:00,0.0,0.2493,41.12506219408548
2019-02-06 05:00:00,0.0,0.2832,34.947666356595164
2019-02-06 06:00:00,0.0004,0.3062,38.773321007007816
2019-02-06 07:00:00,0.0226,0.3229,45.54938658677336
2019-02-06 08:00:00,0.0808,0.3155,44.03100725901321
2019-02-06 09:00:00,0.1415,0.3039,45.026184686165806
2019-02-06 10:00:00,0.1873,0.2929,53.149985108292555
2019-02-06 11:00:00,0.2074,0.2835,56.314049767391296
2019-02-06 12:00:00,0.1982,0.2704,57.469109766350954
2019-02-06 13:00:00,0.159,0.2491,-16.464843701980563
2019-02-06 14:00:00,0.0965,0.2456,61.50887655794635
2019-02-06 15:00:00,0.0288,0.255,33.144941097467566
2019-02-06 16:00:00,0.0013,0.2676,44.936322525893644
2019-02-06 17:00:00,0.0,0.269,15.47573703884196
2019-02-06 18:00:00,0.0,0.2714,52.92621723039611
2019-02-06 19:00:00,0.0,0.2612,24.165358748114155
2019-02-06 20:00:00,0.0,0.2437,51.92187241466033
2019-02-06 21:00:00,0.0,0.234,51.08562459014833
2019-02-06 22:00:00,0.0,0.2345,8.986539478579193
2019-02-06 23:00:00,0.0,0.2403,33.55425792501474
2019-02-07 00:00:00,0.0,0.2557,47.66271044475306
2019-02-07 01:00:00,0.0,0.2744,31.135252532307966
2019-02-07 02:00:00,0.0,0.3058,48.045474094490714
2019-02-07 03:00:00,0.0,0.3404,31.354312676383753
2019-02-07 04:00:00,0.0,0.3733,46.5256100089631
2019-02-07 05:00:00,0.0,0.4237,56.02568082292355
2019-02-07 06:00:00,0.0004,0.4629,33.010469571030534
2019-02-07 07:00:00,0.0126,0.4898,49.38035589083285
2019-02-07 08:00:00,0.0403,0.502,26.229268069512386
2019-02-07 09:00:00,0.0698,0.5018,63.522724815500595
2019-02-07 10:00:00,0.0962,0.5095,57.001021412388226
2019-02-07 11:00:00,0.1088,0.5076,85.97753040981424
2019-02-07 12:00:00,0.1003,0.5016,34.705338919089215
2019-02-07 13:00:00,0.0771,0.5143,49.608630558036154
2019-02-07 14:00:00,0.0473,0.52,-5.601423070277846
2019-02-07 15:00:00,0.0154,0.5332,44.15939071493622
2019-02-07 16:00:00,0.0007,0.5688,42.64233931086244
2019-02-07 17:00:00,0.0,0.6115,36.4193978146622
2019-02-07 18:00:00,0.0,0.648,48.657639056964875
2019-02-07 19:00:00,0.0,0.6716,-20.029787787954167
2019-02-07 20:00:00,0.0,0.6689,59.24444028062331
2019-02-07 21:00:00,0.0,0.641,35.98585162999414
2019-02-07 22:00:00,0.0,0.6314,40.4395691340504
2019-02-07 23:00:00,0.0,0.6156,37.503572667220254
2019-02-08 00:00:00,0.0,0.6051,49.79130087492174
2019-02-08 01:00:00,0.0,0.5911,41.99010392901437
2019-02-08 02:00:00,0.0,0.5798,51.6684744470081
2019-02-08 03:00:00,0.0,0.5693,21.268917753385946
2019-02-08 04:00:00,0.0,0.5667,33.09563505951049
2019-02-08 05:00:00,0.0,0.5842,34.63724022206935
2019-02-08 06:00:00,0.0007,0.5762,49.563495704457495
2019-02-08 07:00:00,0.0256,0.5639,18.86266119782151
2019-02-08 08:00:00,0.0915,0.5565,54.9885192348606
2019-02-08 09:00:00,0.1572,0.567,42.515453940184194
2019-02-08 10:00:00,0.2057,0.583,49.15368770108203
2019-02-08 11:00:00,0.2153,0.6144,42.05929908905828
2019-02-08 12:00:00,0.1963,0.6298,60.479725988111966
2019-02-08 13:00:00,0.1492,0.6275,61.68961622839048
2019-02-08 14:00:00,0.081,0.6196,55.49598801144056
2019-02-08 15:00:00,0.0199,0.619,38.93437926306713
2019-02-08 16:00:00,0.0004,0.6549,36.433548943152964
2019-02-08 17:00:00,0.0,0.7016,48.9363821861225
2019-02-08 18:00:00,0.0,0.7331,48.72466496888594
2019-02-08 19:00:00,0.0,0.7609,69.98502919927415
2019-02-08 20:00:00,0.0,0.7774,37.785764469166516
2019-02-08 21:00:00,0.0,0.7559,-28.671367571842996
2019-02-08 22:00:00,0.0,0.7612,44.5711738125681
2019-02-08 23:00:00,0.0,0.7558,42.964122692770026
2019-02-09 00:00:00,0.0,0.76,37.393022681493086
2019-02-09 01:00:00,0.0,0.7668,56.9851860065431
2019-02-09 02:00:00,0.0,0.7718,57.32582641572463
2019-02-09 03:00:00,0.0,0.7662,42.04108936629376
2019-02-09 04:00:00,0.0,0.7751,12.060543968528457
2019-02-09 05:00:00,0.0,0.8096,30.507365389961187
2019-02-09 06:00:00,0.0006,0.8159,46.771430267581096
2019-02-09 07:00:00,0.023,0.8287,27.49588139272747
2019-02-09 08:00:00,0.0884,0.835,35.31520016715384
2019-02-09 09:00:00,0.171,0.8572,42.87195899264106
2019-02-09 10:00:00,0.2196,0.8674,-36.13390731644864
2019-02-09 11:00:00,0.219,0.8769,52.345545365087375
2019-02-09 12:00:00,0.197,0.8749,49.72753912785393
2019-02-09 13:00:00,0.1539,0.8692,64.09378883335924
2019-02-09 14:00:00,0.0828,0.8541,56.91022859110155
2019-02-09 15:00:00,0.0228,0.8336,70.62392156439768
2019-02-09 16:00:00,0.0007,0.8322,39.77507342811015
2019-02-09 17:00:00,0.0,0.8264,55.140929345136335
2019-02-09 18:00:00,0.0,0.8125,48.303493016776905
2019-02-09 19:00:00,0.0,0.783,26.518937638724836
2019-02-09 20:00:00,0.0,0.7456,29.49856318592062
2019-02-09 21:00:00,0.0,0.6902,46.51959837319362
2019-02-09 22:00:00,0.0,0.6421,23.855107275423194
2019-02-09 23:00:00,0.0,0.6046,70.81823616353786
2019-02-10 00:00:00,0.0,0.5607,-46.3655776478827
2019-02-10 01:00:00,0.0,0.5524,52.732493321118525
2019-02-10 02:00:00,0.0,0.5569,35.72755466541476
2019-02-10 03:00:00,0.0,0.5549,35.019273555184625
2019-02-10 04:00:00,0.0,0.5666,30.304577405979582
2019-02-10 05:00:00,0.0,0.598,31.15672790333548
2019-02-10 06:00:00,0.0008,0.616,43.73374768848988
2019-02-10 07:00:00,0.0174,0.6392,58.858001270053165
2019-02-10 08:00:00,0.0449,0.6553,22.51552318383601
2019-02-10 09:00:00,0.0698,0.6798,49.94032900619691
2019-02-10 10:00:00,0.0958,0.6946,41.19847273925315
2019-02-10 11:00:00,0.0997,0.7094,49.30619394762483
2019-02-10 12:00:00,0.087,0.7072,63.58824771903658
2019-02-10 13:00:00,0.0661,0.703,55.714888802943456
2019-02-10 14:00:00,0.0311,0.7069,49.849668480411566
2019-02-10 15:00:00,0.0082,0.7329,62.013667076082285
2019-02-10 16:00:00,0.0003,0.7473,40.54518272467692
2019-02-10 17:00:00,0.0,0.7483,44.12652078738881
2019-02-10 18:00:00,0.0,0.7407,54.8702773361398
2019-02-10 19:00:00,0.0,0.7309,47.0053253610925
2019-02-10 20:00:00,0.0,0.7438,36.264869416256786
2019-02-10 21:00:00,0.0,0.7508,48.68338831638199
2019-02-10 22:00:00,0.0,0.7556,17.94494388867217
2019-02-10 23:00:00,0.0,0.7542,26.392767604855162
2019-02-11 00:00:00,0.0,0.7523,-30.242834183258203
2019-02-11 01:00:00,0.0,0.7511,33.85549031153869
2019-02-11 02:00:00,0.0,0.7462,31.619487187823193
2019-02-11 03:00:00,0.0,0.7364,49.984416080321395
2019-02-11 04:00:00,0.0,0.7248,29.920117361506417
2019-02-11 05:00:00,0.0,0.733,35.7436386314963
2019-02-11 06:00:00,0.0005,0.7248,-10.68645206017706
2019-02-11 07:00:00,0.0134,0.7098,55.104242442921766
2019-02-11 08:00:00,0.052,0.6954,38.42406539018636
2019-02-11 09:00:00,0.0942,0.708,57.0250686607434
2019-02-11 10:00:00,0.1227,0.7234,41.83388056658818
2019-02-11 11:00:00,0.1441,0.7198,41.480033397695784
2019-02-11 12:00:00,0.1483,0.7189,-15.44689826244995
2019-02-11 13:00:00,0.1301,0.7122,52.36131172732093
2019-02-11 14:00:00,0.0882,0.6875,64.02687282285055
2019-02-11 15:00:00,0.0293,0.6407,40.00523907199511
2019-02-11 16:00:00,0.0015,0.6415,29.509293445877958
2019-02-11 17:00:00,0.0,0.6343,49.79765783459737
2019-02-11 18:00:00,0.0,0.6103,50.624257500398315
2019-02-11 19:00:00,0.0,0.5686,40.337349514938595
2019-02-11 20:00:00,0.0,0.5403,32.704422441790555
2019-02-11 21:00:00,0.0,0.5135,22.96906280453328
2019-02-11 22:00:00,0.0,0.5177,21.933248646317782
2019-02-11 23:00:00,0.0,0.5277,35.14062649407154
2019-02-12 00:00:00,0.0,0.5332,42.62925655904681
2019-02-12 01:00:00,0.0,0.5232,43.4499223435297
2019-02-12 02:00:00,0.0,0.518,51.17390913090862
2019-02-12 03:00:00,0.0,0.5039,29.105053463042324
2019-02-12 04:00:00,0.0,0.4613,59.02212150354353
2019-02-12 05:00:00,0.0,0.4363,68.21945563902045
2019-02-12 06:00:00,0.0008,0.4204,38.36659710968781
2019-02-12 07:00:00,0.0193,0.3711,52.61721521160277
2019-02-12 08:00:00,0.066,0.3299,43.682335828090615
2019-02-12 09:00:00,0.1236,0.3091,43.00302803614316
2019-02-12 10:00:00,0.158,0.3019,48.48102758900353
2019-02-12 11:00:00,0.1692,0.295,60.774537951635196
2019-02-12 12:00:00,0.1585,0.2752,61.10936324310444
2019-02-12 13:00:00,0.1344,0.2414,-41.59789538141581
2019-02-12 14:00:00,0.0916,0.2168,42.79465170308596
2019-02-12 15:00:00,0.0338,0.1934,43.57289080938539
2019-02-12 16:00:00,0.0024,0.2014,41.35968676680945
2019-02-12 17:00:00,0.0,0.251,31.98415534331695
2019-02-12 18:00:00,0.0,0.3238,74.47885005269374
2019-02-12 19:00:00,0.0,0.3746,63.834551181724784
2019-02-12 20:00:00,0.0,0.4062,47.70125144370618
2019-02-12 21:00:00,0.0,0.4132,48.55051302615361
2019-02-12 22:00:00,0.0,0.4274,28.17200148945319
2019-02-12 23:00:00,0.0,0.4201,18.031396099683953
2019-02-13 00:00:00,0.0,0.4192,-11.504750018752407
2019-02-13 01:00:00,0.0,0.4393,34.46378850351884
2019-02-13 02:00:00,0.0,0.4467,66.83696981302616
2019-02-13 03:00:00,0.0,0.437,36.05628832506579
2019-02-13 04:00:00,0.0,0.4368,-39.118599886847605
2019-02-13 05:00:00,0.0,0.4353,43.68326770216863
2019-02-13 06:00:00,0.0018,0.4202,34.687649706546686
2019-02-13 07:00:00,0.0393,0.3988,36.16786066406818
2019-02-13 08:00:00,0.1174,0.3778,64.12924253115324
2019-02-13 09:00:00,0.197,0.3666,54.87368739912361
2019-02-13 10:00:00,0.246,0.3412,46.243074728938744
2019-02-13 11:00:00,0.262,0.3294,73.55300278909749
2019-02-13 12:00:00,0.2456,0.3098,54.78043171076638
2019-02-13 13:00:00,0.1997,0.2844,24.10633600904709
2019-02-13 14:00:00,0.1244,0.2735,51.00382917233674
2019-02-13 15:00:00,0.0444,0.2584,64.04419041528116
2019-02-13 16:00:00,0.0039,0.2516,32.87410954957346
2019-02-13 17:00:00,0.0,0.27,58.46376246030842
2019-02-13 18:00:00,0.0,0.2791,47.75100186826969
2019-02-13 19:00:00,0.0,0.2743,31.98918828303978
2019-02-13 20:00:00,0.0,0.2563,21.075808872909427
2019-02-13 21:00:00,0.0,0.2487,58.6109416023506
2019-02-13 22:00:00,0.0,0.2302,49.59574495879817
2019-02-13 23:00:00,0.0,0.2125,46.330784350563135
2019-02-14 00:00:00,0.0,0.1981,23.203179079457207
2019-02-14 01:00:00,0.0,0.1693,37.339465007086204
2019-02-14 02:00:00,0.0,0.1476,38.4974858106967
2019-02-14 03:00:00,0.0,0.1355,26.77956472365578
2019-02-14 04:00:00,0.0,0.1326,51.201069149159736
2019-02-14 05:00:00,0.0,0.1336,30.185512034018938
2019-02-14 06:00:00,0.0025,0.1181,40.40935676513046
2019-02-14 07:00:00,0.049,0.109,56.618073920450605
2019-02-14 08:00:00,0.1446,0.1052,58.329810003581265
2019-02-14 09:00:00,0.2439,0.0826,50.81079598319
2019-02-14 10:00:00,0.3364,0.0722,50.574753985312086
2019-02-14 11:00:00,0.3765,0.0744,21.65862384456218
2019-02-14 12:00:00,0.3675,0.0708,51.66089300801508
2019-02-14 13:00:00,0.307,0.0635,55.184838505348864
2019-02-14 14:00:00,0.2038,0.0554,60.764698351274255
2019-02-14 15:00:00,0.0785,0.048,37.6435900451749
2019-02-14 16:00:00,0.0061,0.0628,48.70922724269343
2019-02-14 17:00:00,0.0,0.091,58.31218369939184
2019-02-14 18:00:00,0.0,0.1289,51.59974593380645
2019-02-14 19:00:00,0.0,0.1559,-21.2676472476658
2019-02-14 20:00:00,0.0,0.1802,33.92642728333012
2019-02-14 21:00:00,0.0,0.1757,-30.021883593240602
2019-02-14 22:00:00,0.0,0.1629,22.65883872185362
2019-02-14 23:00:00,0.0,0.1513,43.89574665317241
2019-02-15 00:00:00,0.0,0.1426,41.729581986876035
2019-02-15 01:00:00,0.0,0.1304,54.533136884159205
2019-02-15 02:00:00,0.0,0.1215,52.89791364470806
2019-02-15 03:00:00,0.0,0.1137,32.94598670640815
2019-02-15 04:00:00,0.0,0.1122,55.25871307255946
2019-02-15 05:00:00,0.0,0.1182,53.909357229769995
2019-02-15 06:00:00,0.0051,0.1228,36.24748474392622
2019-02-15 07:00:00,0.0853,0.1226,49.804108384213265
2019-02-15 08:00:00,0.2274,0.1154,50.44326120803853
2019-02-15 09:00:00,0.346,0.0923,36.58932305340032
2019-02-15 10:00:00,0.4182,0.0596,49.18316907164283
2019-02-15 11:00:00,0.4392,0.0401,41.723526664375456
2019-02-15 12:00:00,0.4139,0.0356,56.53637223117035
2019-02-15 13:00:00,0.3407,0.034,38.32574736757918
2019-02-15 14:00:00,0.226,0.0384,59.262091459271524
2019-02-15 15:00:00,0.089,0.0545,55.80834426398631
2019-02-15 16:00:00,0.0074,0.1097,-43.266765917256144
2019-02-15 17:00:00,0.0,0.1888,49.61701772739009
2019-02-15 18:00:00,0.0,0.2558,46.30445983489103
2019-02-15 19:00:00,0.0,0.303,59.97823901703218
2019-02-15 20:00:00,0.0,0.3293,27.299098095901048
2019-02-15 21:00:00,0.0,0.3354,7.676644190516214
2019-02-15 22:00:00,0.0,0.343,-11.569047893483358
2019-02-15 23:00:00,0.0,0.3442,23.594492625305975
2019-02-16 00:00:00,0.0,0.3405,63.35127292280882
2019-02-16 01:00:00,0.0,0.3455,25.10246234594951
2019-02-16 02:00:00,0.0,0.3584,46.771789817638336
2019-02-16 03:00:00,0.0,0.3617,35.629996562112325
2019-02-16 04:00:00,0.0,0.3678,47.37269241461515
2019-02-16 05:00:00,0.0,0.3924,33.453835226542516
2019-02-16 06:00:00,0.0059,0.4033,35.117735357597034
2019-02-16 07:00:00,0.0925,0.385,25.587284640184315
2019-02-16 08:00:00,0.2349,0.338,43.09686529117749
2019-02-16 09:00:00,0.3531,0.2382,37.29166992553555
2019-02-16 10:00:00,0.4246,0.1612,63.04787056271866
2019-02-16 11:00:00,0.4426,0.1427,33.96721871838378
2019-02-16 12:00:00,0.4135,0.145,45.0901396190977
2019-02-16 13:00:00,0.3397,0.1416,43.62830135100747
2019-02-16 14:00:00,0.2232,0.1342,50.97598897539805
2019-02-16 15:00:00,0.0876,0.1377,42.34585951433011
2019-02-16 16:00:00,0.007,0.1783,14.643976916219607
2019-02-16 17:00:00,0.0,0.2246,26.18231236391258
2019-02-16 18:00:00,0.0,0.2564,36.54843242152273
2019-02-16 19:00:00,0.0,0.2648,39.73431961457568
2019-02-16 20:00:00,0.0,0.2592,34.66777139117934
2019-02-16 21:00:00,0.0,0.2359,31.184101210382295
2019-02-16 22:00:00,0.0,0.2092,-29.312412510201238
2019-02-16 23:00:00,0.0,0.1792,48.40019630147731
2019-02-17 00:00:00,0.0,0.1454,48.39402926340445
2019-02-17 01:00:00,0.0,0.1245,31.622890879268382
2019-02-17 02:00:00,0.0,0.1159,47.76863188043445
2019-02-17 03:00:00,0.0,0.1073,59.23367057130771
2019-02-17 04:00:00,0.0,0.0982,44.37258991541886
2019-02-17 05:00:00,0.0,0.0984,43.84054885700404
2019-02-17 06:00:00,0.0073,0.1082,42.16564353798883
2019-02-17 07:00:00,0.09,0.1251,50.75187460692836
2019-02-17 08:00:00,0.2169,0.1328,37.59456639221707
2019-02-17 09:00:00,0.3283,0.1092,40.2389263583839
2019-02-17 10:00:00,0.3987,0.0776,36.18744207456153
2019-02-17 11:00:00,0.4216,0.0626,65.50864587605611
2019-02-17 12:00:00,0.3955,0.0595,57.44635286784353
2019-02-17 13:00:00,0.3279,0.0566,40.79630069106463
2019-02-17 14:00:00,0.2185,0.054,29.006350815431027
2019-02-17 15:00:00,0.09,0.0657,60.13024081531392
2019-02-17 16:00:00,0.0094,0.1107,46.37753946631914
2019-02-17 17:00:00,0.0,0.1824,69.81474440646731
2019-02-17 18:00:00,0.0,0.2366,21.55103775743394
2019-02-17 19:00:00,0.0,0.2628,53.1421280173897
2019-02-17 20:00:00,0.0,0.2779,40.78207392418998
2019-02-17 21:00:00,0.0,0.2866,42.52849833035618
2019-02-17 22:00:00,0.0,0.2903,33.713951425710135
2019-02-17 23:00:00,0.0,0.281,32.59339627782593
2019-02-18 00:00:00,0.0,0.2697,43.92530743024289
2019-02-18 01:00:00,0.0,0.2502,47.97872332727986
2019-02-18 02:00:00,0.0,0.2242,68.84090113970939
2019-02-18 03:00:00,0.0,0.2068,51.630173175393395
2019-02-18 04:00:00,0.0,0.1921,47.19639092146229
2019-02-18 05:00:00,0.0,0.1822,27.16388769376085
2019-02-18 06:00:00,0.0081,0.1708,43.84103941214429
2019-02-18 07:00:00,0.1028,0.1528,42.9283715924219
2019-02-18 08:00:00,0.244,0.1238,58.171943639368344
2019-02-18 09:00:00,0.3564,0.0755,31.976563606993444
2019-02-18 10:00:00,0.4252,0.0469,43.58821500316414
2019-02-18 11:00:00,0.445,0.0454,40.72596496838118
2019-02-18 12:00:00,0.4194,0.0593,55.20296950212388
2019-02-18 13:00:00,0.3484,0.0652,38.315921622578415
2019-02-18 14:00:00,0.2331,0.0654,30.72909880820102
2019-02-18 15:00:00,0.0941,0.0728,30.406823464557853
2019-02-18 16:00:00,0.0093,0.1092,37.16872625716948
2019-02-18 17:00:00,0.0,0.1662,41.68811271998587
2019-02-18 18:00:00,0.0,0.2173,32.26549993613659
2019-02-18 19:00:00,0.0,0.2686,43.08569171465801
2019-02-18 20:00:00,0.0,0.3146,49.20348049443256
2019-02-18 21:00:00,0.0,0.3437,-41.404211280955955
2019-02-18 22:00:00,0.0,0.3644,30.146771391308736
2019-02-18 23:00:00,0.0,0.3815,42.812572402993105
2019-02-19 00:00:00,0.0,0.411,24.86008306527765
2019-02-19 01:00:00,0.0,0.4211,42.39258250982256
2019-02-19 02:00:00,0.0,0.413,41.028056089742975
2019-02-19 03:00:00,0.0,0.4029,54.942171088306424
2019-02-19 04:00:00,0.0,0.4288,33.874889878305396
2019-02-19 05:00:00,0.0,0.4494,44.177098015777695
2019-02-19 06:00:00,0.0073,0.444,41.64115916566899
2019-02-19 07:00:00,0.0662,0.4438,50.82220885353069
2019-02-19 08:00:00,0.1414,0.4238,52.483353172504536
2019-02-19 09:00:00,0.1944,0.421,35.50328390425524
2019-02-19 10:00:00,0.2168,0.4472,59.31151460089096
2019-02-19 11:00:00,0.2114,0.4781,25.55146831667902
2019-02-19 12:00:00,0.1993,0.4811,63.5593091444247
2019-02-19 13:00:00,0.17,0.4832,48.003622165434734
2019-02-19 14:00:00,0.1108,0.4772,70.87349268388323
2019-02-19 15:00:00,0.0458,0.469,60.71825308677745
2019-02-19 16:00:00,0.0047,0.4543,42.14245374649721
2019-02-19 17:00:00,0.0,0.455,-8.73502172393932
2019-02-19 18:00:00,0.0,0.4527,58.64451694462417
2019-02-19 19:00:00,0.0,0.4519,44.064326809169934
2019-02-19 20:00:00,0.0,0.4373,47.450962155038084
2019-02-19 21:00:00,0.0,0.4134,30.997951220088037
2019-02-19 22:00:00,0.0,0.3947,42.294476999102855
2019-02-19 23:00:00,0.0,0.3796,22.68319700235366
2019-02-20 00:00:00,0.0,0.3703,53.60450141941253
2019-02-20 01:00:00,0.0,0.3583,-45.31669751987159
2019-02-20 02:00:00,0.0,0.3446,36.68833884011981
2019-02-20 03:00:00,0.0,0.3176,53.92247819182777
2019-02-20 04:00:00,0.0,0.3006,52.909447176532424
2019-02-20 05:00:00,0.0,0.2869,37.93697209200294
2019-02-20 06:00:00,0.0044,0.2757,25.19326382759273
2019-02-20 07:00:00,0.0466,0.2584,43.8012582593718
2019-02-20 08:00:00,0.1191,0.231,59.93353376335786
2019-02-20 09:00:00,0.1958,0.1976,53.5840740969893
2019-02-20 10:00:00,0.2582,0.1939,45.644829331596966
2019-02-20 11:00:00,0.275,0.2061,44.27816832618282
2019-02-20 12:00:00,0.2528,0.2178,49.76823253104752
2019-02-20 13:00:00,0.2027,0.2248,37.76456698249156
2019-02-20 14:00:00,0.1286,0.2122,57.672915484928645
2019-02-20 15:00:00,0.0534,0.1879,34.90522098120201
2019-02-20 16:00:00,0.0068,0.1676,27.62934900250045
2019-02-20 17:00:00,0.0,0.1748,56.656799975826864
2019-02-20 18:00:00,0.0,0.1956,45.78967242818385
2019-02-20 19:00:00,0.0,0.215,40.364530015830944
2019-02-20 20:00:00,0.0,0.232,42.7987585867973
2019-02-20 21:00:00,0.0,0.2465,67.97008496967956
2019-02-20 22:00:00,0.0,0.2647,-25.30541792320396
2019-02-20 23:00:00,0.0,0.2804,46.97249228402092
2019-02-21 00:00:00,0.0,0.2931,54.12542458989746
2019-02-21 01:00:00,0.0,0.3029,60.244834009838925
2019-02-21 02:00:00,0.0,0.311,44.91194857457434
2019-02-21 03:00:00,0.0,0.3072,26.030132991299006
2019-02-21 04:00:00,0.0,0.3091,31.86404674109456
2019-02-21 05:00:00,0.0,0.3204,67.41128579718826
2019-02-21 06:00:00,0.0051,0.3157,56.36729294107274
2019-02-21 07:00:00,0.0548,0.3021,37.04634571740435
2019-02-21 08:00:00,0.1256,0.2819,36.52403991131855
2019-02-21 09:00:00,0.1891,0.2782,53.70769334000693
2019-02-21 10:00:00,0.2279,0.2789,36.231060852526966
2019-02-21 11:00:00,0.2296,0.3067,35.277278443705114
2019-02-21 12:00:00,0.1987,0.3438,39.916819110182686
2019-02-21 13:00:00,0.1463,0.3497,-29.12073894593736
2019-02-21 14:00:00,0.0904,0.3198,37.518901828670145
2019-02-21 15:00:00,0.0339,0.2982,47.61987289768664
2019-02-21 16:00:00,0.0045,0.2822,40.463776866534694
2019-02-21 17:00:00,0.0,0.2904,-34.22169958672838
2019-02-21 18:00:00,0.0,0.3122,57.84112629481211
2019-02-21 19:00:00,0.0,0.3341,41.166101081805785
2019-02-21 20:00:00,0.0,0.3349,43.12873392719464
2019-02-21 21:00:00,0.0,0.3222,40.21078453057215
2019-02-21 22:00:00,0.0,0.3184,-16.857801949190964
2019-02-21 23:00:00,0.0,0.3037,39.638428940452904
2019-02-22 00:00:00,0.0,0.2908,50.12138128129625
2019-02-22 01:00:00,0.0,0.2717,45.30414817364772
2019-02-22 02:00:00,0.0,0.2626,42.40805839534061
2019-02-22 03:00:00,0.0,0.2365,41.481580039327326
2019-02-22 04:00:00,0.0,0.2254,46.54253246744974
2019-02-22 05:00:00,0.0,0.2277,29.82390398016956
2019-02-22 06:00:00,0.0027,0.2306,46.5158668117933
2019-02-22 07:00:00,0.0216,0.2286,53.858210680455294
2019-02-22 08:00:00,0.0574,0.227,55.28326773409081
2019-02-22 09:00:00,0.0982,0.2197,49.012903780532035
2019-02-22 10:00:00,0.1412,0.1795,51.76403011264
2019-02-22 11:00:00,0.1644,0.134,41.9074992312007
2019-02-22 12:00:00,0.1704,0.1136,38.52835744455241
2019-02-22 13:00:00,0.1555,0.0977,43.54104943561228
2019-02-22 14:00:00,0.1094,0.0856,58.51509584556199
2019-02-22 15:00:00,0.0493,0.0766,32.240089510411124
2019-02-22 16:00:00,0.0067,0.0834,27.55880256381288
2019-02-22 17:00:00,0.0,0.1149,44.210756721882234
2019-02-22 18:00:00,0.0,0.1584,49.962341932887604
2019-02-22 19:00:00,0.0,0.1789,47.77004468865634
2019-02-22 20:00:00,0.0,0.2028,68.278766296295
2019-02-22 21:00:00,0.0,0.2172,52.28851257114475
2019-02-22 22:00:00,0.0,0.2281,29.853313462873786
2019-02-22 23:00:00,0.0,0.2431,63.73387131066336
2019-02-23 00:00:00,0.0,0.2577,31.942602033680295
2019-02-23 01:00:00,0.0,0.2572,48.86004348976198
2019-02-23 02:00:00,0.0,0.2255,49.5868150981794
2019-02-23 03:00:00,0.0,0.1924,31.525889899999655
2019-02-23 04:00:00,0.0,0.176,51.87999606353521
2019-02-23 05:00:00,0.0,0.1738,45.445295106380556
2019-02-23 06:00:00,0.0134,0.1874,36.27918860758364
2019-02-23 07:00:00,0.1088,0.1766,39.122892779306135
2019-02-23 08:00:00,0.2429,0.1466,57.79513790194933
2019-02-23 09:00:00,0.3581,0.1075,53.217403007576856
2019-02-23 10:00:00,0.427,0.0932,40.19625118074751
2019-02-23 11:00:00,0.4422,0.0836,56.48427345351462
2019-02-23 12:00:00,0.4063,0.0747,53.6774972350103
2019-02-23 13:00:00,0.3263,0.0652,44.87540310308759
2019-02-23 14:00:00,0.2139,0.0647,51.0271202148711
2019-02-23 15:00:00,0.0874,0.0728,40.91036917997299
2019-02-23 16:00:00,0.0109,0.1043,30.328583752315907
2019-02-23 17:00:00,0.0,0.1711,37.55962463176559
2019-02-23 18:00:00,0.0,0.2225,48.806694149029894
2019-02-23 19:00:00,0.0,0.2528,41.64230622825347
2019-02-23 20:00:00,0.0,0.2631,29.450061154752525
2019-02-23 21:00:00,0.0,0.2453,47.05644862521098
2019-02-23 22:00:00,0.0,0.2182,32.17358864212339
2019-02-23 23:00:00,0.0,0.1902,47.970360891725
2019-02-24 00:00:00,0.0,0.1655,32.02005788808767
2019-02-24 01:00:00,0.0,0.1479,56.80685250705881
2019-02-24 02:00:00,0.0,0.1393,41.707533078872565
2019-02-24 03:00:00,0.0,0.1362,-25.77696573864976
2019-02-24 04:00:00,0.0,0.138,-5.013320944932701
2019-02-24 05:00:00,0.0,0.1376,42.79250181458225
2019-02-24 06:00:00,0.0157,0.127,36.919306379554115
2019-02-24 07:00:00,0.1168,0.1044,47.339517110666854
2019-02-24 08:00:00,0.2459,0.0763,54.38442560411785
2019-02-24 09:00:00,0.3342,0.04,51.27599945764936
2019-02-24 10:00:00,0.3838,0.0202,55.69628173266198
2019-02-24 11:00:00,0.4096,0.0146,38.72912154140771
2019-02-24 12:00:00,0.3976,0.0137,42.29016711489192
2019-02-24 13:00:00,0.3398,0.0134,38.63287963469993
2019-02-24 14:00:00,0.2503,0.0122,39.45348185973182
2019-02-24 15:00:00,0.1126,0.0124,50.07956080431289
2019-02-24 16:00:00,0.0158,0.025,52.42542307594908
2019-02-24 17:00:00,0.0,0.0457,-37.48009209488904
2019-02-24 18:00:00,0.0,0.0748,31.36439497450672
2019-02-24 19:00:00,0.0,0.0926,65.46228306612244
2019-02-24 20:00:00,0.0,0.0972,55.40563675361153
2019-02-24 21:00:00,0.0,0.0987,36.610054961077395
2019-02-24 22:00:00,0.0,0.1008,39.23600029093451
2019-02-24 23:00:00,0.0,0.0929,50.669841444285936
2019-02-25 00:00:00,0.0,0.0823,37.441912145827516
2019-02-25 01:00:00,0.0,0.0762,41.299547630897194
2019-02-25 02:00:00,0.0,0.0874,47.04825293105378
2019-02-25 03:00:00,0.0,0.0975,38.83332048075047
2019-02-25 04:00:00,0.0,0.1008,29.965850418671195
2019-02-25 05:00:00,0.0,0.1013,51.36346093412148
2019-02-25 06:00:00,0.0166,0.0987,40.02640951758025
2019-02-25 07:00:00,0.123,0.0799,48.294584952517724
2019-02-25 08:00:00,0.2609,0.0698,33.609684283175866
2019-02-25 09:00:00,0.3747,0.0415,44.283091219212444
2019-02-25 10:00:00,0.443,0.0254,37.0989027046403
2019-02-25 11:00:00,0.4619,0.026,43.067281257300216
2019-02-25 12:00:00,0.4348,0.0387,-16.41497442053707
2019-02-25 13:00:00,0.3622,0.0511,49.032460021439036
2019-02-25 14:00:00,0.2483,0.0583,43.607997659021116
2019-02-25 15:00:00,0.1088,0.0538,53.52175652255222
2019-02-25 16:00:00,0.0168,0.0703,60.450462750185594
2019-02-25 17:00:00,0.0,0.1164,47.853826050210365
2019-02-25 18:00:00,0.0,0.1554,41.07881881503484
2019-02-25 19:00:00,0.0,0.1813,42.99136453105883
2019-02-25 20:00:00,0.0,0.1841,58.01300652324581
2019-02-25 21:00:00,0.0,0.1711,22.8274220013264
2019-02-25 22:00:00,0.0,0.1682,30.125706349235816
2019-02-25 23:00:00,0.0,0.1551,49.18047019865373
2019-02-26 00:00:00,0.0,0.1459,45.55031470185998
2019-02-26 01:00:00,0.0,0.1425,49.693985506022265
2019-02-26 02:00:00,0.0,0.1429,41.111029569698076
2019-02-26 03:00:00,0.0,0.1434,43.84600395940398
2019-02-26 04:00:00,0.0,0.1355,38.35341325201083
2019-02-26 05:00:00,0.0,0.1249,47.756733585959815
2019-02-26 06:00:00,0.0169,0.1128,33.64519738825821
2019-02-26 07:00:00,0.1211,0.0876,45.808161867602145
2019-02-26 08:00:00,0.255,0.0559,53.23975334846816
2019-02-26 09:00:00,0.3606,0.0294,49.27833309912905
2019-02-26 10:00:00,0.4196,0.0171,37.33758570721432
2019-02-26 11:00:00,0.4295,0.0161,49.038637324650246
2019-02-26 12:00:00,0.3972,0.0222,48.2546508068407
2019-02-26 13:00:00,0.3319,0.0288,49.369144604666225
2019-02-26 14:00:00,0.2332,0.033,49.59558884561095
2019-02-26 15:00:00,0.1102,0.031,68.55261229302783
2019-02-26 16:00:00,0.0185,0.0354,21.19107306561914
2019-02-26 17:00:00,0.0,0.0481,33.28278426299296
2019-02-26 18:00:00,0.0,0.0551,26.905913919821703
2019-02-26 19:00:00,0.0,0.0489,39.65559764347343
2019-02-26 20:00:00,0.0,0.048,22.65035793482593
2019-02-26 21:00:00,0.0,0.0462,29.452278926609335
2019-02-26 22:00:00,0.0,0.0432,36.55151481951698
2019-02-26 23:00:00,0.0,0.0405,48.80884688627556
2019-02-27 00:00:00,0.0,0.0435,46.352724462670594
2019-02-27 01:00:00,0.0,0.0464,19.04890578962893
2019-02-27 02:00:00,0.0,0.0486,60.123659541241736
2019-02-27 03:00:00,0.0,0.0561,42.76035513577367
2019-02-27 04:00:00,0.0,0.0601,32.73156828574531
2019-02-27 05:00:00,0.0,0.0725,49.47412544345378
2019-02-27 06:00:00,0.0239,0.0809,45.150201528029605
2019-02-27 07:00:00,0.1427,0.0805,49.18543456964906
2019-02-27 08:00:00,0.2894,0.0778,-40.34377856129272
2019-02-27 09:00:00,0.3985,0.0595,54.25479444894406
2019-02-27 10:00:00,0.4622,0.0391,34.05990218632894
2019-02-27 11:00:00,0.4798,0.0298,64.9643332422023
2019-02-27 12:00:00,0.4538,0.0385,32.06269577575897
2019-02-27 13:00:00,0.3862,0.0485,49.780935012902574
2019-02-27 14:00:00,0.2748,0.0556,57.143915935078255
2019-02-27 15:00:00,0.1318,0.0607,36.78845347877572
2019-02-27 16:00:00,0.0217,0.0896,48.00744774076073
2019-02-27 17:00:00,0.0,0.1558,69.93610525876437
2019-02-27 18:00:00,0.0,0.2376,35.39835337989449
2019-02-27 19:00:00,0.0,0.3278,37.63765864137512
2019-02-27 20:00:00,0.0,0.4039,26.59068041310809
2019-02-27 21:00:00,0.0,0.4489,35.903838996304316
2019-02-27 22:00:00,0.0,0.4756,-13.389000841595497
2019-02-27 23:00:00,0.0,0.496,55.213586688754674
2019-02-28 00:00:00,0.0,0.5209,63.377341163906124
2019-02-28 01:00:00,0.0,0.5212,43.41330498047708
2019-02-28 02:00:00,0.0,0.5212,43.493511372034234
2019-02-28 03:00:00,0.0,0.5126,68.67371654016418
2019-02-28 04:00:00,0.0,0.5084,68.87443084369058
2019-02-28 05:00:00,0.0,0.5231,48.35689414103285
2019-02-28 06:00:00,0.024,0.5008,59.49802336143175
2019-02-28 07:00:00,0.1372,0.4345,67.93097765736496
2019-02-28 08:00:00,0.263,0.357,36.18769587031552
2019-02-28 09:00:00,0.3506,0.3094,40.3602906036124
2019-02-28 10:00:00,0.3914,0.2982,34.74010951309968
2019-02-28 11:00:00,0.3956,0.2928,46.344353197557176
2019-02-28 12:00:00,0.3601,0.3318,55.7108809335608
2019-02-28 13:00:00,0.2826,0.3573,60.86487967409756
2019-02-28 14:00:00,0.1867,0.3685,45.106837385252256
2019-02-28 15:00:00,0.0828,0.3613,25.263405223765005
2019-02-28 16:00:00,0.013,0.3474,56.63001823375076
2019-02-28 17:00:00,0.0,0.326,-26.262668255851352
2019-02-28 18:00:00,0.0,0.2985,46.21088651349038
2019-02-28 19:00:00,0.0,0.2794,35.14563893680044
2019-02-28 20:00:00,0.0,0.2565,20.33704895234786
2019-02-28 21:00:00,0.0,0.2389,16.081800984698656
2019-02-28 22:00:00,0.0,0.2226,30.20349042639937
2019-02-28 23:00:00,0.0,0.2098,27.843390616509566
2019-03-01 00:00:00,0.0,0.1964,-28.388839253380713
2019-03-01 01:00:00,0.0,0.1844,23.467440578481458
2019-03-01 02:00:00,0.0,0.1758,40.19072811581091
2019-03-01 03:00:00,0.0,0.168,46.19082954035138
2019-03-01 04:00:00,0.0,0.1603,45.20739683195385
2019-03-01 05:00:00,0.0,0.1585,36.58123811203948
2019-03-01 06:00:00,0.0051,0.1572,51.91269802334832
2019-03-01 07:00:00,0.024,0.153,55.427184618906566
2019-03-01 08:00:00,0.0554,0.1517,31.364159589821867
2019-03-01 09:00:00,0.0834,0.1515,47.485685987048576
2019-03-01 10:00:00,0.1006,0.171,61.78455684197368
2019-03-01 11:00:00,0.1031,0.1952,48.93565981098544
2019-03-01 12:00:00,0.0958,0.2016,36.137804522889056
2019-03-01 13:00:00,0.0856,0.2065,52.141040521944326
2019-03-01 14:00:00,0.0635,0.1886,70.99628623074479
2019-03-01 15:00:00,0.0306,0.1792,29.91892935983631
2019-03-01 16:00:00,0.0052,0.1782,63.98169099941918
2019-03-01 17:00:00,0.0,0.1679,40.544670691253074
2019-03-01 18:00:00,0.0,0.1544,37.50996051170724
2019-03-01 19:00:00,0.0,0.1384,39.48822011443752
2019-03-01 20:00:00,0.0,0.1296,43.73810388855195
2019-03-01 21:00:00,0.0,0.121,39.08347182815265
2019-03-01 22:00:00,0.0,0.114,45.64948058434736
2019-03-01 23:00:00,0.0,0.1138,49.30570044724081
2019-03-02 00:00:00,0.0,0.112,43.81629870564576
2019-03-02 01:00:00,0.0,0.1094,55.18381660523402
2019-03-02 02:00:00,0.0,0.1035,12.871400739142118
2019-03-02 03:00:00,0.0,0.1078,40.138031584033996
2019-03-02 04:00:00,0.0,0.1097,33.86754011144359
2019-03-02 05:00:00,0.0,0.1122,37.98609712818991
2019-03-02 06:00:00,0.0062,0.1082,36.1628212142559
2019-03-02 07:00:00,0.0257,0.1023,56.697290136305526
2019-03-02 08:00:00,0.0543,0.0978,52.770574755045615
2019-03-02 09:00:00,0.0792,0.0981,47.926912546464024
2019-03-02 10:00:00,0.0977,0.0965,96.14800094653438
2019-03-02 11:00:00,0.1117,0.1081,42.628045460551164
2019-03-02 12:00:00,0.114,0.1218,49.84448118202383
2019-03-02 13:00:00,0.1034,0.1301,42.702144176892915
2019-03-02 14:00:00,0.0792,0.1364,45.08600909245334
2019-03-02 15:00:00,0.0408,0.1528,48.23915807289058
2019-03-02 16:00:00,0.008,0.1818,64.29900851346925
2019-03-02 17:00:00,0.0,0.24,22.457736436797596
2019-03-02 18:00:00,0.0,0.3226,29.172937670085606
2019-03-02 19:00:00,0.0,0.3851,30.849398198938125
2019-03-02 20:00:00,0.0,0.4414,32.22084022856457
2019-03-02 21:00:00,0.0,0.4686,50.32114999289955
2019-03-02 22:00:00,0.0,0.514,45.31478936696273
2019-03-02 23:00:00,0.0,0.5483,34.50016216750924
2019-03-03 00:00:00,0.0,0.5839,-25.54025410761072
2019-03-03 01:00:00,0.0,0.6084,32.18885928888312
2019-03-03 02:00:00,0.0,0.6384,42.8366894675922
2019-03-03 03:00:00,0.0,0.6527,32.16363941316861
2019-03-03 04:00:00,0.0,0.673,59.799530534911945
2019-03-03 05:00:00,0.0,0.7226,39.29378652992043
2019-03-03 06:00:00,0.0132,0.739,58.570364945165636
2019-03-03 07:00:00,0.057,0.7452,38.071777765195215
2019-03-03 08:00:00,0.1032,0.7431,42.88004428845832
2019-03-03 09:00:00,0.1426,0.735,36.20542766667945
2019-03-03 10:00:00,0.1551,0.7423,17.035637898171693
2019-03-03 11:00:00,0.1514,0.7194,51.357996974273874
2019-03-03 12:00:00,0.1396,0.6767,-22.858530840115918
2019-03-03 13:00:00,0.1133,0.6636,77.8888923364686
2019-03-03 14:00:00,0.0772,0.6527,55.29043731500192
2019-03-03 15:00:00,0.0364,0.6543,24.344766682124824
2019-03-03 16:00:00,0.0065,0.6669,46.0310753602715
2019-03-03 17:00:00,0.0,0.6794,32.37158073648335
2019-03-03 18:00:00,0.0,0.7114,48.30667510007338
2019-03-03 19:00:00,0.0,0.7554,39.861618656274224
2019-03-03 20:00:00,0.0,0.768,55.11395021076867
2019-03-03 21:00:00,0.0,0.7388,45.138182583782495
2019-03-03 22:00:00,0.0,0.7377,24.05675349468153
2019-03-03 23:00:00,0.0,0.7194,45.60245449407352
2019-03-04 00:00:00,0.0,0.715,37.158275393746976
2019-03-04 01:00:00,0.0,0.7244,44.61614257286092
2019-03-04 02:00:00,0.0,0.7133,13.09855908845563
2019-03-04 03:00:00,0.0,0.6996,65.99034621363737
2019-03-04 04:00:00,0.0,0.7175,52.54989175445484
2019-03-04 05:00:00,0.0001,0.7699,68.28091044444581
2019-03-04 06:00:00,0.0162,0.8031,39.81472130791955
2019-03-04 07:00:00,0.0713,0.8089,41.24806058824175
2019-03-04 08:00:00,0.1392,0.8332,44.561031793425634
2019-03-04 09:00:00,0.1832,0.8418,62.49450676121621
2019-03-04 10:00:00,0.1958,0.8624,44.72606754547808
2019-03-04 11:00:00,0.1763,0.8643,44.46588416564275
2019-03-04 12:00:00,0.1533,0.8663,44.77803625658386
2019-03-04 13:00:00,0.1286,0.8686,54.69219137876569
2019-03-04 14:00:00,0.0989,0.8644,66.8499165186913
2019-03-04 15:00:00,0.0572,0.8481,49.404442276639
2019-03-04 16:00:00,0.0142,0.8428,48.60804014418885
2019-03-04 17:00:00,0.0001,0.8374,51.27235981293457
2019-03-04 18:00:00,0.0,0.8398,28.292761508226242
2019-03-04 19:00:00,0.0,0.8331,43.36602402475767
2019-03-04 20:00:00,0.0,0.8407,37.21913776451007
2019-03-04 21:00:00,0.0,0.812,49.29544560928672
2019-03-04 22:00:00,0.0,0.7989,19.942822507423912
2019-03-04 23:00:00,0.0,0.7978,48.11184712118661
2019-03-05 00:00:00,0.0,0.7862,29.55579407506834
2019-03-05 01:00:00,0.0,0.7874,46.27239491754411
2019-03-05 02:00:00,0.0,0.7893,34.517283946246216
2019-03-05 03:00:00,0.0,0.7758,39.847730420454674
2019-03-05 04:00:00,0.0,0.7695,34.770992384499664
2019-03-05 05:00:00,0.0001,0.7737,56.67228079895885
2019-03-05 06:00:00,0.0185,0.7707,47.99838433030655
2019-03-05 07:00:00,0.082,0.7642,36.85666652083991
2019-03-05 08:00:00,0.1489,0.7673,51.981076842445304
2019-03-05 09:00:00,0.1902,0.7652,68.34416293083358
2019-03-05 10:00:00,0.2172,0.7342,52.15796363936709
2019-03-05 11:00:00,0.2174,0.7115,47.51946235973742
2019-03-05 12:00:00,0.1906,0.686,47.42627203647219
2019-03-05 13:00:00,0.1647,0.652,30.480190185338124
2019-03-05 14:00:00,0.1234,0.6112,61.399196228848844
2019-03-05 15:00:00,0.0649,0.5451,51.37185408320907
2019-03-05 16:00:00,0.0146,0.4382,31.747281499968715
2019-03-05 17:00:00,0.0001,0.3882,46.811101193810025
2019-03-05 18:00:00,0.0,0.3913,61.80689356484435
2019-03-05 19:00:00,0.0,0.3883,41.59530781106205
2019-03-05 20:00:00,0.0,0.3776,54.16210686324976
2019-03-05 21:00:00,0.0,0.3558,43.770077413850785
2019-03-05 22:00:00,0.0,0.3433,25.326209000015048
2019-03-05 23:00:00,0.0,0.3356,34.87845448855642
2019-03-06 00:00:00,0.0,0.3236,49.553650341173665
2019-03-06 01:00:00,0.0,0.3187,49.791707091042575
2019-03-06 02:00:00,0.0,0.3145,50.11088027261998
2019-03-06 03:00:00,0.0,0.3148,43.83751769681042
2019-03-06 04:00:00,0.0,0.3298,34.504499285903044
2019-03-06 05:00:00,0.0002,0.3666,28.681333529289653
2019-03-06 06:00:00,0.0304,0.3943,40.371428240454286
2019-03-06 07:00:00,0.1248,0.4006,53.98190774982312
2019-03-06 08:00:00,0.221,0.3763,-24.954375328454024
2019-03-06 09:00:00,0.297,0.3784,58.92656952952629
2019-03-06 10:00:00,0.3355,0.4402,36.501084879573696
2019-03-06 11:00:00,0.3256,0.5,54.81951736468367
2019-03-06 12:00:00,0.2835,0.522,37.87340827166638
2019-03-06 13:00:00,0.2203,0.5446,47.608768104877235
2019-03-06 14:00:00,0.1399,0.5468,59.642377172138865
2019-03-06 15:00:00,0.0587,0.5571,46.25331909245391
2019-03-06 16:00:00,0.0101,0.5808,48.8367094695906
2019-03-06 17:00:00,0.0,0.6193,73.35936351388816
2019-03-06 18:00:00,0.0,0.6261,36.293173714530276
2019-03-06 19:00:00,0.0,0.6074,13.790297697971738
2019-03-06 20:00:00,0.0,0.5893,42.5652903068667
2019-03-06 21:00:00,0.0,0.5604,23.72903087380115
2019-03-06 22:00:00,0.0,0.5274,3.639993280750847
2019-03-06 23:00:00,0.0,0.4933,37.62271644294265
2019-03-07 00:00:00,0.0,0.4725,49.876525517834246
2019-03-07 01:00:00,0.0,0.4725,32.44891364508545
2019-03-07 02:00:00,0.0,0.485,37.18500780904847
2019-03-07 03:00:00,0.0,0.5122,29.763597218053903
2019-03-07 04:00:00,0.0,0.5487,37.98615358922096
2019-03-07 05:00:00,0.0002,0.5982,28.235291936252874
2019-03-07 06:00:00,0.0155,0.6445,39.944746306015446
2019-03-07 07:00:00,0.0662,0.6936,33.13285468925887
2019-03-07 08:00:00,0.1231,0.746,28.785948644454983
2019-03-07 09:00:00,0.164,0.7856,48.39632558544415
2019-03-07 10:00:00,0.19,0.784,54.0629087157225
2019-03-07 11:00:00,0.2018,0.7904,48.69749499968413
2019-03-07 12:00:00,0.2044,0.7909,49.47034020389401
2019-03-07 13:00:00,0.1892,0.7865,55.075373402031325
2019-03-07 14:00:00,0.1516,0.7714,58.516574600515746
2019-03-07 15:00:00,0.097,0.7534,68.19726367238967
2019-03-07 16:00:00,0.0258,0.7204,19.962175070806076
2019-03-07 17:00:00,0.0003,0.7214,35.827868864724195
2019-03-07 18:00:00,0.0,0.7378,62.034909685708854
2019-03-07 19:00:00,0.0,0.7772,30.589162020453927
2019-03-07 20:00:00,0.0,0.8224,45.27411120796083
2019-03-07 21:00:00,0.0,0.8123,24.36058134219543
2019-03-07 22:00:00,0.0,0.8257,57.04204083395489
2019-03-07 23:00:00,0.0,0.8297,12.869889967171762
2019-03-08 00:00:00,0.0,0.8214,46.724202078503545
2019-03-08 01:00:00,0.0,0.8271,35.7634630486614
2019-03-08 02:00:00,0.0,0.8296,74.0518036644371
2019-03-08 03:00:00,0.0,0.8118,39.21669836332608
2019-03-08 04:00:00,0.0,0.8017,49.75817785755021
2019-03-08 05:00:00,0.0003,0.8193,54.402039138657344
2019-03-08 06:00:00,0.0204,0.8104,31.660970995133237
2019-03-08 07:00:00,0.0803,0.8001,43.24804271591644
2019-03-08 08:00:00,0.1332,0.7719,66.41716887692886
2019-03-08 09:00:00,0.1824,0.751,70.28193857980885
2019-03-08 10:00:00,0.2272,0.7264,47.68052296599727
2019-03-08 11:00:00,0.254,0.6904,72.89977764394683
2019-03-08 12:00:00,0.2583,0.641,37.75597898181452
2019-03-08 13:00:00,0.2377,0.5983,40.09431841601785
2019-03-08 14:00:00,0.1878,0.5534,32.77188989917224
2019-03-08 15:00:00,0.1025,0.5042,48.50762660085478
2019-03-08 16:00:00,0.0232,0.4355,-34.86675149742345
2019-03-08 17:00:00,0.0002,0.3831,58.129912165785925
2019-03-08 18:00:00,0.0,0.3642,-46.999486192220715
2019-03-08 19:00:00,0.0,0.3882,43.5788973296197
2019-03-08 20:00:00,0.0,0.4342,36.49982137324542
2019-03-08 21:00:00,0.0,0.4798,24.222455272408524
2019-03-08 22:00:00,0.0,0.5265,38.22583842607823
2019-03-08 23:00:00,0.0,0.5821,56.284773127123586
2019-03-09 00:00:00,0.0,0.6291,20.338896446823625
2019-03-09 01:00:00,0.0,0.6695,50.179046580435994
2019-03-09 02:00:00,0.0,0.7147,34.48827042004868
2019-03-09 03:00:00,0.0,0.7436,75.55785826735917
2019-03-09 04:00:00,0.0,0.7834,35.920472328312364
2019-03-09 05:00:00,0.0002,0.8018,46.969024870087914
2019-03-09 06:00:00,0.012,0.818,35.88117654423353
2019-03-09 07:00:00,0.0481,0.8459,25.45705775242994
2019-03-09 08:00:00,0.1054,0.8402,45.06585502380345
2019-03-09 09:00:00,0.1679,0.8262,47.34696615070557
2019-03-09 10:00:00,0.2006,0.8119,-23.898475815516797
2019-03-09 11:00:00,0.2006,0.8125,-22.714436917270184
2019-03-09 12:00:00,0.1798,0.8036,61.292319885442495
2019-03-09 13:00:00,0.1404,0.7932,-47.70034999530103
2019-03-09 14:00:00,0.0953,0.7556,46.983708333438244
2019-03-09 15:00:00,0.0489,0.7386,70.4183607604821
2019-03-09 16:00:00,0.0132,0.73,48.08931598433734
2019-03-09 17:00:00,0.0002,0.7352,52.94254319810742
2019-03-09 18:00:00,0.0,0.7681,55.90706104285033
2019-03-09 19:00:00,0.0,0.7985,44.6207345002074
2019-03-09 20:00:00,0.0,0.8049,53.80930662882106
2019-03-09 21:00:00,0.0,0.7564,30.621132635895044
2019-03-09 22:00:00,0.0,0.7401,30.024875578227483
2019-03-09 23:00:00,0.0,0.7051,44.05267097619793
2019-03-10 00:00:00,0.0,0.6604,39.161363943046105
2019-03-10 01:00:00,0.0,0.5963,59.033893866105586
2019-03-10 02:00:00,0.0,0.5596,29.159118577928297
2019-03-10 03:00:00,0.0,0.4995,37.880585230727895
2019-03-10 04:00:00,0.0,0.4364,45.32839213017395
2019-03-10 05:00:00,0.0004,0.3851,13.28337860144224
2019-03-10 06:00:00,0.0113,0.3408,52.141629946529676
2019-03-10 07:00:00,0.0403,0.3212,44.11377711536145
2019-03-10 08:00:00,0.0706,0.3302,51.623889237055494
2019-03-10 09:00:00,0.0938,0.3356,39.87625860207632
2019-03-10 10:00:00,0.1178,0.3218,56.784246311040164
2019-03-10 11:00:00,0.1445,0.3088,52.13392460458702
2019-03-10 12:00:00,0.1706,0.3041,67.81340896933993
2019-03-10 13:00:00,0.1704,0.3054,58.284122925037195
2019-03-10 14:00:00,0.134,0.3228,47.267184278214486
2019-03-10 15:00:00,0.0772,0.3363,57.707560488738466
2019-03-10 16:00:00,0.0191,0.4,44.05061827327447
2019-03-10 17:00:00,0.0002,0.4892,38.208835038579124
2019-03-10 18:00:00,0.0,0.5459,27.087063258960093
2019-03-10 19:00:00,0.0,0.5758,32.05765796339458
2019-03-10 20:00:00,0.0,0.6181,16.79852153572095
2019-03-10 21:00:00,0.0,0.6212,62.64389184545942
2019-03-10 22:00:00,0.0,0.6264,63.98547274795828
2019-03-10 23:00:00,0.0,0.6361,38.10580489446059
2019-03-11 00:00:00,0.0,0.6186,60.30320213575795
2019-03-11 01:00:00,0.0,0.62,34.91686235578156
2019-03-11 02:00:00,0.0,0.6105,34.81431808833263
2019-03-11 03:00:00,0.0,0.6025,36.029702093437145
2019-03-11 04:00:00,0.0,0.5833,44.8053779531729
2019-03-11 05:00:00,0.0006,0.575,35.106255052230374
2019-03-11 06:00:00,0.0178,0.5687,48.20780844657273
2019-03-11 07:00:00,0.058,0.5482,70.27973188016539
2019-03-11 08:00:00,0.102,0.5534,36.83740329618052
2019-03-11 09:00:00,0.1518,0.5853,51.27728246225496
2019-03-11 10:00:00,0.1921,0.5939,-33.9864276719042
2019-03-11 11:00:00,0.207,0.6077,46.57770932594221
2019-03-11 12:00:00,0.2056,0.6004,58.019239106723475
2019-03-11 13:00:00,0.183,0.5908,42.520885712157884
2019-03-11 14:00:00,0.1416,0.5714,42.08547967800336
2019-03-11 15:00:00,0.0796,0.5643,54.747484987822574
2019-03-11 16:00:00,0.0239,0.5376,52.128852854470885
2019-03-11 17:00:00,0.0006,0.5194,-49.076780878944895
2019-03-11 18:00:00,0.0,0.4998,47.88011637109035
2019-03-11 19:00:00,0.0,0.472,34.52949003807367
2019-03-11 20:00:00,0.0,0.4533,30.057663172118634
2019-03-11 21:00:00,0.0,0.4048,38.02311109455176
2019-03-11 22:00:00,0.0,0.3787,16.397105980885144
2019-03-11 23:00:00,0.0,0.3512,17.44784545800249
2019-03-12 00:00:00,0.0,0.3248,39.9913328218899
2019-03-12 01:00:00,0.0,0.3065,26.029274118997193
2019-03-12 02:00:00,0.0,0.2973,41.18912737344304
2019-03-12 03:00:00,0.0,0.3007,48.09261001740316
2019-03-12 04:00:00,0.0,0.3117,13.20405712493758
2019-03-12 05:00:00,0.0009,0.358,37.30554248425918
2019-03-12 06:00:00,0.0312,0.3786,32.19752227395239
2019-03-12 07:00:00,0.1155,0.383,25.677218621296625
2019-03-12 08:00:00,0.2217,0.3964,48.78206849689829
2019-03-12 09:00:00,0.2954,0.4606,57.88417483198384
2019-03-12 10:00:00,0.3392,0.5209,35.11405681924192
2019-03-12 11:00:00,0.3523,0.5698,37.54462612534305
2019-03-12 12:00:00,0.3394,0.6246,44.36724705320952
2019-03-12 13:00:00,0.2837,0.6558,46.74586466784993
2019-03-12 14:00:00,0.1866,0.673,61.36203753151694
2019-03-12 15:00:00,0.0846,0.6644,45.729693487620345
2019-03-12 16:00:00,0.0181,0.6734,56.112173044209825
2019-03-12 17:00:00,0.0003,0.7243,70.06468469504891
2019-03-12 18:00:00,0.0,0.7851,38.05868718160207
2019-03-12 19:00:00,0.0,0.8136,26.625071879988848
2019-03-12 20:00:00,0.0,0.8294,32.17403678148537
2019-03-12 21:00:00,0.0,0.7898,32.89037030389514
2019-03-12 22:00:00,0.0,0.7777,41.98426029513982
2019-03-12 23:00:00,0.0,0.7613,49.86461636926362
2019-03-13 00:00:00,0.0,0.7432,42.508417928809536
2019-03-13 01:00:00,0.0,0.7369,43.152002733584126
2019-03-13 02:00:00,0.0,0.7567,29.792429466881813
2019-03-13 03:00:00,0.0,0.7488,52.09314398320673
2019-03-13 04:00:00,0.0,0.7491,35.161229424912
2019-03-13 05:00:00,0.0014,0.7762,47.82573910307923
2019-03-13 06:00:00,0.032,0.7881,30.729221844088386
2019-03-13 07:00:00,0.1133,0.8273,37.92157314292063
2019-03-13 08:00:00,0.187,0.8401,40.97791800354521
2019-03-13 09:00:00,0.2158,0.8426,-40.539979079733094
2019-03-13 10:00:00,0.2335,0.8397,35.64859216079975
2019-03-13 11:00:00,0.2294,0.8474,41.7488413120137
2019-03-13 12:00:00,0.2098,0.873,35.29916577802631
2019-03-13 13:00:00,0.1807,0.8639,49.29328016899256
2019-03-13 14:00:00,0.1392,0.8413,51.71609843830774
2019-03-13 15:00:00,0.0718,0.8252,49.71499018117198
2019-03-13 16:00:00,0.0184,0.8064,39.30247164301983
2019-03-13 17:00:00,0.0005,0.8189,42.44974625032692
2019-03-13 18:00:00,0.0,0.8204,42.8051300629258
2019-03-13 19:00:00,0.0,0.8183,37.186249121990855
2019-03-13 20:00:00,0.0,0.8032,23.864886614475033
2019-03-13 21:00:00,0.0,0.768,38.162763754075556
2019-03-13 22:00:00,0.0,0.7549,44.02236590960853
2019-03-13 23:00:00,0.0,0.7366,28.71329020853016
2019-03-14 00:00:00,0.0,0.703,58.73865203726582
2019-03-14 01:00:00,0.0,0.6801,43.662180416032626
2019-03-14 02:00:00,0.0,0.6649,35.19366937522747
2019-03-14 03:00:00,0.0,0.6559,39.04328395838194
2019-03-14 04:00:00,0.0,0.6451,44.039693178092975
2019-03-14 05:00:00,0.001,0.6552,37.11159577407396
2019-03-14 06:00:00,0.0187,0.647,45.443728341979465
2019-03-14 07:00:00,0.0574,0.6724,21.69558571820572
2019-03-14 08:00:00,0.0892,0.709,44.47905140880835
2019-03-14 09:00:00,0.096,0.7454,-48.46039438898672
2019-03-14 10:00:00,0.1037,0.7643,30.49558337319681
2019-03-14 11:00:00,0.097,0.7759,53.12090942290457
2019-03-14 12:00:00,0.079,0.7864,32.707115504426696
2019-03-14 13:00:00,0.0619,0.7784,-35.26638993656112
2019-03-14 14:00:00,0.0511,0.7666,26.88360487016986
2019-03-14 15:00:00,0.0319,0.751,33.53681752198548
2019-03-14 16:00:00,0.0105,0.7654,22.125945057019173
2019-03-14 17:00:00,0.0005,0.7681,32.731811776024024
2019-03-14 18:00:00,0.0,0.7523,21.986580070809612
2019-03-14 19:00:00,0.0,0.7371,-15.219705639343083
2019-03-14 20:00:00,0.0,0.7395,42.27217532627392
2019-03-14 21:00:00,0.0,0.7351,61.47856257346652
2019-03-14 22:00:00,0.0,0.7448,26.690387544528324
2019-03-14 23:00:00,0.0,0.7394,54.61754719732784
2019-03-15 00:00:00,0.0,0.7373,41.79163359428692
2019-03-15 01:00:00,0.0,0.709,30.506674050184408
2019-03-15 02:00:00,0.0,0.6786,28.930934104899418
2019-03-15 03:00:00,0.0,0.6498,30.786512369291103
2019-03-15 04:00:00,0.0,0.6251,36.32496725044337
2019-03-15 05:00:00,0.0012,0.5956,63.55548810283734
2019-03-15 06:00:00,0.0179,0.5599,37.63095260076943
2019-03-15 07:00:00,0.0497,0.5594,31.627557388047457
2019-03-15 08:00:00,0.0782,0.5778,100.26659521025924
2019-03-15 09:00:00,0.0947,0.6148,54.4948905684238
2019-03-15 10:00:00,0.1029,0.6916,39.362604613036765
2019-03-15 11:00:00,0.1027,0.7506,50.43125539301949
2019-03-15 12:00:00,0.0991,0.8005,61.722906161778376
2019-03-15 13:00:00,0.0836,0.8418,47.11152791581435
2019-03-15 14:00:00,0.0618,0.8704,68.24243019386869
2019-03-15 15:00:00,0.0357,0.881,31.99082306586785
2019-03-15 16:00:00,0.0107,0.8785,51.6737910754287
2019-03-15 17:00:00,0.0004,0.8981,42.51884010814123
2019-03-15 18:00:00,0.0,0.9029,49.98277131681469
2019-03-15 19:00:00,0.0,0.8865,30.384494564795993
2019-03-15 20:00:00,0.0,0.8696,46.79618081125455
2019-03-15 21:00:00,0.0,0.8237,39.56030499719557
2019-03-15 22:00:00,0.0,0.8102,32.817913808516764
2019-03-15 23:00:00,0.0,0.7958,53.86772092269019
2019-03-16 00:00:00,0.0,0.7712,28.487524584142353
2019-03-16 01:00:00,0.0,0.7354,31.48709923390475
2019-03-16 02:00:00,0.0,0.6942,34.29523603896477
2019-03-16 03:00:00,0.0,0.6308,67.02104133816644
2019-03-16 04:00:00,0.0,0.5774,34.94307790207834
2019-03-16 05:00:00,0.0013,0.5392,50.47664569048226
2019-03-16 06:00:00,0.019,0.5057,33.80520294681239
2019-03-16 07:00:00,0.0519,0.4906,42.819261523153145
2019-03-16 08:00:00,0.0876,0.5109,34.972454518187725
2019-03-16 09:00:00,0.1138,0.5241,59.145219272234556
2019-03-16 10:00:00,0.1383,0.5411,57.321506580936614
2019-03-16 11:00:00,0.151,0.5415,44.948170002465965
2019-03-16 12:00:00,0.1508,0.5574,41.66305563943737
2019-03-16 13:00:00,0.1472,0.5842,66.28221385577456
2019-03-16 14:00:00,0.1217,0.6194,29.475352957503485
2019-03-16 15:00:00,0.075,0.6551,-35.981938047375905
2019-03-16 16:00:00,0.0265,0.677,35.18647935007118
2019-03-16 17:00:00,0.0013,0.6942,43.75092454428613
2019-03-16 18:00:00,0.0,0.6995,36.34296628023292
2019-03-16 19:00:00,0.0,0.7156,25.226821477277312
2019-03-16 20:00:00,0.0,0.7366,36.8610945859717
2019-03-16 21:00:00,0.0,0.7109,-16.029716023474144
2019-03-16 22:00:00,0.0,0.6995,23.081809850935997
2019-03-16 23:00:00,0.0,0.6824,43.218225280609325
2019-03-17 00:00:00,0.0,0.6631,47.533705304570766
2019-03-17 01:00:00,0.0,0.6522,18.571891702614945
2019-03-17 02:00:00,0.0,0.6474,29.998629585275456
2019-03-17 03:00:00,0.0,0.6588,52.46796073257355
2019-03-17 04:00:00,0.0,0.6715,37.16959677959404
2019-03-17 05:00:00,0.0047,0.6793,-33.989822327418054
2019-03-17 06:00:00,0.0592,0.6671,37.49035814203011
2019-03-17 07:00:00,0.1489,0.658,29.70276972219693
2019-03-17 08:00:00,0.2473,0.6576,66.67111726271672
2019-03-17 09:00:00,0.3107,0.6584,41.18466061792775
2019-03-17 10:00:00,0.3181,0.6575,70.5662783121453
2019-03-17 11:00:00,0.2942,0.6645,44.205432265831774
2019-03-17 12:00:00,0.2637,0.6419,66.31156316088988
2019-03-17 13:00:00,0.2076,0.6212,43.850717483899246
2019-03-17 14:00:00,0.1499,0.6109,36.17907376626308
2019-03-17 15:00:00,0.0809,0.5826,-25.8529450960434
2019-03-17 16:00:00,0.0236,0.534,50.212604472761015
2019-03-17 17:00:00,0.0013,0.5438,31.89666953779244
2019-03-17 18:00:00,0.0,0.5387,45.160720089940824
2019-03-17 19:00:00,0.0,0.5678,30.118854351710986
2019-03-17 20:00:00,0.0,0.5983,37.19585857496166
2019-03-17 21:00:00,0.0,0.6193,39.538660289416946
2019-03-17 22:00:00,0.0,0.6517,38.34128878156196
2019-03-17 23:00:00,0.0,0.6689,38.66876987504867
2019-03-18 00:00:00,0.0,0.672,21.06674115958385
2019-03-18 01:00:00,0.0,0.6715,51.32385626400573
2019-03-18 02:00:00,0.0,0.6614,56.61376207779364
2019-03-18 03:00:00,0.0,0.6539,36.563986724174036
2019-03-18 04:00:00,0.0,0.6485,36.33792732361021
2019-03-18 05:00:00,0.0026,0.672,43.947225114234186
2019-03-18 06:00:00,0.0371,0.6539,43.37066929693514
2019-03-18 07:00:00,0.1052,0.6569,52.372658373903704
2019-03-18 08:00:00,0.1755,0.6583,54.44102552657276
2019-03-18 09:00:00,0.2301,0.6622,53.938255360211194
2019-03-18 10:00:00,0.2647,0.6446,51.178614776220236
2019-03-18 11:00:00,0.2886,0.623,34.85338015091837
2019-03-18 12:00:00,0.294,0.593,34.800049209924154
2019-03-18 13:00:00,0.274,0.5784,44.84000269945794
2019-03-18 14:00:00,0.2251,0.5805,41.060631711432734
2019-03-18 15:00:00,0.1379,0.5708,40.78144725039678
2019-03-18 16:00:00,0.0468,0.5362,-10.947902139328242
2019-03-18 17:00:00,0.0024,0.5086,44.61857114049485
2019-03-18 18:00:00,0.0,0.4618,77.54887647166224
2019-03-18 19:00:00,0.0,0.4264,28.36587225242552
2019-03-18 20:00:00,0.0,0.408,23.38005867773417
2019-03-18 21:00:00,0.0,0.3852,20.81520532932914
2019-03-18 22:00:00,0.0,0.3623,34.04638609297603
2019-03-18 23:00:00,0.0,0.3417,39.66368025785425
2019-03-19 00:00:00,0.0,0.3132,27.654746468349813
2019-03-19 01:00:00,0.0,0.2894,42.65545310228545
2019-03-19 02:00:00,0.0,0.2793,34.19882114605106
2019-03-19 03:00:00,0.0,0.2531,45.838157884683284
2019-03-19 04:00:00,0.0,0.238,31.85209773680489
2019-03-19 05:00:00,0.0049,0.2336,-41.27075641014571
2019-03-19 06:00:00,0.0657,0.1946,31.220553919515016
2019-03-19 07:00:00,0.183,0.1444,29.2812358859021
2019-03-19 08:00:00,0.3024,0.1399,64.72563216712362
2019-03-19 09:00:00,0.3722,0.1446,40.712684334051986
2019-03-19 10:00:00,0.3769,0.144,32.73606119634113
2019-03-19 11:00:00,0.3651,0.1367,53.705575700731536
2019-03-19 12:00:00,0.3491,0.1389,35.54975596205941
2019-03-19 13:00:00,0.3085,0.1363,-9.274997859404444
2019-03-19 14:00:00,0.2403,0.1248,56.67381348815437
2019-03-19 15:00:00,0.1455,0.1002,69.00655955316776
2019-03-19 16:00:00,0.0504,0.0672,50.718480970796975
2019-03-19 17:00:00,0.0032,0.0514,26.93240071984394
2019-03-19 18:00:00,0.0,0.053,49.08356311969121
2019-03-19 19:00:00,0.0,0.0566,47.608158515012896
2019-03-19 20:00:00,0.0,0.0628,19.128171571973773
2019-03-19 21:00:00,0.0,0.0768,-35.906556247287114
2019-03-19 22:00:00,0.0,0.0936,30.211610580170372
2019-03-19 23:00:00,0.0,0.1162,34.62574593852134
2019-03-20 00:00:00,0.0,0.144,58.39534401527263
2019-03-20 01:00:00,0.0,0.1591,38.06955590116601
2019-03-20 02:00:00,0.0,0.1711,30.78843500436637
2019-03-20 03:00:00,0.0,0.1898,26.943985547390188
2019-03-20 04:00:00,0.0,0.2102,18.08016875329548
2019-03-20 05:00:00,0.0082,0.2328,51.15745996422871
2019-03-20 06:00:00,0.092,0.2317,28.192849460984437
2019-03-20 07:00:00,0.2265,0.1962,41.14239806226267
2019-03-20 08:00:00,0.3492,0.1564,49.239588688851086
2019-03-20 09:00:00,0.421,0.1467,34.791876772720116
2019-03-20 10:00:00,0.4542,0.1588,35.627961575215025
2019-03-20 11:00:00,0.4584,0.165,34.915085020341174
2019-03-20 12:00:00,0.4218,0.1698,51.50192286270183
2019-03-20 13:00:00,0.3597,0.1786,34.05030907988809
2019-03-20 14:00:00,0.2774,0.1789,33.387360109733734
2019-03-20 15:00:00,0.162,0.1678,41.467613181648886
2019-03-20 16:00:00,0.0519,0.1447,46.39099907559544
2019-03-20 17:00:00,0.0028,0.1376,35.4091356417041
2019-03-20 18:00:00,0.0,0.138,40.071499581987624
2019-03-20 19:00:00,0.0,0.1324,40.94725140974615
2019-03-20 20:00:00,0.0,0.1306,37.44369125989868
2019-03-20 21:00:00,0.0,0.128,21.622854601909314
2019-03-20 22:00:00,0.0,0.1232,30.42172914425611
2019-03-20 23:00:00,0.0,0.1172,43.354964320102866
2019-03-21 00:00:00,0.0,0.1133,35.46166059244139
2019-03-21 01:00:00,0.0,0.1162,63.04874953976008
2019-03-21 02:00:00,0.0,0.1224,24.288063666373745
2019-03-21 03:00:00,0.0,0.1279,39.51379297810899
2019-03-21 04:00:00,0.0,0.1354,56.173004430145404
2019-03-21 05:00:00,0.0075,0.148,54.28615236575284
2019-03-21 06:00:00,0.0808,0.1576,47.19004542951264
2019-03-21 07:00:00,0.2001,0.1562,41.97096904565163
2019-03-21 08:00:00,0.323,0.1445,51.17787116982996
2019-03-21 09:00:00,0.4113,0.1558,54.20029645516263
2019-03-21 10:00:00,0.4598,0.17,44.075848166688466
2019-03-21 11:00:00,0.4722,0.1614,42.332539894022396
2019-03-21 12:00:00,0.4548,0.1501,66.92835172292502
2019-03-21 13:00:00,0.4032,0.141,49.91880957469427
2019-03-21 14:00:00,0.3123,0.1282,51.93196177413696
2019-03-21 15:00:00,0.1838,0.1126,64.63331522763794
2019-03-21 16:00:00,0.06,0.1059,39.02145226230377
2019-03-21 17:00:00,0.0037,0.1052,24.666157575033527
2019-03-21 18:00:00,0.0,0.106,43.41661568598426
2019-03-21 19:00:00,0.0,0.1009,22.21445394535682
2019-03-21 20:00:00,0.0,0.0922,32.12386493075558
2019-03-21 21:00:00,0.0,0.0894,29.960467260988057
2019-03-21 22:00:00,0.0,0.0842,15.445145386563834
2019-03-21 23:00:00,0.0,0.078,36.961790064439626
2019-03-22 00:00:00,0.0,0.0725,38.53628075437534
2019-03-22 01:00:00,0.0,0.0707,28.902391582613824
2019-03-22 02:00:00,0.0,0.0682,27.38474791627006
2019-03-22 03:00:00,0.0,0.0628,39.928191677537896
2019-03-22 04:00:00,0.0,0.0577,22.46950624940188
2019-03-22 05:00:00,0.0089,0.0567,23.58222530574626
2019-03-22 06:00:00,0.0819,0.0546,61.874455775332834
2019-03-22 07:00:00,0.1947,0.0482,47.01552340807332
2019-03-22 08:00:00,0.31,0.0363,27.413186951027384
2019-03-22 09:00:00,0.4032,0.0342,57.503112228158145
2019-03-22 10:00:00,0.4568,0.039,63.678948427333296
2019-03-22 11:00:00,0.4744,0.0419,58.17210117342324
2019-03-22 12:00:00,0.4564,0.0414,49.00925018308589
2019-03-22 13:00:00,0.4069,0.0418,46.649619993871625
2019-03-22 14:00:00,0.3143,0.0437,65.14124691359079
2019-03-22 15:00:00,0.1864,0.0476,55.59962687245996
2019-03-22 16:00:00,0.0614,0.0519,37.13837346482137
2019-03-22 17:00:00,0.0041,0.0839,50.53333920359537
2019-03-22 18:00:00,0.0,0.139,40.348222101446936
2019-03-22 19:00:00,0.0,0.169,24.021623694755345
2019-03-22 20:00:00,0.0,0.1861,34.16670929118388
2019-03-22 21:00:00,0.0,0.196,46.48572271670596
2019-03-22 22:00:00,0.0,0.2042,46.68804722917479
2019-03-22 23:00:00,0.0,0.2082,40.28183422185907
2019-03-23 00:00:00,0.0,0.1884,29.223094361910555
2019-03-23 01:00:00,0.0,0.1613,23.728827896938565
2019-03-23 02:00:00,0.0,0.1402,46.28897596863988
2019-03-23 03:00:00,0.0,0.1306,29.076098377461307
2019-03-23 04:00:00,0.0,0.1248,49.14153846732771
2019-03-23 05:00:00,0.011,0.1258,-23.79145693734358
2019-03-23 06:00:00,0.09,0.1114,38.45983195451915
2019-03-23 07:00:00,0.2062,0.0881,51.61456821244231
2019-03-23 08:00:00,0.3097,0.0699,32.35442730472277
2019-03-23 09:00:00,0.3829,0.0707,54.51321257756739
2019-03-23 10:00:00,0.4282,0.0856,29.087659533029687
2019-03-23 11:00:00,0.4448,0.0956,26.719062386263143
2019-03-23 12:00:00,0.4258,0.119,71.9028762179666
2019-03-23 13:00:00,0.3707,0.1534,45.55215945621819
2019-03-23 14:00:00,0.2808,0.1791,-38.525440429735085
2019-03-23 15:00:00,0.1632,0.1964,33.02938254537787
2019-03-23 16:00:00,0.053,0.1831,64.04344537593099
2019-03-23 17:00:00,0.0037,0.1702,37.47223736642125
2019-03-23 18:00:00,0.0,0.1751,65.92574148008997
2019-03-23 19:00:00,0.0,0.168,24.20905182822402
2019-03-23 20:00:00,0.0,0.1694,31.442448146132307
2019-03-23 21:00:00,0.0,0.1592,34.50689228978077
2019-03-23 22:00:00,0.0,0.1482,28.714510839526348
2019-03-23 23:00:00,0.0,0.1368,39.50431108539125
2019-03-24 00:00:00,0.0,0.1196,39.04256872786969
2019-03-24 01:00:00,0.0,0.1028,51.03275501856343
2019-03-24 02:00:00,0.0,0.0924,34.9388433495443
2019-03-24 03:00:00,0.0,0.0834,43.070443708298306
2019-03-24 04:00:00,0.0,0.072,41.56748804856279
2019-03-24 05:00:00,0.0091,0.0626,27.95720743206901
2019-03-24 06:00:00,0.0718,0.0463,52.8690182135612
2019-03-24 07:00:00,0.169,0.0258,24.39057838028493
2019-03-24 08:00:00,0.2692,0.0114,41.659721349517156
2019-03-24 09:00:00,0.3481,0.0127,48.377544781549304
2019-03-24 10:00:00,0.3942,0.0241,51.62173136685201
2019-03-24 11:00:00,0.3981,0.043,58.22730220730644
2019-03-24 12:00:00,0.3702,0.0717,44.11209863681921
2019-03-24 13:00:00,0.3224,0.0973,39.31881015120211
2019-03-24 14:00:00,0.2493,0.1161,50.85769771236279
2019-03-24 15:00:00,0.1506,0.1311,33.67451398141129
2019-03-24 16:00:00,0.0523,0.1341,52.40791182963949
2019-03-24 17:00:00,0.0046,0.1427,43.55335086301076
2019-03-24 18:00:00,0.0,0.1674,24.12726750788348
2019-03-24 19:00:00,0.0,0.2168,-7.31814932168497
2019-03-24 20:00:00,0.0,0.2653,68.94662785027086
2019-03-24 21:00:00,0.0,0.2956,37.158305996530416
2019-03-24 22:00:00,0.0,0.3362,18.408367829621525
2019-03-24 23:00:00,0.0,0.3663,36.37664298900852
2019-03-25 00:00:00,0.0,0.3926,18.020556993393612
2019-03-25 01:00:00,0.0,0.3971,60.689523870207736
2019-03-25 02:00:00,0.0,0.4204,25.95491040502869
2019-03-25 03:00:00,0.0,0.458,50.630327472987844
2019-03-25 04:00:00,0.0,0.4828,38.63759123696719
2019-03-25 05:00:00,0.0073,0.4937,47.47920451965068
2019-03-25 06:00:00,0.0596,0.4881,37.35541979297871
2019-03-25 07:00:00,0.135,0.5125,29.993385475208385
2019-03-25 08:00:00,0.2046,0.5364,71.95117445498596
2019-03-25 09:00:00,0.2641,0.5672,48.75431098449939
2019-03-25 10:00:00,0.2926,0.5751,28.83785472007745
2019-03-25 11:00:00,0.3069,0.57,47.24796085891133
2019-03-25 12:00:00,0.2963,0.5319,58.50042177639643
2019-03-25 13:00:00,0.2638,0.5104,42.387339155114425
2019-03-25 14:00:00,0.2119,0.5009,66.34626504708629
2019-03-25 15:00:00,0.133,0.4646,42.30192570409033
2019-03-25 16:00:00,0.0488,0.4112,54.07725539556658
2019-03-25 17:00:00,0.0043,0.3668,35.91646623162636
2019-03-25 18:00:00,0.0,0.35,21.016348545668308
2019-03-25 19:00:00,0.0,0.311,63.44493176881681
2019-03-25 20:00:00,0.0,0.3064,-43.53100181085173
2019-03-25 21:00:00,0.0,0.2909,29.175898034124053
2019-03-25 22:00:00,0.0,0.3012,-46.32085857736543
2019-03-25 23:00:00,0.0,0.2936,22.061231722994755
2019-03-26 00:00:00,0.0,0.282,24.77078590627266
2019-03-26 01:00:00,0.0,0.2806,12.65646354019637
2019-03-26 02:00:00,0.0,0.2913,44.720994875321246
2019-03-26 03:00:00,0.0,0.3263,21.838094412007045
2019-03-26 04:00:00,0.0,0.3582,24.35375056844833
2019-03-26 05:00:00,0.0066,0.3787,41.056688532715896
2019-03-26 06:00:00,0.0488,0.3751,41.301721103734295
2019-03-26 07:00:00,0.1104,0.379,40.822457389077016
2019-03-26 08:00:00,0.1764,0.4007,53.342401071109016
2019-03-26 09:00:00,0.222,0.4362,38.06306449383816
2019-03-26 10:00:00,0.2334,0.4634,72.17108597883197
2019-03-26 11:00:00,0.2305,0.4664,68.95139704565315
2019-03-26 12:00:00,0.2247,0.4723,35.76702072546733
2019-03-26 13:00:00,0.2071,0.4656,30.199353872635356
2019-03-26 14:00:00,0.1614,0.4258,46.05276304192234
2019-03-26 15:00:00,0.0973,0.4175,45.92479829864652
2019-03-26 16:00:00,0.0348,0.3732,69.80283394952109
2019-03-26 17:00:00,0.0028,0.3146,47.858850235451676
2019-03-26 18:00:00,0.0,0.2772,17.60390941715822
2019-03-26 19:00:00,0.0,0.2512,45.3720226124761
2019-03-26 20:00:00,0.0,0.2186,37.120260520220704
2019-03-26 21:00:00,0.0,0.1915,26.213527241184487
2019-03-26 22:00:00,0.0,0.1794,45.03642845352771
2019-03-26 23:00:00,0.0,0.164,40.38727925858498
2019-03-27 00:00:00,0.0,0.1577,45.230392119400776
2019-03-27 01:00:00,0.0,0.1552,14.43485929393178
2019-03-27 02:00:00,0.0,0.1506,31.123538052293974
2019-03-27 03:00:00,0.0,0.145,43.46697586501786
2019-03-27 04:00:00,0.0,0.1406,28.840819395437734
2019-03-27 05:00:00,0.0068,0.1389,37.77495711414639
2019-03-27 06:00:00,0.0519,0.1316,45.857545230516145
2019-03-27 07:00:00,0.1246,0.1266,38.42336608284816
2019-03-27 08:00:00,0.2012,0.1275,-43.56426718241014
2019-03-27 09:00:00,0.2538,0.142,55.51235925820329
2019-03-27 10:00:00,0.2623,0.1625,56.20123101896929
2019-03-27 11:00:00,0.2538,0.1968,38.7428164940773
2019-03-27 12:00:00,0.2355,0.2161,50.00228107501994
2019-03-27 13:00:00,0.1968,0.2248,60.83425857621148
2019-03-27 14:00:00,0.1516,0.2233,65.50643655282391
2019-03-27 15:00:00,0.0972,0.2157,51.62249927592164
2019-03-27 16:00:00,0.0381,0.2083,33.6948667784131
2019-03-27 17:00:00,0.004,0.205,43.05574847576636
2019-03-27 18:00:00,0.0,0.1973,54.686236659150126
2019-03-27 19:00:00,0.0,0.1935,-37.245635495887164
2019-03-27 20:00:00,0.0,0.1864,26.617087256402776
2019-03-27 21:00:00,0.0,0.1805,25.979737768191868
2019-03-27 22:00:00,0.0,0.1748,32.728928804218846
2019-03-27 23:00:00,0.0,0.1738,45.793510062416054
2019-03-28 00:00:00,0.0,0.1741,29.039992640497005
2019-03-28 01:00:00,0.0,0.1633,31.974970617600576
2019-03-28 02:00:00,0.0,0.1512,47.63032389524568
2019-03-28 03:00:00,0.0,0.1415,33.843699046688414
2019-03-28 04:00:00,0.0,0.1323,37.46242356827404
2019-03-28 05:00:00,0.0074,0.1232,49.915320769122374
2019-03-28 06:00:00,0.0567,0.1145,37.47996928471744
2019-03-28 07:00:00,0.1444,0.094,69.69336466115328
2019-03-28 08:00:00,0.2397,0.0784,48.75991706979207
2019-03-28 09:00:00,0.3067,0.079,65.5778569893919
2019-03-28 10:00:00,0.323,0.0804,59.99818713501154
2019-03-28 11:00:00,0.2992,0.0802,43.027677778556495
2019-03-28 12:00:00,0.254,0.0751,49.799277680859525
2019-03-28 13:00:00,0.1949,0.0692,74.57988740310645
2019-03-28 14:00:00,0.1417,0.0636,65.40372875932127
2019-03-28 15:00:00,0.0866,0.0603,50.42165157143028
2019-03-28 16:00:00,0.0329,0.052,23.509243757478462
2019-03-28 17:00:00,0.0036,0.0522,40.57460203210363
2019-03-28 18:00:00,0.0,0.0591,59.364956431941145
2019-03-28 19:00:00,0.0,0.0618,56.880421921792596
2019-03-28 20:00:00,0.0,0.0659,39.45450938891977
2019-03-28 21:00:00,0.0,0.0712,18.738171482772625
2019-03-28 22:00:00,0.0,0.0756,17.00673474441593
2019-03-28 23:00:00,0.0,0.0817,33.986875394701954
2019-03-29 00:00:00,0.0,0.0881,21.192169465416764
2019-03-29 01:00:00,0.0,0.096,41.2036900548649
2019-03-29 02:00:00,0.0,0.1054,49.70258640208608
2019-03-29 03:00:00,0.0,0.1116,34.789171249386996
2019-03-29 04:00:00,0.0,0.1152,43.72393067764648
2019-03-29 05:00:00,0.0145,0.12,27.291763026734532
2019-03-29 06:00:00,0.0932,0.1084,34.66886971926752
2019-03-29 07:00:00,0.2114,0.0786,30.885412065110582
2019-03-29 08:00:00,0.3274,0.0707,51.70351000699663
2019-03-29 09:00:00,0.4122,0.0859,46.72721105005035
2019-03-29 10:00:00,0.4573,0.0876,59.23100921318346
2019-03-29 11:00:00,0.4755,0.0895,51.36779171535468
2019-03-29 12:00:00,0.4717,0.0827,68.7114676856543
2019-03-29 13:00:00,0.434,0.0708,77.46740628047681
2019-03-29 14:00:00,0.3508,0.0588,52.68345746712892
2019-03-29 15:00:00,0.2206,0.0515,79.87164872697338
2019-03-29 16:00:00,0.0845,0.0404,28.358496315489337
2019-03-29 17:00:00,0.0093,0.0436,37.62750876882087
2019-03-29 18:00:00,0.0,0.0625,47.862956504487585
2019-03-29 19:00:00,0.0,0.0874,43.14699252417667
2019-03-29 20:00:00,0.0,0.098,35.01018299007271
2019-03-29 21:00:00,0.0,0.1012,54.59779513606904
2019-03-29 22:00:00,0.0,0.1,54.14534132669215
2019-03-29 23:00:00,0.0,0.094,33.49437161293906
2019-03-30 00:00:00,0.0,0.0912,50.44296186879035
2019-03-30 01:00:00,0.0,0.0904,18.537270170192006
2019-03-30 02:00:00,0.0,0.0973,34.934321419175916
2019-03-30 03:00:00,0.0,0.1029,37.14599735240823
2019-03-30 04:00:00,0.0001,0.1083,39.816678030067116
2019-03-30 05:00:00,0.024,0.1092,49.41508485541213
2019-03-30 06:00:00,0.1347,0.1117,39.1292924270405
2019-03-30 07:00:00,0.2864,0.0908,46.818054556891724
2019-03-30 08:00:00,0.4227,0.0468,58.14170134721016
2019-03-30 09:00:00,0.5142,0.0444,47.86386279767096
2019-03-30 10:00:00,0.5649,0.0774,63.3155070965431
2019-03-30 11:00:00,0.5728,0.1212,48.06531358174668
2019-03-30 12:00:00,0.5343,0.1577,50.29169528210917
2019-03-30 13:00:00,0.4586,0.1808,35.08051508572441
2019-03-30 14:00:00,0.3484,0.1767,58.420262134012006
2019-03-30 15:00:00,0.2126,0.1627,50.128160844588734
2019-03-30 16:00:00,0.0798,0.1274,41.17097431468459
2019-03-30 17:00:00,0.009,0.1117,41.69857534046219
2019-03-30 18:00:00,0.0,0.1136,17.180816005848875
2019-03-30 19:00:00,0.0,0.1182,40.85877596928914
2019-03-30 20:00:00,0.0,0.1296,-19.7406169885744
2019-03-30 21:00:00,0.0,0.14,46.33561703228079
2019-03-30 22:00:00,0.0,0.1554,26.09946568481183
2019-03-30 23:00:00,0.0,0.1554,76.5312936890088
2019-03-31 00:00:00,0.0,0.1599,29.280709099149163
2019-03-31 01:00:00,0.0,0.149,36.51202805046597
2019-03-31 02:00:00,0.0,0.1553,14.902643369814982
2019-03-31 03:00:00,0.0,0.1584,30.056564766798278
2019-03-31 04:00:00,0.0001,0.1611,45.65268515250961
2019-03-31 05:00:00,0.0211,0.1522,42.85777985242335
2019-03-31 06:00:00,0.113,0.143,24.885927516069284
2019-03-31 07:00:00,0.231,0.1598,45.03724993267417
2019-03-31 08:00:00,0.3341,0.1844,45.21198891306648
2019-03-31 09:00:00,0.4083,0.1772,33.833231321526604
2019-03-31 10:00:00,0.4522,0.1753,42.25054351451627
2019-03-31 11:00:00,0.4596,0.1776,72.20651783319396
2019-03-31 12:00:00,0.4388,0.1771,46.42592450063394
2019-03-31 13:00:00,0.3881,0.1836,58.17690260497872
2019-03-31 14:00:00,0.3072,0.1872,47.64157450542971
2019-03-31 15:00:00,0.197,0.2014,32.01572572018438
2019-03-31 16:00:00,0.078,0.215,64.1170249572062
2019-03-31 17:00:00,0.0098,0.2318,20.781803684748557
2019-03-31 18:00:00,0.0006,0.2724,32.924466948251506
2019-03-31 19:00:00,0.0,0.2937,15.275206386728819
2019-03-31 20:00:00,0.0,0.2986,51.82609124282863
2019-03-31 21:00:00,0.0,0.2951,29.38530820468014
2019-03-31 22:00:00,0.0,0.2941,25.455970102475426
2019-03-31 23:00:00,0.0,0.2777,48.434039782353345
2019-04-01 00:00:00,0.0,0.2757,37.02944486563997
2019-04-01 01:00:00,0.0,0.2653,54.07100639006603
2019-04-01 02:00:00,0.0,0.2558,54.651541948316314
2019-04-01 03:00:00,0.0,0.2527,57.054667246216695
2019-04-01 04:00:00,0.0002,0.2592,39.816669273927495
2019-04-01 05:00:00,0.0284,0.255,37.332153454460666
2019-04-01 06:00:00,0.1408,0.2141,28.13751632600179
2019-04-01 07:00:00,0.2919,0.1313,54.87049375377642
2019-04-01 08:00:00,0.4259,0.128,43.672116437335525
2019-04-01 09:00:00,0.5237,0.1529,44.73685589189002
2019-04-01 10:00:00,0.58,0.1544,37.34463079248297
2019-04-01 11:00:00,0.5963,0.1618,39.09247686439748
2019-04-01 12:00:00,0.5683,0.182,48.387897192921244
2019-04-01 13:00:00,0.4947,0.206,53.92463849360869
2019-04-01 14:00:00,0.3793,0.2272,54.285256810881485
2019-04-01 15:00:00,0.232,0.2434,38.16080394388357
2019-04-01 16:00:00,0.0889,0.2472,38.725890148235735
2019-04-01 17:00:00,0.0109,0.2498,45.716896991365914
2019-04-01 18:00:00,0.0,0.3291,-24.711094267253852
2019-04-01 19:00:00,0.0,0.4238,43.43814534122776
2019-04-01 20:00:00,0.0,0.4567,47.03710203621117
2019-04-01 21:00:00,0.0,0.4688,23.177663171412217
2019-04-01 22:00:00,0.0,0.4636,18.57129388536869
2019-04-01 23:00:00,0.0,0.4478,29.343437763018066
2019-04-02 00:00:00,0.0,0.4308,51.477349498161956
2019-04-02 01:00:00,0.0,0.406,39.417704214082086
2019-04-02 02:00:00,0.0,0.393,46.602483680474975
2019-04-02 03:00:00,0.0,0.3743,42.218257156754774
2019-04-02 04:00:00,0.0003,0.3764,34.60146206973514
2019-04-02 05:00:00,0.0306,0.3531,11.601185117144787
2019-04-02 06:00:00,0.138,0.3009,45.4456516520261
2019-04-02 07:00:00,0.2748,0.2206,34.136418422853396
2019-04-02 08:00:00,0.3927,0.1816,58.43830310989739
2019-04-02 09:00:00,0.4698,0.1842,47.317202494830035
2019-04-02 10:00:00,0.5018,0.2153,56.528484823808405
2019-04-02 11:00:00,0.4964,0.2545,40.80289687877796
2019-04-02 12:00:00,0.4482,0.3031,55.407808851550115
2019-04-02 13:00:00,0.367,0.3558,55.66198325515652
2019-04-02 14:00:00,0.2608,0.3702,-16.99024948274362
2019-04-02 15:00:00,0.1468,0.3709,91.85364115305775
2019-04-02 16:00:00,0.0537,0.3379,19.99589342266008
2019-04-02 17:00:00,0.0067,0.3549,44.08138964937122
2019-04-02 18:00:00,0.0,0.3874,-16.99957995186888
2019-04-02 19:00:00,0.0,0.4048,25.930264657576842
2019-04-02 20:00:00,0.0,0.3965,50.11371172570648
2019-04-02 21:00:00,0.0,0.3572,24.4017756293189
2019-04-02 22:00:00,0.0,0.3332,47.2239476759197
2019-04-02 23:00:00,0.0,0.3032,57.7316972328833
2019-04-03 00:00:00,0.0,0.2584,50.75441844655899
2019-04-03 01:00:00,0.0,0.2294,31.316902492319365
2019-04-03 02:00:00,0.0,0.1928,42.88790399468426
2019-04-03 03:00:00,0.0,0.1582,48.86257219592471
2019-04-03 04:00:00,0.0003,0.1464,26.831466140043737
2019-04-03 05:00:00,0.0159,0.1301,43.15058779394653
2019-04-03 06:00:00,0.0628,0.1025,34.92586972254334
2019-04-03 07:00:00,0.1345,0.0694,43.59229206837562
2019-04-03 08:00:00,0.224,0.0511,39.23817223813471
2019-04-03 09:00:00,0.2986,0.0481,29.88902689332445
2019-04-03 10:00:00,0.339,0.0524,44.53763623845546
2019-04-03 11:00:00,0.3493,0.0665,72.51257121440416
2019-04-03 12:00:00,0.335,0.0777,47.32122385402722
2019-04-03 13:00:00,0.2873,0.0841,53.64324930757303
2019-04-03 14:00:00,0.2134,0.0874,45.76656349197273
2019-04-03 15:00:00,0.1229,0.0961,55.734281267292005
2019-04-03 16:00:00,0.0422,0.114,45.93370812954151
2019-04-03 17:00:00,0.0042,0.1474,33.150451204204344
2019-04-03 18:00:00,0.0,0.1896,40.21942076018557
2019-04-03 19:00:00,0.0,0.2331,46.18851973284822
2019-04-03 20:00:00,0.0,0.243,33.66735049645695
2019-04-03 21:00:00,0.0,0.2599,-42.23822834105213
2019-04-03 22:00:00,0.0,0.2504,40.65285501529732
2019-04-03 23:00:00,0.0,0.2259,32.49965559270762
2019-04-04 00:00:00,0.0,0.2075,41.97153502701292
2019-04-04 01:00:00,0.0,0.1735,32.630749489299156
2019-04-04 02:00:00,0.0,0.1347,32.108496431389625
2019-04-04 03:00:00,0.0,0.1098,55.81564976822895
2019-04-04 04:00:00,0.0004,0.1003,42.943829773442076
2019-04-04 05:00:00,0.0193,0.0989,-48.87096147527381
2019-04-04 06:00:00,0.0728,0.0778,39.53784276300893
2019-04-04 07:00:00,0.1424,0.0526,-16.356538226529103
2019-04-04 08:00:00,0.2088,0.0464,-12.733465046539962
2019-04-04 09:00:00,0.261,0.0505,40.834315450022885
2019-04-04 10:00:00,0.2929,0.0579,60.065355583434766
2019-04-04 11:00:00,0.2999,0.0761,63.98622309224105
2019-04-04 12:00:00,0.2872,0.0975,34.49965740006355
2019-04-04 13:00:00,0.2464,0.119,63.0153949754456
2019-04-04 14:00:00,0.1813,0.132,63.084782606780585
2019-04-04 15:00:00,0.1094,0.1316,48.49089801732629
2019-04-04 16:00:00,0.0424,0.1299,38.40941513712794
2019-04-04 17:00:00,0.0053,0.1401,36.99500167091255
2019-04-04 18:00:00,0.0,0.1748,-22.523580648375454
2019-04-04 19:00:00,0.0,0.1936,52.73375531745767
2019-04-04 20:00:00,0.0,0.1928,53.95258611320867
2019-04-04 21:00:00,0.0,0.186,19.20314701276857
2019-04-04 22:00:00,0.0,0.1773,46.6409322850828
2019-04-04 23:00:00,0.0,0.1626,45.12689641756328
2019-04-05 00:00:00,0.0,0.1451,38.90401042582602
2019-04-05 01:00:00,0.0,0.1344,58.613332408300394
2019-04-05 02:00:00,0.0,0.1335,43.59461114891816
2019-04-05 03:00:00,0.0,0.1291,21.4947114875267
2019-04-05 04:00:00,0.0003,0.1226,41.87632801193224
2019-04-05 05:00:00,0.0119,0.1069,51.54704845642142
2019-04-05 06:00:00,0.0478,0.0821,29.63720287979305
2019-04-05 07:00:00,0.0979,0.0681,45.57221904134621
2019-04-05 08:00:00,0.1457,0.0503,28.776864500741297
2019-04-05 09:00:00,0.1825,0.0403,30.937091703638572
2019-04-05 10:00:00,0.2053,0.038,41.17273542099307
2019-04-05 11:00:00,0.2175,0.0422,37.73047251552411
2019-04-05 12:00:00,0.2122,0.0408,46.55764583206583
2019-04-05 13:00:00,0.1933,0.0408,52.94956373101955
2019-04-05 14:00:00,0.1569,0.0444,35.80003345092144
2019-04-05 15:00:00,0.1011,0.0438,48.219363155624464
2019-04-05 16:00:00,0.0398,0.0409,45.60189632107477
2019-04-05 17:00:00,0.0053,0.0433,39.344822867044655
2019-04-05 18:00:00,0.0,0.0535,39.629795509786995
2019-04-05 19:00:00,0.0,0.0636,35.18952219204249
2019-04-05 20:00:00,0.0,0.0676,24.371390428734443
2019-04-05 21:00:00,0.0,0.0713,26.850845141933483
2019-04-05 22:00:00,0.0,0.0764,41.58055141710315
2019-04-05 23:00:00,0.0,0.0822,49.92498128347145
2019-04-06 00:00:00,0.0,0.0832,46.52804177504785
2019-04-06 01:00:00,0.0,0.0786,26.759783710298855
2019-04-06 02:00:00,0.0,0.0829,38.41616589286128
2019-04-06 03:00:00,0.0,0.0902,-9.275247893959595
2019-04-06 04:00:00,0.0006,0.0961,30.558732695354486
2019-04-06 05:00:00,0.0252,0.1048,29.11412792254661
2019-04-06 06:00:00,0.1003,0.095,50.97829803209897
2019-04-06 07:00:00,0.2028,0.0615,45.59047821000682
2019-04-06 08:00:00,0.3231,0.048,41.95875969923111
2019-04-06 09:00:00,0.4246,0.0533,51.18419026244449
2019-04-06 10:00:00,0.4781,0.0725,32.109980170144865
2019-04-06 11:00:00,0.4944,0.1017,52.01355866464571
2019-04-06 12:00:00,0.4665,0.1306,39.39907287705728
2019-04-06 13:00:00,0.399,0.143,57.2250045942307
2019-04-06 14:00:00,0.3108,0.1558,52.77805231971929
2019-04-06 15:00:00,0.2025,0.1701,52.283000069964785
2019-04-06 16:00:00,0.0846,0.1668,48.71530269615622
2019-04-06 17:00:00,0.0124,0.181,53.470590611854455
2019-04-06 18:00:00,0.0,0.2414,48.045903951612004
2019-04-06 19:00:00,0.0,0.2984,29.632839379161467
2019-04-06 20:00:00,0.0,0.3168,46.869898828678885
2019-04-06 21:00:00,0.0,0.3066,54.283086637854055
2019-04-06 22:00:00,0.0,0.2718,50.38397632962902
2019-04-06 23:00:00,0.0,0.2382,25.863866754976314
2019-04-07 00:00:00,0.0,0.2092,42.06970728023901
2019-04-07 01:00:00,0.0,0.1851,32.69832529784232
2019-04-07 02:00:00,0.0,0.1663,37.6652755501423
2019-04-07 03:00:00,0.0,0.1526,38.19196546130724
2019-04-07 04:00:00,0.0008,0.1504,33.67897928150291
2019-04-07 05:00:00,0.038,0.1471,44.42858813318472
2019-04-07 06:00:00,0.1467,0.119,29.028435544611618
2019-04-07 07:00:00,0.28,0.0678,61.68966049743866
2019-04-07 08:00:00,0.3963,0.0548,59.698075308402466
2019-04-07 09:00:00,0.4772,0.0937,52.037593496172796
2019-04-07 10:00:00,0.5148,0.1343,-14.5095132219731
2019-04-07 11:00:00,0.5125,0.1452,35.88148776176221
2019-04-07 12:00:00,0.4744,0.1334,-45.27011767767457
2019-04-07 13:00:00,0.3986,0.1223,58.356895949228914
2019-04-07 14:00:00,0.2986,0.117,52.87798100004513
2019-04-07 15:00:00,0.1821,0.1139,54.30646415669261
2019-04-07 16:00:00,0.0742,0.1108,53.37297731956539
2019-04-07 17:00:00,0.0118,0.1103,45.28876050342016
2019-04-07 18:00:00,0.0,0.1432,36.70632958840099
2019-04-07 19:00:00,0.0,0.1802,12.636447014857225
2019-04-07 20:00:00,0.0,0.1926,31.409193287389332
2019-04-07 21:00:00,0.0,0.1854,40.03053941481517
2019-04-07 22:00:00,0.0,0.166,42.40949499773298
2019-04-07 23:00:00,0.0,0.1409,24.977882845607514
2019-04-08 00:00:00,0.0,0.1122,43.44231438369044
2019-04-08 01:00:00,0.0,0.0899,38.510926337847344
2019-04-08 02:00:00,0.0,0.0753,-37.244093455790704
2019-04-08 03:00:00,0.0,0.0718,34.13132303904073
2019-04-08 04:00:00,0.0008,0.0786,37.14980355317469
2019-04-08 05:00:00,0.0272,0.0788,47.388144708610845
2019-04-08 06:00:00,0.1005,0.0781,49.68619010537691
2019-04-08 07:00:00,0.1962,0.0681,18.1348088791001
2019-04-08 08:00:00,0.2915,0.0622,52.92747486729742
2019-04-08 09:00:00,0.3611,0.069,54.50798439472781
2019-04-08 10:00:00,0.3992,0.0882,57.536031675514906
2019-04-08 11:00:00,0.4065,0.1085,70.7893625060124
2019-04-08 12:00:00,0.3788,0.1158,45.40041310555003
2019-04-08 13:00:00,0.3247,0.1323,41.29922399466047
2019-04-08 14:00:00,0.2451,0.1531,62.54356198268528
2019-04-08 15:00:00,0.1538,0.178,48.197155612988695
2019-04-08 16:00:00,0.0658,0.206,49.7494520101048
2019-04-08 17:00:00,0.0113,0.2282,-19.853389186033965
2019-04-08 18:00:00,0.0,0.2553,60.16510521846971
2019-04-08 19:00:00,0.0,0.2753,39.00276946267576
2019-04-08 20:00:00,0.0,0.2554,30.139976544454793
2019-04-08 21:00:00,0.0,0.2423,24.7046881330064
2019-04-08 22:00:00,0.0,0.2309,47.0412248467889
2019-04-08 23:00:00,0.0,0.2181,40.391564134161904
2019-04-09 00:00:00,0.0,0.2073,42.91055479690389
2019-04-09 01:00:00,0.0,0.2025,51.68177862744754
2019-04-09 02:00:00,0.0,0.2027,42.33325365389432
2019-04-09 03:00:00,0.0,0.2062,46.850663926340864
2019-04-09 04:00:00,0.0009,0.215,41.82397665012473
2019-04-09 05:00:00,0.0266,0.1948,25.832812403067877
2019-04-09 06:00:00,0.1008,0.1609,-6.692579358151907
2019-04-09 07:00:00,0.189,0.1484,38.5347176695746
2019-04-09 08:00:00,0.2774,0.1486,48.794650237631814
2019-04-09 09:00:00,0.3459,0.1518,36.18777319933105
2019-04-09 10:00:00,0.3951,0.1641,42.84516442428299
2019-04-09 11:00:00,0.4085,0.1762,44.039553178261194
2019-04-09 12:00:00,0.3886,0.1818,41.50724846411079
2019-04-09 13:00:00,0.3374,0.1891,55.74550318324281
2019-04-09 14:00:00,0.2582,0.2017,56.19355789180744
2019-04-09 15:00:00,0.1607,0.2214,50.13611377631716
2019-04-09 16:00:00,0.0679,0.2439,55.66273920743514
2019-04-09 17:00:00,0.0122,0.2576,58.35096155779999
2019-04-09 18:00:00,0.0001,0.2919,38.479642752170015
2019-04-09 19:00:00,0.0,0.3288,-42.84777196424489
2019-04-09 20:00:00,0.0,0.3318,54.42474170289108
2019-04-09 21:00:00,0.0,0.3181,21.575112426286804
2019-04-09 22:00:00,0.0,0.2898,31.93189330002831
2019-04-09 23:00:00,0.0,0.2602,42.82426430125771
2019-04-10 00:00:00,0.0,0.2435,40.38048924928568
2019-04-10 01:00:00,0.0,0.2264,27.94931651361719
2019-04-10 02:00:00,0.0,0.2252,34.28692518347508
2019-04-10 03:00:00,0.0,0.2348,26.64841260350761
2019-04-10 04:00:00,0.0012,0.2485,33.654368681975654
2019-04-10 05:00:00,0.033,0.2332,49.235760115693026
2019-04-10 06:00:00,0.1164,0.1822,32.87378112348854
2019-04-10 07:00:00,0.2183,0.1601,29.24629183176568
2019-04-10 08:00:00,0.3142,0.1917,49.83643489313726
2019-04-10 09:00:00,0.3799,0.2038,44.56984771645609
2019-04-10 10:00:00,0.4091,0.1961,50.71226805655993
2019-04-10 11:00:00,0.4145,0.1833,48.20135762154556
2019-04-10 12:00:00,0.3922,0.1852,22.43272209922046
2019-04-10 13:00:00,0.3383,0.1883,49.37575052847745
2019-04-10 14:00:00,0.2616,0.2031,57.87807599752508
2019-04-10 15:00:00,0.1685,0.2334,30.989760526808766
2019-04-10 16:00:00,0.0762,0.2604,60.78125488251569
2019-04-10 17:00:00,0.0153,0.2764,29.509004848116156
2019-04-10 18:00:00,0.0002,0.3106,16.498857429397592
2019-04-10 19:00:00,0.0,0.3527,10.344418455599293
2019-04-10 20:00:00,0.0,0.3615,33.153681200444076
2019-04-10 21:00:00,0.0,0.3483,49.343789818348235
2019-04-10 22:00:00,0.0,0.3268,41.12037557012403
2019-04-10 23:00:00,0.0,0.3033,9.037591996952372
2019-04-11 00:00:00,0.0,0.2712,15.38940511513215
2019-04-11 01:00:00,0.0,0.2494,47.10373489432792
2019-04-11 02:00:00,0.0,0.2304,31.584794029609142
2019-04-11 03:00:00,0.0,0.2215,55.622697056951644
2019-04-11 04:00:00,0.0014,0.219,41.04944743889722
2019-04-11 05:00:00,0.0385,0.2037,53.25548990316751
2019-04-11 06:00:00,0.135,0.1429,49.939728265605126
2019-04-11 07:00:00,0.2538,0.1234,35.071709940822785
2019-04-11 08:00:00,0.3576,0.1633,45.18082553763512
2019-04-11 09:00:00,0.3965,0.1876,57.92292521084106
2019-04-11 10:00:00,0.3852,0.1785,38.21239277173518
2019-04-11 11:00:00,0.3736,0.1655,52.33774896937009
2019-04-11 12:00:00,0.3519,0.1663,34.23415834776061
2019-04-11 13:00:00,0.3004,0.174,53.58631383778754
2019-04-11 14:00:00,0.2294,0.19,32.490781735941205
2019-04-11 15:00:00,0.15,0.202,63.2602466461639
2019-04-11 16:00:00,0.0689,0.2004,57.02551259905973
2019-04-11 17:00:00,0.0138,0.1984,34.122489045458146
2019-04-11 18:00:00,0.0001,0.1962,32.13086687411441
2019-04-11 19:00:00,0.0,0.2052,38.09179939420395
2019-04-11 20:00:00,0.0,0.2032,41.468379393174516
2019-04-11 21:00:00,0.0,0.1935,35.40016029829357
2019-04-11 22:00:00,0.0,0.186,47.52567318149948
2019-04-11 23:00:00,0.0,0.1763,39.0106590116355
2019-04-12 00:00:00,0.0,0.1694,20.764906234217378
2019-04-12 01:00:00,0.0,0.1632,41.777895079530104
2019-04-12 02:00:00,0.0,0.1641,27.592234987207657
2019-04-12 03:00:00,0.0,0.1632,28.917571243303527
2019-04-12 04:00:00,0.0014,0.1658,20.70872736383775
2019-04-12 05:00:00,0.0298,0.1578,35.57686882330119
2019-04-12 06:00:00,0.0985,0.1412,19.08102142765614
2019-04-12 07:00:00,0.1868,0.1506,36.117504381483144
2019-04-12 08:00:00,0.2611,0.1742,28.229338722421474
2019-04-12 09:00:00,0.3028,0.1696,67.34652219043053
2019-04-12 10:00:00,0.3253,0.1638,43.99282596751166
2019-04-12 11:00:00,0.3116,0.1596,40.151726421584954
2019-04-12 12:00:00,0.271,0.1715,55.214365472895864
2019-04-12 13:00:00,0.2185,0.1734,48.44600087518385
2019-04-12 14:00:00,0.1353,0.1792,35.67575170843885
2019-04-12 15:00:00,0.0873,0.172,53.837477649805464
2019-04-12 16:00:00,0.0406,0.1523,13.760601276644195
2019-04-12 17:00:00,0.0088,0.1331,-6.90106939953244
2019-04-12 18:00:00,0.0001,0.1311,32.48131040918169
2019-04-12 19:00:00,0.0,0.1362,35.57360014570176
2019-04-12 20:00:00,0.0,0.1344,29.206206470605416
2019-04-12 21:00:00,0.0,0.1373,30.503246933166682
2019-04-12 22:00:00,0.0,0.1344,48.492826458432276
2019-04-12 23:00:00,0.0,0.1382,57.086324440057396
2019-04-13 00:00:00,0.0,0.1436,21.022191166942513
2019-04-13 01:00:00,0.0,0.1487,54.144987353603604
2019-04-13 02:00:00,0.0,0.1477,43.085698554847745
2019-04-13 03:00:00,0.0,0.156,67.26022050264861
2019-04-13 04:00:00,0.0013,0.1628,43.65551277340895
2019-04-13 05:00:00,0.0261,0.1539,34.044494474457395
2019-04-13 06:00:00,0.0955,0.1297,40.46185771376933
2019-04-13 07:00:00,0.1866,0.1286,24.938171789223624
2019-04-13 08:00:00,0.2709,0.1473,33.41031564688284
2019-04-13 09:00:00,0.3268,0.1652,35.13523330837407
2019-04-13 10:00:00,0.3373,0.1756,32.10151422402002
2019-04-13 11:00:00,0.3146,0.1904,20.60427026189113
2019-04-13 12:00:00,0.286,0.2105,40.88592086236413
2019-04-13 13:00:00,0.2491,0.2246,45.90201370666474
2019-04-13 14:00:00,0.194,0.2239,26.27244705674769
2019-04-13 15:00:00,0.1306,0.2248,56.32291009799916
2019-04-13 16:00:00,0.0645,0.1991,52.84021389597039
2019-04-13 17:00:00,0.014,0.1928,48.04669166185395
2019-04-13 18:00:00,0.0002,0.2052,30.726257017750825
2019-04-13 19:00:00,0.0,0.2322,21.375383848199284
2019-04-13 20:00:00,0.0,0.2446,25.246487750660325
2019-04-13 21:00:00,0.0,0.2442,26.677756421922798
2019-04-13 22:00:00,0.0,0.2306,41.63480761595426
2019-04-13 23:00:00,0.0,0.2268,48.52263493029427
2019-04-14 00:00:00,0.0,0.2109,33.36724387060418
2019-04-14 01:00:00,0.0,0.1983,59.12507595431727
2019-04-14 02:00:00,0.0,0.1884,44.12317080135553
2019-04-14 03:00:00,0.0,0.1788,27.698336033053145
2019-04-14 04:00:00,0.0011,0.182,46.70194631623577
2019-04-14 05:00:00,0.0261,0.18,30.967097940655528
2019-04-14 06:00:00,0.0917,0.156,29.17575266750602
2019-04-14 07:00:00,0.1779,0.1507,42.43532783042208
2019-04-14 08:00:00,0.2629,0.1639,39.95440417322251
2019-04-14 09:00:00,0.3192,0.1887,42.9218605072691
2019-04-14 10:00:00,0.3308,0.2174,49.33590103883173
2019-04-14 11:00:00,0.3065,0.2458,47.45460046767129
2019-04-14 12:00:00,0.2679,0.2598,51.92580654717877
2019-04-14 13:00:00,0.2229,0.2708,65.00677263113205
2019-04-14 14:00:00,0.168,0.2753,66.91784299238921
2019-04-14 15:00:00,0.109,0.2795,46.85296751663445
2019-04-14 16:00:00,0.051,0.2658,55.71946937238036
2019-04-14 17:00:00,0.0107,0.2563,42.375146838552574
2019-04-14 18:00:00,0.0001,0.2573,18.91098829069654
2019-04-14 19:00:00,0.0,0.2636,42.105988738159304
2019-04-14 20:00:00,0.0,0.2569,7.6455768351014335
2019-04-14 21:00:00,0.0,0.2528,40.52447361972106
2019-04-14 22:00:00,0.0,0.242,39.82000451642062
2019-04-14 23:00:00,0.0,0.2317,16.385347689925062
2019-04-15 00:00:00,0.0,0.2249,28.72745402541358
2019-04-15 01:00:00,0.0,0.2303,54.069232211143536
2019-04-15 02:00:00,0.0,0.2289,17.433594398938354
2019-04-15 03:00:00,0.0,0.2318,24.058817154347455
2019-04-15 04:00:00,0.003,0.2266,27.244787169515583
2019-04-15 05:00:00,0.0505,0.2061,48.68714800255108
2019-04-15 06:00:00,0.1595,0.1705,52.03627948150501
2019-04-15 07:00:00,0.3017,0.1344,40.33582824160508
2019-04-15 08:00:00,0.4301,0.1146,36.67415606280987
2019-04-15 09:00:00,0.5263,0.1313,33.642743758530095
2019-04-15 10:00:00,0.5864,0.1777,39.09761438269992
2019-04-15 11:00:00,0.603,0.2257,29.583909222740992
2019-04-15 12:00:00,0.5761,0.2368,-20.918043899678892
2019-04-15 13:00:00,0.5132,0.2409,49.39170604329814
2019-04-15 14:00:00,0.41,0.248,40.992338596281
2019-04-15 15:00:00,0.2711,0.2851,15.226968936370067
2019-04-15 16:00:00,0.1249,0.3183,38.146977961553226
2019-04-15 17:00:00,0.0268,0.3193,32.24440374884712
2019-04-15 18:00:00,0.0005,0.3823,-13.180292629239236
2019-04-15 19:00:00,0.0,0.4615,44.16156347511814
2019-04-15 20:00:00,0.0,0.4878,32.77045688675476
2019-04-15 21:00:00,0.0,0.478,20.496589852545213
2019-04-15 22:00:00,0.0,0.4436,39.27695249278805
2019-04-15 23:00:00,0.0,0.4137,43.02303006813214
2019-04-16 00:00:00,0.0,0.3854,-7.552905575195148
2019-04-16 01:00:00,0.0,0.3567,58.68614918999491
2019-04-16 02:00:00,0.0,0.3366,46.286792148390845
2019-04-16 03:00:00,0.0,0.3254,66.27177270518087
2019-04-16 04:00:00,0.0043,0.3303,32.21150943881337
2019-04-16 05:00:00,0.0654,0.2901,28.42860733254055
2019-04-16 06:00:00,0.1965,0.2229,19.705091642603016
2019-04-16 07:00:00,0.3464,0.1527,21.10528304270893
2019-04-16 08:00:00,0.4681,0.1383,29.382540322464042
2019-04-16 09:00:00,0.5482,0.176,39.44592172000228
2019-04-16 10:00:00,0.5891,0.237,39.72983095443261
2019-04-16 11:00:00,0.5838,0.2615,46.518442159025874
2019-04-16 12:00:00,0.5382,0.2594,33.43966568595779
2019-04-16 13:00:00,0.4618,0.2527,46.278576801006245
2019-04-16 14:00:00,0.3545,0.2538,59.33514697242238
2019-04-16 15:00:00,0.224,0.2655,60.893956001733244
2019-04-16 16:00:00,0.0979,0.283,30.814729961350807
2019-04-16 17:00:00,0.02,0.2898,38.783280504046786
2019-04-16 18:00:00,0.0003,0.3508,33.06786608903867
2019-04-16 19:00:00,0.0,0.4065,26.39148051745745
2019-04-16 20:00:00,0.0,0.4248,45.78426729188512
2019-04-16 21:00:00,0.0,0.4318,27.98423269027342
2019-04-16 22:00:00,0.0,0.4064,35.589088462232105
2019-04-16 23:00:00,0.0,0.3863,47.29698280788659
2019-04-17 00:00:00,0.0,0.363,43.720035255378555
2019-04-17 01:00:00,0.0,0.3327,42.69441613204574
2019-04-17 02:00:00,0.0,0.3083,32.0677250873123
2019-04-17 03:00:00,0.0,0.296,42.93499648703572
2019-04-17 04:00:00,0.0048,0.296,48.771213024677124
2019-04-17 05:00:00,0.0572,0.2592,24.44365031951193
2019-04-17 06:00:00,0.1624,0.1819,33.56579977316178
2019-04-17 07:00:00,0.2791,0.1269,26.542368316424838
2019-04-17 08:00:00,0.3764,0.1432,59.1944715047011
2019-04-17 09:00:00,0.4586,0.2089,67.12272542815803
2019-04-17 10:00:00,0.5117,0.232,60.94402723235265
2019-04-17 11:00:00,0.5272,0.2259,47.887081769218575
2019-04-17 12:00:00,0.5115,0.2143,68.209343865901
2019-04-17 13:00:00,0.4587,0.2042,41.38610223032851
2019-04-17 14:00:00,0.3618,0.2042,22.355900087012675
2019-04-17 15:00:00,0.2384,0.2116,57.41215373391053
2019-04-17 16:00:00,0.1127,0.2244,15.35074515460947
2019-04-17 17:00:00,0.0265,0.2358,34.729657018065865
2019-04-17 18:00:00,0.0006,0.3074,32.25756491822781
2019-04-17 19:00:00,0.0,0.3914,45.14826279360123
2019-04-17 20:00:00,0.0,0.4182,17.75358057584436
2019-04-17 21:00:00,0.0,0.4103,24.285376091703423
2019-04-17 22:00:00,0.0,0.3905,10.514891255865468
2019-04-17 23:00:00,0.0,0.3748,50.42231393712056
2019-04-18 00:00:00,0.0,0.3611,31.59417953040625
2019-04-18 01:00:00,0.0,0.3446,39.16243683234277
2019-04-18 02:00:00,0.0,0.3333,36.94423812996235
2019-04-18 03:00:00,0.0,0.3245,36.80451304607334
2019-04-18 04:00:00,0.0056,0.3276,-46.66158226615711
2019-04-18 05:00:00,0.0687,0.2929,-48.48758708641613
2019-04-18 06:00:00,0.1979,0.206,48.62689856144213
2019-04-18 07:00:00,0.3474,0.1371,44.036720396446285
2019-04-18 08:00:00,0.472,0.1494,36.525984370063156
2019-04-18 09:00:00,0.5552,0.2128,45.0252021085855
2019-04-18 10:00:00,0.6,0.3096,62.533082447732035
2019-04-18 11:00:00,0.6068,0.3896,41.816311092576484
2019-04-18 12:00:00,0.5752,0.3818,45.532440649428075
2019-04-18 13:00:00,0.5085,0.3953,38.94800340224767
2019-04-18 14:00:00,0.406,0.403,58.406164247183405
2019-04-18 15:00:00,0.2698,0.4038,71.64899655911222
2019-04-18 16:00:00,0.1278,0.3926,44.58489484339792
2019-04-18 17:00:00,0.0306,0.3582,58.9125144875933
2019-04-18 18:00:00,0.001,0.3861,49.62370663461726
2019-04-18 19:00:00,0.0,0.4548,60.04639148536778
2019-04-18 20:00:00,0.0,0.478,44.749274591638375
2019-04-18 21:00:00,0.0,0.4721,21.501113313888457
2019-04-18 22:00:00,0.0,0.4422,30.08175421675427
2019-04-18 23:00:00,0.0,0.4167,23.59019296226638
2019-04-19 00:00:00,0.0,0.3919,16.61897278454577
2019-04-19 01:00:00,0.0,0.3683,33.76892491781004
2019-04-19 02:00:00,0.0,0.3518,44.61846231744628
2019-04-19 03:00:00,0.0,0.3327,41.46034066945268
2019-04-19 04:00:00,0.0063,0.3207,49.60302808303925
2019-04-19 05:00:00,0.0727,0.2837,41.9077661054875
2019-04-19 06:00:00,0.2068,0.1878,32.59103956748856
2019-04-19 07:00:00,0.3561,0.1001,44.31790824801079
2019-04-19 08:00:00,0.4789,0.0974,36.983677074220765
2019-04-19 09:00:00,0.5609,0.1195,40.235564173045766
2019-04-19 10:00:00,0.6039,0.1675,43.52037620305168
2019-04-19 11:00:00,0.6105,0.2039,53.14862389796804
2019-04-19 12:00:00,0.58,0.1924,26.083850153415057
2019-04-19 13:00:00,0.513,0.1894,29.88148377381774
2019-04-19 14:00:00,0.4101,0.1871,43.88116370556581
2019-04-19 15:00:00,0.2752,0.1935,55.2155712129277
2019-04-19 16:00:00,0.1313,0.209,39.81663359064011
2019-04-19 17:00:00,0.0318,0.2075,46.76885322689333
2019-04-19 18:00:00,0.001,0.2508,41.22180604942847
2019-04-19 19:00:00,0.0,0.3035,23.44822931730507
2019-04-19 20:00:00,0.0,0.312,25.28730541522317
2019-04-19 21:00:00,0.0,0.2952,-24.399673615830867
2019-04-19 22:00:00,0.0,0.2843,31.660035308501655
2019-04-19 23:00:00,0.0,0.2631,28.97278829777374
2019-04-20 00:00:00,0.0,0.2346,39.92772147145105
2019-04-20 01:00:00,0.0,0.2043,11.962396269862857
2019-04-20 02:00:00,0.0,0.1798,47.51939680752592
2019-04-20 03:00:00,0.0,0.1624,52.159995528932114
2019-04-20 04:00:00,0.007,0.156,28.58727387826241
2019-04-20 05:00:00,0.0758,0.141,54.22740404272367
2019-04-20 06:00:00,0.2102,0.094,28.630578478287738
2019-04-20 07:00:00,0.3581,0.0444,45.565939013104924
2019-04-20 08:00:00,0.4778,0.0358,-25.61294846313565
2019-04-20 09:00:00,0.5578,0.0529,38.11192969362014
2019-04-20 10:00:00,0.5998,0.0746,41.289217343627136
2019-04-20 11:00:00,0.6061,0.0816,44.7406145955402
2019-04-20 12:00:00,0.5765,0.0767,50.92012179616781
2019-04-20 13:00:00,0.512,0.0729,34.580506919780085
2019-04-20 14:00:00,0.4128,0.078,58.70854060057638
2019-04-20 15:00:00,0.2786,0.0918,35.02840046642763
2019-04-20 16:00:00,0.135,0.1137,46.72970262866787
2019-04-20 17:00:00,0.0336,0.1404,26.284274975140363
2019-04-20 18:00:00,0.0012,0.197,30.87475768222629
2019-04-20 19:00:00,0.0,0.2618,29.841620074689345
2019-04-20 20:00:00,0.0,0.2798,21.463805627490434
2019-04-20 21:00:00,0.0,0.269,60.252723836775914
2019-04-20 22:00:00,0.0,0.2438,40.62016141278746
2019-04-20 23:00:00,0.0,0.2126,24.772509727450455
2019-04-21 00:00:00,0.0,0.1775,39.246616269126605
2019-04-21 01:00:00,0.0,0.1518,49.18595679987534
2019-04-21 02:00:00,0.0,0.13,-14.118826466741396
2019-04-21 03:00:00,0.0,0.1157,36.57386610825698
2019-04-21 04:00:00,0.0079,0.1118,41.028473270200806
2019-04-21 05:00:00,0.0796,0.1046,31.960053143545714
2019-04-21 06:00:00,0.2156,0.0743,14.067114634158543
2019-04-21 07:00:00,0.3626,0.0296,57.280666953235304
2019-04-21 08:00:00,0.4799,0.0171,35.748846126264084
2019-04-21 09:00:00,0.5608,0.0313,14.826017600411504
2019-04-21 10:00:00,0.6034,0.0461,46.9512386066444
2019-04-21 11:00:00,0.6081,0.0426,33.7443005150066
2019-04-21 12:00:00,0.5784,0.0364,32.47416582635843
2019-04-21 13:00:00,0.5137,0.0358,61.560555165556934
2019-04-21 14:00:00,0.4135,0.0385,62.24418062707596
2019-04-21 15:00:00,0.2798,0.0495,65.76202146347407
2019-04-21 16:00:00,0.1355,0.0676,44.23330533766146
2019-04-21 17:00:00,0.0334,0.0931,53.90990574252663
2019-04-21 18:00:00,0.0014,0.1542,27.75619612081693
2019-04-21 19:00:00,0.0,0.241,59.860141040638474
2019-04-21 20:00:00,0.0,0.293,23.01618941814629
2019-04-21 21:00:00,0.0,0.3308,38.49385781615166
2019-04-21 22:00:00,0.0,0.3442,18.057871468809317
2019-04-21 23:00:00,0.0,0.3413,45.80563198177433
2019-04-22 00:00:00,0.0,0.3306,26.833603618186945
2019-04-22 01:00:00,0.0,0.342,59.90569939844775
2019-04-22 02:00:00,0.0,0.3518,32.84700364385734
2019-04-22 03:00:00,0.0,0.354,49.75952122301859
2019-04-22 04:00:00,0.0092,0.3641,53.79769940994078
2019-04-22 05:00:00,0.0816,0.3318,29.237132581094652
2019-04-22 06:00:00,0.2164,0.2457,41.1831866859739
2019-04-22 07:00:00,0.3618,0.188,30.17083315303414
2019-04-22 08:00:00,0.4801,0.2292,27.152970581344377
2019-04-22 09:00:00,0.557,0.2972,49.93956269705824
2019-04-22 10:00:00,0.5979,0.2766,54.60810461857793
2019-04-22 11:00:00,0.5979,0.2366,60.1523752184859
2019-04-22 12:00:00,0.5647,0.2488,70.30959126223479
2019-04-22 13:00:00,0.5031,0.2972,55.33261419837233
2019-04-22 14:00:00,0.4038,0.3706,20.803321131953897
2019-04-22 15:00:00,0.2702,0.4981,53.69695577951284
2019-04-22 16:00:00,0.1318,0.5504,47.996114066140734
2019-04-22 17:00:00,0.0348,0.5524,41.48112354943208
2019-04-22 18:00:00,0.0016,0.6242,16.483206334552964
2019-04-22 19:00:00,0.0,0.6831,39.17988132536335
2019-04-22 20:00:00,0.0,0.6869,28.5176264725919
2019-04-22 21:00:00,0.0,0.6478,39.12026964199502
2019-04-22 22:00:00,0.0,0.6054,38.93780848825631
2019-04-22 23:00:00,0.0,0.5909,45.18205494142473
2019-04-23 00:00:00,0.0,0.589,40.400093665399204
2019-04-23 01:00:00,0.0,0.5824,82.75270664616258
2019-04-23 02:00:00,0.0,0.5834,-19.698354781703394
2019-04-23 03:00:00,0.0,0.6349,49.23171564797984
2019-04-23 04:00:00,0.0097,0.6587,56.35475184338966
2019-04-23 05:00:00,0.0745,0.6432,31.272830883067968
2019-04-23 06:00:00,0.1867,0.6384,38.40237128048563
2019-04-23 07:00:00,0.3086,0.6264,19.126485746535344
2019-04-23 08:00:00,0.4123,0.6221,74.8800412380586
2019-04-23 09:00:00,0.4789,0.5996,33.97620102774635
2019-04-23 10:00:00,0.5072,0.5776,42.41992757350513
2019-04-23 11:00:00,0.4887,0.5821,36.23005097097311
2019-04-23 12:00:00,0.4337,0.5846,29.80397891384254
2019-04-23 13:00:00,0.3549,0.5979,53.2024581201167
2019-04-23 14:00:00,0.2604,0.6121,53.008178820315
2019-04-23 15:00:00,0.169,0.6195,37.316105930324284
2019-04-23 16:00:00,0.087,0.619,51.07872558301847
2019-04-23 17:00:00,0.026,0.5919,59.25936838853691
2019-04-23 18:00:00,0.0012,0.5965,23.475572780889213
2019-04-23 19:00:00,0.0,0.5944,26.534925079764154
2019-04-23 20:00:00,0.0,0.5667,41.62670488699618
2019-04-23 21:00:00,0.0,0.5471,49.62513594653919
2019-04-23 22:00:00,0.0,0.5249,14.47109032682393
2019-04-23 23:00:00,0.0,0.4845,36.92474649037512
2019-04-24 00:00:00,0.0,0.4512,41.7347488642786
2019-04-24 01:00:00,0.0,0.4132,24.023144749139142
2019-04-24 02:00:00,0.0,0.3838,19.1063878573038
2019-04-24 03:00:00,0.0,0.3739,35.23798909993911
2019-04-24 04:00:00,0.0084,0.3683,31.9296939003611
2019-04-24 05:00:00,0.0659,0.3546,29.061378617910556
2019-04-24 06:00:00,0.1713,0.3071,55.50422365164247
2019-04-24 07:00:00,0.3036,0.2756,61.28237135809799
2019-04-24 08:00:00,0.4214,0.2453,56.62156054963084
2019-04-24 09:00:00,0.5125,0.2198,41.43032155228652
2019-04-24 10:00:00,0.5589,0.2148,45.76707004394383
2019-04-24 11:00:00,0.5667,0.2252,-37.884578662164834
2019-04-24 12:00:00,0.5277,0.2394,54.23180468179596
2019-04-24 13:00:00,0.4418,0.2603,32.356345212179754
2019-04-24 14:00:00,0.3269,0.2887,23.366658329645755
2019-04-24 15:00:00,0.2019,0.3461,37.30756054321774
2019-04-24 16:00:00,0.0934,0.4113,50.85026701843878
2019-04-24 17:00:00,0.0249,0.4384,36.22692994690114
2019-04-24 18:00:00,0.0011,0.506,90.15166385630059
2019-04-24 19:00:00,0.0,0.5501,27.98398649455907
2019-04-24 20:00:00,0.0,0.5453,55.62348939761668
2019-04-24 21:00:00,0.0,0.5076,29.955906589011956
2019-04-24 22:00:00,0.0,0.4518,13.428882722258905
2019-04-24 23:00:00,0.0,0.3658,44.39011935580312
2019-04-25 00:00:00,0.0,0.3008,19.539921709030672
2019-04-25 01:00:00,0.0,0.251,41.24524795116588
2019-04-25 02:00:00,0.0,0.2311,72.8152153320158
2019-04-25 03:00:00,0.0,0.26,-33.82020084908298
2019-04-25 04:00:00,0.0107,0.2626,52.59519225169294
2019-04-25 05:00:00,0.0814,0.2389,-10.065756575783041
2019-04-25 06:00:00,0.2107,0.1964,34.77483848802393
2019-04-25 07:00:00,0.3454,0.1686,40.871203139789884
2019-04-25 08:00:00,0.4494,0.1715,39.87973048032255
2019-04-25 09:00:00,0.5126,0.1978,58.952955560838184
2019-04-25 10:00:00,0.5355,0.217,50.85966464866471
2019-04-25 11:00:00,0.5277,0.2471,50.7418220232757
2019-04-25 12:00:00,0.4999,0.2653,50.41919883126103
2019-04-25 13:00:00,0.4329,0.2589,34.053646459880625
2019-04-25 14:00:00,0.3363,0.2546,50.538405685933775
2019-04-25 15:00:00,0.2194,0.2478,38.16397285662804
2019-04-25 16:00:00,0.109,0.2372,37.02009984027308
2019-04-25 17:00:00,0.0317,0.2335,55.840905094666034
2019-04-25 18:00:00,0.0017,0.2728,31.679988869149316
2019-04-25 19:00:00,0.0,0.3554,46.70912816066105
2019-04-25 20:00:00,0.0,0.4022,25.185373240667623
2019-04-25 21:00:00,0.0,0.4,39.646306378513465
2019-04-25 22:00:00,0.0,0.3644,31.17631777787713
2019-04-25 23:00:00,0.0,0.3172,29.66697066547058
2019-04-26 00:00:00,0.0,0.2675,28.95305968424421
2019-04-26 01:00:00,0.0,0.2377,30.83287356729556
2019-04-26 02:00:00,0.0,0.2282,27.665542233173156
2019-04-26 03:00:00,0.0,0.2375,45.693814975512744
2019-04-26 04:00:00,0.0094,0.2326,55.53833627523538
2019-04-26 05:00:00,0.059,0.2026,31.69205873013459
2019-04-26 06:00:00,0.1325,0.1701,47.94540380743194
2019-04-26 07:00:00,0.1994,0.179,56.723194993086125
2019-04-26 08:00:00,0.2437,0.189,43.169011117802334
2019-04-26 09:00:00,0.2629,0.1942,43.97020046170983
2019-04-26 10:00:00,0.2642,0.2058,63.730550808942866
2019-04-26 11:00:00,0.2537,0.2204,21.9573848165811
2019-04-26 12:00:00,0.2233,0.2394,38.09286030781901
2019-04-26 13:00:00,0.1912,0.2552,50.1485865446272
2019-04-26 14:00:00,0.1516,0.2701,68.30466356640775
2019-04-26 15:00:00,0.1141,0.2693,30.904064538394767
2019-04-26 16:00:00,0.0661,0.2578,52.878638268754045
2019-04-26 17:00:00,0.0221,0.2736,29.6961074822864
2019-04-26 18:00:00,0.0018,0.2653,22.165918178394243
2019-04-26 19:00:00,0.0,0.2668,47.73579332487303
2019-04-26 20:00:00,0.0,0.2635,38.70837452304533
2019-04-26 21:00:00,0.0,0.2513,4.901190802882333
2019-04-26 22:00:00,0.0,0.2546,49.153303521286944
2019-04-26 23:00:00,0.0,0.2758,-31.354915631422625
2019-04-27 00:00:00,0.0,0.2786,19.783241101976156
2019-04-27 01:00:00,0.0,0.2784,30.61231215226344
2019-04-27 02:00:00,0.0,0.2672,39.337984649155494
2019-04-27 03:00:00,0.0,0.2461,39.2425663931013
2019-04-27 04:00:00,0.0079,0.2335,26.64730015607161
2019-04-27 05:00:00,0.0518,0.2098,47.456765647842765
2019-04-27 06:00:00,0.1255,0.1666,66.7821789969004
2019-04-27 07:00:00,0.2116,0.163,48.98179932101348
2019-04-27 08:00:00,0.2716,0.175,47.68209459040226
2019-04-27 09:00:00,0.2992,0.1997,46.619973142158344
2019-04-27 10:00:00,0.3089,0.2216,32.98317830795678
2019-04-27 11:00:00,0.3079,0.2223,41.20375401091027
2019-04-27 12:00:00,0.2914,0.2354,73.48671152274551
2019-04-27 13:00:00,0.2499,0.2364,54.13482612005496
2019-04-27 14:00:00,0.1979,0.229,39.314794987523
2019-04-27 15:00:00,0.1393,0.2116,47.108592180412835
2019-04-27 16:00:00,0.0716,0.1769,47.199313583782725
2019-04-27 17:00:00,0.0236,0.1754,21.75105196676139
2019-04-27 18:00:00,0.0017,0.1697,28.457580647113563
2019-04-27 19:00:00,0.0,0.1697,40.30426304151136
2019-04-27 20:00:00,0.0,0.1783,25.65187007852126
2019-04-27 21:00:00,0.0,0.192,37.877474391079794
2019-04-27 22:00:00,0.0,0.1981,41.03985882465446
2019-04-27 23:00:00,0.0,0.2062,49.05814993230874
2019-04-28 00:00:00,0.0,0.2117,14.819597284981313
2019-04-28 01:00:00,0.0,0.2158,67.28380475407792
2019-04-28 02:00:00,0.0,0.1973,29.499920247375115
2019-04-28 03:00:00,0.0001,0.1769,74.39693262484222
2019-04-28 04:00:00,0.0078,0.1573,49.899661301340274
2019-04-28 05:00:00,0.0459,0.1314,27.597821137340393
2019-04-28 06:00:00,0.1063,0.0999,46.98088284122368
2019-04-28 07:00:00,0.1717,0.0874,27.478802971311598
2019-04-28 08:00:00,0.2297,0.0729,43.91394864044116
2019-04-28 09:00:00,0.2765,0.0661,68.66615806616967
2019-04-28 10:00:00,0.3143,0.0708,58.15921534583212
2019-04-28 11:00:00,0.333,0.0675,52.765955421197965
2019-04-28 12:00:00,0.3261,0.0593,44.21359374066227
2019-04-28 13:00:00,0.2974,0.0537,57.78162992060978
2019-04-28 14:00:00,0.2584,0.0544,46.15924071784307
2019-04-28 15:00:00,0.1916,0.0531,45.92674720184083
2019-04-28 16:00:00,0.1112,0.0515,76.7880802773536
2019-04-28 17:00:00,0.0385,0.0488,32.67941511610141
2019-04-28 18:00:00,0.003,0.0502,55.146430386344505
2019-04-28 19:00:00,0.0,0.0582,59.00906894595364
2019-04-28 20:00:00,0.0,0.0649,41.5990945859201
2019-04-28 21:00:00,0.0,0.0757,66.47236918744667
2019-04-28 22:00:00,0.0,0.0858,15.932501084239654
2019-04-28 23:00:00,0.0,0.0958,55.36304808728784
2019-04-29 00:00:00,0.0,0.112,53.49093439356392
2019-04-29 01:00:00,0.0,0.1258,31.313427832585703
2019-04-29 02:00:00,0.0,0.133,20.427771264466877
2019-04-29 03:00:00,0.0001,0.1476,29.558448483738175
2019-04-29 04:00:00,0.0077,0.1636,36.195079465762575
2019-04-29 05:00:00,0.0492,0.1749,16.450339744104912
2019-04-29 06:00:00,0.1112,0.1797,27.164500850108364
2019-04-29 07:00:00,0.1758,0.19,41.172143701336225
2019-04-29 08:00:00,0.2285,0.2127,42.931783561512916
2019-04-29 09:00:00,0.2505,0.2365,39.046709276250645
2019-04-29 10:00:00,0.2506,0.2522,59.80018621103632
2019-04-29 11:00:00,0.2454,0.2589,57.749271972902605
2019-04-29 12:00:00,0.2298,0.2709,43.93901026651286
2019-04-29 13:00:00,0.1953,0.279,55.52751224621194
2019-04-29 14:00:00,0.1505,0.2945,52.24105658700732
2019-04-29 15:00:00,0.1035,0.2996,30.971922723758496
2019-04-29 16:00:00,0.0536,0.3034,46.598398074014995
2019-04-29 17:00:00,0.0164,0.2935,42.93584778967251
2019-04-29 18:00:00,0.0013,0.2735,43.32177530970207
2019-04-29 19:00:00,0.0,0.2666,34.965662498087184
2019-04-29 20:00:00,0.0,0.2494,19.598843393465046
2019-04-29 21:00:00,0.0,0.2268,24.147378357518413
2019-04-29 22:00:00,0.0,0.2079,29.37882986677743
2019-04-29 23:00:00,0.0,0.1886,26.294451802932592
2019-04-30 00:00:00,0.0,0.1816,48.99411211623859
2019-04-30 01:00:00,0.0,0.1761,39.916471642728666
2019-04-30 02:00:00,0.0,0.1788,41.47713743913132
2019-04-30 03:00:00,0.0001,0.1845,12.216732561454336
2019-04-30 04:00:00,0.0102,0.1815,29.978903817865866
2019-04-30 05:00:00,0.062,0.1453,31.91556007419529
2019-04-30 06:00:00,0.1481,0.1021,28.829300611789826
2019-04-30 07:00:00,0.2506,0.0833,11.686777010138044
2019-04-30 08:00:00,0.3562,0.0822,49.12733482902773
2019-04-30 09:00:00,0.4446,0.0884,30.567484185925103
2019-04-30 10:00:00,0.5003,0.0943,41.15507245265737
2019-04-30 11:00:00,0.5147,0.1096,47.976768659329174
2019-04-30 12:00:00,0.4963,0.127,56.306738249540594
2019-04-30 13:00:00,0.4412,0.139,51.53381598323792
2019-04-30 14:00:00,0.3608,0.1456,46.23968354200728
2019-04-30 15:00:00,0.251,0.1515,33.545866273414696
2019-04-30 16:00:00,0.1329,0.1538,38.05865384734767
2019-04-30 17:00:00,0.043,0.1398,48.66926137686971
2019-04-30 18:00:00,0.004,0.1381,47.677161611246525
2019-04-30 19:00:00,0.0,0.1569,28.43012423047807
2019-04-30 20:00:00,0.0,0.1678,6.466590583413929
2019-04-30 21:00:00,0.0,0.1586,54.62970312776558
2019-04-30 22:00:00,0.0,0.1435,39.46599584475684
2019-04-30 23:00:00,0.0,0.1343,43.70334184164058
2019-05-01 00:00:00,0.0,0.131,48.442552936738146
2019-05-01 01:00:00,0.0,0.14,46.72667775896858
2019-05-01 02:00:00,0.0,0.1495,46.102718556996294
2019-05-01 03:00:00,0.0001,0.1629,42.43771856843446
2019-05-01 04:00:00,0.0127,0.1724,41.260209630016824
2019-05-01 05:00:00,0.0683,0.1708,42.3265071204039
2019-05-01 06:00:00,0.1575,0.1714,50.257272297602704
2019-05-01 07:00:00,0.2611,0.1698,25.245616470292422
2019-05-01 08:00:00,0.3565,0.1703,39.800012081030424
2019-05-01 09:00:00,0.4196,0.1861,20.859895906381247
2019-05-01 10:00:00,0.4517,0.1995,56.92544350974936
2019-05-01 11:00:00,0.46,0.2193,53.16409996273686
2019-05-01 12:00:00,0.4498,0.245,40.89182173825098
2019-05-01 13:00:00,0.4099,0.2574,13.426901022612071
2019-05-01 14:00:00,0.3345,0.2732,-49.90512404561989
2019-05-01 15:00:00,0.2365,0.2831,53.38589812303993
2019-05-01 16:00:00,0.1286,0.2747,51.3302427880936
2019-05-01 17:00:00,0.0418,0.2574,36.973233002972314
2019-05-01 18:00:00,0.0036,0.2401,19.36816625683345
2019-05-01 19:00:00,0.0,0.245,33.70360133845416
2019-05-01 20:00:00,0.0,0.2456,57.60867830216247
2019-05-01 21:00:00,0.0,0.2443,-28.243854208497737
2019-05-01 22:00:00,0.0,0.2458,32.68332609991189
2019-05-01 23:00:00,0.0,0.2502,64.05422951661872
2019-05-02 00:00:00,0.0,0.2626,59.65149656637603
2019-05-02 01:00:00,0.0,0.2766,29.5767693395831
2019-05-02 02:00:00,0.0,0.303,38.22402054373991
2019-05-02 03:00:00,0.0002,0.3238,48.31625569420333
2019-05-02 04:00:00,0.0135,0.3334,50.93283477278648
2019-05-02 05:00:00,0.0725,0.3174,13.305935422005767
2019-05-02 06:00:00,0.162,0.3075,37.63003904022574
2019-05-02 07:00:00,0.2602,0.3019,28.9708885402672
2019-05-02 08:00:00,0.3561,0.3012,49.88532102140779
2019-05-02 09:00:00,0.4265,0.3208,28.724173325104196
2019-05-02 10:00:00,0.4357,0.3579,42.07709582561898
2019-05-02 11:00:00,0.4158,0.384,59.479856102124266
2019-05-02 12:00:00,0.3759,0.4068,34.788231824469506
2019-05-02 13:00:00,0.3159,0.4054,27.1816110157312
2019-05-02 14:00:00,0.2453,0.3987,64.06693417078996
2019-05-02 15:00:00,0.1649,0.3855,48.85226279078779
2019-05-02 16:00:00,0.084,0.3508,35.96361035283749
2019-05-02 17:00:00,0.0265,0.3355,35.118843765264046
2019-05-02 18:00:00,0.0024,0.3337,20.38993782828915
2019-05-02 19:00:00,0.0,0.3493,38.15270961504761
2019-05-02 20:00:00,0.0,0.3595,30.578451813255036
2019-05-02 21:00:00,0.0,0.355,34.098588243544754
2019-05-02 22:00:00,0.0,0.3451,-34.30192870907267
2019-05-02 23:00:00,0.0,0.324,41.93568571258994
2019-05-03 00:00:00,0.0,0.3116,7.463039033952679
2019-05-03 01:00:00,0.0,0.2986,53.65322620101503
2019-05-03 02:00:00,0.0,0.2915,55.724583802774475
2019-05-03 03:00:00,0.0003,0.28,37.16771897190084
2019-05-03 04:00:00,0.0103,0.2748,37.593891983716034
2019-05-03 05:00:00,0.0517,0.2412,32.49968641717643
2019-05-03 06:00:00,0.122,0.2448,-28.085579230032543
2019-05-03 07:00:00,0.1966,0.2811,58.249694367331664
2019-05-03 08:00:00,0.2514,0.2879,38.91169472158292
2019-05-03 09:00:00,0.2837,0.2828,13.472648282961849
2019-05-03 10:00:00,0.3103,0.3121,69.1190372228422
2019-05-03 11:00:00,0.3173,0.3236,39.18445356672856
2019-05-03 12:00:00,0.2962,0.3422,60.768887988506705
2019-05-03 13:00:00,0.254,0.3572,30.683692111265557
2019-05-03 14:00:00,0.2023,0.362,40.599745550729054
2019-05-03 15:00:00,0.1438,0.363,39.69247080847428
2019-05-03 16:00:00,0.0808,0.3266,63.79905120625637
2019-05-03 17:00:00,0.0295,0.2838,49.58636714512045
2019-05-03 18:00:00,0.0028,0.2528,51.24895046432231
2019-05-03 19:00:00,0.0,0.231,35.31317401035398
2019-05-03 20:00:00,0.0,0.2301,22.124377859949643
2019-05-03 21:00:00,0.0,0.2351,35.25225469611041
2019-05-03 22:00:00,0.0,0.2237,0.5733886631996903
2019-05-03 23:00:00,0.0,0.2306,45.45451698112289
2019-05-04 00:00:00,0.0,0.2365,42.921532531524576
2019-05-04 01:00:00,0.0,0.2374,53.71535903128466
2019-05-04 02:00:00,0.0,0.2322,32.35206661319537
2019-05-04 03:00:00,0.0002,0.2369,53.27681220238125
2019-05-04 04:00:00,0.0107,0.2319,15.785913148407825
2019-05-04 05:00:00,0.0504,0.2225,30.9440357788788
2019-05-04 06:00:00,0.1112,0.2162,25.442041743708806
2019-05-04 07:00:00,0.1741,0.2216,33.56330716184099
2019-05-04 08:00:00,0.2156,0.2268,40.416875827565285
2019-05-04 09:00:00,0.2457,0.2071,46.74267820760063
2019-05-04 10:00:00,0.2696,0.212,15.455080132420392
2019-05-04 11:00:00,0.2683,0.2223,45.366518464938515
2019-05-04 12:00:00,0.2633,0.2322,28.953308811871878
2019-05-04 13:00:00,0.2452,0.2414,49.29255475790885
2019-05-04 14:00:00,0.207,0.265,200.0
2019-05-04 15:00:00,0.1593,0.2594,46.03300480741952
2019-05-04 16:00:00,0.0985,0.2328,59.30269214830601
2019-05-04 17:00:00,0.0381,0.1985,46.921263842809886
2019-05-04 18:00:00,0.0044,0.1667,54.9510562857256
2019-05-04 19:00:00,0.0,0.1605,43.275964443618705
2019-05-04 20:00:00,0.0,0.1606,37.019521138975115
2019-05-04 21:00:00,0.0,0.1751,44.62867316871669
2019-05-04 22:00:00,0.0,0.1889,23.026910263050436
2019-05-04 23:00:00,0.0,0.1906,35.43894782069131
2019-05-05 00:00:00,0.0,0.1808,40.65520392213935
2019-05-05 01:00:00,0.0,0.1692,35.06890270388449
2019-05-05 02:00:00,0.0,0.1494,36.00239874932917
2019-05-05 03:00:00,0.0004,0.1392,45.82602947171331
2019-05-05 04:00:00,0.017,0.1238,56.77743373413118
2019-05-05 05:00:00,0.0795,0.1016,47.27329941706086
2019-05-05 06:00:00,0.1664,0.0726,43.30597446735398
2019-05-05 07:00:00,0.2595,0.0901,45.0664910235813
2019-05-05 08:00:00,0.3183,0.12,35.9660511263543
2019-05-05 09:00:00,0.3511,0.144,38.63363130424097
2019-05-05 10:00:00,0.3539,0.1597,50.999726398509154
2019-05-05 11:00:00,0.3412,0.1619,41.51148237525404
2019-05-05 12:00:00,0.3309,0.1744,39.76573942219816
2019-05-05 13:00:00,0.3027,0.1853,55.95321723656091
2019-05-05 14:00:00,0.2503,0.1973,63.60453511585777
2019-05-05 15:00:00,0.1818,0.197,27.88824879913572
2019-05-05 16:00:00,0.107,0.1872,35.84980038877093
2019-05-05 17:00:00,0.0417,0.1613,36.13063051447974
2019-05-05 18:00:00,0.005,0.1365,21.321905082544642
2019-05-05 19:00:00,0.0,0.1435,24.832691736177004
2019-05-05 20:00:00,0.0,0.1702,-14.77683982551101
2019-05-05 21:00:00,0.0,0.1832,30.87461012330735
2019-05-05 22:00:00,0.0,0.1988,16.104154197223412
2019-05-05 23:00:00,0.0,0.2146,31.61502195520869
2019-05-06 00:00:00,0.0,0.2365,-47.82108188656403
2019-05-06 01:00:00,0.0,0.2484,31.492544065321123
2019-05-06 02:00:00,0.0,0.2532,22.95518539771566
2019-05-06 03:00:00,0.0004,0.247,35.884495216085945
2019-05-06 04:00:00,0.0183,0.2336,39.66297329857733
2019-05-06 05:00:00,0.086,0.1983,51.46332717813631
2019-05-06 06:00:00,0.1948,0.1778,65.23474166689854
2019-05-06 07:00:00,0.3025,0.2171,39.44437030105403
2019-05-06 08:00:00,0.3375,0.2526,51.567621606785224
2019-05-06 09:00:00,0.3208,0.2643,55.820745860724855
2019-05-06 10:00:00,0.3003,0.2856,46.25319396363625
2019-05-06 11:00:00,0.2939,0.2933,58.83309947514808
2019-05-06 12:00:00,0.2831,0.2918,40.41373680028569
2019-05-06 13:00:00,0.2507,0.288,48.54894423860773
2019-05-06 14:00:00,0.2051,0.2846,49.47542493969522
2019-05-06 15:00:00,0.1444,0.2578,108.18719294987656
2019-05-06 16:00:00,0.0798,0.2265,39.110236633399666
2019-05-06 17:00:00,0.0293,0.1933,-42.34922199050931
2019-05-06 18:00:00,0.0031,0.1679,44.60972920637483
2019-05-06 19:00:00,0.0,0.1536,36.79108196526603
2019-05-06 20:00:00,0.0,0.1491,23.167219913473843
2019-05-06 21:00:00,0.0,0.1627,29.916313982662466
2019-05-06 22:00:00,0.0,0.1661,29.85848177012123
2019-05-06 23:00:00,0.0,0.163,35.690224317166226
2019-05-07 00:00:00,0.0,0.1588,52.077965979262025
2019-05-07 01:00:00,0.0,0.1532,27.051179368262748
2019-05-07 02:00:00,0.0,0.1496,38.775051888652285
2019-05-07 03:00:00,0.0005,0.1379,35.46997937040916
2019-05-07 04:00:00,0.0202,0.1198,50.98891590524443
2019-05-07 05:00:00,0.0889,0.0846,-36.52795355189441
2019-05-07 06:00:00,0.1951,0.0738,26.330012510235793
2019-05-07 07:00:00,0.3049,0.0848,43.487628709734
2019-05-07 08:00:00,0.367,0.0905,32.736049528497404
2019-05-07 09:00:00,0.3838,0.0922,30.839042222905302
2019-05-07 10:00:00,0.386,0.0917,47.39745863693662
2019-05-07 11:00:00,0.3902,0.0875,38.11669860025635
2019-05-07 12:00:00,0.3815,0.0772,-45.64362147066193
2019-05-07 13:00:00,0.348,0.0696,49.92122895554212
2019-05-07 14:00:00,0.2965,0.0564,49.98738214568776
2019-05-07 15:00:00,0.2126,0.0428,48.76194305011225
2019-05-07 16:00:00,0.1217,0.0313,38.74250204647825
2019-05-07 17:00:00,0.0456,0.0192,49.4370150886884
2019-05-07 18:00:00,0.0055,0.0186,28.843337092268353
2019-05-07 19:00:00,0.0,0.0268,47.483381013902665
2019-05-07 20:00:00,0.0,0.0517,-25.519913976559426
2019-05-07 21:00:00,0.0,0.0845,35.42870524332222
2019-05-07 22:00:00,0.0,0.1194,38.92073943222579
2019-05-07 23:00:00,0.0,0.1502,8.865623472072528
2019-05-08 00:00:00,0.0,0.166,23.069370321817853
2019-05-08 01:00:00,0.0,0.1734,-24.264537042100194
2019-05-08 02:00:00,0.0,0.1858,-6.12661077186677
2019-05-08 03:00:00,0.0006,0.1936,60.43740383695152
2019-05-08 04:00:00,0.0191,0.1988,30.126698880756177
2019-05-08 05:00:00,0.0754,0.1862,53.00723579531015
2019-05-08 06:00:00,0.1514,0.1442,22.344307239275977
2019-05-08 07:00:00,0.232,0.1282,47.611752258021795
2019-05-08 08:00:00,0.2995,0.1773,41.33200894847713
2019-05-08 09:00:00,0.3286,0.2409,47.514749981402105
2019-05-08 10:00:00,0.3031,0.3017,34.168651526993706
2019-05-08 11:00:00,0.2572,0.3438,40.53624628776123
2019-05-08 12:00:00,0.2128,0.3695,37.566975921374244
2019-05-08 13:00:00,0.1721,0.3731,44.567537591652396
2019-05-08 14:00:00,0.1193,0.3606,51.22162590251143
2019-05-08 15:00:00,0.0761,0.3621,39.431491823837334
2019-05-08 16:00:00,0.0427,0.3492,45.96986587564638
2019-05-08 17:00:00,0.0174,0.3304,34.67154414416362
2019-05-08 18:00:00,0.002,0.3206,-26.483704553834297
2019-05-08 19:00:00,0.0,0.3265,-32.784677709476526
2019-05-08 20:00:00,0.0,0.3342,26.86343726681241
2019-05-08 21:00:00,0.0,0.3501,31.01450293770396
2019-05-08 22:00:00,0.0,0.3598,34.46573767353641
2019-05-08 23:00:00,0.0,0.362,33.13030129170876
2019-05-09 00:00:00,0.0,0.3528,28.730204668083598
2019-05-09 01:00:00,0.0,0.3252,40.40212902041277
2019-05-09 02:00:00,0.0,0.3006,57.729531473997824
2019-05-09 03:00:00,0.0004,0.2699,36.30876281849476
2019-05-09 04:00:00,0.0142,0.2424,31.294426983573853
2019-05-09 05:00:00,0.0682,0.2026,38.96865872470717
2019-05-09 06:00:00,0.1585,0.1601,32.573321346523244
2019-05-09 07:00:00,0.255,0.148,37.46027268585596
2019-05-09 08:00:00,0.3121,0.144,54.072734397408354
2019-05-09 09:00:00,0.3272,0.1388,32.0250915518685
2019-05-09 10:00:00,0.3333,0.1422,46.48872131424774
2019-05-09 11:00:00,0.3285,0.149,29.576753547951437
2019-05-09 12:00:00,0.3044,0.1426,72.35181630856411
2019-05-09 13:00:00,0.2723,0.1401,44.995161466356095
2019-05-09 14:00:00,0.225,0.1326,26.28546276000259
2019-05-09 15:00:00,0.16,0.1266,47.20714442726613
2019-05-09 16:00:00,0.0968,0.1208,52.55086969234759
2019-05-09 17:00:00,0.0396,0.1291,35.84703107443181
2019-05-09 18:00:00,0.0049,0.1363,27.883540852567485
2019-05-09 19:00:00,0.0,0.1476,13.748264962461828
2019-05-09 20:00:00,0.0,0.1703,33.71391245436544
2019-05-09 21:00:00,0.0,0.1875,26.137174530816704
2019-05-09 22:00:00,0.0,0.1914,35.60293974382188
2019-05-09 23:00:00,0.0,0.1908,40.27748213813804
2019-05-10 00:00:00,0.0,0.1966,27.90460629997225
2019-05-10 01:00:00,0.0,0.2056,25.87971166350054
2019-05-10 02:00:00,0.0,0.2177,43.945436436736664
2019-05-10 03:00:00,0.0007,0.2154,28.5080634516124
2019-05-10 04:00:00,0.0172,0.215,40.694154457570434
2019-05-10 05:00:00,0.0685,0.1962,47.71207687108687
2019-05-10 06:00:00,0.1392,0.1852,42.24120955777971
2019-05-10 07:00:00,0.2178,0.1989,72.87967303252651
2019-05-10 08:00:00,0.2669,0.2178,45.366144443036646
2019-05-10 09:00:00,0.2928,0.2393,63.01152220186944
2019-05-10 10:00:00,0.3206,0.2509,39.29812036347939
2019-05-10 11:00:00,0.3286,0.2642,21.94048798410156
2019-05-10 12:00:00,0.3314,0.2576,41.066450026185215
2019-05-10 13:00:00,0.3141,0.2498,55.40776114218086
2019-05-10 14:00:00,0.2679,0.23,37.243210606389304
2019-05-10 15:00:00,0.1917,0.1979,31.91844116563149
2019-05-10 16:00:00,0.1158,0.1514,29.906122274453786
2019-05-10 17:00:00,0.0485,0.115,61.4260224188028
2019-05-10 18:00:00,0.0065,0.0813,25.56975371801822
2019-05-10 19:00:00,0.0,0.0594,46.189670525512085
2019-05-10 20:00:00,0.0,0.0394,38.813960049222516
2019-05-10 21:00:00,0.0,0.0377,40.77530286586733
2019-05-10 22:00:00,0.0,0.0377,21.72728901144305
2019-05-10 23:00:00,0.0,0.0512,32.5842024090584
2019-05-11 00:00:00,0.0,0.0674,31.893663942387334
2019-05-11 01:00:00,0.0,0.0786,44.68641055736712
2019-05-11 02:00:00,0.0,0.095,33.64805498283828
2019-05-11 03:00:00,0.0008,0.1075,37.18368415664669
2019-05-11 04:00:00,0.0148,0.1222,37.035196803676136
2019-05-11 05:00:00,0.0539,0.1365,43.91579637160323
2019-05-11 06:00:00,0.1067,0.1247,58.56240011011982
2019-05-11 07:00:00,0.1653,0.1362,11.319481448634576
2019-05-11 08:00:00,0.2232,0.1529,27.001335916324592
2019-05-11 09:00:00,0.255,0.1764,42.39335118607438
2019-05-11 10:00:00,0.2711,0.1971,56.41145903765923
2019-05-11 11:00:00,0.2583,0.2195,45.434397159477214
2019-05-11 12:00:00,0.251,0.2543,35.74397575842667
2019-05-11 13:00:00,0.2179,0.2807,55.1185742822684
2019-05-11 14:00:00,0.1707,0.3113,54.6619054531555
2019-05-11 15:00:00,0.1202,0.3422,32.98817808655545
2019-05-11 16:00:00,0.0754,0.3689,17.382706661499494
2019-05-11 17:00:00,0.0322,0.3782,46.85149650762874
2019-05-11 18:00:00,0.0062,0.361,49.21806001998422
2019-05-11 19:00:00,0.0,0.3652,35.99897755648546
2019-05-11 20:00:00,0.0,0.3628,38.91821541800361
2019-05-11 21:00:00,0.0,0.351,-24.358190470281507
2019-05-11 22:00:00,0.0,0.3413,57.47441456208277
2019-05-11 23:00:00,0.0,0.3402,41.27473641650712
2019-05-12 00:00:00,0.0,0.342,39.94792956011817
2019-05-12 01:00:00,0.0,0.3354,-27.255786369053048
2019-05-12 02:00:00,0.0,0.3207,45.04256840812588
2019-05-12 03:00:00,0.0009,0.3176,45.787838734077276
2019-05-12 04:00:00,0.0173,0.2954,18.016547960903807
2019-05-12 05:00:00,0.0706,0.2515,41.63976651257292
2019-05-12 06:00:00,0.1526,0.2592,41.733220379268936
2019-05-12 07:00:00,0.2389,0.2768,33.35614116089815
2019-05-12 08:00:00,0.318,0.2652,31.494201096500838
2019-05-12 09:00:00,0.3905,0.2745,46.86133743475018
2019-05-12 10:00:00,0.4326,0.2841,38.566043920552744
2019-05-12 11:00:00,0.4436,0.3029,30.725235380180415
2019-05-12 12:00:00,0.4314,0.3124,45.46268377500434
2019-05-12 13:00:00,0.3905,0.3227,37.425484750779745
2019-05-12 14:00:00,0.3255,0.3373,46.12782086120287
2019-05-12 15:00:00,0.2357,0.3523,34.02912672880117
2019-05-12 16:00:00,0.1368,0.3535,20.282769812635387
2019-05-12 17:00:00,0.0553,0.3399,39.90874585175746
2019-05-12 18:00:00,0.0094,0.3019,39.49274767147792
2019-05-12 19:00:00,0.0001,0.3104,26.33242692171332
2019-05-12 20:00:00,0.0,0.3198,38.659647643649585
2019-05-12 21:00:00,0.0,0.3155,25.152733043730716
2019-05-12 22:00:00,0.0,0.3168,32.23593860726366
2019-05-12 23:00:00,0.0,0.3088,54.1364662166248
2019-05-13 00:00:00,0.0,0.2994,27.594022145653657
2019-05-13 01:00:00,0.0,0.2964,30.036947798367954
2019-05-13 02:00:00,0.0,0.2914,49.91619408916563
2019-05-13 03:00:00,0.0012,0.2714,34.745125099106424
2019-05-13 04:00:00,0.029,0.2338,35.156227086729544
2019-05-13 05:00:00,0.1182,0.1639,61.881285840198494
2019-05-13 06:00:00,0.2554,0.1164,20.71755774844275
2019-05-13 07:00:00,0.3936,0.1088,47.314644321577305
2019-05-13 08:00:00,0.5004,0.1264,53.66567958528343
2019-05-13 09:00:00,0.5484,0.1666,21.272328056494125
2019-05-13 10:00:00,0.551,0.2187,53.1628042152041
2019-05-13 11:00:00,0.5382,0.241,51.26384788580327
2019-05-13 12:00:00,0.5152,0.2514,40.44786573734922
2019-05-13 13:00:00,0.4649,0.2808,42.436735531822784
2019-05-13 14:00:00,0.3932,0.3026,45.014051013696594
2019-05-13 15:00:00,0.2867,0.31,47.04828828675849
2019-05-13 16:00:00,0.164,0.3054,48.338122236215774
2019-05-13 17:00:00,0.0629,0.2772,18.168193645850323
2019-05-13 18:00:00,0.0096,0.2383,39.62687865104783
2019-05-13 19:00:00,0.0,0.2334,31.16374070654158
2019-05-13 20:00:00,0.0,0.2538,24.349847186407068
2019-05-13 21:00:00,0.0,0.2571,21.410229578757026
2019-05-13 22:00:00,0.0,0.249,36.10888354213713
2019-05-13 23:00:00,0.0,0.2334,25.959837034140037
2019-05-14 00:00:00,0.0,0.2278,33.782298748666676
2019-05-14 01:00:00,0.0,0.2282,19.75314127768454
2019-05-14 02:00:00,0.0,0.2279,19.091170293643355
2019-05-14 03:00:00,0.0016,0.2272,56.624803056281095
2019-05-14 04:00:00,0.0294,0.2061,44.30271971596636
2019-05-14 05:00:00,0.1196,0.1433,42.4762497510584
2019-05-14 06:00:00,0.2555,0.101,40.545610633724166
2019-05-14 07:00:00,0.3751,0.1187,45.69983390555903
2019-05-14 08:00:00,0.4419,0.1522,57.02025457723744
2019-05-14 09:00:00,0.4531,0.1895,40.63490781098526
2019-05-14 10:00:00,0.449,0.2131,25.346297159745358
2019-05-14 11:00:00,0.4408,0.2301,34.68588931432519
2019-05-14 12:00:00,0.4239,0.247,-32.17735585700879
2019-05-14 13:00:00,0.3907,0.2699,57.521292637661006
2019-05-14 14:00:00,0.3309,0.2883,50.58848804687293
2019-05-14 15:00:00,0.2468,0.294,24.202020427728932
2019-05-14 16:00:00,0.146,0.2951,57.80304662505655
2019-05-14 17:00:00,0.0592,0.2773,52.271435160343344
2019-05-14 18:00:00,0.0108,0.2374,45.71984765200841
2019-05-14 19:00:00,0.0001,0.2406,35.61267976105282
2019-05-14 20:00:00,0.0,0.2562,56.339343992337504
2019-05-14 21:00:00,0.0,0.2628,31.839808295026476
2019-05-14 22:00:00,0.0,0.251,20.402197713819174
2019-05-14 23:00:00,0.0,0.2306,41.34468688121818
2019-05-15 00:00:00,0.0,0.2147,26.909510350117298
2019-05-15 01:00:00,0.0,0.1992,43.45952619741026
2019-05-15 02:00:00,0.0,0.1959,61.141925560960914
2019-05-15 03:00:00,0.0014,0.1869,39.649250198082136
2019-05-15 04:00:00,0.0248,0.175,52.01542827319876
2019-05-15 05:00:00,0.0948,0.1359,31.469284692408745
2019-05-15 06:00:00,0.1985,0.1013,42.475831411729715
2019-05-15 07:00:00,0.307,0.146,67.24508062705547
2019-05-15 08:00:00,0.392,0.1869,70.91258639130706
2019-05-15 09:00:00,0.443,0.2067,48.02387116564964
2019-05-15 10:00:00,0.4493,0.2154,28.48025714435242
2019-05-15 11:00:00,0.4269,0.2322,27.443455219839812
2019-05-15 12:00:00,0.3834,0.2422,30.069400538144667
2019-05-15 13:00:00,0.3242,0.2477,39.61913344906163
2019-05-15 14:00:00,0.2542,0.2568,30.87309552158493
2019-05-15 15:00:00,0.1786,0.2628,62.5914158533658
2019-05-15 16:00:00,0.1045,0.266,23.937794938273
2019-05-15 17:00:00,0.0426,0.2467,40.919549938594464
2019-05-15 18:00:00,0.0075,0.2194,15.277939714379507
2019-05-15 19:00:00,0.0001,0.2127,39.021042008872385
2019-05-15 20:00:00,0.0,0.2081,21.897902706544645
2019-05-15 21:00:00,0.0,0.206,-44.73713722784797
2019-05-15 22:00:00,0.0,0.2067,38.96802111822523
2019-05-15 23:00:00,0.0,0.209,38.19369380957761
2019-05-16 00:00:00,0.0,0.2076,-30.36017850224446
2019-05-16 01:00:00,0.0,0.2074,16.570505972892718
2019-05-16 02:00:00,0.0,0.2138,31.44816212109602
2019-05-16 03:00:00,0.0007,0.2175,35.61370292250747
2019-05-16 04:00:00,0.0146,0.2183,43.92838766258524
2019-05-16 05:00:00,0.0532,0.2031,61.27487987756561
2019-05-16 06:00:00,0.1074,0.1907,51.41730640690104
2019-05-16 07:00:00,0.1601,0.2003,40.55389202190788
2019-05-16 08:00:00,0.1986,0.2115,59.74162423555266
2019-05-16 09:00:00,0.2246,0.2075,41.29831843993463
2019-05-16 10:00:00,0.2402,0.1988,55.855143336383506
2019-05-16 11:00:00,0.2401,0.1974,48.323833035449574
2019-05-16 12:00:00,0.2184,0.1894,46.53885154825239
2019-05-16 13:00:00,0.1834,0.1984,42.067498790964684
2019-05-16 14:00:00,0.1388,0.2133,45.24816387272123
2019-05-16 15:00:00,0.0938,0.2203,28.845413374350358
2019-05-16 16:00:00,0.0545,0.2305,50.60497401802508
2019-05-16 17:00:00,0.0213,0.2164,31.868843201549346
2019-05-16 18:00:00,0.0032,0.204,35.48604960699124
2019-05-16 19:00:00,0.0,0.1907,32.938098767243666
2019-05-16 20:00:00,0.0,0.164,38.17410680243597
2019-05-16 21:00:00,0.0,0.1494,30.75072182203094
2019-05-16 22:00:00,0.0,0.1343,16.258525778341202
2019-05-16 23:00:00,0.0,0.1238,32.496792513872904
2019-05-17 00:00:00,0.0,0.1154,46.513625032767074
2019-05-17 01:00:00,0.0,0.1127,28.690677561671226
2019-05-17 02:00:00,0.0,0.1038,26.43756393802687
2019-05-17 03:00:00,0.0016,0.1038,53.66573690607094
2019-05-17 04:00:00,0.0217,0.0957,-24.064231367940884
2019-05-17 05:00:00,0.0751,0.0908,36.25459821751809
2019-05-17 06:00:00,0.1579,0.08,35.08161625937793
2019-05-17 07:00:00,0.2543,0.0764,46.51445259617874
2019-05-17 08:00:00,0.3329,0.0788,50.87172622619612
2019-05-17 09:00:00,0.3804,0.0806,28.994143721899686
2019-05-17 10:00:00,0.398,0.0846,33.13053738236521
2019-05-17 11:00:00,0.4002,0.0865,48.77847839076899
2019-05-17 12:00:00,0.383,0.0888,53.454288117795855
2019-05-17 13:00:00,0.3516,0.0911,36.59233037591371
2019-05-17 14:00:00,0.2955,0.0896,48.549309042616954
2019-05-17 15:00:00,0.2168,0.0906,31.424935662006302
2019-05-17 16:00:00,0.1268,0.0911,45.79254990860568
2019-05-17 17:00:00,0.0518,0.0921,49.436508389123254
2019-05-17 18:00:00,0.0087,0.1024,46.22927525341339
2019-05-17 19:00:00,0.0,0.1323,-24.530987931888752
2019-05-17 20:00:00,0.0,0.1478,32.411815074493205
2019-05-17 21:00:00,0.0,0.1579,23.30188843545499
2019-05-17 22:00:00,0.0,0.1578,29.568855464652483
2019-05-17 23:00:00,0.0,0.1541,30.518946017704586
2019-05-18 00:00:00,0.0,0.151,55.380505430340065
2019-05-18 01:00:00,0.0,0.145,23.973937889443604
2019-05-18 02:00:00,0.0,0.1413,33.343643362258135
2019-05-18 03:00:00,0.0024,0.138,51.15815991585062
2019-05-18 04:00:00,0.0335,0.1249,27.272756978067463
2019-05-18 05:00:00,0.1156,0.0873,40.56995569471829
2019-05-18 06:00:00,0.2328,0.0529,23.106776478860404
2019-05-18 07:00:00,0.3553,0.0483,53.01440902332455
2019-05-18 08:00:00,0.4575,0.0586,25.8662965295201
2019-05-18 09:00:00,0.5246,0.0894,44.79435931222073
2019-05-18 10:00:00,0.5556,0.1103,29.819193304062054
2019-05-18 11:00:00,0.5444,0.1131,30.167109978931464
2019-05-18 12:00:00,0.4952,0.1054,41.716536544466656
2019-05-18 13:00:00,0.427,0.0978,57.07550672574699
2019-05-18 14:00:00,0.3433,0.0914,48.41098074159242
2019-05-18 15:00:00,0.2523,0.0964,38.237839873784324
2019-05-18 16:00:00,0.1584,0.1045,20.898285156156312
2019-05-18 17:00:00,0.0814,0.1004,50.12521349674557
2019-05-18 18:00:00,0.035,0.108,72.79202869899237
2019-05-18 19:00:00,0.031,0.1194,31.89268086465068
2019-05-18 20:00:00,0.0348,0.1183,14.3482865329809
2019-05-18 21:00:00,0.0348,0.1088,48.181788126179896
2019-05-18 22:00:00,0.0,0.0948,32.92105204088949
2019-05-18 23:00:00,0.0,0.0743,33.3430321113311
2019-05-19 00:00:00,0.0,0.0631,31.434664254216223
2019-05-19 01:00:00,0.0,0.0642,35.3500210199846
2019-05-19 02:00:00,0.0,0.0658,31.312207676180023
2019-05-19 03:00:00,0.0025,0.0668,38.08681190508439
2019-05-19 04:00:00,0.0346,0.0768,42.21251208653948
2019-05-19 05:00:00,0.1107,0.069,40.31494143136992
2019-05-19 06:00:00,0.2176,0.0429,22.144823260988026
2019-05-19 07:00:00,0.3244,0.0347,59.55688289484779
2019-05-19 08:00:00,0.4194,0.0465,53.26439823176128
2019-05-19 09:00:00,0.4935,0.065,48.07768023662799
2019-05-19 10:00:00,0.52,0.0731,-7.479291939440196
2019-05-19 11:00:00,0.5112,0.0762,47.071074431085314
2019-05-19 12:00:00,0.4657,0.0796,41.35344465535949
2019-05-19 13:00:00,0.399,0.1068,29.66465105994031
2019-05-19 14:00:00,0.3098,0.1439,33.29826751620703
2019-05-19 15:00:00,0.212,0.1709,33.227564968192766
2019-05-19 16:00:00,0.124,0.1718,35.50034208048844
2019-05-19 17:00:00,0.0512,0.1707,53.93904879835583
2019-05-19 18:00:00,0.0093,0.1673,24.962640152978413
2019-05-19 19:00:00,0.0001,0.156,21.42278171673852
2019-05-19 20:00:00,0.0,0.1494,31.048679932134675
2019-05-19 21:00:00,0.0,0.1537,67.08108241237807
2019-05-19 22:00:00,0.0,0.1514,38.792495723109006
2019-05-19 23:00:00,0.0,0.1439,27.897088453309266
2019-05-20 00:00:00,0.0,0.133,15.381067502374464
2019-05-20 01:00:00,0.0,0.1132,27.291089643405456
2019-05-20 02:00:00,0.0,0.1007,40.2211152465769
2019-05-20 03:00:00,0.0019,0.0957,54.867531658787506
2019-05-20 04:00:00,0.0237,0.092,52.598280794207085
2019-05-20 05:00:00,0.0676,0.0772,52.09377582177713
2019-05-20 06:00:00,0.1209,0.0632,35.77659163056025
2019-05-20 07:00:00,0.1762,0.0607,47.01904408172297
2019-05-20 08:00:00,0.214,0.0676,38.99620391947437
2019-05-20 09:00:00,0.2412,0.0807,55.44486912411624
2019-05-20 10:00:00,0.2479,0.0936,53.60710240308032
2019-05-20 11:00:00,0.24,0.1062,41.79872050556996
2019-05-20 12:00:00,0.2118,0.1324,38.46230193281815
2019-05-20 13:00:00,0.1812,0.1726,24.093882588838465
2019-05-20 14:00:00,0.1437,0.2051,-17.49154350204074
2019-05-20 15:00:00,0.0991,0.2464,64.1625831725446
2019-05-20 16:00:00,0.0537,0.2734,48.761246169766224
2019-05-20 17:00:00,0.0211,0.2734,43.10919403793882
2019-05-20 18:00:00,0.0043,0.282,51.24865764389925
2019-05-20 19:00:00,0.0002,0.2769,30.80709117261908
2019-05-20 20:00:00,0.0,0.2885,44.44528869990601
2019-05-20 21:00:00,0.0,0.289,20.952850357651627
2019-05-20 22:00:00,0.0,0.288,27.921928289419153
2019-05-20 23:00:00,0.0,0.2863,25.93723101587807
2019-05-21 00:00:00,0.0,0.2903,46.469266979008566
2019-05-21 01:00:00,0.0,0.2806,45.36327862207545
2019-05-21 02:00:00,0.0,0.2685,20.20269493764724
2019-05-21 03:00:00,0.002,0.2629,35.66677018109652
2019-05-21 04:00:00,0.0144,0.275,45.936832330235674
2019-05-21 05:00:00,0.0454,0.2785,33.43968366458669
2019-05-21 06:00:00,0.0867,0.2661,30.81113567305986
2019-05-21 07:00:00,0.128,0.2624,-38.484824554640845
2019-05-21 08:00:00,0.162,0.2674,59.67170442838879
2019-05-21 09:00:00,0.1908,0.2653,11.212067902852361
2019-05-21 10:00:00,0.2035,0.2598,39.76669279848823
2019-05-21 11:00:00,0.2026,0.2624,43.063962979786155
2019-05-21 12:00:00,0.1918,0.2676,56.294654675668504
2019-05-21 13:00:00,0.1664,0.2749,33.99171971970755
2019-05-21 14:00:00,0.1349,0.2973,43.11390628160952
2019-05-21 15:00:00,0.0955,0.3235,48.7779077309684
2019-05-21 16:00:00,0.0559,0.3522,41.093449544450856
2019-05-21 17:00:00,0.0233,0.3706,37.46689162779893
2019-05-21 18:00:00,0.004,0.3714,32.676910500350054
2019-05-21 19:00:00,0.0001,0.3745,11.30230439628053
2019-05-21 20:00:00,0.0,0.3573,60.55103594218321
2019-05-21 21:00:00,0.0,0.3581,28.082249132210897
2019-05-21 22:00:00,0.0,0.3562,24.851074598193502
2019-05-21 23:00:00,0.0,0.3547,43.82781786326486
2019-05-22 00:00:00,0.0,0.3557,60.882502831794795
2019-05-22 01:00:00,0.0,0.3521,44.105298801030756
2019-05-22 02:00:00,0.0,0.3672,31.276657483545517
2019-05-22 03:00:00,0.001,0.3875,-49.6583642859816
2019-05-22 04:00:00,0.0064,0.4023,51.12968021963273
2019-05-22 05:00:00,0.0234,0.407,45.51291537339618
2019-05-22 06:00:00,0.0486,0.4133,41.066835065086394
2019-05-22 07:00:00,0.0806,0.4071,30.753808273365784
2019-05-22 08:00:00,0.1228,0.3984,18.81044347682857
2019-05-22 09:00:00,0.17,0.396,37.2307145568012
2019-05-22 10:00:00,0.218,0.3907,42.41585431816769
2019-05-22 11:00:00,0.2535,0.3765,28.58556684263474
2019-05-22 12:00:00,0.2659,0.37,12.706826471204295
2019-05-22 13:00:00,0.2544,0.371,59.28219528760121
2019-05-22 14:00:00,0.2283,0.354,53.68733097452528
2019-05-22 15:00:00,0.185,0.3373,9.985129242895852
2019-05-22 16:00:00,0.1239,0.3047,42.98698575282609
2019-05-22 17:00:00,0.058,0.2596,39.12112372591867
2019-05-22 18:00:00,0.0128,0.2038,39.58960383983133
2019-05-22 19:00:00,0.0003,0.1724,12.205058869826932
2019-05-22 20:00:00,0.0,0.1529,41.12713411706941
2019-05-22 21:00:00,0.0,0.1376,15.342399983493234
2019-05-22 22:00:00,0.0,0.1263,46.11371504974076
2019-05-22 23:00:00,0.0,0.1157,48.78264059786862
2019-05-23 00:00:00,0.0,0.1057,19.323373928440855
2019-05-23 01:00:00,0.0,0.0958,43.160023460282105
2019-05-23 02:00:00,0.0,0.0919,34.772737744875094
2019-05-23 03:00:00,0.0031,0.0899,39.24886604479317
2019-05-23 04:00:00,0.0369,0.0864,25.027767625794926
2019-05-23 05:00:00,0.123,0.075,41.568029604983316
2019-05-23 06:00:00,0.2484,0.0565,48.54200623354953
2019-05-23 07:00:00,0.3782,0.0643,40.53760014337975
2019-05-23 08:00:00,0.4714,0.0799,51.94951905991953
2019-05-23 09:00:00,0.5297,0.0871,34.04935881495708
2019-05-23 10:00:00,0.558,0.0855,-28.779826714755036
2019-05-23 11:00:00,0.5611,0.0768,55.1348410102255
2019-05-23 12:00:00,0.5337,0.0743,66.42943024524057
2019-05-23 13:00:00,0.4767,0.0698,-47.91476916656793
2019-05-23 14:00:00,0.3917,0.0675,50.80768443104591
2019-05-23 15:00:00,0.2877,0.0572,48.06687667737879
2019-05-23 16:00:00,0.1699,0.0476,36.508467075979475
2019-05-23 17:00:00,0.0722,0.0332,56.26016849446009
2019-05-23 18:00:00,0.0166,0.027,24.617955749905377
2019-05-23 19:00:00,0.0004,0.0337,30.865703190422025
2019-05-23 20:00:00,0.0,0.0446,13.53366847308638
2019-05-23 21:00:00,0.0,0.0558,26.408513060310383
2019-05-23 22:00:00,0.0,0.0624,14.74283642766096
2019-05-23 23:00:00,0.0,0.0698,32.33433093832289
2019-05-24 00:00:00,0.0,0.0745,41.18533506415023
2019-05-24 01:00:00,0.0,0.0832,44.78433594325402
2019-05-24 02:00:00,0.0,0.0978,56.82230158714683
2019-05-24 03:00:00,0.0038,0.1132,29.59131818132707
2019-05-24 04:00:00,0.0402,0.1279,39.917640377654656
2019-05-24 05:00:00,0.1281,0.1184,32.101895400554646
2019-05-24 06:00:00,0.2513,0.0829,58.765670434609895
2019-05-24 07:00:00,0.3783,0.0733,30.501840619951885
2019-05-24 08:00:00,0.4754,0.0942,33.37639676810761
2019-05-24 09:00:00,0.5328,0.121,72.25666918541677
2019-05-24 10:00:00,0.545,0.1454,35.92138062917961
2019-05-24 11:00:00,0.5206,0.1762,42.45577070785656
2019-05-24 12:00:00,0.4797,0.1987,38.284275310078115
2019-05-24 13:00:00,0.4196,0.2137,-46.44336638156632
2019-05-24 14:00:00,0.3385,0.2197,22.597599740592926
2019-05-24 15:00:00,0.2472,0.2189,48.745386503994624
2019-05-24 16:00:00,0.1513,0.2002,38.774429045804055
2019-05-24 17:00:00,0.0682,0.1832,38.06487613356614
2019-05-24 18:00:00,0.0164,0.1636,41.79562611064338
2019-05-24 19:00:00,0.0005,0.158,38.66610129216657
2019-05-24 20:00:00,0.0,0.1545,38.3933973609356
2019-05-24 21:00:00,0.0,0.1541,12.849891437107654
2019-05-24 22:00:00,0.0,0.1543,36.991408314424845
2019-05-24 23:00:00,0.0,0.1436,37.07883492229322
2019-05-25 00:00:00,0.0,0.1213,17.78430139585926
2019-05-25 01:00:00,0.0,0.11,30.76083143763273
2019-05-25 02:00:00,0.0,0.1038,32.08848294329002
2019-05-25 03:00:00,0.0035,0.1037,27.917247124100346
2019-05-25 04:00:00,0.0344,0.1018,43.85094640091062
2019-05-25 05:00:00,0.1008,0.0974,36.148804418589826
2019-05-25 06:00:00,0.1841,0.0951,16.495543958134853
2019-05-25 07:00:00,0.2645,0.0976,34.60093171929552
2019-05-25 08:00:00,0.3334,0.0999,23.950710871950903
2019-05-25 09:00:00,0.3849,0.0946,45.13040491757347
2019-05-25 10:00:00,0.4014,0.1,43.916873821866695
2019-05-25 11:00:00,0.4083,0.1075,63.5564022581446
2019-05-25 12:00:00,0.384,0.1244,40.856948769918326
2019-05-25 13:00:00,0.3315,0.1367,33.05745919051225
2019-05-25 14:00:00,0.2756,0.1342,36.444883140722546
2019-05-25 15:00:00,0.206,0.1392,45.27549824657997
2019-05-25 16:00:00,0.1255,0.1326,34.48425735760645
2019-05-25 17:00:00,0.0578,0.1192,40.3173359218309
2019-05-25 18:00:00,0.0145,0.1026,13.51860842842613
2019-05-25 19:00:00,0.0003,0.095,41.09458432415654
2019-05-25 20:00:00,0.0,0.0982,15.779236954708992
2019-05-25 21:00:00,0.0,0.0954,19.495025394805694
2019-05-25 22:00:00,0.0,0.0877,30.72181319218193
2019-05-25 23:00:00,0.0,0.0812,29.445630293505285
2019-05-26 00:00:00,0.0,0.0919,50.0015676378932
2019-05-26 01:00:00,0.0,0.1193,22.999595650760913
2019-05-26 02:00:00,0.0,0.1645,31.229087000296904
2019-05-26 03:00:00,0.0034,0.1993,27.57665182352068
2019-05-26 04:00:00,0.0347,0.2235,30.541178271627537
2019-05-26 05:00:00,0.1058,0.2172,38.6144741402264
2019-05-26 06:00:00,0.2046,0.1996,51.04790913783181
2019-05-26 07:00:00,0.3088,0.2392,31.77539395381459
2019-05-26 08:00:00,0.3929,0.2922,33.37737700329107
2019-05-26 09:00:00,0.4488,0.3049,32.164003150246614
2019-05-26 10:00:00,0.4624,0.3335,28.880666845950696
2019-05-26 11:00:00,0.445,0.2957,38.05283351184726
2019-05-26 12:00:00,0.4188,0.2657,53.868072808600445
2019-05-26 13:00:00,0.3694,0.2675,48.53858582590013
2019-05-26 14:00:00,0.3028,0.3088,24.539539096021965
2019-05-26 15:00:00,0.2202,0.386,12.259403376358044
2019-05-26 16:00:00,0.136,0.3695,44.29254066011049
2019-05-26 17:00:00,0.0605,0.3486,30.201782981419747
2019-05-26 18:00:00,0.0131,0.3331,52.328294834434246
2019-05-26 19:00:00,0.0003,0.3463,31.528400549748838
2019-05-26 20:00:00,0.0,0.369,50.97820723085586
2019-05-26 21:00:00,0.0,0.3946,29.088368041882934
2019-05-26 22:00:00,0.0,0.3883,16.45681525640745
2019-05-26 23:00:00,0.0,0.3635,23.84065611022531
2019-05-27 00:00:00,0.0,0.3448,36.66032400494764
2019-05-27 01:00:00,0.0,0.325,28.167745326217357
2019-05-27 02:00:00,0.0,0.3169,29.890984019619786
2019-05-27 03:00:00,0.0032,0.2959,-7.492175180408763
2019-05-27 04:00:00,0.0303,0.2652,51.45652110346565
2019-05-27 05:00:00,0.0919,0.2325,45.254763057566244
2019-05-27 06:00:00,0.1793,0.2068,48.018686492002786
2019-05-27 07:00:00,0.2713,0.2118,31.869278564382082
2019-05-27 08:00:00,0.3443,0.2381,61.5925570861784
2019-05-27 09:00:00,0.3726,0.2542,40.48990171564205
2019-05-27 10:00:00,0.3562,0.246,42.30469139262296
2019-05-27 11:00:00,0.3342,0.232,38.60141211324018
2019-05-27 12:00:00,0.3216,0.225,40.513624585015144
2019-05-27 13:00:00,0.2802,0.2054,32.88579452598313
2019-05-27 14:00:00,0.2131,0.1769,40.01069096512048
2019-05-27 15:00:00,0.148,0.1564,59.490805718322434
2019-05-27 16:00:00,0.0923,0.1427,11.548337845869476
2019-05-27 17:00:00,0.0458,0.1192,68.55149866861858
2019-05-27 18:00:00,0.0127,0.0979,66.91828287508119
2019-05-27 19:00:00,0.0007,0.0931,46.76301582008035
2019-05-27 20:00:00,0.0,0.0895,139.62405137838772
2019-05-27 21:00:00,0.0,0.0869,29.466978971400135
2019-05-27 22:00:00,0.0,0.08,30.3747562640931
2019-05-27 23:00:00,0.0,0.0682,38.88064543033185
2019-05-28 00:00:00,0.0,0.057,12.439174629231957
2019-05-28 01:00:00,0.0,0.0514,39.26528261527496
2019-05-28 02:00:00,0.0,0.0494,14.510373428300504
2019-05-28 03:00:00,0.0022,0.0541,23.72319355588447
2019-05-28 04:00:00,0.0183,0.0536,55.0587233509718
2019-05-28 05:00:00,0.0553,0.049,32.84435803938747
2019-05-28 06:00:00,0.1023,0.0457,64.53416440702637
2019-05-28 07:00:00,0.157,0.0446,30.738813216325035
2019-05-28 08:00:00,0.2169,0.0506,41.443207034707775
2019-05-28 09:00:00,0.2557,0.0664,31.191267996258432
2019-05-28 10:00:00,0.2805,0.0794,28.527284278321545
2019-05-28 11:00:00,0.2883,0.0986,20.190117657965473
2019-05-28 12:00:00,0.2796,0.1213,55.59286328086175
2019-05-28 13:00:00,0.2538,0.1514,43.3535136984996
2019-05-28 14:00:00,0.2124,0.1704,18.831759510066174
2019-05-28 15:00:00,0.1627,0.1834,63.97432888753052
2019-05-28 16:00:00,0.106,0.1964,53.11334780661831
2019-05-28 17:00:00,0.0518,0.2028,47.14834130278159
2019-05-28 18:00:00,0.014,0.1804,33.9282955117706
2019-05-28 19:00:00,0.001,0.1656,35.63899398125658
2019-05-28 20:00:00,0.001,0.1706,22.43152515428188
2019-05-28 21:00:00,0.0008,0.1648,30.404553239704313
2019-05-28 22:00:00,0.0,0.1617,31.00091703863919
2019-05-28 23:00:00,0.0,0.162,62.8364053635982
2019-05-29 00:00:00,0.0,0.1603,43.75182336847514
2019-05-29 01:00:00,0.0,0.1649,31.07096703718724
2019-05-29 02:00:00,0.0,0.1491,-8.524231575816923
2019-05-29 03:00:00,0.0038,0.128,45.91961583902068
2019-05-29 04:00:00,0.0302,0.102,35.63099478822913
2019-05-29 05:00:00,0.0922,0.0726,20.72668384620808
2019-05-29 06:00:00,0.1769,0.0637,23.329306159540543
2019-05-29 07:00:00,0.2595,0.0626,24.517690244438874
2019-05-29 08:00:00,0.3285,0.0573,41.34547100896106
2019-05-29 09:00:00,0.3846,0.0511,48.15824626521264
2019-05-29 10:00:00,0.4089,0.048,42.05760272242915
2019-05-29 11:00:00,0.4164,0.0496,65.52279439816488
2019-05-29 12:00:00,0.4077,0.0502,77.50142893671321
2019-05-29 13:00:00,0.3773,0.0462,59.50532346135106
2019-05-29 14:00:00,0.3228,0.04,50.46276171127776
2019-05-29 15:00:00,0.2464,0.0329,42.12223571948117
2019-05-29 16:00:00,0.1531,0.0286,48.52553179588546
2019-05-29 17:00:00,0.0714,0.0242,46.82107345316426
2019-05-29 18:00:00,0.0209,0.0236,45.60945871349845
2019-05-29 19:00:00,0.0009,0.0394,26.078959085438743
2019-05-29 20:00:00,0.0,0.0752,31.63175680515954
2019-05-29 21:00:00,0.0,0.1275,-38.51134190180068
2019-05-29 22:00:00,0.0,0.2303,45.989659591027205
2019-05-29 23:00:00,0.0,0.2609,32.50030074865334
2019-05-30 00:00:00,0.0,0.2774,33.38164200347487
2019-05-30 01:00:00,0.0,0.2772,48.98052116323672
2019-05-30 02:00:00,0.0,0.2806,35.19436045980727
2019-05-30 03:00:00,0.0044,0.2923,29.403077131707963
2019-05-30 04:00:00,0.04,0.3032,41.639428025531245
2019-05-30 05:00:00,0.1204,0.2786,76.00866193988685
2019-05-30 06:00:00,0.228,0.2448,21.882681057720895
2019-05-30 07:00:00,0.3296,0.2579,25.402538703759674
2019-05-30 08:00:00,0.3934,0.2945,38.726473725974294
2019-05-30 09:00:00,0.4297,0.3239,58.20490298736997
2019-05-30 10:00:00,0.4411,0.3382,36.97745981158198
2019-05-30 11:00:00,0.4216,0.3339,45.921586940957766
2019-05-30 12:00:00,0.3887,0.3236,51.460907552399796
2019-05-30 13:00:00,0.3462,0.3066,48.16209012337017
2019-05-30 14:00:00,0.2861,0.2856,33.153760416539235
2019-05-30 15:00:00,0.2125,0.2684,42.22871915835049
2019-05-30 16:00:00,0.1322,0.2392,17.700453458930784
2019-05-30 17:00:00,0.06,0.2019,16.743920421807317
2019-05-30 18:00:00,0.0139,0.1662,30.663246037605013
2019-05-30 19:00:00,0.0004,0.1513,15.135134369103817
2019-05-30 20:00:00,0.0,0.156,34.18975114262216
2019-05-30 21:00:00,0.0,0.1808,36.906972010846964
2019-05-30 22:00:00,0.0,0.2122,32.619238813917036
2019-05-30 23:00:00,0.0,0.2364,48.35801204064778
2019-05-31 00:00:00,0.0,0.2517,56.22652690210996
2019-05-31 01:00:00,0.0,0.2313,43.356186406619045
2019-05-31 02:00:00,0.0,0.2134,35.29825353555517
2019-05-31 03:00:00,0.003,0.2044,9.91198917747625
2019-05-31 04:00:00,0.0256,0.1881,49.118216937897444
2019-05-31 05:00:00,0.0768,0.1542,29.7824837995934
2019-05-31 06:00:00,0.1536,0.1272,19.119754010420955
2019-05-31 07:00:00,0.2441,0.1144,33.778845989152785
2019-05-31 08:00:00,0.3333,0.1106,45.16543286613616
2019-05-31 09:00:00,0.3876,0.111,48.1221467203158
2019-05-31 10:00:00,0.3956,0.1328,32.37294290780742
2019-05-31 11:00:00,0.3805,0.1528,42.99050106604511
2019-05-31 12:00:00,0.3526,0.157,24.567940532887498
2019-05-31 13:00:00,0.3167,0.1503,68.04334044168735
2019-05-31 14:00:00,0.2723,0.1373,45.71721248936925
2019-05-31 15:00:00,0.2146,0.1198,31.25722451310936
2019-05-31 16:00:00,0.1439,0.0945,-25.174102578792194
2019-05-31 17:00:00,0.0728,0.0697,31.22651208472657
2019-05-31 18:00:00,0.0199,0.0468,46.547470273670584
2019-05-31 19:00:00,0.0008,0.0341,-15.691706237017147
2019-05-31 20:00:00,0.0,0.0341,24.567908552228996
2019-05-31 21:00:00,0.0,0.0371,37.67504879578766
2019-05-31 22:00:00,0.0,0.0376,22.337552717254113
2019-05-31 23:00:00,0.0,0.0432,31.82661400840485
2019-06-01 00:00:00,0.0,0.0538,42.66645147041436
2019-06-01 01:00:00,0.0,0.0655,32.69263991794733
2019-06-01 02:00:00,0.0,0.0835,16.181766667176486
2019-06-01 03:00:00,0.0051,0.1064,36.17459419819177
2019-06-01 04:00:00,0.0405,0.117,19.764791610456687
2019-06-01 05:00:00,0.1235,0.0935,61.359370344293055
2019-06-01 06:00:00,0.2429,0.081,44.778726865713125
2019-06-01 07:00:00,0.3685,0.0957,41.97401859182807
2019-06-01 08:00:00,0.4696,0.1238,37.98078379886247
2019-06-01 09:00:00,0.5252,0.138,3.8680267542008195
2019-06-01 10:00:00,0.5496,0.1455,-31.969424165949114
2019-06-01 11:00:00,0.5596,0.1429,32.367098896784725
2019-06-01 12:00:00,0.5464,0.1279,29.893699584005155
2019-06-01 13:00:00,0.4967,0.1166,37.777719170738216
2019-06-01 14:00:00,0.4172,0.1037,40.82767509222407
2019-06-01 15:00:00,0.3074,0.0845,22.20011274912843
2019-06-01 16:00:00,0.1864,0.0705,55.36959487668652
2019-06-01 17:00:00,0.0806,0.0532,65.82031328455048
2019-06-01 18:00:00,0.0208,0.0395,24.30474664121578
2019-06-01 19:00:00,0.0008,0.0385,29.782437888807316
2019-06-01 20:00:00,0.0,0.0392,33.90323571009632
2019-06-01 21:00:00,0.0,0.0406,-45.7040434477251
2019-06-01 22:00:00,0.0,0.0399,49.25692269552456
2019-06-01 23:00:00,0.0,0.0512,21.06760159281986
2019-06-02 00:00:00,0.0,0.0676,57.237190645826075
2019-06-02 01:00:00,0.0,0.0865,-29.3443948089855
2019-06-02 02:00:00,0.0,0.1031,45.378775024965336
2019-06-02 03:00:00,0.0055,0.1197,32.76919664362581
2019-06-02 04:00:00,0.0443,0.132,36.85745049427533
2019-06-02 05:00:00,0.1348,0.1074,114.54518052375414
2019-06-02 06:00:00,0.2616,0.0609,36.56710876399246
2019-06-02 07:00:00,0.389,0.0416,45.095569806705015
2019-06-02 08:00:00,0.4868,0.054,30.424218390519457
2019-06-02 09:00:00,0.5529,0.0808,54.24635375295557
2019-06-02 10:00:00,0.587,0.1101,24.815807656368186
2019-06-02 11:00:00,0.5899,0.1396,47.50439178285802
2019-06-02 12:00:00,0.565,0.1673,25.563482814335334
2019-06-02 13:00:00,0.5108,0.1824,51.34693328219872
2019-06-02 14:00:00,0.4276,0.1878,41.10666787772534
2019-06-02 15:00:00,0.3154,0.1792,27.625648164319387
2019-06-02 16:00:00,0.1877,0.16,26.455983704693757
2019-06-02 17:00:00,0.0802,0.1409,23.2380982351943
2019-06-02 18:00:00,0.0214,0.1332,45.23839946680128
2019-06-02 19:00:00,0.001,0.1773,32.872511644461845
2019-06-02 20:00:00,0.0,0.2525,22.977024922461034
2019-06-02 21:00:00,0.0,0.322,45.6450345111314
2019-06-02 22:00:00,0.0,0.3464,26.0537737077017
2019-06-02 23:00:00,0.0,0.3425,47.72218573421055
2019-06-03 00:00:00,0.0,0.3126,36.96222418526479
2019-06-03 01:00:00,0.0,0.277,36.073010439376894
2019-06-03 02:00:00,0.0,0.2342,31.861608117676912
2019-06-03 03:00:00,0.0058,0.2351,39.490425775436584
2019-06-03 04:00:00,0.0421,0.214,24.724751222289015
2019-06-03 05:00:00,0.1252,0.164,32.36958472159655
2019-06-03 06:00:00,0.2365,0.114,41.475132324335334
2019-06-03 07:00:00,0.3529,0.0934,27.688693286285492
2019-06-03 08:00:00,0.4524,0.0821,39.82739360469418
2019-06-03 09:00:00,0.5055,0.0985,23.40167847674469
2019-06-03 10:00:00,0.5219,0.1358,38.435444488189965
2019-06-03 11:00:00,0.5121,0.1672,47.42308253994216
2019-06-03 12:00:00,0.4682,0.2,37.59133708140646
2019-06-03 13:00:00,0.387,0.2,35.46970414211198
2019-06-03 14:00:00,0.2897,0.1858,45.27280687105568
2019-06-03 15:00:00,0.1938,0.1796,35.93791358999532
2019-06-03 16:00:00,0.1093,0.1458,59.11114257697618
2019-06-03 17:00:00,0.0494,0.1694,48.19985032531074
2019-06-03 18:00:00,0.014,0.1424,33.54222213734866
2019-06-03 19:00:00,0.0008,0.1021,37.009605044101164
2019-06-03 20:00:00,0.0,0.0724,40.08091947765412
2019-06-03 21:00:00,0.0,0.0633,21.327224993873294
2019-06-03 22:00:00,0.0,0.0514,63.904961686663356
2019-06-03 23:00:00,0.0,0.0418,35.911495797470856
2019-06-04 00:00:00,0.0,0.032,31.343145574232512
2019-06-04 01:00:00,0.0,0.0339,44.5223742021705
2019-06-04 02:00:00,0.0,0.044,40.040087845551874
2019-06-04 03:00:00,0.0054,0.047,1.6545345940702845
2019-06-04 04:00:00,0.0405,0.0442,12.053003333554951
2019-06-04 05:00:00,0.1166,0.028,45.316762645588966
2019-06-04 06:00:00,0.2273,0.0188,46.318104212706274
2019-06-04 07:00:00,0.345,0.0194,38.25857324877662
2019-06-04 08:00:00,0.4428,0.0256,15.094189267020184
2019-06-04 09:00:00,0.5136,0.0359,50.63468541019445
2019-06-04 10:00:00,0.5505,0.0409,40.53478231704427
2019-06-04 11:00:00,0.5517,0.0496,-42.53188659224557
2019-06-04 12:00:00,0.5268,0.0651,50.63293426872099
2019-06-04 13:00:00,0.477,0.0876,18.05149198841267
2019-06-04 14:00:00,0.3993,0.1091,68.68043479750722
2019-06-04 15:00:00,0.2926,0.1364,54.261687181472894
2019-06-04 16:00:00,0.175,0.1728,-48.81588705128354
2019-06-04 17:00:00,0.0773,0.2186,32.70888178256062
2019-06-04 18:00:00,0.0219,0.27,10.799950255637299
2019-06-04 19:00:00,0.0009,0.357,53.78879795424045
2019-06-04 20:00:00,0.0,0.4172,31.332348592360713
2019-06-04 21:00:00,0.0,0.4455,21.681467808174045
2019-06-04 22:00:00,0.0,0.4259,34.9197198496
2019-06-04 23:00:00,0.0,0.3681,36.73744213204079
2019-06-05 00:00:00,0.0,0.298,5.6939853418190935
2019-06-05 01:00:00,0.0,0.2455,46.03121425164542
2019-06-05 02:00:00,0.0001,0.2328,45.67820466332442
2019-06-05 03:00:00,0.0056,0.2073,52.56177592753649
2019-06-05 04:00:00,0.0425,0.1743,43.181415387961394
2019-06-05 05:00:00,0.1257,0.1264,27.88172991456124
2019-06-05 06:00:00,0.2362,0.0697,33.54471513730898
2019-06-05 07:00:00,0.3539,0.0358,52.44559989804598
2019-06-05 08:00:00,0.4505,0.036,19.958655727843265
2019-06-05 09:00:00,0.5116,0.0364,43.760470285804786
2019-06-05 10:00:00,0.5449,0.0455,51.836661182842015
2019-06-05 11:00:00,0.5472,0.0505,39.40120518042732
2019-06-05 12:00:00,0.5244,0.0589,59.74710680443023
2019-06-05 13:00:00,0.4658,0.0686,43.610841686863075
2019-06-05 14:00:00,0.3846,0.0775,39.15406917115188
2019-06-05 15:00:00,0.2827,0.0932,25.02650609307488
2019-06-05 16:00:00,0.1711,0.1245,42.32557261581266
2019-06-05 17:00:00,0.0774,0.1601,23.76067663154123
2019-06-05 18:00:00,0.0223,0.1941,26.44223286782084
2019-06-05 19:00:00,0.0011,0.2702,32.86428666053472
2019-06-05 20:00:00,0.0,0.3526,29.704000925096864
2019-06-05 21:00:00,0.0,0.4312,24.560861816983326
2019-06-05 22:00:00,0.0,0.4473,44.4954185314024
2019-06-05 23:00:00,0.0,0.4273,53.957290241380704
2019-06-06 00:00:00,0.0,0.4307,24.31896946783388
2019-06-06 01:00:00,0.0,0.4262,25.328571845775365
2019-06-06 02:00:00,0.0001,0.4072,42.75430100442438
2019-06-06 03:00:00,0.0055,0.3602,37.38564245010152
2019-06-06 04:00:00,0.0364,0.2961,40.36755166244334
2019-06-06 05:00:00,0.0978,0.2546,49.558777785175955
2019-06-06 06:00:00,0.17,0.2366,29.03399804934342
2019-06-06 07:00:00,0.237,0.2235,32.28744321268607
2019-06-06 08:00:00,0.2798,0.239,24.24683519961232
2019-06-06 09:00:00,0.3077,0.2648,30.764730344402587
2019-06-06 10:00:00,0.3057,0.2869,39.62432264716021
2019-06-06 11:00:00,0.2946,0.317,41.5004298737819
2019-06-06 12:00:00,0.2785,0.3385,57.59960628526595
2019-06-06 13:00:00,0.2331,0.342,51.24656107227587
2019-06-06 14:00:00,0.1886,0.3418,44.60988649629183
2019-06-06 15:00:00,0.1372,0.2984,45.22820029072699
2019-06-06 16:00:00,0.0875,0.2491,39.95289355777975
2019-06-06 17:00:00,0.047,0.1979,12.615899920090637
2019-06-06 18:00:00,0.0151,0.1491,29.717759450948364
2019-06-06 19:00:00,0.0012,0.1052,39.15556036413984
2019-06-06 20:00:00,0.0,0.0959,18.437129687295883
2019-06-06 21:00:00,0.0,0.073,29.73086402732354
2019-06-06 22:00:00,0.0,0.0609,-10.72449291504541
2019-06-06 23:00:00,0.0,0.0625,28.774796230134157
2019-06-07 00:00:00,0.0,0.0629,42.82300796713815
2019-06-07 01:00:00,0.0,0.0652,31.843268493925837
2019-06-07 02:00:00,0.0001,0.064,33.60113712277767
2019-06-07 03:00:00,0.0057,0.0746,26.611967632856064
2019-06-07 04:00:00,0.0413,0.0834,36.26354197908488
2019-06-07 05:00:00,0.1193,0.078,47.48367431488384
2019-06-07 06:00:00,0.2312,0.0733,22.287024381577638
2019-06-07 07:00:00,0.3564,0.0967,38.71885316098182
2019-06-07 08:00:00,0.4492,0.1284,31.179998964959317
2019-06-07 09:00:00,0.5238,0.144,33.514956338712715
2019-06-07 10:00:00,0.5655,0.1566,44.70477669495745
2019-06-07 11:00:00,0.5724,0.1778,50.79532559733167
2019-06-07 12:00:00,0.5568,0.1975,47.54108287848916
2019-06-07 13:00:00,0.5048,0.2216,26.71914841187904
2019-06-07 14:00:00,0.4098,0.2448,40.171659800679144
2019-06-07 15:00:00,0.289,0.2744,12.644764320464642
2019-06-07 16:00:00,0.1616,0.3095,41.08399422275222
2019-06-07 17:00:00,0.0661,0.3448,16.89224379708426
2019-06-07 18:00:00,0.0172,0.3871,38.23068846057817
2019-06-07 19:00:00,0.0012,0.4274,50.465790526695486
2019-06-07 20:00:00,0.0,0.4529,14.888184011403471
2019-06-07 21:00:00,0.0,0.4843,18.264036944840548
2019-06-07 22:00:00,0.0,0.4848,34.13925429643507
2019-06-07 23:00:00,0.0,0.465,33.04720592311695
2019-06-08 00:00:00,0.0,0.4504,29.566730584535815
2019-06-08 01:00:00,0.0,0.4486,36.961330128242494
2019-06-08 02:00:00,0.0001,0.4603,21.408503850794
2019-06-08 03:00:00,0.004,0.487,25.873821595791547
2019-06-08 04:00:00,0.0247,0.5232,32.25513175446607
2019-06-08 05:00:00,0.0695,0.5443,42.271227610425726
2019-06-08 06:00:00,0.1339,0.6026,60.879150738771784
2019-06-08 07:00:00,0.2047,0.6399,71.58453221814989
2019-06-08 08:00:00,0.2779,0.6589,54.24717367224224
2019-06-08 09:00:00,0.3435,0.6426,20.001984788466764
2019-06-08 10:00:00,0.4037,0.5648,33.03799966873313
2019-06-08 11:00:00,0.4554,0.4871,25.874339068213615
2019-06-08 12:00:00,0.4742,0.4139,19.785509212091608
2019-06-08 13:00:00,0.4537,0.4266,38.601932651399565
2019-06-08 14:00:00,0.3908,0.4725,49.21041269466362
2019-06-08 15:00:00,0.294,0.5651,56.21320712887042
2019-06-08 16:00:00,0.1787,0.5378,38.40654549288865
2019-06-08 17:00:00,0.0801,0.4804,23.314414722650945
2019-06-08 18:00:00,0.0234,0.3874,40.915303681211284
2019-06-08 19:00:00,0.0018,0.3351,42.54964997953668
2019-06-08 20:00:00,0.0,0.3219,33.07493179809273
2019-06-08 21:00:00,0.0,0.3351,32.524216721839494
2019-06-08 22:00:00,0.0,0.3296,-34.5303877030862
2019-06-08 23:00:00,0.0,0.329,38.80894717158854
2019-06-09 00:00:00,0.0,0.3116,55.43672018487163
2019-06-09 01:00:00,0.0,0.2819,52.237809814753334
2019-06-09 02:00:00,0.0001,0.2633,46.79186182080995
2019-06-09 03:00:00,0.0072,0.2462,7.554168524275681
2019-06-09 04:00:00,0.0486,0.2072,45.21780160910648
2019-06-09 05:00:00,0.1423,0.1484,18.81390435181153
2019-06-09 06:00:00,0.2698,0.1114,32.606262359173314
2019-06-09 07:00:00,0.3933,0.0955,38.42601611545406
2019-06-09 08:00:00,0.4902,0.0957,45.75131208355564
2019-06-09 09:00:00,0.5408,0.093,30.686042705672655
2019-06-09 10:00:00,0.5514,0.0861,29.693211635641525
2019-06-09 11:00:00,0.5214,0.0692,23.78852188678281
2019-06-09 12:00:00,0.4681,0.0512,24.529529321607868
2019-06-09 13:00:00,0.3862,0.0407,54.379867700651374
2019-06-09 14:00:00,0.2947,0.0398,46.08444707222027
2019-06-09 15:00:00,0.1947,0.046,48.62755133112479
2019-06-09 16:00:00,0.1137,0.0546,32.4888548469503
2019-06-09 17:00:00,0.0544,0.0724,20.22799378255611
2019-06-09 18:00:00,0.0157,0.0971,10.7368996390374
2019-06-09 19:00:00,0.0011,0.1304,36.00008693713677
2019-06-09 20:00:00,0.0,0.164,23.681189790182735
2019-06-09 21:00:00,0.0,0.1781,29.1942433970535
2019-06-09 22:00:00,0.0,0.1772,12.908549178665874
2019-06-09 23:00:00,0.0,0.1682,27.81949619689997
2019-06-10 00:00:00,0.0,0.159,19.33709513240666
2019-06-10 01:00:00,0.0,0.1553,10.027483587710233
2019-06-10 02:00:00,0.0001,0.1564,39.306695629348056
2019-06-10 03:00:00,0.0044,0.1495,44.23515665282464
2019-06-10 04:00:00,0.0254,0.141,44.35664640818666
2019-06-10 05:00:00,0.0689,0.1236,35.25602555362429
2019-06-10 06:00:00,0.1242,0.105,25.236914363092623
2019-06-10 07:00:00,0.1905,0.0926,20.36456336868929
2019-06-10 08:00:00,0.2853,0.0814,32.25560048347016
2019-06-10 09:00:00,0.3648,0.0837,-12.572367560904762
2019-06-10 10:00:00,0.4024,0.092,33.01371755581222
2019-06-10 11:00:00,0.3971,0.1018,36.02057486246572
2019-06-10 12:00:00,0.3631,0.1021,42.225063690147934
2019-06-10 13:00:00,0.3011,0.108,44.56309834101409
2019-06-10 14:00:00,0.2305,0.124,45.80669870154307
2019-06-10 15:00:00,0.1534,0.1402,57.30920459546044
2019-06-10 16:00:00,0.0822,0.1545,20.25879155707428
2019-06-10 17:00:00,0.0375,0.1606,27.57517954972323
2019-06-10 18:00:00,0.0108,0.1716,32.722293410353984
2019-06-10 19:00:00,0.001,0.1672,16.88157878591585
2019-06-10 20:00:00,0.0,0.148,27.79118438963721
2019-06-10 21:00:00,0.0,0.1461,26.830431714636255
2019-06-10 22:00:00,0.0,0.1509,20.28904220345254
2019-06-10 23:00:00,0.0,0.1385,-45.01352693113506
2019-06-11 00:00:00,0.0,0.1266,18.32228620362006
2019-06-11 01:00:00,0.0,0.1163,42.768937416491454
2019-06-11 02:00:00,0.0001,0.1138,54.13774564454296
2019-06-11 03:00:00,0.0046,0.1195,34.23536545370773
2019-06-11 04:00:00,0.0234,0.1021,32.50831180175861
2019-06-11 05:00:00,0.0747,0.0902,53.05359031025724
2019-06-11 06:00:00,0.1506,0.0699,23.66327124242024
2019-06-11 07:00:00,0.2264,0.0514,-43.18254540429818
2019-06-11 08:00:00,0.2955,0.0405,49.8164325900559
2019-06-11 09:00:00,0.3407,0.0355,30.434914701898947
2019-06-11 10:00:00,0.3721,0.0364,40.72742942464238
2019-06-11 11:00:00,0.3834,0.0359,44.74991020364163
2019-06-11 12:00:00,0.3689,0.0387,17.43102412515746
2019-06-11 13:00:00,0.336,0.0368,37.44741697084629
2019-06-11 14:00:00,0.2857,0.0398,38.9034517969623
2019-06-11 15:00:00,0.2148,0.0456,59.75234117627157
2019-06-11 16:00:00,0.1296,0.0524,51.637744921641605
2019-06-11 17:00:00,0.0607,0.0576,24.642420701735134
2019-06-11 18:00:00,0.018,0.0694,51.11266538605094
2019-06-11 19:00:00,0.0014,0.0993,24.73340002109282
2019-06-11 20:00:00,0.0,0.138,19.78733977993516
2019-06-11 21:00:00,0.0,0.1696,-33.12575592964609
2019-06-11 22:00:00,0.0,0.1785,38.507459418746464
2019-06-11 23:00:00,0.0,0.1765,21.662021245523785
2019-06-12 00:00:00,0.0,0.163,28.724723882201673
2019-06-12 01:00:00,0.0,0.1456,18.796401403391318
2019-06-12 02:00:00,0.0001,0.1206,-19.839271657417335
2019-06-12 03:00:00,0.0055,0.106,-48.11696274717216
2019-06-12 04:00:00,0.0342,0.0859,44.29621699768963
2019-06-12 05:00:00,0.088,0.0699,58.77959114652007
2019-06-12 06:00:00,0.1482,0.0699,20.112620367750782
2019-06-12 07:00:00,0.1947,0.094,39.57166110557325
2019-06-12 08:00:00,0.2257,0.1171,60.57541891930529
2019-06-12 09:00:00,0.26,0.1303,54.05149780432494
2019-06-12 10:00:00,0.2923,0.1516,41.9557245875071
2019-06-12 11:00:00,0.3073,0.1645,30.79887959536598
2019-06-12 12:00:00,0.3087,0.1574,30.48290574551606
2019-06-12 13:00:00,0.2792,0.175,32.33176664971458
2019-06-12 14:00:00,0.2443,0.2101,60.6840717467842
2019-06-12 15:00:00,0.1998,0.2307,33.245399633218746
2019-06-12 16:00:00,0.1396,0.2407,54.15432042467257
2019-06-12 17:00:00,0.0689,0.2314,53.09010950753706
2019-06-12 18:00:00,0.0211,0.2096,56.8579689857515
2019-06-12 19:00:00,0.0016,0.1478,47.19139502413556
2019-06-12 20:00:00,0.0,0.1458,40.710000443746
2019-06-12 21:00:00,0.0,0.1673,51.49318114217138
2019-06-12 22:00:00,0.0,0.1928,21.740227137367153
2019-06-12 23:00:00,0.0,0.2077,39.07526278396169
2019-06-13 00:00:00,0.0,0.2267,38.879532334153495
2019-06-13 01:00:00,0.0,0.2326,34.79231458045355
2019-06-13 02:00:00,0.0001,0.2294,41.59794638682796
2019-06-13 03:00:00,0.005,0.2235,34.04419166357521
2019-06-13 04:00:00,0.0369,0.198,21.721267865408485
2019-06-13 05:00:00,0.1042,0.1466,31.061032217722058
2019-06-13 06:00:00,0.211,0.135,30.11087636410658
2019-06-13 07:00:00,0.3291,0.1646,20.409439541416546
2019-06-13 08:00:00,0.4351,0.2074,33.256106220527286
2019-06-13 09:00:00,0.5056,0.2502,43.07713229360803
2019-06-13 10:00:00,0.5342,0.2649,33.057811532081345
2019-06-13 11:00:00,0.5367,0.2612,58.80032576631885
2019-06-13 12:00:00,0.5078,0.2436,46.66860771611496
2019-06-13 13:00:00,0.4595,0.2289,47.45883032475096
2019-06-13 14:00:00,0.3866,0.2036,31.329886721496536
2019-06-13 15:00:00,0.29,0.1747,39.47670865522108
2019-06-13 16:00:00,0.181,0.1492,50.00028121940874
2019-06-13 17:00:00,0.0824,0.1272,46.27465125153559
2019-06-13 18:00:00,0.024,0.0996,44.9960345894539
2019-06-13 19:00:00,0.0016,0.1064,47.87142803798479
2019-06-13 20:00:00,0.0,0.127,48.962148473148346
2019-06-13 21:00:00,0.0,0.1378,39.42339894852486
2019-06-13 22:00:00,0.0,0.1291,43.20653847357204
2019-06-13 23:00:00,0.0,0.1282,39.48271548017423
2019-06-14 00:00:00,0.0,0.1435,46.52107484867946
2019-06-14 01:00:00,0.0,0.1428,46.68614362767418
2019-06-14 02:00:00,0.0001,0.1478,36.13767134327572
2019-06-14 03:00:00,0.0069,0.1682,38.308212932316195
2019-06-14 04:00:00,0.0478,0.1876,30.27033785013224
2019-06-14 05:00:00,0.138,0.176,47.480176722815514
2019-06-14 06:00:00,0.2587,0.1225,37.35559168622881
2019-06-14 07:00:00,0.3635,0.1078,17.599539699693196
2019-06-14 08:00:00,0.4446,0.1228,50.17117643963053
2019-06-14 09:00:00,0.4952,0.148,47.568841556747046
2019-06-14 10:00:00,0.5165,0.1615,39.60634627687
2019-06-14 11:00:00,0.498,0.1623,38.366210773041736
2019-06-14 12:00:00,0.4477,0.141,47.29224251971405
2019-06-14 13:00:00,0.375,0.1383,32.85046614627938
2019-06-14 14:00:00,0.2946,0.1247,41.36177986899813
2019-06-14 15:00:00,0.2128,0.1058,19.36138781555149
2019-06-14 16:00:00,0.1369,0.1055,25.523052670776043
2019-06-14 17:00:00,0.069,0.1053,44.186903411964316
2019-06-14 18:00:00,0.0206,0.1174,39.969384391332575
2019-06-14 19:00:00,0.0018,0.1436,35.5828311828195
2019-06-14 20:00:00,0.0,0.1742,27.03983831459169
2019-06-14 21:00:00,0.0,0.2081,26.63870636419136
2019-06-14 22:00:00,0.0,0.2421,24.234212263957897
2019-06-14 23:00:00,0.0,0.2492,39.14191106179564
2019-06-15 00:00:00,0.0,0.2558,30.798418630936272
2019-06-15 01:00:00,0.0,0.2492,41.979143175752945
2019-06-15 02:00:00,0.0002,0.2442,30.874688281661165
2019-06-15 03:00:00,0.005,0.279,36.44635008588322
2019-06-15 04:00:00,0.0324,0.2967,22.33853542359456
2019-06-15 05:00:00,0.0921,0.2998,50.213893099177454
2019-06-15 06:00:00,0.1808,0.2839,45.70702179008761
2019-06-15 07:00:00,0.2806,0.2919,48.956453253226314
2019-06-15 08:00:00,0.3566,0.3024,-12.763049382387422
2019-06-15 09:00:00,0.4093,0.3018,38.97757855698329
2019-06-15 10:00:00,0.4202,0.2964,22.93945476914034
2019-06-15 11:00:00,0.4175,0.3088,48.00041390719907
2019-06-15 12:00:00,0.4104,0.3097,30.91124156045694
2019-06-15 13:00:00,0.3809,0.3109,41.53607307140893
2019-06-15 14:00:00,0.3276,0.3223,31.84808367240536
2019-06-15 15:00:00,0.2478,0.3202,31.38698163764306
2019-06-15 16:00:00,0.1589,0.3126,36.13538860570497
2019-06-15 17:00:00,0.0822,0.2962,19.199597866884783
2019-06-15 18:00:00,0.0266,0.2582,28.37007089117321
2019-06-15 19:00:00,0.0021,0.22,41.60472752719481
2019-06-15 20:00:00,0.0,0.1904,38.19266594645681
2019-06-15 21:00:00,0.0,0.1803,17.40720260425767
2019-06-15 22:00:00,0.0,0.1653,17.721681490343194
2019-06-15 23:00:00,0.0,0.1429,43.32358829921002
2019-06-16 00:00:00,0.0,0.1273,37.65494012745649
2019-06-16 01:00:00,0.0,0.1216,49.20253650139845
2019-06-16 02:00:00,0.0001,0.1164,41.90713895125704
2019-06-16 03:00:00,0.0054,0.1092,11.072347065020892
2019-06-16 04:00:00,0.0302,0.1027,42.206791020254975
2019-06-16 05:00:00,0.0773,0.0868,46.36461103340142
2019-06-16 06:00:00,0.1391,0.0676,19.79467773041674
2019-06-16 07:00:00,0.2097,0.0588,34.10252384229129
2019-06-16 08:00:00,0.2742,0.0577,42.924880468123796
2019-06-16 09:00:00,0.3129,0.0642,26.859478757412745
2019-06-16 10:00:00,0.3287,0.071,-26.639421448246576
2019-06-16 11:00:00,0.3384,0.0694,33.772141361755374
2019-06-16 12:00:00,0.3314,0.0617,39.386375937854446
2019-06-16 13:00:00,0.3044,0.0571,47.12851042904394
2019-06-16 14:00:00,0.2655,0.0523,41.810975917904365
2019-06-16 15:00:00,0.213,0.0578,27.862198250539958
2019-06-16 16:00:00,0.1449,0.0434,35.205227652871855
2019-06-16 17:00:00,0.076,0.0323,22.19215062466781
2019-06-16 18:00:00,0.0238,0.0229,32.331831048799124
2019-06-16 19:00:00,0.0018,0.0163,35.085413475768604
2019-06-16 20:00:00,0.0,0.0162,17.001895318450504
2019-06-16 21:00:00,0.0,0.0161,31.798552875127637
2019-06-16 22:00:00,0.0,0.0205,7.914588808353276
2019-06-16 23:00:00,0.0,0.0268,19.867030591789867
2019-06-17 00:00:00,0.0,0.0272,28.29572175549356
2019-06-17 01:00:00,0.0,0.035,22.74744829911641
2019-06-17 02:00:00,0.0001,0.0468,40.4874601871918
2019-06-17 03:00:00,0.0066,0.0548,6.2642486821502
2019-06-17 04:00:00,0.0443,0.0568,43.177237694866854
2019-06-17 05:00:00,0.1303,0.0469,29.708353919428248
2019-06-17 06:00:00,0.2553,0.0325,-25.999438643614695
2019-06-17 07:00:00,0.3838,0.0335,21.80166243583843
2019-06-17 08:00:00,0.4763,0.0332,41.08447970804923
2019-06-17 09:00:00,0.5274,0.0316,45.28151392436181
2019-06-17 10:00:00,0.5403,0.0266,57.5004507672804
2019-06-17 11:00:00,0.5292,0.0229,45.56159639688651
2019-06-17 12:00:00,0.5048,0.022,52.27597146428891
2019-06-17 13:00:00,0.4608,0.0225,-27.699954003714822
2019-06-17 14:00:00,0.395,0.0251,38.49119426184187
2019-06-17 15:00:00,0.2973,0.0284,45.00860196522241
2019-06-17 16:00:00,0.1877,0.0314,47.37242104264747
2019-06-17 17:00:00,0.0905,0.0356,37.182013766725554
2019-06-17 18:00:00,0.0284,0.0475,46.194171144160435
2019-06-17 19:00:00,0.0022,0.0768,32.881108870630655
2019-06-17 20:00:00,0.0,0.1234,25.621139722834414
2019-06-17 21:00:00,0.0,0.1666,4.1604670386072655
2019-06-17 22:00:00,0.0,0.2005,26.419456558958657
2019-06-17 23:00:00,0.0,0.2123,16.453586636543278
2019-06-18 00:00:00,0.0,0.2053,34.39634099326973
2019-06-18 01:00:00,0.0,0.1879,35.26796392807394
2019-06-18 02:00:00,0.0001,0.1658,34.47169233990207
2019-06-18 03:00:00,0.0068,0.1511,25.053887954641283
2019-06-18 04:00:00,0.0466,0.1258,25.624342796583807
2019-06-18 05:00:00,0.134,0.0848,32.66584413548907
2019-06-18 06:00:00,0.2583,0.0396,30.77035627329234
2019-06-18 07:00:00,0.3813,0.0312,22.437075906195588
2019-06-18 08:00:00,0.4783,0.0455,39.94398244936407
2019-06-18 09:00:00,0.5321,0.0684,36.72201905093954
2019-06-18 10:00:00,0.5438,0.0816,64.28983820915354
2019-06-18 11:00:00,0.5396,0.0841,58.69557922388523
2019-06-18 12:00:00,0.5121,0.075,36.27467516436074
2019-06-18 13:00:00,0.4545,0.0655,43.68863688381805
2019-06-18 14:00:00,0.378,0.0576,45.21532999479889
2019-06-18 15:00:00,0.276,0.0538,25.231500238277846
2019-06-18 16:00:00,0.1653,0.0496,16.41682126225852
2019-06-18 17:00:00,0.0788,0.0504,53.98004756134365
2019-06-18 18:00:00,0.0264,0.0629,44.11451651570729
2019-06-18 19:00:00,0.0026,0.0913,15.12751917353026
2019-06-18 20:00:00,0.0,0.1278,38.673531195506385
2019-06-18 21:00:00,0.0,0.1493,8.786046366949034
2019-06-18 22:00:00,0.0,0.1488,16.09956810616155
2019-06-18 23:00:00,0.0,0.1432,9.596269398548138
2019-06-19 00:00:00,0.0,0.141,30.138788181677285
2019-06-19 01:00:00,0.0,0.1373,17.272733495291774
2019-06-19 02:00:00,0.0001,0.1244,53.14317508266787
2019-06-19 03:00:00,0.0064,0.1271,24.663791108400623
2019-06-19 04:00:00,0.0444,0.1232,-46.44370186535153
2019-06-19 05:00:00,0.1203,0.1019,-20.779023412808634
2019-06-19 06:00:00,0.2346,0.068,22.23236039768524
2019-06-19 07:00:00,0.355,0.054,19.412867562853908
2019-06-19 08:00:00,0.453,0.063,21.884155824462123
2019-06-19 09:00:00,0.5136,0.0923,46.10936080798919
2019-06-19 10:00:00,0.5287,0.1219,52.03006722481305
2019-06-19 11:00:00,0.5184,0.1244,38.7672769295051
2019-06-19 12:00:00,0.478,0.1215,44.71645642196947
2019-06-19 13:00:00,0.4267,0.1138,28.805986076913495
2019-06-19 14:00:00,0.3618,0.102,67.887148227845
2019-06-19 15:00:00,0.2674,0.109,29.727162678668336
2019-06-19 16:00:00,0.1622,0.1151,28.43821496108231
2019-06-19 17:00:00,0.0734,0.1083,36.96088732778658
2019-06-19 18:00:00,0.0212,0.1153,27.074152970787615
2019-06-19 19:00:00,0.0015,0.1362,59.3110912505669
2019-06-19 20:00:00,0.0,0.1594,28.549748141312545
2019-06-19 21:00:00,0.0,0.161,47.008067859548404
2019-06-19 22:00:00,0.0,0.1644,-17.695893844732183
2019-06-19 23:00:00,0.0,0.1872,32.464113093534344
2019-06-20 00:00:00,0.0,0.2014,24.973102480260494
2019-06-20 01:00:00,0.0,0.1856,19.70094806365454
2019-06-20 02:00:00,0.0001,0.1725,51.74602909101897
2019-06-20 03:00:00,0.005,0.1521,8.942455020143719
2019-06-20 04:00:00,0.0345,0.1603,30.76839783228311
2019-06-20 05:00:00,0.0897,0.1544,38.807965117207125
2019-06-20 06:00:00,0.1566,0.1318,48.5296475579858
2019-06-20 07:00:00,0.2324,0.1296,38.86089017538431
2019-06-20 08:00:00,0.3115,0.1253,29.337934283511515
2019-06-20 09:00:00,0.3602,0.127,26.29164403649602
2019-06-20 10:00:00,0.3743,0.1348,54.63355260799043
2019-06-20 11:00:00,0.3787,0.143,62.14618069437461
2019-06-20 12:00:00,0.3546,0.1454,21.107541392537094
2019-06-20 13:00:00,0.3065,0.1315,42.65904438055259
2019-06-20 14:00:00,0.2484,0.1227,52.507250461780814
2019-06-20 15:00:00,0.1901,0.1135,-40.24111143244879
2019-06-20 16:00:00,0.1273,0.1006,32.179048235590855
2019-06-20 17:00:00,0.067,0.0741,6.082477583935123
2019-06-20 18:00:00,0.0221,0.0628,31.67699001773222
2019-06-20 19:00:00,0.002,0.0571,26.948610350957154
2019-06-20 20:00:00,0.0,0.0484,31.616946051655734
2019-06-20 21:00:00,0.0,0.0598,26.862172883350844
2019-06-20 22:00:00,0.0,0.0642,9.949040349996896
2019-06-20 23:00:00,0.0,0.0578,-39.55427816590735
2019-06-21 00:00:00,0.0,0.0505,46.98132692292931
2019-06-21 01:00:00,0.0,0.051,16.388938136639364
2019-06-21 02:00:00,0.0,0.0543,43.13781915793149
2019-06-21 03:00:00,0.0054,0.0613,37.648791711750206
2019-06-21 04:00:00,0.0398,0.0618,-26.228977919962063
2019-06-21 05:00:00,0.1074,0.0432,30.20213919991656
2019-06-21 06:00:00,0.2008,0.0417,37.17705010726707
2019-06-21 07:00:00,0.2985,0.0535,31.996164276545507
2019-06-21 08:00:00,0.3841,0.0557,36.753114714751945
2019-06-21 09:00:00,0.443,0.064,41.62489614832993
2019-06-21 10:00:00,0.4657,0.0749,46.099615626944015
2019-06-21 11:00:00,0.4684,0.0761,51.561359734173315
2019-06-21 12:00:00,0.4453,0.0756,48.55631445628875
2019-06-21 13:00:00,0.3974,0.0724,-34.737256975372176
2019-06-21 14:00:00,0.3346,0.071,43.03216832034122
2019-06-21 15:00:00,0.2562,0.0744,31.563651652373228
2019-06-21 16:00:00,0.1635,0.0774,32.964674282747076
2019-06-21 17:00:00,0.0827,0.0752,22.000227642335034
2019-06-21 18:00:00,0.0268,0.0746,25.29431384249141
2019-06-21 19:00:00,0.0025,0.0864,43.558458661897404
2019-06-21 20:00:00,0.0,0.1068,20.079547170444666
2019-06-21 21:00:00,0.0,0.121,32.719521249237246
2019-06-21 22:00:00,0.0,0.1247,61.025727986435854
2019-06-21 23:00:00,0.0,0.1241,18.06882779918057
2019-06-22 00:00:00,0.0,0.1274,18.96445658362344
2019-06-22 01:00:00,0.0,0.1248,20.919430518944605
2019-06-22 02:00:00,0.0001,0.1336,41.01489292610191
2019-06-22 03:00:00,0.0063,0.1465,27.72944313440101
2019-06-22 04:00:00,0.0442,0.1455,24.59838865047295
2019-06-22 05:00:00,0.1211,0.1032,32.533855965552384
2019-06-22 06:00:00,0.2205,0.0708,46.135924277907904
2019-06-22 07:00:00,0.3063,0.063,36.62024664434432
2019-06-22 08:00:00,0.3804,0.0692,38.46066742234106
2019-06-22 09:00:00,0.4238,0.0827,34.19409451312261
2019-06-22 10:00:00,0.4412,0.0923,-49.619797583619956
2019-06-22 11:00:00,0.4342,0.0966,33.376519277365844
2019-06-22 12:00:00,0.4069,0.1086,29.65850674369773
2019-06-22 13:00:00,0.3566,0.1266,27.320586590731878
2019-06-22 14:00:00,0.2866,0.1468,47.678722221068035
2019-06-22 15:00:00,0.2078,0.1608,28.954707486050733
2019-06-22 16:00:00,0.1283,0.1811,24.598630126882
2019-06-22 17:00:00,0.0626,0.201,14.72951705558949
2019-06-22 18:00:00,0.0212,0.2043,23.631178836481656
2019-06-22 19:00:00,0.0027,0.2229,40.15310522582595
2019-06-22 20:00:00,0.0,0.2591,-48.28201821359641
2019-06-22 21:00:00,0.0,0.275,14.443266205733018
2019-06-22 22:00:00,0.0,0.2699,13.38098580724851
2019-06-22 23:00:00,0.0,0.2658,10.326276847318866
2019-06-23 00:00:00,0.0,0.2483,31.979337497908435
2019-06-23 01:00:00,0.0,0.2371,18.591555465674997
2019-06-23 02:00:00,0.0001,0.2358,-42.01032229713892
2019-06-23 03:00:00,0.0055,0.2267,47.312699720815274
2019-06-23 04:00:00,0.038,0.1948,22.355147954855656
2019-06-23 05:00:00,0.111,0.14,32.621540877493885
2019-06-23 06:00:00,0.2123,0.1013,10.669964834493431
2019-06-23 07:00:00,0.3207,0.0925,29.32252489884896
2019-06-23 08:00:00,0.4131,0.1082,29.36314570099242
2019-06-23 09:00:00,0.4798,0.1502,38.1636726414727
2019-06-23 10:00:00,0.5152,0.1697,46.603888167460504
2019-06-23 11:00:00,0.5125,0.179,33.414843548088804
2019-06-23 12:00:00,0.4851,0.1806,43.70885980028274
2019-06-23 13:00:00,0.4494,0.1729,37.51552841788961
2019-06-23 14:00:00,0.388,0.1568,51.063079281266425
2019-06-23 15:00:00,0.2908,0.1426,25.257332545995723
2019-06-23 16:00:00,0.1795,0.1416,49.776199974790586
2019-06-23 17:00:00,0.0833,0.1454,35.35511142499234
2019-06-23 18:00:00,0.0259,0.1564,37.97331534891706
2019-06-23 19:00:00,0.0021,0.2161,39.385792996367186
2019-06-23 20:00:00,0.0,0.2805,38.160640584788055
2019-06-23 21:00:00,0.0,0.3103,33.03318042687074
2019-06-23 22:00:00,0.0,0.3199,-10.24866514477205
2019-06-23 23:00:00,0.0,0.3058,19.753099405941196
2019-06-24 00:00:00,0.0,0.283,43.59944002343694
2019-06-24 01:00:00,0.0,0.2674,29.0840978795698
2019-06-24 02:00:00,0.0001,0.2562,36.11539400503527
2019-06-24 03:00:00,0.0063,0.2599,10.252311976635287
2019-06-24 04:00:00,0.0455,0.2527,33.36672569670425
2019-06-24 05:00:00,0.1346,0.1994,58.06337249429703
2019-06-24 06:00:00,0.2595,0.1392,37.798074038150354
2019-06-24 07:00:00,0.3844,0.1263,43.64414187660926
2019-06-24 08:00:00,0.4877,0.1495,42.80593913136002
2019-06-24 09:00:00,0.5565,0.1751,43.74736253577377
2019-06-24 10:00:00,0.5931,0.1856,27.794462404588323
2019-06-24 11:00:00,0.5974,0.182,43.26406264012824
2019-06-24 12:00:00,0.5729,0.1723,47.832356143047924
2019-06-24 13:00:00,0.5188,0.1741,32.042370339540106
2019-06-24 14:00:00,0.4348,0.1737,51.07534578972428
2019-06-24 15:00:00,0.3196,0.1724,27.564845868980807
2019-06-24 16:00:00,0.1924,0.1705,60.22184285461973
2019-06-24 17:00:00,0.0861,0.1752,38.77053771482008
2019-06-24 18:00:00,0.0269,0.1938,39.318609040242755
2019-06-24 19:00:00,0.0022,0.2497,36.54438467282049
2019-06-24 20:00:00,0.0,0.3065,44.27461965373443
2019-06-24 21:00:00,0.0,0.3332,25.37198411227166
2019-06-24 22:00:00,0.0,0.3422,-32.78272561798895
2019-06-24 23:00:00,0.0,0.3346,37.30130857752138
2019-06-25 00:00:00,0.0,0.316,46.80078329764334
2019-06-25 01:00:00,0.0,0.3021,46.57610554427691
2019-06-25 02:00:00,0.0001,0.2892,9.245992986490773
2019-06-25 03:00:00,0.0067,0.2788,39.19416685699793
2019-06-25 04:00:00,0.0458,0.2475,46.01470566199403
2019-06-25 05:00:00,0.132,0.1717,25.19495188466729
2019-06-25 06:00:00,0.252,0.1024,31.604678711480126
2019-06-25 07:00:00,0.3684,0.0728,18.956707891629375
2019-06-25 08:00:00,0.465,0.0752,40.5253574490124
2019-06-25 09:00:00,0.5312,0.0889,44.52638593805923
2019-06-25 10:00:00,0.566,0.1077,31.826386322792604
2019-06-25 11:00:00,0.5706,0.1192,29.338778894769476
2019-06-25 12:00:00,0.5487,0.1239,21.62869571782943
2019-06-25 13:00:00,0.4963,0.1193,19.484283721047213
2019-06-25 14:00:00,0.4165,0.1061,52.71726677732075
2019-06-25 15:00:00,0.3058,0.087,45.902847167869965
2019-06-25 16:00:00,0.1857,0.0701,42.0775473703801
2019-06-25 17:00:00,0.0857,0.0568,51.4133582560233
2019-06-25 18:00:00,0.0283,0.0594,33.11742275649893
2019-06-25 19:00:00,0.0027,0.0809,38.53077284870947
2019-06-25 20:00:00,0.0,0.104,22.729091811583437
2019-06-25 21:00:00,0.0,0.1196,35.37697749935858
2019-06-25 22:00:00,0.0,0.1214,43.295891375182336
2019-06-25 23:00:00,0.0,0.1103,30.987017503331057
2019-06-26 00:00:00,0.0,0.1029,38.39322974820814
2019-06-26 01:00:00,0.0,0.1027,12.492997973831486
2019-06-26 02:00:00,0.0001,0.1027,60.52253012355864
2019-06-26 03:00:00,0.0061,0.1164,49.83370230419348
2019-06-26 04:00:00,0.0435,0.1159,26.431360241353886
2019-06-26 05:00:00,0.1272,0.0927,27.37006717580229
2019-06-26 06:00:00,0.2441,0.058,39.49487607190443
2019-06-26 07:00:00,0.3619,0.0594,10.243414849959699
2019-06-26 08:00:00,0.4561,0.0812,36.7552741232932
2019-06-26 09:00:00,0.5204,0.1179,44.57825138129865
2019-06-26 10:00:00,0.5547,0.1642,20.883693142339073
2019-06-26 11:00:00,0.5592,0.1932,40.99244635490169
2019-06-26 12:00:00,0.5376,0.2171,19.686785021743294
2019-06-26 13:00:00,0.4883,0.2417,55.46086685308108
2019-06-26 14:00:00,0.4118,0.2776,48.17633587831284
2019-06-26 15:00:00,0.3036,0.3008,39.16748023004193
2019-06-26 16:00:00,0.1843,0.3182,35.664207194054704
2019-06-26 17:00:00,0.0828,0.3272,39.4397263663856
2019-06-26 18:00:00,0.0257,0.3234,24.52896420170755
2019-06-26 19:00:00,0.0021,0.3272,16.102899263086275
2019-06-26 20:00:00,0.0,0.3282,24.758749007848596
2019-06-26 21:00:00,0.0,0.3159,-1.8824147758970327
2019-06-26 22:00:00,0.0,0.3004,20.209975427426272
2019-06-26 23:00:00,0.0,0.3018,40.02222200824851
2019-06-27 00:00:00,0.0,0.2905,45.30775809946321
2019-06-27 01:00:00,0.0,0.2744,-11.20202772085991
2019-06-27 02:00:00,0.0001,0.2558,41.290378119606544
2019-06-27 03:00:00,0.0056,0.2532,8.198425936333322
2019-06-27 04:00:00,0.0411,0.2471,-40.363021238032196
2019-06-27 05:00:00,0.1193,0.2379,44.76862305655733
2019-06-27 06:00:00,0.2391,0.2112,58.17061605453533
2019-06-27 07:00:00,0.3599,0.1856,25.11166028749694
2019-06-27 08:00:00,0.4428,0.1895,33.56326554937814
2019-06-27 09:00:00,0.5064,0.1993,31.195758317778285
2019-06-27 10:00:00,0.5388,0.213,36.28428628844462
2019-06-27 11:00:00,0.5427,0.2262,29.242898788218874
2019-06-27 12:00:00,0.5225,0.2352,-10.07381400874312
2019-06-27 13:00:00,0.4784,0.2466,52.07769330026745
2019-06-27 14:00:00,0.4101,0.2569,24.662354729967795
2019-06-27 15:00:00,0.3118,0.2685,61.80135680373091
2019-06-27 16:00:00,0.195,0.285,15.934891400389692
2019-06-27 17:00:00,0.088,0.2889,52.19156017801211
2019-06-27 18:00:00,0.027,0.2713,49.39575901239117
2019-06-27 19:00:00,0.0023,0.2629,19.71542062736724
2019-06-27 20:00:00,0.0,0.2476,37.40289661871717
2019-06-27 21:00:00,0.0,0.2288,49.473761945528764
2019-06-27 22:00:00,0.0,0.2067,33.44045332884126
2019-06-27 23:00:00,0.0,0.1742,31.89126288169799
2019-06-28 00:00:00,0.0,0.1486,35.165784368097235
2019-06-28 01:00:00,0.0,0.1343,39.669241746510174
2019-06-28 02:00:00,0.0001,0.1207,33.64309942783697
2019-06-28 03:00:00,0.0052,0.1006,33.40661904436485
2019-06-28 04:00:00,0.0382,0.0826,60.12058978387526
2019-06-28 05:00:00,0.111,0.0562,48.49583975863482
2019-06-28 06:00:00,0.2134,0.04,35.64213000028816
2019-06-28 07:00:00,0.3323,0.0315,30.04752258637264
2019-06-28 08:00:00,0.442,0.0296,37.05641609280066
2019-06-28 09:00:00,0.522,0.0308,47.12175481857368
2019-06-28 10:00:00,0.574,0.0326,43.17759817851955
2019-06-28 11:00:00,0.5902,0.0366,42.23129377006963
2019-06-28 12:00:00,0.5738,0.0375,36.370026496677895
2019-06-28 13:00:00,0.5304,0.0396,16.960251679228428
2019-06-28 14:00:00,0.4532,0.04,28.491924044622486
2019-06-28 15:00:00,0.3387,0.0418,26.89753838101151
2019-06-28 16:00:00,0.2072,0.0424,40.636295627788485
2019-06-28 17:00:00,0.0928,0.0447,27.810269020286825
2019-06-28 18:00:00,0.0278,0.0469,22.457870905340233
2019-06-28 19:00:00,0.0026,0.0604,40.09168790869063
2019-06-28 20:00:00,0.0,0.0757,11.73251774726813
2019-06-28 21:00:00,0.0,0.086,36.37525055740879
2019-06-28 22:00:00,0.0,0.0866,31.371507210611327
2019-06-28 23:00:00,0.0,0.08,40.98558883659658
2019-06-29 00:00:00,0.0,0.0737,40.32472562767865
2019-06-29 01:00:00,0.0,0.0736,29.000963090937514
2019-06-29 02:00:00,0.0001,0.0701,22.125670712776067
2019-06-29 03:00:00,0.0058,0.0716,35.57046879851727
2019-06-29 04:00:00,0.0433,0.0713,10.54573679347877
2019-06-29 05:00:00,0.136,0.0563,21.146235706939123
2019-06-29 06:00:00,0.266,0.0251,-9.380470209212174
2019-06-29 07:00:00,0.3955,0.0201,38.01426178402079
2019-06-29 08:00:00,0.4968,0.0241,46.941567110249025
2019-06-29 09:00:00,0.5631,0.0251,40.88399505961318
2019-06-29 10:00:00,0.5986,0.0239,46.300772457173814
2019-06-29 11:00:00,0.6035,0.0226,73.6713840286662
2019-06-29 12:00:00,0.5804,0.0236,12.83966903425124
2019-06-29 13:00:00,0.5301,0.0224,44.50497965237535
2019-06-29 14:00:00,0.4494,0.0212,11.000341088500761
2019-06-29 15:00:00,0.3341,0.0199,5.745438255196483
2019-06-29 16:00:00,0.2052,0.0192,40.15814114718067
2019-06-29 17:00:00,0.0908,0.0242,64.11977982829391
2019-06-29 18:00:00,0.0267,0.0364,16.524313966938095
2019-06-29 19:00:00,0.0023,0.0649,36.57819009103088
2019-06-29 20:00:00,0.0,0.1105,14.154458574722948
2019-06-29 21:00:00,0.0,0.1509,17.765914114489604
2019-06-29 22:00:00,0.0,0.1825,34.55898678033779
2019-06-29 23:00:00,0.0,0.2134,38.61457066700248
2019-06-30 00:00:00,0.0,0.2372,31.50919780134566
2019-06-30 01:00:00,0.0,0.2589,41.06563318499045
2019-06-30 02:00:00,0.0,0.2828,42.52043301625602
2019-06-30 03:00:00,0.0056,0.2954,24.519732113810655
2019-06-30 04:00:00,0.0423,0.3092,21.284716070972184
2019-06-30 05:00:00,0.1318,0.2713,32.07821161184833
2019-06-30 06:00:00,0.26,0.1804,58.65940297744097
2019-06-30 07:00:00,0.384,0.1383,31.007986472542694
2019-06-30 08:00:00,0.4806,0.1557,46.67608542159173
2019-06-30 09:00:00,0.5448,0.2072,41.96151904925374
2019-06-30 10:00:00,0.5781,0.2588,44.6859957954979
2019-06-30 11:00:00,0.5797,0.2706,-40.451168501061595
2019-06-30 12:00:00,0.5579,0.2553,34.65526558270463
2019-06-30 13:00:00,0.5081,0.3219,33.93052290109836
2019-06-30 14:00:00,0.4237,0.3302,15.784656320916756
2019-06-30 15:00:00,0.304,0.2972,40.355285576393456
2019-06-30 16:00:00,0.1861,0.2869,49.70915767109733
2019-06-30 17:00:00,0.0839,0.292,35.89597892040474
2019-06-30 18:00:00,0.0265,0.2582,14.779281355056852
2019-06-30 19:00:00,0.0026,0.2362,24.06959379612642
2019-06-30 20:00:00,0.0,0.228,42.72112704562787
2019-06-30 21:00:00,0.0,0.207,31.058620733599255
2019-06-30 22:00:00,0.0,0.1685,23.110453641053073
2019-06-30 23:00:00,0.0,0.136,27.76652758317136
2019-07-01 00:00:00,0.0,0.1234,29.86677211633902
2019-07-01 01:00:00,0.0,0.1173,15.792225740846344
2019-07-01 02:00:00,0.0,0.1206,20.62524354539816
2019-07-01 03:00:00,0.0052,0.1348,33.73504340904078
2019-07-01 04:00:00,0.0371,0.1381,15.666242067937212
2019-07-01 05:00:00,0.1009,0.1219,81.91307305360343
2019-07-01 06:00:00,0.1899,0.108,38.607876289407535
2019-07-01 07:00:00,0.2861,0.1314,29.9925876874151
2019-07-01 08:00:00,0.365,0.194,42.452670285326505
2019-07-01 09:00:00,0.4231,0.2532,44.28269996743758
2019-07-01 10:00:00,0.4646,0.3002,75.73537271091166
2019-07-01 11:00:00,0.4735,0.3596,20.52367598946664
2019-07-01 12:00:00,0.4433,0.405,64.82076354343847
2019-07-01 13:00:00,0.3788,0.4333,46.99862715363819
2019-07-01 14:00:00,0.3097,0.4376,24.99374031544361
2019-07-01 15:00:00,0.2323,0.4441,39.96165827934174
2019-07-01 16:00:00,0.1515,0.443,41.00755976140206
2019-07-01 17:00:00,0.0746,0.4308,58.7286030382706
2019-07-01 18:00:00,0.0246,0.4045,32.431048086120505
2019-07-01 19:00:00,0.0021,0.343,17.815715911084972
2019-07-01 20:00:00,0.0,0.2927,34.22377845988153
2019-07-01 21:00:00,0.0,0.2934,7.6949574533120035
2019-07-01 22:00:00,0.0,0.2968,23.17898064129751
2019-07-01 23:00:00,0.0,0.2932,27.609210145310627
2019-07-02 00:00:00,0.0,0.2866,30.33965599518679
2019-07-02 01:00:00,0.0,0.2822,24.442665017526977
2019-07-02 02:00:00,0.0,0.2753,44.507703052695035
2019-07-02 03:00:00,0.0048,0.2696,30.01855534648739
2019-07-02 04:00:00,0.0352,0.2765,42.53498836234336
2019-07-02 05:00:00,0.1109,0.2863,21.454496781946645
2019-07-02 06:00:00,0.2184,0.3196,45.067042330808306
2019-07-02 07:00:00,0.3193,0.3188,38.24647181903923
2019-07-02 08:00:00,0.3988,0.3128,40.18926448166655
2019-07-02 09:00:00,0.4503,0.319,-31.09723592717666
2019-07-02 10:00:00,0.4741,0.3299,27.57500441634121
2019-07-02 11:00:00,0.4785,0.3344,22.627285016978647
2019-07-02 12:00:00,0.4705,0.325,51.25949039627106
2019-07-02 13:00:00,0.4423,0.3146,51.417758288360076
2019-07-02 14:00:00,0.3843,0.3106,28.139575072584456
2019-07-02 15:00:00,0.2912,0.3097,40.79590117346837
2019-07-02 16:00:00,0.1847,0.3034,51.973379336893835
2019-07-02 17:00:00,0.0884,0.2958,37.97951553257623
2019-07-02 18:00:00,0.0277,0.2625,22.981375376357622
2019-07-02 19:00:00,0.0023,0.2104,51.923051769310646
2019-07-02 20:00:00,0.0,0.1878,-28.418545706280813
2019-07-02 21:00:00,0.0,0.1838,28.7820456662871
2019-07-02 22:00:00,0.0,0.181,28.33925949030423
2019-07-02 23:00:00,0.0,0.1754,26.457339231296793
2019-07-03 00:00:00,0.0,0.17,27.911734140702684
2019-07-03 01:00:00,0.0,0.1722,54.79822169368489
2019-07-03 02:00:00,0.0,0.1737,29.75540413576309
2019-07-03 03:00:00,0.0052,0.1694,34.19080488209213
2019-07-03 04:00:00,0.0423,0.1472,20.597917752589535
2019-07-03 05:00:00,0.1278,0.1071,18.315870729719514
2019-07-03 06:00:00,0.2515,0.1048,46.7691737620149
2019-07-03 07:00:00,0.3617,0.1321,37.11873472317655
2019-07-03 08:00:00,0.4307,0.1507,38.1789764206123
2019-07-03 09:00:00,0.4653,0.166,33.364923925547046
2019-07-03 10:00:00,0.479,0.1974,70.78644339011815
2019-07-03 11:00:00,0.488,0.2161,23.829964869001127
2019-07-03 12:00:00,0.4803,0.2288,40.57679497321791
2019-07-03 13:00:00,0.4483,0.2368,37.46348173748528
2019-07-03 14:00:00,0.3927,0.2468,49.34730881398409
2019-07-03 15:00:00,0.3066,0.2424,23.794059668129332
2019-07-03 16:00:00,0.1948,0.2371,28.09193059458131
2019-07-03 17:00:00,0.0909,0.2244,23.811747948170357
2019-07-03 18:00:00,0.0272,0.1986,17.38335501512938
2019-07-03 19:00:00,0.0023,0.1863,64.01606032703083
2019-07-03 20:00:00,0.0,0.199,34.87695589636297
2019-07-03 21:00:00,0.0,0.2201,30.731652505883584
2019-07-03 22:00:00,0.0,0.2239,31.643871884117967
2019-07-03 23:00:00,0.0,0.2106,25.145631260951426
2019-07-04 00:00:00,0.0,0.196,23.249905893419466
2019-07-04 01:00:00,0.0,0.1873,50.188334534293396
2019-07-04 02:00:00,0.0,0.1842,33.26115650827846
2019-07-04 03:00:00,0.0052,0.186,38.32485697695089
2019-07-04 04:00:00,0.0413,0.1714,32.583678106942415
2019-07-04 05:00:00,0.1297,0.122,27.895130453777078
2019-07-04 06:00:00,0.2549,0.1166,-15.304636233698668
2019-07-04 07:00:00,0.3786,0.1371,51.4328204599734
2019-07-04 08:00:00,0.4715,0.1493,27.060334926582044
2019-07-04 09:00:00,0.5353,0.1575,13.210552263447099
2019-07-04 10:00:00,0.5651,0.1627,29.334099821031888
2019-07-04 11:00:00,0.5682,0.1715,38.08145565434339
2019-07-04 12:00:00,0.5449,0.1884,48.844013857682526
2019-07-04 13:00:00,0.4935,0.2076,42.50608099616486
2019-07-04 14:00:00,0.4135,0.2146,21.8159324265255
2019-07-04 15:00:00,0.3029,0.2191,29.08148729918689
2019-07-04 16:00:00,0.1854,0.2195,41.77959178853937
2019-07-04 17:00:00,0.0832,0.2196,40.4576075403766
2019-07-04 18:00:00,0.0255,0.2077,44.73965371242278
2019-07-04 19:00:00,0.0018,0.1979,26.76959238918018
2019-07-04 20:00:00,0.0,0.1944,21.046235330174312
2019-07-04 21:00:00,0.0,0.2151,23.638002127768402
2019-07-04 22:00:00,0.0,0.2192,12.506062876032122
2019-07-04 23:00:00,0.0,0.2195,31.306516928535906
2019-07-05 00:00:00,0.0,0.2291,46.39810057681054
2019-07-05 01:00:00,0.0,0.2256,48.95696016141858
2019-07-05 02:00:00,0.0,0.2204,42.89291264681819
2019-07-05 03:00:00,0.0034,0.2223,17.24455256473147
2019-07-05 04:00:00,0.0283,0.2171,40.16108375854509
2019-07-05 05:00:00,0.0818,0.1997,27.356009769224833
2019-07-05 06:00:00,0.1577,0.1963,35.84520109144143
2019-07-05 07:00:00,0.2358,0.2226,30.753423786955864
2019-07-05 08:00:00,0.3076,0.2503,49.46457489053128
2019-07-05 09:00:00,0.3785,0.2739,40.16874374237815
2019-07-05 10:00:00,0.4357,0.299,69.24121807029354
2019-07-05 11:00:00,0.4553,0.3061,41.89386917030005
2019-07-05 12:00:00,0.447,0.3106,63.50306625996936
2019-07-05 13:00:00,0.4116,0.3193,56.49940190488006
2019-07-05 14:00:00,0.3472,0.3056,56.41129721925816
2019-07-05 15:00:00,0.2689,0.2705,37.22155388330759
2019-07-05 16:00:00,0.1707,0.223,48.60773025025218
2019-07-05 17:00:00,0.0813,0.176,16.241354930862286
2019-07-05 18:00:00,0.024,0.128,49.11675946649271
2019-07-05 19:00:00,0.0017,0.0988,21.725369051310505
2019-07-05 20:00:00,0.0,0.0796,27.540664275062106
2019-07-05 21:00:00,0.0,0.0656,34.67334242801237
2019-07-05 22:00:00,0.0,0.0534,20.536981130507673
2019-07-05 23:00:00,0.0,0.0479,33.967152426671646
2019-07-06 00:00:00,0.0,0.0447,12.322094023356648
2019-07-06 01:00:00,0.0,0.0494,33.74447682313057
2019-07-06 02:00:00,0.0,0.0574,32.093860017010776
2019-07-06 03:00:00,0.004,0.0792,32.80331515427106
2019-07-06 04:00:00,0.033,0.1015,38.76119843876508
2019-07-06 05:00:00,0.1028,0.1102,48.350098031202776
2019-07-06 06:00:00,0.206,0.1118,39.31181696260009
2019-07-06 07:00:00,0.314,0.1545,28.440843943630966
2019-07-06 08:00:00,0.3961,0.2154,38.13119846812357
2019-07-06 09:00:00,0.4391,0.2944,52.611329504949474
2019-07-06 10:00:00,0.4528,0.3445,39.46731353123927
2019-07-06 11:00:00,0.4364,0.3675,33.59280809273139
2019-07-06 12:00:00,0.3931,0.3815,64.34160349469073
2019-07-06 13:00:00,0.3262,0.3966,34.17220154331618
2019-07-06 14:00:00,0.2472,0.3964,60.99239286069859
2019-07-06 15:00:00,0.1724,0.3793,13.64482926961633
2019-07-06 16:00:00,0.113,0.3789,33.608363256856464
2019-07-06 17:00:00,0.0604,0.3632,47.32620625512261
2019-07-06 18:00:00,0.0196,0.3522,52.543343669870254
2019-07-06 19:00:00,0.0012,0.3377,35.02092502409046
2019-07-06 20:00:00,0.0,0.3052,41.91313409277508
2019-07-06 21:00:00,0.0,0.2831,35.40103613880424
2019-07-06 22:00:00,0.0,0.2779,23.469570786384764
2019-07-06 23:00:00,0.0,0.2648,20.83258023662603
2019-07-07 00:00:00,0.0,0.2646,26.88011253067507
2019-07-07 01:00:00,0.0,0.2596,25.266717763932604
2019-07-07 02:00:00,0.0,0.2495,20.804759587993022
2019-07-07 03:00:00,0.0037,0.2531,43.577227645178255
2019-07-07 04:00:00,0.0284,0.2381,6.494321400409923
2019-07-07 05:00:00,0.0727,0.224,11.71337323808697
2019-07-07 06:00:00,0.1289,0.2408,48.00024845986914
2019-07-07 07:00:00,0.1784,0.263,24.561593526121705
2019-07-07 08:00:00,0.2214,0.288,51.359386548848406
2019-07-07 09:00:00,0.2678,0.3002,62.60800776343818
2019-07-07 10:00:00,0.3106,0.3074,23.764861404055733
2019-07-07 11:00:00,0.3392,0.3209,43.558684192094276
2019-07-07 12:00:00,0.3551,0.3315,64.60473254111334
2019-07-07 13:00:00,0.3358,0.3382,15.983852657363137
2019-07-07 14:00:00,0.292,0.3529,32.445334789160945
2019-07-07 15:00:00,0.2232,0.3618,36.93010041112971
2019-07-07 16:00:00,0.1413,0.3346,37.885070471651744
2019-07-07 17:00:00,0.071,0.3001,27.925777367718666
2019-07-07 18:00:00,0.0228,0.2345,43.10325439828481
2019-07-07 19:00:00,0.0016,0.1811,-4.922436850747758
2019-07-07 20:00:00,0.0,0.1628,12.136439470065735
2019-07-07 21:00:00,0.0,0.1706,21.018281599075582
2019-07-07 22:00:00,0.0,0.1691,-48.48230301090598
2019-07-07 23:00:00,0.0,0.167,31.713161899913732
2019-07-08 00:00:00,0.0,0.1599,45.034882890431845
2019-07-08 01:00:00,0.0,0.1632,35.18658523621919
2019-07-08 02:00:00,0.0,0.1639,-39.40935787557608
2019-07-08 03:00:00,0.0039,0.1714,26.73929060652069
2019-07-08 04:00:00,0.0327,0.1598,35.829634699964124
2019-07-08 05:00:00,0.0977,0.1383,25.174135516556724
2019-07-08 06:00:00,0.188,0.1575,12.899482820511857
2019-07-08 07:00:00,0.2726,0.1921,44.28132595521173
2019-07-08 08:00:00,0.3184,0.2214,47.83862216671168
2019-07-08 09:00:00,0.3322,0.24,43.57291896318519
2019-07-08 10:00:00,0.3438,0.2488,41.2127425928396
2019-07-08 11:00:00,0.3488,0.2476,51.3186527353703
2019-07-08 12:00:00,0.3345,0.2474,37.10292103299753
2019-07-08 13:00:00,0.3082,0.2483,58.018873694075275
2019-07-08 14:00:00,0.2627,0.2483,46.21462123954002
2019-07-08 15:00:00,0.1987,0.2452,48.67568898698731
2019-07-08 16:00:00,0.1289,0.2317,35.43764503590292
2019-07-08 17:00:00,0.0655,0.2111,10.12748190597252
2019-07-08 18:00:00,0.021,0.1744,43.7076451261796
2019-07-08 19:00:00,0.0013,0.1505,17.787281498530316
2019-07-08 20:00:00,0.0,0.1393,47.62839966080654
2019-07-08 21:00:00,0.0,0.1463,40.46301107418739
2019-07-08 22:00:00,0.0,0.1509,20.545753979992877
2019-07-08 23:00:00,0.0,0.1624,33.8073804348989
2019-07-09 00:00:00,0.0,0.1639,16.160615692595655
2019-07-09 01:00:00,0.0,0.1633,27.199467854664945
2019-07-09 02:00:00,0.0,0.1634,35.71962798586531
2019-07-09 03:00:00,0.0037,0.1482,22.075140918957104
2019-07-09 04:00:00,0.0322,0.1265,52.14208801229001
2019-07-09 05:00:00,0.0918,0.1085,54.37447734253411
2019-07-09 06:00:00,0.177,0.1108,65.12423297866557
2019-07-09 07:00:00,0.2645,0.1276,34.18685412490567
2019-07-09 08:00:00,0.3268,0.1494,31.753039926561385
2019-07-09 09:00:00,0.357,0.1657,38.57613281570686
2019-07-09 10:00:00,0.3676,0.1805,39.24402703142324
2019-07-09 11:00:00,0.3808,0.192,44.22184529349324
2019-07-09 12:00:00,0.3741,0.202,36.90312737509699
2019-07-09 13:00:00,0.3499,0.2167,29.75581125050899
2019-07-09 14:00:00,0.3102,0.2244,48.74361368837611
2019-07-09 15:00:00,0.2474,0.2269,28.109806607821533
2019-07-09 16:00:00,0.1654,0.2138,81.29253690936129
2019-07-09 17:00:00,0.082,0.1984,27.57331387064911
2019-07-09 18:00:00,0.0252,0.1643,16.954331865078178
2019-07-09 19:00:00,0.0018,0.1425,8.544366897599673
2019-07-09 20:00:00,0.0,0.1493,29.90877307657879
2019-07-09 21:00:00,0.0,0.1592,29.082228361939766
2019-07-09 22:00:00,0.0,0.166,11.153240183674814
2019-07-09 23:00:00,0.0,0.1598,66.53277691057814
2019-07-10 00:00:00,0.0,0.1508,45.50616537002095
2019-07-10 01:00:00,0.0,0.1395,53.12074684111478
2019-07-10 02:00:00,0.0,0.1224,38.078204402490385
2019-07-10 03:00:00,0.0042,0.108,12.590817126503019
2019-07-10 04:00:00,0.0379,0.0924,46.41061118957903
2019-07-10 05:00:00,0.1166,0.0646,50.97537216379096
2019-07-10 06:00:00,0.2293,0.0557,12.970085187284358
2019-07-10 07:00:00,0.329,0.0675,27.4987585384046
2019-07-10 08:00:00,0.4112,0.0687,49.0066347247886
2019-07-10 09:00:00,0.4878,0.067,15.339186630267541
2019-07-10 10:00:00,0.5398,0.0706,42.782117826434344
2019-07-10 11:00:00,0.5554,0.0775,58.74516510897985
2019-07-10 12:00:00,0.5334,0.0848,27.367998733262866
2019-07-10 13:00:00,0.4779,0.09,41.451664430484364
2019-07-10 14:00:00,0.3997,0.0943,52.38008023943223
2019-07-10 15:00:00,0.2962,0.0988,34.158458743941964
2019-07-10 16:00:00,0.1785,0.1004,43.6466989749857
2019-07-10 17:00:00,0.0799,0.0874,40.931363144262534
2019-07-10 18:00:00,0.0225,0.0723,25.667702539644473
2019-07-10 19:00:00,0.0011,0.0645,33.699839152000386
2019-07-10 20:00:00,0.0,0.0716,27.512522189808692
2019-07-10 21:00:00,0.0,0.0716,25.348509019740504
2019-07-10 22:00:00,0.0,0.0669,36.604484108455836
2019-07-10 23:00:00,0.0,0.0629,45.95099492808846
2019-07-11 00:00:00,0.0,0.0586,31.219725652686886
2019-07-11 01:00:00,0.0,0.0506,38.176448698495044
2019-07-11 02:00:00,0.0,0.046,16.26936884686156
2019-07-11 03:00:00,0.0029,0.0468,38.8545936689917
2019-07-11 04:00:00,0.0241,0.0417,39.47004125874864
2019-07-11 05:00:00,0.0718,0.0288,45.63293792922991
2019-07-11 06:00:00,0.1343,0.0227,28.56392859606599
2019-07-11 07:00:00,0.1978,0.0209,-31.095171552588454
2019-07-11 08:00:00,0.2455,0.023,30.481852493961334
2019-07-11 09:00:00,0.2783,0.0292,64.94153575739496
2019-07-11 10:00:00,0.2834,0.0333,39.88563498574755
2019-07-11 11:00:00,0.2774,0.035,37.51121866193015
2019-07-11 12:00:00,0.2604,0.0352,20.059538335662058
2019-07-11 13:00:00,0.224,0.0391,56.98781732513916
2019-07-11 14:00:00,0.1789,0.0418,41.70373202460406
2019-07-11 15:00:00,0.1341,0.0448,30.183912417422306
2019-07-11 16:00:00,0.0892,0.0475,29.05897709735047
2019-07-11 17:00:00,0.0468,0.0449,29.97086946053893
2019-07-11 18:00:00,0.0138,0.0415,28.414766213915847
2019-07-11 19:00:00,0.0007,0.0414,16.92037312215496
2019-07-11 20:00:00,0.0,0.0486,33.00553183049078
2019-07-11 21:00:00,0.0,0.0558,-29.343450533417858
2019-07-11 22:00:00,0.0,0.0672,21.168072137056896
2019-07-11 23:00:00,0.0,0.0709,-14.288964934432048
2019-07-12 00:00:00,0.0,0.0655,35.09934048028972
2019-07-12 01:00:00,0.0,0.0574,1.9450169832408122
2019-07-12 02:00:00,0.0,0.0485,20.190895662859297
2019-07-12 03:00:00,0.0019,0.0394,45.902589506219016
2019-07-12 04:00:00,0.0211,0.0334,21.973859236642845
2019-07-12 05:00:00,0.0697,0.0281,18.46101024073163
2019-07-12 06:00:00,0.1347,0.0227,26.611113162138597
2019-07-12 07:00:00,0.2066,0.0236,40.72733397712309
2019-07-12 08:00:00,0.2652,0.0292,41.00014286546722
2019-07-12 09:00:00,0.3019,0.038,48.56233184149853
2019-07-12 10:00:00,0.3325,0.0546,50.01826143270056
2019-07-12 11:00:00,0.347,0.0752,47.7667136314912
2019-07-12 12:00:00,0.3238,0.1062,23.703374671362425
2019-07-12 13:00:00,0.2813,0.131,43.14589494934579
2019-07-12 14:00:00,0.225,0.1301,58.784117029781726
2019-07-12 15:00:00,0.1753,0.1402,43.43181785095904
2019-07-12 16:00:00,0.107,0.1327,38.825024471293546
2019-07-12 17:00:00,0.0526,0.114,49.35868989371523
2019-07-12 18:00:00,0.015,0.1031,21.757541592316144
2019-07-12 19:00:00,0.0008,0.0975,32.27394405186228
2019-07-12 20:00:00,0.0,0.098,34.20439084191908
2019-07-12 21:00:00,0.0,0.1192,16.867633251451856
2019-07-12 22:00:00,0.0,0.1312,-23.874369854423204
2019-07-12 23:00:00,0.0,0.1322,40.2529673636811
2019-07-13 00:00:00,0.0,0.1332,23.624928058894376
2019-07-13 01:00:00,0.0,0.1278,41.688532479778154
2019-07-13 02:00:00,0.0,0.1265,45.61047007432706
2019-07-13 03:00:00,0.0023,0.1328,31.077680716930086
2019-07-13 04:00:00,0.0181,0.1326,35.66712293133833
2019-07-13 05:00:00,0.0552,0.127,21.742775938785815
2019-07-13 06:00:00,0.106,0.12,27.026397857250345
2019-07-13 07:00:00,0.1626,0.1229,23.516084486368708
2019-07-13 08:00:00,0.2137,0.1282,48.06449020545461
2019-07-13 09:00:00,0.2553,0.1366,34.99656196892983
2019-07-13 10:00:00,0.2903,0.1458,33.73897822086152
2019-07-13 11:00:00,0.3208,0.1577,35.540514613112975
2019-07-13 12:00:00,0.3278,0.1698,30.629041944414453
2019-07-13 13:00:00,0.3122,0.1954,46.38160902092873
2019-07-13 14:00:00,0.267,0.2132,52.82289066426035
2019-07-13 15:00:00,0.2013,0.2158,38.457212573666105
2019-07-13 16:00:00,0.1291,0.2204,16.243707635483965
2019-07-13 17:00:00,0.0599,0.2043,26.351496143661585
2019-07-13 18:00:00,0.0169,0.1796,33.99869977421371
2019-07-13 19:00:00,0.0008,0.158,40.7844399603265
2019-07-13 20:00:00,0.0,0.1358,23.447627886615525
2019-07-13 21:00:00,0.0,0.1268,4.301513572474548
2019-07-13 22:00:00,0.0,0.1144,7.05130251790634
2019-07-13 23:00:00,0.0,0.106,28.489915767872603
2019-07-14 00:00:00,0.0,0.1078,12.676797685478473
2019-07-14 01:00:00,0.0,0.1165,43.45101038436529
2019-07-14 02:00:00,0.0,0.113,42.68688608046028
2019-07-14 03:00:00,0.0021,0.1083,28.341955631071322
2019-07-14 04:00:00,0.0192,0.0956,32.45819195008348
2019-07-14 05:00:00,0.0584,0.0794,57.47388678529591
2019-07-14 06:00:00,0.1132,0.0682,14.593536855656545
2019-07-14 07:00:00,0.1742,0.0572,19.626652815445407
2019-07-14 08:00:00,0.224,0.0474,39.054293323778914
2019-07-14 09:00:00,0.2646,0.0434,29.779891517439506
2019-07-14 10:00:00,0.2927,0.0478,58.195495641812606
2019-07-14 11:00:00,0.3046,0.0576,43.1761335889409
2019-07-14 12:00:00,0.3016,0.0724,34.62335582659952
2019-07-14 13:00:00,0.2785,0.088,38.25723750743925
2019-07-14 14:00:00,0.2411,0.1043,32.85807311391115
2019-07-14 15:00:00,0.1756,0.1161,45.71307643279878
2019-07-14 16:00:00,0.1141,0.1271,38.206453663352534
2019-07-14 17:00:00,0.0566,0.1243,23.691714958560315
2019-07-14 18:00:00,0.0149,0.1194,20.806173076447816
2019-07-14 19:00:00,0.0005,0.1142,52.718347826640546
2019-07-14 20:00:00,0.0,0.1085,30.90181841938165
2019-07-14 21:00:00,0.0,0.1054,31.219105950006956
2019-07-14 22:00:00,0.0,0.0965,32.854934089853806
2019-07-14 23:00:00,0.0,0.084,42.657701806127996
2019-07-15 00:00:00,0.0,0.0794,31.903166532035403
2019-07-15 01:00:00,0.0,0.0807,35.86510681917648
2019-07-15 02:00:00,0.0,0.0819,43.902519983563444
2019-07-15 03:00:00,0.0021,0.0811,30.92926645830343
2019-07-15 04:00:00,0.0204,0.0779,37.554555880894505
2019-07-15 05:00:00,0.0638,0.0702,29.780195845519966
2019-07-15 06:00:00,0.1291,0.0697,47.729790908691754
2019-07-15 07:00:00,0.2004,0.0805,134.31424768353307
2019-07-15 08:00:00,0.2559,0.0958,39.62216649246314
2019-07-15 09:00:00,0.2926,0.1106,42.89722271407795
2019-07-15 10:00:00,0.3109,0.1292,34.89327367839648
2019-07-15 11:00:00,0.3236,0.1517,47.05396676599137
2019-07-15 12:00:00,0.3268,0.1723,-34.687228499670255
2019-07-15 13:00:00,0.3122,0.1861,45.69830968303225
2019-07-15 14:00:00,0.28,0.1904,27.1326322043384
2019-07-15 15:00:00,0.2223,0.1996,50.8092503423994
2019-07-15 16:00:00,0.1448,0.2092,45.830284104571604
2019-07-15 17:00:00,0.0707,0.219,26.897336529432796
2019-07-15 18:00:00,0.0196,0.2086,39.45149149470086
2019-07-15 19:00:00,0.0009,0.201,37.01343700815012
2019-07-15 20:00:00,0.0,0.1949,21.971220854638926
2019-07-15 21:00:00,0.0,0.1943,18.372811829090615
2019-07-15 22:00:00,0.0,0.1813,37.3022142566647
2019-07-15 23:00:00,0.0,0.1644,31.85543165247099
2019-07-16 00:00:00,0.0,0.157,28.866199590347446
2019-07-16 01:00:00,0.0,0.1593,8.177699731257022
2019-07-16 02:00:00,0.0,0.1562,-7.84789949446786
2019-07-16 03:00:00,0.0018,0.16,57.815331731416315
2019-07-16 04:00:00,0.0233,0.1629,44.76786807703769
2019-07-16 05:00:00,0.0759,0.1603,34.7286401026026
2019-07-16 06:00:00,0.1523,0.1623,28.13880147982393
2019-07-16 07:00:00,0.2308,0.1778,50.24665766123848
2019-07-16 08:00:00,0.3009,0.1887,32.127584173484856
2019-07-16 09:00:00,0.3575,0.1997,30.61362654623793
2019-07-16 10:00:00,0.3993,0.2023,24.55955225556926
2019-07-16 11:00:00,0.4286,0.2042,23.28218583105208
2019-07-16 12:00:00,0.4373,0.2138,26.963643467712114
2019-07-16 13:00:00,0.4098,0.2182,49.63972361537657
2019-07-16 14:00:00,0.3499,0.2096,-10.909724521806378
2019-07-16 15:00:00,0.268,0.1979,44.24122231261167
2019-07-16 16:00:00,0.168,0.1913,44.183947858101135
2019-07-16 17:00:00,0.0766,0.1771,-25.544938675522808
2019-07-16 18:00:00,0.02,0.1537,48.63633700475047
2019-07-16 19:00:00,0.001,0.1375,19.373098323856432
2019-07-16 20:00:00,0.0,0.1406,32.130604286047955
2019-07-16 21:00:00,0.0,0.14,23.62590554248987
2019-07-16 22:00:00,0.0,0.1336,34.15060720681192
2019-07-16 23:00:00,0.0,0.1241,27.558315999323042
2019-07-17 00:00:00,0.0,0.1018,40.5285006518085
2019-07-17 01:00:00,0.0,0.0831,25.82928160244942
2019-07-17 02:00:00,0.0,0.0682,-41.297462878882975
2019-07-17 03:00:00,0.0024,0.0534,54.28161350307879
2019-07-17 04:00:00,0.0268,0.041,33.551848402138944
2019-07-17 05:00:00,0.0876,0.0242,29.658747360334594
2019-07-17 06:00:00,0.1778,0.0143,28.90499601936032
2019-07-17 07:00:00,0.2757,0.0103,17.7861631938253
2019-07-17 08:00:00,0.361,0.0087,32.570765569771645
2019-07-17 09:00:00,0.4317,0.01,36.01639948660356
2019-07-17 10:00:00,0.474,0.0114,39.18983996747316
2019-07-17 11:00:00,0.4781,0.015,40.304333134063384
2019-07-17 12:00:00,0.4634,0.0176,-43.27068507459623
2019-07-17 13:00:00,0.4297,0.0173,40.5391678744516
2019-07-17 14:00:00,0.376,0.0162,40.116524001638204
2019-07-17 15:00:00,0.2881,0.017,-37.7733381112213
2019-07-17 16:00:00,0.184,0.0204,48.291665856420224
2019-07-17 17:00:00,0.0856,0.0242,59.965309027217266
2019-07-17 18:00:00,0.0237,0.0255,31.25072891526836
2019-07-17 19:00:00,0.0011,0.0282,22.623554443499664
2019-07-17 20:00:00,0.0,0.0344,23.747749427640834
2019-07-17 21:00:00,0.0,0.0369,15.46761496220865
2019-07-17 22:00:00,0.0,0.0356,9.979761139810346
2019-07-17 23:00:00,0.0,0.0333,35.39803215803949
2019-07-18 00:00:00,0.0,0.029,33.282772840979
2019-07-18 01:00:00,0.0,0.028,-26.402357465669596
2019-07-18 02:00:00,0.0,0.0295,19.43734753313256
2019-07-18 03:00:00,0.0028,0.0338,21.429007212829866
2019-07-18 04:00:00,0.035,0.0335,29.069618455002725
2019-07-18 05:00:00,0.1124,0.0278,38.181962468702146
2019-07-18 06:00:00,0.2183,0.0155,-33.421204421264264
2019-07-18 07:00:00,0.3338,0.0108,42.27820311970795
2019-07-18 08:00:00,0.4358,0.0152,35.15411936598934
2019-07-18 09:00:00,0.4953,0.0239,61.09373093628496
2019-07-18 10:00:00,0.5114,0.0365,38.17187796943438
2019-07-18 11:00:00,0.5008,0.0581,49.765639601433364
2019-07-18 12:00:00,0.4648,0.0625,68.20073123807691
2019-07-18 13:00:00,0.4125,0.0667,40.797181783013485
2019-07-18 14:00:00,0.3365,0.069,42.321551506324305
2019-07-18 15:00:00,0.2418,0.0704,51.67225205819591
2019-07-18 16:00:00,0.1455,0.077,44.36628582851399
2019-07-18 17:00:00,0.0645,0.0716,54.506198437155504
2019-07-18 18:00:00,0.0163,0.0614,19.894828427720583
2019-07-18 19:00:00,0.0006,0.0625,42.04696587398359
2019-07-18 20:00:00,0.0,0.0819,-22.78513485959513
2019-07-18 21:00:00,0.0,0.0946,14.956834435237443
2019-07-18 22:00:00,0.0,0.0912,-44.35700749338335
2019-07-18 23:00:00,0.0,0.0866,20.472224383451376
2019-07-19 00:00:00,0.0,0.0858,56.4453549234863
2019-07-19 01:00:00,0.0,0.0886,47.23013751247377
2019-07-19 02:00:00,0.0,0.0871,38.810146705411526
2019-07-19 03:00:00,0.0016,0.0908,34.66546327938235
2019-07-19 04:00:00,0.019,0.0928,14.145948583765641
2019-07-19 05:00:00,0.0597,0.0802,-30.049406770385197
2019-07-19 06:00:00,0.1198,0.0612,30.93547699236856
2019-07-19 07:00:00,0.1996,0.0546,32.82052518767509
2019-07-19 08:00:00,0.2739,0.0558,34.45513219878165
2019-07-19 09:00:00,0.3292,0.063,43.31753611835156
2019-07-19 10:00:00,0.3675,0.0719,34.68694607304871
2019-07-19 11:00:00,0.3793,0.0825,-14.532223177048538
2019-07-19 12:00:00,0.3577,0.0908,45.37420001350488
2019-07-19 13:00:00,0.3235,0.0916,35.574256293492
2019-07-19 14:00:00,0.2788,0.0801,58.9130509693086
2019-07-19 15:00:00,0.221,0.076,40.89513129344053
2019-07-19 16:00:00,0.1483,0.0533,41.44607871832552
2019-07-19 17:00:00,0.0716,0.0376,50.174681294047346
2019-07-19 18:00:00,0.0195,0.0271,17.336363319534193
2019-07-19 19:00:00,0.0008,0.0242,25.861084244461573
2019-07-19 20:00:00,0.0,0.0268,20.34471317521259
2019-07-19 21:00:00,0.0,0.0354,25.22526839058883
2019-07-19 22:00:00,0.0,0.0441,-33.14416617075119
2019-07-19 23:00:00,0.0,0.057,-9.738691684510806
2019-07-20 00:00:00,0.0,0.0797,-30.952844902212988
2019-07-20 01:00:00,0.0,0.1073,28.892303543761876
2019-07-20 02:00:00,0.0,0.137,-13.620969149079974
2019-07-20 03:00:00,0.0021,0.1642,42.96336331568298
2019-07-20 04:00:00,0.0295,0.185,37.201688684713076
2019-07-20 05:00:00,0.1073,0.1737,20.25397400630464
2019-07-20 06:00:00,0.2239,0.1282,18.510451239621066
2019-07-20 07:00:00,0.3435,0.1098,-36.70457698871374
2019-07-20 08:00:00,0.434,0.1372,46.252356456012144
2019-07-20 09:00:00,0.4842,0.176,41.53796865713643
2019-07-20 10:00:00,0.493,0.1982,54.43000322304796
2019-07-20 11:00:00,0.467,0.2192,-25.111108202147634
2019-07-20 12:00:00,0.4372,0.2243,41.664874218219595
2019-07-20 13:00:00,0.3814,0.2404,49.91394547649392
2019-07-20 14:00:00,0.2942,0.2348,16.162197925783854
2019-07-20 15:00:00,0.1997,0.2125,33.53375788123884
2019-07-20 16:00:00,0.1276,0.1913,38.018851770572454
2019-07-20 17:00:00,0.0604,0.1704,82.19247474457251
2019-07-20 18:00:00,0.0156,0.1617,38.522398585601984
2019-07-20 19:00:00,0.0008,0.1948,13.72137387062947
2019-07-20 20:00:00,0.0,0.2101,36.33784345083533
2019-07-20 21:00:00,0.0,0.2145,28.928918094475904
2019-07-20 22:00:00,0.0,0.1976,2.6211978193368566
2019-07-20 23:00:00,0.0,0.1613,61.0947672947123
2019-07-21 00:00:00,0.0,0.1732,29.664651204171708
2019-07-21 01:00:00,0.0,0.1974,43.52984194378445
2019-07-21 02:00:00,0.0,0.2137,46.42057765414668
2019-07-21 03:00:00,0.0017,0.2282,43.53710741847914
2019-07-21 04:00:00,0.0211,0.223,51.15273626817683
2019-07-21 05:00:00,0.0676,0.2019,40.93057034979322
2019-07-21 06:00:00,0.137,0.1912,39.246507860248094
2019-07-21 07:00:00,0.2322,0.2014,22.80627237699225
2019-07-21 08:00:00,0.3304,0.2313,22.84815508293892
2019-07-21 09:00:00,0.407,0.2628,68.32075579367657
2019-07-21 10:00:00,0.4398,0.2952,28.1478150704208
2019-07-21 11:00:00,0.4488,0.3195,55.46296386914689
2019-07-21 12:00:00,0.437,0.3215,44.52148090302413
2019-07-21 13:00:00,0.4059,0.3063,43.337959919254914
2019-07-21 14:00:00,0.3618,0.2826,34.78545153946923
2019-07-21 15:00:00,0.2764,0.2406,-15.860292111653779
2019-07-21 16:00:00,0.17,0.1974,33.28994507368499
2019-07-21 17:00:00,0.0773,0.1445,15.145767539202993
2019-07-21 18:00:00,0.0205,0.0978,45.797701359440445
2019-07-21 19:00:00,0.0007,0.0758,24.05360144498166
2019-07-21 20:00:00,0.0,0.0591,12.82603285809492
2019-07-21 21:00:00,0.0,0.0495,29.85602918407808
2019-07-21 22:00:00,0.0,0.0417,21.581235639849616
2019-07-21 23:00:00,0.0,0.0331,20.44079081263654
2019-07-22 00:00:00,0.0,0.0257,36.47518450281896
2019-07-22 01:00:00,0.0,0.0241,24.437169899643372
2019-07-22 02:00:00,0.0,0.0306,18.416413089748552
2019-07-22 03:00:00,0.0019,0.0368,31.830857347576035
2019-07-22 04:00:00,0.0288,0.0542,27.42801845569112
2019-07-22 05:00:00,0.097,0.06,28.242949325811715
2019-07-22 06:00:00,0.1926,0.0546,35.290831801618666
2019-07-22 07:00:00,0.294,0.0491,29.202594550316032
2019-07-22 08:00:00,0.3735,0.0719,-26.553039290932098
2019-07-22 09:00:00,0.4272,0.109,34.865273057607126
2019-07-22 10:00:00,0.4444,0.1354,36.87536368680968
2019-07-22 11:00:00,0.4463,0.1472,37.51208317054226
2019-07-22 12:00:00,0.4374,0.1433,47.78429187264031
2019-07-22 13:00:00,0.3995,0.1365,34.08805084355899
2019-07-22 14:00:00,0.3326,0.1408,50.511773925203485
2019-07-22 15:00:00,0.2488,0.1422,40.114789648323374
2019-07-22 16:00:00,0.1591,0.1255,29.053498054872925
2019-07-22 17:00:00,0.0731,0.1051,35.53614265800754
2019-07-22 18:00:00,0.0182,0.0784,62.74996790480345
2019-07-22 19:00:00,0.0007,0.0627,8.218321478191012
2019-07-22 20:00:00,0.0,0.059,35.18183400046839
2019-07-22 21:00:00,0.0,0.0636,23.161251583451403
2019-07-22 22:00:00,0.0,0.0666,29.261724548413255
2019-07-22 23:00:00,0.0,0.0727,-7.495528928948014
2019-07-23 00:00:00,0.0,0.0715,48.151565653393455
2019-07-23 01:00:00,0.0,0.0739,50.135927352204746
2019-07-23 02:00:00,0.0,0.0713,34.61408380986411
2019-07-23 03:00:00,0.0016,0.0694,-18.366669263667383
2019-07-23 04:00:00,0.0265,0.0676,15.096492023878632
2019-07-23 05:00:00,0.1049,0.0507,48.3070314764845
2019-07-23 06:00:00,0.2277,0.0289,40.85619899745797
2019-07-23 07:00:00,0.3566,0.0243,29.64361764090084
2019-07-23 08:00:00,0.4606,0.0279,-9.385355209699089
2019-07-23 09:00:00,0.5312,0.0363,70.32375584255425
2019-07-23 10:00:00,0.5702,0.0368,49.23263080291256
2019-07-23 11:00:00,0.5796,0.0335,17.43046270966856
2019-07-23 12:00:00,0.5596,0.0334,31.618194726168937
2019-07-23 13:00:00,0.5098,0.0324,21.767814110857454
2019-07-23 14:00:00,0.4303,0.0297,46.67101862927052
2019-07-23 15:00:00,0.3199,0.026,-19.32387242467707
2019-07-23 16:00:00,0.1907,0.0265,47.49127572847627
2019-07-23 17:00:00,0.0783,0.0323,53.3374177216725
2019-07-23 18:00:00,0.0184,0.0412,18.46652460319735
2019-07-23 19:00:00,0.0006,0.064,42.57667832961064
2019-07-23 20:00:00,0.0,0.0935,28.658578792479187
2019-07-23 21:00:00,0.0,0.1222,10.366576022634106
2019-07-23 22:00:00,0.0,0.1416,41.6455610298442
2019-07-23 23:00:00,0.0,0.1506,36.21947467753889
2019-07-24 00:00:00,0.0,0.1539,31.704423227120817
2019-07-24 01:00:00,0.0,0.155,-42.64459647578646
2019-07-24 02:00:00,0.0,0.1545,45.86986034723467
2019-07-24 03:00:00,0.0016,0.1554,59.58805399562719
2019-07-24 04:00:00,0.0266,0.1418,53.586716819625856
2019-07-24 05:00:00,0.1053,0.11,16.29310212349019
2019-07-24 06:00:00,0.2266,0.0538,32.204959341000105
2019-07-24 07:00:00,0.3523,0.0243,34.823100043506734
2019-07-24 08:00:00,0.4555,0.0167,51.934285378270864
2019-07-24 09:00:00,0.5251,0.016,43.6818703126567
2019-07-24 10:00:00,0.5632,0.0205,33.46740724604979
2019-07-24 11:00:00,0.5702,0.026,42.226677221215695
2019-07-24 12:00:00,0.5486,0.032,50.565038293395354
2019-07-24 13:00:00,0.4974,0.0394,23.677133049922062
2019-07-24 14:00:00,0.416,0.0486,25.53818456139249
2019-07-24 15:00:00,0.3072,0.0495,19.325813984341366
2019-07-24 16:00:00,0.1808,0.0489,16.205725083836885
2019-07-24 17:00:00,0.0746,0.0523,51.58992900889107
2019-07-24 18:00:00,0.0174,0.079,34.24544453363952
2019-07-24 19:00:00,0.0006,0.1358,37.8875632690487
2019-07-24 20:00:00,0.0,0.1814,39.63130702823109
2019-07-24 21:00:00,0.0,0.2036,31.22866345246952
2019-07-24 22:00:00,0.0,0.2065,29.122771941758298
2019-07-24 23:00:00,0.0,0.1938,39.117848122909905
2019-07-25 00:00:00,0.0,0.17,38.43173053500294
2019-07-25 01:00:00,0.0,0.1434,31.525586196912023
2019-07-25 02:00:00,0.0,0.1276,13.584192395934004
2019-07-25 03:00:00,0.0014,0.1161,24.276635659838604
2019-07-25 04:00:00,0.0267,0.1006,14.470224195464546
2019-07-25 05:00:00,0.1027,0.0734,47.92605665885319
2019-07-25 06:00:00,0.2185,0.0364,37.49563665950856
2019-07-25 07:00:00,0.3396,0.0201,32.23164282275839
2019-07-25 08:00:00,0.4389,0.0159,43.30276139896064
2019-07-25 09:00:00,0.5085,0.0215,49.555688312171604
2019-07-25 10:00:00,0.5454,0.0303,32.93224969061335
2019-07-25 11:00:00,0.5504,0.0369,30.735285855827268
2019-07-25 12:00:00,0.5276,0.0461,44.46536478898825
2019-07-25 13:00:00,0.4755,0.0586,35.84311814448617
2019-07-25 14:00:00,0.396,0.0769,33.831553616299416
2019-07-25 15:00:00,0.2901,0.0953,26.011055016504535
2019-07-25 16:00:00,0.1711,0.1211,-48.416897322544244
2019-07-25 17:00:00,0.072,0.155,17.93292414115966
2019-07-25 18:00:00,0.017,0.1997,43.530795577323175
2019-07-25 19:00:00,0.0004,0.2671,22.631732869352327
2019-07-25 20:00:00,0.0,0.3009,22.320741223682873
2019-07-25 21:00:00,0.0,0.3107,43.10483751036439
2019-07-25 22:00:00,0.0,0.2924,30.962839282988185
2019-07-25 23:00:00,0.0,0.2648,41.948301196681456
2019-07-26 00:00:00,0.0,0.2365,33.87321626780851
2019-07-26 01:00:00,0.0,0.2178,33.27127951896623
2019-07-26 02:00:00,0.0,0.2138,47.35872636856307
2019-07-26 03:00:00,0.0012,0.2129,47.22504911450433
2019-07-26 04:00:00,0.0258,0.1894,34.26661224300085
2019-07-26 05:00:00,0.1014,0.145,16.304099382279105
2019-07-26 06:00:00,0.2161,0.0955,21.839596839144665
2019-07-26 07:00:00,0.3364,0.0992,15.488505140509616
2019-07-26 08:00:00,0.4369,0.1386,42.2598920796461
2019-07-26 09:00:00,0.5082,0.1737,40.75261708516382
2019-07-26 10:00:00,0.5465,0.2008,65.16763300945746
2019-07-26 11:00:00,0.5474,0.2256,17.8696151512059
2019-07-26 12:00:00,0.5178,0.253,40.1780727798058
2019-07-26 13:00:00,0.4586,0.2714,40.7810631798339
2019-07-26 14:00:00,0.3698,0.3008,44.71406198869434
2019-07-26 15:00:00,0.2602,0.3164,63.18876940954794
2019-07-26 16:00:00,0.146,0.3289,44.14851491902719
2019-07-26 17:00:00,0.0607,0.3369,37.841503886556374
2019-07-26 18:00:00,0.0137,0.3319,21.797994352048974
2019-07-26 19:00:00,0.0002,0.3576,36.00990100028642
2019-07-26 20:00:00,0.0,0.382,23.703991407519162
2019-07-26 21:00:00,0.0,0.4048,22.64412461858578
2019-07-26 22:00:00,0.0,0.3907,34.274227355612105
2019-07-26 23:00:00,0.0,0.3708,43.73109036854343
2019-07-27 00:00:00,0.0,0.3481,27.75480725533774
2019-07-27 01:00:00,0.0,0.3208,-46.06329664646329
2019-07-27 02:00:00,0.0,0.315,33.266479600020276
2019-07-27 03:00:00,0.0011,0.31,26.59510506963217
2019-07-27 04:00:00,0.0206,0.2817,51.72990322393811
2019-07-27 05:00:00,0.0792,0.2442,55.24580653459991
2019-07-27 06:00:00,0.1665,0.2022,35.29646561842083
2019-07-27 07:00:00,0.2579,0.1988,34.97973266636205
2019-07-27 08:00:00,0.3327,0.255,42.232159221117854
2019-07-27 09:00:00,0.3825,0.3234,34.768129224609076
2019-07-27 10:00:00,0.4137,0.3278,28.97800828332837
2019-07-27 11:00:00,0.42,0.3136,24.109268469521272
2019-07-27 12:00:00,0.409,0.3084,54.620329273594265
2019-07-27 13:00:00,0.3679,0.3074,66.71759750373205
2019-07-27 14:00:00,0.3056,0.3066,56.72090222135638
2019-07-27 15:00:00,0.219,0.3143,41.65008165955838
2019-07-27 16:00:00,0.1292,0.3229,50.20237255152834
2019-07-27 17:00:00,0.0533,0.3133,21.454125002006677
2019-07-27 18:00:00,0.0109,0.288,50.551544442917624
2019-07-27 19:00:00,0.0002,0.2905,25.5561300176161
2019-07-27 20:00:00,0.0,0.2859,30.862764709858677
2019-07-27 21:00:00,0.0,0.2852,34.303645995950724
2019-07-27 22:00:00,0.0,0.2727,-38.60555043976617
2019-07-27 23:00:00,0.0,0.2465,27.829738868087393
2019-07-28 00:00:00,0.0,0.2177,28.0538816749874
2019-07-28 01:00:00,0.0,0.2014,-28.21674849649761
2019-07-28 02:00:00,0.0,0.1844,46.351740044839204
2019-07-28 03:00:00,0.0009,0.174,30.790790711881314
2019-07-28 04:00:00,0.0182,0.1536,28.560121852554822
2019-07-28 05:00:00,0.0669,0.1167,26.986803118864984
2019-07-28 06:00:00,0.1394,0.0924,39.89637545337636
2019-07-28 07:00:00,0.2153,0.0939,43.06141665704408
2019-07-28 08:00:00,0.2744,0.0964,38.29117222987332
2019-07-28 09:00:00,0.3203,0.1182,34.442963825295955
2019-07-28 10:00:00,0.3407,0.125,33.557165282545554
2019-07-28 11:00:00,0.3297,0.1257,25.571615807812815
2019-07-28 12:00:00,0.3066,0.1281,45.85107237798515
2019-07-28 13:00:00,0.2627,0.1306,42.699687770799
2019-07-28 14:00:00,0.2025,0.136,39.81652509363234
2019-07-28 15:00:00,0.141,0.1474,24.175597720637164
2019-07-28 16:00:00,0.0829,0.1455,25.093311341371972
2019-07-28 17:00:00,0.0357,0.146,30.340801542973196
2019-07-28 18:00:00,0.0074,0.1514,49.030091095744325
2019-07-28 19:00:00,0.0002,0.1517,44.64590574552362
2019-07-28 20:00:00,0.0,0.1521,50.4202496600894
2019-07-28 21:00:00,0.0,0.1573,32.54552642365429
2019-07-28 22:00:00,0.0,0.1554,11.8573334504171
2019-07-28 23:00:00,0.0,0.1516,24.507703329948086
2019-07-29 00:00:00,0.0,0.1427,17.725204246611533
2019-07-29 01:00:00,0.0,0.1281,32.69018765794382
2019-07-29 02:00:00,0.0,0.1174,42.22472690801632
2019-07-29 03:00:00,0.0008,0.1144,38.04601029442915
2019-07-29 04:00:00,0.0123,0.1193,41.51185005841566
2019-07-29 05:00:00,0.0482,0.1019,32.40288171911465
2019-07-29 06:00:00,0.0994,0.0852,21.022263005694597
2019-07-29 07:00:00,0.1576,0.0785,41.59797866983184
2019-07-29 08:00:00,0.2142,0.0749,36.94643200410855
2019-07-29 09:00:00,0.272,0.0677,39.915671241044045
2019-07-29 10:00:00,0.32,0.0587,35.22041669901795
2019-07-29 11:00:00,0.3405,0.0555,47.86918663761565
2019-07-29 12:00:00,0.333,0.0619,50.066791203772276
2019-07-29 13:00:00,0.3055,0.0769,53.6011317878362
2019-07-29 14:00:00,0.261,0.0896,50.02018607286469
2019-07-29 15:00:00,0.2007,0.0945,41.646208137371204
2019-07-29 16:00:00,0.125,0.0896,42.353939650422504
2019-07-29 17:00:00,0.0554,0.0849,122.40123990513132
2019-07-29 18:00:00,0.0116,0.0716,20.570919496987234
2019-07-29 19:00:00,0.0002,0.0542,40.09066972850376
2019-07-29 20:00:00,0.0,0.0519,23.62501609382319
2019-07-29 21:00:00,0.0,0.0558,26.125373631043026
2019-07-29 22:00:00,0.0,0.057,39.008898417220024
2019-07-29 23:00:00,0.0,0.0564,31.246766657825557
2019-07-30 00:00:00,0.0,0.0578,39.59396321542109
2019-07-30 01:00:00,0.0,0.0523,47.68237124218299
2019-07-30 02:00:00,0.0,0.0494,25.172928468503507
2019-07-30 03:00:00,0.0005,0.0482,22.918994335056283
2019-07-30 04:00:00,0.015,0.048,41.30567872690278
2019-07-30 05:00:00,0.0625,0.0445,25.47124773524373
2019-07-30 06:00:00,0.1374,0.0328,27.57117584556078
2019-07-30 07:00:00,0.2304,0.0235,31.47387345928363
2019-07-30 08:00:00,0.3173,0.0258,49.85571844316891
2019-07-30 09:00:00,0.3755,0.033,30.518423510093005
2019-07-30 10:00:00,0.4109,0.0416,31.952923339807963
2019-07-30 11:00:00,0.4266,0.0516,52.88702052395431
2019-07-30 12:00:00,0.4158,0.0624,31.332706915784456
2019-07-30 13:00:00,0.3732,0.0776,47.81718905800509
2019-07-30 14:00:00,0.3073,0.0855,19.26088067308589
2019-07-30 15:00:00,0.2266,0.1,17.482436795251456
2019-07-30 16:00:00,0.1322,0.1017,29.00903888068337
2019-07-30 17:00:00,0.0552,0.0941,22.022992052589757
2019-07-30 18:00:00,0.0106,0.0842,26.698420807222856
2019-07-30 19:00:00,0.0001,0.088,6.439936507928021
2019-07-30 20:00:00,0.0,0.1084,40.40237911996643
2019-07-30 21:00:00,0.0,0.1156,24.59285561107464
2019-07-30 22:00:00,0.0,0.1142,35.37778684755649
2019-07-30 23:00:00,0.0,0.1264,46.95443967770609
2019-07-31 00:00:00,0.0,0.1227,19.30621459945063
2019-07-31 01:00:00,0.0,0.1345,33.67293598257072
2019-07-31 02:00:00,0.0,0.1462,38.42781806054847
2019-07-31 03:00:00,0.0005,0.129,43.907358692521825
2019-07-31 04:00:00,0.0128,0.1311,43.12833508565093
2019-07-31 05:00:00,0.0516,0.1119,35.015700350329595
2019-07-31 06:00:00,0.1089,0.0946,45.060321343586
2019-07-31 07:00:00,0.1724,0.0926,36.86708572389901
2019-07-31 08:00:00,0.2376,0.1007,32.08008939449321
2019-07-31 09:00:00,0.2881,0.1107,55.24193351933387
2019-07-31 10:00:00,0.296,0.123,34.0458525396757
2019-07-31 11:00:00,0.3014,0.1249,46.90248598651691
2019-07-31 12:00:00,0.3138,0.1291,36.23093544110349
2019-07-31 13:00:00,0.301,0.1331,29.316733907114283
2019-07-31 14:00:00,0.2555,0.1345,27.960045487521363
2019-07-31 15:00:00,0.1964,0.1297,43.405120230619346
2019-07-31 16:00:00,0.1207,0.1293,36.65073688252743
2019-07-31 17:00:00,0.0526,0.121,39.21957102140431
2019-07-31 18:00:00,0.0111,0.083,32.0344012116296
2019-07-31 19:00:00,0.0001,0.0544,16.684323449729742
2019-07-31 20:00:00,0.0,0.0497,-12.775398617141342
2019-07-31 21:00:00,0.0,0.0607,19.013980096722385
2019-07-31 22:00:00,0.0,0.0635,17.350925905385242
2019-07-31 23:00:00,0.0,0.0613,33.002642739219596
2019-08-01 00:00:00,0.0,0.0582,28.353390667877832
2019-08-01 01:00:00,0.0,0.0561,21.024517279856035
2019-08-01 02:00:00,0.0,0.0549,45.44974827860376
2019-08-01 03:00:00,0.0005,0.0568,24.198729811389256
2019-08-01 04:00:00,0.0184,0.0657,27.004975176188964
2019-08-01 05:00:00,0.0824,0.0558,44.509851784437416
2019-08-01 06:00:00,0.1842,0.0324,26.217903284830584
2019-08-01 07:00:00,0.302,0.0321,55.03318460945312
2019-08-01 08:00:00,0.4032,0.044,49.59599876892025
2019-08-01 09:00:00,0.4568,0.0505,48.127677498179175
2019-08-01 10:00:00,0.4637,0.0487,52.85158563853707
2019-08-01 11:00:00,0.4444,0.045,62.133768932202244
2019-08-01 12:00:00,0.4089,0.0438,35.21553430316888
2019-08-01 13:00:00,0.3658,0.044,45.065097020096935
2019-08-01 14:00:00,0.3035,0.045,24.467051806019192
2019-08-01 15:00:00,0.2244,0.0444,20.2743342288649
2019-08-01 16:00:00,0.1356,0.0318,46.7943118010972
2019-08-01 17:00:00,0.0577,0.02,29.48894624766055
2019-08-01 18:00:00,0.0116,0.0144,-9.848533356322399
2019-08-01 19:00:00,0.0001,0.0142,27.937868424927686
2019-08-01 20:00:00,0.0,0.0173,19.94317727031484
2019-08-01 21:00:00,0.0,0.0216,30.099794160235962
2019-08-01 22:00:00,0.0,0.02,33.693195306336506
2019-08-01 23:00:00,0.0,0.016,38.77260569859255
2019-08-02 00:00:00,0.0,0.0139,44.092856231236766
2019-08-02 01:00:00,0.0,0.0132,36.157435495393834
2019-08-02 02:00:00,0.0,0.0107,26.853718523820174
2019-08-02 03:00:00,0.0005,0.0109,34.80697805735868
2019-08-02 04:00:00,0.0162,0.0134,28.39321101755823
2019-08-02 05:00:00,0.0713,0.0132,17.287922952653535
2019-08-02 06:00:00,0.1556,0.009,29.8129408579744
2019-08-02 07:00:00,0.2563,0.0061,19.494691351673097
2019-08-02 08:00:00,0.3403,0.0091,51.76310844066347
2019-08-02 09:00:00,0.3938,0.0124,40.37788207382423
2019-08-02 10:00:00,0.4002,0.019,43.56628504268632
2019-08-02 11:00:00,0.3815,0.0308,33.00154156028531
2019-08-02 12:00:00,0.3519,0.0505,38.47067030871801
2019-08-02 13:00:00,0.3149,0.0669,20.08096378163831
2019-08-02 14:00:00,0.2517,0.0788,41.71483118169594
2019-08-02 15:00:00,0.1774,0.087,51.783425304664284
2019-08-02 16:00:00,0.1085,0.0983,37.955973764630805
2019-08-02 17:00:00,0.0468,0.1055,21.96646734044536
2019-08-02 18:00:00,0.0085,0.0904,29.250533697499957
2019-08-02 19:00:00,0.0001,0.0761,-33.667357216531954
2019-08-02 20:00:00,0.0,0.0662,19.13517592822109
2019-08-02 21:00:00,0.0,0.0655,13.706699569395722
2019-08-02 22:00:00,0.0,0.064,22.39216642714154
2019-08-02 23:00:00,0.0,0.0672,49.28486594320802
2019-08-03 00:00:00,0.0,0.0657,39.341816700524014
2019-08-03 01:00:00,0.0,0.0622,46.09952088755444
2019-08-03 02:00:00,0.0,0.0606,29.654463283971456
2019-08-03 03:00:00,0.0004,0.0637,31.19384195410165
2019-08-03 04:00:00,0.0131,0.0691,30.471283115031568
2019-08-03 05:00:00,0.0615,0.0632,40.65884394776279
2019-08-03 06:00:00,0.1378,0.0464,36.52726944997508
2019-08-03 07:00:00,0.2177,0.0384,46.475768251027446
2019-08-03 08:00:00,0.2775,0.0348,36.86748948165382
2019-08-03 09:00:00,0.3249,0.0378,31.10359621856284
2019-08-03 10:00:00,0.3648,0.0484,-40.636899189367995
2019-08-03 11:00:00,0.3764,0.065,60.62660613936967
2019-08-03 12:00:00,0.364,0.0946,44.20954081226961
2019-08-03 13:00:00,0.3459,0.1164,36.45770878099818
2019-08-03 14:00:00,0.2948,0.1294,22.23268225171804
2019-08-03 15:00:00,0.221,0.1298,38.66120189105384
2019-08-03 16:00:00,0.1356,0.1193,32.87052536913822
2019-08-03 17:00:00,0.0576,0.104,6.970194830385111
2019-08-03 18:00:00,0.0099,0.0779,25.71905488587354
2019-08-03 19:00:00,0.0,0.0638,33.033510710314566
2019-08-03 20:00:00,0.0,0.063,40.888799039518894
2019-08-03 21:00:00,0.0,0.0592,38.43472556334311
2019-08-03 22:00:00,0.0,0.0549,27.60366033201133
2019-08-03 23:00:00,0.0,0.055,28.762856969531995
2019-08-04 00:00:00,0.0,0.0513,25.716718886991025
2019-08-04 01:00:00,0.0,0.0478,41.88601907713425
2019-08-04 02:00:00,0.0,0.0436,29.122842610233832
2019-08-04 03:00:00,0.0004,0.0431,41.40199562588748
2019-08-04 04:00:00,0.0164,0.0444,27.78072430504634
2019-08-04 05:00:00,0.0794,0.0361,56.820278366714824
2019-08-04 06:00:00,0.1762,0.0241,33.53049767217624
2019-08-04 07:00:00,0.2903,0.025,37.401308305620574
2019-08-04 08:00:00,0.3902,0.0308,45.52829787845697
2019-08-04 09:00:00,0.4463,0.0374,51.28316715920012
2019-08-04 10:00:00,0.4707,0.0435,47.00620280548231
2019-08-04 11:00:00,0.4817,0.0518,47.98484998299813
2019-08-04 12:00:00,0.4755,0.0586,43.18341331108254
2019-08-04 13:00:00,0.4421,0.0597,51.982561649347986
2019-08-04 14:00:00,0.3771,0.06,52.292262585992404
2019-08-04 15:00:00,0.2758,0.0493,23.11113119762999
2019-08-04 16:00:00,0.1586,0.0366,55.44958885358669
2019-08-04 17:00:00,0.0619,0.029,47.391260136803794
2019-08-04 18:00:00,0.01,0.0211,25.42601866232687
2019-08-04 19:00:00,0.0,0.0236,19.246071624841424
2019-08-04 20:00:00,0.0,0.0315,29.864192645013244
2019-08-04 21:00:00,0.0,0.042,22.317439249894193
2019-08-04 22:00:00,0.0,0.0503,31.550164373311418
2019-08-04 23:00:00,0.0,0.0578,41.793829974744185
2019-08-05 00:00:00,0.0,0.0685,35.52337303296489
2019-08-05 01:00:00,0.0,0.0794,60.66960576954074
2019-08-05 02:00:00,0.0,0.0868,46.44071427501714
2019-08-05 03:00:00,0.0003,0.0886,49.77233532290578
2019-08-05 04:00:00,0.0129,0.097,24.170554512169065
2019-08-05 05:00:00,0.0576,0.1031,38.07765686622879
2019-08-05 06:00:00,0.1207,0.0868,48.581122111333386
2019-08-05 07:00:00,0.1889,0.0643,60.62757552350466
2019-08-05 08:00:00,0.2534,0.0563,24.899778285649703
2019-08-05 09:00:00,0.2997,0.0557,37.87514111110909
2019-08-05 10:00:00,0.3221,0.0688,42.0199027542839
2019-08-05 11:00:00,0.3389,0.0818,57.1304161464435
2019-08-05 12:00:00,0.339,0.0871,45.16049878767685
2019-08-05 13:00:00,0.3141,0.0968,52.69822782890422
2019-08-05 14:00:00,0.256,0.1055,35.28441468476393
2019-08-05 15:00:00,0.1941,0.1126,79.71017906869554
2019-08-05 16:00:00,0.1178,0.1135,12.841783878869094
2019-08-05 17:00:00,0.0503,0.0966,32.422416687238346
2019-08-05 18:00:00,0.0084,0.0758,38.76094972668293
2019-08-05 19:00:00,0.0,0.0646,51.33948053769927
2019-08-05 20:00:00,0.0,0.0805,18.28500700026493
2019-08-05 21:00:00,0.0,0.0901,29.620407558713307
2019-08-05 22:00:00,0.0,0.0974,25.609171598332082
2019-08-05 23:00:00,0.0,0.0999,46.77484932837731
2019-08-06 00:00:00,0.0,0.1097,42.51247433444985
2019-08-06 01:00:00,0.0,0.1156,38.5782780631976
2019-08-06 02:00:00,0.0,0.1127,40.479563861206465
2019-08-06 03:00:00,0.0003,0.1174,18.46649889499995
2019-08-06 04:00:00,0.0128,0.1137,33.621365560806645
2019-08-06 05:00:00,0.0628,0.0973,5.213532788777243
2019-08-06 06:00:00,0.1395,0.0803,40.44839490317942
2019-08-06 07:00:00,0.2276,0.0789,12.042071564352913
2019-08-06 08:00:00,0.3272,0.0966,52.911365946969326
2019-08-06 09:00:00,0.3963,0.135,63.16154439080469
2019-08-06 10:00:00,0.4203,0.171,52.86579003699094
2019-08-06 11:00:00,0.4107,0.2017,43.583169932370865
2019-08-06 12:00:00,0.3665,0.2173,51.06611826188874
2019-08-06 13:00:00,0.3224,0.2232,19.87151540427549
2019-08-06 14:00:00,0.2805,0.2028,20.40851624181726
2019-08-06 15:00:00,0.1964,0.1687,27.223118291349326
2019-08-06 16:00:00,0.1028,0.1336,33.101555560267236
2019-08-06 17:00:00,0.0474,0.0891,10.28236217323937
2019-08-06 18:00:00,0.0083,0.0615,35.387316527573546
2019-08-06 19:00:00,0.0,0.0458,-23.277418909094504
2019-08-06 20:00:00,0.0,0.0482,36.49022266070687
2019-08-06 21:00:00,0.0,0.0522,35.77935580329409
2019-08-06 22:00:00,0.0,0.0566,30.92916633721983
2019-08-06 23:00:00,0.0,0.0593,-6.106328928292649
2019-08-07 00:00:00,0.0,0.0673,22.197627296178297
2019-08-07 01:00:00,0.0,0.0739,50.4839272028121
2019-08-07 02:00:00,0.0,0.0902,12.308062412261396
2019-08-07 03:00:00,0.0002,0.1057,50.64225120344833
2019-08-07 04:00:00,0.0106,0.1287,32.355360553272526
2019-08-07 05:00:00,0.0474,0.131,46.019593800907984
2019-08-07 06:00:00,0.102,0.1092,12.180287174526192
2019-08-07 07:00:00,0.1821,0.1033,35.07006346576788
2019-08-07 08:00:00,0.2485,0.1219,47.047435442759735
2019-08-07 09:00:00,0.2757,0.1399,47.61599180018676
2019-08-07 10:00:00,0.2578,0.1738,31.89624429018106
2019-08-07 11:00:00,0.2336,0.1964,-21.072461393776976
2019-08-07 12:00:00,0.2169,0.1989,37.67643324420594
2019-08-07 13:00:00,0.1877,0.192,43.56755491508698
2019-08-07 14:00:00,0.1543,0.1871,32.30737605802702
2019-08-07 15:00:00,0.1138,0.1826,32.18614024321344
2019-08-07 16:00:00,0.0758,0.1739,26.028263126393643
2019-08-07 17:00:00,0.0363,0.1588,57.982077810507434
2019-08-07 18:00:00,0.0064,0.1468,-32.45116833240413
2019-08-07 19:00:00,0.0,0.1367,17.741818625117457
2019-08-07 20:00:00,0.0,0.1515,36.34307474277898
2019-08-07 21:00:00,0.0,0.1554,37.92843963636981
2019-08-07 22:00:00,0.0,0.1632,20.27849277826329
2019-08-07 23:00:00,0.0,0.1754,33.13602736045968
2019-08-08 00:00:00,0.0,0.1927,39.59752704525751
2019-08-08 01:00:00,0.0,0.2066,22.967537380032127
2019-08-08 02:00:00,0.0,0.2204,35.98761499834449
2019-08-08 03:00:00,0.0002,0.2304,21.33991569880149
2019-08-08 04:00:00,0.0141,0.2428,19.050673185112036
2019-08-08 05:00:00,0.0743,0.2161,37.501378192147484
2019-08-08 06:00:00,0.165,0.1758,45.36248757329376
2019-08-08 07:00:00,0.2767,0.1784,51.27399557598666
2019-08-08 08:00:00,0.3795,0.2209,44.24811878100475
2019-08-08 09:00:00,0.4439,0.2902,35.54703338519309
2019-08-08 10:00:00,0.459,0.3542,45.1499976267872
2019-08-08 11:00:00,0.4567,0.3771,45.196348168057824
2019-08-08 12:00:00,0.4553,0.3701,34.64616817229817
2019-08-08 13:00:00,0.4134,0.3723,34.55244518406319
2019-08-08 14:00:00,0.3477,0.3826,-42.636303548320654
2019-08-08 15:00:00,0.2568,0.3461,35.16756048281938
2019-08-08 16:00:00,0.1502,0.2904,45.14831976524837
2019-08-08 17:00:00,0.056,0.2308,38.006471508365024
2019-08-08 18:00:00,0.0082,0.1596,17.65663819541175
2019-08-08 19:00:00,0.0,0.134,37.580364266694446
2019-08-08 20:00:00,0.0,0.1205,-23.624315739083265
2019-08-08 21:00:00,0.0,0.1067,34.91059897080647
2019-08-08 22:00:00,0.0,0.0914,23.499051724018656
2019-08-08 23:00:00,0.0,0.085,36.84580531656995
2019-08-09 00:00:00,0.0,0.0833,33.40690886108798
2019-08-09 01:00:00,0.0,0.0834,25.336951025389112
2019-08-09 02:00:00,0.0,0.0777,36.62314179231658
2019-08-09 03:00:00,0.0001,0.0823,3.9932721092293733
2019-08-09 04:00:00,0.0147,0.0954,13.551149734748506
2019-08-09 05:00:00,0.0819,0.0996,40.03259817788711
2019-08-09 06:00:00,0.1861,0.0895,31.842203351539844
2019-08-09 07:00:00,0.2875,0.0663,48.844146611738154
2019-08-09 08:00:00,0.3584,0.0588,-6.7242893688181855
2019-08-09 09:00:00,0.4104,0.0709,66.6651997385855
2019-08-09 10:00:00,0.4347,0.0841,35.724950444499186
2019-08-09 11:00:00,0.4165,0.0901,46.528422340336064
2019-08-09 12:00:00,0.3704,0.0917,38.58314659812106
2019-08-09 13:00:00,0.3127,0.0923,46.86449066990279
2019-08-09 14:00:00,0.2514,0.0925,45.75452757339487
2019-08-09 15:00:00,0.1702,0.0996,20.041709768752618
2019-08-09 16:00:00,0.0849,0.1224,35.819105246008355
2019-08-09 17:00:00,0.0266,0.1562,35.477300332796645
2019-08-09 18:00:00,0.0025,0.2009,49.51456537823557
2019-08-09 19:00:00,0.0,0.2566,60.06656679670565
2019-08-09 20:00:00,0.0,0.2741,31.898039082980155
2019-08-09 21:00:00,0.0,0.2928,35.02880547087614
2019-08-09 22:00:00,0.0,0.318,16.129818135853554
2019-08-09 23:00:00,0.0,0.3088,37.81170591181956
2019-08-10 00:00:00,0.0,0.3418,11.969065887098225
2019-08-10 01:00:00,0.0,0.3507,38.31466116383726
2019-08-10 02:00:00,0.0,0.3573,26.884606098524117
2019-08-10 03:00:00,0.0001,0.3747,23.506075618244452
2019-08-10 04:00:00,0.008,0.392,32.47339453715211
2019-08-10 05:00:00,0.0468,0.4005,19.32618832943912
2019-08-10 06:00:00,0.1064,0.4307,25.704207740570503
2019-08-10 07:00:00,0.1596,0.4899,32.76074258255571
2019-08-10 08:00:00,0.1976,0.5233,44.94933855475563
2019-08-10 09:00:00,0.238,0.5586,23.941546594087253
2019-08-10 10:00:00,0.2732,0.5694,43.602676652574075
2019-08-10 11:00:00,0.2917,0.5877,17.67214996544447
2019-08-10 12:00:00,0.3024,0.5729,39.155630721203615
2019-08-10 13:00:00,0.2987,0.5688,62.61849421400551
2019-08-10 14:00:00,0.2692,0.5507,34.85750137751211
2019-08-10 15:00:00,0.2183,0.5397,31.941894383230803
2019-08-10 16:00:00,0.1378,0.5323,43.79654052950201
2019-08-10 17:00:00,0.0539,0.4658,27.339821499309757
2019-08-10 18:00:00,0.0074,0.3912,39.469354794635805
2019-08-10 19:00:00,0.0,0.3746,52.542523095987676
2019-08-10 20:00:00,0.0,0.3835,35.68613593455741
2019-08-10 21:00:00,0.0,0.4036,17.40320283132334
2019-08-10 22:00:00,0.0,0.3987,30.20645311370316
2019-08-10 23:00:00,0.0,0.3909,25.213635330395125
2019-08-11 00:00:00,0.0,0.3823,24.93821452576199
2019-08-11 01:00:00,0.0,0.3644,18.769192544883488
2019-08-11 02:00:00,0.0,0.3569,44.81371812338518
2019-08-11 03:00:00,0.0001,0.3504,42.270718936336436
2019-08-11 04:00:00,0.0129,0.337,30.662957733974807
2019-08-11 05:00:00,0.0794,0.3007,26.435699350936947
2019-08-11 06:00:00,0.1964,0.2538,-8.984119883346594
2019-08-11 07:00:00,0.3331,0.2541,47.60161219094864
2019-08-11 08:00:00,0.442,0.2719,19.982443938115146
2019-08-11 09:00:00,0.5002,0.2758,51.952129997831236
2019-08-11 10:00:00,0.507,0.2609,44.25305145844201
2019-08-11 11:00:00,0.5015,0.2478,53.089095450874034
2019-08-11 12:00:00,0.4681,0.2507,57.839567497633105
2019-08-11 13:00:00,0.3963,0.2494,33.80435481070373
2019-08-11 14:00:00,0.3039,0.2206,48.256939879158566
2019-08-11 15:00:00,0.2078,0.1956,43.65479414792897
2019-08-11 16:00:00,0.1082,0.1575,23.630932777880886
2019-08-11 17:00:00,0.0323,0.111,41.53519430799611
2019-08-11 18:00:00,0.0031,0.1062,19.951035552049152
2019-08-11 19:00:00,0.0,0.107,27.937828208222673
2019-08-11 20:00:00,0.0,0.1222,34.273265637055545
2019-08-11 21:00:00,0.0,0.1439,24.227917188567616
2019-08-11 22:00:00,0.0,0.171,24.06893911172698
2019-08-11 23:00:00,0.0,0.2007,47.16916751248547
2019-08-12 00:00:00,0.0,0.2126,14.790650202796161
2019-08-12 01:00:00,0.0,0.2186,13.646282603461664
2019-08-12 02:00:00,0.0,0.2317,45.5141252090065
2019-08-12 03:00:00,0.0001,0.2368,27.416400541286897
2019-08-12 04:00:00,0.0081,0.2368,38.870026574656954
2019-08-12 05:00:00,0.0492,0.2009,56.183405704417815
2019-08-12 06:00:00,0.1249,0.1722,-35.280943366969396
2019-08-12 07:00:00,0.223,0.1679,27.05534533455174
2019-08-12 08:00:00,0.2963,0.1856,62.24049930588416
2019-08-12 09:00:00,0.3138,0.2042,37.97707015723599
2019-08-12 10:00:00,0.3084,0.2054,35.60967344775039
2019-08-12 11:00:00,0.2864,0.1953,-33.86988651900961
2019-08-12 12:00:00,0.259,0.1768,-16.032422299474295
2019-08-12 13:00:00,0.2609,0.1486,28.501388283898223
2019-08-12 14:00:00,0.2362,0.1344,30.343235191052948
2019-08-12 15:00:00,0.1598,0.1336,38.4794376498583
2019-08-12 16:00:00,0.085,0.1152,40.44902410020981
2019-08-12 17:00:00,0.0322,0.1118,23.451340754371984
2019-08-12 18:00:00,0.0034,0.102,47.29373569541544
2019-08-12 19:00:00,0.0,0.1023,49.46340445573989
2019-08-12 20:00:00,0.0,0.1252,14.142798556127037
2019-08-12 21:00:00,0.0,0.1468,36.43452224669816
2019-08-12 22:00:00,0.0,0.1657,30.518987403668234
2019-08-12 23:00:00,0.0,0.1763,39.20866380959292
2019-08-13 00:00:00,0.0,0.1819,17.709879980088097
2019-08-13 01:00:00,0.0,0.1899,21.763469653560918
2019-08-13 02:00:00,0.0,0.1818,43.42944211645003
2019-08-13 03:00:00,0.0001,0.1914,50.94613461226702
2019-08-13 04:00:00,0.0087,0.1962,31.10543799919574
2019-08-13 05:00:00,0.0601,0.1855,36.424179796475286
2019-08-13 06:00:00,0.1544,0.1636,36.05266746951618
2019-08-13 07:00:00,0.2624,0.189,30.829653326027223
2019-08-13 08:00:00,0.3461,0.2244,42.928577970128835
2019-08-13 09:00:00,0.3785,0.2671,56.35047269092105
2019-08-13 10:00:00,0.385,0.2809,59.972623319496485
2019-08-13 11:00:00,0.3785,0.3023,16.06610659939708
2019-08-13 12:00:00,0.361,0.3112,36.92043414106325
2019-08-13 13:00:00,0.3214,0.3119,3.565614125576687
2019-08-13 14:00:00,0.2572,0.3086,60.34584489256563
2019-08-13 15:00:00,0.1772,0.2759,34.12701190395982
2019-08-13 16:00:00,0.0972,0.2272,24.68788592271911
2019-08-13 17:00:00,0.0383,0.1719,40.41802269048533
2019-08-13 18:00:00,0.0045,0.1275,32.347777670459045
2019-08-13 19:00:00,0.0,0.1164,37.76492042240497
2019-08-13 20:00:00,0.0,0.1248,34.08837614871845
2019-08-13 21:00:00,0.0,0.1366,42.516856469795684
2019-08-13 22:00:00,0.0,0.1483,47.33545349853291
2019-08-13 23:00:00,0.0,0.1543,42.85452397739743
2019-08-14 00:00:00,0.0,0.1526,30.334125215180148
2019-08-14 01:00:00,0.0,0.1541,37.330951886096024
2019-08-14 02:00:00,0.0,0.1495,38.434426259544736
2019-08-14 03:00:00,0.0,0.1475,47.48649020878685
2019-08-14 04:00:00,0.0097,0.1384,14.764047049581688
2019-08-14 05:00:00,0.0682,0.1159,45.73114208579745
2019-08-14 06:00:00,0.1757,0.0768,56.79510526099102
2019-08-14 07:00:00,0.3062,0.0609,44.28555525596955
2019-08-14 08:00:00,0.4104,0.0995,39.34842720377533
2019-08-14 09:00:00,0.4609,0.124,45.998029558652576
2019-08-14 10:00:00,0.4693,0.1506,49.98899534122593
2019-08-14 11:00:00,0.461,0.1523,34.204353212627964
2019-08-14 12:00:00,0.4569,0.1619,48.384685185958006
2019-08-14 13:00:00,0.4215,0.1512,46.29890859462063
2019-08-14 14:00:00,0.3451,0.1229,22.327760466543257
2019-08-14 15:00:00,0.2439,0.1007,17.983219235160874
2019-08-14 16:00:00,0.1357,0.074,35.26505572753932
2019-08-14 17:00:00,0.0459,0.0432,36.95782047035886
2019-08-14 18:00:00,0.0038,0.0332,46.878472977258085
2019-08-14 19:00:00,0.0,0.0432,36.94841908855912
2019-08-14 20:00:00,0.0,0.0771,11.13981241281672
2019-08-14 21:00:00,0.0,0.1136,52.742700159793856
2019-08-14 22:00:00,0.0,0.1546,19.100457243419676
2019-08-14 23:00:00,0.0,0.203,-28.486498410631512
2019-08-15 00:00:00,0.0,0.2523,43.858395560750935
2019-08-15 01:00:00,0.0,0.2866,21.689248567468752
2019-08-15 02:00:00,0.0,0.3127,35.2869173670263
2019-08-15 03:00:00,0.0,0.3316,37.95833222086739
2019-08-15 04:00:00,0.008,0.3462,8.895660860279897
2019-08-15 05:00:00,0.0509,0.3375,34.146918957702944
2019-08-15 06:00:00,0.1116,0.3004,45.91496095722414
2019-08-15 07:00:00,0.1636,0.275,46.12492499233192
2019-08-15 08:00:00,0.197,0.2815,30.901958966514762
2019-08-15 09:00:00,0.221,0.3034,51.928226199664955
2019-08-15 10:00:00,0.2364,0.312,29.170397563185052
2019-08-15 11:00:00,0.2495,0.3114,-46.04253758294424
2019-08-15 12:00:00,0.2543,0.3252,28.841063492484828
2019-08-15 13:00:00,0.24,0.3408,52.65804249310331
2019-08-15 14:00:00,0.2128,0.3379,38.067650311601234
2019-08-15 15:00:00,0.1623,0.3279,55.86525249979725
2019-08-15 16:00:00,0.0904,0.3084,54.407224796916964
2019-08-15 17:00:00,0.0327,0.2851,11.209021810943938
2019-08-15 18:00:00,0.0032,0.243,24.688501558602358
2019-08-15 19:00:00,0.0,0.2399,31.639728547739818
2019-08-15 20:00:00,0.0,0.2356,72.93851253931754
2019-08-15 21:00:00,0.0,0.2412,18.100076439172966
2019-08-15 22:00:00,0.0,0.2511,-24.602338181916704
2019-08-15 23:00:00,0.0,0.2446,25.846901348716088
2019-08-16 00:00:00,0.0,0.2305,28.487038146914173
2019-08-16 01:00:00,0.0,0.2192,55.14856897462842
2019-08-16 02:00:00,0.0,0.2084,43.374575302600775
2019-08-16 03:00:00,0.0,0.2001,-40.957651724935864
2019-08-16 04:00:00,0.0077,0.1887,23.984398575626663
2019-08-16 05:00:00,0.0578,0.1641,57.901562611656374
2019-08-16 06:00:00,0.1481,0.1408,41.81294920976116
2019-08-16 07:00:00,0.2558,0.1465,48.65742183100893
2019-08-16 08:00:00,0.3413,0.149,27.608283025502335
2019-08-16 09:00:00,0.3998,0.1512,44.671442748802
2019-08-16 10:00:00,0.4311,0.1484,-15.535824434616647
2019-08-16 11:00:00,0.4382,0.1472,54.83955600190704
2019-08-16 12:00:00,0.4332,0.135,32.52454899597828
2019-08-16 13:00:00,0.4006,0.1227,50.064445794337495
2019-08-16 14:00:00,0.3398,0.1125,46.647693262502905
2019-08-16 15:00:00,0.242,0.0972,44.60151630936758
2019-08-16 16:00:00,0.1333,0.0785,18.796925114656577
2019-08-16 17:00:00,0.0439,0.0494,20.571593342033363
2019-08-16 18:00:00,0.003,0.0404,46.153768928528066
2019-08-16 19:00:00,0.0,0.0572,16.00466913168558
2019-08-16 20:00:00,0.0,0.1036,26.697852662107824
2019-08-16 21:00:00,0.0,0.1556,-13.429990626023447
2019-08-16 22:00:00,0.0,0.2047,29.355513554130443
2019-08-16 23:00:00,0.0,0.2554,44.632390432051224
2019-08-17 00:00:00,0.0,0.2915,29.589667954513715
2019-08-17 01:00:00,0.0,0.3128,19.637769277180798
2019-08-17 02:00:00,0.0,0.3343,41.42060442451128
2019-08-17 03:00:00,0.0,0.3464,20.329141004303974
2019-08-17 04:00:00,0.0044,0.3593,30.703896573776234
2019-08-17 05:00:00,0.0351,0.3619,-15.121525863849882
2019-08-17 06:00:00,0.0882,0.3355,30.492246567619784
2019-08-17 07:00:00,0.1416,0.3126,24.446149220589596
2019-08-17 08:00:00,0.1874,0.3113,35.565239750631534
2019-08-17 09:00:00,0.2298,0.3181,31.365080150913812
2019-08-17 10:00:00,0.2608,0.3391,35.81671520608046
2019-08-17 11:00:00,0.2645,0.371,-31.425855255872502
2019-08-17 12:00:00,0.2539,0.3822,62.99172337319115
2019-08-17 13:00:00,0.1998,0.3865,-16.156255113807713
2019-08-17 14:00:00,0.1506,0.377,47.065294459862315
2019-08-17 15:00:00,0.0916,0.3449,27.28398109927652
2019-08-17 16:00:00,0.0465,0.3082,41.07461962812649
2019-08-17 17:00:00,0.0155,0.2683,50.65564049475309
2019-08-17 18:00:00,0.0008,0.2372,15.677957556713793
2019-08-17 19:00:00,0.0,0.2179,14.513308613937614
2019-08-17 20:00:00,0.0,0.2091,23.085339034192934
2019-08-17 21:00:00,0.0,0.1939,8.972490555643734
2019-08-17 22:00:00,0.0,0.169,30.82754604592041
2019-08-17 23:00:00,0.0,0.1488,24.99335270966642
2019-08-18 00:00:00,0.0,0.1282,29.655098967503694
2019-08-18 01:00:00,0.0,0.13,13.82179550562309
2019-08-18 02:00:00,0.0,0.1286,40.59870713722991
2019-08-18 03:00:00,0.0,0.1381,41.16598456075626
2019-08-18 04:00:00,0.0031,0.1496,27.786470668349107
2019-08-18 05:00:00,0.0344,0.1516,26.835746215899853
2019-08-18 06:00:00,0.1067,0.1386,13.75532370037158
2019-08-18 07:00:00,0.2,0.1358,36.58185353772416
2019-08-18 08:00:00,0.2854,0.1588,31.93836008767367
2019-08-18 09:00:00,0.3481,0.1959,29.1655808844622
2019-08-18 10:00:00,0.3925,0.2338,50.76859087946646
2019-08-18 11:00:00,0.404,0.2678,45.81856084395523
2019-08-18 12:00:00,0.389,0.2873,23.85516113081997
2019-08-18 13:00:00,0.353,0.2973,26.46511976499548
2019-08-18 14:00:00,0.2792,0.3146,51.0058855728455
2019-08-18 15:00:00,0.1812,0.3218,12.881464643068469
2019-08-18 16:00:00,0.0939,0.3098,67.2546705875059
2019-08-18 17:00:00,0.0324,0.2562,33.754144342035225
2019-08-18 18:00:00,0.0025,0.2107,34.16588524264946
2019-08-18 19:00:00,0.0,0.2049,31.93016455742946
2019-08-18 20:00:00,0.0,0.1894,22.920145886120533
2019-08-18 21:00:00,0.0,0.1688,31.943901886983568
2019-08-18 22:00:00,0.0,0.1613,33.94764305218769
2019-08-18 23:00:00,0.0,0.1653,35.33854345466936
2019-08-19 00:00:00,0.0,0.1795,15.498158165569954
2019-08-19 01:00:00,0.0,0.1826,47.916109429170334
2019-08-19 02:00:00,0.0,0.189,25.583119608710035
2019-08-19 03:00:00,0.0,0.203,35.10190558540801
2019-08-19 04:00:00,0.0038,0.2154,48.556806854710814
2019-08-19 05:00:00,0.0342,0.2147,46.64615658547417
2019-08-19 06:00:00,0.0945,0.2015,-23.796723711032076
2019-08-19 07:00:00,0.1815,0.2065,20.690896180400077
2019-08-19 08:00:00,0.2765,0.2362,61.06830078206675
2019-08-19 09:00:00,0.3614,0.2734,24.039381568517072
2019-08-19 10:00:00,0.4187,0.297,22.68807059696708
2019-08-19 11:00:00,0.42,0.3043,29.237202579632214
2019-08-19 12:00:00,0.3993,0.3113,56.61809188484347
2019-08-19 13:00:00,0.3619,0.3021,41.250546572188746
2019-08-19 14:00:00,0.291,0.266,38.74995438198725
2019-08-19 15:00:00,0.2079,0.2307,27.352766786402512
2019-08-19 16:00:00,0.1153,0.1828,24.375863788112348
2019-08-19 17:00:00,0.0358,0.1295,28.471324405680242
2019-08-19 18:00:00,0.0023,0.0872,41.922883228301174
2019-08-19 19:00:00,0.0,0.0821,37.74608880543086
2019-08-19 20:00:00,0.0,0.0897,31.78199472060087
2019-08-19 21:00:00,0.0,0.1011,33.04378479543999
2019-08-19 22:00:00,0.0,0.1129,14.606903873606008
2019-08-19 23:00:00,0.0,0.1181,39.26845577136135
2019-08-20 00:00:00,0.0,0.1269,36.264904588105324
2019-08-20 01:00:00,0.0,0.1302,32.295364098573955
2019-08-20 02:00:00,0.0,0.1383,29.36816737676302
2019-08-20 03:00:00,0.0,0.1447,49.80351995361662
2019-08-20 04:00:00,0.0055,0.1468,48.23855523284137
2019-08-20 05:00:00,0.0472,0.1217,40.88850670467139
2019-08-20 06:00:00,0.1272,0.0877,32.38126720210757
2019-08-20 07:00:00,0.2134,0.0655,16.38891663377435
2019-08-20 08:00:00,0.2662,0.063,21.94244085111864
2019-08-20 09:00:00,0.2782,0.078,50.43683175575335
2019-08-20 10:00:00,0.2741,0.087,29.153683929922558
2019-08-20 11:00:00,0.2596,0.0946,60.701994757290294
2019-08-20 12:00:00,0.2341,0.0914,31.796519728600998
2019-08-20 13:00:00,0.1948,0.0899,46.58493376932407
2019-08-20 14:00:00,0.142,0.0886,34.15826068083613
2019-08-20 15:00:00,0.087,0.0887,53.099532492121845
2019-08-20 16:00:00,0.0457,0.0805,44.37218694286882
2019-08-20 17:00:00,0.0155,0.0749,34.478415898773065
2019-08-20 18:00:00,0.0013,0.0676,9.818054883682738
2019-08-20 19:00:00,0.0,0.0696,32.65944843812343
2019-08-20 20:00:00,0.0,0.0769,24.850340622827332
2019-08-20 21:00:00,0.0,0.0757,28.435470073348164
2019-08-20 22:00:00,0.0,0.0792,37.17612506537563
2019-08-20 23:00:00,0.0,0.0771,35.13889125549625
2019-08-21 00:00:00,0.0,0.0806,18.69071080970365
2019-08-21 01:00:00,0.0,0.0803,28.64835514450218
2019-08-21 02:00:00,0.0,0.0782,46.495110678184076
2019-08-21 03:00:00,0.0,0.0786,29.658063173750776
2019-08-21 04:00:00,0.0055,0.0846,33.3542081831554
2019-08-21 05:00:00,0.0577,0.0775,40.53496425353784
2019-08-21 06:00:00,0.1636,0.0525,26.846550120677396
2019-08-21 07:00:00,0.2958,0.0329,50.18700293630035
2019-08-21 08:00:00,0.4126,0.0399,38.76089958907588
2019-08-21 09:00:00,0.486,0.0437,27.813761426975265
2019-08-21 10:00:00,0.5051,0.0507,57.059839709983464
2019-08-21 11:00:00,0.491,0.0512,35.99734141081135
2019-08-21 12:00:00,0.4504,0.0494,46.586438541742176
2019-08-21 13:00:00,0.4004,0.0462,47.7881313776874
2019-08-21 14:00:00,0.328,0.0389,-49.72775372434855
2019-08-21 15:00:00,0.2272,0.0292,30.16256853126383
2019-08-21 16:00:00,0.117,0.0184,38.37818743496289
2019-08-21 17:00:00,0.0349,0.0144,49.023482403949075
2019-08-21 18:00:00,0.002,0.019,45.76029051469112
2019-08-21 19:00:00,0.0,0.0246,32.21228630266729
2019-08-21 20:00:00,0.0,0.0344,23.752401542192956
2019-08-21 21:00:00,0.0,0.0476,37.18955493815916
2019-08-21 22:00:00,0.0,0.0624,38.364661524073036
2019-08-21 23:00:00,0.0,0.0796,32.68280639715004
2019-08-22 00:00:00,0.0,0.0995,42.262403329630175
2019-08-22 01:00:00,0.0,0.109,22.948091736199622
2019-08-22 02:00:00,0.0,0.117,33.5856480157663
2019-08-22 03:00:00,0.0,0.1246,39.916131309973146
2019-08-22 04:00:00,0.0059,0.1357,29.10260093912175
2019-08-22 05:00:00,0.0636,0.1366,22.57389901159996
2019-08-22 06:00:00,0.1785,0.1123,55.9392640916071
2019-08-22 07:00:00,0.3102,0.061,26.372130164433365
2019-08-22 08:00:00,0.4164,0.0529,42.33665101251977
2019-08-22 09:00:00,0.489,0.0716,61.69617157546618
2019-08-22 10:00:00,0.5283,0.0898,25.64093865869585
2019-08-22 11:00:00,0.5385,0.1062,45.80872903363729
2019-08-22 12:00:00,0.5177,0.1115,21.72496997649221
2019-08-22 13:00:00,0.4658,0.103,69.9288212550407
2019-08-22 14:00:00,0.378,0.0821,38.786669141003316
2019-08-22 15:00:00,0.256,0.0644,21.153763416576513
2019-08-22 16:00:00,0.126,0.0457,28.813291436742418
2019-08-22 17:00:00,0.0343,0.0333,39.07954666974363
2019-08-22 18:00:00,0.0016,0.0386,42.18916903098366
2019-08-22 19:00:00,0.0,0.0536,29.75775116229985
2019-08-22 20:00:00,0.0,0.0707,48.314138072546086
2019-08-22 21:00:00,0.0,0.08,46.43194995068549
2019-08-22 22:00:00,0.0,0.0882,32.15864837411495
2019-08-22 23:00:00,0.0,0.0882,42.92154878506223
2019-08-23 00:00:00,0.0,0.0771,41.88499978386791
2019-08-23 01:00:00,0.0,0.0748,65.2412257663604
2019-08-23 02:00:00,0.0,0.0719,46.67339094487383
2019-08-23 03:00:00,0.0,0.0712,35.950694332180674
2019-08-23 04:00:00,0.0056,0.0764,50.95587276892075
2019-08-23 05:00:00,0.0626,0.0734,8.859009552493923
2019-08-23 06:00:00,0.1763,0.0576,27.557339395237854
2019-08-23 07:00:00,0.3137,0.033,50.808785985631246
2019-08-23 08:00:00,0.4232,0.0325,33.359141063334604
2019-08-23 09:00:00,0.4852,0.0396,45.251439520078414
2019-08-23 10:00:00,0.5197,0.0416,23.511053701873955
2019-08-23 11:00:00,0.5259,0.0402,37.97096483536295
2019-08-23 12:00:00,0.5032,0.0364,36.53935264447673
2019-08-23 13:00:00,0.4459,0.0339,19.733080346637653
2019-08-23 14:00:00,0.3562,0.0332,44.28403509122042
2019-08-23 15:00:00,0.2441,0.0339,30.20129555090026
2019-08-23 16:00:00,0.1237,0.0371,30.539592931753887
2019-08-23 17:00:00,0.0334,0.045,22.406346208546474
2019-08-23 18:00:00,0.0014,0.0731,38.43908150074761
2019-08-23 19:00:00,0.0,0.1183,31.096155949243194
2019-08-23 20:00:00,0.0,0.1525,19.59598378388113
2019-08-23 21:00:00,0.0,0.1628,24.323116442377174
2019-08-23 22:00:00,0.0,0.1573,39.307159167377655
2019-08-23 23:00:00,0.0,0.1428,39.47099012097523
2019-08-24 00:00:00,0.0,0.1267,39.20510276609764
2019-08-24 01:00:00,0.0,0.1181,23.909378984293213
2019-08-24 02:00:00,0.0,0.1096,27.920762820243283
2019-08-24 03:00:00,0.0,0.1087,51.74761768184801
2019-08-24 04:00:00,0.0049,0.12,46.88777671448724
2019-08-24 05:00:00,0.0591,0.1152,17.42125909370956
2019-08-24 06:00:00,0.1677,0.0894,29.444699820106333
2019-08-24 07:00:00,0.2938,0.0421,9.06115616116907
2019-08-24 08:00:00,0.404,0.0394,40.966375497533576
2019-08-24 09:00:00,0.4846,0.07,43.72802326521178
2019-08-24 10:00:00,0.5262,0.0844,46.82350390444699
2019-08-24 11:00:00,0.5324,0.0888,43.000403935204154
2019-08-24 12:00:00,0.504,0.0924,3.6919788199462786
2019-08-24 13:00:00,0.4429,0.0988,28.142037150827296
2019-08-24 14:00:00,0.3546,0.104,38.25619120758376
2019-08-24 15:00:00,0.2422,0.1124,34.52398684723484
2019-08-24 16:00:00,0.1211,0.1166,33.071366610338856
2019-08-24 17:00:00,0.0329,0.1126,25.996470371322307
2019-08-24 18:00:00,0.0012,0.1396,36.10516914965875
2019-08-24 19:00:00,0.0,0.1979,27.724046022350784
2019-08-24 20:00:00,0.0,0.224,13.645352638117544
2019-08-24 21:00:00,0.0,0.224,32.905935853372625
2019-08-24 22:00:00,0.0,0.2119,20.27157755916642
2019-08-24 23:00:00,0.0,0.193,23.295939728150607
2019-08-25 00:00:00,0.0,0.1721,29.356140598440994
2019-08-25 01:00:00,0.0,0.1518,-24.199533629397013
2019-08-25 02:00:00,0.0,0.137,36.97887193457747
2019-08-25 03:00:00,0.0,0.1322,52.571995372020325
2019-08-25 04:00:00,0.0045,0.1326,20.775601253040836
2019-08-25 05:00:00,0.0541,0.1182,20.25030186310985
2019-08-25 06:00:00,0.158,0.0806,26.313953904234676
2019-08-25 07:00:00,0.2868,0.035,45.279037705356885
2019-08-25 08:00:00,0.4015,0.0292,41.99964992132045
2019-08-25 09:00:00,0.4812,0.0454,38.22316415744154
2019-08-25 10:00:00,0.5209,0.0586,55.41482636549243
2019-08-25 11:00:00,0.5164,0.0528,41.0343200773512
2019-08-25 12:00:00,0.4762,0.0471,39.66246563990736
2019-08-25 13:00:00,0.4082,0.0434,49.53919774718179
2019-08-25 14:00:00,0.3142,0.047,63.36847763590318
2019-08-25 15:00:00,0.2057,0.0558,33.01199855632207
2019-08-25 16:00:00,0.1007,0.0689,32.010959557366526
2019-08-25 17:00:00,0.0275,0.085,37.498849444941996
2019-08-25 18:00:00,0.001,0.1214,35.37267845396633
2019-08-25 19:00:00,0.0,0.1611,25.38409718391901
2019-08-25 20:00:00,0.0,0.177,38.509538743623025
2019-08-25 21:00:00,0.0,0.1662,36.771671819677444
2019-08-25 22:00:00,0.0,0.1383,36.980854087024596
2019-08-25 23:00:00,0.0,0.1089,60.47297878636078
2019-08-26 00:00:00,0.0,0.0866,39.729206019652125
2019-08-26 01:00:00,0.0,0.0653,-21.242732948264976
2019-08-26 02:00:00,0.0,0.0504,31.615581399822183
2019-08-26 03:00:00,0.0,0.0445,45.14198603218858
2019-08-26 04:00:00,0.0042,0.0426,70.69236558572055
2019-08-26 05:00:00,0.0526,0.0408,-8.95911255232062
2019-08-26 06:00:00,0.1543,0.0351,39.2245409139358
2019-08-26 07:00:00,0.28,0.0156,36.3200828749073
2019-08-26 08:00:00,0.3939,0.0122,33.209402731055555
2019-08-26 09:00:00,0.4742,0.0269,43.13619585762868
2019-08-26 10:00:00,0.513,0.0354,47.0968385357611
2019-08-26 11:00:00,0.5052,0.0372,46.07077017242036
2019-08-26 12:00:00,0.4641,0.0387,-27.668028808669682
2019-08-26 13:00:00,0.3954,0.0403,70.32291402220389
2019-08-26 14:00:00,0.304,0.0462,47.918337101368266
2019-08-26 15:00:00,0.2015,0.0601,23.962075758048506
2019-08-26 16:00:00,0.0972,0.0755,48.64561315132734
2019-08-26 17:00:00,0.0258,0.0822,24.832976521751906
2019-08-26 18:00:00,0.0008,0.1078,36.050571641151016
2019-08-26 19:00:00,0.0,0.1292,17.541178677190093
2019-08-26 20:00:00,0.0,0.1346,13.687907704561528
2019-08-26 21:00:00,0.0,0.1259,-26.551455361031728
2019-08-26 22:00:00,0.0,0.1142,39.3017085409497
2019-08-26 23:00:00,0.0,0.1047,42.610340948176514
2019-08-27 00:00:00,0.0,0.0874,30.24527386907894
2019-08-27 01:00:00,0.0,0.0686,20.80974212726249
2019-08-27 02:00:00,0.0,0.0585,4.629381883851362
2019-08-27 03:00:00,0.0002,0.0574,52.79638922842399
2019-08-27 04:00:00,0.0038,0.0651,67.09925963362777
2019-08-27 05:00:00,0.0503,0.0773,23.762677202334643
2019-08-27 06:00:00,0.1519,0.0651,33.763774711431
2019-08-27 07:00:00,0.2786,0.028,24.69664180997453
2019-08-27 08:00:00,0.392,0.0166,28.45124696244304
2019-08-27 09:00:00,0.4702,0.0244,26.260138716661714
2019-08-27 10:00:00,0.5048,0.0426,42.25885211845525
2019-08-27 11:00:00,0.4938,0.0532,28.61092103865674
2019-08-27 12:00:00,0.4513,0.062,58.0702907199863
2019-08-27 13:00:00,0.3875,0.0707,-33.971701818498325
2019-08-27 14:00:00,0.2985,0.0813,54.206569469197746
2019-08-27 15:00:00,0.1934,0.0909,48.52668384930419
2019-08-27 16:00:00,0.0913,0.0818,34.774779550209594
2019-08-27 17:00:00,0.0225,0.0706,45.98556803711984
2019-08-27 18:00:00,0.0008,0.0751,25.49687619966053
2019-08-27 19:00:00,0.0004,0.0919,25.818579519911417
2019-08-27 20:00:00,0.0005,0.1034,18.792409658565177
2019-08-27 21:00:00,0.0004,0.1079,-4.412730737357425
2019-08-27 22:00:00,0.0004,0.1168,-2.3543802999284154
2019-08-27 23:00:00,0.0004,0.113,15.432468645861753
2019-08-28 00:00:00,0.0004,0.1145,37.19608773885369
2019-08-28 01:00:00,0.0004,0.1114,37.83289755831987
2019-08-28 02:00:00,0.0004,0.1064,33.55539974941687
2019-08-28 03:00:00,0.0003,0.1,13.060544253133273
2019-08-28 04:00:00,0.0035,0.0968,46.57870924646946
2019-08-28 05:00:00,0.0457,0.0901,-21.565442331727258
2019-08-28 06:00:00,0.1254,0.0774,49.34672891453806
2019-08-28 07:00:00,0.2246,0.0509,54.50248317723411
2019-08-28 08:00:00,0.3178,0.0319,24.338670818522154
2019-08-28 09:00:00,0.3971,0.0261,47.62158341900959
2019-08-28 10:00:00,0.451,0.0332,30.11133470820478
2019-08-28 11:00:00,0.4686,0.0466,61.63160541603039
2019-08-28 12:00:00,0.4378,0.0608,30.464172696330206
2019-08-28 13:00:00,0.3701,0.0692,27.05514146262346
2019-08-28 14:00:00,0.2794,0.0763,41.60465120751425
2019-08-28 15:00:00,0.181,0.0951,38.44703849623395
2019-08-28 16:00:00,0.0849,0.0959,43.300323448473556
2019-08-28 17:00:00,0.0194,0.1034,28.52132493163813
2019-08-28 18:00:00,0.0004,0.1057,49.52789437785979
2019-08-28 19:00:00,0.0004,0.1035,24.227591882590332
2019-08-28 20:00:00,0.0004,0.0749,26.756228606479002
2019-08-28 21:00:00,0.0004,0.0669,40.10856638255568
2019-08-28 22:00:00,0.0,0.0575,30.391995696548936
2019-08-28 23:00:00,0.0,0.0423,17.321602940134646
2019-08-29 00:00:00,0.0,0.04,17.7734608086767
2019-08-29 01:00:00,0.0,0.0548,8.85564374317373
2019-08-29 02:00:00,0.0,0.0607,-38.80548211215013
2019-08-29 03:00:00,0.0,0.0558,23.597737652579053
2019-08-29 04:00:00,0.0025,0.0596,29.976863684305563
2019-08-29 05:00:00,0.0339,0.0738,54.60877658972072
2019-08-29 06:00:00,0.0964,0.077,33.35108641800925
2019-08-29 07:00:00,0.178,0.0769,63.022645477962456
2019-08-29 08:00:00,0.2597,0.0994,24.75697173758835
2019-08-29 09:00:00,0.3356,0.1068,28.59418962665223
2019-08-29 10:00:00,0.3848,0.1178,22.441392208119055
2019-08-29 11:00:00,0.39,0.1223,34.80022312256215
2019-08-29 12:00:00,0.3764,0.1248,34.97461865848795
2019-08-29 13:00:00,0.3414,0.1156,67.76136369689931
2019-08-29 14:00:00,0.2649,0.1114,38.047631055861224
2019-08-29 15:00:00,0.1719,0.096,35.79823952561513
2019-08-29 16:00:00,0.0827,0.0727,56.903295400526446
2019-08-29 17:00:00,0.0199,0.0555,48.10260117080109
2019-08-29 18:00:00,0.0002,0.0395,47.76714246420187
2019-08-29 19:00:00,0.0,0.0373,33.085285818579
2019-08-29 20:00:00,0.0,0.0351,39.32650666973187
2019-08-29 21:00:00,0.0,0.0339,38.689090746074726
2019-08-29 22:00:00,0.0,0.0307,27.21661651659504
2019-08-29 23:00:00,0.0,0.0299,35.820827687141126
2019-08-30 00:00:00,0.0,0.0277,84.11494090069638
2019-08-30 01:00:00,0.0,0.0258,53.998091131892096
2019-08-30 02:00:00,0.0,0.0232,-39.828897209617885
2019-08-30 03:00:00,0.0,0.0233,9.886128697834334
2019-08-30 04:00:00,0.0023,0.025,37.04401935321072
2019-08-30 05:00:00,0.0444,0.0268,42.83859924989206
2019-08-30 06:00:00,0.1386,0.021,4.243866644415405
2019-08-30 07:00:00,0.2598,0.0134,24.790716970668697
2019-08-30 08:00:00,0.3723,0.0186,11.076534832697856
2019-08-30 09:00:00,0.4526,0.0242,45.75159170543451
2019-08-30 10:00:00,0.4938,0.0292,62.68663412818024
2019-08-30 11:00:00,0.5002,0.0328,33.3693200750761
2019-08-30 12:00:00,0.4719,0.0321,29.550878929433846
2019-08-30 13:00:00,0.4057,0.0313,47.08720878207573
2019-08-30 14:00:00,0.3181,0.0262,16.219088284623737
2019-08-30 15:00:00,0.2098,0.0186,42.188405697370406
2019-08-30 16:00:00,0.0991,0.0119,56.04772384191914
2019-08-30 17:00:00,0.021,0.0106,25.747712016397166
2019-08-30 18:00:00,0.0002,0.0156,28.765035384509076
2019-08-30 19:00:00,0.0,0.0262,-39.74195154670277
2019-08-30 20:00:00,0.0,0.0328,38.19051409847826
2019-08-30 21:00:00,0.0,0.0386,41.2692195934762
2019-08-30 22:00:00,0.0,0.0392,-41.178712404738675
2019-08-30 23:00:00,0.0,0.0368,8.31835782913003
2019-08-31 00:00:00,0.0,0.0399,42.38464092152215
2019-08-31 01:00:00,0.0,0.0425,49.32217914785669
2019-08-31 02:00:00,0.0,0.0469,47.9917665319387
2019-08-31 03:00:00,0.0,0.0469,32.316286755447095
2019-08-31 04:00:00,0.0026,0.0593,18.60586392441147
2019-08-31 05:00:00,0.051,0.0755,14.646364021444747
2019-08-31 06:00:00,0.1621,0.0733,41.34747913796797
2019-08-31 07:00:00,0.2981,0.0409,47.395031271272344
2019-08-31 08:00:00,0.4107,0.026,50.40932615301756
2019-08-31 09:00:00,0.4898,0.0419,59.24822152594131
2019-08-31 10:00:00,0.529,0.0725,46.810970208831904
2019-08-31 11:00:00,0.5325,0.1113,36.40668904475399
2019-08-31 12:00:00,0.5013,0.148,37.33552690666165
2019-08-31 13:00:00,0.4356,0.1656,39.83222726720929
2019-08-31 14:00:00,0.3396,0.1675,50.950973352365125
2019-08-31 15:00:00,0.2188,0.1435,31.503236362359928
2019-08-31 16:00:00,0.0954,0.1058,32.900378442432434
2019-08-31 17:00:00,0.0175,0.0919,48.158709239333035
2019-08-31 18:00:00,0.0,0.1324,-46.41900682234466
2019-08-31 19:00:00,0.0,0.208,50.88950875000501
2019-08-31 20:00:00,0.0,0.2822,40.315441809870876
2019-08-31 21:00:00,0.0,0.331,40.078867700923745
2019-08-31 22:00:00,0.0,0.3309,27.056413912444416
2019-08-31 23:00:00,0.0,0.3135,-42.29698993223164
2019-09-01 00:00:00,0.0,0.2431,12.647376686318903
2019-09-01 01:00:00,0.0,0.1956,50.05960848624978
2019-09-01 02:00:00,0.0,0.1809,39.172154915577174
2019-09-01 03:00:00,0.0,0.1655,39.73606178920247
2019-09-01 04:00:00,0.0021,0.1604,37.00438435513638
2019-09-01 05:00:00,0.0411,0.1604,37.46787366843633
2019-09-01 06:00:00,0.1188,0.155,36.74073089254946
2019-09-01 07:00:00,0.2084,0.1533,43.609839170960996
2019-09-01 08:00:00,0.2881,0.1648,40.833073938827596
2019-09-01 09:00:00,0.3379,0.1687,47.80796044410959
2019-09-01 10:00:00,0.3647,0.1854,-49.04213725544297
2019-09-01 11:00:00,0.3576,0.2037,27.95362356234594
2019-09-01 12:00:00,0.3116,0.2129,50.53387250814694
2019-09-01 13:00:00,0.2642,0.2248,30.657644341450872
2019-09-01 14:00:00,0.207,0.2263,53.49142319848986
2019-09-01 15:00:00,0.1343,0.2336,51.10457633336242
2019-09-01 16:00:00,0.0648,0.237,34.751433218922344
2019-09-01 17:00:00,0.0137,0.2009,16.23623698921483
2019-09-01 18:00:00,0.0001,0.1713,23.805678163741852
2019-09-01 19:00:00,0.0,0.1385,52.61536114072184
2019-09-01 20:00:00,0.0,0.1236,4.474597497416568
2019-09-01 21:00:00,0.0,0.1116,20.83318065411885
2019-09-01 22:00:00,0.0,0.1157,26.756914565195228
2019-09-01 23:00:00,0.0,0.13,51.710610919028326
2019-09-02 00:00:00,0.0,0.1532,34.638201106770246
2019-09-02 01:00:00,0.0,0.1648,26.02588018731077
2019-09-02 02:00:00,0.0,0.1767,9.497722294726223
2019-09-02 03:00:00,0.0,0.1761,42.62697592335305
2019-09-02 04:00:00,0.0015,0.1733,50.25388430390875
2019-09-02 05:00:00,0.0373,0.1669,32.21311621474736
2019-09-02 06:00:00,0.1241,0.1318,34.652870777546646
2019-09-02 07:00:00,0.2355,0.0934,12.595632920108173
2019-09-02 08:00:00,0.3345,0.1188,8.709954538490443
2019-09-02 09:00:00,0.3798,0.1532,38.83338326970946
2019-09-02 10:00:00,0.3922,0.1603,29.777867495898732
2019-09-02 11:00:00,0.3979,0.1593,36.2894992131423
2019-09-02 12:00:00,0.3774,0.1629,34.081893157994955
2019-09-02 13:00:00,0.3296,0.1671,32.88094466807488
2019-09-02 14:00:00,0.2628,0.1546,32.933598356575374
2019-09-02 15:00:00,0.1768,0.1304,38.606856997504124
2019-09-02 16:00:00,0.0844,0.1028,36.89406945785502
2019-09-02 17:00:00,0.0167,0.0687,52.843221058494905
2019-09-02 18:00:00,0.0001,0.0569,37.44416294979618
2019-09-02 19:00:00,0.0,0.065,16.801882273972744
2019-09-02 20:00:00,0.0,0.0706,14.95761864792588
2019-09-02 21:00:00,0.0,0.0778,40.8649440441114
2019-09-02 22:00:00,0.0,0.0882,15.359128262477968
2019-09-02 23:00:00,0.0,0.1138,29.498141726807198
2019-09-03 00:00:00,0.0,0.1511,28.278136331911924
2019-09-03 01:00:00,0.0,0.1758,32.474368958147004
2019-09-03 02:00:00,0.0,0.2044,46.239125673338414
2019-09-03 03:00:00,0.0,0.2225,43.898638965306915
2019-09-03 04:00:00,0.0014,0.2548,48.576329292576986
2019-09-03 05:00:00,0.0398,0.2662,33.8628432442554
2019-09-03 06:00:00,0.1363,0.2521,26.418260615498237
2019-09-03 07:00:00,0.2474,0.2205,12.87810032661141
2019-09-03 08:00:00,0.3484,0.2277,24.90348380423316
2019-09-03 09:00:00,0.4072,0.2683,38.582185504023535
2019-09-03 10:00:00,0.425,0.3011,48.47097481920218
2019-09-03 11:00:00,0.4227,0.3092,60.10502672872517
2019-09-03 12:00:00,0.3949,0.3101,32.08764665092502
2019-09-03 13:00:00,0.3444,0.2931,30.551951041806568
2019-09-03 14:00:00,0.2717,0.2672,47.90619621965698
2019-09-03 15:00:00,0.175,0.2356,40.690981276000976
2019-09-03 16:00:00,0.0756,0.1805,16.279943823833342
2019-09-03 17:00:00,0.0124,0.1475,33.947532596963526
2019-09-03 18:00:00,0.0,0.1192,36.320398130718786
2019-09-03 19:00:00,0.0,0.1128,29.568474388663596
2019-09-03 20:00:00,0.0,0.117,13.677332302950589
2019-09-03 21:00:00,0.0,0.1149,36.41855193222057
2019-09-03 22:00:00,0.0,0.1058,40.35695878351676
2019-09-03 23:00:00,0.0,0.1006,30.517620409416494
2019-09-04 00:00:00,0.0,0.0954,12.741135658977871
2019-09-04 01:00:00,0.0,0.0886,51.77598869301333
2019-09-04 02:00:00,0.0,0.087,20.848839386471894
2019-09-04 03:00:00,0.0,0.0985,23.675505551498766
2019-09-04 04:00:00,0.0015,0.1131,48.339927432236735
2019-09-04 05:00:00,0.0422,0.1293,21.959100890783322
2019-09-04 06:00:00,0.1445,0.1246,14.022291716515557
2019-09-04 07:00:00,0.2683,0.1217,47.362201275235094
2019-09-04 08:00:00,0.3805,0.1536,31.68091772946031
2019-09-04 09:00:00,0.4647,0.2132,37.240723270253454
2019-09-04 10:00:00,0.511,0.2496,37.50110872911959
2019-09-04 11:00:00,0.5176,0.2643,44.23510851826743
2019-09-04 12:00:00,0.4856,0.2772,60.62893030250599
2019-09-04 13:00:00,0.4149,0.297,8.885408151641577
2019-09-04 14:00:00,0.3114,0.3158,32.78445159112997
2019-09-04 15:00:00,0.1901,0.314,34.53399496821697
2019-09-04 16:00:00,0.0759,0.3108,33.58652144836911
2019-09-04 17:00:00,0.0104,0.2991,8.734222253904672
2019-09-04 18:00:00,0.0,0.2907,26.469667569520524
2019-09-04 19:00:00,0.0,0.2856,50.213745656550124
2019-09-04 20:00:00,0.0,0.2944,39.51961343233405
2019-09-04 21:00:00,0.0,0.2606,15.282938763113853
2019-09-04 22:00:00,0.0,0.2444,10.819600215087409
2019-09-04 23:00:00,0.0,0.227,46.727560460583625
2019-09-05 00:00:00,0.0,0.2212,26.23415773094933
2019-09-05 01:00:00,0.0,0.2363,25.15983181905904
2019-09-05 02:00:00,0.0,0.2599,58.87138323081819
2019-09-05 03:00:00,0.0,0.2706,49.835644862481395
2019-09-05 04:00:00,0.001,0.2962,31.957714805386082
2019-09-05 05:00:00,0.034,0.3082,36.439651670973404
2019-09-05 06:00:00,0.1078,0.3019,48.72298815614469
2019-09-05 07:00:00,0.192,0.3124,59.933348822218505
2019-09-05 08:00:00,0.2587,0.3587,25.89406490426815
2019-09-05 09:00:00,0.298,0.4153,-19.072950245931718
2019-09-05 10:00:00,0.3034,0.4684,29.916852896850003
2019-09-05 11:00:00,0.3064,0.4933,54.327159166732415
2019-09-05 12:00:00,0.2893,0.5028,16.35177306102873
2019-09-05 13:00:00,0.2513,0.5036,49.02448266480101
2019-09-05 14:00:00,0.1903,0.4914,62.13669329299692
2019-09-05 15:00:00,0.1196,0.4593,38.80302020493895
2019-09-05 16:00:00,0.0522,0.4275,45.683929636022214
2019-09-05 17:00:00,0.009,0.3532,16.184483882590435
2019-09-05 18:00:00,0.0,0.3173,34.35161339091309
2019-09-05 19:00:00,0.0,0.2935,29.559947284289347
2019-09-05 20:00:00,0.0,0.2642,29.414708322229114
2019-09-05 21:00:00,0.0,0.2507,18.378483749915276
2019-09-05 22:00:00,0.0,0.244,10.37531198382969
2019-09-05 23:00:00,0.0,0.2362,26.526370918753027
2019-09-06 00:00:00,0.0,0.23,22.83542344795957
2019-09-06 01:00:00,0.0,0.2256,36.75376037340431
2019-09-06 02:00:00,0.0,0.2422,41.482752032164804
2019-09-06 03:00:00,0.0,0.2468,18.480307189280687
2019-09-06 04:00:00,0.0009,0.2521,38.45806872777749
2019-09-06 05:00:00,0.0347,0.2281,-38.8728635775144
2019-09-06 06:00:00,0.124,0.1875,41.395317367844626
2019-09-06 07:00:00,0.2309,0.1441,49.4907952877309
2019-09-06 08:00:00,0.3255,0.1559,30.273342612730893
2019-09-06 09:00:00,0.3992,0.1758,38.19446918105454
2019-09-06 10:00:00,0.4323,0.1882,42.327428796091
2019-09-06 11:00:00,0.4172,0.2003,33.63681566349359
2019-09-06 12:00:00,0.374,0.206,28.856924453258266
2019-09-06 13:00:00,0.3107,0.1989,62.89537880714704
2019-09-06 14:00:00,0.2231,0.1853,36.73171169488347
2019-09-06 15:00:00,0.133,0.1753,42.82185761431293
2019-09-06 16:00:00,0.0521,0.1438,22.9719358603333
2019-09-06 17:00:00,0.0068,0.1292,27.532446505159154
2019-09-06 18:00:00,0.0,0.1377,53.67411170789751
2019-09-06 19:00:00,0.0,0.1559,23.6363750124573
2019-09-06 20:00:00,0.0,0.1743,47.405180433962116
2019-09-06 21:00:00,0.0,0.1868,15.273607826724987
2019-09-06 22:00:00,0.0,0.1876,28.874354521549293
2019-09-06 23:00:00,0.0,0.1794,22.149585567736537
2019-09-07 00:00:00,0.0,0.1684,-40.48299220344959
2019-09-07 01:00:00,0.0,0.15,31.391412104588913
2019-09-07 02:00:00,0.0,0.1313,34.68753300185652
2019-09-07 03:00:00,0.0,0.1044,12.986735864873317
2019-09-07 04:00:00,0.0004,0.0867,49.32003098027385
2019-09-07 05:00:00,0.015,0.0814,24.863550667822864
2019-09-07 06:00:00,0.0547,0.0647,31.34259674458651
2019-09-07 07:00:00,0.1084,0.0466,26.885142163954544
2019-09-07 08:00:00,0.1642,0.0334,34.12948651712838
2019-09-07 09:00:00,0.2157,0.0346,43.30083427285027
2019-09-07 10:00:00,0.2474,0.039,44.336557975836655
2019-09-07 11:00:00,0.2491,0.0463,27.133083249961565
2019-09-07 12:00:00,0.2306,0.052,13.629745134563642
2019-09-07 13:00:00,0.2019,0.0574,30.614296416661894
2019-09-07 14:00:00,0.158,0.0633,44.2161909174608
2019-09-07 15:00:00,0.1028,0.057,35.51368855924305
2019-09-07 16:00:00,0.0453,0.037,42.860124775497844
2019-09-07 17:00:00,0.0068,0.0199,43.556277808355006
2019-09-07 18:00:00,0.0,0.0146,47.36377728605933
2019-09-07 19:00:00,0.0,0.0173,40.99289434578445
2019-09-07 20:00:00,0.0,0.0216,-28.27160901024974
2019-09-07 21:00:00,0.0,0.0228,33.214927919701715
2019-09-07 22:00:00,0.0,0.0256,38.31528318102532
2019-09-07 23:00:00,0.0,0.0227,28.062787344131586
2019-09-08 00:00:00,0.0,0.0195,55.81666676756978
2019-09-08 01:00:00,0.0,0.0168,28.36242750856276
2019-09-08 02:00:00,0.0,0.0149,37.36359048900114
2019-09-08 03:00:00,0.0,0.0124,45.61930689060179
2019-09-08 04:00:00,0.0006,0.014,26.47145395032453
2019-09-08 05:00:00,0.0219,0.0146,24.813715065767575
2019-09-08 06:00:00,0.0767,0.0136,51.345512347765485
2019-09-08 07:00:00,0.1482,0.0111,35.98875974245822
2019-09-08 08:00:00,0.2089,0.0089,41.17506251306543
2019-09-08 09:00:00,0.2445,0.0095,50.16924261616937
2019-09-08 10:00:00,0.2397,0.0103,-20.950284052226884
2019-09-08 11:00:00,0.2221,0.0112,66.24335925484748
2019-09-08 12:00:00,0.2055,0.0148,56.55313577053801
2019-09-08 13:00:00,0.176,0.0156,44.62455768313281
2019-09-08 14:00:00,0.1314,0.022,35.46669968283395
2019-09-08 15:00:00,0.0795,0.0241,46.26132322336497
2019-09-08 16:00:00,0.0331,0.0322,43.1874183269316
2019-09-08 17:00:00,0.0047,0.0372,41.805609494224996
2019-09-08 18:00:00,0.0,0.0432,8.210316627579182
2019-09-08 19:00:00,0.0,0.0478,26.500769642490663
2019-09-08 20:00:00,0.0,0.0445,34.961564044556596
2019-09-08 21:00:00,0.0,0.0419,30.350482562721524
2019-09-08 22:00:00,0.0,0.038,41.320632045556906
2019-09-08 23:00:00,0.0,0.036,34.41566043267172
2019-09-09 00:00:00,0.0,0.0352,48.960495436649595
2019-09-09 01:00:00,0.0,0.042,29.782902703452383
2019-09-09 02:00:00,0.0,0.0492,41.79759773224214
2019-09-09 03:00:00,0.0,0.0584,16.24741729021321
2019-09-09 04:00:00,0.0001,0.0726,39.94059649789973
2019-09-09 05:00:00,0.007,0.0892,38.2129510697117
2019-09-09 06:00:00,0.0345,0.1039,33.4040262319699
2019-09-09 07:00:00,0.076,0.1028,38.02425630144035
2019-09-09 08:00:00,0.1216,0.097,41.667141309596346
2019-09-09 09:00:00,0.1536,0.099,31.602920330289393
2019-09-09 10:00:00,0.1769,0.1027,26.127150804337685
2019-09-09 11:00:00,0.1899,0.1082,-16.552130596014553
2019-09-09 12:00:00,0.1906,0.1141,-45.11147891430292
2019-09-09 13:00:00,0.1723,0.1185,41.4621592171195
2019-09-09 14:00:00,0.1408,0.1289,6.906177856388801
2019-09-09 15:00:00,0.0954,0.1387,46.445717638875145
2019-09-09 16:00:00,0.0435,0.1394,34.49399751470665
2019-09-09 17:00:00,0.006,0.1322,27.524802237248515
2019-09-09 18:00:00,0.0,0.1244,49.59124395379275
2019-09-09 19:00:00,0.0,0.1234,39.71344218817607
2019-09-09 20:00:00,0.0,0.1297,39.71455824048734
2019-09-09 21:00:00,0.0,0.1413,36.03975416235177
2019-09-09 22:00:00,0.0,0.1552,29.531075353631678
2019-09-09 23:00:00,0.0,0.169,31.108639648234824
2019-09-10 00:00:00,0.0,0.1873,39.65551033751655
2019-09-10 01:00:00,0.0,0.205,29.79456189962464
2019-09-10 02:00:00,0.0,0.2291,17.379725378653923
2019-09-10 03:00:00,0.0,0.2471,30.66925253825061
2019-09-10 04:00:00,0.0004,0.2642,18.155539478500547
2019-09-10 05:00:00,0.0277,0.2749,-47.617803790101945
2019-09-10 06:00:00,0.1082,0.2715,25.052736958812712
2019-09-10 07:00:00,0.2208,0.2519,76.23264912434517
2019-09-10 08:00:00,0.3371,0.2699,41.08339473720535
2019-09-10 09:00:00,0.432,0.3128,15.423372316178913
2019-09-10 10:00:00,0.4728,0.3259,39.34138886434564
2019-09-10 11:00:00,0.4705,0.3199,59.15014351157862
2019-09-10 12:00:00,0.4272,0.3115,31.684087946635238
2019-09-10 13:00:00,0.3593,0.2924,52.620231965173886
2019-09-10 14:00:00,0.277,0.2687,56.11160169902022
2019-09-10 15:00:00,0.1732,0.2382,58.88567144283388
2019-09-10 16:00:00,0.0676,0.1982,55.39604352674103
2019-09-10 17:00:00,0.0072,0.1561,46.559563211266976
2019-09-10 18:00:00,0.0,0.1436,30.1112131640511
2019-09-10 19:00:00,0.0,0.1413,34.60862441802535
2019-09-10 20:00:00,0.0,0.1373,28.155908554779124
2019-09-10 21:00:00,0.0,0.1225,48.00092874081734
2019-09-10 22:00:00,0.0,0.1071,29.468023818096636
2019-09-10 23:00:00,0.0,0.0968,44.972359159372814
2019-09-11 00:00:00,0.0,0.0989,38.43875108971748
2019-09-11 01:00:00,0.0,0.1063,31.584356155023634
2019-09-11 02:00:00,0.0,0.107,50.581409949995454
2019-09-11 03:00:00,0.0,0.1122,49.59835353320112
2019-09-11 04:00:00,0.0004,0.1385,28.53121173173775
2019-09-11 05:00:00,0.0308,0.1567,36.71271560500941
2019-09-11 06:00:00,0.1274,0.1623,54.955890597110326
2019-09-11 07:00:00,0.2594,0.1377,29.15567935782441
2019-09-11 08:00:00,0.3745,0.1506,49.41207720367338
2019-09-11 09:00:00,0.4542,0.2204,39.078297539881156
2019-09-11 10:00:00,0.4792,0.2995,-15.565696398005025
2019-09-11 11:00:00,0.4572,0.3512,60.13638819292443
2019-09-11 12:00:00,0.4083,0.3719,54.835979131753405
2019-09-11 13:00:00,0.3314,0.3798,62.056988037802704
2019-09-11 14:00:00,0.232,0.3841,30.247375701909434
2019-09-11 15:00:00,0.1298,0.3804,57.5356066148142
2019-09-11 16:00:00,0.0418,0.3675,34.636167744278275
2019-09-11 17:00:00,0.0028,0.3653,36.459992563409386
2019-09-11 18:00:00,0.0,0.3659,40.17277558542961
2019-09-11 19:00:00,0.0,0.3886,19.04268708095492
2019-09-11 20:00:00,0.0,0.3818,29.166281959019027
2019-09-11 21:00:00,0.0,0.3684,27.377292600886747
2019-09-11 22:00:00,0.0,0.3402,20.222354686298956
2019-09-11 23:00:00,0.0,0.2991,34.56683786692449
2019-09-12 00:00:00,0.0,0.2676,-22.583999058335664
2019-09-12 01:00:00,0.0,0.2276,59.04176577567659
2019-09-12 02:00:00,0.0,0.1973,51.05615686154114
2019-09-12 03:00:00,0.0,0.1758,40.65912173272655
2019-09-12 04:00:00,0.0002,0.173,47.391790228623314
2019-09-12 05:00:00,0.0144,0.1696,25.801017081528077
2019-09-12 06:00:00,0.065,0.1496,33.245920624232845
2019-09-12 07:00:00,0.1387,0.1255,22.500335372814934
2019-09-12 08:00:00,0.2275,0.1261,21.969370393804383
2019-09-12 09:00:00,0.3053,0.1567,18.622217749275375
2019-09-12 10:00:00,0.3587,0.1845,46.51397285704516
2019-09-12 11:00:00,0.3817,0.2056,49.58003680526037
2019-09-12 12:00:00,0.374,0.2181,37.97777672673396
2019-09-12 13:00:00,0.3334,0.22,42.534919661489056
2019-09-12 14:00:00,0.2637,0.2069,35.657697356740925
2019-09-12 15:00:00,0.1663,0.1943,51.968231001848494
2019-09-12 16:00:00,0.0642,0.1576,58.316523510756646
2019-09-12 17:00:00,0.0051,0.1328,52.3122125878624
2019-09-12 18:00:00,0.0,0.1566,55.40602484777986
2019-09-12 19:00:00,0.0,0.1959,41.66625777190593
2019-09-12 20:00:00,0.0,0.224,25.9506834591779
2019-09-12 21:00:00,0.0,0.239,44.06890471455876
2019-09-12 22:00:00,0.0,0.2547,27.99931502330492
2019-09-12 23:00:00,0.0,0.2831,35.93336909363841
2019-09-13 00:00:00,0.0,0.3062,29.604857769580413
2019-09-13 01:00:00,0.0,0.3114,33.004143857244756
2019-09-13 02:00:00,0.0,0.3117,52.38227496162245
2019-09-13 03:00:00,0.0,0.2927,39.09696288588008
2019-09-13 04:00:00,0.0002,0.299,31.93444249100038
2019-09-13 05:00:00,0.0197,0.3032,8.7817894184878
2019-09-13 06:00:00,0.0866,0.2743,38.256308562745765
2019-09-13 07:00:00,0.1725,0.2521,47.381558012709284
2019-09-13 08:00:00,0.2545,0.2644,57.84969248215367
2019-09-13 09:00:00,0.3118,0.2958,44.68135602961436
2019-09-13 10:00:00,0.3329,0.3065,55.84609936216198
2019-09-13 11:00:00,0.3378,0.298,54.830431270963494
2019-09-13 12:00:00,0.3337,0.2796,71.28367226815016
2019-09-13 13:00:00,0.2996,0.2644,46.596500198116566
2019-09-13 14:00:00,0.23,0.2462,60.370042219854405
2019-09-13 15:00:00,0.1391,0.2088,29.881108217449018
2019-09-13 16:00:00,0.0526,0.1542,-34.59193668633644
2019-09-13 17:00:00,0.0042,0.1234,37.42422506745882
2019-09-13 18:00:00,0.0,0.119,43.269101573348124
2019-09-13 19:00:00,0.0,0.1293,29.445220218256495
2019-09-13 20:00:00,0.0,0.1369,30.683814580699412
2019-09-13 21:00:00,0.0,0.1422,25.255647734884512
2019-09-13 22:00:00,0.0,0.1463,32.19514568846126
2019-09-13 23:00:00,0.0,0.1332,41.10724063300295
2019-09-14 00:00:00,0.0,0.1216,23.482469735396023
2019-09-14 01:00:00,0.0,0.1088,10.74241065577582
2019-09-14 02:00:00,0.0,0.0931,37.006052789434534
2019-09-14 03:00:00,0.0,0.0888,33.93723290260234
2019-09-14 04:00:00,0.0003,0.0921,22.35432328224544
2019-09-14 05:00:00,0.0291,0.0896,35.62427524324745
2019-09-14 06:00:00,0.1265,0.0674,28.98461350084537
2019-09-14 07:00:00,0.2536,0.0322,27.59595237500685
2019-09-14 08:00:00,0.3732,0.0193,50.908779901907934
2019-09-14 09:00:00,0.4593,0.0226,50.25841774103877
2019-09-14 10:00:00,0.4876,0.025,27.615964743571418
2019-09-14 11:00:00,0.4817,0.028,37.01991635762727
2019-09-14 12:00:00,0.4555,0.0321,32.86105340494605
2019-09-14 13:00:00,0.4,0.0329,31.617745579407263
2019-09-14 14:00:00,0.3122,0.0294,34.86270301386874
2019-09-14 15:00:00,0.19,0.0234,36.70628084781839
2019-09-14 16:00:00,0.0621,0.0155,60.631332583544356
2019-09-14 17:00:00,0.0039,0.0184,39.86568757647015
2019-09-14 18:00:00,0.0,0.0296,15.565218649636808
2019-09-14 19:00:00,0.0,0.0453,35.7464915241106
2019-09-14 20:00:00,0.0,0.0626,23.362509876760484
2019-09-14 21:00:00,0.0,0.097,25.627295912938962
2019-09-14 22:00:00,0.0,0.1337,23.742566442868856
2019-09-14 23:00:00,0.0,0.1832,37.859101194691306
2019-09-15 00:00:00,0.0,0.2244,-18.637767872962815
2019-09-15 01:00:00,0.0,0.2685,38.29756428658958
2019-09-15 02:00:00,0.0,0.3054,16.612763576995086
2019-09-15 03:00:00,0.0,0.3374,-44.32583138491438
2019-09-15 04:00:00,0.0002,0.3743,17.689227974103197
2019-09-15 05:00:00,0.0308,0.3919,45.71609990710654
2019-09-15 06:00:00,0.1341,0.3803,39.19734605109646
2019-09-15 07:00:00,0.2626,0.3214,23.982648185988268
2019-09-15 08:00:00,0.3688,0.2935,15.747349876293285
2019-09-15 09:00:00,0.4442,0.3117,24.910046265451427
2019-09-15 10:00:00,0.4815,0.3126,-23.009705297942155
2019-09-15 11:00:00,0.4807,0.2997,35.92757997895211
2019-09-15 12:00:00,0.4476,0.3143,49.13189881097935
2019-09-15 13:00:00,0.3824,0.3332,58.109574199739754
2019-09-15 14:00:00,0.2791,0.3561,44.89149304441094
2019-09-15 15:00:00,0.1556,0.363,45.13640995932091
2019-09-15 16:00:00,0.0515,0.3207,66.75471568645874
2019-09-15 17:00:00,0.0028,0.2768,49.00716789529639
2019-09-15 18:00:00,0.0,0.2611,20.179780035256822
2019-09-15 19:00:00,0.0,0.2602,15.57188728346987
2019-09-15 20:00:00,0.0,0.2386,2.1072013282009294
2019-09-15 21:00:00,0.0,0.2129,-9.964681325470657
2019-09-15 22:00:00,0.0,0.1907,43.776849225842064
2019-09-15 23:00:00,0.0,0.1751,38.349955692121426
2019-09-16 00:00:00,0.0,0.1626,60.34638097559336
2019-09-16 01:00:00,0.0,0.1398,20.234462522850798
2019-09-16 02:00:00,0.0,0.1199,55.72731537196835
2019-09-16 03:00:00,0.0,0.1084,44.708073009185014
2019-09-16 04:00:00,0.0001,0.0999,37.1887407747397
2019-09-16 05:00:00,0.0184,0.0928,31.36912933318642
2019-09-16 06:00:00,0.0827,0.0851,37.08080265710162
2019-09-16 07:00:00,0.1632,0.0744,11.98684194940574
2019-09-16 08:00:00,0.2351,0.0837,28.510848158844073
2019-09-16 09:00:00,0.2776,0.1058,30.37171394146178
2019-09-16 10:00:00,0.2895,0.1204,38.18072536641655
2019-09-16 11:00:00,0.277,0.1303,42.56551924074687
2019-09-16 12:00:00,0.2509,0.1376,64.18963137906313
2019-09-16 13:00:00,0.2013,0.1428,30.206596723160843
2019-09-16 14:00:00,0.1356,0.1413,30.0916849314984
2019-09-16 15:00:00,0.0744,0.1316,29.238146082087045
2019-09-16 16:00:00,0.0238,0.1184,43.801648170294875
2019-09-16 17:00:00,0.001,0.1059,24.192298388545858
2019-09-16 18:00:00,0.0,0.1112,27.9985004457914
2019-09-16 19:00:00,0.0,0.1246,34.937702679170066
2019-09-16 20:00:00,0.0,0.1389,39.42203078523981
2019-09-16 21:00:00,0.0,0.158,19.732590319438724
2019-09-16 22:00:00,0.0,0.1816,29.995454551475273
2019-09-16 23:00:00,0.0,0.2004,31.043237435293783
2019-09-17 00:00:00,0.0,0.2031,16.935308449323564
2019-09-17 01:00:00,0.0,0.214,35.34438159737577
2019-09-17 02:00:00,0.0,0.2262,26.762616572842013
2019-09-17 03:00:00,0.0,0.251,-32.39255895454339
2019-09-17 04:00:00,0.0001,0.279,44.773035787347574
2019-09-17 05:00:00,0.0134,0.2958,28.158907329629123
2019-09-17 06:00:00,0.0712,0.301,22.0710428268926
2019-09-17 07:00:00,0.1593,0.3292,38.6073227684461
2019-09-17 08:00:00,0.2416,0.4035,27.545006445245832
2019-09-17 09:00:00,0.2883,0.4914,45.63368080372841
2019-09-17 10:00:00,0.3108,0.5394,56.13575726103985
2019-09-17 11:00:00,0.3233,0.5713,21.13870076272449
2019-09-17 12:00:00,0.3095,0.6083,67.04098797657417
2019-09-17 13:00:00,0.2846,0.6478,54.00691837309722
2019-09-17 14:00:00,0.2271,0.6697,28.025416872145268
2019-09-17 15:00:00,0.1391,0.6706,38.54327312001502
2019-09-17 16:00:00,0.0478,0.6349,54.491261337178294
2019-09-17 17:00:00,0.0023,0.606,46.71559448475056
2019-09-17 18:00:00,0.0,0.5742,31.713791808969194
2019-09-17 19:00:00,0.0,0.5518,19.634473291829913
2019-09-17 20:00:00,0.0,0.5263,7.1594251343859305
2019-09-17 21:00:00,0.0,0.508,22.36953948083712
2019-09-17 22:00:00,0.0,0.4892,29.554348377721205
2019-09-17 23:00:00,0.0,0.4569,-26.773006760302607
2019-09-18 00:00:00,0.0,0.4151,-20.619604874137767
2019-09-18 01:00:00,0.0,0.3815,27.726124240845195
2019-09-18 02:00:00,0.0,0.3533,49.73809887956838
2019-09-18 03:00:00,0.0,0.3383,56.08086499054221
2019-09-18 04:00:00,0.0001,0.3372,25.084522019941303
2019-09-18 05:00:00,0.0261,0.3136,16.031416319153408
2019-09-18 06:00:00,0.132,0.2694,39.72813769083677
2019-09-18 07:00:00,0.2651,0.2236,46.36505922997505
2019-09-18 08:00:00,0.3723,0.2574,41.865792929963
2019-09-18 09:00:00,0.428,0.3018,39.57154439063765
2019-09-18 10:00:00,0.4388,0.321,38.6694281839769
2019-09-18 11:00:00,0.4471,0.3397,47.77397446081072
2019-09-18 12:00:00,0.4279,0.347,28.30404212231781
2019-09-18 13:00:00,0.3688,0.3554,16.75435600270825
2019-09-18 14:00:00,0.2785,0.3562,47.20305949279798
2019-09-18 15:00:00,0.1606,0.3407,26.324559411101443
2019-09-18 16:00:00,0.0489,0.2905,43.04553162805671
2019-09-18 17:00:00,0.0018,0.256,42.65234234967508
2019-09-18 18:00:00,0.0,0.2641,45.82421371660943
2019-09-18 19:00:00,0.0,0.2707,36.60830849926987
2019-09-18 20:00:00,0.0,0.2673,33.875376674958396
2019-09-18 21:00:00,0.0,0.2585,16.44950522196514
2019-09-18 22:00:00,0.0,0.2574,34.329642855428446
2019-09-18 23:00:00,0.0,0.2504,37.49357556491948
2019-09-19 00:00:00,0.0,0.2449,31.227491864449885
2019-09-19 01:00:00,0.0,0.2366,34.92704567138648
2019-09-19 02:00:00,0.0,0.2253,33.59833113212122
2019-09-19 03:00:00,0.0,0.2188,52.02541495022763
2019-09-19 04:00:00,0.0001,0.2174,57.54464294530116
2019-09-19 05:00:00,0.024,0.2026,53.48732437099143
2019-09-19 06:00:00,0.1231,0.1591,42.5684850963537
2019-09-19 07:00:00,0.261,0.0934,41.31182260684837
2019-09-19 08:00:00,0.3827,0.093,43.9847324642933
2019-09-19 09:00:00,0.444,0.1152,46.84194072102362
2019-09-19 10:00:00,0.4606,0.1193,32.70056498154034
2019-09-19 11:00:00,0.4686,0.1176,32.34657813560155
2019-09-19 12:00:00,0.4511,0.118,38.832956748344465
2019-09-19 13:00:00,0.3905,0.1213,26.796678954465413
2019-09-19 14:00:00,0.2909,0.1224,43.675901225462205
2019-09-19 15:00:00,0.1653,0.1172,-30.38054878262016
2019-09-19 16:00:00,0.0509,0.0965,48.84200545990183
2019-09-19 17:00:00,0.002,0.0878,13.089844436680139
2019-09-19 18:00:00,0.0,0.1034,19.818787360537367
2019-09-19 19:00:00,0.0,0.12,28.944368000929313
2019-09-19 20:00:00,0.0,0.1182,43.676062423176674
2019-09-19 21:00:00,0.0,0.1153,30.242550520850905
2019-09-19 22:00:00,0.0,0.1107,47.059636231373275
2019-09-19 23:00:00,0.0,0.1038,17.56685328346543
2019-09-20 00:00:00,0.0,0.0948,33.023448051743976
2019-09-20 01:00:00,0.0,0.0924,21.139051569400067
2019-09-20 02:00:00,0.0,0.0932,36.076109169017066
2019-09-20 03:00:00,0.0,0.0968,22.61397108792771
2019-09-20 04:00:00,0.0,0.1002,20.777411009764165
2019-09-20 05:00:00,0.0219,0.1035,36.757820659150816
2019-09-20 06:00:00,0.1168,0.0939,16.170745479523653
2019-09-20 07:00:00,0.2444,0.0633,50.25177948995068
2019-09-20 08:00:00,0.354,0.0607,32.21113996055756
2019-09-20 09:00:00,0.4299,0.08,77.02483720154314
2019-09-20 10:00:00,0.465,0.0856,48.10007810069084
2019-09-20 11:00:00,0.4686,0.0823,53.75778345395025
2019-09-20 12:00:00,0.4401,0.0828,-42.722670269313355
2019-09-20 13:00:00,0.3766,0.0828,33.66450716161009
2019-09-20 14:00:00,0.2784,0.0781,44.11181748801949
2019-09-20 15:00:00,0.1553,0.0805,44.78609186278791
2019-09-20 16:00:00,0.0443,0.0722,46.6085297835207
2019-09-20 17:00:00,0.0013,0.0782,10.714054981560771
2019-09-20 18:00:00,0.0,0.0975,26.633225221674785
2019-09-20 19:00:00,0.0,0.1181,28.910916952384483
2019-09-20 20:00:00,0.0,0.1299,33.802167462510994
2019-09-20 21:00:00,0.0,0.1389,16.8320379074827
2019-09-20 22:00:00,0.0,0.148,32.373215156246005
2019-09-20 23:00:00,0.0,0.1502,44.88458387922066
2019-09-21 00:00:00,0.0,0.1533,43.424697974828845
2019-09-21 01:00:00,0.0,0.1639,47.957379357552504
2019-09-21 02:00:00,0.0,0.1617,32.916964466101945
2019-09-21 03:00:00,0.0,0.1603,30.43353808949719
2019-09-21 04:00:00,0.0,0.1587,23.15764363265728
2019-09-21 05:00:00,0.0226,0.1572,20.94730392993684
2019-09-21 06:00:00,0.1286,0.1384,47.13518920188184
2019-09-21 07:00:00,0.2722,0.1021,33.983729225246606
2019-09-21 08:00:00,0.3975,0.071,39.10403649479411
2019-09-21 09:00:00,0.4811,0.0625,47.414014859448486
2019-09-21 10:00:00,0.5246,0.0565,37.1241281195498
2019-09-21 11:00:00,0.5321,0.0506,59.34689164691274
2019-09-21 12:00:00,0.4991,0.0512,42.73735375050061
2019-09-21 13:00:00,0.4267,0.0588,60.27820523177362
2019-09-21 14:00:00,0.313,0.0662,43.74411829176847
2019-09-21 15:00:00,0.1728,0.0733,31.58414104612923
2019-09-21 16:00:00,0.0464,0.0812,37.104113687436985
2019-09-21 17:00:00,0.0011,0.1349,26.834484488881063
2019-09-21 18:00:00,0.0,0.2135,50.00155191310051
2019-09-21 19:00:00,0.0,0.2628,26.466574208664976
2019-09-21 20:00:00,0.0,0.278,11.374531261875692
2019-09-21 21:00:00,0.0,0.2816,30.12298995999809
2019-09-21 22:00:00,0.0,0.2706,-31.2743440035172
2019-09-21 23:00:00,0.0,0.2591,27.641621208027946
2019-09-22 00:00:00,0.0,0.2414,23.687572990683016
2019-09-22 01:00:00,0.0,0.2202,38.60898698987431
2019-09-22 02:00:00,0.0,0.2059,45.397391728405196
2019-09-22 03:00:00,0.0,0.1981,30.374303658342633
2019-09-22 04:00:00,0.0,0.2139,18.823402900763867
2019-09-22 05:00:00,0.0217,0.2322,33.352859157006755
2019-09-22 06:00:00,0.1198,0.2188,55.58940049515391
2019-09-22 07:00:00,0.2505,0.151,30.107786870957852
2019-09-22 08:00:00,0.3573,0.085,37.85144919875005
2019-09-22 09:00:00,0.4221,0.0739,44.92686734638943
2019-09-22 10:00:00,0.4449,0.077,34.84316861823914
2019-09-22 11:00:00,0.4335,0.083,36.714273325507406
2019-09-22 12:00:00,0.3935,0.0867,66.0816051113291
2019-09-22 13:00:00,0.3242,0.0901,33.766954149430354
2019-09-22 14:00:00,0.2251,0.1004,41.153036990773856
2019-09-22 15:00:00,0.1153,0.1072,43.277170852490045
2019-09-22 16:00:00,0.0293,0.1256,55.29248524357601
2019-09-22 17:00:00,0.0004,0.1805,49.49969388634425
2019-09-22 18:00:00,0.0,0.2393,13.41388754149471
2019-09-22 19:00:00,0.0,0.2753,22.256681035971077
2019-09-22 20:00:00,0.0,0.2708,20.89640211670612
2019-09-22 21:00:00,0.0,0.2529,28.495070802357297
2019-09-22 22:00:00,0.0,0.2288,28.117129165843625
2019-09-22 23:00:00,0.0,0.2203,27.906223815832924
2019-09-23 00:00:00,0.0,0.2157,-29.164223348317652
2019-09-23 01:00:00,0.0,0.2181,30.226141676886332
2019-09-23 02:00:00,0.0,0.2186,39.23060350623761
2019-09-23 03:00:00,0.0,0.2225,31.36410920878801
2019-09-23 04:00:00,0.0,0.2166,41.95406302114531
2019-09-23 05:00:00,0.0109,0.2077,30.91539969731008
2019-09-23 06:00:00,0.0529,0.1799,25.470187969451793
2019-09-23 07:00:00,0.1104,0.1337,11.168969499276564
2019-09-23 08:00:00,0.1614,0.106,25.56852843174646
2019-09-23 09:00:00,0.1942,0.1034,68.84795279116194
2019-09-23 10:00:00,0.221,0.1082,54.88885236554461
2019-09-23 11:00:00,0.2304,0.1059,53.112354514566775
2019-09-23 12:00:00,0.2174,0.097,48.99947089597477
2019-09-23 13:00:00,0.1826,0.0914,52.15537846559991
2019-09-23 14:00:00,0.1261,0.0816,47.102394389258436
2019-09-23 15:00:00,0.0654,0.074,60.44050623146921
2019-09-23 16:00:00,0.0179,0.067,41.764922787711896
2019-09-23 17:00:00,0.0004,0.0713,45.62558846293703
2019-09-23 18:00:00,0.0,0.0782,16.138589880714235
2019-09-23 19:00:00,0.0,0.077,43.893778858052066
2019-09-23 20:00:00,0.0,0.0699,36.96723452802028
2019-09-23 21:00:00,0.0,0.0614,31.028559438797444
2019-09-23 22:00:00,0.0,0.0597,20.92676920640556
2019-09-23 23:00:00,0.0,0.0524,11.919452767136239
2019-09-24 00:00:00,0.0,0.0505,47.87556945810839
2019-09-24 01:00:00,0.0,0.0479,17.86848949384499
2019-09-24 02:00:00,0.0,0.0464,44.57687249028682
2019-09-24 03:00:00,0.0,0.049,30.650609429153782
2019-09-24 04:00:00,0.0,0.0537,10.133890651498753
2019-09-24 05:00:00,0.0092,0.0638,36.03147992653333
2019-09-24 06:00:00,0.0643,0.0645,33.62319258879193
2019-09-24 07:00:00,0.1392,0.0514,35.55964647057682
2019-09-24 08:00:00,0.2203,0.0388,64.68346935548342
2019-09-24 09:00:00,0.2915,0.043,30.588426607192385
2019-09-24 10:00:00,0.3279,0.0519,43.49182745534491
2019-09-24 11:00:00,0.3087,0.0636,35.70882140292203
2019-09-24 12:00:00,0.2519,0.0704,25.862272505513335
2019-09-24 13:00:00,0.1765,0.0762,31.455695288662646
2019-09-24 14:00:00,0.1094,0.0807,47.75475115925072
2019-09-24 15:00:00,0.0538,0.0855,-27.831498664926052
2019-09-24 16:00:00,0.0125,0.0979,48.914041434607256
2019-09-24 17:00:00,0.0001,0.117,38.433372956768864
2019-09-24 18:00:00,0.0,0.1436,68.31965431506552
2019-09-24 19:00:00,0.0,0.1595,34.59709816224894
2019-09-24 20:00:00,0.0,0.1578,39.339180866605375
2019-09-24 21:00:00,0.0,0.148,47.08940513775512
2019-09-24 22:00:00,0.0,0.1474,43.053495087061805
2019-09-24 23:00:00,0.0,0.142,32.18840600030335
2019-09-25 00:00:00,0.0,0.1362,38.162121187554234
2019-09-25 01:00:00,0.0,0.1304,33.88867897040891
2019-09-25 02:00:00,0.0,0.1355,7.006067452007464
2019-09-25 03:00:00,0.0,0.1405,19.24985592554362
2019-09-25 04:00:00,0.0,0.1467,-9.444879761593917
2019-09-25 05:00:00,0.004,0.1551,51.46744626305105
2019-09-25 06:00:00,0.0352,0.1455,32.21737278251257
2019-09-25 07:00:00,0.0892,0.1318,32.37557128734227
2019-09-25 08:00:00,0.1478,0.1303,45.25064445984938
2019-09-25 09:00:00,0.1972,0.1392,36.22461641146236
2019-09-25 10:00:00,0.2368,0.1453,58.638948913392255
2019-09-25 11:00:00,0.2424,0.1448,66.81728150856799
2019-09-25 12:00:00,0.2305,0.1383,53.9873157185654
2019-09-25 13:00:00,0.194,0.1287,48.60820612603415
2019-09-25 14:00:00,0.1294,0.1193,31.779863501331892
2019-09-25 15:00:00,0.0655,0.1026,38.85313662495598
2019-09-25 16:00:00,0.0172,0.0839,28.63104808082839
2019-09-25 17:00:00,0.0002,0.0806,42.26801519256583
2019-09-25 18:00:00,0.0,0.0893,30.39313623548973
2019-09-25 19:00:00,0.0,0.1051,54.35740169727116
2019-09-25 20:00:00,0.0,0.123,26.364346607709546
2019-09-25 21:00:00,0.0,0.1353,46.74037077026303
2019-09-25 22:00:00,0.0,0.1393,42.31195000065024
2019-09-25 23:00:00,0.0,0.1468,15.704452526908021
2019-09-26 00:00:00,0.0,0.1473,18.092236829474235
2019-09-26 01:00:00,0.0,0.1424,22.827961265885726
2019-09-26 02:00:00,0.0,0.1335,19.43635394981184
2019-09-26 03:00:00,0.0,0.1274,8.805021275018582
2019-09-26 04:00:00,0.0,0.1279,39.39069537384417
2019-09-26 05:00:00,0.0082,0.1347,30.0541658319134
2019-09-26 06:00:00,0.0552,0.1311,45.45842827128958
2019-09-26 07:00:00,0.1216,0.1165,44.40628212245497
2019-09-26 08:00:00,0.18,0.1158,41.18759246617297
2019-09-26 09:00:00,0.2082,0.1332,13.82224987858067
2019-09-26 10:00:00,0.2003,0.1411,39.8716962030423
2019-09-26 11:00:00,0.18,0.1502,31.887271975958804
2019-09-26 12:00:00,0.1521,0.1597,33.77135199968156
2019-09-26 13:00:00,0.1213,0.1656,42.26949924180403
2019-09-26 14:00:00,0.0798,0.178,27.974399821187056
2019-09-26 15:00:00,0.0383,0.1993,52.44185380798522
2019-09-26 16:00:00,0.008,0.2252,44.76129867257329
2019-09-26 17:00:00,0.0,0.2538,45.59459866257267
2019-09-26 18:00:00,0.0,0.2914,-37.80277487103428
2019-09-26 19:00:00,0.0,0.3248,34.242960073100576
2019-09-26 20:00:00,0.0,0.3333,22.79263306357182
2019-09-26 21:00:00,0.0,0.3422,-32.224078907661536
2019-09-26 22:00:00,0.0,0.3443,47.85569382466013
2019-09-26 23:00:00,0.0,0.3352,37.8793070894163
2019-09-27 00:00:00,0.0,0.3273,40.155244072278215
2019-09-27 01:00:00,0.0,0.3117,29.979170099793055
2019-09-27 02:00:00,0.0,0.2929,32.039790917790064
2019-09-27 03:00:00,0.0,0.2854,41.220960710123784
2019-09-27 04:00:00,0.0,0.2978,17.565354494670544
2019-09-27 05:00:00,0.0035,0.3014,21.52123620908779
2019-09-27 06:00:00,0.0305,0.2796,-48.12284825402195
2019-09-27 07:00:00,0.0749,0.2521,-40.601933880387584
2019-09-27 08:00:00,0.119,0.2367,41.59348313877646
2019-09-27 09:00:00,0.1803,0.2379,35.522276895067854
2019-09-27 10:00:00,0.2282,0.2472,23.090125843798567
2019-09-27 11:00:00,0.224,0.2452,35.37106742615435
2019-09-27 12:00:00,0.1985,0.2452,33.643312837655145
2019-09-27 13:00:00,0.1734,0.2523,45.27069601568238
2019-09-27 14:00:00,0.1286,0.233,35.497692206831125
2019-09-27 15:00:00,0.0687,0.2071,31.791437637384327
2019-09-27 16:00:00,0.0159,0.2023,55.37659423088447
2019-09-27 17:00:00,0.0001,0.2312,47.478275987101654
2019-09-27 18:00:00,0.0,0.2851,43.18836881568313
2019-09-27 19:00:00,0.0,0.3371,20.714962245390357
2019-09-27 20:00:00,0.0,0.36,29.37524457358059
2019-09-27 21:00:00,0.0,0.3798,10.386803662803743
2019-09-27 22:00:00,0.0,0.3921,31.97152303598606
2019-09-27 23:00:00,0.0,0.4025,48.74148883562484
2019-09-28 00:00:00,0.0,0.4204,22.824482648357478
2019-09-28 01:00:00,0.0,0.4272,28.910273497806415
2019-09-28 02:00:00,0.0,0.4246,43.42148055454388
2019-09-28 03:00:00,0.0,0.4248,43.174018610491075
2019-09-28 04:00:00,0.0,0.449,30.47677626164956
2019-09-28 05:00:00,0.0066,0.4738,58.32830891453468
2019-09-28 06:00:00,0.0551,0.4733,23.06562997041658
2019-09-28 07:00:00,0.1392,0.4846,45.89904977214037
2019-09-28 08:00:00,0.2222,0.5196,20.123028463087866
2019-09-28 09:00:00,0.2892,0.5639,19.62263067349059
2019-09-28 10:00:00,0.3138,0.571,45.03298509999282
2019-09-28 11:00:00,0.2966,0.5728,62.42624064062349
2019-09-28 12:00:00,0.2717,0.5702,41.721336194589824
2019-09-28 13:00:00,0.2211,0.5697,38.2261665640446
2019-09-28 14:00:00,0.1543,0.5478,29.97196177445176
2019-09-28 15:00:00,0.0823,0.5227,46.37024055484465
2019-09-28 16:00:00,0.017,0.5129,34.774698647006474
2019-09-28 17:00:00,0.0,0.5413,33.05291585151321
2019-09-28 18:00:00,0.0,0.5791,20.40091292344702
2019-09-28 19:00:00,0.0,0.5998,-12.804461713853016
2019-09-28 20:00:00,0.0,0.5893,48.19347387080682
2019-09-28 21:00:00,0.0,0.5802,33.702437453582604
2019-09-28 22:00:00,0.0,0.5612,15.259527975874114
2019-09-28 23:00:00,0.0,0.5431,29.049431854305944
2019-09-29 00:00:00,0.0,0.526,46.47687255624744
2019-09-29 01:00:00,0.0,0.515,37.38326841223652
2019-09-29 02:00:00,0.0,0.497,36.32430041302781
2019-09-29 03:00:00,0.0,0.4802,44.88073145510009
2019-09-29 04:00:00,0.0,0.4786,37.98289857844399
2019-09-29 05:00:00,0.0061,0.4807,28.01704250225312
2019-09-29 06:00:00,0.0629,0.4791,43.46617390371643
2019-09-29 07:00:00,0.1466,0.4688,39.72671909755353
2019-09-29 08:00:00,0.2163,0.459,40.46249340175816
2019-09-29 09:00:00,0.2732,0.4745,33.43419082564318
2019-09-29 10:00:00,0.3008,0.4787,24.90098478772437
2019-09-29 11:00:00,0.2956,0.4674,65.66016281132895
2019-09-29 12:00:00,0.249,0.5244,38.57230488286911
2019-09-29 13:00:00,0.1832,0.581,51.17473455667746
2019-09-29 14:00:00,0.1133,0.5993,39.11353028109083
2019-09-29 15:00:00,0.049,0.6415,28.07823381416967
2019-09-29 16:00:00,0.0083,0.6786,22.386310402328945
2019-09-29 17:00:00,0.0,0.6877,38.976518192644015
2019-09-29 18:00:00,0.0,0.6965,42.86592439205022
2019-09-29 19:00:00,0.0,0.6849,20.06626890013488
2019-09-29 20:00:00,0.0,0.6484,50.39436839575464
2019-09-29 21:00:00,0.0,0.6365,29.193606022521706
2019-09-29 22:00:00,0.0,0.6322,24.775109949920132
2019-09-29 23:00:00,0.0,0.6346,37.25055775773016
2019-09-30 00:00:00,0.0,0.635,32.35332883682711
2019-09-30 01:00:00,0.0,0.628,30.163576403804743
2019-09-30 02:00:00,0.0,0.6752,56.68495483489326
2019-09-30 03:00:00,0.0,0.7576,51.814151633071134
2019-09-30 04:00:00,0.0,0.8256,65.47318063966345
2019-09-30 05:00:00,0.004,0.8276,33.29271546914136
2019-09-30 06:00:00,0.0442,0.8234,49.430161635142966
2019-09-30 07:00:00,0.1121,0.8098,49.71324332351662
2019-09-30 08:00:00,0.1813,0.8202,31.086272984937576
2019-09-30 09:00:00,0.2443,0.8079,-17.985988086379347
2019-09-30 10:00:00,0.2761,0.7918,34.054138281933774
2019-09-30 11:00:00,0.2759,0.7661,25.867684963529513
2019-09-30 12:00:00,0.2599,0.7298,10.362443410951109
2019-09-30 13:00:00,0.2279,0.703,26.465622772839964
2019-09-30 14:00:00,0.1639,0.6541,33.24401966144254
2019-09-30 15:00:00,0.0811,0.5765,45.783249906182526
2019-09-30 16:00:00,0.015,0.4887,20.843672319698932
2019-09-30 17:00:00,0.0,0.4449,27.59391925015146
2019-09-30 18:00:00,0.0,0.3977,50.04969473992952
2019-09-30 19:00:00,0.0,0.3636,57.53056596410569
2019-09-30 20:00:00,0.0,0.3335,50.38560723894058
2019-09-30 21:00:00,0.0,0.3171,-44.33647715884718
2019-09-30 22:00:00,0.0,0.3083,14.896482454111847
2019-09-30 23:00:00,0.0,0.2954,46.98154510800901
2019-10-01 00:00:00,0.0,0.2802,51.596684742591805
2019-10-01 01:00:00,0.0,0.289,32.88964144656213
2019-10-01 02:00:00,0.0,0.3059,42.765986944132564
2019-10-01 03:00:00,0.0,0.3235,52.49300817526759
2019-10-01 04:00:00,0.0,0.3603,19.546128830960285
2019-10-01 05:00:00,0.0057,0.3888,21.192506956650025
2019-10-01 06:00:00,0.0504,0.4056,34.49509856984377
2019-10-01 07:00:00,0.1129,0.4152,31.97373364284593
2019-10-01 08:00:00,0.177,0.4255,16.860962479077074
2019-10-01 09:00:00,0.2257,0.446,53.154745486932406
2019-10-01 10:00:00,0.2475,0.449,35.97492962075928
2019-10-01 11:00:00,0.2346,0.4497,33.717757657798806
2019-10-01 12:00:00,0.202,0.4516,49.103806828734626
2019-10-01 13:00:00,0.1577,0.4404,47.790356996535074
2019-10-01 14:00:00,0.1098,0.423,65.33211497284218
2019-10-01 15:00:00,0.0533,0.3875,51.761538842673836
2019-10-01 16:00:00,0.0081,0.3385,27.087753085247744
2019-10-01 17:00:00,0.0,0.3157,31.259274808233563
2019-10-01 18:00:00,0.0,0.2888,51.279160350167636
2019-10-01 19:00:00,0.0,0.253,31.889836663359073
2019-10-01 20:00:00,0.0,0.2206,39.475453333183566
2019-10-01 21:00:00,0.0,0.2283,41.43141109153564
2019-10-01 22:00:00,0.0,0.2333,10.151907297947403
2019-10-01 23:00:00,0.0,0.2377,-37.67516952256964
2019-10-02 00:00:00,0.0,0.249,37.667532889211195
2019-10-02 01:00:00,0.0,0.2503,56.714960262803196
2019-10-02 02:00:00,0.0,0.2582,48.840599241232916
2019-10-02 03:00:00,0.0,0.2788,22.663153558892095
2019-10-02 04:00:00,0.0,0.2984,33.82060910022753
2019-10-02 05:00:00,0.002,0.3098,35.1316168557071
2019-10-02 06:00:00,0.029,0.2937,22.615565763161737
2019-10-02 07:00:00,0.0869,0.2462,33.94515202280278
2019-10-02 08:00:00,0.1577,0.2135,41.1726992806995
2019-10-02 09:00:00,0.2168,0.2379,54.20418829226678
2019-10-02 10:00:00,0.243,0.2676,34.56015666636522
2019-10-02 11:00:00,0.2472,0.2805,25.535339418208036
2019-10-02 12:00:00,0.2352,0.2924,49.17991976705922
2019-10-02 13:00:00,0.1964,0.3037,18.517191496048014
2019-10-02 14:00:00,0.1416,0.3064,35.36641515862604
2019-10-02 15:00:00,0.0712,0.3153,37.51919824683801
2019-10-02 16:00:00,0.012,0.3166,32.393247863876546
2019-10-02 17:00:00,0.0,0.3642,45.49182160890007
2019-10-02 18:00:00,0.0,0.4038,52.951700109440054
2019-10-02 19:00:00,0.0,0.4438,21.50845470531099
2019-10-02 20:00:00,0.0,0.4633,18.08541436826152
2019-10-02 21:00:00,0.0,0.4719,34.5755514075252
2019-10-02 22:00:00,0.0,0.4873,36.58476098648324
2019-10-02 23:00:00,0.0,0.4882,45.65500630424654
2019-10-03 00:00:00,0.0,0.4643,38.57579377914245
2019-10-03 01:00:00,0.0,0.4421,26.471006557304513
2019-10-03 02:00:00,0.0,0.4132,30.54252687089072
2019-10-03 03:00:00,0.0,0.39,41.11677709429348
2019-10-03 04:00:00,0.0,0.3583,7.074846544178499
2019-10-03 05:00:00,0.0041,0.3266,35.79319599134494
2019-10-03 06:00:00,0.0482,0.2894,59.02109458746849
2019-10-03 07:00:00,0.1174,0.2427,21.67037914524993
2019-10-03 08:00:00,0.1814,0.2157,47.287766638509005
2019-10-03 09:00:00,0.2199,0.1951,40.910212564488766
2019-10-03 10:00:00,0.2446,0.1798,41.28453975691643
2019-10-03 11:00:00,0.248,0.1683,44.51831968272154
2019-10-03 12:00:00,0.2338,0.163,55.15831203226666
2019-10-03 13:00:00,0.1927,0.1434,43.002474923210805
2019-10-03 14:00:00,0.1312,0.1084,46.5458885874107
2019-10-03 15:00:00,0.0636,0.0846,40.094618164907615
2019-10-03 16:00:00,0.01,0.0654,43.01421072585915
2019-10-03 17:00:00,0.0,0.0633,40.1328908633829
2019-10-03 18:00:00,0.0,0.062,29.184126859342175
2019-10-03 19:00:00,0.0,0.061,23.541155452218888
2019-10-03 20:00:00,0.0,0.0586,48.828356104546835
2019-10-03 21:00:00,0.0,0.0626,45.06129931028036
2019-10-03 22:00:00,0.0,0.0694,36.98083782075917
2019-10-03 23:00:00,0.0,0.0796,30.09159907879376
2019-10-04 00:00:00,0.0,0.0976,45.53892484557647
2019-10-04 01:00:00,0.0,0.1033,29.8141828937961
2019-10-04 02:00:00,0.0,0.1067,-33.29708349421654
2019-10-04 03:00:00,0.0,0.1131,27.812241097576717
2019-10-04 04:00:00,0.0,0.1222,50.32926706670252
2019-10-04 05:00:00,0.0029,0.1363,30.94759724201534
2019-10-04 06:00:00,0.0317,0.1587,42.70189874322741
2019-10-04 07:00:00,0.0703,0.1736,46.20248502739978
2019-10-04 08:00:00,0.1119,0.1805,36.42035010847776
2019-10-04 09:00:00,0.1516,0.1923,46.84919596340962
2019-10-04 10:00:00,0.1598,0.204,31.847442885409997
2019-10-04 11:00:00,0.1385,0.2159,36.15037534148522
2019-10-04 12:00:00,0.1142,0.2182,52.455811184890806
2019-10-04 13:00:00,0.0811,0.2156,43.68221122892014
2019-10-04 14:00:00,0.0503,0.227,42.103016771822396
2019-10-04 15:00:00,0.0236,0.2638,57.836083387965104
2019-10-04 16:00:00,0.0039,0.3022,37.985601607151025
2019-10-04 17:00:00,0.0,0.3327,53.86737489375213
2019-10-04 18:00:00,0.0,0.3502,30.695803070365717
2019-10-04 19:00:00,0.0,0.356,22.096179706229883
2019-10-04 20:00:00,0.0,0.3543,22.527240638745557
2019-10-04 21:00:00,0.0,0.3655,45.139004567225896
2019-10-04 22:00:00,0.0,0.3609,22.048674490363037
2019-10-04 23:00:00,0.0,0.3671,55.11014162813671
2019-10-05 00:00:00,0.0,0.364,34.27751008848888
2019-10-05 01:00:00,0.0,0.3708,30.126206880933303
2019-10-05 02:00:00,0.0,0.3748,34.46364432588941
2019-10-05 03:00:00,0.0,0.3805,54.32195013629253
2019-10-05 04:00:00,0.0,0.3738,27.068481027136997
2019-10-05 05:00:00,0.0016,0.3505,38.09813580616445
2019-10-05 06:00:00,0.0224,0.3142,38.06246587838154
2019-10-05 07:00:00,0.07,0.2814,49.035540786312694
2019-10-05 08:00:00,0.1256,0.2571,37.42697997481384
2019-10-05 09:00:00,0.1706,0.2342,66.55400510286907
2019-10-05 10:00:00,0.1884,0.2112,43.242756289292686
2019-10-05 11:00:00,0.1965,0.1882,64.51441670515061
2019-10-05 12:00:00,0.1784,0.1551,74.67155217287592
2019-10-05 13:00:00,0.1463,0.133,53.38194870205572
2019-10-05 14:00:00,0.0987,0.125,47.183641143308414
2019-10-05 15:00:00,0.0434,0.1076,47.751278523897945
2019-10-05 16:00:00,0.0054,0.0894,50.35256701948045
2019-10-05 17:00:00,0.0,0.1037,20.33596484265368
2019-10-05 18:00:00,0.0,0.1228,37.938796283885196
2019-10-05 19:00:00,0.0,0.1378,39.272364832336
2019-10-05 20:00:00,0.0,0.1386,-7.023944590734715
2019-10-05 21:00:00,0.0,0.149,47.706976375208924
2019-10-05 22:00:00,0.0,0.1562,-25.387226189654314
2019-10-05 23:00:00,0.0,0.1612,42.72016840418473
2019-10-06 00:00:00,0.0,0.162,59.9493183317785
2019-10-06 01:00:00,0.0,0.1607,30.678608001638914
2019-10-06 02:00:00,0.0,0.1626,14.148451759119443
2019-10-06 03:00:00,0.0,0.1684,45.764064377826784
2019-10-06 04:00:00,0.0,0.1766,45.06981443057334
2019-10-06 05:00:00,0.0044,0.1866,36.73626944563911
2019-10-06 06:00:00,0.045,0.1855,40.35991109279696
2019-10-06 07:00:00,0.1122,0.1744,42.30545798726456
2019-10-06 08:00:00,0.1744,0.1684,24.462746060392593
2019-10-06 09:00:00,0.2102,0.1814,35.50715050406784
2019-10-06 10:00:00,0.212,0.2064,37.2246143524153
2019-10-06 11:00:00,0.1966,0.2341,-49.16888838536988
2019-10-06 12:00:00,0.1606,0.263,38.560199334600995
2019-10-06 13:00:00,0.1118,0.2836,39.57739832284075
2019-10-06 14:00:00,0.0681,0.2902,81.49304518435478
2019-10-06 15:00:00,0.0272,0.284,40.41695308787492
2019-10-06 16:00:00,0.0026,0.2911,44.62517097788138
2019-10-06 17:00:00,0.0,0.3067,38.170925662918684
2019-10-06 18:00:00,0.0,0.3148,26.023172043228673
2019-10-06 19:00:00,0.0,0.3205,32.554097408583864
2019-10-06 20:00:00,0.0,0.2978,14.278320407812469
2019-10-06 21:00:00,0.0,0.2732,46.02530348973392
2019-10-06 22:00:00,0.0,0.2503,23.340035635680135
2019-10-06 23:00:00,0.0,0.2232,54.821748582801305
2019-10-07 00:00:00,0.0,0.1917,26.774679784490324
2019-10-07 01:00:00,0.0,0.1569,50.0045213661156
2019-10-07 02:00:00,0.0,0.1431,46.40003858124312
2019-10-07 03:00:00,0.0,0.1432,55.17961666716979
2019-10-07 04:00:00,0.0,0.135,68.39507253421996
2019-10-07 05:00:00,0.0042,0.1046,35.39105042963552
2019-10-07 06:00:00,0.0514,0.0928,32.06559533727354
2019-10-07 07:00:00,0.1365,0.0646,39.83194539907778
2019-10-07 08:00:00,0.2222,0.0348,49.25795894774187
2019-10-07 09:00:00,0.2838,0.0331,57.67070551285612
2019-10-07 10:00:00,0.3122,0.0328,21.434313744043262
2019-10-07 11:00:00,0.3034,0.031,46.08280814675976
2019-10-07 12:00:00,0.2708,0.0304,39.921639469945084
2019-10-07 13:00:00,0.2147,0.0354,27.51347524754303
2019-10-07 14:00:00,0.1324,0.0403,59.56119393037031
2019-10-07 15:00:00,0.053,0.0442,41.52255882472004
2019-10-07 16:00:00,0.0052,0.0602,52.353461852837306
2019-10-07 17:00:00,0.0,0.087,40.88111064338209
2019-10-07 18:00:00,0.0,0.1163,51.793669365444686
2019-10-07 19:00:00,0.0,0.1547,16.474759539897413
2019-10-07 20:00:00,0.0,0.1929,33.147623817662236
2019-10-07 21:00:00,0.0,0.2369,49.16355572152975
2019-10-07 22:00:00,0.0,0.2794,29.023335252544594
2019-10-07 23:00:00,0.0,0.3144,36.6341982052537
2019-10-08 00:00:00,0.0,0.3483,39.14387450998721
2019-10-08 01:00:00,0.0,0.3752,26.909824424634156
2019-10-08 02:00:00,0.0,0.4167,26.352328602408463
2019-10-08 03:00:00,0.0,0.4417,22.502404802245888
2019-10-08 04:00:00,0.0,0.4773,24.64171721690068
2019-10-08 05:00:00,0.0012,0.5007,33.539197107237186
2019-10-08 06:00:00,0.015,0.5042,47.45752658152173
2019-10-08 07:00:00,0.0438,0.4894,41.1193656504051
2019-10-08 08:00:00,0.0813,0.4809,49.45963081494999
2019-10-08 09:00:00,0.1138,0.472,-43.07665754345145
2019-10-08 10:00:00,0.1275,0.4536,45.90320202986492
2019-10-08 11:00:00,0.1195,0.4251,25.625896095915763
2019-10-08 12:00:00,0.1067,0.3915,39.74087705121269
2019-10-08 13:00:00,0.0842,0.3535,30.63666332902523
2019-10-08 14:00:00,0.0575,0.3356,49.84344621652165
2019-10-08 15:00:00,0.0264,0.3141,65.46377726466218
2019-10-08 16:00:00,0.0024,0.3012,48.619753458672164
2019-10-08 17:00:00,0.0,0.3185,44.26011155996183
2019-10-08 18:00:00,0.0,0.3512,23.989821932271333
2019-10-08 19:00:00,0.0,0.3813,29.395698230936976
2019-10-08 20:00:00,0.0,0.3976,29.060865080038823
2019-10-08 21:00:00,0.0,0.4175,51.076203682999164
2019-10-08 22:00:00,0.0,0.4267,53.445382975377264
2019-10-08 23:00:00,0.0,0.4386,29.656698622250147
2019-10-09 00:00:00,0.0,0.448,32.43994526981636
2019-10-09 01:00:00,0.0,0.4531,-37.29793974075125
2019-10-09 02:00:00,0.0,0.4496,29.523991260335023
2019-10-09 03:00:00,0.0,0.4556,33.34808116527927
2019-10-09 04:00:00,0.0,0.4516,19.520857829885852
2019-10-09 05:00:00,0.0019,0.4373,35.5705589884019
2019-10-09 06:00:00,0.037,0.4045,46.41227003723516
2019-10-09 07:00:00,0.0985,0.377,26.55358706788858
2019-10-09 08:00:00,0.1587,0.3722,50.288480342351775
2019-10-09 09:00:00,0.1949,0.3914,37.6655931409919
2019-10-09 10:00:00,0.1873,0.3943,25.218203442061775
2019-10-09 11:00:00,0.1499,0.3965,42.04762605011685
2019-10-09 12:00:00,0.1106,0.3823,40.9829432423981
2019-10-09 13:00:00,0.0825,0.3661,38.052622354157414
2019-10-09 14:00:00,0.0538,0.3641,39.61375740730506
2019-10-09 15:00:00,0.0257,0.3722,44.16396199947127
2019-10-09 16:00:00,0.0029,0.3865,50.21655948202958
2019-10-09 17:00:00,0.0,0.4132,26.870174050087975
2019-10-09 18:00:00,0.0,0.444,29.48885992000436
2019-10-09 19:00:00,0.0,0.4551,15.8925111040204
2019-10-09 20:00:00,0.0,0.4637,38.46482810114814
2019-10-09 21:00:00,0.0,0.4767,33.28539412040688
2019-10-09 22:00:00,0.0,0.4766,26.55285368178126
2019-10-09 23:00:00,0.0,0.4755,31.81434475318612
2019-10-10 00:00:00,0.0,0.4942,35.721744495571286
2019-10-10 01:00:00,0.0,0.5098,47.77358118863738
2019-10-10 02:00:00,0.0,0.5002,43.062083106137585
2019-10-10 03:00:00,0.0,0.4948,29.976615700302737
2019-10-10 04:00:00,0.0,0.5014,29.787169194388117
2019-10-10 05:00:00,0.002,0.5009,34.383043581535304
2019-10-10 06:00:00,0.035,0.4722,36.96341910100289
2019-10-10 07:00:00,0.0907,0.4486,46.050958016881545
2019-10-10 08:00:00,0.1456,0.458,26.034694470006563
2019-10-10 09:00:00,0.1942,0.4955,20.40282648885487
2019-10-10 10:00:00,0.2386,0.5211,30.681252716031274
2019-10-10 11:00:00,0.2506,0.5398,47.57329097024419
2019-10-10 12:00:00,0.2476,0.5405,44.550111432051025
2019-10-10 13:00:00,0.2123,0.5281,53.752960603834836
2019-10-10 14:00:00,0.1431,0.5105,34.43373961720211
2019-10-10 15:00:00,0.0574,0.4742,48.96264966390749
2019-10-10 16:00:00,0.0046,0.4555,31.86069653863971
2019-10-10 17:00:00,0.0,0.4825,36.27720462327089
2019-10-10 18:00:00,0.0,0.5244,51.24814539929053
2019-10-10 19:00:00,0.0,0.5612,35.26620256067969
2019-10-10 20:00:00,0.0,0.5496,36.128096321604936
2019-10-10 21:00:00,0.0,0.5514,57.88845614498496
2019-10-10 22:00:00,0.0,0.5667,16.185979265821693
2019-10-10 23:00:00,0.0,0.5716,29.457385185107718
2019-10-11 00:00:00,0.0,0.5812,16.21699174526782
2019-10-11 01:00:00,0.0,0.5863,35.916651178843956
2019-10-11 02:00:00,0.0,0.604,26.06549807523143
2019-10-11 03:00:00,0.0,0.6215,66.76494048954224
2019-10-11 04:00:00,0.0,0.657,45.78737711355805
2019-10-11 05:00:00,0.0024,0.6643,49.01998112569319
2019-10-11 06:00:00,0.0435,0.6637,54.97866548703293
2019-10-11 07:00:00,0.1126,0.6584,44.598487757859615
2019-10-11 08:00:00,0.1756,0.6339,35.402208289085955
2019-10-11 09:00:00,0.2242,0.6312,26.395182462439024
2019-10-11 10:00:00,0.252,0.6364,59.874370599156215
2019-10-11 11:00:00,0.257,0.6435,40.35417824250237
2019-10-11 12:00:00,0.2392,0.6567,41.884163324566636
2019-10-11 13:00:00,0.1907,0.6566,32.814208349583865
2019-10-11 14:00:00,0.1249,0.6588,51.46152191734025
2019-10-11 15:00:00,0.0518,0.6604,61.66338338100148
2019-10-11 16:00:00,0.0041,0.6767,48.60839402531887
2019-10-11 17:00:00,0.0,0.6974,45.18477497343427
2019-10-11 18:00:00,0.0,0.7254,8.173718431524755
2019-10-11 19:00:00,0.0,0.7456,13.303377541352951
2019-10-11 20:00:00,0.0,0.7282,42.53386853719675
2019-10-11 21:00:00,0.0,0.7286,42.28830778739584
2019-10-11 22:00:00,0.0,0.7182,33.826769815767264
2019-10-11 23:00:00,0.0,0.6966,38.895466080972994
2019-10-12 00:00:00,0.0,0.6664,-23.221670221770406
2019-10-12 01:00:00,0.0,0.6444,38.157139324316525
2019-10-12 02:00:00,0.0,0.613,44.243223299681716
2019-10-12 03:00:00,0.0,0.5831,39.264118762583415
2019-10-12 04:00:00,0.0,0.5652,45.768360713645414
2019-10-12 05:00:00,0.0025,0.5538,35.1864664816046
2019-10-12 06:00:00,0.0646,0.5197,27.514654566116807
2019-10-12 07:00:00,0.186,0.4847,36.66413947691258
2019-10-12 08:00:00,0.2924,0.4576,32.33133422995348
2019-10-12 09:00:00,0.3612,0.4572,55.528341705545174
2019-10-12 10:00:00,0.3812,0.4578,47.07528853170382
2019-10-12 11:00:00,0.3569,0.4403,45.43072226186733
2019-10-12 12:00:00,0.2998,0.3966,51.84247427220434
2019-10-12 13:00:00,0.2192,0.3555,38.62433595666252
2019-10-12 14:00:00,0.1247,0.3049,28.494709339031147
2019-10-12 15:00:00,0.0429,0.2663,65.32855790164403
2019-10-12 16:00:00,0.0019,0.2359,30.715937072353615
2019-10-12 17:00:00,0.0,0.243,47.732448091151134
2019-10-12 18:00:00,0.0,0.2458,24.927949692535485
2019-10-12 19:00:00,0.0,0.2639,31.958950295360143
2019-10-12 20:00:00,0.0,0.2713,28.715097689462482
2019-10-12 21:00:00,0.0,0.2765,32.21053009684096
2019-10-12 22:00:00,0.0,0.2783,26.822687055799918
2019-10-12 23:00:00,0.0,0.2591,37.7611727085814
2019-10-13 00:00:00,0.0,0.2388,26.710465974159522
2019-10-13 01:00:00,0.0,0.2282,28.975960374093063
2019-10-13 02:00:00,0.0,0.2162,-31.484005767664506
2019-10-13 03:00:00,0.0,0.2232,24.97162469753641
2019-10-13 04:00:00,0.0,0.2395,46.230087771043216
2019-10-13 05:00:00,0.002,0.2493,39.85852240080673
2019-10-13 06:00:00,0.0506,0.2631,22.1864502675977
2019-10-13 07:00:00,0.1533,0.2505,38.92773931246708
2019-10-13 08:00:00,0.2526,0.2174,54.62497957651242
2019-10-13 09:00:00,0.3313,0.2094,37.63132045508499
2019-10-13 10:00:00,0.367,0.2127,41.01212384290575
2019-10-13 11:00:00,0.3654,0.2278,34.910705342857696
2019-10-13 12:00:00,0.328,0.2565,50.06051179323131
2019-10-13 13:00:00,0.2568,0.2906,37.82918456948124
2019-10-13 14:00:00,0.1582,0.3291,56.22421855038439
2019-10-13 15:00:00,0.0568,0.3932,29.351671473265718
2019-10-13 16:00:00,0.0032,0.501,50.90294625033685
2019-10-13 17:00:00,0.0,0.593,19.90291103605306
2019-10-13 18:00:00,0.0,0.6352,28.157219211940365
2019-10-13 19:00:00,0.0,0.6648,30.227544662271733
2019-10-13 20:00:00,0.0,0.6319,40.60511924959238
2019-10-13 21:00:00,0.0,0.5999,28.312276842298264
2019-10-13 22:00:00,0.0,0.5599,42.55546306063151
2019-10-13 23:00:00,0.0,0.5187,27.153831952502912
2019-10-14 00:00:00,0.0,0.4699,-38.38533505635665
2019-10-14 01:00:00,0.0,0.4191,14.772123740983488
2019-10-14 02:00:00,0.0,0.3626,41.89972815290627
2019-10-14 03:00:00,0.0,0.2986,36.22843771861725
2019-10-14 04:00:00,0.0,0.2542,-19.002094863457362
2019-10-14 05:00:00,0.0017,0.2142,48.84750680527998
2019-10-14 06:00:00,0.057,0.1765,41.78914143967854
2019-10-14 07:00:00,0.1784,0.1315,7.700982032149149
2019-10-14 08:00:00,0.2961,0.0876,17.785298807494033
2019-10-14 09:00:00,0.3763,0.0598,37.12649435193055
2019-10-14 10:00:00,0.4167,0.0527,-12.68049820302869
2019-10-14 11:00:00,0.4127,0.0546,54.653219921763814
2019-10-14 12:00:00,0.3684,0.0637,59.87547937668008
2019-10-14 13:00:00,0.2943,0.0749,60.89748804018093
2019-10-14 14:00:00,0.1854,0.0872,37.14417496641676
2019-10-14 15:00:00,0.0644,0.11,47.96153088803923
2019-10-14 16:00:00,0.0028,0.1925,40.766665299287574
2019-10-14 17:00:00,0.0,0.2854,30.69914098231748
2019-10-14 18:00:00,0.0,0.3221,53.145378217312114
2019-10-14 19:00:00,0.0,0.3452,26.674110646248607
2019-10-14 20:00:00,0.0,0.345,32.42433258622723
2019-10-14 21:00:00,0.0,0.3384,48.5115053322626
2019-10-14 22:00:00,0.0,0.3246,44.893342901652034
2019-10-14 23:00:00,0.0,0.3,52.19399553685904
2019-10-15 00:00:00,0.0,0.282,38.06498853796321
2019-10-15 01:00:00,0.0,0.2663,58.87836745475947
2019-10-15 02:00:00,0.0,0.2519,46.43746423062653
2019-10-15 03:00:00,0.0,0.2236,21.781612052810136
2019-10-15 04:00:00,0.0,0.207,30.582463153277402
2019-10-15 05:00:00,0.0013,0.1862,42.161715424591534
2019-10-15 06:00:00,0.0466,0.1625,20.17840472692274
2019-10-15 07:00:00,0.1453,0.1281,44.28861154553609
2019-10-15 08:00:00,0.2437,0.0808,39.00560629789878
2019-10-15 09:00:00,0.3144,0.0496,40.71431663236245
2019-10-15 10:00:00,0.3332,0.051,37.87514137610739
2019-10-15 11:00:00,0.3116,0.0529,52.80448730181766
2019-10-15 12:00:00,0.2714,0.0487,47.36027360826192
2019-10-15 13:00:00,0.2054,0.0482,46.349241518859465
2019-10-15 14:00:00,0.1139,0.0494,46.70766526053496
2019-10-15 15:00:00,0.0308,0.0539,40.288752089303436
2019-10-15 16:00:00,0.0006,0.0633,48.27144623157821
2019-10-15 17:00:00,0.0,0.0827,33.135702312854534
2019-10-15 18:00:00,0.0,0.1073,30.165002207044274
2019-10-15 19:00:00,0.0,0.1414,37.4429552695022
2019-10-15 20:00:00,0.0,0.1728,9.293306059632052
2019-10-15 21:00:00,0.0,0.2052,39.69188203492138
2019-10-15 22:00:00,0.0,0.2323,18.612926497774595
2019-10-15 23:00:00,0.0,0.2656,33.19224219448344
2019-10-16 00:00:00,0.0,0.2988,49.304222782737156
2019-10-16 01:00:00,0.0,0.3274,27.409622883372595
2019-10-16 02:00:00,0.0,0.3309,33.44633617700822
2019-10-16 03:00:00,0.0,0.3215,52.58813448616141
2019-10-16 04:00:00,0.0,0.3282,39.25953293745967
2019-10-16 05:00:00,0.0004,0.3381,48.585681475147325
2019-10-16 06:00:00,0.0239,0.3458,49.819243962704675
2019-10-16 07:00:00,0.0883,0.3566,19.033499662366758
2019-10-16 08:00:00,0.1695,0.3769,41.813945054527245
2019-10-16 09:00:00,0.2311,0.3962,47.23108603607866
2019-10-16 10:00:00,0.2589,0.4068,44.52618503444598
2019-10-16 11:00:00,0.2634,0.391,42.64404613342935
2019-10-16 12:00:00,0.2332,0.3668,47.064114505238145
2019-10-16 13:00:00,0.1836,0.3499,45.996035078537446
2019-10-16 14:00:00,0.1183,0.3253,37.50847535297808
2019-10-16 15:00:00,0.0416,0.2885,46.04896133636666
2019-10-16 16:00:00,0.0015,0.2991,40.132056471248546
2019-10-16 17:00:00,0.0,0.3296,50.35421578243429
2019-10-16 18:00:00,0.0,0.3621,27.183069641112215
2019-10-16 19:00:00,0.0,0.3833,22.057848338496434
2019-10-16 20:00:00,0.0,0.378,26.20555099137567
2019-10-16 21:00:00,0.0,0.3708,12.821472687042423
2019-10-16 22:00:00,0.0,0.3683,42.53057080687638
2019-10-16 23:00:00,0.0,0.3743,20.792995649797582
2019-10-17 00:00:00,0.0,0.3732,36.06413389648911
2019-10-17 01:00:00,0.0,0.3785,38.44910029152068
2019-10-17 02:00:00,0.0,0.375,50.97043360892253
2019-10-17 03:00:00,0.0,0.3714,42.642874175041115
2019-10-17 04:00:00,0.0,0.3817,41.55392418952197
2019-10-17 05:00:00,0.0006,0.375,25.79751826566715
2019-10-17 06:00:00,0.0235,0.351,40.03053981877482
2019-10-17 07:00:00,0.0804,0.3112,16.504528166771273
2019-10-17 08:00:00,0.145,0.2678,35.97556979335101
2019-10-17 09:00:00,0.2073,0.2234,37.1519756055583
2019-10-17 10:00:00,0.2542,0.2011,50.31449370366904
2019-10-17 11:00:00,0.2749,0.1892,23.135486167925226
2019-10-17 12:00:00,0.2507,0.1659,16.3757050738014
2019-10-17 13:00:00,0.1906,0.1449,35.67944168643091
2019-10-17 14:00:00,0.1069,0.1153,52.221837925186364
2019-10-17 15:00:00,0.0288,0.1007,-27.98136955259203
2019-10-17 16:00:00,0.0006,0.1086,63.88138569470233
2019-10-17 17:00:00,0.0,0.1373,26.356622641120683
2019-10-17 18:00:00,0.0,0.1688,29.26179507704399
2019-10-17 19:00:00,0.0,0.1999,29.32476636954253
2019-10-17 20:00:00,0.0,0.2162,24.666910588946532
2019-10-17 21:00:00,0.0,0.2218,37.04897960579052
2019-10-17 22:00:00,0.0,0.2218,23.420963291086743
2019-10-17 23:00:00,0.0,0.2187,27.304139066548732
2019-10-18 00:00:00,0.0,0.2179,25.210534334484823
2019-10-18 01:00:00,0.0,0.2194,16.605190073697344
2019-10-18 02:00:00,0.0,0.2284,41.6292654014695
2019-10-18 03:00:00,0.0,0.2546,27.10492928025063
2019-10-18 04:00:00,0.0,0.279,56.44129864367879
2019-10-18 05:00:00,0.0005,0.3116,17.3868676235833
2019-10-18 06:00:00,0.0302,0.338,19.436786072982922
2019-10-18 07:00:00,0.1068,0.3339,39.86207598018229
2019-10-18 08:00:00,0.1947,0.3285,52.151177275870694
2019-10-18 09:00:00,0.2545,0.3661,63.73115183957131
2019-10-18 10:00:00,0.2589,0.4163,27.945517703651873
2019-10-18 11:00:00,0.2236,0.4656,25.838863499530685
2019-10-18 12:00:00,0.2012,0.5277,52.49607910717664
2019-10-18 13:00:00,0.1552,0.5552,-29.116347389358765
2019-10-18 14:00:00,0.0955,0.5711,56.14930349051021
2019-10-18 15:00:00,0.0331,0.5629,26.533002647048956
2019-10-18 16:00:00,0.001,0.5445,49.09041279766426
2019-10-18 17:00:00,0.0,0.5357,48.91910749643017
2019-10-18 18:00:00,0.0,0.5286,54.34894807812067
2019-10-18 19:00:00,0.0,0.5044,21.822687262770096
2019-10-18 20:00:00,0.0,0.4561,19.292062642029922
2019-10-18 21:00:00,0.0,0.4199,-14.237390778407555
2019-10-18 22:00:00,0.0,0.3821,40.559028783907635
2019-10-18 23:00:00,0.0,0.3641,29.98717583962373
2019-10-19 00:00:00,0.0,0.3642,56.577888410295444
2019-10-19 01:00:00,0.0,0.3689,26.96132647775415
2019-10-19 02:00:00,0.0,0.3752,25.522986551280276
2019-10-19 03:00:00,0.0,0.3716,26.656784943113323
2019-10-19 04:00:00,0.0,0.3787,33.038499986381424
2019-10-19 05:00:00,0.0003,0.3647,43.718370196501816
2019-10-19 06:00:00,0.0138,0.35,60.668703454804906
2019-10-19 07:00:00,0.0539,0.3499,38.87275803826403
2019-10-19 08:00:00,0.0939,0.3462,40.04311067111191
2019-10-19 09:00:00,0.1255,0.3376,-38.54865034541649
2019-10-19 10:00:00,0.1467,0.3283,45.16837794451688
2019-10-19 11:00:00,0.1432,0.3173,50.11482673166493
2019-10-19 12:00:00,0.128,0.2941,22.56435592909542
2019-10-19 13:00:00,0.1122,0.2694,21.178770359817378
2019-10-19 14:00:00,0.0712,0.2552,37.555994094109565
2019-10-19 15:00:00,0.019,0.2552,56.91208851222438
2019-10-19 16:00:00,0.0003,0.2747,33.15852892449735
2019-10-19 17:00:00,0.0,0.291,31.901533075892715
2019-10-19 18:00:00,0.0,0.2835,29.42819608630498
2019-10-19 19:00:00,0.0,0.2786,18.750701925111905
2019-10-19 20:00:00,0.0,0.2611,45.15385548324885
2019-10-19 21:00:00,0.0,0.2525,36.742793951492885
2019-10-19 22:00:00,0.0,0.2274,33.684187905049185
2019-10-19 23:00:00,0.0,0.2097,28.472484383538223
2019-10-20 00:00:00,0.0,0.1892,33.079373480753056
2019-10-20 01:00:00,0.0,0.1618,39.15401951137466
2019-10-20 02:00:00,0.0,0.1314,32.03695477249465
2019-10-20 03:00:00,0.0,0.1206,29.748335068217663
2019-10-20 04:00:00,0.0,0.1134,47.999561976106264
2019-10-20 05:00:00,0.0003,0.102,19.433373636960226
2019-10-20 06:00:00,0.0225,0.0959,29.52604660978563
2019-10-20 07:00:00,0.0776,0.083,49.83787184146675
2019-10-20 08:00:00,0.1508,0.0649,44.65071161170921
2019-10-20 09:00:00,0.21,0.0507,45.32267473406665
2019-10-20 10:00:00,0.2371,0.0438,34.07421084847433
2019-10-20 11:00:00,0.2383,0.0453,53.26128715480131
2019-10-20 12:00:00,0.2108,0.0478,52.96560604481698
2019-10-20 13:00:00,0.156,0.0575,31.35267008925631
2019-10-20 14:00:00,0.0896,0.0703,26.641179812357635
2019-10-20 15:00:00,0.0235,0.0874,60.0471972698174
2019-10-20 16:00:00,0.0002,0.1074,22.60468384634221
2019-10-20 17:00:00,0.0,0.1245,37.149541931613044
2019-10-20 18:00:00,0.0,0.1238,19.942863312300776
2019-10-20 19:00:00,0.0,0.1248,24.042450399076188
2019-10-20 20:00:00,0.0,0.1343,13.760130923654692
2019-10-20 21:00:00,0.0,0.1623,32.92429057328821
2019-10-20 22:00:00,0.0,0.1714,38.40909093206479
2019-10-20 23:00:00,0.0,0.1775,40.77257401111755
2019-10-21 00:00:00,0.0,0.1803,21.989448739341814
2019-10-21 01:00:00,0.0,0.178,30.939549584244315
2019-10-21 02:00:00,0.0,0.1701,46.32853786406329
2019-10-21 03:00:00,0.0,0.1757,27.552169563365858
2019-10-21 04:00:00,0.0,0.1493,37.2424822830967
2019-10-21 05:00:00,0.0002,0.1454,48.988881211397306
2019-10-21 06:00:00,0.0194,0.1444,50.622877846224654
2019-10-21 07:00:00,0.0614,0.1415,-28.329289623871386
2019-10-21 08:00:00,0.1074,0.1344,33.138381861604834
2019-10-21 09:00:00,0.1551,0.1289,39.39534340830316
2019-10-21 10:00:00,0.1998,0.1206,44.24517345016197
2019-10-21 11:00:00,0.2084,0.1018,-43.787080321626696
2019-10-21 12:00:00,0.1828,0.0894,46.23048411484137
2019-10-21 13:00:00,0.1407,0.082,44.367284274596905
2019-10-21 14:00:00,0.0815,0.0764,35.10859230694761
2019-10-21 15:00:00,0.0204,0.0762,46.32174383739555
2019-10-21 16:00:00,0.0003,0.0879,48.06138240698047
2019-10-21 17:00:00,0.0,0.1025,37.66454323703645
2019-10-21 18:00:00,0.0,0.1145,30.924625403672046
2019-10-21 19:00:00,0.0,0.1308,10.352800285014915
2019-10-21 20:00:00,0.0,0.1404,42.47441325972885
2019-10-21 21:00:00,0.0,0.1448,43.28566254734234
2019-10-21 22:00:00,0.0,0.1466,40.413261304922706
2019-10-21 23:00:00,0.0,0.1552,37.0632918027106
2019-10-22 00:00:00,0.0,0.1468,50.8963404907385
2019-10-22 01:00:00,0.0,0.1408,31.122060283727507
2019-10-22 02:00:00,0.0,0.1353,23.206232347509143
2019-10-22 03:00:00,0.0,0.1287,29.91252408865682
2019-10-22 04:00:00,0.0,0.1244,53.103668992547874
2019-10-22 05:00:00,0.0002,0.1218,47.68014140381574
2019-10-22 06:00:00,0.0212,0.1211,10.423783655110206
2019-10-22 07:00:00,0.0848,0.1245,46.68968716686137
2019-10-22 08:00:00,0.1477,0.1145,50.73763473186098
2019-10-22 09:00:00,0.2068,0.1,45.97605992394954
2019-10-22 10:00:00,0.2361,0.0974,-45.76793052432381
2019-10-22 11:00:00,0.2323,0.0876,59.01049534621936
2019-10-22 12:00:00,0.21,0.0845,13.940053504146348
2019-10-22 13:00:00,0.1657,0.0778,49.46567614877488
2019-10-22 14:00:00,0.0983,0.066,46.61165227508766
2019-10-22 15:00:00,0.0291,0.0522,65.55797808299869
2019-10-22 16:00:00,0.0004,0.0596,48.113531288467996
2019-10-22 17:00:00,0.0,0.0753,28.092290018689148
2019-10-22 18:00:00,0.0,0.085,38.41570187835274
2019-10-22 19:00:00,0.0,0.0976,69.8338707828587
2019-10-22 20:00:00,0.0,0.1001,22.286301486980356
2019-10-22 21:00:00,0.0,0.1005,34.65912183448655
2019-10-22 22:00:00,0.0,0.0944,14.407264889008387
2019-10-22 23:00:00,0.0,0.0886,40.79289932418436
2019-10-23 00:00:00,0.0,0.0859,34.010467781938026
2019-10-23 01:00:00,0.0,0.0865,32.74542206550601
2019-10-23 02:00:00,0.0,0.089,43.81575984128189
2019-10-23 03:00:00,0.0,0.0924,41.538964521727415
2019-10-23 04:00:00,0.0,0.0939,40.483935422930124
2019-10-23 05:00:00,0.0001,0.098,52.759539399681884
2019-10-23 06:00:00,0.012,0.1048,-28.665585905486655
2019-10-23 07:00:00,0.055,0.1027,41.030882368995016
2019-10-23 08:00:00,0.1097,0.0927,57.230763333385426
2019-10-23 09:00:00,0.1674,0.0818,58.269979471470684
2019-10-23 10:00:00,0.2169,0.0722,49.66700767615335
2019-10-23 11:00:00,0.2446,0.0658,52.27975824842947
2019-10-23 12:00:00,0.2324,0.0662,48.84334651378233
2019-10-23 13:00:00,0.1864,0.0715,44.282816095861726
2019-10-23 14:00:00,0.1055,0.0777,52.21711420097871
2019-10-23 15:00:00,0.024,0.1063,30.943185007311385
2019-10-23 16:00:00,0.0002,0.1743,40.97853857702322
2019-10-23 17:00:00,0.0,0.2431,40.567245580371214
2019-10-23 18:00:00,0.0,0.2671,31.3352942879856
2019-10-23 19:00:00,0.0,0.2798,-12.130592436054147
2019-10-23 20:00:00,0.0,0.2652,35.63714490316681
2019-10-23 21:00:00,0.0,0.2525,43.63287433945881
2019-10-23 22:00:00,0.0,0.2287,40.00181250387518
2019-10-23 23:00:00,0.0,0.1984,19.068593552568192
2019-10-24 00:00:00,0.0,0.1711,27.914014229653098
2019-10-24 01:00:00,0.0,0.1518,55.399187917065234
2019-10-24 02:00:00,0.0,0.1398,45.20764009443893
2019-10-24 03:00:00,0.0,0.1338,35.95740539763826
2019-10-24 04:00:00,0.0,0.1511,35.53588413815302
2019-10-24 05:00:00,0.0,0.162,38.63714113877612
2019-10-24 06:00:00,0.012,0.1601,32.5846796361198
2019-10-24 07:00:00,0.0547,0.1445,57.83516927704129
2019-10-24 08:00:00,0.1077,0.1209,31.678920131309855
2019-10-24 09:00:00,0.1683,0.1055,31.506678944655548
2019-10-24 10:00:00,0.2142,0.1045,37.674975417872325
2019-10-24 11:00:00,0.2306,0.1092,56.27541492477614
2019-10-24 12:00:00,0.2162,0.1243,28.054287753172872
2019-10-24 13:00:00,0.165,0.1413,38.74168049111068
2019-10-24 14:00:00,0.0911,0.131,27.078133837144875
2019-10-24 15:00:00,0.0198,0.1383,35.11729072964904
2019-10-24 16:00:00,0.0002,0.2032,-6.660442170801872
2019-10-24 17:00:00,0.0,0.2557,41.25903522540174
2019-10-24 18:00:00,0.0,0.3084,32.81887694162499
2019-10-24 19:00:00,0.0,0.3602,48.46092377159445
2019-10-24 20:00:00,0.0,0.3915,49.83647437122168
2019-10-24 21:00:00,0.0,0.4086,33.400942470365976
2019-10-24 22:00:00,0.0,0.413,34.41966220944843
2019-10-24 23:00:00,0.0,0.416,51.50233581372814
2019-10-25 00:00:00,0.0,0.4069,47.75535055130144
2019-10-25 01:00:00,0.0,0.3745,27.225908236269852
2019-10-25 02:00:00,0.0,0.3574,50.21905827675803
2019-10-25 03:00:00,0.0,0.3604,30.75829283260325
2019-10-25 04:00:00,0.0,0.3915,49.46783039155596
2019-10-25 05:00:00,0.0001,0.4006,40.59669837759425
2019-10-25 06:00:00,0.015,0.4089,-36.73992354266524
2019-10-25 07:00:00,0.0824,0.3922,42.767597348159676
2019-10-25 08:00:00,0.1737,0.3793,36.96926029379307
2019-10-25 09:00:00,0.2472,0.4002,32.6275421673306
2019-10-25 10:00:00,0.2763,0.4224,35.68350896349138
2019-10-25 11:00:00,0.2766,0.4204,45.761013303178
2019-10-25 12:00:00,0.2487,0.3842,48.14565592770221
2019-10-25 13:00:00,0.1935,0.3174,27.53921883345383
2019-10-25 14:00:00,0.1112,0.2458,41.36473728686257
2019-10-25 15:00:00,0.0275,0.195,37.585166660675554
2019-10-25 16:00:00,0.0002,0.2322,25.57687006031619
2019-10-25 17:00:00,0.0,0.3137,57.169506890667776
2019-10-25 18:00:00,0.0,0.3817,37.606627261058414
2019-10-25 19:00:00,0.0,0.444,41.90912469319605
2019-10-25 20:00:00,0.0,0.4782,26.25798469412317
2019-10-25 21:00:00,0.0,0.5092,46.285263912534546
2019-10-25 22:00:00,0.0,0.5448,29.795196364813155
2019-10-25 23:00:00,0.0,0.5573,48.3848253499969
2019-10-26 00:00:00,0.0,0.5512,17.249241616508186
2019-10-26 01:00:00,0.0,0.5384,25.725018589052034
2019-10-26 02:00:00,0.0,0.5403,51.40612133057223
2019-10-26 03:00:00,0.0,0.5484,50.19911858184334
2019-10-26 04:00:00,0.0,0.5726,33.41863984038707
2019-10-26 05:00:00,0.0,0.5843,35.025689678890096
2019-10-26 06:00:00,0.0262,0.58,36.20414050114623
2019-10-26 07:00:00,0.104,0.5569,35.02760758401812
2019-10-26 08:00:00,0.1982,0.5365,67.77664466255342
2019-10-26 09:00:00,0.2816,0.5162,64.60482275424259
2019-10-26 10:00:00,0.3384,0.5064,25.33704086890045
2019-10-26 11:00:00,0.3493,0.505,52.624369084323604
2019-10-26 12:00:00,0.3199,0.4927,61.8843902883827
2019-10-26 13:00:00,0.2408,0.4734,46.243505685348964
2019-10-26 14:00:00,0.1296,0.454,36.92318840863668
2019-10-26 15:00:00,0.0278,0.4729,39.27141719058514
2019-10-26 16:00:00,0.0001,0.5536,45.08759356077518
2019-10-26 17:00:00,0.0,0.6109,37.857860702454616
2019-10-26 18:00:00,0.0,0.6586,28.206098120870355
2019-10-26 19:00:00,0.0,0.6918,28.351574682684166
2019-10-26 20:00:00,0.0,0.6952,31.230139228647797
2019-10-26 21:00:00,0.0,0.7014,43.300234525898304
2019-10-26 22:00:00,0.0,0.6721,23.79257316390065
2019-10-26 23:00:00,0.0,0.6318,17.148660236135463
2019-10-27 00:00:00,0.0,0.6162,44.63091401506793
2019-10-27 01:00:00,0.0,0.6086,33.51601191811818
2019-10-27 02:00:00,0.0,0.6268,25.675566022961995
2019-10-27 03:00:00,0.0,0.6085,29.24440304655012
2019-10-27 04:00:00,0.0,0.6046,51.73588136834863
2019-10-27 05:00:00,0.0027,0.5747,63.40287535803252
2019-10-27 06:00:00,0.0206,0.5656,52.52489969219522
2019-10-27 07:00:00,0.0883,0.5152,42.67816047470842
2019-10-27 08:00:00,0.152,0.4756,52.28360908356539
2019-10-27 09:00:00,0.1937,0.4518,66.2901297934603
2019-10-27 10:00:00,0.2131,0.4236,63.80009355848869
2019-10-27 11:00:00,0.2013,0.3859,61.41470893893545
2019-10-27 12:00:00,0.1653,0.3408,35.1479862425147
2019-10-27 13:00:00,0.1155,0.306,41.22093682854226
2019-10-27 14:00:00,0.0609,0.2734,65.60520593430073
2019-10-27 15:00:00,0.0119,0.2594,27.106254638223373
2019-10-27 16:00:00,0.0001,0.2832,38.521304266027705
2019-10-27 17:00:00,0.0,0.3168,57.4959335024937
2019-10-27 18:00:00,0.0,0.361,35.598877744931706
2019-10-27 19:00:00,0.0,0.3811,37.05453114526401
2019-10-27 20:00:00,0.0,0.3876,31.574865359194384
2019-10-27 21:00:00,0.0,0.3836,27.086498733745135
2019-10-27 22:00:00,0.0,0.3916,29.15155420772937
2019-10-27 23:00:00,0.0,0.3898,46.1562544988507
2019-10-28 00:00:00,0.0,0.3849,-17.97182225386311
2019-10-28 01:00:00,0.0,0.3741,27.249181888328263
2019-10-28 02:00:00,0.0,0.3635,39.88393848540772
2019-10-28 03:00:00,0.0,0.3426,45.4785263861729
2019-10-28 04:00:00,0.0,0.3248,24.69437026341337
2019-10-28 05:00:00,0.0,0.3077,43.47310228567735
2019-10-28 06:00:00,0.0156,0.2721,52.013496470217326
2019-10-28 07:00:00,0.0756,0.2109,48.17456617986003
2019-10-28 08:00:00,0.1528,0.151,46.59307852052383
2019-10-28 09:00:00,0.2174,0.1286,54.18609038295948
2019-10-28 10:00:00,0.2509,0.1357,37.26533028651251
2019-10-28 11:00:00,0.2392,0.1456,49.71788040059871
2019-10-28 12:00:00,0.2031,0.1425,22.902436653644546
2019-10-28 13:00:00,0.1491,0.1243,68.01004352190614
2019-10-28 14:00:00,0.0791,0.1019,95.32231116415704
2019-10-28 15:00:00,0.0156,0.0944,34.38800036377109
2019-10-28 16:00:00,0.0,0.1092,51.31064190840259
2019-10-28 17:00:00,0.0,0.1179,35.76909487439623
2019-10-28 18:00:00,0.0,0.1379,24.30984692975707
2019-10-28 19:00:00,0.0,0.1323,38.54672950223721
2019-10-28 20:00:00,0.0,0.1267,33.570833438391496
2019-10-28 21:00:00,0.0,0.1205,31.097413686510365
2019-10-28 22:00:00,0.0,0.1184,21.194944385986503
2019-10-28 23:00:00,0.0,0.1136,46.62129132633893
2019-10-29 00:00:00,0.0,0.1099,53.761606918575886
2019-10-29 01:00:00,0.0,0.1106,19.792687813811295
2019-10-29 02:00:00,0.0,0.1159,28.459654922049705
2019-10-29 03:00:00,0.0,0.118,27.665551591959957
2019-10-29 04:00:00,0.0,0.1208,49.36034804797377
2019-10-29 05:00:00,0.0,0.1187,45.63381611606066
2019-10-29 06:00:00,0.0098,0.1161,34.42231766330735
2019-10-29 07:00:00,0.0556,0.1075,58.08612241518272
2019-10-29 08:00:00,0.1196,0.0777,46.124496793138185
2019-10-29 09:00:00,0.1783,0.0523,29.750605342107804
2019-10-29 10:00:00,0.2108,0.0552,-34.413446257502194
2019-10-29 11:00:00,0.2072,0.058,50.68799366285076
2019-10-29 12:00:00,0.1834,0.0609,54.94864681964326
2019-10-29 13:00:00,0.136,0.0639,38.53224338170807
2019-10-29 14:00:00,0.073,0.066,57.271012516251375
2019-10-29 15:00:00,0.0141,0.0734,44.78354597935963
2019-10-29 16:00:00,0.0001,0.1036,-2.3749549726856074
2019-10-29 17:00:00,0.0,0.1391,32.29353193434396
2019-10-29 18:00:00,0.0,0.154,43.155106950143235
2019-10-29 19:00:00,0.0,0.1646,37.49656799584377
2019-10-29 20:00:00,0.0,0.1664,49.58567978852952
2019-10-29 21:00:00,0.0,0.1596,34.20643564422766
2019-10-29 22:00:00,0.0,0.1551,43.648090974299706
2019-10-29 23:00:00,0.0,0.1456,51.7703528174266
2019-10-30 00:00:00,0.0,0.1315,32.21895669321802
2019-10-30 01:00:00,0.0,0.1196,29.842707540343802
2019-10-30 02:00:00,0.0,0.1108,39.212465279817515
2019-10-30 03:00:00,0.0,0.1106,32.11029240259867
2019-10-30 04:00:00,0.0,0.1125,26.710258240676694
2019-10-30 05:00:00,0.0,0.1128,15.989059326100712
2019-10-30 06:00:00,0.0156,0.12,20.803018222780626
2019-10-30 07:00:00,0.0952,0.1057,45.822774168075696
2019-10-30 08:00:00,0.1937,0.0765,-27.12039525123738
2019-10-30 09:00:00,0.2584,0.0547,67.83014806744697
2019-10-30 10:00:00,0.2842,0.0524,41.462526562036544
2019-10-30 11:00:00,0.2664,0.0571,54.967929396033995
2019-10-30 12:00:00,0.2241,0.0625,54.22601618885298
2019-10-30 13:00:00,0.1552,0.0654,36.15605049561132
2019-10-30 14:00:00,0.0778,0.069,28.529509093150864
2019-10-30 15:00:00,0.0134,0.0823,31.011803495657073
2019-10-30 16:00:00,0.0,0.1111,45.560082631839464
2019-10-30 17:00:00,0.0,0.1368,56.60182610614768
2019-10-30 18:00:00,0.0,0.1532,28.753524858468687
2019-10-30 19:00:00,0.0,0.1712,13.309471796710397
2019-10-30 20:00:00,0.0,0.1794,-46.62614903961093
2019-10-30 21:00:00,0.0,0.1723,25.612649507356544
2019-10-30 22:00:00,0.0,0.1647,25.75449086284073
2019-10-30 23:00:00,0.0,0.1547,59.338217604189815
2019-10-31 00:00:00,0.0,0.1414,40.68121318593795
2019-10-31 01:00:00,0.0,0.1281,29.841749020440044
2019-10-31 02:00:00,0.0,0.1194,31.100653656836602
2019-10-31 03:00:00,0.0,0.1199,41.96245214583515
2019-10-31 04:00:00,0.0,0.123,22.22644741279565
2019-10-31 05:00:00,0.0,0.1284,27.97331378420045
2019-10-31 06:00:00,0.019,0.1392,47.983621564825114
2019-10-31 07:00:00,0.1036,0.1334,34.73480882957828
2019-10-31 08:00:00,0.2135,0.1048,24.719048367623625
2019-10-31 09:00:00,0.3027,0.0711,32.49272790020193
2019-10-31 10:00:00,0.3509,0.0553,64.79898009947999
2019-10-31 11:00:00,0.3554,0.0539,37.95664894566219
2019-10-31 12:00:00,0.3171,0.0554,-42.529612548356035
2019-10-31 13:00:00,0.2308,0.056,47.03379862988589
2019-10-31 14:00:00,0.1158,0.0615,41.16525518453776
2019-10-31 15:00:00,0.0191,0.0838,30.51817940016892
2019-10-31 16:00:00,0.0,0.1515,45.10880080242131
2019-10-31 17:00:00,0.0,0.2084,23.077592528920206
2019-10-31 18:00:00,0.0,0.236,27.85572072631725
2019-10-31 19:00:00,0.0,0.2566,31.277572856997356
2019-10-31 20:00:00,0.0,0.2738,51.49486631394525
2019-10-31 21:00:00,0.0,0.272,38.12377561258753
2019-10-31 22:00:00,0.0,0.2622,50.23805212086901
2019-10-31 23:00:00,0.0,0.2615,20.95554355698497
2019-11-01 00:00:00,0.0,0.2631,28.600276875219798
2019-11-01 01:00:00,0.0,0.2589,32.19152402098675
2019-11-01 02:00:00,0.0,0.2591,29.32131508522047
2019-11-01 03:00:00,0.0,0.2804,22.21263150338955
2019-11-01 04:00:00,0.0,0.3014,48.680399318557015
2019-11-01 05:00:00,0.0,0.3259,46.31943157115824
2019-11-01 06:00:00,0.011,0.3455,35.150411861011655
2019-11-01 07:00:00,0.0531,0.3315,32.990702781659735
2019-11-01 08:00:00,0.1045,0.2946,25.993053655715908
2019-11-01 09:00:00,0.1401,0.2641,36.456952554145026
2019-11-01 10:00:00,0.1451,0.2637,29.70617492825371
2019-11-01 11:00:00,0.1298,0.2707,46.557189475573566
2019-11-01 12:00:00,0.0946,0.2675,32.88402792623572
2019-11-01 13:00:00,0.0544,0.2684,53.8285942236841
2019-11-01 14:00:00,0.0218,0.2873,37.194186607524955
2019-11-01 15:00:00,0.0028,0.3216,52.951672774863695
2019-11-01 16:00:00,0.0,0.3472,39.24734375320474
2019-11-01 17:00:00,0.0,0.3787,43.485282616243346
2019-11-01 18:00:00,0.0,0.3978,29.04499934143795
2019-11-01 19:00:00,0.0,0.4032,38.681616767226494
2019-11-01 20:00:00,0.0,0.402,48.57571108242748
2019-11-01 21:00:00,0.0,0.3954,26.363585444578476
2019-11-01 22:00:00,0.0,0.3952,38.56465293746197
2019-11-01 23:00:00,0.0,0.3965,66.68554860665446
2019-11-02 00:00:00,0.0,0.4023,50.406497106447745
2019-11-02 01:00:00,0.0,0.401,51.784019362959555
2019-11-02 02:00:00,0.0,0.3998,44.33255239511307
2019-11-02 03:00:00,0.0,0.4111,34.709770689199175
2019-11-02 04:00:00,0.0,0.4306,22.56013646046169
2019-11-02 05:00:00,0.0,0.4548,41.235466005344826
2019-11-02 06:00:00,0.0033,0.4763,35.74067088880655
2019-11-02 07:00:00,0.0246,0.4803,35.71101932313938
2019-11-02 08:00:00,0.0605,0.4821,45.59401373899822
2019-11-02 09:00:00,0.0973,0.481,61.911609771279146
2019-11-02 10:00:00,0.1262,0.4828,34.388095163008245
2019-11-02 11:00:00,0.1531,0.4929,37.38915732504737
2019-11-02 12:00:00,0.1604,0.4654,46.1942405587159
2019-11-02 13:00:00,0.1253,0.4386,-9.865246491325943
2019-11-02 14:00:00,0.0597,0.4034,37.94421229328813
2019-11-02 15:00:00,0.0086,0.4044,52.32914641418827
2019-11-02 16:00:00,0.0,0.4472,25.919887366855743
2019-11-02 17:00:00,0.0,0.486,40.42751299769833
2019-11-02 18:00:00,0.0,0.5057,52.038546122294264
2019-11-02 19:00:00,0.0,0.5031,30.716021728386814
2019-11-02 20:00:00,0.0,0.4965,18.80775086226659
2019-11-02 21:00:00,0.0,0.4717,33.9763397861913
2019-11-02 22:00:00,0.0,0.4579,38.72924311624153
2019-11-02 23:00:00,0.0,0.4325,51.29257564203769
2019-11-03 00:00:00,0.0,0.4053,44.19309413846425
2019-11-03 01:00:00,0.0,0.3935,38.28179633401166
2019-11-03 02:00:00,0.0,0.3702,26.09010469766301
2019-11-03 03:00:00,0.0,0.3489,59.89027885269131
2019-11-03 04:00:00,0.0,0.3021,51.69693918536831
2019-11-03 05:00:00,0.0,0.2927,37.67305164315696
2019-11-03 06:00:00,0.003,0.2789,52.79770756758664
2019-11-03 07:00:00,0.0253,0.2489,37.108272449374226
2019-11-03 08:00:00,0.0624,0.2011,32.0062008729044
2019-11-03 09:00:00,0.1005,0.1533,17.7445785839845
2019-11-03 10:00:00,0.1322,0.1214,53.72114812835909
2019-11-03 11:00:00,0.1395,0.0965,52.69332161603433
2019-11-03 12:00:00,0.1184,0.0857,51.87953095742937
2019-11-03 13:00:00,0.0799,0.082,38.282251445930335
2019-11-03 14:00:00,0.0349,0.0883,46.18044502891509
2019-11-03 15:00:00,0.0044,0.1168,38.65897331057329
2019-11-03 16:00:00,0.0,0.1545,65.36498957916714
2019-11-03 17:00:00,0.0,0.1799,51.04760520562838
2019-11-03 18:00:00,0.0,0.195,40.44570509543533
2019-11-03 19:00:00,0.0,0.1925,33.358751899234115
2019-11-03 20:00:00,0.0,0.1952,41.34086337504072
2019-11-03 21:00:00,0.0,0.2219,33.37182811118299
2019-11-03 22:00:00,0.0,0.2407,50.98525593322846
2019-11-03 23:00:00,0.0,0.2554,50.74403996963685
2019-11-04 00:00:00,0.0,0.2638,18.177083419785966
2019-11-04 01:00:00,0.0,0.2731,20.885568746545115
2019-11-04 02:00:00,0.0,0.2739,18.718338888704377
2019-11-04 03:00:00,0.0,0.2729,59.96736291457646
2019-11-04 04:00:00,0.0,0.2704,0.734917169023376
2019-11-04 05:00:00,0.0,0.2653,39.52298303824344
2019-11-04 06:00:00,0.0079,0.2572,26.816227770227695
2019-11-04 07:00:00,0.0553,0.2345,38.66697125142056
2019-11-04 08:00:00,0.123,0.2131,43.469717182609585
2019-11-04 09:00:00,0.1593,0.197,42.32880962597903
2019-11-04 10:00:00,0.1647,0.1899,44.906312851342115
2019-11-04 11:00:00,0.159,0.1878,53.5064194823021
2019-11-04 12:00:00,0.1271,0.173,40.63823931545323
2019-11-04 13:00:00,0.0942,0.1623,-43.93376482252345
2019-11-04 14:00:00,0.0438,0.1483,45.90336983586403
2019-11-04 15:00:00,0.0064,0.1383,41.26943010106133
2019-11-04 16:00:00,0.0,0.1482,20.345421652454398
2019-11-04 17:00:00,0.0,0.1661,34.6832648060357
2019-11-04 18:00:00,0.0,0.1829,21.875815763057993
2019-11-04 19:00:00,0.0,0.1924,53.879957649865034
2019-11-04 20:00:00,0.0,0.1968,9.571842909113172
2019-11-04 21:00:00,0.0,0.2121,17.703808424859755
2019-11-04 22:00:00,0.0,0.231,11.792150153559483
2019-11-04 23:00:00,0.0,0.2304,51.4017621862657
2019-11-05 00:00:00,0.0,0.2356,42.713729036819586
2019-11-05 01:00:00,0.0,0.2384,40.11760221295992
2019-11-05 02:00:00,0.0,0.2428,56.621618744294246
2019-11-05 03:00:00,0.0,0.2283,55.74230212187263
2019-11-05 04:00:00,0.0,0.2064,87.9094857302962
2019-11-05 05:00:00,0.0,0.2003,45.087737685854464
2019-11-05 06:00:00,0.0032,0.1961,35.64876676433386
2019-11-05 07:00:00,0.0309,0.1812,42.16233871639577
2019-11-05 08:00:00,0.0714,0.1465,48.306067923353666
2019-11-05 09:00:00,0.107,0.1254,35.24632647169707
2019-11-05 10:00:00,0.1298,0.1192,42.13283574011805
2019-11-05 11:00:00,0.1334,0.1176,34.509039887971895
2019-11-05 12:00:00,0.1104,0.1061,58.92016514187331
2019-11-05 13:00:00,0.0814,0.0951,58.87539363161874
2019-11-05 14:00:00,0.0416,0.0855,34.383632202205874
2019-11-05 15:00:00,0.0068,0.0859,42.391850219466995
2019-11-05 16:00:00,0.0,0.0952,49.36751590455413
2019-11-05 17:00:00,0.0,0.105,22.424893033592845
2019-11-05 18:00:00,0.0,0.1121,42.30640429911754
2019-11-05 19:00:00,0.0,0.1193,53.32608620137681
2019-11-05 20:00:00,0.0,0.1195,47.17457766254955
2019-11-05 21:00:00,0.0,0.121,14.42407290462647
2019-11-05 22:00:00,0.0,0.1213,-22.899829636187754
2019-11-05 23:00:00,0.0,0.1222,38.68288861005456
2019-11-06 00:00:00,0.0,0.1234,30.003118211516437
2019-11-06 01:00:00,0.0,0.122,26.880979929732938
2019-11-06 02:00:00,0.0,0.1196,26.099486538988327
2019-11-06 03:00:00,0.0,0.1216,45.85505826784589
2019-11-06 04:00:00,0.0,0.1169,34.45382596973701
2019-11-06 05:00:00,0.0,0.1135,47.08071130934566
2019-11-06 06:00:00,0.0041,0.1125,5.0427255677647835
2019-11-06 07:00:00,0.034,0.1042,25.913795290309086
2019-11-06 08:00:00,0.0719,0.087,41.45822149516107
2019-11-06 09:00:00,0.0995,0.0772,53.43166862334281
2019-11-06 10:00:00,0.1136,0.0779,42.75189588958414
2019-11-06 11:00:00,0.111,0.0788,32.836582093810414
2019-11-06 12:00:00,0.0913,0.0802,54.52618677600799
2019-11-06 13:00:00,0.0658,0.0796,55.47324036762991
2019-11-06 14:00:00,0.0326,0.076,53.67013794732968
2019-11-06 15:00:00,0.0047,0.0713,60.083804926920195
2019-11-06 16:00:00,0.0,0.0724,34.143845060671126
2019-11-06 17:00:00,0.0,0.0741,26.904634797733685
2019-11-06 18:00:00,0.0,0.0726,45.568061217502816
2019-11-06 19:00:00,0.0,0.0677,26.05250766013082
2019-11-06 20:00:00,0.0,0.0622,28.588980539602737
2019-11-06 21:00:00,0.0,0.063,38.73452003194068
2019-11-06 22:00:00,0.0,0.0657,24.352609964262086
2019-11-06 23:00:00,0.0,0.0682,41.61112804282327
2019-11-07 00:00:00,0.0,0.072,41.84318889347236
2019-11-07 01:00:00,0.0,0.0753,54.57161405078136
2019-11-07 02:00:00,0.0,0.0783,41.825445794970946
2019-11-07 03:00:00,0.0,0.0827,47.90668784328507
2019-11-07 04:00:00,0.0,0.093,36.51841958615007
2019-11-07 05:00:00,0.0,0.1134,44.94682951839665
2019-11-07 06:00:00,0.0071,0.1337,33.84512115191073
2019-11-07 07:00:00,0.062,0.1583,44.96557475703699
2019-11-07 08:00:00,0.1372,0.1581,34.272755753901
2019-11-07 09:00:00,0.1989,0.1619,43.84324091404619
2019-11-07 10:00:00,0.219,0.1883,35.12148145523529
2019-11-07 11:00:00,0.1966,0.2125,47.72326298309014
2019-11-07 12:00:00,0.148,0.2391,40.5905986363959
2019-11-07 13:00:00,0.0903,0.2646,25.986391434900305
2019-11-07 14:00:00,0.0373,0.2835,46.99251219266444
2019-11-07 15:00:00,0.0043,0.3214,32.74641661877869
2019-11-07 16:00:00,0.0,0.3514,54.047095037802194
2019-11-07 17:00:00,0.0,0.3703,54.10785064067008
2019-11-07 18:00:00,0.0,0.3619,49.71790797113806
2019-11-07 19:00:00,0.0,0.3419,48.83478233122338
2019-11-07 20:00:00,0.0,0.3121,38.31366616158285
2019-11-07 21:00:00,0.0,0.2843,36.0890713857997
2019-11-07 22:00:00,0.0,0.2645,43.08071698146725
2019-11-07 23:00:00,0.0,0.249,41.661589224461586
2019-11-08 00:00:00,0.0,0.2267,43.59287159724333
2019-11-08 01:00:00,0.0,0.2098,40.60401518362629
2019-11-08 02:00:00,0.0,0.1975,36.431414805367886
2019-11-08 03:00:00,0.0,0.1823,41.135185312899424
2019-11-08 04:00:00,0.0,0.1705,43.75046469711142
2019-11-08 05:00:00,0.0,0.1509,28.52658578263852
2019-11-08 06:00:00,0.002,0.1296,36.516711996215214
2019-11-08 07:00:00,0.0278,0.1081,52.36043486648765
2019-11-08 08:00:00,0.0681,0.0853,51.716917318222734
2019-11-08 09:00:00,0.1033,0.0496,54.36755092306749
2019-11-08 10:00:00,0.1285,0.031,43.09381214126359
2019-11-08 11:00:00,0.1255,0.0282,24.277205431960034
2019-11-08 12:00:00,0.1034,0.0261,50.7281464582219
2019-11-08 13:00:00,0.0668,0.0345,44.23065112422832
2019-11-08 14:00:00,0.0276,0.0455,54.4264432369453
2019-11-08 15:00:00,0.0033,0.0558,65.8078594482827
2019-11-08 16:00:00,0.0,0.0676,54.86422077022432
2019-11-08 17:00:00,0.0,0.0682,6.004037182508625
2019-11-08 18:00:00,0.0,0.0644,38.321527506669824
2019-11-08 19:00:00,0.0,0.0574,35.54957996625505
2019-11-08 20:00:00,0.0,0.0535,42.85837707210538
2019-11-08 21:00:00,0.0,0.0562,34.97128357576722
2019-11-08 22:00:00,0.0,0.0597,24.87191575113832
2019-11-08 23:00:00,0.0,0.0568,49.36418832759153
2019-11-09 00:00:00,0.0,0.0604,33.777467765851284
2019-11-09 01:00:00,0.0,0.0676,54.747435022982955
2019-11-09 02:00:00,0.0,0.0745,47.04836155435691
2019-11-09 03:00:00,0.0,0.0832,28.12176194672532
2019-11-09 04:00:00,0.0,0.0906,32.69456898867051
2019-11-09 05:00:00,0.0,0.0985,50.44659324416783
2019-11-09 06:00:00,0.0009,0.1059,65.52770759279485
2019-11-09 07:00:00,0.0174,0.1103,48.48809992137697
2019-11-09 08:00:00,0.0488,0.1073,38.112350779400956
2019-11-09 09:00:00,0.0815,0.1071,-31.55549132847411
2019-11-09 10:00:00,0.1024,0.1152,45.639910251803514
2019-11-09 11:00:00,0.1117,0.1218,45.5199087912442
2019-11-09 12:00:00,0.1118,0.1237,68.5542838405689
2019-11-09 13:00:00,0.0885,0.1284,49.452826494971816
2019-11-09 14:00:00,0.0456,0.1289,-42.10082503142553
2019-11-09 15:00:00,0.0066,0.1399,34.892197347063814
2019-11-09 16:00:00,0.0,0.1545,35.99368457848902
2019-11-09 17:00:00,0.0,0.1632,36.85032823573379
2019-11-09 18:00:00,0.0,0.168,27.407989771923226
2019-11-09 19:00:00,0.0,0.1663,40.1634326733677
2019-11-09 20:00:00,0.0,0.1636,19.332177286958316
2019-11-09 21:00:00,0.0,0.1531,57.487674420265684
2019-11-09 22:00:00,0.0,0.1397,44.89653185944273
2019-11-09 23:00:00,0.0,0.1274,19.18695466159138
2019-11-10 00:00:00,0.0,0.1138,40.143938033118616
2019-11-10 01:00:00,0.0,0.104,41.98600701215757
2019-11-10 02:00:00,0.0,0.0941,46.2204514466612
2019-11-10 03:00:00,0.0,0.0872,40.41427287758097
2019-11-10 04:00:00,0.0,0.087,52.53929925153943
2019-11-10 05:00:00,0.0,0.0807,-7.999092596643836
2019-11-10 06:00:00,0.003,0.074,51.599509640574425
2019-11-10 07:00:00,0.0513,0.068,24.533742693426525
2019-11-10 08:00:00,0.1286,0.0546,40.577873025586655
2019-11-10 09:00:00,0.1955,0.0349,28.30085688322048
2019-11-10 10:00:00,0.231,0.0264,15.808054945588218
2019-11-10 11:00:00,0.2377,0.0219,32.9403308655154
2019-11-10 12:00:00,0.2072,0.0234,29.881423901279277
2019-11-10 13:00:00,0.1416,0.0264,48.1907292402304
2019-11-10 14:00:00,0.0595,0.0304,39.99800938666746
2019-11-10 15:00:00,0.0054,0.0451,52.546468706591014
2019-11-10 16:00:00,0.0,0.0716,47.266235484409265
2019-11-10 17:00:00,0.0,0.0994,36.05324798805891
2019-11-10 18:00:00,0.0,0.1212,28.287080944198813
2019-11-10 19:00:00,0.0,0.1304,54.08128879579633
2019-11-10 20:00:00,0.0,0.1352,30.921411568370722
2019-11-10 21:00:00,0.0,0.134,39.589579511163656
2019-11-10 22:00:00,0.0,0.1381,11.892474323639284
2019-11-10 23:00:00,0.0,0.1384,38.242136092018306
2019-11-11 00:00:00,0.0,0.1418,22.679484210571033
2019-11-11 01:00:00,0.0,0.1467,-45.552234268147174
2019-11-11 02:00:00,0.0,0.1514,58.00467543182151
2019-11-11 03:00:00,0.0,0.1516,52.6737403712807
2019-11-11 04:00:00,0.0,0.1628,18.722359285184176
2019-11-11 05:00:00,0.0,0.1909,47.784797180210724
2019-11-11 06:00:00,0.0014,0.2103,27.39955514703422
2019-11-11 07:00:00,0.026,0.2351,34.91670135911519
2019-11-11 08:00:00,0.0718,0.243,48.24604577521541
2019-11-11 09:00:00,0.1138,0.2416,40.40565734742707
2019-11-11 10:00:00,0.1431,0.2578,34.511879128068436
2019-11-11 11:00:00,0.1552,0.2775,46.727394998622245
2019-11-11 12:00:00,0.1356,0.2876,32.51016319073642
2019-11-11 13:00:00,0.0909,0.2977,48.26468284354605
2019-11-11 14:00:00,0.0333,0.3292,65.13862388352065
2019-11-11 15:00:00,0.002,0.3873,42.91629657656939
2019-11-11 16:00:00,0.0,0.4347,27.2821318759232
2019-11-11 17:00:00,0.0,0.4557,43.34601763065257
2019-11-11 18:00:00,0.0,0.4566,27.896732211454562
2019-11-11 19:00:00,0.0,0.4556,37.30841027764584
2019-11-11 20:00:00,0.0,0.4449,51.494463927891886
2019-11-11 21:00:00,0.0,0.4172,64.84792949995565
2019-11-11 22:00:00,0.0,0.3962,40.33369533115729
2019-11-11 23:00:00,0.0,0.3943,59.64998460612881
2019-11-12 00:00:00,0.0,0.4029,45.310248467214194
2019-11-12 01:00:00,0.0,0.3985,41.21658513940827
2019-11-12 02:00:00,0.0,0.3978,36.36031563868855
2019-11-12 03:00:00,0.0,0.4076,37.11238143728899
2019-11-12 04:00:00,0.0,0.4266,31.824288393453735
2019-11-12 05:00:00,0.0,0.4521,49.368295944436994
2019-11-12 06:00:00,0.0016,0.4431,49.14411256740027
2019-11-12 07:00:00,0.0266,0.4203,33.321297892068536
2019-11-12 08:00:00,0.0702,0.4169,56.019563747727084
2019-11-12 09:00:00,0.1151,0.3996,56.357169799536265
2019-11-12 10:00:00,0.1433,0.4031,44.88634906982752
2019-11-12 11:00:00,0.1375,0.3893,24.247857039397818
2019-11-12 12:00:00,0.11,0.3488,58.080981687756406
2019-11-12 13:00:00,0.0799,0.3164,-39.23912400366214
2019-11-12 14:00:00,0.0374,0.2947,52.27581400776689
2019-11-12 15:00:00,0.004,0.2969,36.97117314065757
2019-11-12 16:00:00,0.0,0.3207,41.94441106271956
2019-11-12 17:00:00,0.0,0.35,34.26190053980337
2019-11-12 18:00:00,0.0,0.356,51.86440146394372
2019-11-12 19:00:00,0.0,0.3452,43.447596223262686
2019-11-12 20:00:00,0.0,0.3262,15.855622392525625
2019-11-12 21:00:00,0.0,0.3062,15.79390848666754
2019-11-12 22:00:00,0.0,0.3036,19.763049370077375
2019-11-12 23:00:00,0.0,0.3012,19.2596243053312
2019-11-13 00:00:00,0.0,0.3014,48.78844617976604
2019-11-13 01:00:00,0.0,0.2864,52.32307126751485
2019-11-13 02:00:00,0.0,0.2852,53.667108401843095
2019-11-13 03:00:00,0.0,0.2908,29.730966794967422
2019-11-13 04:00:00,0.0,0.2865,26.65038135023393
2019-11-13 05:00:00,0.0,0.3013,-20.856995769358257
2019-11-13 06:00:00,0.0012,0.301,38.46176474791163
2019-11-13 07:00:00,0.0236,0.285,16.46150089715584
2019-11-13 08:00:00,0.0604,0.2607,50.09144241329449
2019-11-13 09:00:00,0.0956,0.239,40.40903553360484
2019-11-13 10:00:00,0.1166,0.2331,49.58367009496246
2019-11-13 11:00:00,0.1183,0.2321,61.250245630416906
2019-11-13 12:00:00,0.0962,0.2216,43.59345134119376
2019-11-13 13:00:00,0.0619,0.2092,55.11542661432408
2019-11-13 14:00:00,0.0261,0.2034,51.8255498514769
2019-11-13 15:00:00,0.002,0.2095,57.05266064279023
2019-11-13 16:00:00,0.0,0.2214,41.821933043096806
2019-11-13 17:00:00,0.0,0.2343,-34.62161387424335
2019-11-13 18:00:00,0.0,0.236,30.658344446499054
2019-11-13 19:00:00,0.0,0.2322,-15.407833409228767
2019-11-13 20:00:00,0.0,0.2207,46.86245607060964
2019-11-13 21:00:00,0.0,0.2022,26.076283505284817
2019-11-13 22:00:00,0.0,0.1865,56.11050482873039
2019-11-13 23:00:00,0.0,0.1853,31.395930986461124
2019-11-14 00:00:00,0.0,0.1833,36.96714515448591
2019-11-14 01:00:00,0.0,0.1763,57.253826052724065
2019-11-14 02:00:00,0.0,0.1726,27.0237264768654
2019-11-14 03:00:00,0.0,0.1802,25.141313916413456
2019-11-14 04:00:00,0.0,0.2007,29.35407278810941
2019-11-14 05:00:00,0.0,0.233,32.755926390947344
2019-11-14 06:00:00,0.0032,0.2594,45.94748187537027
2019-11-14 07:00:00,0.06,0.2666,24.576087880839502
2019-11-14 08:00:00,0.1444,0.2387,34.283153655422794
2019-11-14 09:00:00,0.2196,0.1849,38.036195981744534
2019-11-14 10:00:00,0.2691,0.1477,37.440581599586736
2019-11-14 11:00:00,0.2693,0.1348,38.26106083607366
2019-11-14 12:00:00,0.2308,0.1402,34.24553514843406
2019-11-14 13:00:00,0.1488,0.1571,61.85867291977705
2019-11-14 14:00:00,0.0542,0.2001,42.789828747500856
2019-11-14 15:00:00,0.0032,0.2704,40.28881120065206
2019-11-14 16:00:00,0.0,0.3723,29.44482343496343
2019-11-14 17:00:00,0.0,0.431,27.695542258374793
2019-11-14 18:00:00,0.0,0.4498,37.50215505782141
2019-11-14 19:00:00,0.0,0.457,34.60046258129938
2019-11-14 20:00:00,0.0,0.4512,35.27233336784544
2019-11-14 21:00:00,0.0,0.436,35.71305984958192
2019-11-14 22:00:00,0.0,0.4416,50.94951929866825
2019-11-14 23:00:00,0.0,0.46,34.92974893692978
2019-11-15 00:00:00,0.0,0.4815,12.46343249486696
2019-11-15 01:00:00,0.0,0.5023,59.78490335904855
2019-11-15 02:00:00,0.0,0.5235,47.58459561111121
2019-11-15 03:00:00,0.0,0.5476,28.695042227057193
2019-11-15 04:00:00,0.0,0.5607,31.529694732742293
2019-11-15 05:00:00,0.0,0.5816,36.94140485108886
2019-11-15 06:00:00,0.0016,0.5723,25.493103986443632
2019-11-15 07:00:00,0.0245,0.5376,39.67402713379459
2019-11-15 08:00:00,0.0576,0.4908,34.32756490141783
2019-11-15 09:00:00,0.0851,0.4516,76.97619466148294
2019-11-15 10:00:00,0.0947,0.3997,31.636984017293575
2019-11-15 11:00:00,0.0813,0.3419,44.32909906057341
2019-11-15 12:00:00,0.071,0.2965,29.923875616717552
2019-11-15 13:00:00,0.0564,0.256,52.56905365821451
2019-11-15 14:00:00,0.0234,0.2232,-40.401514738237196
2019-11-15 15:00:00,0.0016,0.2128,35.77805908607458
2019-11-15 16:00:00,0.0,0.2084,30.140179937529968
2019-11-15 17:00:00,0.0,0.1892,28.826302336404193
2019-11-15 18:00:00,0.0,0.1549,36.58135242113507
2019-11-15 19:00:00,0.0,0.1201,49.905173675179974
2019-11-15 20:00:00,0.0,0.0971,16.161786697191197
2019-11-15 21:00:00,0.0,0.0899,22.919324371669223
2019-11-15 22:00:00,0.0,0.094,42.1510296558224
2019-11-15 23:00:00,0.0,0.0971,61.69341422303055
2019-11-16 00:00:00,0.0,0.0949,38.977613005247086
2019-11-16 01:00:00,0.0,0.0878,32.865915608527885
2019-11-16 02:00:00,0.0,0.0891,25.05205549822701
2019-11-16 03:00:00,0.0,0.0869,27.977760971420405
2019-11-16 04:00:00,0.0,0.0931,43.0947198354298
2019-11-16 05:00:00,0.0,0.0976,37.86693051830472
2019-11-16 06:00:00,0.001,0.119,58.540831992739
2019-11-16 07:00:00,0.0218,0.1396,32.59861347809516
2019-11-16 08:00:00,0.0592,0.1689,44.564104125744464
2019-11-16 09:00:00,0.0893,0.204,52.92938788204238
2019-11-16 10:00:00,0.1093,0.238,53.571645045485745
2019-11-16 11:00:00,0.127,0.2773,59.82386433378251
2019-11-16 12:00:00,0.1182,0.312,40.74309700086682
2019-11-16 13:00:00,0.0834,0.3264,33.713207561572716
2019-11-16 14:00:00,0.0371,0.3258,48.78367483384603
2019-11-16 15:00:00,0.0028,0.3322,53.330509988200504
2019-11-16 16:00:00,0.0,0.3536,23.90963810180226
2019-11-16 17:00:00,0.0,0.3802,58.7765953346852
2019-11-16 18:00:00,0.0,0.3955,17.925723353539134
2019-11-16 19:00:00,0.0,0.3781,35.66141084975334
2019-11-16 20:00:00,0.0,0.3488,34.00223474580076
2019-11-16 21:00:00,0.0,0.2936,32.41634302425058
2019-11-16 22:00:00,0.0,0.2522,81.6702812175669
2019-11-16 23:00:00,0.0,0.2288,15.429326562833452
2019-11-17 00:00:00,0.0,0.2217,28.305060917585887
2019-11-17 01:00:00,0.0,0.2099,35.21428929141534
2019-11-17 02:00:00,0.0,0.1875,-41.040740119458185
2019-11-17 03:00:00,0.0,0.1674,37.40240673179751
2019-11-17 04:00:00,0.0,0.1508,18.618516297843335
2019-11-17 05:00:00,0.0,0.1577,28.067342152036062
2019-11-17 06:00:00,0.0006,0.1644,30.605916382583555
2019-11-17 07:00:00,0.0126,0.158,44.73405121475329
2019-11-17 08:00:00,0.043,0.1486,50.03634463615842
2019-11-17 09:00:00,0.0702,0.1554,60.66716999182183
2019-11-17 10:00:00,0.0801,0.1614,29.807803208285243
2019-11-17 11:00:00,0.0754,0.1706,-48.849150853378696
2019-11-17 12:00:00,0.067,0.1823,66.56002548883434
2019-11-17 13:00:00,0.0437,0.2054,43.00955287026881
2019-11-17 14:00:00,0.0123,0.2387,54.425467977177526
2019-11-17 15:00:00,0.0005,0.2836,42.555547928908766
2019-11-17 16:00:00,0.0,0.3147,48.92059892030615
2019-11-17 17:00:00,0.0,0.321,-5.110231932903319
2019-11-17 18:00:00,0.0,0.3282,42.67220158418342
2019-11-17 19:00:00,0.0,0.3302,33.75766546956339
2019-11-17 20:00:00,0.0,0.3288,48.75329584456149
2019-11-17 21:00:00,0.0,0.3176,33.26570799325238
2019-11-17 22:00:00,0.0,0.3108,16.38065025393574
2019-11-17 23:00:00,0.0,0.2937,32.33926093975012
2019-11-18 00:00:00,0.0,0.2766,74.68499626273095
2019-11-18 01:00:00,0.0,0.2574,-13.482623201515919
2019-11-18 02:00:00,0.0,0.2254,62.59692831794416
2019-11-18 03:00:00,0.0,0.1918,27.329062498216043
2019-11-18 04:00:00,0.0,0.1744,37.50893558602405
2019-11-18 05:00:00,0.0,0.1694,38.87198128760609
2019-11-18 06:00:00,0.0006,0.1485,26.804753350957075
2019-11-18 07:00:00,0.0136,0.1343,34.888130808922526
2019-11-18 08:00:00,0.05,0.1207,55.22594381771819
2019-11-18 09:00:00,0.0899,0.114,55.38988683290496
2019-11-18 10:00:00,0.1041,0.1158,50.79994606368549
2019-11-18 11:00:00,0.1126,0.1272,68.0589377117548
2019-11-18 12:00:00,0.1052,0.1366,38.42188088056462
2019-11-18 13:00:00,0.0755,0.1607,45.91890937239239
2019-11-18 14:00:00,0.0316,0.2007,44.94174636301493
2019-11-18 15:00:00,0.0016,0.2437,70.85522150401272
2019-11-18 16:00:00,0.0,0.3104,20.64483598747968
2019-11-18 17:00:00,0.0,0.3657,45.36350283442327
2019-11-18 18:00:00,0.0,0.4104,33.48476566395079
2019-11-18 19:00:00,0.0,0.4442,37.60055535716154
2019-11-18 20:00:00,0.0,0.4701,32.36457919629481
2019-11-18 21:00:00,0.0,0.5085,47.316129564894844
2019-11-18 22:00:00,0.0,0.546,26.770162263142858
2019-11-18 23:00:00,0.0,0.5572,11.561045116077846
2019-11-19 00:00:00,0.0,0.5634,43.97691798101289
2019-11-19 01:00:00,0.0,0.5593,66.6369561767074
2019-11-19 02:00:00,0.0,0.5568,33.9915486885309
2019-11-19 03:00:00,0.0,0.5461,37.462911192020286
2019-11-19 04:00:00,0.0,0.5239,52.92810860228728
2019-11-19 05:00:00,0.0,0.5037,48.57055184085286
2019-11-19 06:00:00,0.0011,0.4612,52.70781623622515
2019-11-19 07:00:00,0.0278,0.4097,37.447871346313335
2019-11-19 08:00:00,0.0794,0.3522,58.62376501145063
2019-11-19 09:00:00,0.1225,0.3069,29.316357924174973
2019-11-19 10:00:00,0.1522,0.27,-48.66605927140347
2019-11-19 11:00:00,0.1443,0.2425,39.3116398384056
2019-11-19 12:00:00,0.1118,0.2052,42.69960923265447
2019-11-19 13:00:00,0.0671,0.1676,43.17102444218056
2019-11-19 14:00:00,0.0256,0.1365,41.39631636219817
2019-11-19 15:00:00,0.0017,0.121,55.71521608631047
2019-11-19 16:00:00,0.0,0.107,45.20954926264446
2019-11-19 17:00:00,0.0,0.0974,13.660667304266028
2019-11-19 18:00:00,0.0,0.0843,-26.18373566309784
2019-11-19 19:00:00,0.0,0.0665,41.314734020795456
2019-11-19 20:00:00,0.0,0.0524,13.899736013142721
2019-11-19 21:00:00,0.0,0.0445,43.22192396045508
2019-11-19 22:00:00,0.0,0.0362,36.246627651566556
2019-11-19 23:00:00,0.0,0.0275,47.37745260112634
2019-11-20 00:00:00,0.0,0.022,50.7479525356323
2019-11-20 01:00:00,0.0,0.0206,50.81146402639962
2019-11-20 02:00:00,0.0,0.0188,29.45192903233644
2019-11-20 03:00:00,0.0,0.0224,47.786157472222186
2019-11-20 04:00:00,0.0,0.0253,26.29822839890454
2019-11-20 05:00:00,0.0,0.0258,53.54452407715286
2019-11-20 06:00:00,0.0003,0.0268,59.92896742332163
2019-11-20 07:00:00,0.0116,0.0277,18.11136782241568
2019-11-20 08:00:00,0.0401,0.025,44.67047303488428
2019-11-20 09:00:00,0.0672,0.0212,37.84772273074945
2019-11-20 10:00:00,0.0826,0.0171,55.63373651694925
2019-11-20 11:00:00,0.0878,0.0158,35.575738144578075
2019-11-20 12:00:00,0.0759,0.0134,58.90415453983637
2019-11-20 13:00:00,0.0492,0.0132,57.01313441791923
2019-11-20 14:00:00,0.018,0.0144,31.11847565712958
2019-11-20 15:00:00,0.0011,0.02,43.33430840038662
2019-11-20 16:00:00,0.0,0.0301,35.78100092768636
2019-11-20 17:00:00,0.0,0.0359,35.42078103761777
2019-11-20 18:00:00,0.0,0.0375,48.62672920922964
2019-11-20 19:00:00,0.0,0.0364,44.6153012984667
2019-11-20 20:00:00,0.0,0.0382,43.86952878632332
2019-11-20 21:00:00,0.0,0.0431,41.032127363717564
2019-11-20 22:00:00,0.0,0.0429,43.4352784100179
2019-11-20 23:00:00,0.0,0.0448,47.05756908821719
2019-11-21 00:00:00,0.0,0.046,38.268319443172466
2019-11-21 01:00:00,0.0,0.0466,-17.22600309838796
2019-11-21 02:00:00,0.0,0.0464,33.44715169722127
2019-11-21 03:00:00,0.0,0.0483,32.7152513364812
2019-11-21 04:00:00,0.0,0.0516,55.849650606095736
2019-11-21 05:00:00,0.0,0.0545,32.14710772434515
2019-11-21 06:00:00,0.0002,0.0595,37.13346174270837
2019-11-21 07:00:00,0.0076,0.059,57.296965125168676
2019-11-21 08:00:00,0.0303,0.0624,46.155329566718805
2019-11-21 09:00:00,0.0546,0.0616,71.24447688708315
2019-11-21 10:00:00,0.073,0.0559,45.11052658556247
2019-11-21 11:00:00,0.0793,0.0528,49.475715809425935
2019-11-21 12:00:00,0.0716,0.0558,59.32860997724997
2019-11-21 13:00:00,0.0481,0.06,55.30915662252282
2019-11-21 14:00:00,0.0183,0.0731,35.828243341999226
2019-11-21 15:00:00,0.0011,0.092,18.437380495390233
2019-11-21 16:00:00,0.0,0.1144,22.912744673008557
2019-11-21 17:00:00,0.0,0.1287,31.151758329566007
2019-11-21 18:00:00,0.0,0.1251,54.51956964579702
2019-11-21 19:00:00,0.0,0.1173,45.10212424076039
2019-11-21 20:00:00,0.0,0.1155,21.031751973508563
2019-11-21 21:00:00,0.0,0.1155,42.683582847861274
2019-11-21 22:00:00,0.0,0.1163,26.681251547781848
2019-11-21 23:00:00,0.0,0.1222,31.16083792179147
2019-11-22 00:00:00,0.0,0.1254,46.549430520605576
2019-11-22 01:00:00,0.0,0.1264,32.358935834612275
2019-11-22 02:00:00,0.0,0.1368,39.90786012485421
2019-11-22 03:00:00,0.0,0.1478,33.572674501241764
2019-11-22 04:00:00,0.0,0.1504,51.422584073530984
2019-11-22 05:00:00,0.0,0.1598,40.199769890400894
2019-11-22 06:00:00,0.0002,0.1627,41.965656687176924
2019-11-22 07:00:00,0.0126,0.1631,48.63332263302402
2019-11-22 08:00:00,0.0506,0.1528,48.020133246253955
2019-11-22 09:00:00,0.0899,0.1272,15.521380203799566
2019-11-22 10:00:00,0.1166,0.1075,51.76156938499951
2019-11-22 11:00:00,0.1228,0.0955,43.00223396980576
2019-11-22 12:00:00,0.1064,0.1035,60.96769908008966
2019-11-22 13:00:00,0.0683,0.1215,38.74176871178169
2019-11-22 14:00:00,0.0247,0.1522,36.35341790557224
2019-11-22 15:00:00,0.0011,0.1998,21.71544986357387
2019-11-22 16:00:00,0.0,0.2394,33.11240225465241
2019-11-22 17:00:00,0.0,0.2852,31.54229459100013
2019-11-22 18:00:00,0.0,0.3194,53.00611459105721
2019-11-22 19:00:00,0.0,0.3406,45.57814537106904
2019-11-22 20:00:00,0.0,0.3443,35.57198883540335
2019-11-22 21:00:00,0.0,0.346,30.806058833375175
2019-11-22 22:00:00,0.0,0.359,22.564057128853328
2019-11-22 23:00:00,0.0,0.3648,36.9616864844593
2019-11-23 00:00:00,0.0,0.3768,45.526180747970216
2019-11-23 01:00:00,0.0,0.4053,45.96805043633341
2019-11-23 02:00:00,0.0,0.4269,44.16085531474772
2019-11-23 03:00:00,0.0,0.4482,50.45475613515356
2019-11-23 04:00:00,0.0,0.4774,43.897810742545516
2019-11-23 05:00:00,0.0,0.5031,69.85332131573165
2019-11-23 06:00:00,0.0009,0.5153,49.653412651593335
2019-11-23 07:00:00,0.0348,0.5145,17.974634421345783
2019-11-23 08:00:00,0.1082,0.4936,13.778501070637798
2019-11-23 09:00:00,0.1702,0.462,46.1102258273245
2019-11-23 10:00:00,0.2009,0.431,34.03152338895795
2019-11-23 11:00:00,0.1892,0.4164,60.82514342761915
2019-11-23 12:00:00,0.1408,0.4154,-48.6794864388989
2019-11-23 13:00:00,0.0796,0.4387,50.0238897850537
2019-11-23 14:00:00,0.0251,0.4648,43.699901960866555
2019-11-23 15:00:00,0.0009,0.4947,62.35163268776863
2019-11-23 16:00:00,0.0,0.5039,34.38458059162416
2019-11-23 17:00:00,0.0,0.4987,30.11699615355552
2019-11-23 18:00:00,0.0,0.4784,38.39324675822693
2019-11-23 19:00:00,0.0,0.4441,39.24768837678414
2019-11-23 20:00:00,0.0,0.4128,66.49181174238363
2019-11-23 21:00:00,0.0,0.3938,47.58737214360971
2019-11-23 22:00:00,0.0,0.3848,25.38049446527187
2019-11-23 23:00:00,0.0,0.3714,58.05911395475053
2019-11-24 00:00:00,0.0,0.3661,21.261120150775405
2019-11-24 01:00:00,0.0,0.3456,50.368635359121924
2019-11-24 02:00:00,0.0,0.3218,40.25964791828646
2019-11-24 03:00:00,0.0,0.3092,20.443532498727606
2019-11-24 04:00:00,0.0,0.2961,57.943993698260385
2019-11-24 05:00:00,0.0,0.2782,17.34663197730157
2019-11-24 06:00:00,0.0004,0.2604,39.871179520535776
2019-11-24 07:00:00,0.0248,0.2428,29.65040239406549
2019-11-24 08:00:00,0.0702,0.2168,50.99898313564351
2019-11-24 09:00:00,0.116,0.181,39.03325277485441
2019-11-24 10:00:00,0.1475,0.1483,38.677544082782674
2019-11-24 11:00:00,0.1559,0.1237,33.38859407891405
2019-11-24 12:00:00,0.1337,0.1108,36.962091289868155
2019-11-24 13:00:00,0.086,0.106,33.721861195001296
2019-11-24 14:00:00,0.0317,0.1072,46.89029057351244
2019-11-24 15:00:00,0.0013,0.1187,41.253372926119226
2019-11-24 16:00:00,0.0,0.1204,45.63927658346668
2019-11-24 17:00:00,0.0,0.1185,36.712612546167335
2019-11-24 18:00:00,0.0,0.1108,31.09448759085841
2019-11-24 19:00:00,0.0,0.1022,36.567929399847465
2019-11-24 20:00:00,0.0,0.0839,56.94053248976959
2019-11-24 21:00:00,0.0,0.0662,27.338375151049014
2019-11-24 22:00:00,0.0,0.0532,39.810293564113444
2019-11-24 23:00:00,0.0,0.0454,57.76941464887557
2019-11-25 00:00:00,0.0,0.0396,14.257952869514291
2019-11-25 01:00:00,0.0,0.0362,52.973418062258396
2019-11-25 02:00:00,0.0,0.032,27.365807919923668
2019-11-25 03:00:00,0.0,0.0316,44.92528985123531
2019-11-25 04:00:00,0.0,0.0343,31.22210312350789
2019-11-25 05:00:00,0.0,0.0402,37.831965372486366
2019-11-25 06:00:00,0.0001,0.0399,22.74768147762529
2019-11-25 07:00:00,0.0095,0.0415,53.515704594658
2019-11-25 08:00:00,0.03,0.0357,59.06039949315496
2019-11-25 09:00:00,0.0473,0.0317,53.209132522621445
2019-11-25 10:00:00,0.0556,0.0283,30.732930072933755
2019-11-25 11:00:00,0.0536,0.0234,47.392884856596524
2019-11-25 12:00:00,0.0441,0.0193,21.80693517284643
2019-11-25 13:00:00,0.028,0.02,45.60032590197691
2019-11-25 14:00:00,0.0098,0.0225,44.35475491200842
2019-11-25 15:00:00,0.0004,0.0285,52.35033502713962
2019-11-25 16:00:00,0.0,0.0367,38.014191669703706
2019-11-25 17:00:00,0.0,0.0461,39.933231681820196
2019-11-25 18:00:00,0.0,0.0557,61.76926201196687
2019-11-25 19:00:00,0.0,0.0621,43.672622406651364
2019-11-25 20:00:00,0.0,0.0682,21.4442640200737
2019-11-25 21:00:00,0.0,0.0772,46.371141299255115
2019-11-25 22:00:00,0.0,0.0836,42.641138398717786
2019-11-25 23:00:00,0.0,0.0856,28.189212445134633
2019-11-26 00:00:00,0.0,0.0893,41.03342610180465
2019-11-26 01:00:00,0.0,0.0974,-42.856510390339245
2019-11-26 02:00:00,0.0,0.1036,37.372411561411546
2019-11-26 03:00:00,0.0,0.1163,42.788966292519696
2019-11-26 04:00:00,0.0,0.126,30.063594523790233
2019-11-26 05:00:00,0.0,0.1392,51.762851877159164
2019-11-26 06:00:00,0.0001,0.1532,44.589990515145054
2019-11-26 07:00:00,0.0088,0.1596,72.45851424423107
2019-11-26 08:00:00,0.0358,0.1672,38.845741615705585
2019-11-26 09:00:00,0.066,0.1604,42.804377565309146
2019-11-26 10:00:00,0.0878,0.1493,60.87784828951227
2019-11-26 11:00:00,0.0962,0.1305,55.26585298053108
2019-11-26 12:00:00,0.083,0.1272,48.761060327852924
2019-11-26 13:00:00,0.0514,0.1299,51.396788385016535
2019-11-26 14:00:00,0.0174,0.1396,47.04571090845176
2019-11-26 15:00:00,0.0007,0.1634,30.898825182073644
2019-11-26 16:00:00,0.0,0.1945,37.83307357474307
2019-11-26 17:00:00,0.0,0.214,27.418075974962562
2019-11-26 18:00:00,0.0,0.2297,15.012338896288881
2019-11-26 19:00:00,0.0,0.2291,37.98838976097513
2019-11-26 20:00:00,0.0,0.2292,37.83754107577282
2019-11-26 21:00:00,0.0,0.2329,6.96557771957772
2019-11-26 22:00:00,0.0,0.2458,33.51759817688458
2019-11-26 23:00:00,0.0,0.253,65.76064285963119
2019-11-27 00:00:00,0.0,0.2598,44.11942606780272
2019-11-27 01:00:00,0.0,0.2684,49.55348185765807
2019-11-27 02:00:00,0.0,0.2781,15.197700902145503
2019-11-27 03:00:00,0.0,0.2729,38.78319694960022
2019-11-27 04:00:00,0.0,0.2925,26.206975690969767
2019-11-27 05:00:00,0.0,0.3218,19.022344145656945
2019-11-27 06:00:00,0.0,0.3652,42.972470779027546
2019-11-27 07:00:00,0.0055,0.3906,42.353975897080126
2019-11-27 08:00:00,0.0208,0.3972,41.8453559894804
2019-11-27 09:00:00,0.0324,0.4077,41.13563469041189
2019-11-27 10:00:00,0.0493,0.4072,21.084502442497946
2019-11-27 11:00:00,0.0696,0.4039,66.8846926433672
2019-11-27 12:00:00,0.0785,0.3908,53.475166165182905
2019-11-27 13:00:00,0.0554,0.385,53.8207903222607
2019-11-27 14:00:00,0.0178,0.399,40.59030452282036
2019-11-27 15:00:00,0.0006,0.4298,27.43915230886546
2019-11-27 16:00:00,0.0,0.4806,39.52992784056227
2019-11-27 17:00:00,0.0,0.5231,41.525140701579545
2019-11-27 18:00:00,0.0,0.5614,36.77845789459835
2019-11-27 19:00:00,0.0,0.6002,57.540254038112224
2019-11-27 20:00:00,0.0,0.6232,32.514447648577516
2019-11-27 21:00:00,0.0,0.6253,49.11579240908036
2019-11-27 22:00:00,0.0,0.6387,47.03521374292524
2019-11-27 23:00:00,0.0,0.6568,24.71049997468758
2019-11-28 00:00:00,0.0,0.6733,37.97356048377619
2019-11-28 01:00:00,0.0,0.6971,19.95248343883529
2019-11-28 02:00:00,0.0,0.704,40.41808005268759
2019-11-28 03:00:00,0.0,0.7051,49.08837236022973
2019-11-28 04:00:00,0.0,0.7074,37.6087118979281
2019-11-28 05:00:00,0.0,0.7405,37.46110315875674
2019-11-28 06:00:00,0.0001,0.7464,51.65569774178368
2019-11-28 07:00:00,0.0113,0.7355,31.637699238991814
2019-11-28 08:00:00,0.0468,0.7243,59.24905663443755
2019-11-28 09:00:00,0.0874,0.7249,49.82710098290078
2019-11-28 10:00:00,0.1064,0.7406,45.92113503931415
2019-11-28 11:00:00,0.0997,0.7468,30.69814671322652
2019-11-28 12:00:00,0.0768,0.7401,25.639450564662624
2019-11-28 13:00:00,0.0504,0.7215,66.7527474384099
2019-11-28 14:00:00,0.0166,0.7118,54.46917668974772
2019-11-28 15:00:00,0.0006,0.7123,59.35448008994659
2019-11-28 16:00:00,0.0,0.6938,58.544886170568866
2019-11-28 17:00:00,0.0,0.7013,68.92039542449614
2019-11-28 18:00:00,0.0,0.6986,28.582197376260787
2019-11-28 19:00:00,0.0,0.6686,34.71270992640713
2019-11-28 20:00:00,0.0,0.6559,49.57325130668004
2019-11-28 21:00:00,0.0,0.6486,34.63566769975348
2019-11-28 22:00:00,0.0,0.6336,33.22499613667342
2019-11-28 23:00:00,0.0,0.6067,47.703768454880475
2019-11-29 00:00:00,0.0,0.6063,32.48797401830609
2019-11-29 01:00:00,0.0,0.5933,44.01175167551847
2019-11-29 02:00:00,0.0,0.5877,42.69816766145185
2019-11-29 03:00:00,0.0,0.5882,37.959648665839325
2019-11-29 04:00:00,0.0,0.5722,31.81243620471156
2019-11-29 05:00:00,0.0,0.5778,49.201859475880624
2019-11-29 06:00:00,0.0001,0.57,33.11175655379452
2019-11-29 07:00:00,0.0128,0.535,30.605124843881903
2019-11-29 08:00:00,0.0552,0.5199,44.83402748156196
2019-11-29 09:00:00,0.1061,0.5278,34.688118569414016
2019-11-29 10:00:00,0.1286,0.5204,44.039709412528076
2019-11-29 11:00:00,0.1263,0.509,58.140279347484366
2019-11-29 12:00:00,0.1043,0.5063,41.21414690675853
2019-11-29 13:00:00,0.0622,0.4568,65.8090711576916
2019-11-29 14:00:00,0.0181,0.4177,21.43297161319981
2019-11-29 15:00:00,0.0006,0.4015,52.91077460701377
2019-11-29 16:00:00,0.0,0.3949,50.85191077659964
2019-11-29 17:00:00,0.0,0.37,31.676259551981126
2019-11-29 18:00:00,0.0,0.3364,40.92646316054205
2019-11-29 19:00:00,0.0,0.3028,24.05368982157619
2019-11-29 20:00:00,0.0,0.2838,28.65340929997179
2019-11-29 21:00:00,0.0,0.2604,35.21501841909553
2019-11-29 22:00:00,0.0,0.2405,32.54243409472873
2019-11-29 23:00:00,0.0,0.2322,43.42334555720433
2019-11-30 00:00:00,0.0,0.223,55.89471412223197
2019-11-30 01:00:00,0.0,0.2084,22.489606288699857
2019-11-30 02:00:00,0.0,0.2002,49.203381309190775
2019-11-30 03:00:00,0.0,0.1981,47.42387729181796
2019-11-30 04:00:00,0.0,0.2008,55.886624852163116
2019-11-30 05:00:00,0.0,0.2048,49.15647376382478
2019-11-30 06:00:00,0.0,0.1943,41.696796383393554
2019-11-30 07:00:00,0.0161,0.1774,55.44340487338019
2019-11-30 08:00:00,0.0747,0.1473,31.0361887878608
2019-11-30 09:00:00,0.1426,0.115,49.91248379866998
2019-11-30 10:00:00,0.1893,0.0892,59.42532079620074
2019-11-30 11:00:00,0.2026,0.075,32.21863374943209
2019-11-30 12:00:00,0.169,0.071,49.00855239501215
2019-11-30 13:00:00,0.105,0.0715,47.71392897793212
2019-11-30 14:00:00,0.035,0.0748,50.1857708010383
2019-11-30 15:00:00,0.0012,0.0952,45.83477552406357
2019-11-30 16:00:00,0.0,0.1174,49.90457121953998
2019-11-30 17:00:00,0.0,0.1328,26.806119785316078
2019-11-30 18:00:00,0.0,0.1342,24.494808821876763
2019-11-30 19:00:00,0.0,0.1265,57.417253259776245
2019-11-30 20:00:00,0.0,0.1262,42.45713912104657
2019-11-30 21:00:00,0.0,0.1315,31.32836635349405
2019-11-30 22:00:00,0.0,0.1376,34.91153348145464
2019-11-30 23:00:00,0.0,0.1424,64.74841067236163
2019-12-01 00:00:00,0.0,0.1366,35.261896883500164
2019-12-01 01:00:00,0.0,0.1271,49.55197224226052
2019-12-01 02:00:00,0.0,0.1233,37.178685011333116
2019-12-01 03:00:00,0.0,0.1261,50.36570200162346
2019-12-01 04:00:00,0.0,0.135,43.102343904783865
2019-12-01 05:00:00,0.0,0.1542,39.31685837057442
2019-12-01 06:00:00,0.0,0.1539,37.274392352277
2019-12-01 07:00:00,0.0097,0.1498,49.148276617408136
2019-12-01 08:00:00,0.0439,0.1364,34.96429019296306
2019-12-01 09:00:00,0.0734,0.1192,53.45798113734776
2019-12-01 10:00:00,0.0896,0.0897,37.17028387225152
2019-12-01 11:00:00,0.0899,0.0727,54.184524429421046
2019-12-01 12:00:00,0.0681,0.0615,40.47334354820723
2019-12-01 13:00:00,0.0397,0.0554,39.06610810577183
2019-12-01 14:00:00,0.0118,0.0592,54.9409421915294
2019-12-01 15:00:00,0.0002,0.0636,41.73632856388549
2019-12-01 16:00:00,0.0,0.0676,40.412453244648844
2019-12-01 17:00:00,0.0,0.0633,43.3778682546239
2019-12-01 18:00:00,0.0,0.0596,43.37876187588494
2019-12-01 19:00:00,0.0,0.0514,24.508057121116906
2019-12-01 20:00:00,0.0,0.052,26.301256427934888
2019-12-01 21:00:00,0.0,0.0627,37.85936073424833
2019-12-01 22:00:00,0.0,0.0811,17.776521472147557
2019-12-01 23:00:00,0.0,0.097,48.00636113086027
2019-12-02 00:00:00,0.0,0.1185,43.78643518147062
2019-12-02 01:00:00,0.0,0.1455,55.051144841732594
2019-12-02 02:00:00,0.0,0.1687,21.300524935895087
2019-12-02 03:00:00,0.0,0.1892,55.399982144533915
2019-12-02 04:00:00,0.0,0.2067,38.099583338356425
2019-12-02 05:00:00,0.0,0.2225,24.340768017491335
2019-12-02 06:00:00,0.0,0.2357,40.60352274797792
2019-12-02 07:00:00,0.0086,0.2482,39.25898598940585
2019-12-02 08:00:00,0.0487,0.2425,41.046201099942465
2019-12-02 09:00:00,0.0943,0.2386,45.234900844694515
2019-12-02 10:00:00,0.1288,0.2368,41.1893587979258
2019-12-02 11:00:00,0.1363,0.2398,47.02721409465797
2019-12-02 12:00:00,0.1126,0.249,58.29566404783837
2019-12-02 13:00:00,0.0666,0.2582,52.05032938460807
2019-12-02 14:00:00,0.0201,0.2725,37.633736921015
2019-12-02 15:00:00,0.0006,0.3076,57.96481777719837
2019-12-02 16:00:00,0.0,0.313,37.960335303676466
2019-12-02 17:00:00,0.0,0.3033,33.030544861808494
2019-12-02 18:00:00,0.0,0.2932,61.588511767661615
2019-12-02 19:00:00,0.0,0.2746,46.18627473599835
2019-12-02 20:00:00,0.0,0.2423,2.4264631379068575
2019-12-02 21:00:00,0.0,0.2129,28.30208716580376
2019-12-02 22:00:00,0.0,0.1858,13.508561453387891
2019-12-02 23:00:00,0.0,0.1554,30.749130264743343
2019-12-03 00:00:00,0.0,0.1302,56.22689556958319
2019-12-03 01:00:00,0.0,0.1219,55.843435128519616
2019-12-03 02:00:00,0.0,0.1116,36.460564518567125
2019-12-03 03:00:00,0.0,0.0971,55.729034440517104
2019-12-03 04:00:00,0.0,0.0858,41.398929560792354
2019-12-03 05:00:00,0.0,0.0778,34.40474335617909
2019-12-03 06:00:00,0.0,0.0806,49.27340974174057
2019-12-03 07:00:00,0.0104,0.0821,62.55366047792599
2019-12-03 08:00:00,0.0526,0.0867,51.15862516742051
2019-12-03 09:00:00,0.0962,0.1022,-15.904566318344001
2019-12-03 10:00:00,0.133,0.112,43.374812369832085
2019-12-03 11:00:00,0.1446,0.1239,29.45654859621763
2019-12-03 12:00:00,0.1288,0.1369,19.292421376218957
2019-12-03 13:00:00,0.0845,0.1491,47.08679887323676
2019-12-03 14:00:00,0.0282,0.1637,66.4828570226361
2019-12-03 15:00:00,0.0007,0.1877,33.46203863293282
2019-12-03 16:00:00,0.0,0.2192,34.10580223603173
2019-12-03 17:00:00,0.0,0.2474,-32.83221821479644
2019-12-03 18:00:00,0.0,0.2732,28.92152353728394
2019-12-03 19:00:00,0.0,0.2944,-19.386440555341636
2019-12-03 20:00:00,0.0,0.3109,63.587665596150394
2019-12-03 21:00:00,0.0,0.3176,24.599218602868696
2019-12-03 22:00:00,0.0,0.3122,25.32072421942521
2019-12-03 23:00:00,0.0,0.3014,29.566053743918896
2019-12-04 00:00:00,0.0,0.2904,28.4633281423625
2019-12-04 01:00:00,0.0,0.2767,17.374975845355575
2019-12-04 02:00:00,0.0,0.258,28.96691641828275
2019-12-04 03:00:00,0.0,0.2357,33.99559937669596
2019-12-04 04:00:00,0.0,0.2216,29.167571217711057
2019-12-04 05:00:00,0.0,0.212,-6.356573090655732
2019-12-04 06:00:00,0.0,0.2036,23.28005222636038
2019-12-04 07:00:00,0.0212,0.1962,61.21407486312453
2019-12-04 08:00:00,0.096,0.1808,32.737231811308696
2019-12-04 09:00:00,0.1754,0.1525,52.61978943166094
2019-12-04 10:00:00,0.2308,0.1277,58.919447479825315
2019-12-04 11:00:00,0.2451,0.1155,57.72924977921644
2019-12-04 12:00:00,0.2128,0.1056,82.30347633791158
2019-12-04 13:00:00,0.137,0.103,45.670961141686256
2019-12-04 14:00:00,0.0446,0.11,58.28900360829025
2019-12-04 15:00:00,0.0012,0.1313,37.891875559308005
2019-12-04 16:00:00,0.0,0.1497,43.52452201294396
2019-12-04 17:00:00,0.0,0.1608,39.94073378627884
2019-12-04 18:00:00,0.0,0.1673,58.35764612084712
2019-12-04 19:00:00,0.0,0.1619,52.80388424103497
2019-12-04 20:00:00,0.0,0.1549,7.3231147284558915
2019-12-04 21:00:00,0.0,0.1404,22.135565936772952
2019-12-04 22:00:00,0.0,0.1384,27.741450226928002
2019-12-04 23:00:00,0.0,0.137,-10.990707974078035
2019-12-05 00:00:00,0.0,0.1408,38.83141128215992
2019-12-05 01:00:00,0.0,0.1387,42.4646812249523
2019-12-05 02:00:00,0.0,0.1492,35.37782844517215
2019-12-05 03:00:00,0.0,0.1612,43.24420061022176
2019-12-05 04:00:00,0.0,0.1808,36.35110698675602
2019-12-05 05:00:00,0.0,0.2028,56.984696895194254
2019-12-05 06:00:00,0.0,0.2122,35.436319532695
2019-12-05 07:00:00,0.0163,0.2124,43.56698520185252
2019-12-05 08:00:00,0.0817,0.2032,34.63609418202711
2019-12-05 09:00:00,0.1508,0.1906,58.111471290399756
2019-12-05 10:00:00,0.1923,0.1587,29.558304591059766
2019-12-05 11:00:00,0.1946,0.1406,52.13066998905005
2019-12-05 12:00:00,0.1589,0.1489,54.575837434829204
2019-12-05 13:00:00,0.0948,0.1783,46.0029292255899
2019-12-05 14:00:00,0.0263,0.2361,30.7967518790183
2019-12-05 15:00:00,0.0006,0.3098,34.53923998486837
2019-12-05 16:00:00,0.0,0.3776,34.371024175486866
2019-12-05 17:00:00,0.0,0.4191,56.15185322481243
2019-12-05 18:00:00,0.0,0.452,34.046229731383555
2019-12-05 19:00:00,0.0,0.4834,31.867701131940752
2019-12-05 20:00:00,0.0,0.5167,57.36014453436635
2019-12-05 21:00:00,0.0,0.5268,-20.423480967321105
2019-12-05 22:00:00,0.0,0.5591,28.306059245604253
2019-12-05 23:00:00,0.0,0.5918,40.40204077517889
2019-12-06 00:00:00,0.0,0.6064,41.11235728774174
2019-12-06 01:00:00,0.0,0.6142,-37.84841999566921
2019-12-06 02:00:00,0.0,0.6176,75.93295257403307
2019-12-06 03:00:00,0.0,0.6244,47.77942929162822
2019-12-06 04:00:00,0.0,0.6219,-19.695979547407795
2019-12-06 05:00:00,0.0,0.65,37.214623323036015
2019-12-06 06:00:00,0.0,0.6517,34.59111356090333
2019-12-06 07:00:00,0.0118,0.65,45.00830262982448
2019-12-06 08:00:00,0.0558,0.6526,51.12584548501401
2019-12-06 09:00:00,0.0996,0.6604,56.83957576768303
2019-12-06 10:00:00,0.1249,0.67,50.472180852858855
2019-12-06 11:00:00,0.1282,0.6711,42.27848648034406
2019-12-06 12:00:00,0.1087,0.6751,50.00990193483339
2019-12-06 13:00:00,0.0674,0.6827,30.188080796236456
2019-12-06 14:00:00,0.0207,0.7056,68.56428675703651
2019-12-06 15:00:00,0.0003,0.7353,57.935914916186
2019-12-06 16:00:00,0.0,0.7596,48.29875904528973
2019-12-06 17:00:00,0.0,0.78,45.228480972591086
2019-12-06 18:00:00,0.0,0.7967,42.60377606103995
2019-12-06 19:00:00,0.0,0.8104,44.75780300111185
2019-12-06 20:00:00,0.0,0.8054,28.38821766230734
2019-12-06 21:00:00,0.0,0.7868,-36.20748897571521
2019-12-06 22:00:00,0.0,0.7868,26.79147896513568
2019-12-06 23:00:00,0.0,0.7806,58.17415543194275
2019-12-07 00:00:00,0.0,0.768,32.22262553443005
2019-12-07 01:00:00,0.0,0.766,38.1297416640966
2019-12-07 02:00:00,0.0,0.7625,50.65135014570019
2019-12-07 03:00:00,0.0,0.76,67.64787858430117
2019-12-07 04:00:00,0.0,0.764,26.839241726539917
2019-12-07 05:00:00,0.0,0.7655,46.61273153822867
2019-12-07 06:00:00,0.0,0.7715,29.69190483810103
2019-12-07 07:00:00,0.0051,0.7386,58.03867281408176
2019-12-07 08:00:00,0.0323,0.7107,47.31695596708858
2019-12-07 09:00:00,0.0615,0.6903,49.54200781562008
2019-12-07 10:00:00,0.0791,0.6725,49.94162112023707
2019-12-07 11:00:00,0.0796,0.6545,53.67245876515576
2019-12-07 12:00:00,0.0688,0.6158,-49.91077303313367
2019-12-07 13:00:00,0.0412,0.5829,63.79337702001021
2019-12-07 14:00:00,0.0122,0.5746,-31.253376058356356
2019-12-07 15:00:00,0.0002,0.5595,38.280519289585804
2019-12-07 16:00:00,0.0,0.563,62.44698047596365
2019-12-07 17:00:00,0.0,0.5531,33.55678234914496
2019-12-07 18:00:00,0.0,0.554,43.782235393967426
2019-12-07 19:00:00,0.0,0.5615,62.05845821391783
2019-12-07 20:00:00,0.0,0.5721,34.75847018914789
2019-12-07 21:00:00,0.0,0.5673,44.832324021176305
2019-12-07 22:00:00,0.0,0.5836,44.625308724444196
2019-12-07 23:00:00,0.0,0.5965,32.61126796650814
2019-12-08 00:00:00,0.0,0.599,42.57817388968115
2019-12-08 01:00:00,0.0,0.6112,55.37538155085075
2019-12-08 02:00:00,0.0,0.6288,17.06719603255466
2019-12-08 03:00:00,0.0,0.65,39.801829609677036
2019-12-08 04:00:00,0.0,0.6737,43.3697958322221
2019-12-08 05:00:00,0.0,0.7086,43.144616270793506
2019-12-08 06:00:00,0.0,0.7476,54.849284530667916
2019-12-08 07:00:00,0.0106,0.7774,18.2334825274256
2019-12-08 08:00:00,0.0476,0.8028,64.51063786117894
2019-12-08 09:00:00,0.0842,0.7938,51.882047081412296
2019-12-08 10:00:00,0.1035,0.8097,42.67741008374561
2019-12-08 11:00:00,0.0973,0.8369,51.110812044824634
2019-12-08 12:00:00,0.0765,0.8412,51.8478594336551
2019-12-08 13:00:00,0.0433,0.8308,38.55718468777404
2019-12-08 14:00:00,0.0128,0.836,62.89369698745009
2019-12-08 15:00:00,0.0003,0.8397,77.97549911837572
2019-12-08 16:00:00,0.0,0.8177,34.15569630630857
2019-12-08 17:00:00,0.0,0.7805,48.982461849829164
2019-12-08 18:00:00,0.0,0.7585,63.78982667126405
2019-12-08 19:00:00,0.0,0.7453,45.653474732781696
2019-12-08 20:00:00,0.0,0.7337,36.82583271176311
2019-12-08 21:00:00,0.0,0.6882,28.029326205623487
2019-12-08 22:00:00,0.0,0.6812,28.98923618942007
2019-12-08 23:00:00,0.0,0.6773,30.834601736113157
2019-12-09 00:00:00,0.0,0.6861,65.51721560348548
2019-12-09 01:00:00,0.0,0.6954,27.138036595658345
2019-12-09 02:00:00,0.0,0.6923,59.31262537947947
2019-12-09 03:00:00,0.0,0.6759,46.10360088517294
2019-12-09 04:00:00,0.0,0.6627,40.7447528810197
2019-12-09 05:00:00,0.0,0.6803,38.1092768681361
2019-12-09 06:00:00,0.0,0.6633,-49.22732180515143
2019-12-09 07:00:00,0.0085,0.6326,37.67759019370108
2019-12-09 08:00:00,0.0528,0.6016,69.26098269119863
2019-12-09 09:00:00,0.103,0.5722,63.715305565078545
2019-12-09 10:00:00,0.1327,0.5377,44.9659992433732
2019-12-09 11:00:00,0.1266,0.506,71.25272885623517
2019-12-09 12:00:00,0.0966,0.4565,48.04636594754335
2019-12-09 13:00:00,0.0515,0.4051,31.700610798884604
2019-12-09 14:00:00,0.0123,0.4005,33.492330611402686
2019-12-09 15:00:00,0.0002,0.4282,42.13243580442455
2019-12-09 16:00:00,0.0,0.4847,51.59388126914806
2019-12-09 17:00:00,0.0,0.5088,49.73599605192764
2019-12-09 18:00:00,0.0,0.5494,33.047396550940896
2019-12-09 19:00:00,0.0,0.5849,23.299566346564724
2019-12-09 20:00:00,0.0,0.606,47.24767993991217
2019-12-09 21:00:00,0.0,0.5917,73.18306849673128
2019-12-09 22:00:00,0.0,0.5962,18.635160728081857
2019-12-09 23:00:00,0.0,0.5963,31.55255402279683
2019-12-10 00:00:00,0.0,0.5685,44.14509302015107
2019-12-10 01:00:00,0.0,0.5301,37.258423324628204
2019-12-10 02:00:00,0.0,0.4876,45.52853863377088
2019-12-10 03:00:00,0.0,0.4449,39.92493399955638
2019-12-10 04:00:00,0.0,0.406,37.250201323499816
2019-12-10 05:00:00,0.0,0.3732,62.884853218596874
2019-12-10 06:00:00,0.0,0.3181,56.236177878627885
2019-12-10 07:00:00,0.0119,0.2776,45.14077496778893
2019-12-10 08:00:00,0.0718,0.2379,31.794033212365946
2019-12-10 09:00:00,0.138,0.1902,56.85673908631906
2019-12-10 10:00:00,0.1872,0.1566,48.02053119912152
2019-12-10 11:00:00,0.1914,0.1631,47.759491330224904
2019-12-10 12:00:00,0.1592,0.1947,35.71935224763105
2019-12-10 13:00:00,0.1003,0.2203,-29.83232354762117
2019-12-10 14:00:00,0.0298,0.2702,45.28673605721199
2019-12-10 15:00:00,0.0006,0.3503,29.52918666495097
2019-12-10 16:00:00,0.0,0.4379,61.08337951949572
2019-12-10 17:00:00,0.0,0.5198,51.28428342462776
2019-12-10 18:00:00,0.0,0.5787,48.60717753059719
2019-12-10 19:00:00,0.0,0.6123,21.040455447752862
2019-12-10 20:00:00,0.0,0.6482,34.42738537368777
2019-12-10 21:00:00,0.0,0.6555,20.024995111977617
2019-12-10 22:00:00,0.0,0.6745,29.04683613833628
2019-12-10 23:00:00,0.0,0.6901,35.405622460136264
2019-12-11 00:00:00,0.0,0.6868,53.904595853403336
2019-12-11 01:00:00,0.0,0.6704,53.06165082866742
2019-12-11 02:00:00,0.0,0.6436,52.5360570774911
2019-12-11 03:00:00,0.0,0.6052,43.06791680380137
2019-12-11 04:00:00,0.0,0.5579,17.001288913425903
2019-12-11 05:00:00,0.0,0.521,62.31783210920521
2019-12-11 06:00:00,0.0,0.4627,37.60730530332813
2019-12-11 07:00:00,0.0118,0.4033,38.72446302583832
2019-12-11 08:00:00,0.0473,0.3476,49.123838174924515
2019-12-11 09:00:00,0.0775,0.3009,44.90125205832918
2019-12-11 10:00:00,0.0906,0.2626,80.29119237660804
2019-12-11 11:00:00,0.0868,0.2276,29.23967730439274
2019-12-11 12:00:00,0.0672,0.1884,68.38821992514356
2019-12-11 13:00:00,0.0345,0.1652,37.91080937162339
2019-12-11 14:00:00,0.0086,0.1573,-13.954489577504868
2019-12-11 15:00:00,0.0001,0.1566,52.06184634055186
2019-12-11 16:00:00,0.0,0.167,50.9075734595402
2019-12-11 17:00:00,0.0,0.1789,43.93493488659427
2019-12-11 18:00:00,0.0,0.1848,38.19449094371488
2019-12-11 19:00:00,0.0,0.1877,42.669133971033325
2019-12-11 20:00:00,0.0,0.1897,33.533932782058564
2019-12-11 21:00:00,0.0,0.1887,35.09722492498657
2019-12-11 22:00:00,0.0,0.1902,33.09124657776752
2019-12-11 23:00:00,0.0,0.1854,31.74145451142424
2019-12-12 00:00:00,0.0,0.1892,48.52269068754438
2019-12-12 01:00:00,0.0,0.186,50.333381160696035
2019-12-12 02:00:00,0.0,0.1889,44.208297187994496
2019-12-12 03:00:00,0.0,0.1897,-46.6247394297457
2019-12-12 04:00:00,0.0,0.1905,23.450989868210264
2019-12-12 05:00:00,0.0,0.1856,44.37531859238751
2019-12-12 06:00:00,0.0,0.1896,43.200851042100666
2019-12-12 07:00:00,0.0027,0.1985,48.48824161476587
2019-12-12 08:00:00,0.0187,0.212,36.58021182360037
2019-12-12 09:00:00,0.041,0.2185,30.482362371901196
2019-12-12 10:00:00,0.0635,0.2207,50.40922871516853
2019-12-12 11:00:00,0.0738,0.2201,49.99035691297912
2019-12-12 12:00:00,0.0668,0.2133,26.40780697342766
2019-12-12 13:00:00,0.0462,0.2137,85.50648434674142
2019-12-12 14:00:00,0.015,0.2156,63.33606086320705
2019-12-12 15:00:00,0.0004,0.2476,31.31988737003758
2019-12-12 16:00:00,0.0,0.3008,62.78745515197346
2019-12-12 17:00:00,0.0,0.3476,25.570237152400686
2019-12-12 18:00:00,0.0,0.3855,23.021214367975073
2019-12-12 19:00:00,0.0,0.4198,44.0057982293618
2019-12-12 20:00:00,0.0,0.4591,42.503215757370995
2019-12-12 21:00:00,0.0,0.4842,25.049357279660907
2019-12-12 22:00:00,0.0,0.5258,41.99114224243114
2019-12-12 23:00:00,0.0,0.5549,31.84605713400478
2019-12-13 00:00:00,0.0,0.5831,37.297921924436146
2019-12-13 01:00:00,0.0,0.6,37.05646527482807
2019-12-13 02:00:00,0.0,0.6064,38.54469315437248
2019-12-13 03:00:00,0.0,0.6072,69.0641164980527
2019-12-13 04:00:00,0.0,0.603,51.16455943129435
2019-12-13 05:00:00,0.0,0.6068,48.0843559894808
2019-12-13 06:00:00,0.0,0.5746,48.191661139050176
2019-12-13 07:00:00,0.0058,0.5308,55.58205208845763
2019-12-13 08:00:00,0.0332,0.4844,-16.48032308640105
2019-12-13 09:00:00,0.0584,0.4445,40.96036330217716
2019-12-13 10:00:00,0.068,0.4113,74.79930113355695
2019-12-13 11:00:00,0.0672,0.3822,49.882789149171096
2019-12-13 12:00:00,0.0563,0.3575,59.6511748138071
2019-12-13 13:00:00,0.0368,0.3407,66.28838024463894
2019-12-13 14:00:00,0.01,0.3361,44.771957426499455
2019-12-13 15:00:00,0.0002,0.325,57.58196170406776
2019-12-13 16:00:00,0.0,0.3175,50.090974493856635
2019-12-13 17:00:00,0.0,0.3185,39.70636932415133
2019-12-13 18:00:00,0.0,0.3282,43.283463148088025
2019-12-13 19:00:00,0.0,0.3365,16.317773914657728
2019-12-13 20:00:00,0.0,0.3317,35.717232294182644
2019-12-13 21:00:00,0.0,0.3535,43.13898208253635
2019-12-13 22:00:00,0.0,0.3861,30.845250354121028
2019-12-13 23:00:00,0.0,0.4198,22.670708505355293
2019-12-14 00:00:00,0.0,0.4392,28.12698156142063
2019-12-14 01:00:00,0.0,0.4594,33.37516595494617
2019-12-14 02:00:00,0.0,0.4767,43.809665930102305
2019-12-14 03:00:00,0.0,0.4786,-11.156879894482282
2019-12-14 04:00:00,0.0,0.4838,67.60096103365132
2019-12-14 05:00:00,0.0,0.5053,58.0475918839504
2019-12-14 06:00:00,0.0,0.5216,33.622447455683776
2019-12-14 07:00:00,0.0026,0.5634,21.453791551156712
2019-12-14 08:00:00,0.0263,0.6004,31.16462645661978
2019-12-14 09:00:00,0.0599,0.6328,43.313597733446194
2019-12-14 10:00:00,0.0875,0.6825,67.61383500430858
2019-12-14 11:00:00,0.0987,0.7284,38.492982923205055
2019-12-14 12:00:00,0.0882,0.772,39.363684934611925
2019-12-14 13:00:00,0.0608,0.7874,-32.05997974320656
2019-12-14 14:00:00,0.02,0.7867,47.94663501501849
2019-12-14 15:00:00,0.0003,0.799,39.369127856325804
2019-12-14 16:00:00,0.0,0.811,45.97663648898516
2019-12-14 17:00:00,0.0,0.8159,33.155323886073816
2019-12-14 18:00:00,0.0,0.8049,56.57683766347505
2019-12-14 19:00:00,0.0,0.8054,43.94229603387783
2019-12-14 20:00:00,0.0,0.8008,31.477036121680435
2019-12-14 21:00:00,0.0,0.7678,48.222161808895
2019-12-14 22:00:00,0.0,0.7312,35.447129566938926
2019-12-14 23:00:00,0.0,0.6698,32.411794689443944
2019-12-15 00:00:00,0.0,0.5864,53.17610412849528
2019-12-15 01:00:00,0.0,0.5324,32.62966252261629
2019-12-15 02:00:00,0.0,0.5272,25.491198414918724
2019-12-15 03:00:00,0.0,0.5642,55.35586948604473
2019-12-15 04:00:00,0.0,0.6308,33.13550468046842
2019-12-15 05:00:00,0.0,0.6479,28.71784237186817
2019-12-15 06:00:00,0.0,0.7036,22.637416457198178
2019-12-15 07:00:00,0.0066,0.772,32.803830816261595
2019-12-15 08:00:00,0.037,0.8264,67.5235321130221
2019-12-15 09:00:00,0.0848,0.8298,38.533269767786635
2019-12-15 10:00:00,0.1224,0.8245,42.319757622683575
2019-12-15 11:00:00,0.1324,0.8111,67.32758214558636
2019-12-15 12:00:00,0.105,0.7615,47.2493955583538
2019-12-15 13:00:00,0.0572,0.7147,34.30275897668217
2019-12-15 14:00:00,0.0124,0.703,33.91616558405428
2019-12-15 15:00:00,0.0002,0.7031,39.03027041366671
2019-12-15 16:00:00,0.0,0.708,53.078115429727085
2019-12-15 17:00:00,0.0,0.6898,58.8151261853325
2019-12-15 18:00:00,0.0,0.6657,40.96607151908804
2019-12-15 19:00:00,0.0,0.6474,13.135801762731226
2019-12-15 20:00:00,0.0,0.6149,36.013088256874276
2019-12-15 21:00:00,0.0,0.5513,-7.095720534309269
2019-12-15 22:00:00,0.0,0.4999,40.700923373242155
2019-12-15 23:00:00,0.0,0.4542,42.645054890107836
2019-12-16 00:00:00,0.0,0.4148,33.46313238566597
2019-12-16 01:00:00,0.0,0.3989,37.17322171823683
2019-12-16 02:00:00,0.0,0.3872,50.92832887819333
2019-12-16 03:00:00,0.0,0.3937,47.561561485966806
2019-12-16 04:00:00,0.0,0.3866,40.90185219974914
2019-12-16 05:00:00,0.0,0.4022,65.79482981498458
2019-12-16 06:00:00,0.0,0.4017,20.882881597167014
2019-12-16 07:00:00,0.0061,0.4053,-48.184097124991226
2019-12-16 08:00:00,0.044,0.3956,30.143880378782764
2019-12-16 09:00:00,0.0854,0.3616,45.65002088536065
2019-12-16 10:00:00,0.1067,0.3147,51.51071374737118
2019-12-16 11:00:00,0.1267,0.2728,-28.313636958050733
2019-12-16 12:00:00,0.1121,0.2285,65.39573709050447
2019-12-16 13:00:00,0.0595,0.2034,76.97406035624871
2019-12-16 14:00:00,0.0149,0.2007,36.0567555105882
2019-12-16 15:00:00,0.0002,0.2134,62.132321298489884
2019-12-16 16:00:00,0.0,0.236,56.81756738339858
2019-12-16 17:00:00,0.0,0.251,30.31457637178781
2019-12-16 18:00:00,0.0,0.2651,33.76645970525051
2019-12-16 19:00:00,0.0,0.2635,24.031041931918423
2019-12-16 20:00:00,0.0,0.2609,35.959571356101875
2019-12-16 21:00:00,0.0,0.2472,28.559508927636035
2019-12-16 22:00:00,0.0,0.249,48.05198106630249
2019-12-16 23:00:00,0.0,0.2563,53.22308752773364
2019-12-17 00:00:00,0.0,0.2813,26.902034201284273
2019-12-17 01:00:00,0.0,0.3027,23.59504137248845
2019-12-17 02:00:00,0.0,0.3139,44.70407938565337
2019-12-17 03:00:00,0.0,0.3513,43.72305347062432
2019-12-17 04:00:00,0.0,0.3735,41.90765226802579
2019-12-17 05:00:00,0.0,0.3953,32.829864337553936
2019-12-17 06:00:00,0.0,0.4206,57.401951865128865
2019-12-17 07:00:00,0.0055,0.4412,29.82555459173486
2019-12-17 08:00:00,0.048,0.441,53.38076666202805
2019-12-17 09:00:00,0.1011,0.4286,65.24069717832845
2019-12-17 10:00:00,0.1443,0.4108,23.95797346793494
2019-12-17 11:00:00,0.1556,0.396,32.244596435026864
2019-12-17 12:00:00,0.1243,0.3843,35.822931275516986
2019-12-17 13:00:00,0.0628,0.3854,45.567601007563326
2019-12-17 14:00:00,0.0179,0.4223,49.27549457520525
2019-12-17 15:00:00,0.0004,0.4912,49.32876304570271
2019-12-17 16:00:00,0.0,0.5314,50.289559873549706
2019-12-17 17:00:00,0.0,0.545,48.55010541903813
2019-12-17 18:00:00,0.0,0.5588,61.546735304444
2019-12-17 19:00:00,0.0,0.5731,32.716316298233934
2019-12-17 20:00:00,0.0,0.5836,35.17958071477161
2019-12-17 21:00:00,0.0,0.5908,13.659846829867469
2019-12-17 22:00:00,0.0,0.62,21.457813708343792
2019-12-17 23:00:00,0.0,0.6244,13.474975834160752
2019-12-18 00:00:00,0.0,0.6244,32.15912228285576
2019-12-18 01:00:00,0.0,0.6033,37.06559364233028
2019-12-18 02:00:00,0.0,0.5345,48.455307780534156
2019-12-18 03:00:00,0.0,0.4874,41.89276611234159
2019-12-18 04:00:00,0.0,0.4518,44.333776258439855
2019-12-18 05:00:00,0.0,0.4214,55.03237292463635
2019-12-18 06:00:00,0.0,0.3601,59.35049217161236
2019-12-18 07:00:00,0.0043,0.2901,49.90036185301729
2019-12-18 08:00:00,0.034,0.2355,57.8802075009354
2019-12-18 09:00:00,0.0771,0.1972,46.06371656103761
2019-12-18 10:00:00,0.1199,0.1693,46.05048390865574
2019-12-18 11:00:00,0.1316,0.1525,46.27689858910877
2019-12-18 12:00:00,0.1206,0.1291,56.8286498161672
2019-12-18 13:00:00,0.0843,0.1058,40.260474174647335
2019-12-18 14:00:00,0.0284,0.0889,34.31822711542613
2019-12-18 15:00:00,0.0008,0.0898,42.72559004607515
2019-12-18 16:00:00,0.0,0.1088,46.96179883156571
2019-12-18 17:00:00,0.0,0.1458,35.596254223075256
2019-12-18 18:00:00,0.0,0.1966,39.91801670077668
2019-12-18 19:00:00,0.0,0.233,56.16716551362294
2019-12-18 20:00:00,0.0,0.2699,92.36889224459324
2019-12-18 21:00:00,0.0,0.2822,27.511106952697556
2019-12-18 22:00:00,0.0,0.3063,34.69218282880986
2019-12-18 23:00:00,0.0,0.3325,54.026543334144876
2019-12-19 00:00:00,0.0,0.3594,35.75184282129693
2019-12-19 01:00:00,0.0,0.3914,51.82225454515421
2019-12-19 02:00:00,0.0,0.4192,45.221039084866
2019-12-19 03:00:00,0.0,0.444,51.810683553702106
2019-12-19 04:00:00,0.0,0.4577,50.1874254753507
2019-12-19 05:00:00,0.0,0.4641,42.457375672189315
2019-12-19 06:00:00,0.0,0.4506,46.544115815060174
2019-12-19 07:00:00,0.0062,0.4318,22.824240934244937
2019-12-19 08:00:00,0.0558,0.4044,46.83894361684627
2019-12-19 09:00:00,0.1213,0.377,40.816009720782496
2019-12-19 10:00:00,0.1736,0.3399,41.8346713293018
2019-12-19 11:00:00,0.1894,0.2954,31.938703151465045
2019-12-19 12:00:00,0.1602,0.2776,69.11310081279001
2019-12-19 13:00:00,0.1012,0.273,49.49315561228245
2019-12-19 14:00:00,0.0332,0.3038,35.744640532854625
2019-12-19 15:00:00,0.0009,0.363,53.994230357067295
2019-12-19 16:00:00,0.0,0.4093,26.209954400712693
2019-12-19 17:00:00,0.0,0.4436,41.26087216103567
2019-12-19 18:00:00,0.0,0.4514,29.242737725205437
2019-12-19 19:00:00,0.0,0.4292,42.16398923726332
2019-12-19 20:00:00,0.0,0.4078,57.38430793761729
2019-12-19 21:00:00,0.0,0.3966,33.08577849311839
2019-12-19 22:00:00,0.0,0.4008,23.199110568027578
2019-12-19 23:00:00,0.0,0.3861,18.965931382441063
2019-12-20 00:00:00,0.0,0.3916,48.1102383903594
2019-12-20 01:00:00,0.0,0.3963,-27.651962070721627
2019-12-20 02:00:00,0.0,0.4034,20.50129991585088
2019-12-20 03:00:00,0.0,0.4317,28.62955086107
2019-12-20 04:00:00,0.0,0.468,24.8616740302958
2019-12-20 05:00:00,0.0,0.4864,49.47148753120623
2019-12-20 06:00:00,0.0,0.5041,24.74440982023563
2019-12-20 07:00:00,0.0104,0.5197,49.10355715077412
2019-12-20 08:00:00,0.0663,0.5249,58.065659170868834
2019-12-20 09:00:00,0.1098,0.5197,55.83166959249339
2019-12-20 10:00:00,0.1202,0.5156,31.55729998100546
2019-12-20 11:00:00,0.115,0.5021,43.605432006239944
2019-12-20 12:00:00,0.0812,0.5002,44.00977936763552
2019-12-20 13:00:00,0.0379,0.5104,51.05955216100993
2019-12-20 14:00:00,0.0071,0.5114,88.47617734463424
2019-12-20 15:00:00,0.0,0.5272,32.929836544718476
2019-12-20 16:00:00,0.0,0.5257,39.46134600556338
2019-12-20 17:00:00,0.0,0.5132,41.31595001633474
2019-12-20 18:00:00,0.0,0.4976,41.719130835139616
2019-12-20 19:00:00,0.0,0.4746,52.04886751542469
2019-12-20 20:00:00,0.0,0.4538,45.64254803794206
2019-12-20 21:00:00,0.0,0.4321,15.253411753412113
2019-12-20 22:00:00,0.0,0.4176,41.15171324188174
2019-12-20 23:00:00,0.0,0.4207,-21.730876876410207
2019-12-21 00:00:00,0.0,0.4207,66.30549010325642
2019-12-21 01:00:00,0.0,0.4142,44.99507230243342
2019-12-21 02:00:00,0.0,0.4069,-31.69884951664122
2019-12-21 03:00:00,0.0,0.371,35.37941408370125
2019-12-21 04:00:00,0.0,0.3384,41.568022956158956
2019-12-21 05:00:00,0.0,0.3078,36.85527506888441
2019-12-21 06:00:00,0.0,0.2849,44.763448917185194
2019-12-21 07:00:00,0.0046,0.2799,33.4008886689214
2019-12-21 08:00:00,0.0437,0.2732,47.02121615292383
2019-12-21 09:00:00,0.0929,0.2513,-41.88877058440056
2019-12-21 10:00:00,0.1327,0.2291,-5.891484869367938
2019-12-21 11:00:00,0.1393,0.204,62.414937960226816
2019-12-21 12:00:00,0.1138,0.196,59.42537826277533
2019-12-21 13:00:00,0.0726,0.1945,39.4798225204499
2019-12-21 14:00:00,0.0232,0.1998,58.01356548544698
2019-12-21 15:00:00,0.0007,0.2492,43.01208878480018
2019-12-21 16:00:00,0.0,0.3032,34.09568891707954
2019-12-21 17:00:00,0.0,0.3154,31.391748776458247
2019-12-21 18:00:00,0.0,0.3024,37.47762539479517
2019-12-21 19:00:00,0.0,0.2859,44.65074389417057
2019-12-21 20:00:00,0.0,0.2761,34.777129912588634
2019-12-21 21:00:00,0.0,0.2776,44.66016592175545
2019-12-21 22:00:00,0.0,0.305,25.90118591028255
2019-12-21 23:00:00,0.0,0.3255,51.2620365307665
2019-12-22 00:00:00,0.0,0.3486,15.005281306535423
2019-12-22 01:00:00,0.0,0.3578,50.665533551726384
2019-12-22 02:00:00,0.0,0.358,28.157412314932895
2019-12-22 03:00:00,0.0,0.3549,25.235786655526553
2019-12-22 04:00:00,0.0,0.3388,42.43975344546279
2019-12-22 05:00:00,0.0,0.3248,32.37725886031647
2019-12-22 06:00:00,0.0,0.3245,46.26061311964798
2019-12-22 07:00:00,0.0024,0.3176,61.921285546306805
2019-12-22 08:00:00,0.0219,0.2971,26.130441684454972
2019-12-22 09:00:00,0.0479,0.2704,47.81842657338778
2019-12-22 10:00:00,0.0664,0.2539,70.93218163807492
2019-12-22 11:00:00,0.0742,0.2383,38.24801186403447
2019-12-22 12:00:00,0.0596,0.2341,24.30778725869324
2019-12-22 13:00:00,0.0326,0.2441,62.576128713333034
2019-12-22 14:00:00,0.0092,0.2617,48.31302771627833
2019-12-22 15:00:00,0.0002,0.2978,33.89680643839442
2019-12-22 16:00:00,0.0,0.3347,53.97641956309816
2019-12-22 17:00:00,0.0,0.3608,55.93530575498505
2019-12-22 18:00:00,0.0,0.375,47.103328379379256
2019-12-22 19:00:00,0.0,0.3882,46.490502472096544
2019-12-22 20:00:00,0.0,0.4006,24.860151945886045
2019-12-22 21:00:00,0.0,0.4065,57.46577959905036
2019-12-22 22:00:00,0.0,0.4124,43.66053514611713
2019-12-22 23:00:00,0.0,0.4274,45.18725344849893
2019-12-23 00:00:00,0.0,0.4401,84.69961963955674
2019-12-23 01:00:00,0.0,0.4476,73.52305996525098
2019-12-23 02:00:00,0.0,0.4572,61.1944462539089
2019-12-23 03:00:00,0.0,0.4673,28.372036099780086
2019-12-23 04:00:00,0.0,0.4574,40.841534917456265
2019-12-23 05:00:00,0.0,0.4588,45.83080994131105
2019-12-23 06:00:00,0.0,0.4679,50.512672733508296
2019-12-23 07:00:00,0.0018,0.4714,61.395745407877776
2019-12-23 08:00:00,0.0196,0.4557,47.28043647946796
2019-12-23 09:00:00,0.0459,0.4598,43.30504795822449
2019-12-23 10:00:00,0.0676,0.4718,56.21025697799072
2019-12-23 11:00:00,0.072,0.4733,43.87469208323412
2019-12-23 12:00:00,0.0641,0.4671,51.47691517215833
2019-12-23 13:00:00,0.0427,0.4494,49.93589093616882
2019-12-23 14:00:00,0.0142,0.4286,37.845056295094764
2019-12-23 15:00:00,0.0004,0.4324,50.15634065160434
2019-12-23 16:00:00,0.0,0.4334,54.071750632238555
2019-12-23 17:00:00,0.0,0.4386,44.45936617658297
2019-12-23 18:00:00,0.0,0.4576,33.634443780174024
2019-12-23 19:00:00,0.0,0.4773,22.279934365568323
2019-12-23 20:00:00,0.0,0.4839,22.574372187150722
2019-12-23 21:00:00,0.0,0.4646,59.742457176816366
2019-12-23 22:00:00,0.0,0.4525,50.33537960884813
2019-12-23 23:00:00,0.0,0.442,34.79756307026089
2019-12-24 00:00:00,0.0,0.4302,41.956927799756805
2019-12-24 01:00:00,0.0,0.4172,37.83381259765345
2019-12-24 02:00:00,0.0,0.4146,44.5363121836649
2019-12-24 03:00:00,0.0,0.4049,24.69548365351664
2019-12-24 04:00:00,0.0,0.3928,39.008937073329676
2019-12-24 05:00:00,0.0,0.3868,35.116535187117286
2019-12-24 06:00:00,0.0,0.3774,42.352256644139935
2019-12-24 07:00:00,0.0062,0.3583,-23.791957693917805
2019-12-24 08:00:00,0.038,0.3504,61.42092258256583
2019-12-24 09:00:00,0.0704,0.3393,57.40781014096116
2019-12-24 10:00:00,0.0834,0.3199,121.20174889736363
2019-12-24 11:00:00,0.0798,0.3164,-24.77812817845023
2019-12-24 12:00:00,0.0568,0.3211,62.812751590857346
2019-12-24 13:00:00,0.0284,0.3461,32.519499690067946
2019-12-24 14:00:00,0.0094,0.3748,46.78330719044925
2019-12-24 15:00:00,0.0004,0.392,27.6966857434325
2019-12-24 16:00:00,0.0,0.4112,40.15557199605283
2019-12-24 17:00:00,0.0,0.4256,30.416058426196205
2019-12-24 18:00:00,0.0,0.4142,57.488443143862895
2019-12-24 19:00:00,0.0,0.4055,59.16886100286117
2019-12-24 20:00:00,0.0,0.3953,27.95912857422826
2019-12-24 21:00:00,0.0,0.3756,25.110732468604503
2019-12-24 22:00:00,0.0,0.3622,35.93729888347143
2019-12-24 23:00:00,0.0,0.3449,25.843504112813246
2019-12-25 00:00:00,0.0,0.3274,64.4298697577023
2019-12-25 01:00:00,0.0,0.3015,18.560224707563826
2019-12-25 02:00:00,0.0,0.2875,47.648387272138294
2019-12-25 03:00:00,0.0,0.2726,43.31605980366712
2019-12-25 04:00:00,0.0,0.259,47.40877290891257
2019-12-25 05:00:00,0.0,0.253,53.14566594566724
2019-12-25 06:00:00,0.0,0.2571,56.83146763399885
2019-12-25 07:00:00,0.0014,0.2518,38.763023603635524
2019-12-25 08:00:00,0.0153,0.246,31.583069364082125
2019-12-25 09:00:00,0.0373,0.2374,65.65120751544114
2019-12-25 10:00:00,0.0533,0.2386,49.70370959495746
2019-12-25 11:00:00,0.0557,0.2476,45.60362837808538
2019-12-25 12:00:00,0.0527,0.2528,48.59809813513509
2019-12-25 13:00:00,0.0367,0.2449,55.312692430176554
2019-12-25 14:00:00,0.0128,0.2265,59.227426203948596
2019-12-25 15:00:00,0.0004,0.2181,38.55590550740306
2019-12-25 16:00:00,0.0,0.2068,56.695550164677655
2019-12-25 17:00:00,0.0,0.2023,39.36987264601534
2019-12-25 18:00:00,0.0,0.1904,35.043283027824586
2019-12-25 19:00:00,0.0,0.1756,46.661058137152615
2019-12-25 20:00:00,0.0,0.1794,27.760314345222056
2019-12-25 21:00:00,0.0,0.1782,21.893157303074403
2019-12-25 22:00:00,0.0,0.1853,24.484677864823873
2019-12-25 23:00:00,0.0,0.1864,34.23990417420827
2019-12-26 00:00:00,0.0,0.191,58.132524513138996
2019-12-26 01:00:00,0.0,0.1757,44.682988353284806
2019-12-26 02:00:00,0.0,0.1616,-22.73541529678425
2019-12-26 03:00:00,0.0,0.1494,35.45521464894708
2019-12-26 04:00:00,0.0,0.1342,43.24613917396901
2019-12-26 05:00:00,0.0,0.1312,54.65311428642546
2019-12-26 06:00:00,0.0,0.1246,54.385034026755704
2019-12-26 07:00:00,0.0033,0.121,49.63605698805671
2019-12-26 08:00:00,0.0345,0.1202,50.026123001282485
2019-12-26 09:00:00,0.0831,0.1124,48.16392132271213
2019-12-26 10:00:00,0.1188,0.0937,25.741538276663615
2019-12-26 11:00:00,0.1287,0.0808,40.72761081885017
2019-12-26 12:00:00,0.1046,0.0681,46.75941117944775
2019-12-26 13:00:00,0.0532,0.0654,36.5652188189535
2019-12-26 14:00:00,0.0146,0.0591,51.81722563220563
2019-12-26 15:00:00,0.0005,0.061,69.23396066713876
2019-12-26 16:00:00,0.0,0.068,26.73322683345825
2019-12-26 17:00:00,0.0,0.0781,41.496138808520996
2019-12-26 18:00:00,0.0,0.086,46.7705057716157
2019-12-26 19:00:00,0.0,0.0933,47.571614662809225
2019-12-26 20:00:00,0.0,0.0938,55.63196657888126
2019-12-26 21:00:00,0.0,0.0951,28.208652672831235
2019-12-26 22:00:00,0.0,0.0958,35.51771039820019
2019-12-26 23:00:00,0.0,0.0927,37.34196308715926
2019-12-27 00:00:00,0.0,0.0915,60.96685744408635
2019-12-27 01:00:00,0.0,0.0933,37.366968847994805
2019-12-27 02:00:00,0.0,0.0985,58.36572863050025
2019-12-27 03:00:00,0.0,0.1062,36.72092228591536
2019-12-27 04:00:00,0.0,0.1204,56.98850830193702
2019-12-27 05:00:00,0.0,0.127,41.72037444592311
2019-12-27 06:00:00,0.0,0.136,40.1847248376683
2019-12-27 07:00:00,0.0014,0.1406,57.5594262911786
2019-12-27 08:00:00,0.0231,0.1301,25.24544708148247
2019-12-27 09:00:00,0.0612,0.1035,53.40687973127257
2019-12-27 10:00:00,0.0887,0.0876,55.644034125475024
2019-12-27 11:00:00,0.0936,0.0938,59.754534215282675
2019-12-27 12:00:00,0.0792,0.0974,52.53324023600597
2019-12-27 13:00:00,0.0504,0.0915,38.650497549735796
2019-12-27 14:00:00,0.0168,0.0734,58.667959658114555
2019-12-27 15:00:00,0.0004,0.0714,52.688394186628656
2019-12-27 16:00:00,0.0,0.0799,37.5248604186696
2019-12-27 17:00:00,0.0,0.078,42.17741511699367
2019-12-27 18:00:00,0.0,0.0869,42.70710996067527
2019-12-27 19:00:00,0.0,0.0992,54.399403128444035
2019-12-27 20:00:00,0.0,0.1086,32.06251095682703
2019-12-27 21:00:00,0.0,0.1028,31.074831534916594
2019-12-27 22:00:00,0.0,0.0907,34.632139184268375
2019-12-27 23:00:00,0.0,0.0736,29.92229303423504
2019-12-28 00:00:00,0.0,0.06,63.23414022913249
2019-12-28 01:00:00,0.0,0.0593,58.7372792170959
2019-12-28 02:00:00,0.0,0.0592,65.81672275631061
2019-12-28 03:00:00,0.0,0.0741,29.275082593490826
2019-12-28 04:00:00,0.0,0.0764,48.82765222963131
2019-12-28 05:00:00,0.0,0.0703,-13.058012054063754
2019-12-28 06:00:00,0.0,0.0698,42.16032872868788
2019-12-28 07:00:00,0.0047,0.0674,48.622648882573216
2019-12-28 08:00:00,0.0485,0.0707,55.27090924731458
2019-12-28 09:00:00,0.1046,0.0665,69.30641939240428
2019-12-28 10:00:00,0.1494,0.0594,32.66869501520518
2019-12-28 11:00:00,0.166,0.0505,18.42097634416941
2019-12-28 12:00:00,0.1359,0.0445,-27.245359384705115
2019-12-28 13:00:00,0.0805,0.0523,61.669758597258536
2019-12-28 14:00:00,0.0267,0.0676,45.87859043715203
2019-12-28 15:00:00,0.0011,0.0827,37.401309041597564
2019-12-28 16:00:00,0.0,0.0931,24.807935161505284
2019-12-28 17:00:00,0.0,0.1012,46.74579781647414
2019-12-28 18:00:00,0.0,0.1156,37.16858760915199
2019-12-28 19:00:00,0.0,0.124,19.5711893004998
2019-12-28 20:00:00,0.0,0.1324,31.87448157865375
2019-12-28 21:00:00,0.0,0.1479,37.894631080861906
2019-12-28 22:00:00,0.0,0.1656,16.883260982503554
2019-12-28 23:00:00,0.0,0.1592,57.1728537115455
2019-12-29 00:00:00,0.0,0.1512,45.544503153787986
2019-12-29 01:00:00,0.0,0.1506,41.95038873482591
2019-12-29 02:00:00,0.0,0.1548,47.26799515787107
2019-12-29 03:00:00,0.0,0.1535,29.832223874022578
2019-12-29 04:00:00,0.0,0.161,52.409483163735246
2019-12-29 05:00:00,0.0,0.1803,51.52770040513202
2019-12-29 06:00:00,0.0,0.182,59.87737389484745
2019-12-29 07:00:00,0.0091,0.185,54.23330301714424
2019-12-29 08:00:00,0.0789,0.1869,51.83725369126847
2019-12-29 09:00:00,0.1612,0.1715,-47.7745685786535
2019-12-29 10:00:00,0.2232,0.1488,37.2937798651463
2019-12-29 11:00:00,0.2354,0.1403,38.45168098659097
2019-12-29 12:00:00,0.2009,0.1326,44.08319513530998
2019-12-29 13:00:00,0.1307,0.1396,70.77516595493003
2019-12-29 14:00:00,0.0457,0.1556,66.0707932976463
2019-12-29 15:00:00,0.0021,0.193,58.40732286970393
2019-12-29 16:00:00,0.0,0.2332,43.59397715717256
2019-12-29 17:00:00,0.0,0.2635,54.56795474687618
2019-12-29 18:00:00,0.0,0.2938,43.86321490629696
2019-12-29 19:00:00,0.0,0.3064,32.51238547475105
2019-12-29 20:00:00,0.0,0.3315,32.64382007073243
2019-12-29 21:00:00,0.0,0.3426,63.99231306092483
2019-12-29 22:00:00,0.0,0.3626,33.6674748815769
2019-12-29 23:00:00,0.0,0.3801,65.10470858400254
2019-12-30 00:00:00,0.0,0.3852,48.5011265410828
2019-12-30 01:00:00,0.0,0.3933,29.851854380822925
2019-12-30 02:00:00,0.0,0.4167,45.99282419118945
2019-12-30 03:00:00,0.0,0.4367,52.35684010461834
2019-12-30 04:00:00,0.0,0.4476,49.494718717957895
2019-12-30 05:00:00,0.0,0.4601,45.228579768927
2019-12-30 06:00:00,0.0,0.4762,34.43098852533993
2019-12-30 07:00:00,0.0078,0.4976,48.009313135233825
2019-12-30 08:00:00,0.07,0.496,44.39707254898041
2019-12-30 09:00:00,0.1453,0.4902,54.6444364564101
2019-12-30 10:00:00,0.2073,0.46,50.22487900525739
2019-12-30 11:00:00,0.2274,0.4551,-18.814856105027914
2019-12-30 12:00:00,0.2033,0.4396,38.96548718586022
2019-12-30 13:00:00,0.1385,0.4323,48.06385168651286
2019-12-30 14:00:00,0.0518,0.4566,36.00948765419926
2019-12-30 15:00:00,0.0024,0.5254,56.03938171124003
2019-12-30 16:00:00,0.0,0.5669,39.634871171118625
2019-12-30 17:00:00,0.0,0.5958,-43.48022948758848
2019-12-30 18:00:00,0.0,0.6088,50.76192075809619
2019-12-30 19:00:00,0.0,0.6146,25.390026885545907
2019-12-30 20:00:00,0.0,0.608,25.685534623697524
2019-12-30 21:00:00,0.0,0.5872,38.32226061526285
2019-12-30 22:00:00,0.0,0.5724,29.67177633614208
2019-12-30 23:00:00,0.0,0.5724,59.59742780718446
2019-12-31 00:00:00,0.0,0.5724,34.55187066252559
2019-12-31 01:00:00,0.0,0.5724,40.26540678085403
2019-12-31 02:00:00,0.0,0.5724,50.35966859467602
2019-12-31 03:00:00,0.0,0.5724,55.0979922640135
2019-12-31 04:00:00,0.0,0.5724,56.043437366805094
2019-12-31 05:00:00,0.0,0.5724,19.22611578792537
2019-12-31 06:00:00,0.0,0.5724,35.075178723465825
2019-12-31 07:00:00,0.0,0.5724,32.47193016414803
2019-12-31 08:00:00,0.0,0.5724,73.2500014973788
2019-12-31 09:00:00,0.0,0.5724,45.27757454659085
2019-12-31 10:00:00,0.0,0.5724,49.50613700036912
2019-12-31 11:00:00,0.0,0.5724,65.56280552444424
2019-12-31 12:00:00,0.0,0.5724,43.8508322789895
2019-12-31 13:00:00,0.0,0.5724,38.46126026505694
2019-12-31 14:00:00,0.0,0.5724,49.121682471282654
2019-12-31 15:00:00,0.0,0.5724,49.96050587363018
2019-12-31 16:00:00,0.0,0.5724,50.3578236866697
2019-12-31 17:00:00,0.0,0.5724,50.49007279044115
2019-12-31 18:00:00,0.0,0.5724,45.39618951439869
2019-12-31 19:00:00,0.0,0.5724,38.55620227699588
2019-12-31 20:00:00,0.0,0.5724,-40.52636563654957
2019-12-31 21:00:00,0.0,0.5724,41.41778834579579
2019-12-31 22:00:00,0.0,0.5724,31.188287568779685
2019-12-31 23:00:00,0.0,0.5724,48.58429460071612
