solar_cf,wind_cf,price
0.0,0.223,28.7
0.0,0.251,28.7
0.0,0.268,28.7
0.0,0.27,28.7
0.0,0.256,28.7
0.0,0.227,28.7
0.0,0.205,28.7
0.0,0.196,28.7
0.0,0.192,28.7
0.022,0.177,28.7
0.047,0.168,28.7
0.058,0.152,28.7
0.052,0.131,28.7
0.037,0.121,28.7
0.016,0.123,28.7
0.0,0.156,28.7
0.0,0.2,28.7
0.0,0.216,28.7
0.0,0.21,28.7
0.0,0.193,28.7
0.0,0.175,28.7
0.0,0.152,28.7
0.0,0.126,28.7
0.0,0.112,28.7
0.0,0.117,28.7
0.0,0.135,28.7
0.0,0.159,28.7
0.0,0.186,28.7
0.0,0.222,28.7
0.0,0.264,28.7
0.0,0.313,28.7
0.0,0.364,28.7
0.002,0.388,28.7
0.038,0.381,28.7
0.077,0.391,28.7
0.102,0.437,28.7
0.078,0.484,28.7
0.062,0.538,28.7
0.038,0.574,28.7
0.0,0.672,28.7
0.0,0.749,28.7
0.0,0.802,28.7
0.0,0.826,28.7
0.0,0.86,28.7
0.0,0.863,28.7
0.0,0.884,28.7
0.0,0.881,28.7
0.0,0.871,28.7
0.0,0.864,28.7
0.0,0.897,28.7
0.0,0.917,28.7
0.0,0.931,28.7
0.0,0.919,28.7
0.0,0.92,28.7
0.0,0.88,28.7
0.0,0.866,28.7
0.048,0.862,28.7
0.121,0.857,28.7
0.071,0.865,28.7
0.04,0.865,28.7
0.032,0.785,28.7
0.017,0.711,28.7
0.01,0.769,28.7
0.001,0.788,28.7
0.0,0.755,28.7
0.0,0.72,28.7
0.0,0.643,28.7
0.0,0.567,28.7
0.0,0.453,28.7
0.0,0.351,28.7
0.0,0.299,28.7
0.0,0.311,28.7
0.0,0.339,28.7
0.0,0.398,28.7
0.0,0.414,28.7
0.0,0.391,28.7
0.0,0.454,28.7
0.0,0.466,28.7
0.0,0.515,28.7
0.0,0.547,28.7
0.044,0.587,28.7
0.114,0.561,28.7
0.111,0.486,28.7
0.087,0.476,28.7
0.105,0.524,28.7
0.081,0.523,28.7
0.044,0.516,28.7
0.004,0.518,28.7
0.0,0.502,28.7
0.0,0.442,28.7
0.0,0.382,28.7
0.0,0.322,28.7
0.0,0.279,28.7
0.0,0.294,28.7
0.0,0.328,28.7
0.0,0.325,28.7
0.0,0.29,28.7
0.0,0.259,28.7
0.0,0.23,28.7
0.0,0.199,28.7
0.0,0.174,28.7
0.0,0.167,28.7
0.0,0.17,28.7
0.0,0.175,28.7
0.001,0.171,28.7
0.035,0.158,28.7
0.071,0.132,28.7
0.098,0.12,28.7
0.098,0.122,28.7
0.086,0.119,28.7
0.038,0.107,28.7
0.003,0.088,28.7
0.0,0.068,28.7
0.0,0.071,28.7
0.0,0.093,28.7
0.0,0.14,28.7
0.0,0.208,28.7
0.0,0.289,28.7
0.0,0.358,28.7
0.0,0.401,28.7
0.0,0.413,28.7
0.0,0.395,28.7
0.0,0.367,28.7
0.0,0.335,28.7
0.0,0.332,28.7
0.0,0.358,28.7
0.0,0.415,28.7
0.0,0.483,28.7
0.09,0.544,28.7
0.353,0.59,28.7
0.515,0.623,28.7
0.584,0.605,28.7
0.58,0.618,28.7
0.5,0.715,28.7
0.259,0.739,28.7
0.005,0.752,28.7
0.0,0.776,28.7
0.0,0.799,28.7
0.0,0.87,28.7
0.0,0.823,28.7
0.0,0.773,28.7
0.0,0.756,28.7
0.0,0.722,28.7
0.0,0.62,28.7
0.0,0.527,28.7
0.0,0.459,28.7
0.0,0.395,28.7
0.0,0.358,28.7
0.0,0.351,28.7
0.0,0.37,28.7
0.0,0.386,28.7
0.0,0.415,28.7
0.009,0.471,28.7
0.144,0.514,28.7
0.304,0.484,28.7
0.207,0.488,28.7
0.19,0.519,28.7
0.252,0.511,28.7
0.158,0.591,28.7
0.021,0.698,28.7
0.0,0.763,28.7
0.0,0.773,28.7
0.0,0.793,28.7
0.0,0.821,28.7
0.0,0.834,28.7
0.0,0.815,28.7
0.0,0.868,28.7
0.0,0.862,28.7
0.0,0.794,28.7
0.0,0.775,28.7
0.0,0.777,28.7
0.0,0.797,28.7
0.0,0.796,28.7
0.0,0.75,28.7
0.0,0.696,28.7
0.0,0.652,28.7
0.001,0.603,28.7
0.017,0.541,28.7
0.033,0.476,28.7
0.063,0.421,28.7
0.063,0.367,28.7
0.038,0.398,28.7
0.009,0.408,28.7
0.0,0.42,28.7
0.0,0.432,28.7
0.0,0.468,28.7
0.0,0.519,28.7
0.0,0.583,28.7
0.0,0.657,28.7
0.0,0.759,28.7
0.0,0.812,28.7
0.0,0.85,28.7
0.0,0.912,28.7
0.0,0.928,28.7
0.0,0.953,28.7
0.0,0.973,28.7
0.0,0.975,28.7
0.0,0.977,28.7
0.0,0.978,28.7
0.0,0.981,28.7
0.0,0.969,28.7
0.02,0.961,28.7
0.03,0.962,28.7
0.031,0.961,28.7
0.04,0.95,28.7
0.123,0.93,28.7
0.114,0.906,28.7
0.018,0.894,28.7
0.0,0.896,28.7
0.0,0.883,28.7
0.0,0.882,28.7
0.0,0.88,28.7
0.0,0.787,28.7
0.0,0.666,28.7
0.0,0.627,28.7
0.0,0.435,28.7
0.0,0.365,28.7
0.0,0.571,28.7
0.0,0.787,28.7
0.0,0.908,28.7
0.0,0.924,28.7
0.0,0.899,28.7
0.0,0.868,28.7
0.0,0.82,28.7
0.041,0.768,28.7
0.165,0.704,28.7
0.299,0.661,28.7
0.441,0.571,28.7
0.425,0.457,28.7
0.363,0.328,28.7
0.237,0.18,28.7
0.062,0.071,28.7
0.0,0.053,28.7
0.0,0.082,28.7
0.0,0.112,28.7
0.0,0.137,28.7
0.0,0.206,28.7
0.0,0.302,28.7
0.0,0.382,28.7
0.0,0.447,28.7
0.0,0.51,28.7
0.0,0.584,28.7
0.0,0.626,28.7
0.0,0.652,28.7
0.0,0.668,28.7
0.0,0.668,28.7
0.0,0.672,28.7
0.0,0.685,28.7
0.036,0.693,28.7
0.127,0.672,28.7
0.22,0.697,28.7
0.289,0.76,28.7
0.321,0.762,28.7
0.31,0.769,28.7
0.186,0.726,28.7
0.039,0.727,28.7
0.0,0.765,28.7
0.0,0.777,28.7
0.0,0.779,28.7
0.0,0.778,28.7
0.0,0.744,28.7
0.0,0.767,28.7
0.0,0.775,28.7
0.0,0.792,28.7
0.0,0.821,28.7
0.0,0.854,28.7
0.0,0.903,28.7
0.0,0.935,28.7
0.0,0.941,28.7
0.0,0.926,28.7
0.0,0.926,28.7
0.0,0.904,28.7
0.004,0.903,28.7
0.127,0.885,28.7
0.359,0.852,28.7
0.461,0.884,28.7
0.501,0.885,28.7
0.439,0.858,28.7
0.275,0.802,28.7
0.075,0.727,28.7
0.0,0.647,28.7
0.0,0.576,28.7
0.0,0.556,28.7
0.0,0.549,28.7
0.0,0.529,28.7
0.0,0.478,28.7
0.0,0.42,28.7
0.0,0.401,28.7
0.0,0.421,28.7
0.0,0.441,28.7
0.0,0.464,28.7
0.0,0.494,28.7
0.0,0.532,28.7
0.0,0.566,28.7
0.0,0.575,28.7
0.0,0.579,28.7
0.006,0.574,28.7
0.036,0.618,28.7
0.057,0.683,28.7
0.099,0.772,28.7
0.104,0.881,28.7
0.051,0.932,28.7
0.026,0.971,28.7
0.0,0.986,28.7
0.0,0.991,28.7
0.0,0.991,28.7
0.0,0.989,28.7
0.0,0.989,28.7
0.0,0.989,28.7
0.0,0.988,28.7
0.0,0.988,28.7
0.0,0.987,28.7
0.0,0.987,28.7
0.0,0.988,28.7
0.0,0.989,28.7
0.0,0.991,28.7
0.0,0.988,28.7
0.0,0.968,28.7
0.0,0.944,28.7
0.0,0.938,28.7
0.0,0.95,28.7
0.004,0.974,28.7
0.018,0.989,28.7
0.026,0.989,28.7
0.04,0.967,28.7
0.038,0.955,28.7
0.014,0.968,28.7
0.0,0.974,28.7
0.0,0.976,28.7
0.0,0.974,28.7
0.0,0.972,28.7
0.0,0.977,28.7
0.0,0.975,28.7
0.0,0.978,28.7
0.0,0.984,28.7
0.0,0.99,28.7
0.0,0.99,28.7
0.0,0.989,28.7
0.0,0.987,28.7
0.0,0.983,28.7
0.0,0.982,28.7
0.0,0.983,28.7
0.0,0.985,28.7
0.0,0.984,28.7
0.006,0.977,28.7
0.03,0.967,28.7
0.033,0.958,28.7
0.017,0.921,28.7
0.007,0.799,28.7
0.024,0.706,28.7
0.08,0.607,28.7
0.05,0.481,28.7
0.0,0.47,28.7
0.0,0.523,28.7
0.0,0.595,28.7
0.0,0.642,28.7
0.0,0.661,28.7
0.0,0.642,28.7
0.0,0.63,28.7
0.0,0.61,28.7
0.0,0.572,28.7
0.0,0.54,28.7
0.0,0.571,28.7
0.0,0.595,28.7
0.0,0.581,28.7
0.0,0.597,28.7
0.0,0.636,28.7
0.0,0.724,28.7
0.016,0.765,28.7
0.045,0.812,28.7
0.098,0.874,28.7
0.181,0.941,28.7
0.201,0.958,28.7
0.139,0.968,28.7
0.073,0.97,28.7
0.059,0.969,28.7
0.0,0.969,28.7
0.0,0.967,28.7
0.0,0.96,28.7
0.0,0.949,28.7
0.0,0.93,28.7
0.0,0.917,28.7
0.0,0.886,28.7
0.0,0.886,28.7
0.0,0.857,28.7
0.0,0.837,28.7
0.0,0.778,28.7
0.0,0.736,28.7
0.0,0.687,28.7
0.0,0.692,28.7
0.0,0.73,28.7
0.0,0.76,28.7
0.005,0.768,28.7
0.074,0.791,28.7
0.285,0.919,28.7
0.416,0.964,28.7
0.446,0.973,28.7
0.343,0.959,28.7
0.167,0.9,28.7
0.031,0.801,28.7
0.0,0.742,28.7
0.0,0.746,28.7
0.0,0.75,28.7
0.0,0.762,28.7
0.0,0.786,28.7
0.0,0.813,28.7
0.0,0.8,28.7
0.0,0.768,28.7
0.0,0.763,28.7
0.0,0.709,28.7
0.0,0.655,28.7
0.0,0.574,28.7
0.0,0.459,28.7
0.0,0.368,28.7
0.0,0.272,28.7
0.0,0.194,28.7
0.049,0.132,28.7
0.172,0.075,28.7
0.258,0.05,28.7
0.381,0.04,28.7
0.342,0.041,28.7
0.28,0.075,28.7
0.238,0.168,28.7
0.089,0.31,28.7
0.0,0.394,28.7
0.0,0.395,28.7
0.0,0.395,28.7
0.0,0.391,28.7
0.0,0.398,28.7
0.0,0.412,28.7
0.0,0.449,28.7
0.0,0.521,28.7
0.0,0.57,28.7
0.0,0.603,28.7
0.0,0.618,28.7
0.0,0.615,28.7
0.0,0.63,28.7
0.0,0.633,28.7
0.0,0.647,28.7
0.0,0.65,28.7
0.169,0.611,28.7
0.361,0.54,28.7
0.494,0.556,28.7
0.573,0.542,28.7
0.558,0.548,28.7
0.476,0.574,28.7
0.322,0.625,28.7
0.104,0.674,28.7
0.0,0.714,28.7
0.0,0.732,28.7
0.0,0.717,28.7
0.0,0.678,28.7
0.0,0.669,28.7
0.0,0.599,28.7
0.0,0.535,28.7
0.0,0.475,28.7
0.0,0.404,28.7
0.0,0.386,28.7
0.0,0.355,28.7
0.0,0.339,28.7
0.0,0.338,28.7
0.0,0.332,28.7
0.0,0.319,28.7
0.0,0.291,28.7
0.062,0.267,28.7
0.132,0.245,28.7
0.187,0.201,28.7
0.201,0.163,28.7
0.248,0.163,28.7
0.378,0.18,28.7
0.303,0.192,28.7
0.093,0.249,28.7
0.0,0.35,28.7
0.0,0.419,28.7
0.0,0.451,28.7
0.0,0.454,28.7
0.0,0.417,28.7
0.0,0.343,28.7
0.0,0.269,28.7
0.0,0.209,28.7
0.0,0.171,28.7
0.0,0.139,28.7
0.0,0.112,28.7
0.0,0.1,28.7
0.0,0.105,28.7
0.0,0.122,28.7
0.0,0.135,28.7
0.0,0.137,28.7
0.091,0.122,28.7
0.309,0.085,28.7
0.539,0.057,28.7
0.646,0.045,28.7
0.634,0.059,28.7
0.557,0.076,28.7
0.403,0.107,28.7
0.165,0.174,28.7
0.0,0.25,28.7
0.0,0.305,28.7
0.0,0.326,28.7
0.0,0.318,28.7
0.0,0.288,28.7
0.0,0.236,28.7
0.0,0.192,28.7
0.0,0.16,28.7
0.0,0.136,28.7
0.0,0.131,28.7
0.0,0.142,28.7
0.0,0.149,28.7
0.0,0.153,28.7
0.0,0.163,28.7
0.0,0.187,28.7
0.0,0.211,28.7
0.12,0.221,28.7
0.226,0.22,28.7
0.312,0.248,28.7
0.545,0.264,28.7
0.575,0.25,28.7
0.522,0.248,28.7
0.391,0.274,28.7
0.16,0.373,28.7
0.0,0.531,28.7
0.0,0.64,28.7
0.0,0.679,28.7
0.0,0.678,28.7
0.0,0.635,28.7
0.0,0.597,28.7
0.0,0.559,28.7
0.0,0.522,28.7
0.0,0.498,28.7
0.0,0.502,28.7
0.0,0.509,28.7
0.0,0.539,28.7
0.0,0.574,28.7
0.0,0.601,28.7
0.0,0.615,28.7
0.0,0.612,28.7
0.166,0.571,28.7
0.398,0.507,28.7
0.54,0.447,28.7
0.603,0.375,28.7
0.599,0.358,28.7
0.515,0.36,28.7
0.356,0.379,28.7
0.134,0.462,28.7
0.0,0.568,28.7
0.0,0.593,28.7
0.0,0.546,28.7
0.0,0.447,28.7
0.0,0.343,28.7
0.0,0.259,28.7
0.0,0.195,28.7
0.0,0.155,28.7
0.0,0.154,28.7
0.0,0.168,28.7
0.0,0.183,28.7
0.0,0.199,28.7
0.0,0.2,28.7
0.0,0.204,28.7
0.0,0.196,28.7
0.0,0.179,28.7
0.065,0.166,28.7
0.222,0.135,28.7
0.371,0.101,28.7
0.472,0.062,28.7
0.433,0.039,28.7
0.326,0.036,28.7
0.189,0.045,28.7
0.051,0.061,28.7
0.0,0.077,28.7
0.0,0.081,28.7
0.0,0.076,28.7
0.0,0.074,28.7
0.0,0.087,28.7
0.0,0.115,28.7
0.0,0.147,28.7
0.0,0.177,28.7
0.0,0.192,28.7
0.0,0.188,28.7
0.0,0.177,28.7
0.0,0.175,28.7
0.0,0.181,28.7
0.0,0.196,28.7
0.0,0.221,28.7
0.0,0.262,28.7
0.017,0.298,28.7
0.072,0.333,28.7
0.127,0.361,28.7
0.163,0.386,28.7
0.169,0.41,28.7
0.146,0.428,28.7
0.096,0.437,28.7
0.033,0.442,28.7
0.0,0.498,28.7
0.0,0.532,28.7
0.0,0.523,28.7
0.0,0.495,28.7
0.0,0.459,28.7
0.0,0.444,28.7
0.0,0.391,28.7
0.0,0.38,28.7
0.0,0.371,28.7
0.0,0.348,28.7
0.0,0.333,28.7
0.0,0.334,28.7
0.0,0.354,28.7
0.0,0.37,28.7
0.0,0.41,28.7
0.0,0.448,28.7
0.013,0.476,28.7
0.053,0.51,28.7
0.093,0.567,28.7
0.149,0.707,28.7
0.242,0.748,28.7
0.228,0.756,28.7
0.121,0.774,28.7
0.029,0.821,28.7
0.0,0.863,28.7
0.0,0.901,28.7
0.0,0.933,28.7
0.0,0.961,28.7
0.0,0.969,28.7
0.0,0.968,28.7
0.0,0.951,28.7
0.0,0.916,28.7
0.0,0.827,28.7
0.0,0.763,28.7
0.0,0.724,28.7
0.0,0.689,28.7
0.0,0.666,28.7
0.0,0.653,28.7
0.0,0.647,28.7
0.0,0.674,28.7
0.001,0.703,28.7
0.024,0.777,28.7
0.059,0.723,28.7
0.115,0.707,28.7
0.145,0.741,28.7
0.079,0.777,28.7
0.03,0.818,28.7
0.005,0.89,28.7
0.0,0.953,28.7
0.0,0.98,28.7
0.0,0.983,28.7
0.0,0.957,28.7
0.0,0.913,28.7
0.0,0.907,28.7
0.0,0.919,28.7
0.0,0.972,28.7
0.0,0.985,28.7
0.0,0.98,28.7
0.0,0.962,28.7
0.0,0.963,28.7
0.0,0.986,28.7
0.0,0.988,28.7
0.0,0.985,28.7
0.0,0.982,28.7
0.023,0.975,28.7
0.095,0.974,28.7
0.216,0.97,28.7
0.236,0.973,28.7
0.176,0.971,28.7
0.129,0.952,28.7
0.069,0.928,28.7
0.008,0.95,28.7
0.0,0.965,28.7
0.0,0.967,28.7
0.0,0.971,28.7
0.0,0.981,28.7
0.0,0.975,28.7
0.0,0.958,28.7
0.0,0.93,28.7
0.0,0.904,28.7
0.0,0.89,28.7
0.0,0.897,28.7
0.0,0.903,28.7
0.0,0.88,28.7
0.0,0.818,28.7
0.0,0.759,28.7
0.0,0.732,28.7
0.0,0.697,28.7
0.066,0.626,28.7
0.228,0.576,28.7
0.418,0.663,28.7
0.57,0.702,28.7
0.574,0.718,28.7
0.504,0.718,28.7
0.35,0.662,28.7
0.125,0.563,28.7
0.0,0.613,28.7
0.0,0.668,28.7
0.0,0.687,28.7
0.0,0.675,28.7
0.0,0.64,28.7
0.0,0.649,28.7
0.0,0.661,28.7
0.0,0.646,28.7
0.0,0.621,28.7
0.0,0.66,28.7
0.0,0.72,28.7
0.0,0.711,28.7
0.0,0.682,28.7
0.0,0.716,28.7
0.0,0.789,28.7
0.0,0.792,28.7
0.0,0.784,28.7
0.009,0.831,28.7
0.022,0.91,28.7
0.055,0.896,28.7
0.164,0.901,28.7
0.179,0.933,28.7
0.086,0.943,28.7
0.034,0.923,28.7
0.0,0.91,28.7
0.0,0.895,28.7
0.0,0.894,28.7
0.0,0.91,28.7
0.0,0.891,28.7
0.0,0.874,28.7
0.0,0.863,28.7
0.0,0.832,28.7
0.0,0.791,28.7
0.0,0.732,28.7
0.0,0.722,28.7
0.0,0.674,28.7
0.0,0.64,28.7
0.0,0.633,28.7
0.0,0.614,28.7
0.0,0.61,28.7
0.022,0.622,28.7
0.075,0.638,28.7
0.15,0.684,28.7
0.293,0.762,28.7
0.388,0.821,28.7
0.254,0.849,28.7
0.072,0.863,28.7
0.025,0.889,28.7
0.0,0.904,28.7
0.0,0.908,28.7
0.0,0.89,28.7
0.0,0.867,28.7
0.0,0.913,28.7
0.0,0.941,28.7
0.0,0.926,28.7
0.0,0.876,28.7
0.0,0.839,28.7
0.0,0.798,28.7
0.0,0.779,28.7
0.0,0.687,28.7
0.0,0.596,28.7
0.0,0.58,28.7
0.0,0.584,28.7
0.0,0.678,28.7
0.138,0.716,28.7
0.237,0.801,28.7
0.173,0.856,28.7
0.158,0.897,28.7
0.215,0.925,28.7
0.258,0.933,28.7
0.164,0.9,28.7
0.088,0.852,28.7
0.0,0.837,28.7
0.0,0.786,28.7
0.0,0.73,28.7
0.0,0.668,28.7
0.0,0.616,28.7
0.0,0.574,28.7
0.0,0.535,28.7
0.0,0.506,28.7
0.0,0.567,28.7
0.0,0.78,28.7
0.0,0.896,28.7
0.0,0.919,28.7
0.0,0.895,28.7
0.0,0.83,28.7
0.0,0.86,28.7
0.0,0.935,28.7
0.046,0.966,28.7
0.123,0.975,28.7
0.227,0.971,28.7
0.295,0.966,28.7
0.37,0.941,28.7
0.216,0.909,28.7
0.091,0.883,28.7
0.018,0.878,28.7
0.0,0.88,28.7
0.0,0.865,28.7
0.0,0.868,28.7
0.0,0.847,28.7
0.0,0.788,28.7
0.0,0.726,28.7
0.0,0.687,28.7
0.0,0.63,28.7
0.0,0.599,28.7
0.0,0.583,28.7
0.0,0.58,28.7
0.0,0.615,28.7
0.0,0.667,28.7
0.0,0.697,28.7
0.0,0.722,28.7
0.0,0.724,28.7
0.053,0.697,28.7
0.083,0.668,28.7
0.098,0.634,28.7
0.078,0.611,28.7
0.089,0.556,28.7
0.095,0.516,28.7
0.032,0.464,28.7
0.0,0.481,28.7
0.0,0.494,28.7
0.0,0.521,28.7
0.0,0.633,28.7
0.0,0.751,28.7
0.0,0.833,28.7
0.0,0.812,28.7
0.0,0.846,28.7
0.0,0.914,28.7
0.0,0.926,28.7
0.0,0.934,28.7
0.0,0.938,28.7
0.0,0.945,28.7
0.0,0.962,28.7
0.0,0.976,28.7
0.0,0.984,28.7
0.0,0.984,28.7
0.045,0.982,28.7
0.196,0.978,28.7
0.476,0.976,28.7
0.577,0.973,28.7
0.566,0.967,28.7
0.523,0.96,28.7
0.402,0.948,28.7
0.193,0.925,28.7
0.009,0.89,28.7
0.0,0.845,28.7
0.0,0.79,28.7
0.0,0.735,28.7
0.0,0.695,28.7
0.0,0.682,28.7
0.0,0.679,28.7
0.0,0.645,28.7
0.0,0.601,28.7
0.0,0.553,28.7
0.0,0.492,28.7
0.0,0.41,28.7
0.0,0.322,28.7
0.0,0.241,28.7
0.0,0.183,28.7
0.009,0.158,28.7
0.133,0.14,28.7
0.186,0.106,28.7
0.189,0.071,28.7
0.174,0.04,28.7
0.142,0.019,28.7
0.109,0.009,28.7
0.072,0.005,28.7
0.033,0.007,28.7
0.0,0.016,28.7
0.0,0.035,28.7
0.0,0.059,28.7
0.0,0.09,28.7
0.0,0.125,28.7
0.0,0.16,28.7
0.0,0.195,28.7
0.0,0.214,28.7
0.0,0.204,28.7
0.0,0.197,28.7
0.0,0.181,28.7
0.0,0.156,28.7
0.0,0.135,28.7
0.0,0.132,28.7
0.0,0.148,28.7
0.004,0.16,28.7
0.077,0.146,28.7
0.235,0.167,28.7
0.618,0.194,28.7
0.687,0.232,28.7
0.682,0.253,28.7
0.615,0.255,28.7
0.479,0.264,28.7
0.265,0.294,28.7
0.035,0.446,28.7
0.0,0.61,28.7
0.0,0.699,28.7
0.0,0.728,28.7
0.0,0.71,28.7
0.0,0.674,28.7
0.0,0.637,28.7
0.0,0.6,28.7
0.0,0.569,28.7
0.0,0.568,28.7
0.0,0.583,28.7
0.0,0.6,28.7
0.0,0.601,28.7
0.0,0.59,28.7
0.0,0.58,28.7
0.029,0.556,28.7
0.251,0.498,28.7
0.48,0.47,28.7
0.598,0.538,28.7
0.581,0.562,28.7
0.402,0.601,28.7
0.304,0.62,28.7
0.202,0.634,28.7
0.071,0.601,28.7
0.001,0.584,28.7
0.0,0.655,28.7
0.0,0.684,28.7
0.0,0.742,28.7
0.0,0.773,28.7
0.0,0.768,28.7
0.0,0.809,28.7
0.0,0.761,28.7
0.0,0.734,28.7
0.0,0.757,28.7
0.0,0.785,28.7
0.0,0.799,28.7
0.0,0.73,28.7
0.0,0.671,28.7
0.0,0.681,28.7
0.0,0.574,28.7
0.01,0.415,28.7
0.04,0.331,28.7
0.055,0.332,28.7
0.074,0.257,28.7
0.114,0.242,28.7
0.205,0.309,28.7
0.388,0.375,28.7
0.244,0.435,28.7
0.032,0.538,28.7
0.0,0.646,28.7
0.0,0.733,28.7
0.0,0.787,28.7
0.0,0.813,28.7
0.0,0.77,28.7
0.0,0.792,28.7
0.0,0.811,28.7
0.0,0.877,28.7
0.0,0.933,28.7
0.0,0.963,28.7
0.0,0.974,28.7
0.0,0.989,28.7
0.0,0.99,28.7
0.0,0.978,28.7
0.002,0.949,28.7
0.043,0.935,28.7
0.068,0.914,28.7
0.071,0.889,28.7
0.059,0.854,28.7
0.049,0.799,28.7
0.041,0.753,28.7
0.042,0.711,28.7
0.026,0.718,28.7
0.0,0.782,28.7
0.0,0.835,28.7
0.0,0.875,28.7
0.0,0.916,28.7
0.0,0.954,28.7
0.0,0.95,28.7
0.0,0.911,28.7
0.0,0.902,28.7
0.0,0.883,28.7
0.0,0.879,28.7
0.0,0.89,28.7
0.0,0.896,28.7
0.0,0.911,28.7
0.0,0.959,28.7
0.0,0.986,28.7
0.014,0.991,28.7
0.156,0.991,28.7
0.282,0.991,28.7
0.384,0.991,28.7
0.586,0.991,28.7
0.505,0.989,28.7
0.274,0.968,28.7
0.239,0.917,28.7
0.098,0.912,28.7
0.004,0.913,28.7
0.0,0.937,28.7
0.0,0.958,28.7
0.0,0.971,28.7
0.0,0.987,28.7
0.0,0.99,28.7
0.0,0.991,28.7
0.0,0.991,28.7
0.0,0.991,28.7
0.0,0.991,28.7
0.0,0.991,28.7
0.0,0.991,28.7
0.0,0.989,28.7
0.0,0.984,28.7
0.0,0.976,28.7
0.002,0.967,28.7
0.067,0.965,28.7
0.18,0.972,28.7
0.19,0.982,28.7
0.172,0.99,28.7
0.163,0.991,28.7
0.245,0.989,28.7
0.224,0.985,28.7
0.132,0.974,28.7
0.011,0.961,28.7
0.0,0.936,28.7
0.0,0.91,28.7
0.0,0.894,28.7
0.0,0.877,28.7
0.0,0.862,28.7
0.0,0.882,28.7
0.0,0.893,28.7
0.0,0.887,28.7
0.0,0.851,28.7
0.0,0.822,28.7
0.0,0.823,28.7
0.0,0.865,28.7
0.0,0.84,28.7
0.0,0.797,28.7
0.003,0.834,28.7
0.09,0.794,28.7
0.255,0.813,28.7
0.416,0.842,28.7
0.552,0.846,28.7
0.608,0.814,28.7
0.514,0.746,28.7
0.177,0.637,28.7
0.031,0.457,28.7
0.001,0.386,28.7
0.0,0.495,28.7
0.0,0.556,28.7
0.0,0.639,28.7
0.0,0.72,28.7
0.0,0.725,28.7
0.0,0.726,28.7
0.0,0.789,28.7
0.0,0.865,28.7
0.0,0.917,28.7
0.0,0.967,28.7
0.0,0.988,28.7
0.0,0.991,28.7
0.0,0.987,28.7
0.0,0.983,28.7
0.0,0.991,28.7
0.123,0.991,28.7
0.301,0.991,28.7
0.267,0.989,28.7
0.299,0.974,28.7
0.294,0.946,28.7
0.154,0.929,28.7
0.044,0.955,28.7
0.026,0.97,28.7
0.0,0.987,28.7
0.0,0.991,28.7
0.0,0.972,28.7
0.0,0.917,28.7
0.0,0.827,28.7
0.0,0.786,28.7
0.0,0.81,28.7
0.0,0.812,28.7
0.0,0.807,28.7
0.0,0.802,28.7
0.0,0.762,28.7
0.0,0.71,28.7
0.0,0.637,28.7
0.0,0.578,28.7
0.0,0.548,28.7
0.018,0.536,28.7
0.108,0.494,28.7
0.248,0.479,28.7
0.525,0.523,28.7
0.611,0.552,28.7
0.525,0.619,28.7
0.334,0.7,28.7
0.173,0.741,28.7
0.071,0.725,28.7
0.005,0.683,28.7
0.0,0.729,28.7
0.0,0.758,28.7
0.0,0.762,28.7
0.0,0.752,28.7
0.0,0.739,28.7
0.0,0.726,28.7
0.0,0.729,28.7
0.0,0.761,28.7
0.0,0.806,28.7
0.0,0.813,28.7
0.0,0.814,28.7
0.0,0.837,28.7
0.0,0.866,28.7
0.0,0.895,28.7
0.002,0.913,28.7
0.032,0.913,28.7
0.203,0.918,28.7
0.404,0.948,28.7
0.316,0.981,28.7
0.149,0.988,28.7
0.183,0.991,28.7
0.038,0.991,28.7
0.027,0.99,28.7
0.0,0.985,28.7
0.0,0.977,28.7
0.0,0.97,28.7
0.0,0.965,28.7
0.0,0.966,28.7
0.0,0.97,28.7
0.0,0.975,28.7
0.0,0.966,28.7
0.0,0.963,28.7
0.0,0.951,28.7
0.0,0.924,28.7
0.0,0.9,28.7
0.0,0.884,28.7
0.0,0.858,28.7
0.0,0.844,28.7
0.0,0.844,28.7
0.025,0.844,28.7
0.049,0.834,28.7
0.062,0.776,28.7
0.114,0.696,28.7
0.072,0.727,28.7
0.021,0.903,28.7
0.006,0.99,28.7
0.002,0.985,28.7
0.0,0.976,28.7
0.0,0.968,28.7
0.0,0.965,28.7
0.0,0.966,28.7
0.0,0.961,28.7
0.0,0.958,28.7
0.0,0.951,28.7
0.0,0.926,28.7
0.0,0.906,28.7
0.0,0.886,28.7
0.0,0.866,28.7
0.0,0.859,28.7
0.0,0.831,28.7
0.0,0.812,28.7
0.0,0.809,28.7
0.039,0.793,28.7
0.146,0.835,28.7
0.253,0.9,28.7
0.253,0.95,28.7
0.28,0.971,28.7
0.433,0.98,28.7
0.47,0.986,28.7
0.194,0.989,28.7
0.058,0.989,28.7
0.004,0.985,28.7
0.0,0.967,28.7
0.0,0.941,28.7
0.0,0.927,28.7
0.0,0.909,28.7
0.0,0.902,28.7
0.0,0.877,28.7
0.0,0.853,28.7
0.0,0.826,28.7
0.0,0.799,28.7
0.0,0.772,28.7
0.0,0.734,28.7
0.0,0.746,28.7
0.0,0.768,28.7
0.0,0.793,28.7
0.03,0.766,28.7
0.148,0.762,28.7
0.286,0.816,28.7
0.528,0.859,28.7
0.607,0.879,28.7
0.602,0.891,28.7
0.471,0.908,28.7
0.194,0.913,28.7
0.073,0.9,28.7
0.007,0.913,28.7
0.0,0.935,28.7
0.0,0.941,28.7
0.0,0.951,28.7
0.0,0.961,28.7
0.0,0.975,28.7
0.0,0.979,28.7
0.0,0.973,28.7
0.0,0.968,28.7
0.0,0.952,28.7
0.0,0.927,28.7
0.0,0.893,28.7
0.0,0.828,28.7
0.0,0.754,28.7
0.0,0.684,28.7
0.011,0.615,28.7
0.048,0.523,28.7
0.085,0.495,28.7
0.125,0.602,28.7
0.122,0.635,28.7
0.104,0.645,28.7
0.088,0.651,28.7
0.072,0.653,28.7
0.047,0.633,28.7
0.006,0.683,28.7
0.0,0.714,28.7
0.0,0.72,28.7
0.0,0.741,28.7
0.0,0.764,28.7
0.0,0.772,28.7
0.0,0.718,28.7
0.0,0.715,28.7
0.0,0.757,28.7
0.0,0.78,28.7
0.0,0.808,28.7
0.0,0.827,28.7
0.0,0.849,28.7
0.0,0.873,28.7
0.0,0.927,28.7
0.019,0.944,28.7
0.113,0.952,28.7
0.264,0.967,28.7
0.543,0.981,28.7
0.607,0.99,28.7
0.345,0.991,28.7
0.098,0.991,28.7
0.035,0.991,28.7
0.035,0.988,28.7
0.019,0.947,28.7
0.0,0.919,28.7
0.0,0.91,28.7
0.0,0.88,28.7
0.0,0.844,28.7
0.0,0.817,28.7
0.0,0.786,28.7
0.0,0.749,28.7
0.0,0.704,28.7
0.0,0.689,28.7
0.0,0.686,28.7
0.0,0.637,28.7
0.0,0.599,28.7
0.0,0.624,28.7
0.0,0.646,28.7
0.055,0.646,28.7
0.251,0.637,28.7
0.463,0.695,28.7
0.616,0.769,28.7
0.68,0.821,28.7
0.679,0.852,28.7
0.609,0.862,28.7
0.427,0.849,28.7
0.279,0.806,28.7
0.085,0.777,28.7
0.0,0.793,28.7
0.0,0.784,28.7
0.0,0.763,28.7
0.0,0.793,28.7
0.0,0.81,28.7
0.0,0.801,28.7
0.0,0.806,28.7
0.0,0.823,28.7
0.0,0.8,28.7
0.0,0.81,28.7
0.0,0.848,28.7
0.0,0.904,28.7
0.0,0.898,28.7
0.0,0.908,28.7
0.016,0.926,28.7
0.061,0.936,28.7
0.222,0.952,28.7
0.296,0.962,28.7
0.22,0.955,28.7
0.081,0.945,28.7
0.028,0.926,28.7
0.022,0.888,28.7
0.024,0.87,28.7
0.002,0.859,28.7
0.0,0.874,28.7
0.0,0.858,28.7
0.0,0.789,28.7
0.0,0.768,28.7
0.0,0.724,28.7
0.0,0.826,28.7
0.0,0.881,28.7
0.0,0.909,28.7
0.0,0.931,28.7
0.0,0.955,28.7
0.0,0.983,28.7
0.0,0.989,28.7
0.0,0.991,28.7
0.0,0.991,28.7
0.023,0.991,28.7
0.122,0.991,28.7
0.216,0.991,28.7
0.226,0.991,28.7
0.14,0.991,28.7
0.129,0.991,28.7
0.16,0.99,28.7
0.092,0.985,28.7
0.023,0.973,28.7
0.0,0.943,28.7
0.0,0.885,28.7
0.0,0.834,28.7
0.0,0.69,28.7
0.0,0.595,28.7
0.0,0.525,28.7
0.0,0.444,28.7
0.0,0.406,28.7
0.0,0.39,28.7
0.0,0.538,28.7
0.0,0.76,28.7
0.0,0.871,28.7
0.0,0.88,28.7
0.0,0.85,28.7
0.0,0.844,28.7
0.024,0.864,28.7
0.115,0.927,28.7
0.138,0.964,28.7
0.128,0.986,28.7
0.199,0.987,28.7
0.253,0.989,28.7
0.313,0.99,28.7
0.268,0.989,28.7
0.053,0.984,28.7
0.0,0.979,28.7
0.0,0.972,28.7
0.0,0.962,28.7
0.0,0.946,28.7
0.0,0.921,28.7
0.0,0.891,28.7
0.0,0.87,28.7
0.0,0.837,28.7
0.0,0.773,28.7
0.0,0.691,28.7
0.0,0.687,28.7
0.0,0.71,28.7
0.0,0.73,28.7
0.0,0.723,28.7
0.0,0.697,28.7
0.075,0.666,28.7
0.244,0.737,28.7
0.396,0.857,28.7
0.464,0.898,28.7
0.431,0.919,28.7
0.261,0.933,28.7
0.224,0.94,28.7
0.18,0.939,28.7
0.079,0.938,28.7
0.012,0.969,28.7
0.0,0.985,28.7
0.0,0.99,28.7
0.0,0.991,28.7
0.0,0.989,28.7
0.0,0.986,28.7
0.0,0.98,28.7
0.0,0.972,28.7
0.0,0.963,28.7
0.0,0.958,28.7
0.0,0.952,28.7
0.0,0.946,28.7
0.0,0.956,28.7
0.0,0.964,28.7
0.0,0.967,28.7
0.048,0.96,28.7
0.113,0.955,28.7
0.19,0.962,28.7
0.321,0.965,28.7
0.442,0.954,28.7
0.49,0.943,28.7
0.5,0.938,28.7
0.418,0.927,28.7
0.243,0.901,28.7
0.055,0.845,28.7
0.0,0.773,28.7
0.0,0.683,28.7
0.0,0.627,28.7
0.0,0.592,28.7
0.0,0.581,28.7
0.0,0.574,28.7
0.0,0.574,28.7
0.0,0.618,28.7
0.0,0.655,28.7
0.0,0.687,28.7
0.0,0.734,28.7
0.0,0.812,28.7
0.0,0.899,28.7
0.0,0.898,28.7
0.0,0.672,28.7
0.0,0.464,28.7
0.024,0.842,28.7
0.167,0.966,28.7
0.4,0.983,28.7
0.496,0.986,28.7
0.552,0.983,28.7
0.493,0.976,28.7
0.316,0.959,28.7
0.102,0.924,28.7
0.0,0.884,28.7
0.0,0.835,28.7
0.0,0.77,28.7
0.0,0.654,28.7
0.0,0.522,28.7
0.0,0.432,28.7
0.0,0.33,28.7
0.0,0.188,28.7
0.0,0.144,28.7
0.0,0.234,28.7
0.0,0.401,28.7
0.0,0.546,28.7
0.0,0.609,28.7
0.0,0.669,28.7
0.007,0.762,28.7
0.05,0.872,28.7
0.056,0.936,28.7
0.039,0.954,28.7
0.051,0.95,28.7
0.063,0.939,28.7
0.083,0.931,28.7
0.056,0.924,28.7
0.029,0.918,28.7
0.027,0.926,28.7
0.0,0.939,28.7
0.0,0.96,28.7
0.0,0.967,28.7
0.0,0.967,28.7
0.0,0.973,28.7
0.0,0.982,28.7
0.0,0.99,28.7
0.0,0.991,28.7
0.0,0.985,28.7
0.0,0.991,28.7
0.0,0.986,28.7
0.0,0.965,28.7
0.0,0.979,28.7
0.0,0.987,28.7
0.002,0.984,28.7
0.022,0.991,28.7
0.169,0.985,28.7
0.24,0.981,28.7
0.255,0.978,28.7
0.494,0.983,28.7
0.517,0.985,28.7
0.343,0.982,28.7
0.14,0.983,28.7
0.03,0.99,28.7
0.0,0.991,28.7
0.0,0.986,28.7
0.0,0.978,28.7
0.0,0.973,28.7
0.0,0.973,28.7
0.0,0.975,28.7
0.0,0.975,28.7
0.0,0.972,28.7
0.0,0.967,28.7
0.0,0.956,28.7
0.0,0.942,28.7
0.0,0.916,28.7
0.0,0.893,28.7
0.0,0.867,28.7
0.059,0.796,28.7
0.18,0.803,28.7
0.292,0.794,28.7
0.42,0.677,28.7
0.475,0.554,28.7
0.429,0.493,28.7
0.302,0.588,28.7
0.218,0.703,28.7
0.118,0.739,28.7
0.041,0.744,28.7
0.0,0.759,28.7
0.0,0.727,28.7
0.0,0.725,28.7
0.0,0.759,28.7
0.0,0.811,28.7
0.0,0.849,28.7
0.0,0.897,28.7
0.0,0.895,28.7
0.0,0.86,28.7
0.0,0.769,28.7
0.0,0.668,28.7
0.0,0.552,28.7
0.0,0.549,28.7
0.0,0.527,28.7
0.044,0.494,28.7
0.146,0.493,28.7
0.364,0.718,28.7
0.338,0.857,28.7
0.355,0.921,28.7
0.618,0.939,28.7
0.648,0.933,28.7
0.519,0.918,28.7
0.3,0.901,28.7
0.089,0.873,28.7
0.0,0.845,28.7
0.0,0.797,28.7
0.0,0.768,28.7
0.0,0.758,28.7
0.0,0.786,28.7
0.0,0.817,28.7
0.0,0.768,28.7
0.0,0.687,28.7
0.0,0.652,28.7
0.0,0.654,28.7
0.0,0.656,28.7
0.0,0.633,28.7
0.0,0.594,28.7
0.0,0.531,28.7
0.019,0.448,28.7
0.054,0.404,28.7
0.101,0.404,28.7
0.158,0.428,28.7
0.222,0.433,28.7
0.253,0.443,28.7
0.275,0.448,28.7
0.281,0.507,28.7
0.232,0.585,28.7
0.105,0.558,28.7
0.0,0.574,28.7
0.0,0.593,28.7
0.0,0.604,28.7
0.0,0.644,28.7
0.0,0.635,28.7
0.0,0.586,28.7
0.0,0.516,28.7
0.0,0.422,28.7
0.0,0.339,28.7
0.0,0.27,28.7
0.0,0.248,28.7
0.0,0.27,28.7
0.0,0.298,28.7
0.0,0.329,28.7
0.022,0.362,28.7
0.08,0.414,28.7
0.129,0.477,28.7
0.218,0.625,28.7
0.322,0.789,28.7
0.247,0.879,28.7
0.143,0.903,28.7
0.044,0.866,28.7
0.024,0.794,28.7
0.008,0.746,28.7
0.0,0.781,28.7
0.0,0.826,28.7
0.0,0.746,28.7
0.0,0.737,28.7
0.0,0.748,28.7
0.0,0.706,28.7
0.0,0.692,28.7
0.0,0.601,28.7
0.0,0.457,28.7
0.0,0.376,28.7
0.0,0.488,28.7
0.0,0.43,28.7
0.0,0.529,28.7
0.0,0.709,28.7
0.004,0.678,28.7
0.029,0.653,28.7
0.064,0.846,28.7
0.177,0.924,28.7
0.29,0.962,28.7
0.27,0.938,28.7
0.148,0.795,28.7
0.064,0.706,28.7
0.018,0.85,28.7
0.002,0.968,28.7
0.0,0.991,28.7
0.0,0.989,28.7
0.0,0.991,28.7
0.0,0.987,28.7
0.0,0.973,28.7
0.0,0.942,28.7
0.0,0.897,28.7
0.0,0.838,28.7
0.0,0.752,28.7
0.0,0.655,28.7
0.0,0.56,28.7
0.0,0.471,28.7
0.0,0.407,28.7
0.0,0.361,28.7
0.08,0.286,28.7
0.248,0.227,28.7
0.448,0.22,28.7
0.572,0.22,28.7
0.634,0.243,28.7
0.652,0.302,28.7
0.61,0.398,28.7
0.504,0.488,28.7
0.354,0.502,28.7
0.147,0.447,28.7
0.001,0.403,28.7
0.0,0.387,28.7
0.0,0.355,28.7
0.0,0.376,28.7
0.0,0.432,28.7
0.0,0.429,28.7
0.0,0.403,28.7
0.0,0.431,28.7
0.0,0.455,28.7
0.0,0.476,28.7
0.0,0.47,28.7
0.0,0.43,28.7
0.0,0.355,28.7
0.0,0.313,28.7
0.161,0.337,28.7
0.329,0.327,28.7
0.373,0.376,28.7
0.361,0.404,28.7
0.321,0.462,28.7
0.226,0.553,28.7
0.21,0.633,28.7
0.177,0.651,28.7
0.14,0.61,28.7
0.066,0.571,28.7
0.0,0.642,28.7
0.0,0.722,28.7
0.0,0.763,28.7
0.0,0.794,28.7
0.0,0.819,28.7
0.0,0.803,28.7
0.0,0.813,28.7
0.0,0.829,28.7
0.0,0.844,28.7
0.0,0.886,28.7
0.0,0.941,28.7
0.0,0.967,28.7
0.0,0.972,28.7
0.0,0.972,28.7
0.022,0.962,28.7
0.086,0.943,28.7
0.247,0.914,28.7
0.377,0.919,28.7
0.572,0.923,28.7
0.672,0.922,28.7
0.517,0.916,28.7
0.402,0.907,28.7
0.222,0.876,28.7
0.077,0.827,28.7
0.0,0.815,28.7
0.0,0.802,28.7
0.0,0.771,28.7
0.0,0.73,28.7
0.0,0.743,28.7
0.0,0.737,28.7
0.0,0.778,28.7
0.0,0.829,28.7
0.0,0.854,28.7
0.0,0.848,28.7
0.0,0.855,28.7
0.0,0.859,28.7
0.0,0.832,28.7
0.0,0.85,28.7
0.11,0.829,28.7
0.284,0.822,28.7
0.467,0.829,28.7
0.601,0.808,28.7
0.367,0.778,28.7
0.372,0.792,28.7
0.306,0.776,28.7
0.183,0.737,28.7
0.056,0.719,28.7
0.008,0.71,28.7
0.0,0.709,28.7
0.0,0.74,28.7
0.0,0.845,28.7
0.0,0.898,28.7
0.0,0.937,28.7
0.0,0.962,28.7
0.0,0.969,28.7
0.0,0.965,28.7
0.0,0.957,28.7
0.0,0.93,28.7
0.0,0.93,28.7
0.0,0.931,28.7
0.0,0.929,28.7
0.0,0.921,28.7
0.018,0.913,28.7
0.038,0.92,28.7
0.074,0.929,28.7
0.123,0.939,28.7
0.23,0.956,28.7
0.234,0.971,28.7
0.15,0.973,28.7
0.116,0.962,28.7
0.092,0.955,28.7
0.045,0.958,28.7
0.0,0.961,28.7
0.0,0.961,28.7
0.0,0.96,28.7
0.0,0.959,28.7
0.0,0.964,28.7
0.0,0.968,28.7
0.0,0.961,28.7
0.0,0.967,28.7
0.0,0.967,28.7
0.0,0.962,28.7
0.0,0.964,28.7
0.0,0.95,28.7
0.0,0.949,28.7
0.0,0.94,28.7
0.021,0.92,28.7
0.06,0.887,28.7
0.11,0.873,28.7
0.136,0.88,28.7
0.159,0.882,28.7
0.177,0.885,28.7
0.174,0.901,28.7
0.163,0.924,28.7
0.106,0.93,28.7
0.04,0.935,28.7
0.0,0.952,28.7
0.0,0.967,28.7
0.0,0.976,28.7
0.0,0.983,28.7
0.0,0.984,28.7
0.0,0.983,28.7
0.0,0.981,28.7
0.0,0.977,28.7
0.0,0.971,28.7
0.0,0.955,28.7
0.0,0.928,28.7
0.0,0.889,28.7
0.0,0.844,28.7
0.009,0.802,28.7
0.183,0.702,28.7
0.415,0.802,28.7
0.583,0.893,28.7
0.67,0.915,28.7
0.68,0.93,28.7
0.676,0.945,28.7
0.551,0.957,28.7
0.383,0.96,28.7
0.298,0.958,28.7
0.138,0.938,28.7
0.009,0.916,28.7
0.0,0.907,28.7
0.0,0.894,28.7
0.0,0.881,28.7
0.0,0.881,28.7
0.0,0.895,28.7
0.0,0.905,28.7
0.0,0.914,28.7
0.0,0.907,28.7
0.0,0.901,28.7
0.0,0.896,28.7
0.0,0.877,28.7
0.0,0.844,28.7
0.004,0.795,28.7
0.117,0.712,28.7
0.341,0.7,28.7
0.568,0.661,28.7
0.682,0.571,28.7
0.735,0.494,28.7
0.737,0.43,28.7
0.66,0.39,28.7
0.552,0.354,28.7
0.393,0.308,28.7
0.175,0.231,28.7
0.01,0.15,28.7
0.0,0.099,28.7
0.0,0.105,28.7
0.0,0.174,28.7
0.0,0.279,28.7
0.0,0.386,28.7
0.0,0.432,28.7
0.0,0.484,28.7
0.0,0.586,28.7
0.0,0.684,28.7
0.0,0.686,28.7
0.0,0.692,28.7
0.0,0.712,28.7
0.0,0.737,28.7
0.026,0.739,28.7
0.08,0.666,28.7
0.192,0.63,28.7
0.331,0.626,28.7
0.329,0.627,28.7
0.291,0.642,28.7
0.247,0.667,28.7
0.211,0.69,28.7
0.134,0.653,28.7
0.065,0.555,28.7
0.001,0.488,28.7
0.0,0.459,28.7
0.0,0.444,28.7
0.0,0.479,28.7
0.0,0.559,28.7
0.0,0.623,28.7
0.0,0.652,28.7
0.0,0.674,28.7
0.0,0.678,28.7
0.0,0.682,28.7
0.0,0.692,28.7
0.0,0.675,28.7
0.0,0.706,28.7
0.0,0.72,28.7
0.031,0.731,28.7
0.088,0.756,28.7
0.2,0.796,28.7
0.418,0.868,28.7
0.43,0.874,28.7
0.309,0.844,28.7
0.272,0.791,28.7
0.239,0.725,28.7
0.121,0.627,28.7
0.039,0.526,28.7
0.0,0.484,28.7
0.0,0.457,28.7
0.0,0.42,28.7
0.0,0.367,28.7
0.0,0.294,28.7
0.0,0.278,28.7
0.0,0.229,28.7
0.0,0.146,28.7
0.0,0.234,28.7
0.0,0.309,28.7
0.0,0.307,28.7
0.0,0.326,28.7
0.0,0.381,28.7
0.001,0.352,28.7
0.071,0.279,28.7
0.137,0.249,28.7
0.215,0.213,28.7
0.392,0.202,28.7
0.479,0.218,28.7
0.486,0.22,28.7
0.49,0.202,28.7
0.489,0.167,28.7
0.381,0.138,28.7
0.215,0.123,28.7
0.027,0.145,28.7
0.0,0.146,28.7
0.0,0.141,28.7
0.0,0.155,28.7
0.0,0.152,28.7
0.0,0.123,28.7
0.0,0.086,28.7
0.0,0.08,28.7
0.0,0.11,28.7
0.0,0.156,28.7
0.0,0.174,28.7
0.0,0.16,28.7
0.0,0.148,28.7
0.034,0.134,28.7
0.248,0.113,28.7
0.479,0.101,28.7
0.656,0.126,28.7
0.759,0.145,28.7
0.805,0.155,28.7
0.797,0.163,28.7
0.733,0.161,28.7
0.612,0.158,28.7
0.428,0.157,28.7
0.18,0.144,28.7
0.015,0.131,28.7
0.0,0.112,28.7
0.0,0.106,28.7
0.0,0.114,28.7
0.0,0.142,28.7
0.0,0.183,28.7
0.0,0.226,28.7
0.0,0.261,28.7
0.0,0.295,28.7
0.0,0.318,28.7
0.0,0.362,28.7
0.0,0.416,28.7
0.0,0.454,28.7
0.031,0.457,28.7
0.223,0.343,28.7
0.455,0.257,28.7
0.612,0.344,28.7
0.721,0.353,28.7
0.772,0.355,28.7
0.769,0.355,28.7
0.713,0.338,28.7
0.604,0.305,28.7
0.441,0.249,28.7
0.23,0.179,28.7
0.034,0.14,28.7
0.0,0.105,28.7
0.0,0.082,28.7
0.0,0.063,28.7
0.0,0.047,28.7
0.0,0.031,28.7
0.0,0.018,28.7
0.0,0.013,28.7
0.0,0.014,28.7
0.0,0.022,28.7
0.0,0.04,28.7
0.0,0.071,28.7
0.0,0.104,28.7
0.026,0.128,28.7
0.169,0.101,28.7
0.347,0.068,28.7
0.503,0.068,28.7
0.589,0.041,28.7
0.538,0.02,28.7
0.462,0.014,28.7
0.352,0.021,28.7
0.243,0.045,28.7
0.144,0.128,28.7
0.059,0.302,28.7
0.003,0.448,28.7
0.0,0.516,28.7
0.0,0.521,28.7
0.0,0.509,28.7
0.0,0.495,28.7
0.0,0.493,28.7
0.0,0.51,28.7
0.0,0.526,28.7
0.0,0.543,28.7
0.0,0.548,28.7
0.0,0.566,28.7
0.0,0.584,28.7
0.0,0.645,28.7
0.006,0.627,28.7
0.061,0.661,28.7
0.14,0.69,28.7
0.225,0.739,28.7
0.284,0.759,28.7
0.302,0.763,28.7
0.296,0.773,28.7
0.263,0.802,28.7
0.182,0.842,28.7
0.099,0.874,28.7
0.042,0.895,28.7
0.0,0.894,28.7
0.0,0.898,28.7
0.0,0.9,28.7
0.0,0.899,28.7
0.0,0.894,28.7
0.0,0.88,28.7
0.0,0.868,28.7
0.0,0.862,28.7
0.0,0.862,28.7
0.0,0.866,28.7
0.0,0.867,28.7
0.0,0.863,28.7
0.0,0.844,28.7
0.009,0.829,28.7
0.105,0.847,28.7
0.288,0.869,28.7
0.452,0.876,28.7
0.524,0.874,28.7
0.586,0.862,28.7
0.538,0.846,28.7
0.532,0.833,28.7
0.448,0.829,28.7
0.273,0.836,28.7
0.11,0.833,28.7
0.015,0.793,28.7
0.0,0.782,28.7
0.0,0.732,28.7
0.0,0.697,28.7
0.0,0.697,28.7
0.0,0.77,28.7
0.0,0.8,28.7
0.0,0.765,28.7
0.0,0.765,28.7
0.0,0.769,28.7
0.0,0.739,28.7
0.0,0.718,28.7
0.0,0.724,28.7
0.038,0.748,28.7
0.242,0.784,28.7
0.461,0.808,28.7
0.63,0.806,28.7
0.733,0.825,28.7
0.772,0.849,28.7
0.746,0.867,28.7
0.627,0.873,28.7
0.471,0.866,28.7
0.353,0.854,28.7
0.206,0.813,28.7
0.039,0.787,28.7
0.0,0.826,28.7
0.0,0.86,28.7
0.0,0.863,28.7
0.0,0.873,28.7
0.0,0.896,28.7
0.0,0.902,28.7
0.0,0.887,28.7
0.0,0.847,28.7
0.0,0.825,28.7
0.0,0.816,28.7
0.0,0.817,28.7
0.0,0.82,28.7
0.063,0.821,28.7
0.307,0.826,28.7
0.536,0.824,28.7
0.704,0.75,28.7
0.808,0.682,28.7
0.853,0.633,28.7
0.843,0.591,28.7
0.782,0.566,28.7
0.668,0.566,28.7
0.495,0.566,28.7
0.275,0.51,28.7
0.055,0.557,28.7
0.0,0.647,28.7
0.0,0.676,28.7
0.0,0.668,28.7
0.0,0.672,28.7
0.0,0.665,28.7
0.0,0.647,28.7
0.0,0.633,28.7
0.0,0.65,28.7
0.0,0.638,28.7
0.0,0.618,28.7
0.0,0.598,28.7
0.0,0.591,28.7
0.066,0.545,28.7
0.309,0.399,28.7
0.537,0.408,28.7
0.705,0.403,28.7
0.809,0.416,28.7
0.854,0.418,28.7
0.845,0.42,28.7
0.786,0.421,28.7
0.674,0.412,28.7
0.506,0.393,28.7
0.287,0.349,28.7
0.062,0.42,28.7
0.0,0.528,28.7
0.0,0.614,28.7
0.0,0.686,28.7
0.0,0.718,28.7
0.0,0.697,28.7
0.0,0.656,28.7
0.0,0.615,28.7
0.0,0.574,28.7
0.0,0.544,28.7
0.0,0.525,28.7
0.0,0.511,28.7
0.0,0.496,28.7
0.068,0.436,28.7
0.309,0.249,28.7
0.535,0.159,28.7
0.699,0.175,28.7
0.803,0.205,28.7
0.851,0.26,28.7
0.846,0.294,28.7
0.789,0.314,28.7
0.678,0.347,28.7
0.511,0.413,28.7
0.292,0.466,28.7
0.066,0.561,28.7
0.0,0.644,28.7
0.0,0.639,28.7
0.0,0.618,28.7
0.0,0.601,28.7
0.0,0.583,28.7
0.0,0.56,28.7
0.0,0.538,28.7
0.0,0.51,28.7
0.0,0.484,28.7
0.0,0.459,28.7
0.0,0.466,28.7
0.0,0.495,28.7
0.06,0.486,28.7
0.292,0.348,28.7
0.515,0.404,28.7
0.683,0.75,28.7
0.793,0.765,28.7
0.842,0.766,28.7
0.826,0.774,28.7
0.769,0.782,28.7
0.657,0.788,28.7
0.481,0.786,28.7
0.267,0.746,28.7
0.058,0.716,28.7
0.0,0.731,28.7
0.0,0.695,28.7
0.0,0.615,28.7
0.0,0.51,28.7
0.0,0.403,28.7
0.0,0.316,28.7
0.0,0.27,28.7
0.0,0.258,28.7
0.0,0.278,28.7
0.0,0.332,28.7
0.0,0.4,28.7
0.0,0.453,28.7
0.045,0.444,28.7
0.225,0.337,28.7
0.434,0.36,28.7
0.596,0.484,28.7
0.715,0.481,28.7
0.778,0.447,28.7
0.752,0.453,28.7
0.695,0.501,28.7
0.581,0.564,28.7
0.414,0.619,28.7
0.212,0.642,28.7
0.043,0.636,28.7
0.0,0.702,28.7
0.0,0.718,28.7
0.0,0.724,28.7
0.0,0.695,28.7
0.0,0.652,28.7
0.0,0.586,28.7
0.0,0.525,28.7
0.0,0.504,28.7
0.0,0.523,28.7
0.0,0.535,28.7
0.0,0.554,28.7
0.0,0.565,28.7
0.019,0.577,28.7
0.105,0.616,28.7
0.285,0.69,28.7
0.544,0.742,28.7
0.676,0.791,28.7
0.733,0.838,28.7
0.716,0.875,28.7
0.655,0.909,28.7
0.541,0.939,28.7
0.392,0.961,28.7
0.2,0.97,28.7
0.043,0.97,28.7
0.0,0.971,28.7
0.0,0.971,28.7
0.0,0.966,28.7
0.0,0.967,28.7
0.0,0.97,28.7
0.0,0.97,28.7
0.0,0.971,28.7
0.0,0.967,28.7
0.0,0.964,28.7
0.0,0.959,28.7
0.0,0.953,28.7
0.0,0.957,28.7
0.055,0.965,28.7
0.215,0.973,28.7
0.396,0.979,28.7
0.458,0.98,28.7
0.435,0.982,28.7
0.436,0.986,28.7
0.479,0.988,28.7
0.525,0.989,28.7
0.407,0.99,28.7
0.324,0.991,28.7
0.205,0.991,28.7
0.053,0.991,28.7
0.0,0.99,28.7
0.0,0.99,28.7
0.0,0.988,28.7
0.0,0.983,28.7
0.0,0.975,28.7
0.0,0.962,28.7
0.0,0.945,28.7
0.0,0.925,28.7
0.0,0.921,28.7
0.0,0.914,28.7
0.0,0.899,28.7
0.0,0.877,28.7
0.081,0.848,28.7
0.305,0.856,28.7
0.509,0.884,28.7
0.659,0.874,28.7
0.759,0.858,28.7
0.799,0.846,28.7
0.788,0.847,28.7
0.727,0.85,28.7
0.61,0.853,28.7
0.446,0.86,28.7
0.256,0.862,28.7
0.066,0.833,28.7
0.0,0.803,28.7
0.0,0.797,28.7
0.0,0.796,28.7
0.0,0.786,28.7
0.0,0.76,28.7
0.0,0.718,28.7
0.0,0.682,28.7
0.0,0.658,28.7
0.0,0.594,28.7
0.0,0.619,28.7
0.0,0.621,28.7
0.0,0.613,28.7
0.043,0.627,28.7
0.183,0.692,28.7
0.473,0.701,28.7
0.651,0.675,28.7
0.74,0.656,28.7
0.799,0.666,28.7
0.813,0.69,28.7
0.774,0.72,28.7
0.667,0.75,28.7
0.505,0.779,28.7
0.297,0.789,28.7
0.081,0.794,28.7
0.0,0.825,28.7
0.0,0.815,28.7
0.0,0.793,28.7
0.0,0.762,28.7
0.0,0.725,28.7
0.0,0.685,28.7
0.0,0.645,28.7
0.0,0.603,28.7
0.0,0.556,28.7
0.0,0.481,28.7
0.0,0.41,28.7
0.0,0.356,28.7
0.075,0.255,28.7
0.316,0.143,28.7
0.53,0.138,28.7
0.688,0.142,28.7
0.791,0.118,28.7
0.841,0.112,28.7
0.839,0.141,28.7
0.785,0.197,28.7
0.678,0.261,28.7
0.516,0.316,28.7
0.305,0.364,28.7
0.086,0.414,28.7
0.0,0.472,28.7
0.0,0.458,28.7
0.0,0.413,28.7
0.0,0.363,28.7
0.0,0.299,28.7
0.0,0.233,28.7
0.0,0.174,28.7
0.0,0.128,28.7
0.0,0.09,28.7
0.0,0.065,28.7
0.0,0.058,28.7
0.0,0.064,28.7
0.067,0.084,28.7
0.261,0.106,28.7
0.471,0.135,28.7
0.625,0.155,28.7
0.719,0.173,28.7
0.775,0.203,28.7
0.771,0.249,28.7
0.731,0.293,28.7
0.635,0.332,28.7
0.48,0.375,28.7
0.276,0.414,28.7
0.058,0.408,28.7
0.0,0.465,28.7
0.0,0.554,28.7
0.0,0.607,28.7
0.0,0.636,28.7
0.0,0.666,28.7
0.0,0.647,28.7
0.0,0.586,28.7
0.0,0.502,28.7
0.0,0.431,28.7
0.0,0.364,28.7
0.0,0.32,28.7
0.0,0.278,28.7
0.049,0.225,28.7
0.19,0.158,28.7
0.357,0.132,28.7
0.557,0.148,28.7
0.63,0.163,28.7
0.535,0.198,28.7
0.695,0.254,28.7
0.661,0.331,28.7
0.534,0.39,28.7
0.405,0.406,28.7
0.247,0.349,28.7
0.08,0.249,28.7
0.0,0.169,28.7
0.0,0.09,28.7
0.0,0.037,28.7
0.0,0.012,28.7
0.0,0.01,28.7
0.0,0.026,28.7
0.0,0.064,28.7
0.0,0.102,28.7
0.0,0.116,28.7
0.0,0.112,28.7
0.0,0.117,28.7
0.0,0.125,28.7
0.033,0.133,28.7
0.142,0.149,28.7
0.45,0.179,28.7
0.664,0.231,28.7
0.761,0.262,28.7
0.809,0.265,28.7
0.808,0.277,28.7
0.754,0.302,28.7
0.651,0.345,28.7
0.501,0.402,28.7
0.301,0.452,28.7
0.092,0.55,28.7
0.0,0.697,28.7
0.0,0.791,28.7
0.0,0.817,28.7
0.0,0.797,28.7
0.0,0.755,28.7
0.0,0.743,28.7
0.0,0.732,28.7
0.0,0.717,28.7
0.0,0.699,28.7
0.0,0.683,28.7
0.0,0.682,28.7
0.0,0.672,28.7
0.09,0.618,28.7
0.323,0.504,28.7
0.53,0.53,28.7
0.684,0.631,28.7
0.781,0.717,28.7
0.824,0.788,28.7
0.818,0.825,28.7
0.764,0.84,28.7
0.659,0.844,28.7
0.502,0.84,28.7
0.302,0.829,28.7
0.093,0.847,28.7
0.0,0.879,28.7
0.0,0.893,28.7
0.0,0.895,28.7
0.0,0.894,28.7
0.0,0.862,28.7
0.0,0.831,28.7
0.0,0.8,28.7
0.0,0.772,28.7
0.0,0.743,28.7
0.0,0.711,28.7
0.0,0.677,28.7
0.0,0.621,28.7
0.032,0.491,28.7
0.072,0.363,28.7
0.141,0.311,28.7
0.333,0.344,28.7
0.381,0.347,28.7
0.4,0.329,28.7
0.376,0.326,28.7
0.355,0.302,28.7
0.278,0.26,28.7
0.251,0.219,28.7
0.22,0.181,28.7
0.08,0.167,28.7
0.0,0.168,28.7
0.0,0.141,28.7
0.0,0.11,28.7
0.0,0.085,28.7
0.0,0.07,28.7
0.0,0.071,28.7
0.0,0.093,28.7
0.0,0.136,28.7
0.0,0.2,28.7
0.0,0.254,28.7
0.0,0.287,28.7
0.0,0.311,28.7
0.028,0.302,28.7
0.111,0.225,28.7
0.241,0.171,28.7
0.393,0.229,28.7
0.601,0.283,28.7
0.646,0.281,28.7
0.613,0.267,28.7
0.545,0.253,28.7
0.468,0.249,28.7
0.339,0.249,28.7
0.173,0.259,28.7
0.038,0.368,28.7
0.0,0.491,28.7
0.0,0.54,28.7
0.0,0.516,28.7
0.0,0.471,28.7
0.0,0.42,28.7
0.0,0.355,28.7
0.0,0.278,28.7
0.0,0.194,28.7
0.0,0.119,28.7
0.0,0.065,28.7
0.0,0.033,28.7
0.0,0.016,28.7
0.075,0.012,28.7
0.268,0.012,28.7
0.481,0.012,28.7
0.627,0.018,28.7
0.717,0.021,28.7
0.761,0.015,28.7
0.757,0.012,28.7
0.7,0.015,28.7
0.587,0.025,28.7
0.416,0.038,28.7
0.248,0.053,28.7
0.081,0.077,28.7
0.0,0.124,28.7
0.0,0.17,28.7
0.0,0.201,28.7
0.0,0.224,28.7
0.0,0.243,28.7
0.0,0.252,28.7
0.0,0.251,28.7
0.0,0.244,28.7
0.0,0.237,28.7
0.0,0.248,28.7
0.0,0.269,28.7
0.0,0.278,28.7
0.093,0.255,28.7
0.289,0.167,28.7
0.481,0.092,28.7
0.627,0.076,28.7
0.72,0.08,28.7
0.766,0.072,28.7
0.759,0.07,28.7
0.711,0.075,28.7
0.614,0.088,28.7
0.469,0.112,28.7
0.281,0.154,28.7
0.092,0.219,28.7
0.0,0.334,28.7
0.0,0.488,28.7
0.0,0.611,28.7
0.0,0.687,28.7
0.0,0.722,28.7
0.0,0.72,28.7
0.0,0.701,28.7
0.0,0.67,28.7
0.0,0.635,28.7
0.0,0.61,28.7
0.0,0.589,28.7
0.0,0.558,28.7
0.093,0.438,28.7
0.293,0.279,28.7
0.485,0.204,28.7
0.628,0.178,28.7
0.72,0.193,28.7
0.765,0.191,28.7
0.756,0.182,28.7
0.707,0.175,28.7
0.609,0.168,28.7
0.461,0.166,28.7
0.263,0.166,28.7
0.08,0.162,28.7
0.0,0.209,28.7
0.0,0.337,28.7
0.0,0.472,28.7
0.0,0.562,28.7
0.0,0.608,28.7
0.0,0.613,28.7
0.0,0.595,28.7
0.0,0.573,28.7
0.0,0.553,28.7
0.0,0.531,28.7
0.0,0.498,28.7
0.0,0.447,28.7
0.087,0.337,28.7
0.26,0.187,28.7
0.443,0.096,28.7
0.591,0.048,28.7
0.693,0.021,28.7
0.762,0.005,28.7
0.738,0.002,28.7
0.649,0.006,28.7
0.553,0.016,28.7
0.416,0.032,28.7
0.265,0.042,28.7
0.09,0.06,28.7
0.0,0.079,28.7
0.0,0.077,28.7
0.0,0.057,28.7
0.0,0.035,28.7
0.0,0.019,28.7
0.0,0.011,28.7
0.0,0.01,28.7
0.0,0.017,28.7
0.0,0.033,28.7
0.0,0.061,28.7
0.0,0.095,28.7
0.0,0.127,28.7
0.102,0.153,28.7
0.296,0.125,28.7
0.488,0.077,28.7
0.629,0.06,28.7
0.724,0.083,28.7
0.773,0.087,28.7
0.763,0.085,28.7
0.713,0.076,28.7
0.611,0.057,28.7
0.448,0.026,28.7
0.229,0.008,28.7
0.077,0.034,28.7
0.0,0.142,28.7
0.0,0.319,28.7
0.0,0.477,28.7
0.0,0.545,28.7
0.0,0.525,28.7
0.0,0.467,28.7
0.0,0.401,28.7
0.0,0.38,28.7
0.0,0.469,28.7
0.0,0.666,28.7
0.0,0.824,28.7
0.0,0.874,28.7
0.063,0.955,28.7
0.203,0.976,28.7
0.406,0.979,28.7
0.574,0.973,28.7
0.71,0.959,28.7
0.779,0.949,28.7
0.784,0.956,28.7
0.745,0.964,28.7
0.649,0.963,28.7
0.503,0.958,28.7
0.31,0.952,28.7
0.11,0.937,28.7
0.001,0.94,28.7
0.0,0.941,28.7
0.0,0.932,28.7
0.0,0.916,28.7
0.0,0.878,28.7
0.0,0.837,28.7
0.0,0.814,28.7
0.0,0.806,28.7
0.0,0.792,28.7
0.0,0.777,28.7
0.0,0.762,28.7
0.0,0.746,28.7
0.126,0.7,28.7
0.354,0.73,28.7
0.559,0.653,28.7
0.711,0.558,28.7
0.807,0.51,28.7
0.852,0.526,28.7
0.846,0.544,28.7
0.791,0.539,28.7
0.687,0.519,28.7
0.532,0.518,28.7
0.332,0.556,28.7
0.117,0.58,28.7
0.001,0.644,28.7
0.0,0.707,28.7
0.0,0.708,28.7
0.0,0.687,28.7
0.0,0.665,28.7
0.0,0.643,28.7
0.0,0.617,28.7
0.0,0.586,28.7
0.0,0.579,28.7
0.0,0.568,28.7
0.0,0.55,28.7
0.001,0.525,28.7
0.126,0.4,28.7
0.348,0.311,28.7
0.547,0.526,28.7
0.696,0.61,28.7
0.791,0.623,28.7
0.834,0.638,28.7
0.831,0.642,28.7
0.783,0.618,28.7
0.683,0.568,28.7
0.531,0.526,28.7
0.334,0.443,28.7
0.12,0.44,28.7
0.001,0.563,28.7
0.0,0.654,28.7
0.0,0.678,28.7
0.0,0.678,28.7
0.0,0.651,28.7
0.0,0.607,28.7
0.0,0.58,28.7
0.0,0.583,28.7
0.0,0.578,28.7
0.0,0.538,28.7
0.0,0.487,28.7
0.001,0.444,28.7
0.058,0.343,28.7
0.137,0.226,28.7
0.304,0.201,28.7
0.577,0.206,28.7
0.709,0.176,28.7
0.754,0.168,28.7
0.721,0.18,28.7
0.634,0.195,28.7
0.542,0.196,28.7
0.424,0.171,28.7
0.263,0.133,28.7
0.092,0.11,28.7
0.001,0.095,28.7
0.0,0.101,28.7
0.0,0.113,28.7
0.0,0.141,28.7
0.0,0.176,28.7
0.0,0.213,28.7
0.0,0.254,28.7
0.0,0.297,28.7
0.0,0.344,28.7
0.0,0.403,28.7
0.0,0.457,28.7
0.0,0.473,28.7
0.017,0.434,28.7
0.046,0.386,28.7
0.095,0.346,28.7
0.156,0.334,28.7
0.265,0.332,28.7
0.503,0.317,28.7
0.713,0.259,28.7
0.658,0.175,28.7
0.525,0.103,28.7
0.343,0.067,28.7
0.174,0.046,28.7
0.07,0.037,28.7
0.001,0.045,28.7
0.0,0.09,28.7
0.0,0.173,28.7
0.0,0.285,28.7
0.0,0.365,28.7
0.0,0.352,28.7
0.0,0.314,28.7
0.0,0.319,28.7
0.0,0.355,28.7
0.0,0.369,28.7
0.0,0.364,28.7
0.005,0.346,28.7
0.116,0.248,28.7
0.294,0.169,28.7
0.483,0.152,28.7
0.632,0.131,28.7
0.74,0.121,28.7
0.768,0.12,28.7
0.713,0.126,28.7
0.631,0.131,28.7
0.528,0.131,28.7
0.402,0.128,28.7
0.201,0.148,28.7
0.098,0.206,28.7
0.005,0.316,28.7
0.0,0.414,28.7
0.0,0.433,28.7
0.0,0.413,28.7
0.0,0.375,28.7
0.0,0.345,28.7
0.0,0.32,28.7
0.0,0.301,28.7
0.0,0.273,28.7
0.0,0.266,28.7
0.0,0.308,28.7
0.006,0.364,28.7
0.105,0.382,28.7
0.272,0.379,28.7
0.452,0.366,28.7
0.594,0.369,28.7
0.674,0.391,28.7
0.714,0.422,28.7
0.699,0.449,28.7
0.636,0.48,28.7
0.555,0.528,28.7
0.457,0.583,28.7
0.277,0.626,28.7
0.086,0.61,28.7
0.003,0.599,28.7
0.0,0.604,28.7
0.0,0.571,28.7
0.0,0.556,28.7
0.0,0.559,28.7
0.0,0.566,28.7
0.0,0.571,28.7
0.0,0.571,28.7
0.0,0.567,28.7
0.0,0.571,28.7
0.0,0.563,28.7
0.008,0.57,28.7
0.117,0.601,28.7
0.318,0.647,28.7
0.509,0.727,28.7
0.655,0.779,28.7
0.75,0.801,28.7
0.794,0.792,28.7
0.791,0.775,28.7
0.737,0.763,28.7
0.628,0.765,28.7
0.465,0.779,28.7
0.249,0.768,28.7
0.086,0.785,28.7
0.004,0.824,28.7
0.0,0.849,28.7
0.0,0.834,28.7
0.0,0.768,28.7
0.0,0.711,28.7
0.0,0.705,28.7
0.0,0.697,28.7
0.0,0.698,28.7
0.0,0.696,28.7
0.0,0.682,28.7
0.0,0.661,28.7
0.009,0.618,28.7
0.094,0.513,28.7
0.237,0.484,28.7
0.439,0.57,28.7
0.625,0.623,28.7
0.749,0.677,28.7
0.792,0.688,28.7
0.787,0.679,28.7
0.735,0.658,28.7
0.637,0.638,28.7
0.49,0.623,28.7
0.302,0.59,28.7
0.112,0.566,28.7
0.008,0.59,28.7
0.0,0.574,28.7
0.0,0.496,28.7
0.0,0.413,28.7
0.0,0.374,28.7
0.0,0.4,28.7
0.0,0.451,28.7
0.0,0.517,28.7
0.0,0.532,28.7
0.0,0.526,28.7
0.0,0.525,28.7
0.01,0.504,28.7
0.128,0.371,28.7
0.334,0.259,28.7
0.528,0.303,28.7
0.679,0.401,28.7
0.778,0.473,28.7
0.825,0.498,28.7
0.823,0.487,28.7
0.77,0.466,28.7
0.669,0.43,28.7
0.52,0.399,28.7
0.329,0.379,28.7
0.128,0.396,28.7
0.011,0.444,28.7
0.0,0.451,28.7
0.0,0.413,28.7
0.0,0.359,28.7
0.0,0.302,28.7
0.0,0.235,28.7
0.0,0.171,28.7
0.0,0.119,28.7
0.0,0.079,28.7
0.0,0.053,28.7
0.0,0.037,28.7
0.012,0.027,28.7
0.137,0.021,28.7
0.342,0.013,28.7
0.529,0.012,28.7
0.667,0.019,28.7
0.755,0.012,28.7
0.797,0.004,28.7
0.793,0.002,28.7
0.743,0.012,28.7
0.646,0.024,28.7
0.484,0.039,28.7
0.307,0.068,28.7
0.116,0.108,28.7
0.012,0.181,28.7
0.0,0.225,28.7
0.0,0.217,28.7
0.0,0.168,28.7
0.0,0.112,28.7
0.0,0.062,28.7
0.0,0.034,28.7
0.0,0.02,28.7
0.0,0.025,28.7
0.0,0.045,28.7
0.0,0.062,28.7
0.012,0.062,28.7
0.105,0.035,28.7
0.299,0.017,28.7
0.475,0.013,28.7
0.6,0.016,28.7
0.659,0.024,28.7
0.734,0.035,28.7
0.732,0.048,28.7
0.661,0.061,28.7
0.543,0.076,28.7
0.412,0.096,28.7
0.256,0.144,28.7
0.108,0.22,28.7
0.013,0.283,28.7
0.0,0.302,28.7
0.0,0.274,28.7
0.0,0.243,28.7
0.0,0.233,28.7
0.0,0.246,28.7
0.0,0.272,28.7
0.0,0.295,28.7
0.0,0.312,28.7
0.0,0.311,28.7
0.0,0.309,28.7
0.005,0.302,28.7
0.061,0.256,28.7
0.134,0.251,28.7
0.223,0.272,28.7
0.305,0.268,28.7
0.363,0.243,28.7
0.42,0.211,28.7
0.463,0.183,28.7
0.506,0.17,28.7
0.518,0.176,28.7
0.438,0.209,28.7
0.289,0.269,28.7
0.125,0.355,28.7
0.017,0.473,28.7
0.0,0.555,28.7
0.0,0.55,28.7
0.0,0.501,28.7
0.0,0.444,28.7
0.0,0.388,28.7
0.0,0.338,28.7
0.0,0.305,28.7
0.0,0.284,28.7
0.0,0.274,28.7
0.0,0.259,28.7
0.017,0.228,28.7
0.132,0.142,28.7
0.318,0.085,28.7
0.5,0.064,28.7
0.65,0.047,28.7
0.74,0.025,28.7
0.781,0.009,28.7
0.777,0.002,28.7
0.725,0.018,28.7
0.622,0.035,28.7
0.444,0.05,28.7
0.271,0.067,28.7
0.122,0.093,28.7
0.017,0.139,28.7
0.0,0.183,28.7
0.0,0.185,28.7
0.0,0.182,28.7
0.0,0.179,28.7
0.0,0.164,28.7
0.0,0.141,28.7
0.0,0.115,28.7
0.0,0.108,28.7
0.0,0.12,28.7
0.0,0.128,28.7
0.021,0.122,28.7
0.142,0.079,28.7
0.309,0.044,28.7
0.434,0.055,28.7
0.533,0.068,28.7
0.548,0.075,28.7
0.497,0.075,28.7
0.46,0.068,28.7
0.385,0.049,28.7
0.293,0.027,28.7
0.164,0.012,28.7
0.082,0.023,28.7
0.031,0.061,28.7
0.0,0.129,28.7
0.0,0.199,28.7
0.0,0.254,28.7
0.0,0.303,28.7
0.0,0.328,28.7
0.0,0.332,28.7
0.0,0.366,28.7
0.0,0.491,28.7
0.0,0.602,28.7
0.0,0.702,28.7
0.0,0.703,28.7
0.017,0.632,28.7
0.107,0.571,28.7
0.239,0.556,28.7
0.467,0.528,28.7
0.615,0.52,28.7
0.579,0.507,28.7
0.5,0.504,28.7
0.499,0.51,28.7
0.433,0.516,28.7
0.366,0.514,28.7
0.292,0.505,28.7
0.173,0.472,28.7
0.081,0.415,28.7
0.011,0.385,28.7
0.0,0.413,28.7
0.0,0.463,28.7
0.0,0.507,28.7
0.0,0.543,28.7
0.0,0.543,28.7
0.0,0.527,28.7
0.0,0.527,28.7
0.0,0.528,28.7
0.0,0.494,28.7
0.0,0.454,28.7
0.022,0.418,28.7
0.132,0.442,28.7
0.304,0.637,28.7
0.321,0.786,28.7
0.215,0.86,28.7
0.166,0.906,28.7
0.102,0.929,28.7
0.144,0.92,28.7
0.151,0.904,28.7
0.148,0.861,28.7
0.124,0.754,28.7
0.069,0.674,28.7
0.025,0.644,28.7
0.0,0.657,28.7
0.0,0.706,28.7
0.0,0.762,28.7
0.0,0.815,28.7
0.0,0.865,28.7
0.0,0.929,28.7
0.0,0.94,28.7
0.0,0.938,28.7
0.0,0.895,28.7
0.0,0.79,28.7
0.0,0.689,28.7
0.027,0.675,28.7
0.142,0.713,28.7
0.273,0.8,28.7
0.288,0.882,28.7
0.26,0.904,28.7
0.322,0.912,28.7
0.366,0.924,28.7
0.271,0.95,28.7
0.261,0.968,28.7
0.211,0.971,28.7
0.25,0.967,28.7
0.241,0.952,28.7
0.079,0.914,28.7
0.016,0.874,28.7
0.0,0.86,28.7
0.0,0.866,28.7
0.0,0.856,28.7
0.0,0.833,28.7
0.0,0.82,28.7
0.0,0.766,28.7
0.0,0.695,28.7
0.0,0.678,28.7
0.0,0.682,28.7
0.0,0.686,28.7
0.022,0.706,28.7
0.128,0.77,28.7
0.279,0.846,28.7
0.416,0.862,28.7
0.537,0.863,28.7
0.659,0.871,28.7
0.67,0.885,28.7
0.562,0.896,28.7
0.604,0.906,28.7
0.609,0.91,28.7
0.441,0.913,28.7
0.297,0.914,28.7
0.13,0.896,28.7
0.025,0.866,28.7
0.0,0.821,28.7
0.0,0.792,28.7
0.0,0.765,28.7
0.0,0.746,28.7
0.0,0.675,28.7
0.0,0.644,28.7
0.0,0.644,28.7
0.0,0.63,28.7
0.0,0.581,28.7
0.0,0.555,28.7
0.025,0.509,28.7
0.152,0.447,28.7
0.342,0.488,28.7
0.525,0.454,28.7
0.676,0.401,28.7
0.789,0.331,28.7
0.842,0.278,28.7
0.839,0.231,28.7
0.775,0.185,28.7
0.566,0.142,28.7
0.306,0.11,28.7
0.145,0.089,28.7
0.07,0.058,28.7
0.009,0.045,28.7
0.0,0.053,28.7
0.0,0.066,28.7
0.0,0.101,28.7
0.0,0.16,28.7
0.0,0.247,28.7
0.0,0.373,28.7
0.0,0.432,28.7
0.0,0.457,28.7
0.0,0.476,28.7
0.0,0.459,28.7
0.0,0.412,28.7
0.021,0.351,28.7
0.081,0.252,28.7
0.235,0.198,28.7
0.405,0.267,28.7
0.545,0.4,28.7
0.492,0.501,28.7
0.327,0.538,28.7
0.25,0.542,28.7
0.203,0.51,28.7
0.218,0.464,28.7
0.182,0.413,28.7
0.096,0.337,28.7
0.02,0.233,28.7
0.0,0.178,28.7
0.0,0.133,28.7
0.0,0.107,28.7
0.0,0.085,28.7
0.0,0.063,28.7
0.0,0.042,28.7
0.0,0.03,28.7
0.0,0.024,28.7
0.0,0.022,28.7
0.0,0.024,28.7
0.017,0.028,28.7
0.104,0.038,28.7
0.235,0.053,28.7
0.385,0.063,28.7
0.461,0.077,28.7
0.548,0.097,28.7
0.553,0.119,28.7
0.538,0.194,28.7
0.532,0.319,28.7
0.507,0.428,28.7
0.33,0.547,28.7
0.226,0.652,28.7
0.125,0.59,28.7
0.03,0.682,28.7
0.0,0.839,28.7
0.0,0.874,28.7
0.0,0.858,28.7
0.0,0.81,28.7
0.0,0.714,28.7
0.0,0.669,28.7
0.0,0.815,28.7
0.0,0.816,28.7
0.0,0.809,28.7
0.0,0.808,28.7
0.026,0.792,28.7
0.101,0.792,28.7
0.172,0.849,28.7
0.225,0.871,28.7
0.261,0.854,28.7
0.288,0.75,28.7
0.342,0.532,28.7
0.355,0.386,28.7
0.237,0.367,28.7
0.136,0.398,28.7
0.126,0.395,28.7
0.145,0.341,28.7
0.125,0.3,28.7
0.029,0.302,28.7
0.0,0.386,28.7
0.0,0.491,28.7
0.0,0.58,28.7
0.0,0.627,28.7
0.0,0.618,28.7
0.0,0.586,28.7
0.0,0.518,28.7
0.0,0.42,28.7
0.0,0.337,28.7
0.0,0.287,28.7
0.026,0.245,28.7
0.163,0.168,28.7
0.362,0.154,28.7
0.541,0.183,28.7
0.677,0.229,28.7
0.766,0.23,28.7
0.808,0.193,28.7
0.803,0.152,28.7
0.754,0.128,28.7
0.658,0.121,28.7
0.517,0.14,28.7
0.337,0.201,28.7
0.143,0.32,28.7
0.028,0.468,28.7
0.0,0.575,28.7
0.0,0.618,28.7
0.0,0.62,28.7
0.0,0.597,28.7
0.0,0.568,28.7
0.0,0.544,28.7
0.0,0.519,28.7
0.0,0.49,28.7
0.0,0.484,28.7
0.0,0.481,28.7
0.031,0.447,28.7
0.121,0.322,28.7
0.298,0.187,28.7
0.489,0.149,28.7
0.598,0.149,28.7
0.618,0.094,28.7
0.664,0.061,28.7
0.657,0.054,28.7
0.596,0.064,28.7
0.504,0.084,28.7
0.401,0.107,28.7
0.279,0.132,28.7
0.14,0.144,28.7
0.032,0.169,28.7
0.0,0.211,28.7
0.0,0.234,28.7
0.0,0.251,28.7
0.0,0.266,28.7
0.0,0.289,28.7
0.0,0.309,28.7
0.0,0.307,28.7
0.0,0.292,28.7
0.0,0.299,28.7
0.0,0.314,28.7
0.014,0.316,28.7
0.088,0.281,28.7
0.136,0.197,28.7
0.251,0.134,28.7
0.394,0.194,28.7
0.506,0.289,28.7
0.595,0.261,28.7
0.474,0.202,28.7
0.323,0.152,28.7
0.252,0.119,28.7
0.168,0.113,28.7
0.101,0.104,28.7
0.047,0.122,28.7
0.007,0.191,28.7
0.0,0.259,28.7
0.0,0.3,28.7
0.0,0.303,28.7
0.0,0.294,28.7
0.0,0.296,28.7
0.0,0.297,28.7
0.0,0.272,28.7
0.0,0.227,28.7
0.0,0.172,28.7
0.0,0.128,28.7
0.034,0.106,28.7
0.163,0.07,28.7
0.34,0.072,28.7
0.5,0.144,28.7
0.621,0.242,28.7
0.704,0.313,28.7
0.717,0.323,28.7
0.618,0.291,28.7
0.433,0.249,28.7
0.277,0.204,28.7
0.193,0.183,28.7
0.128,0.189,28.7
0.066,0.201,28.7
0.012,0.231,28.7
0.0,0.282,28.7
0.0,0.324,28.7
0.0,0.311,28.7
0.0,0.267,28.7
0.0,0.23,28.7
0.0,0.195,28.7
0.0,0.163,28.7
0.0,0.168,28.7
0.0,0.144,28.7
0.0,0.105,28.7
0.011,0.079,28.7
0.044,0.073,28.7
0.102,0.093,28.7
0.225,0.227,28.7
0.376,0.295,28.7
0.305,0.201,28.7
0.179,0.176,28.7
0.195,0.309,28.7
0.239,0.51,28.7
0.231,0.699,28.7
0.174,0.839,28.7
0.099,0.919,28.7
0.043,0.963,28.7
0.005,0.981,28.7
0.0,0.988,28.7
0.0,0.99,28.7
0.0,0.99,28.7
0.0,0.991,28.7
0.0,0.991,28.7
0.0,0.991,28.7
0.0,0.991,28.7
0.0,0.991,28.7
0.0,0.991,28.7
0.0,0.991,28.7
0.02,0.991,28.7
0.096,0.991,28.7
0.221,0.991,28.7
0.319,0.991,28.7
0.457,0.991,28.7
0.669,0.991,28.7
0.801,0.991,28.7
0.813,0.991,28.7
0.766,0.991,28.7
0.671,0.991,28.7
0.53,0.99,28.7
0.345,0.988,28.7
0.154,0.983,28.7
0.038,0.975,28.7
0.0,0.964,28.7
0.0,0.941,28.7
0.0,0.918,28.7
0.0,0.897,28.7
0.0,0.861,28.7
0.0,0.82,28.7
0.0,0.78,28.7
0.0,0.729,28.7
0.0,0.669,28.7
0.0,0.611,28.7
0.039,0.525,28.7
0.144,0.484,28.7
0.284,0.432,28.7
0.44,0.364,28.7
0.587,0.332,28.7
0.694,0.31,28.7
0.698,0.272,28.7
0.653,0.239,28.7
0.587,0.228,28.7
0.464,0.251,28.7
0.287,0.31,28.7
0.141,0.367,28.7
0.064,0.395,28.7
0.019,0.42,28.7
0.0,0.481,28.7
0.0,0.498,28.7
0.0,0.459,28.7
0.0,0.429,28.7
0.0,0.425,28.7
0.0,0.408,28.7
0.0,0.382,28.7
0.0,0.37,28.7
0.0,0.388,28.7
0.0,0.422,28.7
0.037,0.414,28.7
0.16,0.4,28.7
0.345,0.502,28.7
0.507,0.513,28.7
0.675,0.534,28.7
0.759,0.599,28.7
0.791,0.692,28.7
0.74,0.768,28.7
0.687,0.826,28.7
0.589,0.876,28.7
0.429,0.917,28.7
0.309,0.937,28.7
0.152,0.939,28.7
0.037,0.928,28.7
0.0,0.92,28.7
0.0,0.916,28.7
0.0,0.907,28.7
0.0,0.891,28.7
0.0,0.862,28.7
0.0,0.839,28.7
0.0,0.825,28.7
0.0,0.818,28.7
0.0,0.797,28.7
0.0,0.799,28.7
0.026,0.803,28.7
0.182,0.868,28.7
0.388,0.906,28.7
0.575,0.895,28.7
0.719,0.871,28.7
0.815,0.851,28.7
0.862,0.845,28.7
0.856,0.855,28.7
0.805,0.875,28.7
0.707,0.895,28.7
0.562,0.911,28.7
0.374,0.92,28.7
0.166,0.918,28.7
0.027,0.909,28.7
0.0,0.901,28.7
0.0,0.872,28.7
0.0,0.863,28.7
0.0,0.841,28.7
0.0,0.808,28.7
0.0,0.774,28.7
0.0,0.748,28.7
0.0,0.727,28.7
0.0,0.702,28.7
0.0,0.674,28.7
0.027,0.636,28.7
0.184,0.638,28.7
0.392,0.625,28.7
0.575,0.568,28.7
0.715,0.522,28.7
0.805,0.491,28.7
0.849,0.476,28.7
0.845,0.473,28.7
0.797,0.471,28.7
0.703,0.466,28.7
0.561,0.459,28.7
0.376,0.435,28.7
0.168,0.386,28.7
0.026,0.33,28.7
0.0,0.348,28.7
0.0,0.343,28.7
0.0,0.3,28.7
0.0,0.237,28.7
0.0,0.157,28.7
0.0,0.091,28.7
0.0,0.058,28.7
0.0,0.049,28.7
0.0,0.044,28.7
0.0,0.044,28.7
0.029,0.045,28.7
0.181,0.012,28.7
0.315,0.006,28.7
0.416,0.009,28.7
0.366,0.012,28.7
0.654,0.035,28.7
0.7,0.068,28.7
0.672,0.105,28.7
0.616,0.168,28.7
0.605,0.241,28.7
0.533,0.309,28.7
0.361,0.333,28.7
0.167,0.328,28.7
0.034,0.291,28.7
0.0,0.248,28.7
0.0,0.192,28.7
0.0,0.182,28.7
0.0,0.206,28.7
0.0,0.201,28.7
0.0,0.177,28.7
0.0,0.164,28.7
0.0,0.152,28.7
0.0,0.137,28.7
0.0,0.123,28.7
0.031,0.111,28.7
0.177,0.074,28.7
0.371,0.083,28.7
0.544,0.127,28.7
0.679,0.172,28.7
0.767,0.202,28.7
0.81,0.22,28.7
0.809,0.233,28.7
0.754,0.24,28.7
0.621,0.245,28.7
0.484,0.263,28.7
0.341,0.288,28.7
0.164,0.309,28.7
0.033,0.302,28.7
0.0,0.316,28.7
0.0,0.323,28.7
0.0,0.313,28.7
0.0,0.291,28.7
0.0,0.278,28.7
0.0,0.278,28.7
0.0,0.294,28.7
0.0,0.302,28.7
0.0,0.291,28.7
0.0,0.249,28.7
0.041,0.18,28.7
0.158,0.106,28.7
0.307,0.095,28.7
0.498,0.112,28.7
0.681,0.128,28.7
0.781,0.153,28.7
0.827,0.171,28.7
0.827,0.177,28.7
0.782,0.184,28.7
0.691,0.196,28.7
0.553,0.225,28.7
0.367,0.265,28.7
0.157,0.29,28.7
0.04,0.298,28.7
0.0,0.305,28.7
0.0,0.291,28.7
0.0,0.272,28.7
0.0,0.266,28.7
0.0,0.278,28.7
0.0,0.291,28.7
0.0,0.306,28.7
0.0,0.309,28.7
0.0,0.291,28.7
0.0,0.259,28.7
0.031,0.208,28.7
0.18,0.122,28.7
0.375,0.078,28.7
0.542,0.055,28.7
0.672,0.051,28.7
0.763,0.056,28.7
0.805,0.066,28.7
0.802,0.081,28.7
0.756,0.102,28.7
0.665,0.123,28.7
0.53,0.136,28.7
0.358,0.149,28.7
0.166,0.167,28.7
0.031,0.185,28.7
0.0,0.2,28.7
0.0,0.168,28.7
0.0,0.107,28.7
0.0,0.057,28.7
0.0,0.027,28.7
0.0,0.013,28.7
0.0,0.007,28.7
0.0,0.008,28.7
0.0,0.015,28.7
0.0,0.027,28.7
0.031,0.043,28.7
0.18,0.039,28.7
0.367,0.044,28.7
0.529,0.089,28.7
0.655,0.088,28.7
0.74,0.071,28.7
0.782,0.046,28.7
0.778,0.024,28.7
0.731,0.01,28.7
0.642,0.006,28.7
0.512,0.011,28.7
0.345,0.026,28.7
0.16,0.058,28.7
0.032,0.101,28.7
0.0,0.176,28.7
0.0,0.249,28.7
0.0,0.311,28.7
0.0,0.379,28.7
0.0,0.459,28.7
0.0,0.512,28.7
0.0,0.515,28.7
0.0,0.497,28.7
0.0,0.492,28.7
0.0,0.506,28.7
0.041,0.414,28.7
0.164,0.227,28.7
0.272,0.146,28.7
0.256,0.137,28.7
0.561,0.108,28.7
0.735,0.145,28.7
0.776,0.171,28.7
0.774,0.133,28.7
0.731,0.094,28.7
0.641,0.048,28.7
0.501,0.031,28.7
0.321,0.025,28.7
0.155,0.032,28.7
0.043,0.085,28.7
0.0,0.201,28.7
0.0,0.485,28.7
0.0,0.697,28.7
0.0,0.749,28.7
0.0,0.746,28.7
0.0,0.699,28.7
0.0,0.67,28.7
0.0,0.697,28.7
0.0,0.731,28.7
0.0,0.732,28.7
0.04,0.67,28.7
0.152,0.59,28.7
0.286,0.697,28.7
0.295,0.765,28.7
0.225,0.772,28.7
0.285,0.749,28.7
0.349,0.755,28.7
0.411,0.755,28.7
0.447,0.724,28.7
0.436,0.701,28.7
0.345,0.666,28.7
0.217,0.602,28.7
0.118,0.47,28.7
0.037,0.367,28.7
0.0,0.37,28.7
0.0,0.39,28.7
0.0,0.39,28.7
0.0,0.415,28.7
0.0,0.498,28.7
0.0,0.532,28.7
0.0,0.606,28.7
0.0,0.605,28.7
0.0,0.577,28.7
0.0,0.644,28.7
0.023,0.655,28.7
0.143,0.701,28.7
0.348,0.819,28.7
0.528,0.835,28.7
0.671,0.831,28.7
0.758,0.831,28.7
0.799,0.846,28.7
0.788,0.87,28.7
0.742,0.888,28.7
0.651,0.902,28.7
0.523,0.905,28.7
0.358,0.907,28.7
0.172,0.887,28.7
0.044,0.842,28.7
0.0,0.789,28.7
0.0,0.773,28.7
0.0,0.76,28.7
0.0,0.73,28.7
0.0,0.702,28.7
0.0,0.674,28.7
0.0,0.681,28.7
0.0,0.687,28.7
0.0,0.673,28.7
0.0,0.63,28.7
0.039,0.56,28.7
0.178,0.578,28.7
0.362,0.582,28.7
0.532,0.571,28.7
0.663,0.549,28.7
0.751,0.511,28.7
0.796,0.466,28.7
0.795,0.425,28.7
0.749,0.391,28.7
0.661,0.36,28.7
0.528,0.334,28.7
0.357,0.312,28.7
0.169,0.286,28.7
0.037,0.251,28.7
0.0,0.255,28.7
0.0,0.265,28.7
0.0,0.283,28.7
0.0,0.296,28.7
0.0,0.283,28.7
0.0,0.256,28.7
0.0,0.227,28.7
0.0,0.196,28.7
0.0,0.157,28.7
0.0,0.115,28.7
0.039,0.078,28.7
0.178,0.039,28.7
0.359,0.045,28.7
0.524,0.045,28.7
0.652,0.043,28.7
0.734,0.049,28.7
0.782,0.069,28.7
0.759,0.103,28.7
0.707,0.148,28.7
0.607,0.193,28.7
0.45,0.231,28.7
0.327,0.261,28.7
0.159,0.296,28.7
0.041,0.343,28.7
0.0,0.389,28.7
0.0,0.388,28.7
0.0,0.358,28.7
0.0,0.328,28.7
0.0,0.293,28.7
0.0,0.26,28.7
0.0,0.231,28.7
0.0,0.215,28.7
0.0,0.203,28.7
0.0,0.184,28.7
0.034,0.142,28.7
0.183,0.069,28.7
0.369,0.039,28.7
0.533,0.086,28.7
0.663,0.086,28.7
0.746,0.082,28.7
0.786,0.088,28.7
0.785,0.113,28.7
0.734,0.155,28.7
0.617,0.201,28.7
0.465,0.252,28.7
0.306,0.291,28.7
0.158,0.296,28.7
0.041,0.296,28.7
0.0,0.314,28.7
0.0,0.302,28.7
0.0,0.279,28.7
0.0,0.274,28.7
0.0,0.274,28.7
0.0,0.276,28.7
0.0,0.281,28.7
0.0,0.294,28.7
0.0,0.291,28.7
0.001,0.274,28.7
0.034,0.199,28.7
0.183,0.1,28.7
0.37,0.078,28.7
0.535,0.172,28.7
0.662,0.213,28.7
0.743,0.245,28.7
0.783,0.276,28.7
0.781,0.302,28.7
0.735,0.333,28.7
0.647,0.38,28.7
0.517,0.459,28.7
0.35,0.538,28.7
0.168,0.562,28.7
0.037,0.574,28.7
0.001,0.654,28.7
0.0,0.708,28.7
0.0,0.69,28.7
0.0,0.65,28.7
0.0,0.597,28.7
0.0,0.541,28.7
0.0,0.498,28.7
0.0,0.466,28.7
0.0,0.445,28.7
0.001,0.425,28.7
0.035,0.32,28.7
0.184,0.332,28.7
0.377,0.394,28.7
0.549,0.438,28.7
0.681,0.479,28.7
0.768,0.52,28.7
0.81,0.552,28.7
0.807,0.574,28.7
0.761,0.594,28.7
0.671,0.611,28.7
0.537,0.63,28.7
0.365,0.65,28.7
0.173,0.645,28.7
0.033,0.675,28.7
0.001,0.75,28.7
0.0,0.784,28.7
0.0,0.763,28.7
0.0,0.734,28.7
0.0,0.705,28.7
0.0,0.677,28.7
0.0,0.642,28.7
0.0,0.607,28.7
0.0,0.583,28.7
0.001,0.553,28.7
0.032,0.415,28.7
0.188,0.289,28.7
0.383,0.253,28.7
0.553,0.41,28.7
0.682,0.474,28.7
0.767,0.471,28.7
0.807,0.481,28.7
0.804,0.502,28.7
0.759,0.516,28.7
0.67,0.516,28.7
0.537,0.525,28.7
0.366,0.533,28.7
0.174,0.528,28.7
0.032,0.587,28.7
0.001,0.679,28.7
0.0,0.711,28.7
0.0,0.669,28.7
0.0,0.602,28.7
0.0,0.535,28.7
0.0,0.477,28.7
0.0,0.431,28.7
0.0,0.388,28.7
0.0,0.367,28.7
0.002,0.352,28.7
0.034,0.249,28.7
0.187,0.136,28.7
0.378,0.111,28.7
0.544,0.17,28.7
0.671,0.218,28.7
0.753,0.245,28.7
0.792,0.272,28.7
0.789,0.31,28.7
0.745,0.358,28.7
0.657,0.412,28.7
0.527,0.472,28.7
0.359,0.514,28.7
0.172,0.529,28.7
0.034,0.599,28.7
0.002,0.686,28.7
0.0,0.724,28.7
0.0,0.705,28.7
0.0,0.656,28.7
0.0,0.59,28.7
0.0,0.527,28.7
0.0,0.488,28.7
0.0,0.472,28.7
0.0,0.479,28.7
0.002,0.495,28.7
0.032,0.415,28.7
0.187,0.332,28.7
0.378,0.334,28.7
0.546,0.488,28.7
0.675,0.56,28.7
0.759,0.59,28.7
0.799,0.59,28.7
0.796,0.578,28.7
0.751,0.571,28.7
0.663,0.579,28.7
0.531,0.615,28.7
0.361,0.653,28.7
0.174,0.652,28.7
0.035,0.682,28.7
0.002,0.729,28.7
0.0,0.749,28.7
0.0,0.718,28.7
0.0,0.684,28.7
0.0,0.647,28.7
0.0,0.602,28.7
0.0,0.553,28.7
0.0,0.485,28.7
0.0,0.427,28.7
0.003,0.39,28.7
0.034,0.291,28.7
0.187,0.228,28.7
0.378,0.245,28.7
0.544,0.38,28.7
0.671,0.495,28.7
0.754,0.523,28.7
0.794,0.519,28.7
0.791,0.503,28.7
0.745,0.484,28.7
0.657,0.464,28.7
0.525,0.449,28.7
0.358,0.442,28.7
0.173,0.458,28.7
0.037,0.53,28.7
0.003,0.628,28.7
0.0,0.663,28.7
0.0,0.618,28.7
0.0,0.552,28.7
0.0,0.475,28.7
0.0,0.398,28.7
0.0,0.317,28.7
0.0,0.253,28.7
0.0,0.22,28.7
0.003,0.209,28.7
0.038,0.167,28.7
0.183,0.124,28.7
0.368,0.148,28.7
0.533,0.184,28.7
0.656,0.204,28.7
0.738,0.187,28.7
0.777,0.153,28.7
0.777,0.128,28.7
0.733,0.128,28.7
0.639,0.143,28.7
0.509,0.169,28.7
0.329,0.232,28.7
0.165,0.302,28.7
0.044,0.32,28.7
0.003,0.312,28.7
0.0,0.284,28.7
0.0,0.227,28.7
0.0,0.142,28.7
0.0,0.071,28.7
0.0,0.039,28.7
0.0,0.039,28.7
0.0,0.045,28.7
0.0,0.055,28.7
0.003,0.067,28.7
0.04,0.068,28.7
0.081,0.052,28.7
0.139,0.031,28.7
0.21,0.017,28.7
0.282,0.019,28.7
0.357,0.035,28.7
0.387,0.067,28.7
0.375,0.118,28.7
0.358,0.183,28.7
0.318,0.264,28.7
0.24,0.389,28.7
0.17,0.513,28.7
0.1,0.598,28.7
0.035,0.666,28.7
0.0,0.712,28.7
0.0,0.746,28.7
0.0,0.762,28.7
0.0,0.73,28.7
0.0,0.707,28.7
0.0,0.718,28.7
0.0,0.694,28.7
0.0,0.633,28.7
0.0,0.583,28.7
0.0,0.523,28.7
0.031,0.544,28.7
0.124,0.613,28.7
0.247,0.651,28.7
0.396,0.618,28.7
0.578,0.563,28.7
0.65,0.516,28.7
0.682,0.491,28.7
0.612,0.501,28.7
0.634,0.52,28.7
0.538,0.53,28.7
0.468,0.543,28.7
0.33,0.55,28.7
0.169,0.544,28.7
0.049,0.538,28.7
0.0,0.544,28.7
0.0,0.581,28.7
0.0,0.618,28.7
0.0,0.646,28.7
0.0,0.633,28.7
0.0,0.601,28.7
0.0,0.583,28.7
0.0,0.628,28.7
0.0,0.683,28.7
0.0,0.739,28.7
0.045,0.789,28.7
0.126,0.849,28.7
0.214,0.885,28.7
0.364,0.907,28.7
0.56,0.919,28.7
0.717,0.926,28.7
0.788,0.935,28.7
0.783,0.935,28.7
0.734,0.93,28.7
0.642,0.922,28.7
0.514,0.909,28.7
0.359,0.888,28.7
0.184,0.856,28.7
0.048,0.788,28.7
0.006,0.72,28.7
0.0,0.685,28.7
0.0,0.663,28.7
0.0,0.651,28.7
0.0,0.644,28.7
0.0,0.666,28.7
0.0,0.677,28.7
0.0,0.672,28.7
0.0,0.712,28.7
0.002,0.733,28.7
0.055,0.701,28.7
0.192,0.72,28.7
0.384,0.756,28.7
0.548,0.786,28.7
0.67,0.814,28.7
0.752,0.844,28.7
0.792,0.882,28.7
0.794,0.909,28.7
0.748,0.924,28.7
0.666,0.93,28.7
0.529,0.93,28.7
0.353,0.927,28.7
0.181,0.919,28.7
0.057,0.896,28.7
0.0,0.845,28.7
0.0,0.791,28.7
0.0,0.744,28.7
0.0,0.699,28.7
0.0,0.648,28.7
0.0,0.61,28.7
0.0,0.555,28.7
0.0,0.491,28.7
0.0,0.4,28.7
0.003,0.289,28.7
0.055,0.191,28.7
0.16,0.134,28.7
0.321,0.107,28.7
0.491,0.087,28.7
0.612,0.076,28.7
0.706,0.068,28.7
0.751,0.062,28.7
0.748,0.061,28.7
0.705,0.062,28.7
0.618,0.07,28.7
0.494,0.078,28.7
0.343,0.09,28.7
0.178,0.11,28.7
0.058,0.149,28.7
0.004,0.21,28.7
0.0,0.243,28.7
0.0,0.233,28.7
0.0,0.206,28.7
0.0,0.184,28.7
0.0,0.181,28.7
0.0,0.199,28.7
0.0,0.229,28.7
0.0,0.254,28.7
0.006,0.266,28.7
0.058,0.235,28.7
0.158,0.215,28.7
0.296,0.211,28.7
0.404,0.241,28.7
0.543,0.282,28.7
0.625,0.343,28.7
0.742,0.398,28.7
0.683,0.429,28.7
0.678,0.429,28.7
0.61,0.42,28.7
0.482,0.404,28.7
0.28,0.388,28.7
0.178,0.363,28.7
0.059,0.323,28.7
0.007,0.285,28.7
0.0,0.28,28.7
0.0,0.259,28.7
0.0,0.214,28.7
0.0,0.16,28.7
0.0,0.115,28.7
0.0,0.092,28.7
0.0,0.085,28.7
0.0,0.083,28.7
0.004,0.081,28.7
0.055,0.071,28.7
0.138,0.079,28.7
0.27,0.092,28.7
0.322,0.103,28.7
0.378,0.109,28.7
0.464,0.119,28.7
0.604,0.126,28.7
0.698,0.133,28.7
0.675,0.137,28.7
0.621,0.142,28.7
0.503,0.153,28.7
0.357,0.163,28.7
0.187,0.16,28.7
0.055,0.139,28.7
0.008,0.127,28.7
0.0,0.093,28.7
0.0,0.046,28.7
0.0,0.014,28.7
0.0,0.006,28.7
0.0,0.01,28.7
0.0,0.019,28.7
0.0,0.038,28.7
0.0,0.061,28.7
0.002,0.088,28.7
0.056,0.118,28.7
0.14,0.124,28.7
0.221,0.139,28.7
0.279,0.133,28.7
0.314,0.111,28.7
0.347,0.107,28.7
0.338,0.12,28.7
0.309,0.13,28.7
0.227,0.119,28.7
0.189,0.093,28.7
0.174,0.077,28.7
0.13,0.079,28.7
0.068,0.077,28.7
0.019,0.065,28.7
0.0,0.06,28.7
0.0,0.07,28.7
0.0,0.095,28.7
0.0,0.143,28.7
0.0,0.246,28.7
0.0,0.402,28.7
0.0,0.527,28.7
0.0,0.586,28.7
0.0,0.593,28.7
0.006,0.586,28.7
0.063,0.532,28.7
0.17,0.526,28.7
0.307,0.601,28.7
0.44,0.653,28.7
0.555,0.676,28.7
0.618,0.687,28.7
0.644,0.692,28.7
0.609,0.685,28.7
0.441,0.668,28.7
0.32,0.633,28.7
0.298,0.58,28.7
0.207,0.513,28.7
0.104,0.488,28.7
0.023,0.54,28.7
0.0,0.61,28.7
0.0,0.657,28.7
0.0,0.627,28.7
0.0,0.569,28.7
0.0,0.544,28.7
0.0,0.561,28.7
0.0,0.599,28.7
0.0,0.646,28.7
0.0,0.699,28.7
0.0,0.728,28.7
0.005,0.757,28.7
0.044,0.725,28.7
0.09,0.694,28.7
0.16,0.733,28.7
0.167,0.759,28.7
0.215,0.644,28.7
0.321,0.568,28.7
0.402,0.506,28.7
0.494,0.458,28.7
0.471,0.41,28.7
0.358,0.395,28.7
0.249,0.362,28.7
0.152,0.296,28.7
0.06,0.358,28.7
0.002,0.437,28.7
0.0,0.526,28.7
0.0,0.613,28.7
0.0,0.671,28.7
0.0,0.677,28.7
0.0,0.646,28.7
0.0,0.661,28.7
0.0,0.68,28.7
0.0,0.658,28.7
0.009,0.592,28.7
0.044,0.501,28.7
0.195,0.521,28.7
0.355,0.556,28.7
0.463,0.63,28.7
0.616,0.725,28.7
0.684,0.803,28.7
0.654,0.845,28.7
0.463,0.85,28.7
0.365,0.822,28.7
0.394,0.785,28.7
0.318,0.741,28.7
0.242,0.675,28.7
0.175,0.595,28.7
0.055,0.495,28.7
0.009,0.501,28.7
0.0,0.567,28.7
0.0,0.586,28.7
0.0,0.551,28.7
0.0,0.516,28.7
0.0,0.488,28.7
0.0,0.45,28.7
0.0,0.403,28.7
0.0,0.419,28.7
0.01,0.471,28.7
0.055,0.431,28.7
0.184,0.497,28.7
0.32,0.575,28.7
0.49,0.566,28.7
0.573,0.513,28.7
0.691,0.438,28.7
0.729,0.354,28.7
0.703,0.273,28.7
0.632,0.196,28.7
0.417,0.134,28.7
0.3,0.1,28.7
0.191,0.075,28.7
0.106,0.064,28.7
0.036,0.053,28.7
0.0,0.051,28.7
0.0,0.053,28.7
0.0,0.055,28.7
0.0,0.059,28.7
0.0,0.078,28.7
0.0,0.112,28.7
0.0,0.144,28.7
0.0,0.159,28.7
0.0,0.148,28.7
0.003,0.123,28.7
0.038,0.089,28.7
0.116,0.084,28.7
0.292,0.099,28.7
0.475,0.113,28.7
0.605,0.123,28.7
0.672,0.118,28.7
0.676,0.112,28.7
0.633,0.106,28.7
0.567,0.093,28.7
0.496,0.075,28.7
0.394,0.073,28.7
0.211,0.087,28.7
0.118,0.111,28.7
0.047,0.138,28.7
0.002,0.182,28.7
0.0,0.264,28.7
0.0,0.341,28.7
0.0,0.385,28.7
0.0,0.398,28.7
0.0,0.396,28.7
0.0,0.385,28.7
0.0,0.365,28.7
0.0,0.346,28.7
0.01,0.323,28.7
0.051,0.231,28.7
0.19,0.201,28.7
0.364,0.202,28.7
0.513,0.196,28.7
0.588,0.182,28.7
0.568,0.164,28.7
0.487,0.131,28.7
0.51,0.086,28.7
0.526,0.052,28.7
0.439,0.034,28.7
0.345,0.037,28.7
0.224,0.046,28.7
0.127,0.055,28.7
0.042,0.067,28.7
0.001,0.079,28.7
0.0,0.095,28.7
0.0,0.1,28.7
0.0,0.087,28.7
0.0,0.073,28.7
0.0,0.058,28.7
0.0,0.048,28.7
0.0,0.041,28.7
0.0,0.044,28.7
0.001,0.056,28.7
0.043,0.07,28.7
0.11,0.054,28.7
0.179,0.041,28.7
0.213,0.029,28.7
0.234,0.015,28.7
0.267,0.008,28.7
0.343,0.006,28.7
0.362,0.011,28.7
0.321,0.018,28.7
0.289,0.027,28.7
0.206,0.032,28.7
0.206,0.027,28.7
0.146,0.018,28.7
0.063,0.012,28.7
0.004,0.009,28.7
0.0,0.016,28.7
0.0,0.027,28.7
0.0,0.041,28.7
0.0,0.056,28.7
0.0,0.082,28.7
0.0,0.129,28.7
0.0,0.194,28.7
0.0,0.266,28.7
0.006,0.32,28.7
0.061,0.294,28.7
0.154,0.293,28.7
0.296,0.304,28.7
0.471,0.28,28.7
0.576,0.259,28.7
0.63,0.256,28.7
0.627,0.264,28.7
0.477,0.265,28.7
0.382,0.261,28.7
0.306,0.264,28.7
0.28,0.264,28.7
0.195,0.261,28.7
0.131,0.249,28.7
0.055,0.247,28.7
0.004,0.305,28.7
0.0,0.369,28.7
0.0,0.424,28.7
0.0,0.445,28.7
0.0,0.451,28.7
0.0,0.464,28.7
0.0,0.471,28.7
0.0,0.473,28.7
0.0,0.48,28.7
0.006,0.484,28.7
0.049,0.432,28.7
0.096,0.434,28.7
0.159,0.468,28.7
0.293,0.459,28.7
0.462,0.443,28.7
0.593,0.458,28.7
0.64,0.478,28.7
0.556,0.484,28.7
0.374,0.449,28.7
0.292,0.365,28.7
0.318,0.274,28.7
0.329,0.206,28.7
0.18,0.154,28.7
0.065,0.097,28.7
0.008,0.041,28.7
0.0,0.009,28.7
0.0,0.006,28.7
0.0,0.017,28.7
0.0,0.035,28.7
0.0,0.05,28.7
0.0,0.059,28.7
0.0,0.069,28.7
0.0,0.089,28.7
0.006,0.117,28.7
0.061,0.117,28.7
0.177,0.106,28.7
0.337,0.132,28.7
0.493,0.169,28.7
0.625,0.182,28.7
0.702,0.179,28.7
0.733,0.167,28.7
0.663,0.157,28.7
0.481,0.155,28.7
0.351,0.158,28.7
0.288,0.167,28.7
0.285,0.183,28.7
0.176,0.201,28.7
0.06,0.224,28.7
0.007,0.289,28.7
0.0,0.374,28.7
0.0,0.466,28.7
0.0,0.523,28.7
0.0,0.529,28.7
0.0,0.488,28.7
0.0,0.439,28.7
0.0,0.449,28.7
0.0,0.535,28.7
0.01,0.599,28.7
0.054,0.59,28.7
0.091,0.648,28.7
0.101,0.669,28.7
0.14,0.696,28.7
0.184,0.657,28.7
0.281,0.606,28.7
0.387,0.574,28.7
0.396,0.576,28.7
0.39,0.605,28.7
0.427,0.65,28.7
0.423,0.706,28.7
0.341,0.744,28.7
0.194,0.746,28.7
0.057,0.684,28.7
0.011,0.604,28.7
0.0,0.578,28.7
0.0,0.552,28.7
0.0,0.532,28.7
0.0,0.488,28.7
0.0,0.423,28.7
0.0,0.341,28.7
0.0,0.264,28.7
0.0,0.21,28.7
0.009,0.164,28.7
0.036,0.102,28.7
0.188,0.052,28.7
0.377,0.053,28.7
0.544,0.063,28.7
0.671,0.062,28.7
0.751,0.051,28.7
0.782,0.037,28.7
0.766,0.023,28.7
0.727,0.012,28.7
0.655,0.006,28.7
0.528,0.005,28.7
0.365,0.005,28.7
0.186,0.005,28.7
0.041,0.006,28.7
0.009,0.009,28.7
0.0,0.027,28.7
0.0,0.062,28.7
0.0,0.117,28.7
0.0,0.186,28.7
0.0,0.258,28.7
0.0,0.319,28.7
0.0,0.367,28.7
0.0,0.393,28.7
0.01,0.397,28.7
0.047,0.324,28.7
0.186,0.185,28.7
0.363,0.14,28.7
0.521,0.167,28.7
0.642,0.139,28.7
0.71,0.125,28.7
0.701,0.137,28.7
0.662,0.161,28.7
0.604,0.199,28.7
0.519,0.239,28.7
0.383,0.291,28.7
0.238,0.344,28.7
0.125,0.399,28.7
0.05,0.505,28.7
0.005,0.616,28.7
0.0,0.684,28.7
0.0,0.697,28.7
0.0,0.678,28.7
0.0,0.651,28.7
0.0,0.618,28.7
0.0,0.593,28.7
0.0,0.578,28.7
0.0,0.569,28.7
0.008,0.558,28.7
0.043,0.452,28.7
0.181,0.294,28.7
0.365,0.223,28.7
0.527,0.262,28.7
0.65,0.336,28.7
0.729,0.386,28.7
0.765,0.414,28.7
0.761,0.415,28.7
0.718,0.42,28.7
0.634,0.431,28.7
0.511,0.428,28.7
0.355,0.425,28.7
0.182,0.442,28.7
0.04,0.51,28.7
0.008,0.627,28.7
0.0,0.708,28.7
0.0,0.737,28.7
0.0,0.734,28.7
0.0,0.723,28.7
0.0,0.712,28.7
0.0,0.696,28.7
0.0,0.675,28.7
0.0,0.639,28.7
0.009,0.583,28.7
0.042,0.432,28.7
0.184,0.28,28.7
0.363,0.21,28.7
0.519,0.197,28.7
0.635,0.22,28.7
0.711,0.223,28.7
0.744,0.196,28.7
0.735,0.153,28.7
0.679,0.107,28.7
0.578,0.075,28.7
0.397,0.062,28.7
0.213,0.063,28.7
0.125,0.068,28.7
0.052,0.094,28.7
0.0,0.169,28.7
0.0,0.269,28.7
0.0,0.328,28.7
0.0,0.311,28.7
0.0,0.308,28.7
0.0,0.366,28.7
0.0,0.437,28.7
0.0,0.457,28.7
0.0,0.467,28.7
0.006,0.439,28.7
0.046,0.393,28.7
0.111,0.382,28.7
0.247,0.385,28.7
0.433,0.411,28.7
0.615,0.394,28.7
0.7,0.331,28.7
0.723,0.274,28.7
0.671,0.253,28.7
0.53,0.261,28.7
0.394,0.241,28.7
0.293,0.203,28.7
0.162,0.17,28.7
0.042,0.169,28.7
0.005,0.165,28.7
0.0,0.131,28.7
0.0,0.097,28.7
0.0,0.12,28.7
0.0,0.217,28.7
0.0,0.359,28.7
0.0,0.481,28.7
0.0,0.567,28.7
0.0,0.625,28.7
0.0,0.676,28.7
0.01,0.731,28.7
0.06,0.758,28.7
0.097,0.837,28.7
0.183,0.886,28.7
0.402,0.932,28.7
0.613,0.943,28.7
0.706,0.941,28.7
0.726,0.951,28.7
0.57,0.952,28.7
0.455,0.939,28.7
0.339,0.917,28.7
0.256,0.894,28.7
0.133,0.836,28.7
0.054,0.795,28.7
0.038,0.746,28.7
0.0,0.677,28.7
0.0,0.682,28.7
0.0,0.735,28.7
0.0,0.731,28.7
0.0,0.763,28.7
0.0,0.816,28.7
0.0,0.832,28.7
0.0,0.822,28.7
0.0,0.777,28.7
0.003,0.696,28.7
0.055,0.649,28.7
0.183,0.692,28.7
0.366,0.692,28.7
0.53,0.701,28.7
0.648,0.712,28.7
0.734,0.726,28.7
0.767,0.746,28.7
0.766,0.761,28.7
0.7,0.775,28.7
0.616,0.781,28.7
0.477,0.779,28.7
0.329,0.763,28.7
0.189,0.73,28.7
0.046,0.67,28.7
0.008,0.606,28.7
0.0,0.618,28.7
0.0,0.682,28.7
0.0,0.706,28.7
0.0,0.709,28.7
0.0,0.693,28.7
0.0,0.701,28.7
0.0,0.723,28.7
0.0,0.733,28.7
0.0,0.724,28.7
0.063,0.713,28.7
0.181,0.773,28.7
0.326,0.818,28.7
0.354,0.842,28.7
0.443,0.845,28.7
0.455,0.848,28.7
0.501,0.85,28.7
0.566,0.857,28.7
0.624,0.867,28.7
0.586,0.873,28.7
0.475,0.868,28.7
0.255,0.846,28.7
0.109,0.774,28.7
0.037,0.672,28.7
0.004,0.648,28.7
0.0,0.644,28.7
0.0,0.644,28.7
0.0,0.614,28.7
0.0,0.598,28.7
0.0,0.568,28.7
0.0,0.535,28.7
0.0,0.592,28.7
0.0,0.59,28.7
0.0,0.605,28.7
0.04,0.601,28.7
0.117,0.63,28.7
0.201,0.697,28.7
0.3,0.755,28.7
0.416,0.794,28.7
0.487,0.809,28.7
0.501,0.799,28.7
0.531,0.777,28.7
0.521,0.747,28.7
0.452,0.722,28.7
0.357,0.7,28.7
0.245,0.676,28.7
0.146,0.61,28.7
0.058,0.55,28.7
0.004,0.528,28.7
0.0,0.559,28.7
0.0,0.607,28.7
0.0,0.666,28.7
0.0,0.678,28.7
0.0,0.656,28.7
0.0,0.622,28.7
0.0,0.549,28.7
0.0,0.559,28.7
0.0,0.535,28.7
0.039,0.448,28.7
0.113,0.425,28.7
0.167,0.501,28.7
0.255,0.525,28.7
0.337,0.539,28.7
0.423,0.547,28.7
0.487,0.568,28.7
0.522,0.604,28.7
0.502,0.618,28.7
0.499,0.617,28.7
0.412,0.607,28.7
0.301,0.571,28.7
0.152,0.452,28.7
0.051,0.344,28.7
0.0,0.319,28.7
0.0,0.332,28.7
0.0,0.349,28.7
0.0,0.388,28.7
0.0,0.439,28.7
0.0,0.505,28.7
0.0,0.54,28.7
0.0,0.536,28.7
0.0,0.538,28.7
0.008,0.519,28.7
0.042,0.51,28.7
0.178,0.562,28.7
0.359,0.594,28.7
0.496,0.642,28.7
0.576,0.671,28.7
0.656,0.695,28.7
0.729,0.714,28.7
0.748,0.729,28.7
0.709,0.729,28.7
0.631,0.722,28.7
0.509,0.726,28.7
0.36,0.733,28.7
0.188,0.726,28.7
0.043,0.697,28.7
0.008,0.648,28.7
0.0,0.63,28.7
0.0,0.592,28.7
0.0,0.574,28.7
0.0,0.585,28.7
0.0,0.601,28.7
0.0,0.596,28.7
0.0,0.538,28.7
0.0,0.488,28.7
0.007,0.435,28.7
0.047,0.376,28.7
0.18,0.417,28.7
0.358,0.466,28.7
0.521,0.491,28.7
0.639,0.49,28.7
0.684,0.468,28.7
0.707,0.479,28.7
0.745,0.544,28.7
0.723,0.615,28.7
0.575,0.668,28.7
0.328,0.674,28.7
0.223,0.626,28.7
0.172,0.578,28.7
0.057,0.538,28.7
0.005,0.547,28.7
0.0,0.544,28.7
0.0,0.564,28.7
0.0,0.615,28.7
0.0,0.644,28.7
0.0,0.697,28.7
0.0,0.749,28.7
0.0,0.759,28.7
0.0,0.811,28.7
0.004,0.82,28.7
0.061,0.842,28.7
0.122,0.881,28.7
0.154,0.91,28.7
0.113,0.919,28.7
0.251,0.93,28.7
0.31,0.94,28.7
0.297,0.936,28.7
0.408,0.945,28.7
0.445,0.95,28.7
0.416,0.942,28.7
0.333,0.929,28.7
0.269,0.914,28.7
0.148,0.884,28.7
0.058,0.862,28.7
0.004,0.861,28.7
0.0,0.845,28.7
0.0,0.849,28.7
0.0,0.86,28.7
0.0,0.884,28.7
0.0,0.9,28.7
0.0,0.881,28.7
0.0,0.868,28.7
0.0,0.866,28.7
0.005,0.865,28.7
0.057,0.863,28.7
0.163,0.873,28.7
0.293,0.9,28.7
0.388,0.935,28.7
0.439,0.947,28.7
0.515,0.952,28.7
0.569,0.947,28.7
0.587,0.942,28.7
0.568,0.93,28.7
0.524,0.919,28.7
0.414,0.917,28.7
0.343,0.914,28.7
0.193,0.907,28.7
0.044,0.899,28.7
0.007,0.892,28.7
0.0,0.88,28.7
0.0,0.878,28.7
0.0,0.894,28.7
0.0,0.9,28.7
0.0,0.902,28.7
0.0,0.89,28.7
0.0,0.857,28.7
0.0,0.83,28.7
0.005,0.801,28.7
0.039,0.754,28.7
0.179,0.77,28.7
0.365,0.753,28.7
0.531,0.737,28.7
0.658,0.727,28.7
0.744,0.72,28.7
0.788,0.719,28.7
0.795,0.71,28.7
0.758,0.678,28.7
0.675,0.64,28.7
0.546,0.597,28.7
0.378,0.535,28.7
0.192,0.461,28.7
0.038,0.407,28.7
0.006,0.407,28.7
0.0,0.425,28.7
0.0,0.426,28.7
0.0,0.409,28.7
0.0,0.388,28.7
0.0,0.386,28.7
0.0,0.355,28.7
0.0,0.288,28.7
0.0,0.206,28.7
0.004,0.135,28.7
0.036,0.078,28.7
0.176,0.027,28.7
0.361,0.036,28.7
0.517,0.082,28.7
0.631,0.129,28.7
0.729,0.169,28.7
0.774,0.208,28.7
0.786,0.249,28.7
0.745,0.285,28.7
0.661,0.32,28.7
0.535,0.364,28.7
0.372,0.398,28.7
0.189,0.419,28.7
0.036,0.422,28.7
0.004,0.416,28.7
0.0,0.43,28.7
0.0,0.455,28.7
0.0,0.457,28.7
0.0,0.47,28.7
0.0,0.505,28.7
0.0,0.531,28.7
0.0,0.552,28.7
0.0,0.565,28.7
0.002,0.571,28.7
0.057,0.572,28.7
0.148,0.642,28.7
0.243,0.666,28.7
0.331,0.697,28.7
0.4,0.735,28.7
0.544,0.756,28.7
0.635,0.769,28.7
0.57,0.764,28.7
0.553,0.763,28.7
0.517,0.762,28.7
0.404,0.751,28.7
0.309,0.714,28.7
0.166,0.666,28.7
0.058,0.559,28.7
0.003,0.459,28.7
0.0,0.414,28.7
0.0,0.398,28.7
0.0,0.388,28.7
0.0,0.402,28.7
0.0,0.455,28.7
0.0,0.513,28.7
0.0,0.532,28.7
0.0,0.54,28.7
0.004,0.539,28.7
0.037,0.437,28.7
0.176,0.457,28.7
0.362,0.485,28.7
0.527,0.532,28.7
0.65,0.583,28.7
0.73,0.645,28.7
0.768,0.713,28.7
0.765,0.766,28.7
0.72,0.803,28.7
0.62,0.826,28.7
0.46,0.836,28.7
0.287,0.821,28.7
0.154,0.778,28.7
0.044,0.701,28.7
0.0,0.618,28.7
0.0,0.59,28.7
0.0,0.574,28.7
0.0,0.559,28.7
0.0,0.538,28.7
0.0,0.552,28.7
0.0,0.607,28.7
0.0,0.625,28.7
0.0,0.568,28.7
0.001,0.566,28.7
0.053,0.614,28.7
0.105,0.638,28.7
0.187,0.574,28.7
0.374,0.507,28.7
0.631,0.454,28.7
0.737,0.413,28.7
0.784,0.379,28.7
0.781,0.368,28.7
0.745,0.38,28.7
0.662,0.395,28.7
0.534,0.397,28.7
0.374,0.388,28.7
0.19,0.377,28.7
0.037,0.361,28.7
0.003,0.377,28.7
0.0,0.395,28.7
0.0,0.369,28.7
0.0,0.312,28.7
0.0,0.271,28.7
0.0,0.257,28.7
0.0,0.279,28.7
0.0,0.32,28.7
0.0,0.368,28.7
0.002,0.399,28.7
0.031,0.342,28.7
0.173,0.244,28.7
0.371,0.16,28.7
0.541,0.129,28.7
0.675,0.133,28.7
0.766,0.156,28.7
0.81,0.183,28.7
0.811,0.208,28.7
0.769,0.22,28.7
0.683,0.214,28.7
0.553,0.208,28.7
0.384,0.199,28.7
0.192,0.183,28.7
0.029,0.168,28.7
0.002,0.176,28.7
0.0,0.169,28.7
0.0,0.163,28.7
0.0,0.165,28.7
0.0,0.171,28.7
0.0,0.184,28.7
0.0,0.202,28.7
0.0,0.229,28.7
0.0,0.26,28.7
0.002,0.286,28.7
0.032,0.241,28.7
0.175,0.189,28.7
0.369,0.22,28.7
0.542,0.22,28.7
0.675,0.225,28.7
0.754,0.235,28.7
0.777,0.252,28.7
0.721,0.27,28.7
0.662,0.289,28.7
0.611,0.309,28.7
0.526,0.321,28.7
0.37,0.337,28.7
0.181,0.374,28.7
0.046,0.435,28.7
0.001,0.505,28.7
0.0,0.524,28.7
0.0,0.494,28.7
0.0,0.468,28.7
0.0,0.445,28.7
0.0,0.422,28.7
0.0,0.395,28.7
0.0,0.367,28.7
0.0,0.318,28.7
0.003,0.249,28.7
0.037,0.146,28.7
0.174,0.076,28.7
0.356,0.077,28.7
0.526,0.071,28.7
0.651,0.084,28.7
0.734,0.101,28.7
0.772,0.113,28.7
0.763,0.124,28.7
0.719,0.139,28.7
0.567,0.169,28.7
0.323,0.227,28.7
0.149,0.282,28.7
0.066,0.271,28.7
0.018,0.227,28.7
0.0,0.215,28.7
0.0,0.221,28.7
0.0,0.25,28.7
0.0,0.296,28.7
0.0,0.355,28.7
0.0,0.388,28.7
0.0,0.328,28.7
0.0,0.243,28.7
0.0,0.244,28.7
0.0,0.3,28.7
0.018,0.32,28.7
0.075,0.305,28.7
0.168,0.279,28.7
0.292,0.27,28.7
0.406,0.268,28.7
0.449,0.285,28.7
0.45,0.31,28.7
0.421,0.344,28.7
0.398,0.383,28.7
0.313,0.407,28.7
0.2,0.391,28.7
0.137,0.352,28.7
0.112,0.334,28.7
0.056,0.341,28.7
0.0,0.372,28.7
0.0,0.442,28.7
0.0,0.484,28.7
0.0,0.535,28.7
0.0,0.563,28.7
0.0,0.556,28.7
0.0,0.556,28.7
0.0,0.566,28.7
0.0,0.562,28.7
0.001,0.519,28.7
0.047,0.417,28.7
0.17,0.334,28.7
0.285,0.267,28.7
0.36,0.245,28.7
0.432,0.251,28.7
0.523,0.267,28.7
0.65,0.28,28.7
0.684,0.285,28.7
0.633,0.293,28.7
0.515,0.311,28.7
0.378,0.333,28.7
0.313,0.345,28.7
0.152,0.358,28.7
0.05,0.358,28.7
0.0,0.361,28.7
0.0,0.394,28.7
0.0,0.43,28.7
0.0,0.438,28.7
0.0,0.439,28.7
0.0,0.432,28.7
0.0,0.41,28.7
0.0,0.393,28.7
0.0,0.388,28.7
0.001,0.364,28.7
0.046,0.271,28.7
0.164,0.225,28.7
0.306,0.204,28.7
0.414,0.218,28.7
0.56,0.245,28.7
0.584,0.278,28.7
0.604,0.314,28.7
0.616,0.343,28.7
0.639,0.362,28.7
0.516,0.367,28.7
0.415,0.343,28.7
0.307,0.296,28.7
0.169,0.244,28.7
0.044,0.193,28.7
0.001,0.181,28.7
0.0,0.201,28.7
0.0,0.223,28.7
0.0,0.246,28.7
0.0,0.284,28.7
0.0,0.323,28.7
0.0,0.341,28.7
0.0,0.325,28.7
0.0,0.283,28.7
0.0,0.235,28.7
0.034,0.17,28.7
0.165,0.102,28.7
0.351,0.104,28.7
0.517,0.132,28.7
0.645,0.17,28.7
0.724,0.214,28.7
0.752,0.245,28.7
0.756,0.254,28.7
0.711,0.245,28.7
0.637,0.223,28.7
0.515,0.201,28.7
0.359,0.189,28.7
0.18,0.185,28.7
0.035,0.192,28.7
0.0,0.214,28.7
0.0,0.212,28.7
0.0,0.205,28.7
0.0,0.198,28.7
0.0,0.185,28.7
0.0,0.175,28.7
0.0,0.165,28.7
0.0,0.162,28.7
0.0,0.151,28.7
0.0,0.126,28.7
0.032,0.09,28.7
0.166,0.046,28.7
0.351,0.049,28.7
0.504,0.068,28.7
0.617,0.09,28.7
0.715,0.104,28.7
0.764,0.111,28.7
0.697,0.119,28.7
0.642,0.126,28.7
0.619,0.125,28.7
0.536,0.127,28.7
0.371,0.142,28.7
0.184,0.156,28.7
0.03,0.17,28.7
0.0,0.181,28.7
0.0,0.145,28.7
0.0,0.099,28.7
0.0,0.067,28.7
0.0,0.05,28.7
0.0,0.039,28.7
0.0,0.028,28.7
0.0,0.022,28.7
0.0,0.029,28.7
0.0,0.045,28.7
0.041,0.068,28.7
0.157,0.076,28.7
0.359,0.081,28.7
0.535,0.088,28.7
0.665,0.089,28.7
0.75,0.081,28.7
0.791,0.075,28.7
0.788,0.076,28.7
0.743,0.085,28.7
0.656,0.108,28.7
0.527,0.138,28.7
0.362,0.177,28.7
0.179,0.232,28.7
0.036,0.279,28.7
0.0,0.315,28.7
0.0,0.341,28.7
0.0,0.355,28.7
0.0,0.391,28.7
0.0,0.447,28.7
0.0,0.509,28.7
0.0,0.513,28.7
0.0,0.51,28.7
0.0,0.489,28.7
0.0,0.447,28.7
0.03,0.367,28.7
0.166,0.345,28.7
0.364,0.331,28.7
0.539,0.328,28.7
0.673,0.344,28.7
0.756,0.367,28.7
0.785,0.383,28.7
0.783,0.394,28.7
0.72,0.4,28.7
0.649,0.398,28.7
0.541,0.398,28.7
0.374,0.407,28.7
0.183,0.422,28.7
0.028,0.422,28.7
0.0,0.476,28.7
0.0,0.527,28.7
0.0,0.524,28.7
0.0,0.502,28.7
0.0,0.47,28.7
0.0,0.449,28.7
0.0,0.435,28.7
0.0,0.418,28.7
0.0,0.395,28.7
0.0,0.368,28.7
0.027,0.262,28.7
0.168,0.175,28.7
0.369,0.283,28.7
0.544,0.285,28.7
0.676,0.287,28.7
0.762,0.3,28.7
0.803,0.315,28.7
0.801,0.323,28.7
0.756,0.32,28.7
0.669,0.325,28.7
0.538,0.353,28.7
0.369,0.401,28.7
0.18,0.453,28.7
0.029,0.485,28.7
0.0,0.541,28.7
0.0,0.576,28.7
0.0,0.572,28.7
0.0,0.56,28.7
0.0,0.538,28.7
0.0,0.51,28.7
0.0,0.485,28.7
0.0,0.457,28.7
0.0,0.428,28.7
0.0,0.398,28.7
0.042,0.276,28.7
0.112,0.167,28.7
0.21,0.208,28.7
0.377,0.222,28.7
0.595,0.192,28.7
0.736,0.144,28.7
0.79,0.126,28.7
0.79,0.139,28.7
0.744,0.174,28.7
0.639,0.209,28.7
0.524,0.227,28.7
0.362,0.228,28.7
0.18,0.224,28.7
0.035,0.253,28.7
0.0,0.312,28.7
0.0,0.33,28.7
0.0,0.3,28.7
0.0,0.252,28.7
0.0,0.199,28.7
0.0,0.144,28.7
0.0,0.101,28.7
0.0,0.076,28.7
0.0,0.06,28.7
0.0,0.064,28.7
0.048,0.076,28.7
0.121,0.066,28.7
0.214,0.053,28.7
0.34,0.087,28.7
0.458,0.118,28.7
0.505,0.127,28.7
0.438,0.168,28.7
0.247,0.227,28.7
0.197,0.231,28.7
0.262,0.192,28.7
0.368,0.188,28.7
0.303,0.233,28.7
0.149,0.305,28.7
0.031,0.395,28.7
0.0,0.477,28.7
0.0,0.491,28.7
0.0,0.481,28.7
0.0,0.447,28.7
0.0,0.428,28.7
0.0,0.412,28.7
0.0,0.388,28.7
0.0,0.378,28.7
0.0,0.371,28.7
0.0,0.342,28.7
0.042,0.259,28.7
0.146,0.221,28.7
0.324,0.237,28.7
0.45,0.256,28.7
0.605,0.274,28.7
0.695,0.299,28.7
0.748,0.346,28.7
0.736,0.398,28.7
0.661,0.425,28.7
0.557,0.425,28.7
0.484,0.416,28.7
0.31,0.4,28.7
0.157,0.355,28.7
0.041,0.27,28.7
0.0,0.216,28.7
0.0,0.188,28.7
0.0,0.202,28.7
0.0,0.245,28.7
0.0,0.282,28.7
0.0,0.306,28.7
0.0,0.325,28.7
0.0,0.393,28.7
0.0,0.44,28.7
0.0,0.449,28.7
0.033,0.434,28.7
0.117,0.5,28.7
0.197,0.622,28.7
0.299,0.687,28.7
0.399,0.711,28.7
0.594,0.736,28.7
0.514,0.774,28.7
0.327,0.82,28.7
0.176,0.806,28.7
0.14,0.794,28.7
0.211,0.839,28.7
0.137,0.858,28.7
0.028,0.844,28.7
0.019,0.839,28.7
0.0,0.837,28.7
0.0,0.796,28.7
0.0,0.724,28.7
0.0,0.674,28.7
0.0,0.661,28.7
0.0,0.649,28.7
0.0,0.63,28.7
0.0,0.615,28.7
0.0,0.595,28.7
0.0,0.566,28.7
0.035,0.527,28.7
0.156,0.538,28.7
0.311,0.535,28.7
0.517,0.54,28.7
0.638,0.566,28.7
0.716,0.558,28.7
0.763,0.566,28.7
0.77,0.554,28.7
0.726,0.552,28.7
0.622,0.595,28.7
0.458,0.572,28.7
0.303,0.506,28.7
0.151,0.374,28.7
0.037,0.238,28.7
0.0,0.178,28.7
0.0,0.106,28.7
0.0,0.042,28.7
0.0,0.015,28.7
0.0,0.011,28.7
0.0,0.029,28.7
0.0,0.135,28.7
0.0,0.291,28.7
0.0,0.403,28.7
0.0,0.465,28.7
0.04,0.434,28.7
0.143,0.417,28.7
0.296,0.674,28.7
0.409,0.776,28.7
0.538,0.816,28.7
0.688,0.864,28.7
0.746,0.904,28.7
0.721,0.937,28.7
0.642,0.957,28.7
0.555,0.958,28.7
0.411,0.947,28.7
0.265,0.919,28.7
0.141,0.873,28.7
0.039,0.815,28.7
0.0,0.762,28.7
0.0,0.756,28.7
0.0,0.768,28.7
0.0,0.782,28.7
0.0,0.765,28.7
0.0,0.754,28.7
0.0,0.744,28.7
0.0,0.722,28.7
0.0,0.684,28.7
0.0,0.646,28.7
0.031,0.591,28.7
0.152,0.593,28.7
0.347,0.592,28.7
0.513,0.55,28.7
0.647,0.516,28.7
0.733,0.543,28.7
0.767,0.56,28.7
0.774,0.583,28.7
0.728,0.601,28.7
0.641,0.612,28.7
0.512,0.62,28.7
0.344,0.618,28.7
0.171,0.578,28.7
0.033,0.525,28.7
0.0,0.516,28.7
0.0,0.547,28.7
0.0,0.55,28.7
0.0,0.494,28.7
0.0,0.432,28.7
0.0,0.348,28.7
0.0,0.243,28.7
0.0,0.161,28.7
0.0,0.102,28.7
0.0,0.066,28.7
0.025,0.032,28.7
0.159,0.01,28.7
0.341,0.007,28.7
0.485,0.013,28.7
0.636,0.015,28.7
0.74,0.01,28.7
0.789,0.011,28.7
0.79,0.014,28.7
0.745,0.02,28.7
0.655,0.034,28.7
0.523,0.073,28.7
0.353,0.11,28.7
0.171,0.131,28.7
0.027,0.17,28.7
0.0,0.213,28.7
0.0,0.202,28.7
0.0,0.167,28.7
0.0,0.138,28.7
0.0,0.12,28.7
0.0,0.118,28.7
0.0,0.137,28.7
0.0,0.18,28.7
0.0,0.226,28.7
0.0,0.257,28.7
0.026,0.229,28.7
0.155,0.142,28.7
0.35,0.1,28.7
0.517,0.138,28.7
0.642,0.161,28.7
0.727,0.174,28.7
0.77,0.171,28.7
0.769,0.16,28.7
0.724,0.158,28.7
0.638,0.173,28.7
0.51,0.206,28.7
0.345,0.28,28.7
0.164,0.403,28.7
0.026,0.635,28.7
0.0,0.814,28.7
0.0,0.868,28.7
0.0,0.861,28.7
0.0,0.841,28.7
0.0,0.814,28.7
0.0,0.786,28.7
0.0,0.763,28.7
0.0,0.752,28.7
0.0,0.746,28.7
0.0,0.741,28.7
0.035,0.684,28.7
0.151,0.538,28.7
0.325,0.413,28.7
0.483,0.337,28.7
0.604,0.334,28.7
0.665,0.343,28.7
0.657,0.463,28.7
0.557,0.684,28.7
0.457,0.79,28.7
0.305,0.693,28.7
0.175,0.431,28.7
0.11,0.228,28.7
0.078,0.236,28.7
0.035,0.33,28.7
0.0,0.369,28.7
0.0,0.358,28.7
0.0,0.328,28.7
0.0,0.291,28.7
0.0,0.261,28.7
0.0,0.251,28.7
0.0,0.27,28.7
0.0,0.311,28.7
0.0,0.334,28.7
0.0,0.322,28.7
0.034,0.249,28.7
0.131,0.196,28.7
0.271,0.183,28.7
0.411,0.176,28.7
0.513,0.18,28.7
0.632,0.194,28.7
0.732,0.217,28.7
0.728,0.246,28.7
0.7,0.302,28.7
0.63,0.374,28.7
0.5,0.444,28.7
0.329,0.479,28.7
0.157,0.473,28.7
0.032,0.497,28.7
0.0,0.523,28.7
0.0,0.519,28.7
0.0,0.505,28.7
0.0,0.522,28.7
0.0,0.547,28.7
0.0,0.559,28.7
0.0,0.566,28.7
0.0,0.556,28.7
0.0,0.5,28.7
0.0,0.44,28.7
0.031,0.362,28.7
0.145,0.339,28.7
0.334,0.319,28.7
0.511,0.323,28.7
0.643,0.342,28.7
0.734,0.35,28.7
0.783,0.345,28.7
0.777,0.336,28.7
0.725,0.332,28.7
0.636,0.343,28.7
0.501,0.364,28.7
0.317,0.373,28.7
0.148,0.364,28.7
0.029,0.341,28.7
0.0,0.331,28.7
0.0,0.328,28.7
0.0,0.371,28.7
0.0,0.41,28.7
0.0,0.432,28.7
0.0,0.449,28.7
0.0,0.454,28.7
0.0,0.419,28.7
0.0,0.386,28.7
0.0,0.369,28.7
0.025,0.349,28.7
0.135,0.363,28.7
0.305,0.379,28.7
0.509,0.41,28.7
0.639,0.434,28.7
0.729,0.448,28.7
0.778,0.468,28.7
0.773,0.51,28.7
0.73,0.546,28.7
0.644,0.524,28.7
0.519,0.513,28.7
0.351,0.497,28.7
0.165,0.464,28.7
0.027,0.447,28.7
0.0,0.44,28.7
0.0,0.465,28.7
0.0,0.464,28.7
0.0,0.46,28.7
0.0,0.466,28.7
0.0,0.452,28.7
0.0,0.4,28.7
0.0,0.36,28.7
0.0,0.32,28.7
0.0,0.261,28.7
0.025,0.202,28.7
0.149,0.145,28.7
0.346,0.124,28.7
0.521,0.135,28.7
0.658,0.164,28.7
0.747,0.188,28.7
0.788,0.204,28.7
0.785,0.212,28.7
0.74,0.213,28.7
0.651,0.21,28.7
0.519,0.213,28.7
0.349,0.217,28.7
0.161,0.207,28.7
0.024,0.19,28.7
0.0,0.154,28.7
0.0,0.107,28.7
0.0,0.101,28.7
0.0,0.144,28.7
0.0,0.233,28.7
0.0,0.324,28.7
0.0,0.376,28.7
0.0,0.382,28.7
0.0,0.354,28.7
0.0,0.35,28.7
0.023,0.36,28.7
0.15,0.28,28.7
0.349,0.3,28.7
0.523,0.508,28.7
0.654,0.599,28.7
0.739,0.618,28.7
0.776,0.601,28.7
0.771,0.571,28.7
0.705,0.535,28.7
0.597,0.491,28.7
0.481,0.449,28.7
0.336,0.391,28.7
0.156,0.302,28.7
0.024,0.243,28.7
0.0,0.196,28.7
0.0,0.155,28.7
0.0,0.112,28.7
0.0,0.063,28.7
0.0,0.026,28.7
0.0,0.007,28.7
0.0,0.003,28.7
0.0,0.009,28.7
0.0,0.019,28.7
0.0,0.035,28.7
0.027,0.055,28.7
0.134,0.05,28.7
0.323,0.035,28.7
0.499,0.058,28.7
0.631,0.055,28.7
0.714,0.045,28.7
0.752,0.032,28.7
0.749,0.021,28.7
0.704,0.013,28.7
0.617,0.011,28.7
0.49,0.017,28.7
0.326,0.042,28.7
0.147,0.081,28.7
0.025,0.205,28.7
0.0,0.343,28.7
0.0,0.411,28.7
0.0,0.403,28.7
0.0,0.358,28.7
0.0,0.299,28.7
0.0,0.266,28.7
0.0,0.266,28.7
0.0,0.272,28.7
0.0,0.285,28.7
0.0,0.302,28.7
0.023,0.317,28.7
0.141,0.259,28.7
0.33,0.151,28.7
0.499,0.101,28.7
0.623,0.156,28.7
0.7,0.215,28.7
0.738,0.227,28.7
0.736,0.225,28.7
0.692,0.215,28.7
0.607,0.198,28.7
0.48,0.182,28.7
0.318,0.178,28.7
0.144,0.221,28.7
0.023,0.391,28.7
0.0,0.589,28.7
0.0,0.682,28.7
0.0,0.692,28.7
0.0,0.672,28.7
0.0,0.633,28.7
0.0,0.592,28.7
0.0,0.561,28.7
0.0,0.521,28.7
0.0,0.454,28.7
0.0,0.374,28.7
0.019,0.282,28.7
0.091,0.164,28.7
0.196,0.082,28.7
0.29,0.051,28.7
0.37,0.06,28.7
0.423,0.079,28.7
0.446,0.093,28.7
0.438,0.091,28.7
0.426,0.079,28.7
0.373,0.08,28.7
0.315,0.097,28.7
0.238,0.118,28.7
0.116,0.192,28.7
0.023,0.35,28.7
0.0,0.413,28.7
0.0,0.381,28.7
0.0,0.336,28.7
0.0,0.269,28.7
0.0,0.212,28.7
0.0,0.176,28.7
0.0,0.214,28.7
0.0,0.195,28.7
0.0,0.145,28.7
0.0,0.106,28.7
0.023,0.076,28.7
0.109,0.051,28.7
0.231,0.038,28.7
0.371,0.042,28.7
0.523,0.054,28.7
0.641,0.078,28.7
0.655,0.069,28.7
0.643,0.035,28.7
0.591,0.011,28.7
0.505,0.023,28.7
0.372,0.07,28.7
0.24,0.16,28.7
0.115,0.274,28.7
0.023,0.306,28.7
0.0,0.268,28.7
0.0,0.195,28.7
0.0,0.13,28.7
0.0,0.084,28.7
0.0,0.05,28.7
0.0,0.033,28.7
0.0,0.031,28.7
0.0,0.051,28.7
0.0,0.087,28.7
0.0,0.121,28.7
0.024,0.133,28.7
0.131,0.1,28.7
0.305,0.105,28.7
0.469,0.114,28.7
0.599,0.059,28.7
0.679,0.013,28.7
0.712,0.006,28.7
0.706,0.013,28.7
0.655,0.013,28.7
0.561,0.009,28.7
0.416,0.004,28.7
0.247,0.019,28.7
0.103,0.075,28.7
0.018,0.179,28.7
0.0,0.144,28.7
0.0,0.101,28.7
0.0,0.217,28.7
0.0,0.241,28.7
0.0,0.259,28.7
0.0,0.288,28.7
0.0,0.252,28.7
0.0,0.184,28.7
0.0,0.122,28.7
0.0,0.073,28.7
0.02,0.036,28.7
0.109,0.011,28.7
0.265,0.005,28.7
0.442,0.008,28.7
0.567,0.015,28.7
0.658,0.019,28.7
0.696,0.025,28.7
0.683,0.038,28.7
0.63,0.055,28.7
0.534,0.073,28.7
0.389,0.088,28.7
0.221,0.101,28.7
0.066,0.109,28.7
0.002,0.127,28.7
0.0,0.142,28.7
0.0,0.163,28.7
0.0,0.182,28.7
0.0,0.261,28.7
0.0,0.345,28.7
0.0,0.351,28.7
0.0,0.352,28.7
0.0,0.367,28.7
0.0,0.391,28.7
0.0,0.429,28.7
0.023,0.417,28.7
0.119,0.323,28.7
0.252,0.278,28.7
0.33,0.367,28.7
0.322,0.344,28.7
0.185,0.217,28.7
0.172,0.127,28.7
0.178,0.135,28.7
0.178,0.168,28.7
0.155,0.186,28.7
0.119,0.179,28.7
0.083,0.162,28.7
0.046,0.169,28.7
0.009,0.184,28.7
0.0,0.204,28.7
0.0,0.213,28.7
0.0,0.208,28.7
0.0,0.175,28.7
0.0,0.117,28.7
0.0,0.085,28.7
0.0,0.091,28.7
0.0,0.103,28.7
0.0,0.071,28.7
0.0,0.032,28.7
0.021,0.017,28.7
0.106,0.012,28.7
0.222,0.016,28.7
0.328,0.024,28.7
0.323,0.035,28.7
0.302,0.059,28.7
0.28,0.09,28.7
0.261,0.111,28.7
0.238,0.105,28.7
0.235,0.087,28.7
0.262,0.063,28.7
0.177,0.047,28.7
0.068,0.046,28.7
0.005,0.059,28.7
0.0,0.083,28.7
0.0,0.1,28.7
0.0,0.113,28.7
0.0,0.126,28.7
0.0,0.146,28.7
0.0,0.18,28.7
0.0,0.217,28.7
0.0,0.243,28.7
0.0,0.245,28.7
0.0,0.232,28.7
0.014,0.21,28.7
0.09,0.179,28.7
0.188,0.196,28.7
0.266,0.227,28.7
0.339,0.262,28.7
0.404,0.309,28.7
0.395,0.345,28.7
0.36,0.367,28.7
0.32,0.37,28.7
0.257,0.37,28.7
0.162,0.363,28.7
0.096,0.343,28.7
0.044,0.312,28.7
0.004,0.289,28.7
0.0,0.283,28.7
0.0,0.28,28.7
0.0,0.282,28.7
0.0,0.287,28.7
0.0,0.278,28.7
0.0,0.264,28.7
0.0,0.249,28.7
0.0,0.258,28.7
0.0,0.277,28.7
0.0,0.294,28.7
0.012,0.287,28.7
0.083,0.232,28.7
0.175,0.199,28.7
0.296,0.16,28.7
0.418,0.139,28.7
0.492,0.122,28.7
0.593,0.095,28.7
0.692,0.069,28.7
0.693,0.041,28.7
0.604,0.042,28.7
0.475,0.062,28.7
0.307,0.084,28.7
0.13,0.114,28.7
0.018,0.201,28.7
0.0,0.284,28.7
0.0,0.282,28.7
0.0,0.218,28.7
0.0,0.14,28.7
0.0,0.124,28.7
0.0,0.173,28.7
0.0,0.212,28.7
0.0,0.249,28.7
0.0,0.233,28.7
0.0,0.206,28.7
0.0,0.203,28.7
0.034,0.179,28.7
0.107,0.143,28.7
0.21,0.105,28.7
0.251,0.092,28.7
0.196,0.148,28.7
0.161,0.213,28.7
0.184,0.176,28.7
0.304,0.133,28.7
0.385,0.115,28.7
0.301,0.104,28.7
0.157,0.097,28.7
0.055,0.089,28.7
0.005,0.093,28.7
0.0,0.101,28.7
0.0,0.135,28.7
0.0,0.194,28.7
0.0,0.248,28.7
0.0,0.294,28.7
0.0,0.305,28.7
0.0,0.293,28.7
0.0,0.274,28.7
0.0,0.251,28.7
0.0,0.248,28.7
0.004,0.255,28.7
0.075,0.233,28.7
0.254,0.245,28.7
0.446,0.293,28.7
0.578,0.335,28.7
0.675,0.35,28.7
0.726,0.328,28.7
0.713,0.289,28.7
0.656,0.265,28.7
0.564,0.266,28.7
0.443,0.296,28.7
0.249,0.332,28.7
0.108,0.32,28.7
0.014,0.281,28.7
0.0,0.239,28.7
0.0,0.2,28.7
0.0,0.188,28.7
0.0,0.201,28.7
0.0,0.213,28.7
0.0,0.225,28.7
0.0,0.22,28.7
0.0,0.215,28.7
0.0,0.228,28.7
0.0,0.266,28.7
0.016,0.291,28.7
0.123,0.231,28.7
0.22,0.216,28.7
0.263,0.253,28.7
0.312,0.278,28.7
0.376,0.257,28.7
0.459,0.227,28.7
0.562,0.211,28.7
0.585,0.204,28.7
0.542,0.204,28.7
0.379,0.205,28.7
0.248,0.195,28.7
0.108,0.162,28.7
0.014,0.124,28.7
0.0,0.082,28.7
0.0,0.082,28.7
0.0,0.147,28.7
0.0,0.257,28.7
0.0,0.355,28.7
0.0,0.407,28.7
0.0,0.395,28.7
0.0,0.398,28.7
0.0,0.413,28.7
0.0,0.436,28.7
0.0,0.47,28.7
0.022,0.501,28.7
0.05,0.544,28.7
0.105,0.674,28.7
0.213,0.775,28.7
0.288,0.835,28.7
0.218,0.851,28.7
0.208,0.856,28.7
0.325,0.862,28.7
0.41,0.862,28.7
0.312,0.826,28.7
0.219,0.773,28.7
0.096,0.724,28.7
0.011,0.678,28.7
0.0,0.672,28.7
0.0,0.686,28.7
0.0,0.698,28.7
0.0,0.687,28.7
0.0,0.676,28.7
0.0,0.691,28.7
0.0,0.696,28.7
0.0,0.522,28.7
0.0,0.249,28.7
0.0,0.217,28.7
0.001,0.18,28.7
0.041,0.152,28.7
0.097,0.164,28.7
0.239,0.202,28.7
0.392,0.246,28.7
0.43,0.31,28.7
0.342,0.395,28.7
0.288,0.444,28.7
0.297,0.432,28.7
0.338,0.431,28.7
0.29,0.435,28.7
0.225,0.442,28.7
0.102,0.422,28.7
0.012,0.466,28.7
0.0,0.507,28.7
0.0,0.543,28.7
0.0,0.603,28.7
0.0,0.636,28.7
0.0,0.644,28.7
0.0,0.659,28.7
0.0,0.744,28.7
0.0,0.835,28.7
0.0,0.894,28.7
0.0,0.843,28.7
0.008,0.795,28.7
0.126,0.727,28.7
0.325,0.865,28.7
0.502,0.916,28.7
0.634,0.933,28.7
0.727,0.938,28.7
0.766,0.938,28.7
0.758,0.934,28.7
0.71,0.933,28.7
0.583,0.935,28.7
0.383,0.926,28.7
0.224,0.902,28.7
0.09,0.863,28.7
0.007,0.831,28.7
0.0,0.77,28.7
0.0,0.781,28.7
0.0,0.772,28.7
0.0,0.748,28.7
0.0,0.778,28.7
0.0,0.766,28.7
0.0,0.748,28.7
0.0,0.744,28.7
0.0,0.733,28.7
0.0,0.729,28.7
0.009,0.73,28.7
0.125,0.772,28.7
0.312,0.852,28.7
0.481,0.874,28.7
0.557,0.885,28.7
0.474,0.892,28.7
0.432,0.899,28.7
0.493,0.906,28.7
0.213,0.887,28.7
0.161,0.857,28.7
0.138,0.844,28.7
0.07,0.801,28.7
0.042,0.755,28.7
0.008,0.75,28.7
0.0,0.733,28.7
0.0,0.71,28.7
0.0,0.727,28.7
0.0,0.725,28.7
0.0,0.713,28.7
0.0,0.719,28.7
0.0,0.723,28.7
0.0,0.722,28.7
0.0,0.728,28.7
0.0,0.754,28.7
0.007,0.724,28.7
0.113,0.695,28.7
0.289,0.744,28.7
0.466,0.785,28.7
0.607,0.773,28.7
0.689,0.76,28.7
0.695,0.75,28.7
0.624,0.734,28.7
0.534,0.714,28.7
0.461,0.697,28.7
0.358,0.682,28.7
0.19,0.669,28.7
0.086,0.651,28.7
0.001,0.624,28.7
0.0,0.615,28.7
0.0,0.578,28.7
0.0,0.578,28.7
0.0,0.586,28.7
0.0,0.583,28.7
0.0,0.563,28.7
0.0,0.526,28.7
0.0,0.516,28.7
0.0,0.505,28.7
0.0,0.499,28.7
0.006,0.481,28.7
0.097,0.454,28.7
0.279,0.538,28.7
0.432,0.552,28.7
0.603,0.507,28.7
0.678,0.476,28.7
0.716,0.456,28.7
0.687,0.454,28.7
0.596,0.425,28.7
0.4,0.407,28.7
0.219,0.428,28.7
0.087,0.394,28.7
0.031,0.274,28.7
0.0,0.187,28.7
0.0,0.173,28.7
0.0,0.235,28.7
0.0,0.323,28.7
0.0,0.433,28.7
0.0,0.513,28.7
0.0,0.527,28.7
0.0,0.569,28.7
0.0,0.611,28.7
0.0,0.672,28.7
0.0,0.738,28.7
0.0,0.752,28.7
0.032,0.743,28.7
0.094,0.792,28.7
0.201,0.893,28.7
0.414,0.96,28.7
0.663,0.983,28.7
0.676,0.989,28.7
0.535,0.987,28.7
0.528,0.984,28.7
0.439,0.983,28.7
0.415,0.984,28.7
0.289,0.986,28.7
0.113,0.986,28.7
0.002,0.985,28.7
0.0,0.981,28.7
0.0,0.981,28.7
0.0,0.985,28.7
0.0,0.988,28.7
0.0,0.987,28.7
0.0,0.986,28.7
0.0,0.985,28.7
0.0,0.979,28.7
0.0,0.966,28.7
0.0,0.942,28.7
0.003,0.915,28.7
0.097,0.898,28.7
0.277,0.901,28.7
0.472,0.867,28.7
0.626,0.828,28.7
0.72,0.782,28.7
0.76,0.758,28.7
0.766,0.757,28.7
0.721,0.768,28.7
0.6,0.719,28.7
0.397,0.695,28.7
0.2,0.669,28.7
0.078,0.615,28.7
0.003,0.572,28.7
0.0,0.516,28.7
0.0,0.389,28.7
0.0,0.343,28.7
0.0,0.223,28.7
0.0,0.184,28.7
0.0,0.178,28.7
0.0,0.187,28.7
0.0,0.193,28.7
0.0,0.192,28.7
0.0,0.21,28.7
0.0,0.233,28.7
0.047,0.213,28.7
0.303,0.209,28.7
0.498,0.249,28.7
0.634,0.311,28.7
0.719,0.374,28.7
0.698,0.457,28.7
0.494,0.569,28.7
0.425,0.672,28.7
0.329,0.761,28.7
0.177,0.809,28.7
0.109,0.849,28.7
0.046,0.891,28.7
0.0,0.929,28.7
0.0,0.93,28.7
0.0,0.927,28.7
0.0,0.923,28.7
0.0,0.91,28.7
0.0,0.89,28.7
0.0,0.849,28.7
0.0,0.789,28.7
0.0,0.731,28.7
0.0,0.674,28.7
0.0,0.674,28.7
0.001,0.696,28.7
0.101,0.725,28.7
0.269,0.785,28.7
0.446,0.809,28.7
0.57,0.796,28.7
0.654,0.792,28.7
0.688,0.782,28.7
0.651,0.766,28.7
0.537,0.741,28.7
0.443,0.701,28.7
0.34,0.654,28.7
0.221,0.604,28.7
0.081,0.526,28.7
0.0,0.476,28.7
0.0,0.461,28.7
0.0,0.428,28.7
0.0,0.391,28.7
0.0,0.334,28.7
0.0,0.317,28.7
0.0,0.424,28.7
0.0,0.517,28.7
0.0,0.55,28.7
0.0,0.552,28.7
0.0,0.549,28.7
0.0,0.556,28.7
0.054,0.56,28.7
0.109,0.633,28.7
0.14,0.682,28.7
0.169,0.713,28.7
0.205,0.725,28.7
0.275,0.719,28.7
0.317,0.706,28.7
0.353,0.698,28.7
0.35,0.689,28.7
0.29,0.674,28.7
0.225,0.649,28.7
0.074,0.606,28.7
0.0,0.613,28.7
0.0,0.659,28.7
0.0,0.694,28.7
0.0,0.739,28.7
0.0,0.742,28.7
0.0,0.697,28.7
0.0,0.651,28.7
0.0,0.626,28.7
0.0,0.642,28.7
0.0,0.687,28.7
0.0,0.749,28.7
0.0,0.803,28.7
0.036,0.827,28.7
0.131,0.835,28.7
0.291,0.854,28.7
0.416,0.842,28.7
0.531,0.819,28.7
0.633,0.804,28.7
0.666,0.785,28.7
0.635,0.746,28.7
0.559,0.684,28.7
0.432,0.616,28.7
0.257,0.551,28.7
0.081,0.459,28.7
0.0,0.382,28.7
0.0,0.32,28.7
0.0,0.242,28.7
0.0,0.178,28.7
0.0,0.133,28.7
0.0,0.096,28.7
0.0,0.072,28.7
0.0,0.061,28.7
0.0,0.056,28.7
0.0,0.052,28.7
0.0,0.047,28.7
0.0,0.046,28.7
0.044,0.046,28.7
0.106,0.047,28.7
0.309,0.049,28.7
0.528,0.043,28.7
0.577,0.027,28.7
0.48,0.025,28.7
0.461,0.024,28.7
0.484,0.02,28.7
0.528,0.019,28.7
0.448,0.037,28.7
0.272,0.092,28.7
0.102,0.162,28.7
0.0,0.279,28.7
0.0,0.334,28.7
0.0,0.32,28.7
0.0,0.289,28.7
0.0,0.259,28.7
0.0,0.23,28.7
0.0,0.197,28.7
0.0,0.162,28.7
0.0,0.121,28.7
0.0,0.081,28.7
0.0,0.05,28.7
0.0,0.035,28.7
0.103,0.031,28.7
0.306,0.034,28.7
0.485,0.039,28.7
0.62,0.043,28.7
0.717,0.048,28.7
0.763,0.053,28.7
0.749,0.058,28.7
0.68,0.066,28.7
0.62,0.086,28.7
0.471,0.113,28.7
0.279,0.15,28.7
0.082,0.223,28.7
0.0,0.32,28.7
0.0,0.347,28.7
0.0,0.325,28.7
0.0,0.285,28.7
0.0,0.25,28.7
0.0,0.221,28.7
0.0,0.199,28.7
0.0,0.18,28.7
0.0,0.157,28.7
0.0,0.135,28.7
0.0,0.115,28.7
0.0,0.097,28.7
0.067,0.076,28.7
0.202,0.051,28.7
0.468,0.036,28.7
0.633,0.021,28.7
0.727,0.014,28.7
0.771,0.011,28.7
0.77,0.011,28.7
0.715,0.018,28.7
0.578,0.031,28.7
0.397,0.045,28.7
0.235,0.049,28.7
0.061,0.046,28.7
0.0,0.037,28.7
0.0,0.014,28.7
0.0,0.008,28.7
0.0,0.031,28.7
0.0,0.084,28.7
0.0,0.162,28.7
0.0,0.266,28.7
0.0,0.386,28.7
0.0,0.494,28.7
0.0,0.562,28.7
0.0,0.596,28.7
0.0,0.616,28.7
0.054,0.615,28.7
0.165,0.614,28.7
0.278,0.661,28.7
0.355,0.734,28.7
0.459,0.778,28.7
0.458,0.795,28.7
0.407,0.785,28.7
0.368,0.768,28.7
0.328,0.744,28.7
0.244,0.711,28.7
0.152,0.632,28.7
0.058,0.596,28.7
0.0,0.646,28.7
0.0,0.675,28.7
0.0,0.633,28.7
0.0,0.582,28.7
0.0,0.535,28.7
0.0,0.47,28.7
0.0,0.398,28.7
0.0,0.332,28.7
0.0,0.28,28.7
0.0,0.209,28.7
0.0,0.151,28.7
0.0,0.115,28.7
0.052,0.084,28.7
0.153,0.063,28.7
0.262,0.063,28.7
0.341,0.068,28.7
0.352,0.074,28.7
0.441,0.078,28.7
0.549,0.084,28.7
0.531,0.101,28.7
0.437,0.128,28.7
0.31,0.139,28.7
0.184,0.136,28.7
0.062,0.144,28.7
0.0,0.171,28.7
0.0,0.201,28.7
0.0,0.251,28.7
0.0,0.337,28.7
0.0,0.413,28.7
0.0,0.407,28.7
0.0,0.38,28.7
0.0,0.381,28.7
0.0,0.404,28.7
0.0,0.419,28.7
0.0,0.415,28.7
0.0,0.388,28.7
0.083,0.326,28.7
0.275,0.274,28.7
0.475,0.233,28.7
0.618,0.241,28.7
0.71,0.27,28.7
0.753,0.3,28.7
0.753,0.314,28.7
0.705,0.343,28.7
0.612,0.399,28.7
0.471,0.448,28.7
0.282,0.489,28.7
0.049,0.486,28.7
0.0,0.485,28.7
0.0,0.467,28.7
0.0,0.422,28.7
0.0,0.381,28.7
0.0,0.358,28.7
0.0,0.348,28.7
0.0,0.351,28.7
0.0,0.344,28.7
0.0,0.327,28.7
0.0,0.3,28.7
0.0,0.284,28.7
0.0,0.278,28.7
0.083,0.247,28.7
0.264,0.2,28.7
0.461,0.188,28.7
0.59,0.166,28.7
0.681,0.142,28.7
0.73,0.13,28.7
0.733,0.132,28.7
0.689,0.147,28.7
0.589,0.161,28.7
0.447,0.179,28.7
0.264,0.195,28.7
0.077,0.185,28.7
0.0,0.151,28.7
0.0,0.113,28.7
0.0,0.069,28.7
0.0,0.051,28.7
0.0,0.041,28.7
0.0,0.034,28.7
0.0,0.032,28.7
0.0,0.032,28.7
0.0,0.033,28.7
0.0,0.041,28.7
0.0,0.051,28.7
0.0,0.062,28.7
0.035,0.083,28.7
0.094,0.104,28.7
0.243,0.098,28.7
0.48,0.098,28.7
0.646,0.105,28.7
0.558,0.121,28.7
0.493,0.146,28.7
0.547,0.183,28.7
0.538,0.207,28.7
0.291,0.223,28.7
0.143,0.256,28.7
0.048,0.313,28.7
0.0,0.386,28.7
0.0,0.445,28.7
0.0,0.441,28.7
0.0,0.388,28.7
0.0,0.376,28.7
0.0,0.362,28.7
0.0,0.343,28.7
0.0,0.343,28.7
0.0,0.349,28.7
0.0,0.364,28.7
0.0,0.381,28.7
0.0,0.394,28.7
0.053,0.343,28.7
0.184,0.311,28.7
0.323,0.289,28.7
0.438,0.253,28.7
0.548,0.225,28.7
0.614,0.209,28.7
0.628,0.209,28.7
0.569,0.219,28.7
0.49,0.231,28.7
0.351,0.24,28.7
0.197,0.237,28.7
0.062,0.218,28.7
0.0,0.201,28.7
0.0,0.178,28.7
0.0,0.167,28.7
0.0,0.175,28.7
0.0,0.184,28.7
0.0,0.185,28.7
0.0,0.179,28.7
0.0,0.171,28.7
0.0,0.171,28.7
0.0,0.181,28.7
0.0,0.211,28.7
0.0,0.255,28.7
0.075,0.267,28.7
0.259,0.239,28.7
0.443,0.243,28.7
0.597,0.253,28.7
0.7,0.263,28.7
0.746,0.281,28.7
0.744,0.301,28.7
0.692,0.311,28.7
0.594,0.311,28.7
0.445,0.298,28.7
0.264,0.27,28.7
0.072,0.241,28.7
0.0,0.251,28.7
0.0,0.249,28.7
0.0,0.221,28.7
0.0,0.206,28.7
0.0,0.201,28.7
0.0,0.185,28.7
0.0,0.167,28.7
0.0,0.167,28.7
0.0,0.179,28.7
0.0,0.175,28.7
0.0,0.155,28.7
0.0,0.128,28.7
0.041,0.1,28.7
0.145,0.059,28.7
0.29,0.035,28.7
0.434,0.035,28.7
0.523,0.041,28.7
0.65,0.036,28.7
0.656,0.031,28.7
0.617,0.05,28.7
0.502,0.097,28.7
0.378,0.163,28.7
0.204,0.247,28.7
0.059,0.334,28.7
0.0,0.395,28.7
0.0,0.379,28.7
0.0,0.328,28.7
0.0,0.297,28.7
0.0,0.264,28.7
0.0,0.22,28.7
0.0,0.174,28.7
0.0,0.136,28.7
0.0,0.115,28.7
0.0,0.104,28.7
0.0,0.087,28.7
0.0,0.067,28.7
0.048,0.041,28.7
0.225,0.015,28.7
0.405,0.011,28.7
0.566,0.018,28.7
0.636,0.046,28.7
0.67,0.078,28.7
0.653,0.115,28.7
0.569,0.166,28.7
0.456,0.214,28.7
0.266,0.228,28.7
0.122,0.223,28.7
0.03,0.231,28.7
0.0,0.24,28.7
0.0,0.217,28.7
0.0,0.194,28.7
0.0,0.188,28.7
0.0,0.188,28.7
0.0,0.184,28.7
0.0,0.16,28.7
0.0,0.115,28.7
0.0,0.09,28.7
0.0,0.152,28.7
0.0,0.287,28.7
0.0,0.266,28.7
0.046,0.196,28.7
0.186,0.158,28.7
0.41,0.145,28.7
0.554,0.145,28.7
0.651,0.132,28.7
0.715,0.112,28.7
0.74,0.104,28.7
0.685,0.12,28.7
0.584,0.141,28.7
0.434,0.158,28.7
0.243,0.152,28.7
0.059,0.139,28.7
0.0,0.149,28.7
0.0,0.123,28.7
0.0,0.071,28.7
0.0,0.03,28.7
0.0,0.012,28.7
0.0,0.014,28.7
0.0,0.03,28.7
0.0,0.055,28.7
0.0,0.085,28.7
0.0,0.125,28.7
0.0,0.163,28.7
0.0,0.179,28.7
0.063,0.159,28.7
0.255,0.089,28.7
0.449,0.051,28.7
0.602,0.041,28.7
0.699,0.036,28.7
0.746,0.042,28.7
0.743,0.049,28.7
0.689,0.049,28.7
0.585,0.045,28.7
0.436,0.034,28.7
0.243,0.023,28.7
0.056,0.022,28.7
0.0,0.071,28.7
0.0,0.175,28.7
0.0,0.311,28.7
0.0,0.439,28.7
0.0,0.525,28.7
0.0,0.568,28.7
0.0,0.587,28.7
0.0,0.601,28.7
0.0,0.61,28.7
0.0,0.59,28.7
0.0,0.552,28.7
0.0,0.504,28.7
0.064,0.435,28.7
0.256,0.268,28.7
0.447,0.157,28.7
0.592,0.146,28.7
0.683,0.192,28.7
0.722,0.227,28.7
0.717,0.225,28.7
0.662,0.202,28.7
0.559,0.179,28.7
0.408,0.169,28.7
0.222,0.132,28.7
0.049,0.133,28.7
0.0,0.204,28.7
0.0,0.3,28.7
0.0,0.388,28.7
0.0,0.448,28.7
0.0,0.473,28.7
0.0,0.476,28.7
0.0,0.464,28.7
0.0,0.449,28.7
0.0,0.457,28.7
0.0,0.479,28.7
0.0,0.467,28.7
0.0,0.442,28.7
0.053,0.402,28.7
0.211,0.264,28.7
0.335,0.181,28.7
0.402,0.146,28.7
0.443,0.131,28.7
0.485,0.104,28.7
0.441,0.079,28.7
0.391,0.068,28.7
0.383,0.072,28.7
0.285,0.105,28.7
0.144,0.18,28.7
0.029,0.268,28.7
0.0,0.313,28.7
0.0,0.31,28.7
0.0,0.295,28.7
0.0,0.287,28.7
0.0,0.278,28.7
0.0,0.278,28.7
0.0,0.291,28.7
0.0,0.305,28.7
0.0,0.304,28.7
0.0,0.305,28.7
0.0,0.302,28.7
0.0,0.285,28.7
0.009,0.249,28.7
0.061,0.177,28.7
0.134,0.13,28.7
0.234,0.126,28.7
0.323,0.144,28.7
0.43,0.163,28.7
0.481,0.195,28.7
0.447,0.259,28.7
0.385,0.345,28.7
0.302,0.433,28.7
0.18,0.492,28.7
0.038,0.514,28.7
0.0,0.611,28.7
0.0,0.674,28.7
0.0,0.695,28.7
0.0,0.697,28.7
0.0,0.71,28.7
0.0,0.725,28.7
0.0,0.758,28.7
0.0,0.791,28.7
0.0,0.796,28.7
0.0,0.785,28.7
0.0,0.772,28.7
0.0,0.794,28.7
0.048,0.793,28.7
0.232,0.821,28.7
0.426,0.822,28.7
0.578,0.799,28.7
0.675,0.772,28.7
0.721,0.758,28.7
0.718,0.75,28.7
0.667,0.747,28.7
0.567,0.757,28.7
0.419,0.776,28.7
0.231,0.761,28.7
0.048,0.737,28.7
0.0,0.768,28.7
0.0,0.755,28.7
0.0,0.727,28.7
0.0,0.734,28.7
0.0,0.724,28.7
0.0,0.69,28.7
0.0,0.645,28.7
0.0,0.601,28.7
0.0,0.575,28.7
0.0,0.566,28.7
0.0,0.562,28.7
0.0,0.565,28.7
0.052,0.54,28.7
0.245,0.473,28.7
0.431,0.544,28.7
0.589,0.599,28.7
0.678,0.676,28.7
0.715,0.726,28.7
0.717,0.748,28.7
0.662,0.763,28.7
0.551,0.774,28.7
0.357,0.762,28.7
0.143,0.722,28.7
0.023,0.749,28.7
0.0,0.779,28.7
0.0,0.758,28.7
0.0,0.72,28.7
0.0,0.657,28.7
0.0,0.571,28.7
0.0,0.476,28.7
0.0,0.382,28.7
0.0,0.311,28.7
0.0,0.268,28.7
0.0,0.231,28.7
0.0,0.211,28.7
0.0,0.227,28.7
0.0,0.243,28.7
0.032,0.231,28.7
0.093,0.223,28.7
0.166,0.251,28.7
0.274,0.311,28.7
0.362,0.328,28.7
0.324,0.284,28.7
0.239,0.198,28.7
0.17,0.112,28.7
0.114,0.068,28.7
0.062,0.066,28.7
0.009,0.124,28.7
0.0,0.179,28.7
0.0,0.203,28.7
0.0,0.219,28.7
0.0,0.238,28.7
0.0,0.231,28.7
0.0,0.205,28.7
0.0,0.19,28.7
0.0,0.179,28.7
0.0,0.17,28.7
0.0,0.174,28.7
0.0,0.197,28.7
0.0,0.237,28.7
0.032,0.251,28.7
0.198,0.183,28.7
0.39,0.194,28.7
0.538,0.264,28.7
0.628,0.341,28.7
0.659,0.372,28.7
0.637,0.379,28.7
0.547,0.358,28.7
0.423,0.318,28.7
0.273,0.302,28.7
0.127,0.335,28.7
0.015,0.395,28.7
0.0,0.437,28.7
0.0,0.454,28.7
0.0,0.447,28.7
0.0,0.421,28.7
0.0,0.379,28.7
0.0,0.344,28.7
0.0,0.302,28.7
0.0,0.245,28.7
0.0,0.192,28.7
0.0,0.149,28.7
0.0,0.121,28.7
0.0,0.121,28.7
0.033,0.126,28.7
0.202,0.086,28.7
0.405,0.067,28.7
0.563,0.115,28.7
0.67,0.121,28.7
0.721,0.132,28.7
0.718,0.136,28.7
0.668,0.127,28.7
0.566,0.121,28.7
0.411,0.13,28.7
0.215,0.161,28.7
0.036,0.22,28.7
0.0,0.244,28.7
0.0,0.22,28.7
0.0,0.179,28.7
0.0,0.127,28.7
0.0,0.076,28.7
0.0,0.038,28.7
0.0,0.014,28.7
0.0,0.004,28.7
0.0,0.004,28.7
0.0,0.011,28.7
0.0,0.025,28.7
0.0,0.047,28.7
0.033,0.077,28.7
0.184,0.081,28.7
0.273,0.071,28.7
0.348,0.078,28.7
0.447,0.089,28.7
0.535,0.099,28.7
0.585,0.123,28.7
0.553,0.17,28.7
0.453,0.227,28.7
0.278,0.277,28.7
0.09,0.282,28.7
0.012,0.283,28.7
0.0,0.261,28.7
0.0,0.235,28.7
0.0,0.27,28.7
0.0,0.364,28.7
0.0,0.496,28.7
0.0,0.598,28.7
0.0,0.615,28.7
0.0,0.627,28.7
0.0,0.652,28.7
0.0,0.653,28.7
0.0,0.654,28.7
0.0,0.652,28.7
0.019,0.647,28.7
0.133,0.608,28.7
0.323,0.727,28.7
0.404,0.799,28.7
0.355,0.824,28.7
0.304,0.851,28.7
0.231,0.849,28.7
0.178,0.803,28.7
0.123,0.695,28.7
0.075,0.583,28.7
0.019,0.594,28.7
0.0,0.745,28.7
0.0,0.876,28.7
0.0,0.897,28.7
0.0,0.866,28.7
0.0,0.84,28.7
0.0,0.799,28.7
0.0,0.743,28.7
0.0,0.726,28.7
0.0,0.75,28.7
0.0,0.758,28.7
0.0,0.781,28.7
0.0,0.817,28.7
0.0,0.852,28.7
0.025,0.876,28.7
0.095,0.914,28.7
0.081,0.882,28.7
0.09,0.842,28.7
0.189,0.834,28.7
0.382,0.8,28.7
0.553,0.747,28.7
0.51,0.764,28.7
0.382,0.87,28.7
0.197,0.96,28.7
0.097,0.97,28.7
0.02,0.962,28.7
0.0,0.924,28.7
0.0,0.884,28.7
0.0,0.888,28.7
0.0,0.914,28.7
0.0,0.946,28.7
0.0,0.958,28.7
0.0,0.938,28.7
0.0,0.895,28.7
0.0,0.832,28.7
0.0,0.917,28.7
0.0,0.96,28.7
0.0,0.944,28.7
0.007,0.905,28.7
0.077,0.905,28.7
0.182,0.92,28.7
0.252,0.948,28.7
0.276,0.961,28.7
0.349,0.965,28.7
0.547,0.972,28.7
0.645,0.978,28.7
0.595,0.977,28.7
0.423,0.972,28.7
0.204,0.959,28.7
0.024,0.945,28.7
0.0,0.945,28.7
0.0,0.948,28.7
0.0,0.949,28.7
0.0,0.945,28.7
0.0,0.938,28.7
0.0,0.92,28.7
0.0,0.902,28.7
0.0,0.887,28.7
0.0,0.879,28.7
0.0,0.875,28.7
0.0,0.874,28.7
0.0,0.876,28.7
0.016,0.875,28.7
0.165,0.862,28.7
0.364,0.85,28.7
0.563,0.83,28.7
0.706,0.799,28.7
0.779,0.772,28.7
0.784,0.773,28.7
0.728,0.77,28.7
0.613,0.77,28.7
0.439,0.812,28.7
0.204,0.857,28.7
0.014,0.887,28.7
0.0,0.919,28.7
0.0,0.936,28.7
0.0,0.941,28.7
0.0,0.94,28.7
0.0,0.932,28.7
0.0,0.929,28.7
0.0,0.929,28.7
0.0,0.938,28.7
0.0,0.951,28.7
0.0,0.959,28.7
0.0,0.966,28.7
0.0,0.972,28.7
0.0,0.974,28.7
0.014,0.975,28.7
0.046,0.976,28.7
0.057,0.974,28.7
0.043,0.968,28.7
0.092,0.959,28.7
0.131,0.947,28.7
0.145,0.932,28.7
0.13,0.91,28.7
0.084,0.884,28.7
0.037,0.85,28.7
0.0,0.813,28.7
0.0,0.8,28.7
0.0,0.77,28.7
0.0,0.754,28.7
0.0,0.729,28.7
0.0,0.713,28.7
0.0,0.704,28.7
0.0,0.684,28.7
0.0,0.674,28.7
0.0,0.687,28.7
0.0,0.695,28.7
0.0,0.697,28.7
0.0,0.684,28.7
0.009,0.659,28.7
0.102,0.576,28.7
0.291,0.554,28.7
0.535,0.538,28.7
0.653,0.517,28.7
0.701,0.508,28.7
0.717,0.51,28.7
0.686,0.516,28.7
0.572,0.516,28.7
0.393,0.498,28.7
0.172,0.441,28.7
0.007,0.391,28.7
0.0,0.457,28.7
0.0,0.525,28.7
0.0,0.546,28.7
0.0,0.541,28.7
0.0,0.557,28.7
0.0,0.544,28.7
0.0,0.498,28.7
0.0,0.501,28.7
0.0,0.516,28.7
0.0,0.532,28.7
0.0,0.532,28.7
0.0,0.537,28.7
0.001,0.525,28.7
0.05,0.467,28.7
0.103,0.413,28.7
0.16,0.482,28.7
0.27,0.505,28.7
0.358,0.494,28.7
0.42,0.457,28.7
0.517,0.407,28.7
0.44,0.358,28.7
0.323,0.309,28.7
0.16,0.247,28.7
0.011,0.213,28.7
0.0,0.196,28.7
0.0,0.182,28.7
0.0,0.158,28.7
0.0,0.124,28.7
0.0,0.101,28.7
0.0,0.112,28.7
0.0,0.161,28.7
0.0,0.241,28.7
0.0,0.338,28.7
0.0,0.439,28.7
0.0,0.545,28.7
0.0,0.613,28.7
0.014,0.645,28.7
0.173,0.592,28.7
0.296,0.649,28.7
0.236,0.731,28.7
0.194,0.773,28.7
0.584,0.828,28.7
0.558,0.849,28.7
0.404,0.852,28.7
0.225,0.836,28.7
0.066,0.799,28.7
0.016,0.773,28.7
0.0,0.815,28.7
0.0,0.858,28.7
0.0,0.897,28.7
0.0,0.898,28.7
0.0,0.898,28.7
0.0,0.896,28.7
0.0,0.892,28.7
0.0,0.796,28.7
0.0,0.595,28.7
0.0,0.547,28.7
0.0,0.528,28.7
0.0,0.552,28.7
0.0,0.605,28.7
0.003,0.621,28.7
0.097,0.635,28.7
0.209,0.641,28.7
0.324,0.724,28.7
0.426,0.772,28.7
0.449,0.785,28.7
0.467,0.784,28.7
0.405,0.779,28.7
0.321,0.764,28.7
0.137,0.7,28.7
0.019,0.604,28.7
0.0,0.572,28.7
0.0,0.623,28.7
0.0,0.692,28.7
0.0,0.74,28.7
0.0,0.823,28.7
0.0,0.857,28.7
0.0,0.894,28.7
0.0,0.92,28.7
0.0,0.939,28.7
0.0,0.957,28.7
0.0,0.981,28.7
0.0,0.989,28.7
0.0,0.973,28.7
0.0,0.99,28.7
0.075,0.984,28.7
0.341,0.965,28.7
0.517,0.932,28.7
0.626,0.896,28.7
0.688,0.809,28.7
0.697,0.654,28.7
0.6,0.497,28.7
0.305,0.386,28.7
0.176,0.287,28.7
0.061,0.242,28.7
0.0,0.248,28.7
0.0,0.272,28.7
0.0,0.306,28.7
0.0,0.261,28.7
0.0,0.161,28.7
0.0,0.064,28.7
0.0,0.014,28.7
0.0,0.003,28.7
0.0,0.013,28.7
0.0,0.058,28.7
0.0,0.134,28.7
0.0,0.211,28.7
0.0,0.298,28.7
0.012,0.362,28.7
0.197,0.292,28.7
0.416,0.219,28.7
0.583,0.231,28.7
0.684,0.213,28.7
0.729,0.207,28.7
0.723,0.192,28.7
0.672,0.158,28.7
0.569,0.103,28.7
0.401,0.053,28.7
0.195,0.045,28.7
0.008,0.084,28.7
0.0,0.194,28.7
0.0,0.395,28.7
0.0,0.547,28.7
0.0,0.626,28.7
0.0,0.825,28.7
0.0,0.933,28.7
0.0,0.949,28.7
0.0,0.944,28.7
0.0,0.951,28.7
0.0,0.946,28.7
0.0,0.92,28.7
0.0,0.886,28.7
0.003,0.871,28.7
0.114,0.845,28.7
0.253,0.875,28.7
0.334,0.901,28.7
0.336,0.916,28.7
0.281,0.926,28.7
0.183,0.933,28.7
0.106,0.934,28.7
0.084,0.939,28.7
0.054,0.948,28.7
0.026,0.957,28.7
0.0,0.96,28.7
0.0,0.966,28.7
0.0,0.969,28.7
0.0,0.973,28.7
0.0,0.973,28.7
0.0,0.963,28.7
0.0,0.934,28.7
0.0,0.872,28.7
0.0,0.791,28.7
0.0,0.746,28.7
0.0,0.652,28.7
0.0,0.601,28.7
0.0,0.601,28.7
0.0,0.621,28.7
0.052,0.622,28.7
0.146,0.605,28.7
0.295,0.677,28.7
0.475,0.764,28.7
0.527,0.828,28.7
0.443,0.884,28.7
0.322,0.93,28.7
0.159,0.957,28.7
0.069,0.97,28.7
0.024,0.973,28.7
0.0,0.966,28.7
0.0,0.95,28.7
0.0,0.926,28.7
0.0,0.904,28.7
0.0,0.885,28.7
0.0,0.864,28.7
0.0,0.868,28.7
0.0,0.882,28.7
0.0,0.906,28.7
0.0,0.93,28.7
0.0,0.948,28.7
0.0,0.951,28.7
0.0,0.942,28.7
0.0,0.93,28.7
0.048,0.931,28.7
0.187,0.936,28.7
0.239,0.957,28.7
0.313,0.967,28.7
0.263,0.969,28.7
0.193,0.964,28.7
0.214,0.97,28.7
0.235,0.98,28.7
0.149,0.98,28.7
0.043,0.978,28.7
0.0,0.974,28.7
0.0,0.971,28.7
0.0,0.967,28.7
0.0,0.959,28.7
0.0,0.95,28.7
0.0,0.936,28.7
0.0,0.903,28.7
0.0,0.873,28.7
0.0,0.857,28.7
0.0,0.844,28.7
0.0,0.819,28.7
0.0,0.801,28.7
0.0,0.802,28.7
0.0,0.76,28.7
0.029,0.72,28.7
0.061,0.678,28.7
0.132,0.601,28.7
0.346,0.645,28.7
0.625,0.658,28.7
0.624,0.649,28.7
0.584,0.674,28.7
0.384,0.684,28.7
0.228,0.708,28.7
0.08,0.632,28.7
0.0,0.537,28.7
0.0,0.481,28.7
0.0,0.497,28.7
0.0,0.563,28.7
0.0,0.713,28.7
0.0,0.849,28.7
0.0,0.877,28.7
0.0,0.895,28.7
0.0,0.895,28.7
0.0,0.894,28.7
0.0,0.896,28.7
0.0,0.905,28.7
0.0,0.902,28.7
0.0,0.914,28.7
0.088,0.938,28.7
0.126,0.947,28.7
0.151,0.95,28.7
0.175,0.958,28.7
0.206,0.972,28.7
0.197,0.973,28.7
0.129,0.966,28.7
0.084,0.946,28.7
0.044,0.892,28.7
0.007,0.83,28.7
0.0,0.761,28.7
0.0,0.633,28.7
0.0,0.498,28.7
0.0,0.398,28.7
0.0,0.332,28.7
0.0,0.299,28.7
0.0,0.278,28.7
0.0,0.265,28.7
0.0,0.264,28.7
0.0,0.272,28.7
0.0,0.275,28.7
0.0,0.276,28.7
0.0,0.278,28.7
0.0,0.302,28.7
0.052,0.36,28.7
0.201,0.393,28.7
0.469,0.368,28.7
0.64,0.357,28.7
0.709,0.388,28.7
0.713,0.454,28.7
0.656,0.538,28.7
0.513,0.607,28.7
0.215,0.675,28.7
0.067,0.714,28.7
0.0,0.756,28.7
0.0,0.766,28.7
0.0,0.73,28.7
0.0,0.739,28.7
0.0,0.731,28.7
0.0,0.736,28.7
0.0,0.722,28.7
0.0,0.67,28.7
0.0,0.643,28.7
0.0,0.644,28.7
0.0,0.619,28.7
0.0,0.584,28.7
0.0,0.547,28.7
0.0,0.496,28.7
0.172,0.461,28.7
0.399,0.431,28.7
0.565,0.484,28.7
0.671,0.544,28.7
0.71,0.616,28.7
0.694,0.675,28.7
0.637,0.718,28.7
0.518,0.738,28.7
0.343,0.748,28.7
0.123,0.729,28.7
0.0,0.72,28.7
0.0,0.724,28.7
0.0,0.712,28.7
0.0,0.698,28.7
0.0,0.692,28.7
0.0,0.685,28.7
0.0,0.655,28.7
0.0,0.627,28.7
0.0,0.618,28.7
0.0,0.603,28.7
0.0,0.578,28.7
0.0,0.566,28.7
0.0,0.557,28.7
0.0,0.527,28.7
0.048,0.466,28.7
0.22,0.401,28.7
0.35,0.374,28.7
0.445,0.341,28.7
0.498,0.32,28.7
0.55,0.344,28.7
0.581,0.375,28.7
0.501,0.388,28.7
0.356,0.376,28.7
0.15,0.341,28.7
0.0,0.35,28.7
0.0,0.341,28.7
0.0,0.308,28.7
0.0,0.249,28.7
0.0,0.193,28.7
0.0,0.155,28.7
0.0,0.116,28.7
0.0,0.077,28.7
0.0,0.041,28.7
0.0,0.023,28.7
0.0,0.012,28.7
0.0,0.02,28.7
0.0,0.059,28.7
0.0,0.112,28.7
0.057,0.154,28.7
0.223,0.186,28.7
0.31,0.244,28.7
0.245,0.265,28.7
0.129,0.3,28.7
0.124,0.364,28.7
0.128,0.413,28.7
0.109,0.447,28.7
0.092,0.495,28.7
0.039,0.515,28.7
0.0,0.548,28.7
0.0,0.568,28.7
0.0,0.555,28.7
0.0,0.58,28.7
0.0,0.605,28.7
0.0,0.619,28.7
0.0,0.569,28.7
0.0,0.5,28.7
0.0,0.532,28.7
0.0,0.679,28.7
0.0,0.796,28.7
0.0,0.853,28.7
0.0,0.837,28.7
0.0,0.759,28.7
0.051,0.678,28.7
0.152,0.601,28.7
0.26,0.574,28.7
0.375,0.516,28.7
0.251,0.473,28.7
0.283,0.435,28.7
0.222,0.402,28.7
0.135,0.376,28.7
0.096,0.321,28.7
0.032,0.268,28.7
0.0,0.238,28.7
0.0,0.201,28.7
0.0,0.162,28.7
0.0,0.116,28.7
0.0,0.069,28.7
0.0,0.032,28.7
0.0,0.012,28.7
0.0,0.017,28.7
0.0,0.059,28.7
0.0,0.16,28.7
0.0,0.298,28.7
0.0,0.42,28.7
0.0,0.5,28.7
0.0,0.555,28.7
0.026,0.588,28.7
0.149,0.591,28.7
0.43,0.642,28.7
0.595,0.717,28.7
0.645,0.758,28.7
0.613,0.75,28.7
0.459,0.73,28.7
0.254,0.739,28.7
0.094,0.743,28.7
0.015,0.717,28.7
0.0,0.697,28.7
0.0,0.678,28.7
0.0,0.653,28.7
0.0,0.661,28.7
0.0,0.698,28.7
0.0,0.71,28.7
0.0,0.702,28.7
0.0,0.672,28.7
0.0,0.637,28.7
0.0,0.615,28.7
0.0,0.59,28.7
0.0,0.561,28.7
0.0,0.528,28.7
0.0,0.504,28.7
0.049,0.472,28.7
0.185,0.433,28.7
0.305,0.479,28.7
0.397,0.481,28.7
0.44,0.481,28.7
0.47,0.488,28.7
0.37,0.516,28.7
0.161,0.538,28.7
0.084,0.558,28.7
0.055,0.554,28.7
0.0,0.59,28.7
0.0,0.604,28.7
0.0,0.58,28.7
0.0,0.535,28.7
0.0,0.484,28.7
0.0,0.431,28.7
0.0,0.391,28.7
0.0,0.368,28.7
0.0,0.359,28.7
0.0,0.354,28.7
0.0,0.345,28.7
0.0,0.332,28.7
0.0,0.304,28.7
0.0,0.271,28.7
0.079,0.238,28.7
0.295,0.201,28.7
0.462,0.223,28.7
0.582,0.208,28.7
0.617,0.176,28.7
0.597,0.143,28.7
0.563,0.126,28.7
0.38,0.128,28.7
0.198,0.147,28.7
0.052,0.186,28.7
0.0,0.246,28.7
0.0,0.274,28.7
0.0,0.274,28.7
0.0,0.258,28.7
0.0,0.236,28.7
0.0,0.21,28.7
0.0,0.185,28.7
0.0,0.174,28.7
0.0,0.169,28.7
0.0,0.166,28.7
0.0,0.156,28.7
0.0,0.144,28.7
0.0,0.129,28.7
0.0,0.115,28.7
0.041,0.105,28.7
0.177,0.084,28.7
0.361,0.081,28.7
0.501,0.074,28.7
0.535,0.065,28.7
0.555,0.054,28.7
0.558,0.045,28.7
0.476,0.043,28.7
0.262,0.042,28.7
0.067,0.053,28.7
0.0,0.069,28.7
0.0,0.082,28.7
0.0,0.079,28.7
0.0,0.064,28.7
0.0,0.036,28.7
0.0,0.014,28.7
0.0,0.01,28.7
0.0,0.017,28.7
0.0,0.027,28.7
0.0,0.046,28.7
0.0,0.047,28.7
0.0,0.041,28.7
0.0,0.049,28.7
0.0,0.068,28.7
0.033,0.082,28.7
0.132,0.068,28.7
0.335,0.05,28.7
0.461,0.035,28.7
0.588,0.026,28.7
0.584,0.024,28.7
0.344,0.027,28.7
0.213,0.027,28.7
0.119,0.026,28.7
0.029,0.022,28.7
0.0,0.019,28.7
0.0,0.021,28.7
0.0,0.025,28.7
0.0,0.027,28.7
0.0,0.045,28.7
0.0,0.076,28.7
0.0,0.118,28.7
0.0,0.168,28.7
0.0,0.26,28.7
0.0,0.368,28.7
0.0,0.466,28.7
0.0,0.545,28.7
0.0,0.586,28.7
0.0,0.59,28.7
0.058,0.573,28.7
0.246,0.501,28.7
0.476,0.544,28.7
0.603,0.824,28.7
0.314,0.835,28.7
0.149,0.781,28.7
0.092,0.762,28.7
0.066,0.772,28.7
0.036,0.8,28.7
0.017,0.842,28.7
0.0,0.875,28.7
0.0,0.895,28.7
0.0,0.905,28.7
0.0,0.917,28.7
0.0,0.918,28.7
0.0,0.906,28.7
0.0,0.892,28.7
0.0,0.863,28.7
0.0,0.838,28.7
0.0,0.859,28.7
0.0,0.847,28.7
0.0,0.891,28.7
0.0,0.88,28.7
0.0,0.853,28.7
0.0,0.831,28.7
0.023,0.844,28.7
0.048,0.867,28.7
0.074,0.841,28.7
0.084,0.81,28.7
0.088,0.781,28.7
0.091,0.837,28.7
0.081,0.788,28.7
0.023,0.759,28.7
0.0,0.812,28.7
0.0,0.791,28.7
0.0,0.738,28.7
0.0,0.69,28.7
0.0,0.656,28.7
0.0,0.684,28.7
0.0,0.71,28.7
0.0,0.777,28.7
0.0,0.777,28.7
0.0,0.812,28.7
0.0,0.882,28.7
0.0,0.914,28.7
0.0,0.958,28.7
0.0,0.966,28.7
0.0,0.987,28.7
0.013,0.991,28.7
0.174,0.98,28.7
0.453,0.968,28.7
0.593,0.983,28.7
0.634,0.991,28.7
0.601,0.988,28.7
0.332,0.966,28.7
0.237,0.925,28.7
0.155,0.891,28.7
0.049,0.87,28.7
0.0,0.822,28.7
0.0,0.753,28.7
0.0,0.724,28.7
0.0,0.698,28.7
0.0,0.648,28.7
0.0,0.613,28.7
0.0,0.598,28.7
0.0,0.587,28.7
0.0,0.58,28.7
0.0,0.574,28.7
0.0,0.569,28.7
0.0,0.555,28.7
0.0,0.521,28.7
0.0,0.473,28.7
0.062,0.415,28.7
0.227,0.295,28.7
0.392,0.241,28.7
0.521,0.266,28.7
0.592,0.261,28.7
0.581,0.261,28.7
0.496,0.245,28.7
0.413,0.209,28.7
0.272,0.163,28.7
0.089,0.111,28.7
0.0,0.074,28.7
0.0,0.064,28.7
0.0,0.069,28.7
0.0,0.083,28.7
0.0,0.099,28.7
0.0,0.127,28.7
0.0,0.166,28.7
0.0,0.204,28.7
0.0,0.245,28.7
0.0,0.284,28.7
0.0,0.341,28.7
0.0,0.405,28.7
0.0,0.472,28.7
0.0,0.537,28.7
0.08,0.54,28.7
0.312,0.409,28.7
0.5,0.379,28.7
0.61,0.646,28.7
0.644,0.756,28.7
0.632,0.78,28.7
0.564,0.803,28.7
0.378,0.795,28.7
0.145,0.706,28.7
0.025,0.693,28.7
0.0,0.677,28.7
0.0,0.637,28.7
0.0,0.605,28.7
0.0,0.611,28.7
0.0,0.653,28.7
0.0,0.689,28.7
0.0,0.729,28.7
0.0,0.793,28.7
0.0,0.794,28.7
0.0,0.757,28.7
0.0,0.733,28.7
0.0,0.772,28.7
0.0,0.841,28.7
0.0,0.856,28.7
0.012,0.855,28.7
0.098,0.877,28.7
0.174,0.899,28.7
0.241,0.938,28.7
0.321,0.976,28.7
0.246,0.986,28.7
0.157,0.986,28.7
0.082,0.989,28.7
0.027,0.991,28.7
0.0,0.991,28.7
0.0,0.988,28.7
0.0,0.982,28.7
0.0,0.977,28.7
0.0,0.979,28.7
0.0,0.984,28.7
0.0,0.991,28.7
0.0,0.975,28.7
0.0,0.933,28.7
0.0,0.884,28.7
0.0,0.846,28.7
0.0,0.795,28.7
0.0,0.784,28.7
0.0,0.789,28.7
0.0,0.785,28.7
0.023,0.794,28.7
0.161,0.783,28.7
0.276,0.773,28.7
0.395,0.785,28.7
0.488,0.826,28.7
0.54,0.847,28.7
0.469,0.834,28.7
0.306,0.814,28.7
0.123,0.757,28.7
0.016,0.748,28.7
0.0,0.757,28.7
0.0,0.75,28.7
0.0,0.737,28.7
0.0,0.724,28.7
0.0,0.733,28.7
0.0,0.757,28.7
0.0,0.759,28.7
0.0,0.759,28.7
0.0,0.733,28.7
0.0,0.708,28.7
0.0,0.727,28.7
0.0,0.74,28.7
0.0,0.758,28.7
0.0,0.762,28.7
0.009,0.773,28.7
0.085,0.782,28.7
0.176,0.843,28.7
0.261,0.885,28.7
0.366,0.899,28.7
0.402,0.914,28.7
0.312,0.917,28.7
0.18,0.888,28.7
0.09,0.86,28.7
0.009,0.844,28.7
0.0,0.814,28.7
0.0,0.784,28.7
0.0,0.763,28.7
0.0,0.742,28.7
0.0,0.708,28.7
0.0,0.7,28.7
0.0,0.705,28.7
0.0,0.717,28.7
0.0,0.718,28.7
0.0,0.738,28.7
0.0,0.71,28.7
0.0,0.657,28.7
0.0,0.68,28.7
0.0,0.721,28.7
0.0,0.747,28.7
0.03,0.775,28.7
0.126,0.874,28.7
0.158,0.936,28.7
0.15,0.962,28.7
0.093,0.97,28.7
0.092,0.964,28.7
0.068,0.945,28.7
0.019,0.896,28.7
0.0,0.863,28.7
0.0,0.897,28.7
0.0,0.872,28.7
0.0,0.829,28.7
0.0,0.777,28.7
0.0,0.776,28.7
0.0,0.774,28.7
0.0,0.769,28.7
0.0,0.817,28.7
0.0,0.851,28.7
0.0,0.827,28.7
0.0,0.828,28.7
0.0,0.865,28.7
0.0,0.866,28.7
0.0,0.868,28.7
0.012,0.867,28.7
0.069,0.844,28.7
0.167,0.893,28.7
0.224,0.941,28.7
0.212,0.961,28.7
0.208,0.967,28.7
0.132,0.952,28.7
0.085,0.947,28.7
0.032,0.951,28.7
0.002,0.955,28.7
0.0,0.96,28.7
0.0,0.956,28.7
0.0,0.946,28.7
0.0,0.92,28.7
0.0,0.904,28.7
0.0,0.906,28.7
0.0,0.9,28.7
0.0,0.881,28.7
0.0,0.836,28.7
0.0,0.796,28.7
0.0,0.769,28.7
0.0,0.741,28.7
0.0,0.699,28.7
0.0,0.666,28.7
0.0,0.654,28.7
0.081,0.68,28.7
0.191,0.745,28.7
0.267,0.82,28.7
0.43,0.863,28.7
0.369,0.883,28.7
0.359,0.895,28.7
0.291,0.882,28.7
0.131,0.86,28.7
0.013,0.86,28.7
0.0,0.862,28.7
0.0,0.827,28.7
0.0,0.809,28.7
0.0,0.85,28.7
0.0,0.86,28.7
0.0,0.867,28.7
0.0,0.886,28.7
0.0,0.89,28.7
0.0,0.891,28.7
0.0,0.903,28.7
0.0,0.9,28.7
0.0,0.889,28.7
0.0,0.877,28.7
0.0,0.871,28.7
0.009,0.898,28.7
0.111,0.906,28.7
0.268,0.885,28.7
0.454,0.891,28.7
0.571,0.9,28.7
0.549,0.887,28.7
0.453,0.85,28.7
0.302,0.77,28.7
0.15,0.632,28.7
0.016,0.583,28.7
0.0,0.642,28.7
0.0,0.648,28.7
0.0,0.649,28.7
0.0,0.626,28.7
0.0,0.622,28.7
0.0,0.615,28.7
0.0,0.585,28.7
0.0,0.593,28.7
0.0,0.63,28.7
0.0,0.685,28.7
0.0,0.75,28.7
0.0,0.797,28.7
0.0,0.826,28.7
0.0,0.837,28.7
0.035,0.827,28.7
0.243,0.814,28.7
0.442,0.901,28.7
0.534,0.943,28.7
0.297,0.966,28.7
0.142,0.987,28.7
0.177,0.987,28.7
0.088,0.959,28.7
0.061,0.942,28.7
0.006,0.898,28.7
0.0,0.803,28.7
0.0,0.732,28.7
0.0,0.645,28.7
0.0,0.603,28.7
0.0,0.593,28.7
0.0,0.583,28.7
0.0,0.637,28.7
0.0,0.765,28.7
0.0,0.762,28.7
0.0,0.707,28.7
0.0,0.799,28.7
0.0,0.893,28.7
0.0,0.963,28.7
0.0,0.978,28.7
0.006,0.987,28.7
0.046,0.989,28.7
0.077,0.987,28.7
0.199,0.971,28.7
0.26,0.958,28.7
0.16,0.957,28.7
0.092,0.944,28.7
0.053,0.935,28.7
0.025,0.946,28.7
0.004,0.96,28.7
0.0,0.974,28.7
0.0,0.98,28.7
0.0,0.984,28.7
0.0,0.986,28.7
0.0,0.988,28.7
0.0,0.991,28.7
0.0,0.991,28.7
0.0,0.988,28.7
0.0,0.987,28.7
0.0,0.988,28.7
0.0,0.987,28.7
0.0,0.987,28.7
0.0,0.99,28.7
0.0,0.991,28.7
0.004,0.99,28.7
0.084,0.983,28.7
0.163,0.967,28.7
0.22,0.965,28.7
0.237,0.969,28.7
0.304,0.961,28.7
0.247,0.955,28.7
0.201,0.951,28.7
0.178,0.948,28.7
0.024,0.947,28.7
0.0,0.933,28.7
0.0,0.905,28.7
0.0,0.885,28.7
0.0,0.86,28.7
0.0,0.809,28.7
0.0,0.733,28.7
0.0,0.658,28.7
0.0,0.654,28.7
0.0,0.684,28.7
0.0,0.713,28.7
0.0,0.737,28.7
0.0,0.772,28.7
0.0,0.854,28.7
0.0,0.885,28.7
0.001,0.948,28.7
0.152,0.954,28.7
0.261,0.964,28.7
0.246,0.965,28.7
0.217,0.953,28.7
0.223,0.947,28.7
0.231,0.947,28.7
0.144,0.937,28.7
0.084,0.898,28.7
0.003,0.833,28.7
0.0,0.75,28.7
0.0,0.657,28.7
0.0,0.613,28.7
0.0,0.573,28.7
0.0,0.532,28.7
0.0,0.45,28.7
0.0,0.364,28.7
0.0,0.297,28.7
0.0,0.229,28.7
0.0,0.166,28.7
0.0,0.114,28.7
0.0,0.083,28.7
0.0,0.056,28.7
0.0,0.033,28.7
0.02,0.023,28.7
0.198,0.023,28.7
0.394,0.026,28.7
0.548,0.048,28.7
0.614,0.081,28.7
0.613,0.117,28.7
0.566,0.136,28.7
0.461,0.141,28.7
0.282,0.155,28.7
0.031,0.224,28.7
0.0,0.331,28.7
0.0,0.443,28.7
0.0,0.505,28.7
0.0,0.477,28.7
0.0,0.44,28.7
0.0,0.377,28.7
0.0,0.334,28.7
0.0,0.309,28.7
0.0,0.296,28.7
0.0,0.278,28.7
0.0,0.252,28.7
0.0,0.263,28.7
0.0,0.287,28.7
0.0,0.306,28.7
0.024,0.327,28.7
0.203,0.341,28.7
0.432,0.347,28.7
0.623,0.398,28.7
0.694,0.436,28.7
0.695,0.452,28.7
0.637,0.476,28.7
0.515,0.506,28.7
0.324,0.523,28.7
0.038,0.618,28.7
0.0,0.703,28.7
0.0,0.729,28.7
0.0,0.722,28.7
0.0,0.705,28.7
0.0,0.71,28.7
0.0,0.708,28.7
0.0,0.703,28.7
0.0,0.697,28.7
0.0,0.683,28.7
0.0,0.667,28.7
0.0,0.653,28.7
0.0,0.654,28.7
0.0,0.659,28.7
0.0,0.675,28.7
0.02,0.695,28.7
0.235,0.638,28.7
0.446,0.697,28.7
0.581,0.676,28.7
0.643,0.685,28.7
0.643,0.652,28.7
0.578,0.624,28.7
0.451,0.605,28.7
0.258,0.589,28.7
0.019,0.672,28.7
0.0,0.731,28.7
0.0,0.697,28.7
0.0,0.658,28.7
0.0,0.637,28.7
0.0,0.596,28.7
0.0,0.538,28.7
0.0,0.498,28.7
0.0,0.48,28.7
0.0,0.488,28.7
0.0,0.505,28.7
0.0,0.529,28.7
0.0,0.556,28.7
0.0,0.574,28.7
0.0,0.591,28.7
0.007,0.605,28.7
0.144,0.556,28.7
0.351,0.464,28.7
0.468,0.417,28.7
0.501,0.442,28.7
0.49,0.494,28.7
0.43,0.491,28.7
0.351,0.424,28.7
0.184,0.424,28.7
0.006,0.568,28.7
0.0,0.674,28.7
0.0,0.683,28.7
0.0,0.657,28.7
0.0,0.611,28.7
0.0,0.556,28.7
0.0,0.522,28.7
0.0,0.488,28.7
0.0,0.46,28.7
0.0,0.449,28.7
0.0,0.442,28.7
0.0,0.43,28.7
0.0,0.396,28.7
0.0,0.348,28.7
0.0,0.282,28.7
0.0,0.223,28.7
0.017,0.176,28.7
0.037,0.144,28.7
0.06,0.13,28.7
0.08,0.135,28.7
0.088,0.148,28.7
0.081,0.157,28.7
0.06,0.158,28.7
0.027,0.177,28.7
0.0,0.223,28.7
0.0,0.296,28.7
0.0,0.374,28.7
0.0,0.434,28.7
0.0,0.473,28.7
0.0,0.484,28.7
0.0,0.511,28.7
0.0,0.525,28.7
0.0,0.526,28.7
0.0,0.539,28.7
0.0,0.552,28.7
0.0,0.556,28.7
0.0,0.562,28.7
0.0,0.571,28.7
0.0,0.574,28.7
0.0,0.573,28.7
0.065,0.522,28.7
0.176,0.439,28.7
0.324,0.401,28.7
0.49,0.429,28.7
0.56,0.468,28.7
0.484,0.479,28.7
0.347,0.433,28.7
0.163,0.426,28.7
0.002,0.481,28.7
0.0,0.502,28.7
0.0,0.497,28.7
0.0,0.479,28.7
0.0,0.462,28.7
0.0,0.435,28.7
0.0,0.421,28.7
0.0,0.413,28.7
0.0,0.402,28.7
0.0,0.398,28.7
0.0,0.391,28.7
0.0,0.394,28.7
0.0,0.402,28.7
0.0,0.41,28.7
0.0,0.413,28.7
0.0,0.411,28.7
0.043,0.362,28.7
0.177,0.242,28.7
0.401,0.208,28.7
0.528,0.192,28.7
0.551,0.157,28.7
0.501,0.133,28.7
0.389,0.115,28.7
0.2,0.104,28.7
0.005,0.103,28.7
0.0,0.09,28.7
0.0,0.082,28.7
0.0,0.093,28.7
0.0,0.118,28.7
0.0,0.144,28.7
0.0,0.162,28.7
0.0,0.185,28.7
0.0,0.227,28.7
0.0,0.274,28.7
0.0,0.325,28.7
0.0,0.374,28.7
0.0,0.411,28.7
0.0,0.462,28.7
0.0,0.503,28.7
0.0,0.527,28.7
0.045,0.501,28.7
0.1,0.433,28.7
0.094,0.422,28.7
0.085,0.483,28.7
0.087,0.537,28.7
0.094,0.618,28.7
0.072,0.653,28.7
0.051,0.716,28.7
0.0,0.793,28.7
0.0,0.833,28.7
0.0,0.871,28.7
0.0,0.898,28.7
0.0,0.918,28.7
0.0,0.898,28.7
0.0,0.946,28.7
0.0,0.938,28.7
0.0,0.922,28.7
0.0,0.877,28.7
0.0,0.863,28.7
0.0,0.852,28.7
0.0,0.826,28.7
0.0,0.823,28.7
0.0,0.791,28.7
0.0,0.746,28.7
0.099,0.68,28.7
0.258,0.601,28.7
0.399,0.58,28.7
0.415,0.539,28.7
0.353,0.481,28.7
0.299,0.454,28.7
0.241,0.452,28.7
0.162,0.433,28.7
0.003,0.459,28.7
0.0,0.509,28.7
0.0,0.579,28.7
0.0,0.638,28.7
0.0,0.661,28.7
0.0,0.665,28.7
0.0,0.663,28.7
0.0,0.681,28.7
0.0,0.7,28.7
0.0,0.729,28.7
0.0,0.758,28.7
0.0,0.773,28.7
0.0,0.799,28.7
0.0,0.847,28.7
0.0,0.904,28.7
0.0,0.911,28.7
0.018,0.898,28.7
0.101,0.839,28.7
0.093,0.765,28.7
0.153,0.669,28.7
0.169,0.583,28.7
0.225,0.498,28.7
0.127,0.377,28.7
0.043,0.29,28.7
0.0,0.239,28.7
0.0,0.195,28.7
0.0,0.148,28.7
0.0,0.108,28.7
0.0,0.111,28.7
0.0,0.192,28.7
0.0,0.328,28.7
0.0,0.484,28.7
0.0,0.656,28.7
0.0,0.753,28.7
0.0,0.757,28.7
0.0,0.73,28.7
0.0,0.757,28.7
0.0,0.772,28.7
0.0,0.79,28.7
0.0,0.793,28.7
0.064,0.802,28.7
0.125,0.791,28.7
0.169,0.772,28.7
0.188,0.82,28.7
0.139,0.846,28.7
0.08,0.865,28.7
0.045,0.881,28.7
0.016,0.914,28.7
0.0,0.927,28.7
0.0,0.938,28.7
0.0,0.946,28.7
0.0,0.948,28.7
0.0,0.953,28.7
0.0,0.965,28.7
0.0,0.955,28.7
0.0,0.941,28.7
0.0,0.95,28.7
0.0,0.961,28.7
0.0,0.981,28.7
0.0,0.986,28.7
0.0,0.989,28.7
0.0,0.991,28.7
0.0,0.989,28.7
0.0,0.98,28.7
0.003,0.982,28.7
0.021,0.991,28.7
0.021,0.976,28.7
0.039,0.979,28.7
0.099,0.964,28.7
0.385,0.985,28.7
0.219,0.991,28.7
0.093,0.99,28.7
0.0,0.989,28.7
0.0,0.99,28.7
0.0,0.991,28.7
0.0,0.991,28.7
0.0,0.991,28.7
0.0,0.988,28.7
0.0,0.981,28.7
0.0,0.975,28.7
0.0,0.971,28.7
0.0,0.969,28.7
0.0,0.969,28.7
0.0,0.966,28.7
0.0,0.951,28.7
0.0,0.933,28.7
0.0,0.912,28.7
0.0,0.896,28.7
0.022,0.884,28.7
0.045,0.845,28.7
0.034,0.822,28.7
0.049,0.791,28.7
0.073,0.758,28.7
0.158,0.756,28.7
0.128,0.754,28.7
0.043,0.746,28.7
0.0,0.739,28.7
0.0,0.708,28.7
0.0,0.686,28.7
0.0,0.762,28.7
0.0,0.752,28.7
0.0,0.782,28.7
0.0,0.69,28.7
0.0,0.675,28.7
0.0,0.694,28.7
0.0,0.722,28.7
0.0,0.704,28.7
0.0,0.668,28.7
0.0,0.639,28.7
0.0,0.652,28.7
0.0,0.676,28.7
0.0,0.695,28.7
0.025,0.644,28.7
0.081,0.615,28.7
0.157,0.604,28.7
0.233,0.635,28.7
0.345,0.647,28.7
0.367,0.601,28.7
0.202,0.502,28.7
0.064,0.415,28.7
0.0,0.436,28.7
0.0,0.472,28.7
0.0,0.494,28.7
0.0,0.505,28.7
0.0,0.523,28.7
0.0,0.556,28.7
0.0,0.586,28.7
0.0,0.594,28.7
0.0,0.588,28.7
0.0,0.58,28.7
0.0,0.593,28.7
0.0,0.628,28.7
0.0,0.659,28.7
0.0,0.657,28.7
0.0,0.675,28.7
0.0,0.699,28.7
0.144,0.701,28.7
0.351,0.671,28.7
0.432,0.772,28.7
0.257,0.812,28.7
0.192,0.763,28.7
0.174,0.788,28.7
0.125,0.812,28.7
0.047,0.854,28.7
0.0,0.828,28.7
0.0,0.816,28.7
0.0,0.87,28.7
0.0,0.909,28.7
0.0,0.856,28.7
0.0,0.773,28.7
0.0,0.782,28.7
0.0,0.853,28.7
0.0,0.876,28.7
0.0,0.892,28.7
0.0,0.914,28.7
0.0,0.93,28.7
0.0,0.932,28.7
0.0,0.938,28.7
0.0,0.951,28.7
0.0,0.953,28.7
0.035,0.957,28.7
0.182,0.946,28.7
0.382,0.957,28.7
0.517,0.963,28.7
0.516,0.961,28.7
0.423,0.952,28.7
0.25,0.932,28.7
0.075,0.889,28.7
0.0,0.826,28.7
0.0,0.644,28.7
0.0,0.54,28.7
0.0,0.471,28.7
0.0,0.334,28.7
0.0,0.233,28.7
0.0,0.178,28.7
0.0,0.168,28.7
0.0,0.157,28.7
0.0,0.223,28.7
0.0,0.225,28.7
0.0,0.171,28.7
0.0,0.182,28.7
0.0,0.17,28.7
0.0,0.211,28.7
0.0,0.159,28.7
0.027,0.082,28.7
0.175,0.041,28.7
0.273,0.037,28.7
0.343,0.043,28.7
0.318,0.066,28.7
0.232,0.109,28.7
0.177,0.166,28.7
0.045,0.226,28.7
0.0,0.323,28.7
0.0,0.434,28.7
0.0,0.525,28.7
0.0,0.569,28.7
0.0,0.603,28.7
0.0,0.613,28.7
0.0,0.601,28.7
0.0,0.578,28.7
0.0,0.552,28.7
0.0,0.528,28.7
0.0,0.504,28.7
0.0,0.5,28.7
0.0,0.501,28.7
0.0,0.55,28.7
0.0,0.576,28.7
0.0,0.599,28.7
0.019,0.58,28.7
0.058,0.576,28.7
0.076,0.602,28.7
0.099,0.637,28.7
0.101,0.664,28.7
0.074,0.657,28.7
0.037,0.633,28.7
0.007,0.587,28.7
0.0,0.579,28.7
0.0,0.593,28.7
0.0,0.596,28.7
0.0,0.596,28.7
0.0,0.59,28.7
0.0,0.566,28.7
0.0,0.571,28.7
0.0,0.559,28.7
0.0,0.518,28.7
0.0,0.494,28.7
0.0,0.481,28.7
0.0,0.467,28.7
0.0,0.46,28.7
0.0,0.449,28.7
0.0,0.43,28.7
0.0,0.415,28.7
0.017,0.394,28.7
0.05,0.341,28.7
0.079,0.298,28.7
0.085,0.284,28.7
0.074,0.304,28.7
0.058,0.306,28.7
0.036,0.308,28.7
0.005,0.343,28.7
0.0,0.413,28.7
0.0,0.448,28.7
0.0,0.451,28.7
0.0,0.454,28.7
0.0,0.444,28.7
0.0,0.393,28.7
0.0,0.315,28.7
0.0,0.241,28.7
0.0,0.175,28.7
0.0,0.113,28.7
0.0,0.076,28.7
0.0,0.068,28.7
0.0,0.071,28.7
0.0,0.071,28.7
0.0,0.074,28.7
0.0,0.087,28.7
0.0,0.106,28.7
0.021,0.118,28.7
0.092,0.131,28.7
0.137,0.145,28.7
0.139,0.182,28.7
0.151,0.22,28.7
0.098,0.243,28.7
0.031,0.262,28.7
0.0,0.314,28.7
0.0,0.373,28.7
0.0,0.434,28.7
0.0,0.481,28.7
0.0,0.504,28.7
0.0,0.511,28.7
0.0,0.51,28.7
0.0,0.48,28.7
0.0,0.422,28.7
0.0,0.367,28.7
0.0,0.342,28.7
0.0,0.321,28.7
0.0,0.296,28.7
0.0,0.311,28.7
0.0,0.388,28.7
0.0,0.462,28.7
0.024,0.495,28.7
0.174,0.538,28.7
0.375,0.559,28.7
0.461,0.538,28.7
0.47,0.523,28.7
0.42,0.495,28.7
0.266,0.456,28.7
0.08,0.552,28.7
0.0,0.693,28.7
0.0,0.722,28.7
0.0,0.708,28.7
0.0,0.714,28.7
0.0,0.692,28.7
0.0,0.654,28.7
0.0,0.614,28.7
0.0,0.57,28.7
0.0,0.534,28.7
0.0,0.501,28.7
0.0,0.454,28.7
0.0,0.431,28.7
0.0,0.441,28.7
0.0,0.477,28.7
0.0,0.519,28.7
0.0,0.558,28.7
0.025,0.578,28.7
0.116,0.54,28.7
0.266,0.513,28.7
0.36,0.51,28.7
0.42,0.454,28.7
0.418,0.384,28.7
0.312,0.302,28.7
0.131,0.332,28.7
0.0,0.431,28.7
0.0,0.459,28.7
0.0,0.44,28.7
0.0,0.421,28.7
0.0,0.413,28.7
0.0,0.38,28.7
0.0,0.315,28.7
0.0,0.225,28.7
0.0,0.133,28.7
0.0,0.068,28.7
0.0,0.037,28.7
0.0,0.034,28.7
0.0,0.043,28.7
0.0,0.055,28.7
0.0,0.073,28.7
0.0,0.087,28.7
0.016,0.084,28.7
0.083,0.063,28.7
0.145,0.046,28.7
0.203,0.041,28.7
0.293,0.045,28.7
0.26,0.061,28.7
0.194,0.083,28.7
0.075,0.127,28.7
0.0,0.182,28.7
0.0,0.203,28.7
0.0,0.194,28.7
0.0,0.172,28.7
0.0,0.154,28.7
0.0,0.148,28.7
0.0,0.155,28.7
0.0,0.169,28.7
0.0,0.191,28.7
0.0,0.22,28.7
0.0,0.246,28.7
0.0,0.26,28.7
0.0,0.27,28.7
0.0,0.281,28.7
0.0,0.291,28.7
0.0,0.3,28.7
0.01,0.291,28.7
0.069,0.25,28.7
0.128,0.209,28.7
0.141,0.183,28.7
0.147,0.166,28.7
0.135,0.164,28.7
0.157,0.181,28.7
0.034,0.249,28.7
0.0,0.337,28.7
0.0,0.401,28.7
0.0,0.453,28.7
0.0,0.491,28.7
0.0,0.498,28.7
0.0,0.468,28.7
0.0,0.429,28.7
0.0,0.389,28.7
0.0,0.363,28.7
0.0,0.352,28.7
0.0,0.348,28.7
0.0,0.365,28.7
0.0,0.388,28.7
0.0,0.404,28.7
0.0,0.41,28.7
0.0,0.402,28.7
0.019,0.379,28.7
0.118,0.337,28.7
0.428,0.275,28.7
0.513,0.196,28.7
0.519,0.159,28.7
0.458,0.185,28.7
0.324,0.257,28.7
0.13,0.4,28.7
0.0,0.559,28.7
0.0,0.618,28.7
0.0,0.607,28.7
0.0,0.579,28.7
0.0,0.557,28.7
0.0,0.548,28.7
0.0,0.544,28.7
0.0,0.534,28.7
0.0,0.516,28.7
0.0,0.491,28.7
0.0,0.458,28.7
0.0,0.42,28.7
0.0,0.401,28.7
0.0,0.412,28.7
0.0,0.43,28.7
0.0,0.425,28.7
0.095,0.371,28.7
0.301,0.274,28.7
0.497,0.237,28.7
0.574,0.215,28.7
0.577,0.191,28.7
0.511,0.199,28.7
0.37,0.209,28.7
0.158,0.252,28.7
0.0,0.314,28.7
0.0,0.346,28.7
0.0,0.354,28.7
0.0,0.32,28.7
0.0,0.238,28.7
0.0,0.151,28.7
0.0,0.088,28.7
0.0,0.044,28.7
0.0,0.018,28.7
0.0,0.008,28.7
0.0,0.003,28.7
0.0,0.004,28.7
0.0,0.006,28.7
0.0,0.007,28.7
0.0,0.013,28.7
0.0,0.032,28.7
0.046,0.068,28.7
0.183,0.112,28.7
0.317,0.159,28.7
0.427,0.239,28.7
0.218,0.338,28.7
0.059,0.438,28.7
0.021,0.479,28.7
0.0,0.568,28.7
0.0,0.667,28.7
0.0,0.72,28.7
0.0,0.762,28.7
0.0,0.851,28.7
0.0,0.885,28.7
0.0,0.883,28.7
0.0,0.872,28.7
0.0,0.886,28.7
0.0,0.881,28.7
0.0,0.887,28.7
0.0,0.856,28.7
0.0,0.82,28.7
0.0,0.796,28.7
0.0,0.794,28.7
0.0,0.804,28.7
0.0,0.812,28.7
0.096,0.788,28.7
0.292,0.761,28.7
0.421,0.779,28.7
0.508,0.792,28.7
0.504,0.792,28.7
0.315,0.786,28.7
0.218,0.769,28.7
0.057,0.749,28.7
0.0,0.738,28.7
0.0,0.728,28.7
0.0,0.725,28.7
0.0,0.709,28.7
0.0,0.704,28.7
0.0,0.71,28.7
0.0,0.704,28.7
0.0,0.702,28.7
0.0,0.691,28.7
0.0,0.685,28.7
0.0,0.668,28.7
0.0,0.623,28.7
0.0,0.572,28.7
0.0,0.519,28.7
0.0,0.425,28.7
0.0,0.291,28.7
0.048,0.152,28.7
0.097,0.064,28.7
0.116,0.091,28.7
0.101,0.205,28.7
0.053,0.254,28.7
0.04,0.206,28.7
0.029,0.214,28.7
0.007,0.297,28.7
0.0,0.367,28.7
0.0,0.413,28.7
0.0,0.462,28.7
0.0,0.464,28.7
0.0,0.401,28.7
0.0,0.316,28.7
0.0,0.278,28.7
0.0,0.361,28.7
0.0,0.561,28.7
0.0,0.587,28.7
0.0,0.481,28.7
0.0,0.452,28.7
0.0,0.535,28.7
0.0,0.586,28.7
0.0,0.669,28.7
0.0,0.752,28.7
0.0,0.818,28.7
0.005,0.854,28.7
0.011,0.89,28.7
0.017,0.917,28.7
0.013,0.938,28.7
0.009,0.947,28.7
0.002,0.949,28.7
0.0,0.936,28.7
0.0,0.903,28.7
0.0,0.832,28.7
0.0,0.719,28.7
0.0,0.626,28.7
0.0,0.464,28.7
0.0,0.337,28.7
0.0,0.261,28.7
0.0,0.32,28.7
0.0,0.578,28.7
0.0,0.809,28.7
0.0,0.891,28.7
0.0,0.906,28.7
0.0,0.914,28.7
0.0,0.877,28.7
0.0,0.841,28.7
0.0,0.82,28.7
0.008,0.808,28.7
0.068,0.822,28.7
0.147,0.836,28.7
0.144,0.833,28.7
0.112,0.806,28.7
0.102,0.728,28.7
0.046,0.583,28.7
0.007,0.481,28.7
0.0,0.481,28.7
0.0,0.481,28.7
0.0,0.479,28.7
0.0,0.488,28.7
0.0,0.519,28.7
0.0,0.552,28.7
0.0,0.578,28.7
0.0,0.586,28.7
0.0,0.579,28.7
0.0,0.583,28.7
0.0,0.613,28.7
0.0,0.661,28.7
0.0,0.72,28.7
0.0,0.763,28.7
0.0,0.801,28.7
0.0,0.837,28.7
0.006,0.863,28.7
0.046,0.89,28.7
0.085,0.9,28.7
0.067,0.906,28.7
0.044,0.906,28.7
0.024,0.872,28.7
0.006,0.816,28.7
0.0,0.77,28.7
0.0,0.724,28.7
0.0,0.67,28.7
0.0,0.602,28.7
0.0,0.501,28.7
0.0,0.435,28.7
0.0,0.34,28.7
0.0,0.251,28.7
0.0,0.201,28.7
0.0,0.185,28.7
0.0,0.185,28.7
0.0,0.183,28.7
0.0,0.174,28.7
0.0,0.184,28.7
0.0,0.222,28.7
0.0,0.284,28.7
0.0,0.34,28.7
0.0,0.357,28.7
0.015,0.336,28.7
0.035,0.289,28.7
0.05,0.231,28.7
0.055,0.185,28.7
0.051,0.155,28.7
0.04,0.14,28.7
0.014,0.141,28.7
0.0,0.152,28.7
0.0,0.156,28.7
0.0,0.133,28.7
0.0,0.096,28.7
0.0,0.065,28.7
0.0,0.038,28.7
0.0,0.015,28.7
0.0,0.006,28.7
0.0,0.008,28.7
0.0,0.023,28.7
0.0,0.029,28.7
0.0,0.03,28.7
0.0,0.04,28.7
0.0,0.062,28.7
0.0,0.093,28.7
0.0,0.128,28.7
0.007,0.157,28.7
0.062,0.158,28.7
0.166,0.143,28.7
0.291,0.134,28.7
0.307,0.142,28.7
0.298,0.155,28.7
0.178,0.141,28.7
0.048,0.154,28.7
0.0,0.185,28.7
0.0,0.231,28.7
0.0,0.261,28.7
0.0,0.263,28.7
0.0,0.234,28.7
0.0,0.175,28.7
0.0,0.107,28.7
0.0,0.061,28.7
0.0,0.035,28.7
0.0,0.025,28.7
0.0,0.023,28.7
0.0,0.019,28.7
0.0,0.018,28.7
0.0,0.022,28.7
0.0,0.03,28.7
0.0,0.041,28.7
0.003,0.059,28.7
0.046,0.081,28.7
0.092,0.104,28.7
0.129,0.126,28.7
0.163,0.154,28.7
0.171,0.173,28.7
0.122,0.196,28.7
0.021,0.249,28.7
0.0,0.3,28.7
0.0,0.338,28.7
0.0,0.364,28.7
0.0,0.358,28.7
0.0,0.343,28.7
0.0,0.355,28.7
0.0,0.373,28.7
0.0,0.398,28.7
0.0,0.432,28.7
0.0,0.461,28.7
0.0,0.48,28.7
0.0,0.492,28.7
0.0,0.494,28.7
0.0,0.471,28.7
0.0,0.454,28.7
0.0,0.464,28.7
0.01,0.479,28.7
0.057,0.444,28.7
0.102,0.369,28.7
0.144,0.343,28.7
0.204,0.343,28.7
0.139,0.318,28.7
0.041,0.274,28.7
0.002,0.261,28.7
0.0,0.289,28.7
0.0,0.379,28.7
0.0,0.504,28.7
0.0,0.576,28.7
0.0,0.619,28.7
0.0,0.668,28.7
0.0,0.734,28.7
0.0,0.791,28.7
0.0,0.805,28.7
0.0,0.819,28.7
0.0,0.831,28.7
0.0,0.831,28.7
0.0,0.824,28.7
0.0,0.818,28.7
0.0,0.806,28.7
0.0,0.772,28.7
0.016,0.773,28.7
0.144,0.757,28.7
0.317,0.751,28.7
0.4,0.7,28.7
0.372,0.673,28.7
0.266,0.653,28.7
0.133,0.638,28.7
0.019,0.675,28.7
0.0,0.692,28.7
0.0,0.65,28.7
0.0,0.597,28.7
0.0,0.523,28.7
0.0,0.574,28.7
0.0,0.648,28.7
0.0,0.645,28.7
0.0,0.695,28.7
0.0,0.757,28.7
0.0,0.806,28.7
0.0,0.816,28.7
0.0,0.77,28.7
0.0,0.76,28.7
0.0,0.693,28.7
0.0,0.679,28.7
0.0,0.654,28.7
0.01,0.629,28.7
0.071,0.594,28.7
0.101,0.551,28.7
0.126,0.549,28.7
0.192,0.529,28.7
0.227,0.491,28.7
0.121,0.478,28.7
0.017,0.558,28.7
0.0,0.608,28.7
0.0,0.622,28.7
0.0,0.634,28.7
0.0,0.617,28.7
0.0,0.608,28.7
0.0,0.583,28.7
0.0,0.566,28.7
0.0,0.552,28.7
0.0,0.556,28.7
0.0,0.627,28.7
0.0,0.669,28.7
0.0,0.706,28.7
0.0,0.716,28.7
0.0,0.725,28.7
0.0,0.749,28.7
0.0,0.782,28.7
0.006,0.808,28.7
0.082,0.819,28.7
0.156,0.818,28.7
0.209,0.891,28.7
0.173,0.888,28.7
0.166,0.866,28.7
0.077,0.846,28.7
0.015,0.835,28.7
0.0,0.827,28.7
0.0,0.819,28.7
0.0,0.772,28.7
0.0,0.654,28.7
0.0,0.516,28.7
0.0,0.483,28.7
0.0,0.465,28.7
0.0,0.386,28.7
0.0,0.372,28.7
0.0,0.395,28.7
0.0,0.394,28.7
0.0,0.45,28.7
0.0,0.472,28.7
0.0,0.48,28.7
0.0,0.553,28.7
0.0,0.644,28.7
0.0,0.756,28.7
0.005,0.837,28.7
0.023,0.881,28.7
0.022,0.896,28.7
0.025,0.907,28.7
0.025,0.91,28.7
0.029,0.905,28.7
0.002,0.93,28.7
0.0,0.933,28.7
0.0,0.918,28.7
0.0,0.922,28.7
0.0,0.923,28.7
0.0,0.904,28.7
0.0,0.875,28.7
0.0,0.873,28.7
0.0,0.906,28.7
0.0,0.896,28.7
0.0,0.879,28.7
0.0,0.865,28.7
0.0,0.852,28.7
0.0,0.841,28.7
0.0,0.813,28.7
0.0,0.794,28.7
0.0,0.792,28.7
0.031,0.772,28.7
0.161,0.762,28.7
0.346,0.732,28.7
0.428,0.731,28.7
0.471,0.762,28.7
0.349,0.765,28.7
0.166,0.763,28.7
0.022,0.806,28.7
0.0,0.843,28.7
0.0,0.85,28.7
0.0,0.835,28.7
0.0,0.816,28.7
0.0,0.812,28.7
0.0,0.774,28.7
0.0,0.724,28.7
0.0,0.629,28.7
0.0,0.557,28.7
0.0,0.498,28.7
0.0,0.459,28.7
0.0,0.435,28.7
0.0,0.44,28.7
0.0,0.442,28.7
0.0,0.423,28.7
0.0,0.416,28.7
0.003,0.414,28.7
0.056,0.443,28.7
0.305,0.498,28.7
0.479,0.568,28.7
0.509,0.553,28.7
0.431,0.504,28.7
0.282,0.437,28.7
0.076,0.498,28.7
0.0,0.635,28.7
0.0,0.732,28.7
0.0,0.721,28.7
0.0,0.702,28.7
0.0,0.702,28.7
0.0,0.699,28.7
0.0,0.719,28.7
0.0,0.719,28.7
0.0,0.668,28.7
0.0,0.709,28.7
0.0,0.729,28.7
0.0,0.756,28.7
0.0,0.799,28.7
0.0,0.843,28.7
0.0,0.875,28.7
0.0,0.894,28.7
0.017,0.902,28.7
0.103,0.906,28.7
0.165,0.89,28.7
0.296,0.871,28.7
0.293,0.871,28.7
0.133,0.855,28.7
0.038,0.836,28.7
0.001,0.84,28.7
0.0,0.857,28.7
0.0,0.846,28.7
0.0,0.84,28.7
0.0,0.787,28.7
0.0,0.682,28.7
0.0,0.601,28.7
0.0,0.571,28.7
0.0,0.593,28.7
0.0,0.671,28.7
0.0,0.689,28.7
0.0,0.698,28.7
0.0,0.695,28.7
0.0,0.7,28.7
0.0,0.663,28.7
0.0,0.644,28.7
0.0,0.599,28.7
0.007,0.556,28.7
0.067,0.556,28.7
0.222,0.586,28.7
0.438,0.615,28.7
0.486,0.642,28.7
0.421,0.619,28.7
0.256,0.542,28.7
0.061,0.557,28.7
0.0,0.632,28.7
0.0,0.7,28.7
0.0,0.742,28.7
0.0,0.755,28.7
0.0,0.748,28.7
0.0,0.751,28.7
0.0,0.76,28.7
0.0,0.785,28.7
0.0,0.803,28.7
0.0,0.832,28.7
0.0,0.85,28.7
0.0,0.856,28.7
0.0,0.868,28.7
0.0,0.885,28.7
0.0,0.886,28.7
0.0,0.896,28.7
0.026,0.896,28.7
0.185,0.909,28.7
0.319,0.911,28.7
0.371,0.899,28.7
0.337,0.899,28.7
0.176,0.895,28.7
0.079,0.893,28.7
0.013,0.887,28.7
0.0,0.896,28.7
0.0,0.903,28.7
0.0,0.879,28.7
0.0,0.898,28.7
0.0,0.892,28.7
0.0,0.868,28.7
0.0,0.887,28.7
0.0,0.899,28.7
0.0,0.905,28.7
0.0,0.902,28.7
0.0,0.92,28.7
0.0,0.903,28.7
0.0,0.89,28.7
0.0,0.887,28.7
0.0,0.897,28.7
0.0,0.896,28.7
0.004,0.858,28.7
0.056,0.786,28.7
0.367,0.724,28.7
0.474,0.776,28.7
0.465,0.85,28.7
0.342,0.84,28.7
0.117,0.811,28.7
0.018,0.82,28.7
0.0,0.809,28.7
0.0,0.796,28.7
0.0,0.783,28.7
0.0,0.785,28.7
0.0,0.771,28.7
0.0,0.746,28.7
0.0,0.706,28.7
0.0,0.684,28.7
0.0,0.635,28.7
0.0,0.638,28.7
0.0,0.618,28.7
0.0,0.626,28.7
0.0,0.617,28.7
0.0,0.591,28.7
0.0,0.564,28.7
0.0,0.56,28.7
0.001,0.571,28.7
0.046,0.627,28.7
0.14,0.684,28.7
0.403,0.718,28.7
0.464,0.729,28.7
0.398,0.722,28.7
0.252,0.679,28.7
0.061,0.685,28.7
0.0,0.714,28.7
0.0,0.71,28.7
0.0,0.69,28.7
0.0,0.696,28.7
0.0,0.674,28.7
0.0,0.633,28.7
0.0,0.625,28.7
0.0,0.638,28.7
0.0,0.696,28.7
0.0,0.761,28.7
0.0,0.812,28.7
0.0,0.902,28.7
0.0,0.952,28.7
0.0,0.983,28.7
0.0,0.991,28.7
0.0,0.991,28.7
0.0,0.991,28.7
0.015,0.984,28.7
0.038,0.951,28.7
0.068,0.926,28.7
0.082,0.919,28.7
0.05,0.912,28.7
0.021,0.917,28.7
0.0,0.926,28.7
0.0,0.932,28.7
0.0,0.921,28.7
0.0,0.944,28.7
0.0,0.965,28.7
0.0,0.98,28.7
0.0,0.985,28.7
0.0,0.983,28.7
0.0,0.966,28.7
0.0,0.959,28.7
0.0,0.953,28.7
0.0,0.949,28.7
0.0,0.941,28.7
0.0,0.926,28.7
0.0,0.904,28.7
0.0,0.871,28.7
0.0,0.84,28.7
0.0,0.807,28.7
0.013,0.735,28.7
0.037,0.684,28.7
0.041,0.701,28.7
0.055,0.663,28.7
0.028,0.717,28.7
0.018,0.766,28.7
0.002,0.711,28.7
0.0,0.729,28.7
0.0,0.801,28.7
0.0,0.829,28.7
0.0,0.783,28.7
0.0,0.794,28.7
0.0,0.866,28.7
0.0,0.851,28.7
0.0,0.822,28.7
0.0,0.775,28.7
0.0,0.776,28.7
0.0,0.81,28.7
0.0,0.844,28.7
0.0,0.896,28.7
0.0,0.904,28.7
0.0,0.838,28.7
0.0,0.823,28.7
0.006,0.895,28.7
0.041,0.884,28.7
0.115,0.894,28.7
0.169,0.934,28.7
0.15,0.967,28.7
0.1,0.97,28.7
0.051,0.978,28.7
0.013,0.982,28.7
0.0,0.98,28.7
0.0,0.981,28.7
0.0,0.982,28.7
0.0,0.982,28.7
0.0,0.972,28.7
0.0,0.928,28.7
0.0,0.791,28.7
0.0,0.484,28.7
0.0,0.323,28.7
0.0,0.412,28.7
0.0,0.604,28.7
0.0,0.748,28.7
0.0,0.868,28.7
0.0,0.937,28.7
0.0,0.952,28.7
0.0,0.949,28.7
0.001,0.949,28.7
0.055,0.944,28.7
0.236,0.936,28.7
0.362,0.936,28.7
0.41,0.924,28.7
0.331,0.896,28.7
0.178,0.869,28.7
0.022,0.857,28.7
0.0,0.857,28.7
0.0,0.864,28.7
0.0,0.884,28.7
0.0,0.9,28.7
0.0,0.902,28.7
0.0,0.905,28.7
0.0,0.91,28.7
0.0,0.899,28.7
0.0,0.879,28.7
0.0,0.884,28.7
0.0,0.881,28.7
0.0,0.875,28.7
0.0,0.873,28.7
0.0,0.876,28.7
0.0,0.875,28.7
0.0,0.851,28.7
0.036,0.806,28.7
0.181,0.754,28.7
0.294,0.758,28.7
0.37,0.721,28.7
0.398,0.678,28.7
0.34,0.64,28.7
0.225,0.61,28.7
0.055,0.601,28.7
0.0,0.59,28.7
0.0,0.525,28.7
0.0,0.43,28.7
0.0,0.311,28.7
0.0,0.231,28.7
0.0,0.228,28.7
0.0,0.278,28.7
0.0,0.302,28.7
0.0,0.296,28.7
0.0,0.294,28.7
0.0,0.337,28.7
0.0,0.428,28.7
0.0,0.513,28.7
0.0,0.566,28.7
0.0,0.601,28.7
0.0,0.624,28.7
0.003,0.648,28.7
0.03,0.642,28.7
0.041,0.648,28.7
0.058,0.7,28.7
0.047,0.77,28.7
0.027,0.812,28.7
0.015,0.841,28.7
0.0,0.877,28.7
0.0,0.882,28.7
0.0,0.881,28.7
0.0,0.896,28.7
0.0,0.951,28.7
0.0,0.951,28.7
0.0,0.97,28.7
0.0,0.98,28.7
0.0,0.989,28.7
0.0,0.991,28.7
0.0,0.989,28.7
0.0,0.978,28.7
0.0,0.96,28.7
0.0,0.93,28.7
0.0,0.903,28.7
0.0,0.885,28.7
0.0,0.89,28.7
0.0,0.936,28.7
0.0,0.976,28.7
0.005,0.991,28.7
0.014,0.945,28.7
0.028,0.875,28.7
0.039,0.829,28.7
0.03,0.799,28.7
0.002,0.766,28.7
0.0,0.718,28.7
0.0,0.674,28.7
0.0,0.648,28.7
0.0,0.657,28.7
0.0,0.659,28.7
0.0,0.672,28.7
0.0,0.639,28.7
0.0,0.593,28.7
0.0,0.577,28.7
0.0,0.539,28.7
0.0,0.575,28.7
0.0,0.652,28.7
0.0,0.695,28.7
0.0,0.678,28.7
0.0,0.651,28.7
0.0,0.724,28.7
0.008,0.768,28.7
0.028,0.824,28.7
0.029,0.853,28.7
0.023,0.8,28.7
0.021,0.606,28.7
0.036,0.578,28.7
0.034,0.516,28.7
0.003,0.391,28.7
0.0,0.338,28.7
0.0,0.535,28.7
0.0,0.787,28.7
0.0,0.845,28.7
0.0,0.782,28.7
0.0,0.708,28.7
0.0,0.684,28.7
0.0,0.664,28.7
0.0,0.644,28.7
0.0,0.619,28.7
0.0,0.561,28.7
0.0,0.488,28.7
0.0,0.433,28.7
0.0,0.41,28.7
0.0,0.416,28.7
0.0,0.444,28.7
0.0,0.472,28.7
0.026,0.467,28.7
0.076,0.431,28.7
0.11,0.415,28.7
0.123,0.379,28.7
0.048,0.324,28.7
0.013,0.312,28.7
0.0,0.346,28.7
0.0,0.399,28.7
0.0,0.444,28.7
0.0,0.423,28.7
0.0,0.37,28.7
0.0,0.323,28.7
0.0,0.296,28.7
0.0,0.3,28.7
0.0,0.33,28.7
0.0,0.377,28.7
0.0,0.4,28.7
0.0,0.395,28.7
0.0,0.404,28.7
0.0,0.445,28.7
0.0,0.466,28.7
0.0,0.447,28.7
0.0,0.423,28.7
0.006,0.425,28.7
0.033,0.41,28.7
0.06,0.381,28.7
0.088,0.395,28.7
0.114,0.421,28.7
0.116,0.42,28.7
0.044,0.397,28.7
0.0,0.401,28.7
0.0,0.398,28.7
0.0,0.415,28.7
0.0,0.464,28.7
0.0,0.514,28.7
0.0,0.513,28.7
0.0,0.444,28.7
0.0,0.337,28.7
0.0,0.198,28.7
