solar_cf,wind_cf,price
0.0,0.349,39.8
0.0,0.352,39.8
0.0,0.386,39.8
0.0,0.396,39.8
0.0,0.413,39.8
0.0,0.404,39.8
0.0,0.446,39.8
0.0,0.462,39.8
0.0,0.476,39.8
0.001,0.484,39.8
0.016,0.479,39.8
0.029,0.469,39.8
0.08,0.452,39.8
0.092,0.444,39.8
0.067,0.451,39.8
0.0,0.464,39.8
0.0,0.485,39.8
0.0,0.513,39.8
0.0,0.574,39.8
0.0,0.599,39.8
0.0,0.609,39.8
0.0,0.605,39.8
0.0,0.594,39.8
0.0,0.589,39.8
0.0,0.594,39.8
0.0,0.615,39.8
0.0,0.633,39.8
0.0,0.601,39.8
0.0,0.583,39.8
0.0,0.582,39.8
0.0,0.56,39.8
0.0,0.562,39.8
0.062,0.522,39.8
0.222,0.392,39.8
0.348,0.334,39.8
0.397,0.454,39.8
0.392,0.478,39.8
0.297,0.407,39.8
0.129,0.326,39.8
0.003,0.358,39.8
0.0,0.394,39.8
0.0,0.374,39.8
0.0,0.335,39.8
0.0,0.286,39.8
0.0,0.243,39.8
0.0,0.212,39.8
0.0,0.188,39.8
0.0,0.172,39.8
0.0,0.163,39.8
0.0,0.155,39.8
0.0,0.155,39.8
0.0,0.161,39.8
0.0,0.179,39.8
0.0,0.192,39.8
0.0,0.192,39.8
0.0,0.187,39.8
0.042,0.185,39.8
0.145,0.155,39.8
0.195,0.118,39.8
0.278,0.15,39.8
0.221,0.172,39.8
0.128,0.16,39.8
0.054,0.153,39.8
0.0,0.193,39.8
0.0,0.231,39.8
0.0,0.245,39.8
0.0,0.249,39.8
0.0,0.227,39.8
0.0,0.183,39.8
0.0,0.161,39.8
0.0,0.186,39.8
0.0,0.192,39.8
0.0,0.153,39.8
0.0,0.124,39.8
0.0,0.104,39.8
0.0,0.113,39.8
0.0,0.125,39.8
0.0,0.156,39.8
0.0,0.196,39.8
0.0,0.231,39.8
0.01,0.251,39.8
0.054,0.233,39.8
0.168,0.223,39.8
0.202,0.328,39.8
0.125,0.351,39.8
0.071,0.341,39.8
0.024,0.314,39.8
0.0,0.309,39.8
0.0,0.312,39.8
0.0,0.335,39.8
0.0,0.355,39.8
0.0,0.349,39.8
0.0,0.322,39.8
0.0,0.316,39.8
0.0,0.315,39.8
0.0,0.337,39.8
0.0,0.341,39.8
0.0,0.341,39.8
0.0,0.348,39.8
0.0,0.37,39.8
0.0,0.397,39.8
0.0,0.426,39.8
0.0,0.45,39.8
0.0,0.462,39.8
0.005,0.452,39.8
0.033,0.442,39.8
0.055,0.425,39.8
0.064,0.428,39.8
0.065,0.429,39.8
0.05,0.413,39.8
0.021,0.413,39.8
0.0,0.453,39.8
0.0,0.458,39.8
0.0,0.432,39.8
0.0,0.401,39.8
0.0,0.381,39.8
0.0,0.398,39.8
0.0,0.388,39.8
0.0,0.356,39.8
0.0,0.358,39.8
0.0,0.361,39.8
0.0,0.36,39.8
0.0,0.367,39.8
0.0,0.367,39.8
0.0,0.358,39.8
0.0,0.329,39.8
0.0,0.291,39.8
0.0,0.259,39.8
0.018,0.232,39.8
0.067,0.182,39.8
0.11,0.12,39.8
0.145,0.105,39.8
0.156,0.101,39.8
0.125,0.093,39.8
0.048,0.097,39.8
0.0,0.118,39.8
0.0,0.125,39.8
0.0,0.123,39.8
0.0,0.122,39.8
0.0,0.118,39.8
0.0,0.095,39.8
0.0,0.076,39.8
0.0,0.068,39.8
0.0,0.058,39.8
0.0,0.058,39.8
0.0,0.07,39.8
0.0,0.076,39.8
0.0,0.072,39.8
0.0,0.071,39.8
0.0,0.089,39.8
0.0,0.144,39.8
0.0,0.216,39.8
0.002,0.274,39.8
0.025,0.278,39.8
0.036,0.27,39.8
0.041,0.311,39.8
0.037,0.318,39.8
0.023,0.363,39.8
0.012,0.422,39.8
0.0,0.514,39.8
0.0,0.58,39.8
0.0,0.664,39.8
0.0,0.74,39.8
0.0,0.744,39.8
0.0,0.744,39.8
0.0,0.807,39.8
0.0,0.766,39.8
0.0,0.758,39.8
0.0,0.759,39.8
0.0,0.791,39.8
0.0,0.796,39.8
0.0,0.803,39.8
0.0,0.808,39.8
0.0,0.83,39.8
0.0,0.835,39.8
0.0,0.844,39.8
0.016,0.841,39.8
0.08,0.851,39.8
0.141,0.876,39.8
0.158,0.896,39.8
0.2,0.917,39.8
0.108,0.919,39.8
0.05,0.904,39.8
0.0,0.884,39.8
0.0,0.873,39.8
0.0,0.856,39.8
0.0,0.842,39.8
0.0,0.817,39.8
0.0,0.799,39.8
0.0,0.782,39.8
0.0,0.757,39.8
0.0,0.728,39.8
0.0,0.749,39.8
0.0,0.746,39.8
0.0,0.735,39.8
0.0,0.706,39.8
0.0,0.667,39.8
0.0,0.663,39.8
0.0,0.652,39.8
0.0,0.618,39.8
0.029,0.57,39.8
0.103,0.522,39.8
0.163,0.5,39.8
0.298,0.59,39.8
0.369,0.618,39.8
0.308,0.577,39.8
0.158,0.535,39.8
0.007,0.555,39.8
0.0,0.526,39.8
0.0,0.47,39.8
0.0,0.456,39.8
0.0,0.444,39.8
0.0,0.457,39.8
0.0,0.494,39.8
0.0,0.422,39.8
0.0,0.332,39.8
0.0,0.289,39.8
0.0,0.263,39.8
0.0,0.248,39.8
0.0,0.243,39.8
0.0,0.232,39.8
0.0,0.199,39.8
0.0,0.167,39.8
0.0,0.134,39.8
0.013,0.106,39.8
0.042,0.076,39.8
0.063,0.042,39.8
0.076,0.027,39.8
0.08,0.027,39.8
0.066,0.024,39.8
0.047,0.032,39.8
0.0,0.054,39.8
0.0,0.08,39.8
0.0,0.101,39.8
0.0,0.108,39.8
0.0,0.124,39.8
0.0,0.158,39.8
0.0,0.201,39.8
0.0,0.238,39.8
0.0,0.257,39.8
0.0,0.26,39.8
0.0,0.264,39.8
0.0,0.238,39.8
0.0,0.22,39.8
0.0,0.227,39.8
0.0,0.258,39.8
0.0,0.3,39.8
0.0,0.311,39.8
0.002,0.262,39.8
0.025,0.215,39.8
0.049,0.223,39.8
0.072,0.289,39.8
0.106,0.384,39.8
0.088,0.437,39.8
0.028,0.42,39.8
0.0,0.394,39.8
0.0,0.395,39.8
0.0,0.422,39.8
0.0,0.447,39.8
0.0,0.438,39.8
0.0,0.404,39.8
0.0,0.386,39.8
0.0,0.391,39.8
0.0,0.379,39.8
0.0,0.395,39.8
0.0,0.408,39.8
0.0,0.413,39.8
0.0,0.415,39.8
0.0,0.432,39.8
0.0,0.491,39.8
0.0,0.516,39.8
0.0,0.567,39.8
0.016,0.559,39.8
0.039,0.593,39.8
0.027,0.639,39.8
0.007,0.732,39.8
0.0,0.718,39.8
0.0,0.69,39.8
0.0,0.705,39.8
0.0,0.713,39.8
0.0,0.711,39.8
0.0,0.698,39.8
0.0,0.682,39.8
0.0,0.667,39.8
0.0,0.602,39.8
0.0,0.511,39.8
0.0,0.456,39.8
0.0,0.448,39.8
0.0,0.433,39.8
0.0,0.447,39.8
0.0,0.549,39.8
0.0,0.571,39.8
0.0,0.575,39.8
0.0,0.61,39.8
0.0,0.635,39.8
0.0,0.644,39.8
0.0,0.668,39.8
0.012,0.69,39.8
0.031,0.738,39.8
0.034,0.773,39.8
0.035,0.831,39.8
0.026,0.841,39.8
0.01,0.857,39.8
0.0,0.872,39.8
0.0,0.877,39.8
0.0,0.88,39.8
0.0,0.871,39.8
0.0,0.866,39.8
0.0,0.849,39.8
0.0,0.838,39.8
0.0,0.826,39.8
0.0,0.812,39.8
0.0,0.78,39.8
0.0,0.722,39.8
0.0,0.682,39.8
0.0,0.654,39.8
0.0,0.652,39.8
0.0,0.63,39.8
0.0,0.619,39.8
0.0,0.597,39.8
0.01,0.535,39.8
0.054,0.457,39.8
0.116,0.411,39.8
0.21,0.43,39.8
0.219,0.437,39.8
0.153,0.429,39.8
0.078,0.395,39.8
0.008,0.379,39.8
0.0,0.376,39.8
0.0,0.343,39.8
0.0,0.3,39.8
0.0,0.267,39.8
0.0,0.245,39.8
0.0,0.219,39.8
0.0,0.211,39.8
0.0,0.249,39.8
0.0,0.31,39.8
0.0,0.37,39.8
0.0,0.428,39.8
0.0,0.456,39.8
0.0,0.451,39.8
0.0,0.447,39.8
0.0,0.461,39.8
0.0,0.466,39.8
0.024,0.472,39.8
0.123,0.479,39.8
0.224,0.501,39.8
0.264,0.549,39.8
0.214,0.62,39.8
0.138,0.613,39.8
0.054,0.58,39.8
0.001,0.58,39.8
0.0,0.59,39.8
0.0,0.591,39.8
0.0,0.599,39.8
0.0,0.598,39.8
0.0,0.62,39.8
0.0,0.584,39.8
0.0,0.568,39.8
0.0,0.602,39.8
0.0,0.578,39.8
0.0,0.575,39.8
0.0,0.566,39.8
0.0,0.571,39.8
0.0,0.583,39.8
0.0,0.591,39.8
0.0,0.602,39.8
0.0,0.608,39.8
0.009,0.608,39.8
0.049,0.59,39.8
0.051,0.615,39.8
0.063,0.663,39.8
0.051,0.649,39.8
0.036,0.647,39.8
0.012,0.658,39.8
0.0,0.683,39.8
0.0,0.711,39.8
0.0,0.728,39.8
0.0,0.751,39.8
0.0,0.768,39.8
0.0,0.765,39.8
0.0,0.737,39.8
0.0,0.666,39.8
0.0,0.54,39.8
0.0,0.433,39.8
0.0,0.399,39.8
0.0,0.415,39.8
0.0,0.418,39.8
0.0,0.413,39.8
0.0,0.394,39.8
0.0,0.376,39.8
0.0,0.404,39.8
0.0,0.461,39.8
0.011,0.501,39.8
0.033,0.55,39.8
0.165,0.682,39.8
0.149,0.71,39.8
0.088,0.69,39.8
0.053,0.68,39.8
0.0,0.697,39.8
0.0,0.668,39.8
0.0,0.62,39.8
0.0,0.608,39.8
0.0,0.58,39.8
0.0,0.501,39.8
0.0,0.498,39.8
0.0,0.458,39.8
0.0,0.393,39.8
0.0,0.319,39.8
0.0,0.227,39.8
0.0,0.123,39.8
0.0,0.042,39.8
0.0,0.006,39.8
0.0,0.005,39.8
0.0,0.026,39.8
0.0,0.069,39.8
0.053,0.118,39.8
0.124,0.113,39.8
0.193,0.094,39.8
0.256,0.103,39.8
0.291,0.112,39.8
0.236,0.114,39.8
0.106,0.123,39.8
0.009,0.157,39.8
0.0,0.192,39.8
0.0,0.224,39.8
0.0,0.257,39.8
0.0,0.289,39.8
0.0,0.305,39.8
0.0,0.306,39.8
0.0,0.295,39.8
0.0,0.284,39.8
0.0,0.278,39.8
0.0,0.291,39.8
0.0,0.31,39.8
0.0,0.323,39.8
0.0,0.332,39.8
0.0,0.335,39.8
0.0,0.332,39.8
0.0,0.331,39.8
0.176,0.262,39.8
0.382,0.192,39.8
0.5,0.266,39.8
0.532,0.297,39.8
0.495,0.283,39.8
0.397,0.241,39.8
0.231,0.213,39.8
0.046,0.289,39.8
0.0,0.376,39.8
0.0,0.425,39.8
0.0,0.42,39.8
0.0,0.386,39.8
0.0,0.354,39.8
0.0,0.338,39.8
0.0,0.332,39.8
0.0,0.318,39.8
0.0,0.303,39.8
0.0,0.291,39.8
0.0,0.277,39.8
0.0,0.259,39.8
0.0,0.24,39.8
0.0,0.223,39.8
0.0,0.202,39.8
0.003,0.18,39.8
0.251,0.126,39.8
0.449,0.082,39.8
0.559,0.107,39.8
0.599,0.12,39.8
0.573,0.126,39.8
0.48,0.14,39.8
0.306,0.155,39.8
0.076,0.217,39.8
0.0,0.267,39.8
0.0,0.272,39.8
0.0,0.242,39.8
0.0,0.194,39.8
0.0,0.145,39.8
0.0,0.102,39.8
0.0,0.063,39.8
0.0,0.028,39.8
0.0,0.008,39.8
0.0,0.002,39.8
0.0,0.003,39.8
0.0,0.01,39.8
0.0,0.017,39.8
0.0,0.023,39.8
0.0,0.024,39.8
0.005,0.021,39.8
0.245,0.024,39.8
0.438,0.025,39.8
0.548,0.02,39.8
0.585,0.02,39.8
0.558,0.032,39.8
0.463,0.049,39.8
0.29,0.077,39.8
0.068,0.11,39.8
0.0,0.139,39.8
0.0,0.181,39.8
0.0,0.238,39.8
0.0,0.3,39.8
0.0,0.354,39.8
0.0,0.392,39.8
0.0,0.431,39.8
0.0,0.457,39.8
0.0,0.457,39.8
0.0,0.454,39.8
0.0,0.464,39.8
0.0,0.479,39.8
0.0,0.503,39.8
0.0,0.539,39.8
0.0,0.572,39.8
0.0,0.601,39.8
0.01,0.574,39.8
0.016,0.616,39.8
0.023,0.647,39.8
0.023,0.621,39.8
0.026,0.556,39.8
0.02,0.471,39.8
0.007,0.416,39.8
0.0,0.381,39.8
0.0,0.348,39.8
0.0,0.368,39.8
0.0,0.355,39.8
0.0,0.35,39.8
0.0,0.325,39.8
0.0,0.324,39.8
0.0,0.332,39.8
0.0,0.341,39.8
0.0,0.361,39.8
0.0,0.377,39.8
0.0,0.377,39.8
0.0,0.362,39.8
0.0,0.328,39.8
0.0,0.279,39.8
0.0,0.245,39.8
0.0,0.22,39.8
0.058,0.167,39.8
0.202,0.118,39.8
0.361,0.126,39.8
0.422,0.179,39.8
0.291,0.207,39.8
0.203,0.214,39.8
0.107,0.192,39.8
0.019,0.206,39.8
0.0,0.245,39.8
0.0,0.241,39.8
0.0,0.217,39.8
0.0,0.188,39.8
0.0,0.147,39.8
0.0,0.107,39.8
0.0,0.076,39.8
0.0,0.054,39.8
0.0,0.049,39.8
0.0,0.053,39.8
0.0,0.047,39.8
0.0,0.036,39.8
0.0,0.027,39.8
0.0,0.02,39.8
0.0,0.012,39.8
0.0,0.005,39.8
0.068,0.005,39.8
0.155,0.007,39.8
0.227,0.006,39.8
0.252,0.009,39.8
0.22,0.018,39.8
0.135,0.032,39.8
0.066,0.043,39.8
0.008,0.051,39.8
0.0,0.057,39.8
0.0,0.054,39.8
0.0,0.04,39.8
0.0,0.037,39.8
0.0,0.047,39.8
0.0,0.057,39.8
0.0,0.06,39.8
0.0,0.058,39.8
0.0,0.054,39.8
0.0,0.061,39.8
0.0,0.076,39.8
0.0,0.083,39.8
0.0,0.092,39.8
0.0,0.111,39.8
0.0,0.153,39.8
0.0,0.204,39.8
0.027,0.203,39.8
0.071,0.192,39.8
0.099,0.253,39.8
0.131,0.358,39.8
0.12,0.465,39.8
0.068,0.46,39.8
0.005,0.506,39.8
0.0,0.621,39.8
0.0,0.544,39.8
0.0,0.484,39.8
0.0,0.561,39.8
0.0,0.607,39.8
0.0,0.652,39.8
0.0,0.627,39.8
0.0,0.581,39.8
0.0,0.556,39.8
0.0,0.545,39.8
0.0,0.535,39.8
0.0,0.533,39.8
0.0,0.526,39.8
0.0,0.541,39.8
0.0,0.577,39.8
0.0,0.601,39.8
0.0,0.574,39.8
0.005,0.582,39.8
0.026,0.531,39.8
0.046,0.519,39.8
0.075,0.498,39.8
0.088,0.506,39.8
0.079,0.537,39.8
0.039,0.642,39.8
0.001,0.697,39.8
0.0,0.713,39.8
0.0,0.75,39.8
0.0,0.818,39.8
0.0,0.839,39.8
0.0,0.846,39.8
0.0,0.864,39.8
0.0,0.83,39.8
0.0,0.802,39.8
0.0,0.885,39.8
0.0,0.849,39.8
0.0,0.817,39.8
0.0,0.806,39.8
0.0,0.801,39.8
0.0,0.782,39.8
0.0,0.648,39.8
0.0,0.606,39.8
0.0,0.547,39.8
0.01,0.378,39.8
0.028,0.291,39.8
0.032,0.373,39.8
0.043,0.525,39.8
0.046,0.658,39.8
0.019,0.626,39.8
0.0,0.583,39.8
0.0,0.588,39.8
0.0,0.634,39.8
0.0,0.683,39.8
0.0,0.754,39.8
0.0,0.803,39.8
0.0,0.841,39.8
0.0,0.871,39.8
0.0,0.901,39.8
0.0,0.912,39.8
0.0,0.913,39.8
0.0,0.904,39.8
0.0,0.895,39.8
0.0,0.888,39.8
0.0,0.884,39.8
0.0,0.872,39.8
0.0,0.847,39.8
0.02,0.81,39.8
0.063,0.77,39.8
0.084,0.742,39.8
0.101,0.718,39.8
0.114,0.703,39.8
0.083,0.696,39.8
0.039,0.676,39.8
0.006,0.632,39.8
0.0,0.568,39.8
0.0,0.516,39.8
0.0,0.499,39.8
0.0,0.487,39.8
0.0,0.469,39.8
0.0,0.457,39.8
0.0,0.439,39.8
0.0,0.416,39.8
0.0,0.378,39.8
0.0,0.352,39.8
0.0,0.328,39.8
0.0,0.337,39.8
0.0,0.361,39.8
0.0,0.379,39.8
0.0,0.386,39.8
0.007,0.362,39.8
0.116,0.274,39.8
0.35,0.215,39.8
0.56,0.323,39.8
0.591,0.376,39.8
0.453,0.379,39.8
0.308,0.395,39.8
0.134,0.363,39.8
0.009,0.353,39.8
0.0,0.407,39.8
0.0,0.403,39.8
0.0,0.377,39.8
0.0,0.352,39.8
0.0,0.336,39.8
0.0,0.317,39.8
0.0,0.297,39.8
0.0,0.282,39.8
0.0,0.255,39.8
0.0,0.22,39.8
0.0,0.184,39.8
0.0,0.156,39.8
0.0,0.141,39.8
0.0,0.126,39.8
0.0,0.098,39.8
0.0,0.064,39.8
0.007,0.036,39.8
0.029,0.026,39.8
0.051,0.046,39.8
0.063,0.088,39.8
0.054,0.12,39.8
0.034,0.133,39.8
0.016,0.154,39.8
0.0,0.218,39.8
0.0,0.305,39.8
0.0,0.344,39.8
0.0,0.352,39.8
0.0,0.332,39.8
0.0,0.3,39.8
0.0,0.278,39.8
0.0,0.264,39.8
0.0,0.241,39.8
0.0,0.212,39.8
0.0,0.18,39.8
0.0,0.134,39.8
0.0,0.088,39.8
0.0,0.068,39.8
0.0,0.065,39.8
0.0,0.068,39.8
0.006,0.067,39.8
0.112,0.06,39.8
0.285,0.066,39.8
0.544,0.083,39.8
0.606,0.096,39.8
0.581,0.115,39.8
0.486,0.14,39.8
0.322,0.162,39.8
0.107,0.216,39.8
0.0,0.361,39.8
0.0,0.464,39.8
0.0,0.484,39.8
0.0,0.476,39.8
0.0,0.463,39.8
0.0,0.45,39.8
0.0,0.438,39.8
0.0,0.433,39.8
0.0,0.459,39.8
0.0,0.444,39.8
0.0,0.386,39.8
0.0,0.289,39.8
0.0,0.263,39.8
0.0,0.231,39.8
0.0,0.179,39.8
0.0,0.156,39.8
0.017,0.132,39.8
0.039,0.114,39.8
0.046,0.126,39.8
0.079,0.141,39.8
0.082,0.136,39.8
0.062,0.122,39.8
0.034,0.116,39.8
0.009,0.108,39.8
0.0,0.093,39.8
0.0,0.098,39.8
0.0,0.111,39.8
0.0,0.13,39.8
0.0,0.137,39.8
0.0,0.107,39.8
0.0,0.073,39.8
0.0,0.068,39.8
0.0,0.07,39.8
0.0,0.077,39.8
0.0,0.101,39.8
0.0,0.12,39.8
0.0,0.131,39.8
0.0,0.141,39.8
0.0,0.155,39.8
0.0,0.158,39.8
0.012,0.134,39.8
0.041,0.118,39.8
0.077,0.12,39.8
0.095,0.124,39.8
0.086,0.124,39.8
0.062,0.124,39.8
0.031,0.131,39.8
0.003,0.157,39.8
0.0,0.209,39.8
0.0,0.228,39.8
0.0,0.214,39.8
0.0,0.197,39.8
0.0,0.184,39.8
0.0,0.182,39.8
0.0,0.186,39.8
0.0,0.204,39.8
0.0,0.236,39.8
0.0,0.283,39.8
0.0,0.33,39.8
0.0,0.358,39.8
0.0,0.364,39.8
0.0,0.349,39.8
0.0,0.318,39.8
0.014,0.285,39.8
0.157,0.224,39.8
0.299,0.156,39.8
0.434,0.179,39.8
0.499,0.19,39.8
0.504,0.208,39.8
0.382,0.213,39.8
0.226,0.179,39.8
0.076,0.169,39.8
0.0,0.155,39.8
0.0,0.161,39.8
0.0,0.211,39.8
0.0,0.302,39.8
0.0,0.4,39.8
0.0,0.444,39.8
0.0,0.454,39.8
0.0,0.479,39.8
0.0,0.498,39.8
0.0,0.501,39.8
0.0,0.501,39.8
0.0,0.485,39.8
0.0,0.479,39.8
0.0,0.498,39.8
0.0,0.53,39.8
0.003,0.564,39.8
0.043,0.603,39.8
0.068,0.651,39.8
0.059,0.672,39.8
0.052,0.71,39.8
0.044,0.724,39.8
0.032,0.723,39.8
0.014,0.728,39.8
0.0,0.728,39.8
0.0,0.797,39.8
0.0,0.767,39.8
0.0,0.735,39.8
0.0,0.71,39.8
0.0,0.661,39.8
0.0,0.642,39.8
0.0,0.582,39.8
0.0,0.516,39.8
0.0,0.469,39.8
0.0,0.437,39.8
0.0,0.404,39.8
0.0,0.372,39.8
0.0,0.337,39.8
0.0,0.312,39.8
0.0,0.302,39.8
0.001,0.284,39.8
0.04,0.232,39.8
0.083,0.183,39.8
0.123,0.166,39.8
0.156,0.16,39.8
0.202,0.153,39.8
0.293,0.135,39.8
0.269,0.126,39.8
0.113,0.174,39.8
0.0,0.298,39.8
0.0,0.444,39.8
0.0,0.519,39.8
0.0,0.525,39.8
0.0,0.524,39.8
0.0,0.51,39.8
0.0,0.498,39.8
0.0,0.498,39.8
0.0,0.502,39.8
0.0,0.505,39.8
0.0,0.51,39.8
0.0,0.51,39.8
0.0,0.503,39.8
0.0,0.506,39.8
0.0,0.527,39.8
0.0,0.543,39.8
0.008,0.538,39.8
0.025,0.53,39.8
0.055,0.513,39.8
0.077,0.498,39.8
0.061,0.489,39.8
0.04,0.493,39.8
0.029,0.447,39.8
0.004,0.451,39.8
0.0,0.464,39.8
0.0,0.444,39.8
0.0,0.444,39.8
0.0,0.47,39.8
0.0,0.488,39.8
0.0,0.573,39.8
0.0,0.628,39.8
0.0,0.633,39.8
0.0,0.698,39.8
0.0,0.786,39.8
0.0,0.806,39.8
0.0,0.839,39.8
0.0,0.821,39.8
0.0,0.834,39.8
0.0,0.856,39.8
0.0,0.881,39.8
0.057,0.872,39.8
0.15,0.844,39.8
0.278,0.871,39.8
0.388,0.901,39.8
0.42,0.914,39.8
0.341,0.918,39.8
0.185,0.912,39.8
0.064,0.893,39.8
0.0,0.87,39.8
0.0,0.834,39.8
0.0,0.788,39.8
0.0,0.722,39.8
0.0,0.658,39.8
0.0,0.609,39.8
0.0,0.559,39.8
0.0,0.53,39.8
0.0,0.538,39.8
0.0,0.516,39.8
0.0,0.513,39.8
0.0,0.522,39.8
0.0,0.559,39.8
0.0,0.61,39.8
0.0,0.663,39.8
0.004,0.705,39.8
0.049,0.73,39.8
0.091,0.846,39.8
0.114,0.889,39.8
0.105,0.906,39.8
0.069,0.923,39.8
0.058,0.93,39.8
0.04,0.942,39.8
0.009,0.949,39.8
0.0,0.957,39.8
0.0,0.965,39.8
0.0,0.973,39.8
0.0,0.976,39.8
0.0,0.975,39.8
0.0,0.977,39.8
0.0,0.97,39.8
0.0,0.935,39.8
0.0,0.884,39.8
0.0,0.872,39.8
0.0,0.899,39.8
0.0,0.918,39.8
0.0,0.933,39.8
0.0,0.921,39.8
0.0,0.923,39.8
0.042,0.93,39.8
0.196,0.939,39.8
0.363,0.954,39.8
0.482,0.964,39.8
0.437,0.968,39.8
0.275,0.962,39.8
0.182,0.953,39.8
0.107,0.941,39.8
0.034,0.925,39.8
0.0,0.91,39.8
0.0,0.888,39.8
0.0,0.862,39.8
0.0,0.825,39.8
0.0,0.746,39.8
0.0,0.697,39.8
0.0,0.653,39.8
0.0,0.609,39.8
0.0,0.494,39.8
0.0,0.498,39.8
0.0,0.59,39.8
0.0,0.765,39.8
0.0,0.815,39.8
0.0,0.827,39.8
0.0,0.834,39.8
0.0,0.803,39.8
0.008,0.754,39.8
0.04,0.726,39.8
0.133,0.75,39.8
0.239,0.752,39.8
0.233,0.722,39.8
0.101,0.674,39.8
0.023,0.631,39.8
0.024,0.726,39.8
0.0,0.82,39.8
0.0,0.848,39.8
0.0,0.838,39.8
0.0,0.844,39.8
0.0,0.84,39.8
0.0,0.823,39.8
0.0,0.783,39.8
0.0,0.72,39.8
0.0,0.633,39.8
0.0,0.575,39.8
0.0,0.511,39.8
0.0,0.47,39.8
0.0,0.434,39.8
0.0,0.409,39.8
0.0,0.375,39.8
0.022,0.325,39.8
0.077,0.261,39.8
0.224,0.305,39.8
0.433,0.401,39.8
0.496,0.427,39.8
0.49,0.443,39.8
0.427,0.431,39.8
0.299,0.349,39.8
0.099,0.27,39.8
0.0,0.343,39.8
0.0,0.379,39.8
0.0,0.306,39.8
0.0,0.208,39.8
0.0,0.134,39.8
0.0,0.113,39.8
0.0,0.115,39.8
0.0,0.133,39.8
0.0,0.144,39.8
0.0,0.154,39.8
0.0,0.186,39.8
0.0,0.201,39.8
0.0,0.189,39.8
0.0,0.179,39.8
0.0,0.195,39.8
0.0,0.193,39.8
0.037,0.179,39.8
0.133,0.187,39.8
0.284,0.219,39.8
0.484,0.277,39.8
0.568,0.297,39.8
0.506,0.3,39.8
0.342,0.277,39.8
0.132,0.272,39.8
0.0,0.379,39.8
0.0,0.494,39.8
0.0,0.531,39.8
0.0,0.508,39.8
0.0,0.48,39.8
0.0,0.457,39.8
0.0,0.439,39.8
0.0,0.427,39.8
0.0,0.409,39.8
0.0,0.396,39.8
0.0,0.379,39.8
0.0,0.374,39.8
0.0,0.367,39.8
0.0,0.364,39.8
0.0,0.337,39.8
0.036,0.28,39.8
0.214,0.203,39.8
0.382,0.225,39.8
0.499,0.263,39.8
0.525,0.264,39.8
0.452,0.239,39.8
0.393,0.214,39.8
0.271,0.195,39.8
0.102,0.202,39.8
0.0,0.278,39.8
0.0,0.353,39.8
0.0,0.387,39.8
0.0,0.381,39.8
0.0,0.362,39.8
0.0,0.337,39.8
0.0,0.32,39.8
0.0,0.314,39.8
0.0,0.312,39.8
0.0,0.311,39.8
0.0,0.309,39.8
0.0,0.316,39.8
0.0,0.332,39.8
0.0,0.344,39.8
0.0,0.352,39.8
0.103,0.301,39.8
0.331,0.147,39.8
0.515,0.068,39.8
0.611,0.054,39.8
0.645,0.069,39.8
0.621,0.084,39.8
0.541,0.093,39.8
0.399,0.09,39.8
0.193,0.099,39.8
0.009,0.133,39.8
0.0,0.202,39.8
0.0,0.28,39.8
0.0,0.341,39.8
0.0,0.376,39.8
0.0,0.394,39.8
0.0,0.407,39.8
0.0,0.414,39.8
0.0,0.42,39.8
0.0,0.428,39.8
0.0,0.434,39.8
0.0,0.432,39.8
0.0,0.427,39.8
0.0,0.421,39.8
0.0,0.421,39.8
0.152,0.376,39.8
0.369,0.209,39.8
0.532,0.125,39.8
0.621,0.111,39.8
0.65,0.169,39.8
0.626,0.201,39.8
0.547,0.197,39.8
0.409,0.187,39.8
0.204,0.229,39.8
0.014,0.313,39.8
0.0,0.425,39.8
0.0,0.519,39.8
0.0,0.566,39.8
0.0,0.571,39.8
0.0,0.559,39.8
0.0,0.545,39.8
0.0,0.535,39.8
0.0,0.527,39.8
0.0,0.516,39.8
0.0,0.493,39.8
0.0,0.473,39.8
0.0,0.46,39.8
0.0,0.436,39.8
0.0,0.379,39.8
0.03,0.302,39.8
0.307,0.214,39.8
0.527,0.184,39.8
0.616,0.231,39.8
0.645,0.205,39.8
0.615,0.197,39.8
0.53,0.18,39.8
0.381,0.157,39.8
0.176,0.18,39.8
0.011,0.248,39.8
0.0,0.328,39.8
0.0,0.404,39.8
0.0,0.45,39.8
0.0,0.464,39.8
0.0,0.457,39.8
0.0,0.444,39.8
0.0,0.436,39.8
0.0,0.43,39.8
0.0,0.432,39.8
0.0,0.444,39.8
0.0,0.464,39.8
0.0,0.483,39.8
0.0,0.491,39.8
0.0,0.496,39.8
0.131,0.436,39.8
0.35,0.3,39.8
0.498,0.254,39.8
0.588,0.383,39.8
0.63,0.434,39.8
0.608,0.473,39.8
0.523,0.46,39.8
0.385,0.422,39.8
0.19,0.48,39.8
0.017,0.571,39.8
0.0,0.635,39.8
0.0,0.638,39.8
0.0,0.618,39.8
0.0,0.586,39.8
0.0,0.559,39.8
0.0,0.531,39.8
0.0,0.503,39.8
0.0,0.485,39.8
0.0,0.486,39.8
0.0,0.495,39.8
0.0,0.494,39.8
0.0,0.481,39.8
0.0,0.454,39.8
0.0,0.425,39.8
0.107,0.341,39.8
0.291,0.21,39.8
0.47,0.164,39.8
0.573,0.187,39.8
0.607,0.196,39.8
0.582,0.225,39.8
0.502,0.237,39.8
0.364,0.235,39.8
0.175,0.251,39.8
0.012,0.314,39.8
0.0,0.403,39.8
0.0,0.465,39.8
0.0,0.47,39.8
0.0,0.447,39.8
0.0,0.413,39.8
0.0,0.364,39.8
0.0,0.323,39.8
0.0,0.302,39.8
0.0,0.297,39.8
0.0,0.299,39.8
0.0,0.296,39.8
0.0,0.284,39.8
0.0,0.272,39.8
0.0,0.278,39.8
0.009,0.323,39.8
0.147,0.425,39.8
0.449,0.489,39.8
0.612,0.52,39.8
0.626,0.523,39.8
0.597,0.528,39.8
0.501,0.537,39.8
0.279,0.506,39.8
0.081,0.419,39.8
0.0,0.379,39.8
0.0,0.382,39.8
0.0,0.395,39.8
0.0,0.396,39.8
0.0,0.391,39.8
0.0,0.403,39.8
0.0,0.407,39.8
0.0,0.389,39.8
0.0,0.365,39.8
0.0,0.347,39.8
0.0,0.341,39.8
0.0,0.353,39.8
0.0,0.352,39.8
0.0,0.31,39.8
0.0,0.273,39.8
0.032,0.265,39.8
0.174,0.274,39.8
0.419,0.291,39.8
0.509,0.325,39.8
0.547,0.323,39.8
0.554,0.325,39.8
0.516,0.342,39.8
0.391,0.343,39.8
0.201,0.294,39.8
0.025,0.293,39.8
0.0,0.355,39.8
0.0,0.431,39.8
0.0,0.485,39.8
0.0,0.509,39.8
0.0,0.519,39.8
0.0,0.522,39.8
0.0,0.488,39.8
0.0,0.426,39.8
0.0,0.376,39.8
0.0,0.365,39.8
0.0,0.378,39.8
0.0,0.374,39.8
0.0,0.336,39.8
0.0,0.283,39.8
0.014,0.259,39.8
0.198,0.266,39.8
0.46,0.294,39.8
0.585,0.342,39.8
0.607,0.352,39.8
0.516,0.358,39.8
0.406,0.364,39.8
0.262,0.355,39.8
0.124,0.325,39.8
0.009,0.336,39.8
0.0,0.359,39.8
0.0,0.346,39.8
0.0,0.31,39.8
0.0,0.27,39.8
0.0,0.256,39.8
0.0,0.264,39.8
0.0,0.251,39.8
0.0,0.193,39.8
0.0,0.134,39.8
0.0,0.093,39.8
0.0,0.061,39.8
0.0,0.036,39.8
0.0,0.017,39.8
0.0,0.006,39.8
0.016,0.002,39.8
0.065,0.001,39.8
0.14,0.001,39.8
0.242,0.006,39.8
0.378,0.027,39.8
0.491,0.055,39.8
0.474,0.065,39.8
0.361,0.083,39.8
0.194,0.104,39.8
0.027,0.144,39.8
0.0,0.197,39.8
0.0,0.244,39.8
0.0,0.284,39.8
0.0,0.332,39.8
0.0,0.381,39.8
0.0,0.41,39.8
0.0,0.407,39.8
0.0,0.385,39.8
0.0,0.35,39.8
0.0,0.312,39.8
0.0,0.271,39.8
0.0,0.247,39.8
0.0,0.233,39.8
0.0,0.212,39.8
0.104,0.165,39.8
0.375,0.09,39.8
0.547,0.094,39.8
0.635,0.117,39.8
0.668,0.118,39.8
0.644,0.119,39.8
0.571,0.118,39.8
0.442,0.127,39.8
0.252,0.154,39.8
0.045,0.259,39.8
0.0,0.401,39.8
0.0,0.48,39.8
0.0,0.479,39.8
0.0,0.429,39.8
0.0,0.352,39.8
0.0,0.274,39.8
0.0,0.207,39.8
0.0,0.159,39.8
0.0,0.133,39.8
0.0,0.123,39.8
0.0,0.136,39.8
0.0,0.147,39.8
0.0,0.126,39.8
0.001,0.085,39.8
0.204,0.046,39.8
0.425,0.019,39.8
0.572,0.015,39.8
0.656,0.023,39.8
0.683,0.024,39.8
0.658,0.018,39.8
0.578,0.011,39.8
0.439,0.007,39.8
0.242,0.012,39.8
0.037,0.041,39.8
0.0,0.101,39.8
0.0,0.172,39.8
0.0,0.22,39.8
0.0,0.227,39.8
0.0,0.198,39.8
0.0,0.161,39.8
0.0,0.143,39.8
0.0,0.14,39.8
0.0,0.147,39.8
0.0,0.156,39.8
0.0,0.16,39.8
0.0,0.158,39.8
0.0,0.147,39.8
0.002,0.133,39.8
0.205,0.116,39.8
0.41,0.054,39.8
0.558,0.014,39.8
0.643,0.015,39.8
0.673,0.035,39.8
0.651,0.05,39.8
0.578,0.055,39.8
0.449,0.042,39.8
0.263,0.031,39.8
0.055,0.046,39.8
0.0,0.1,39.8
0.0,0.179,39.8
0.0,0.248,39.8
0.0,0.281,39.8
0.0,0.281,39.8
0.0,0.274,39.8
0.0,0.274,39.8
0.0,0.281,39.8
0.0,0.285,39.8
0.0,0.266,39.8
0.0,0.226,39.8
0.0,0.183,39.8
0.0,0.145,39.8
0.004,0.12,39.8
0.211,0.107,39.8
0.416,0.06,39.8
0.559,0.026,39.8
0.643,0.017,39.8
0.672,0.026,39.8
0.652,0.035,39.8
0.58,0.039,39.8
0.454,0.038,39.8
0.267,0.042,39.8
0.054,0.06,39.8
0.0,0.097,39.8
0.0,0.147,39.8
0.0,0.202,39.8
0.0,0.248,39.8
0.0,0.265,39.8
0.0,0.272,39.8
0.0,0.275,39.8
0.0,0.29,39.8
0.0,0.33,39.8
0.0,0.379,39.8
0.0,0.408,39.8
0.0,0.419,39.8
0.0,0.419,39.8
0.006,0.409,39.8
0.216,0.292,39.8
0.421,0.13,39.8
0.566,0.078,39.8
0.648,0.099,39.8
0.677,0.101,39.8
0.655,0.109,39.8
0.581,0.12,39.8
0.452,0.128,39.8
0.266,0.145,39.8
0.054,0.181,39.8
0.0,0.201,39.8
0.0,0.209,39.8
0.0,0.219,39.8
0.0,0.23,39.8
0.0,0.252,39.8
0.0,0.281,39.8
0.0,0.307,39.8
0.0,0.309,39.8
0.0,0.272,39.8
0.0,0.237,39.8
0.0,0.202,39.8
0.0,0.183,39.8
0.0,0.181,39.8
0.0,0.18,39.8
0.019,0.179,39.8
0.122,0.203,39.8
0.38,0.297,39.8
0.548,0.467,39.8
0.602,0.653,39.8
0.602,0.734,39.8
0.438,0.754,39.8
0.167,0.732,39.8
0.056,0.644,39.8
0.004,0.605,39.8
0.0,0.635,39.8
0.0,0.618,39.8
0.0,0.584,39.8
0.0,0.538,39.8
0.0,0.449,39.8
0.0,0.391,39.8
0.0,0.365,39.8
0.0,0.362,39.8
0.0,0.355,39.8
0.0,0.355,39.8
0.0,0.339,39.8
0.0,0.344,39.8
0.0,0.325,39.8
0.0,0.348,39.8
0.006,0.346,39.8
0.037,0.337,39.8
0.081,0.315,39.8
0.175,0.283,39.8
0.203,0.239,39.8
0.24,0.204,39.8
0.167,0.207,39.8
0.132,0.232,39.8
0.061,0.214,39.8
0.009,0.167,39.8
0.0,0.153,39.8
0.0,0.125,39.8
0.0,0.097,39.8
0.0,0.078,39.8
0.0,0.084,39.8
0.0,0.127,39.8
0.0,0.183,39.8
0.0,0.225,39.8
0.0,0.251,39.8
0.0,0.282,39.8
0.0,0.298,39.8
0.0,0.302,39.8
0.0,0.3,39.8
0.0,0.293,39.8
0.021,0.291,39.8
0.107,0.264,39.8
0.307,0.354,39.8
0.398,0.44,39.8
0.29,0.442,39.8
0.177,0.459,39.8
0.075,0.496,39.8
0.024,0.483,39.8
0.022,0.522,39.8
0.01,0.574,39.8
0.0,0.651,39.8
0.0,0.656,39.8
0.0,0.63,39.8
0.0,0.645,39.8
0.0,0.673,39.8
0.0,0.717,39.8
0.0,0.741,39.8
0.0,0.748,39.8
0.0,0.755,39.8
0.0,0.778,39.8
0.0,0.803,39.8
0.0,0.829,39.8
0.0,0.824,39.8
0.0,0.813,39.8
0.002,0.831,39.8
0.017,0.855,39.8
0.035,0.875,39.8
0.053,0.881,39.8
0.131,0.879,39.8
0.193,0.881,39.8
0.204,0.877,39.8
0.183,0.856,39.8
0.041,0.839,39.8
0.009,0.852,39.8
0.0,0.894,39.8
0.0,0.934,39.8
0.0,0.953,39.8
0.0,0.967,39.8
0.0,0.97,39.8
0.0,0.958,39.8
0.0,0.955,39.8
0.0,0.948,39.8
0.0,0.94,39.8
0.0,0.925,39.8
0.0,0.919,39.8
0.0,0.922,39.8
0.0,0.935,39.8
0.0,0.946,39.8
0.041,0.94,39.8
0.034,0.914,39.8
0.043,0.836,39.8
0.118,0.788,39.8
0.471,0.824,39.8
0.533,0.867,39.8
0.475,0.874,39.8
0.368,0.878,39.8
0.175,0.866,39.8
0.025,0.826,39.8
0.0,0.827,39.8
0.0,0.852,39.8
0.0,0.866,39.8
0.0,0.859,39.8
0.0,0.851,39.8
0.0,0.834,39.8
0.0,0.81,39.8
0.0,0.792,39.8
0.0,0.772,39.8
0.0,0.754,39.8
0.0,0.742,39.8
0.0,0.668,39.8
0.0,0.586,39.8
0.0,0.529,39.8
0.041,0.493,39.8
0.143,0.513,39.8
0.257,0.494,39.8
0.507,0.508,39.8
0.555,0.543,39.8
0.544,0.568,39.8
0.523,0.573,39.8
0.359,0.54,39.8
0.178,0.459,39.8
0.021,0.425,39.8
0.0,0.457,39.8
0.0,0.46,39.8
0.0,0.449,39.8
0.0,0.435,39.8
0.0,0.433,39.8
0.0,0.449,39.8
0.0,0.472,39.8
0.0,0.481,39.8
0.0,0.516,39.8
0.0,0.53,39.8
0.0,0.538,39.8
0.0,0.59,39.8
0.0,0.663,39.8
0.0,0.802,39.8
0.014,0.808,39.8
0.056,0.768,39.8
0.086,0.751,39.8
0.068,0.733,39.8
0.085,0.682,39.8
0.112,0.682,39.8
0.065,0.711,39.8
0.027,0.758,39.8
0.007,0.791,39.8
0.0,0.77,39.8
0.0,0.739,39.8
0.0,0.701,39.8
0.0,0.697,39.8
0.0,0.637,39.8
0.0,0.629,39.8
0.0,0.685,39.8
0.0,0.674,39.8
0.0,0.614,39.8
0.0,0.476,39.8
0.0,0.395,39.8
0.0,0.385,39.8
0.0,0.491,39.8
0.0,0.649,39.8
0.0,0.746,39.8
0.02,0.777,39.8
0.126,0.791,39.8
0.453,0.856,39.8
0.447,0.886,39.8
0.277,0.906,39.8
0.202,0.918,39.8
0.185,0.924,39.8
0.123,0.93,39.8
0.119,0.936,39.8
0.048,0.941,39.8
0.0,0.945,39.8
0.0,0.951,39.8
0.0,0.959,39.8
0.0,0.961,39.8
0.0,0.958,39.8
0.0,0.937,39.8
0.0,0.888,39.8
0.0,0.818,39.8
0.0,0.746,39.8
0.0,0.663,39.8
0.0,0.576,39.8
0.0,0.473,39.8
0.0,0.402,39.8
0.015,0.362,39.8
0.191,0.276,39.8
0.423,0.356,39.8
0.567,0.351,39.8
0.611,0.323,39.8
0.622,0.292,39.8
0.574,0.312,39.8
0.526,0.391,39.8
0.373,0.482,39.8
0.057,0.485,39.8
0.001,0.506,39.8
0.0,0.512,39.8
0.0,0.528,39.8
0.0,0.538,39.8
0.0,0.637,39.8
0.0,0.741,39.8
0.0,0.863,39.8
0.0,0.926,39.8
0.0,0.934,39.8
0.0,0.874,39.8
0.0,0.791,39.8
0.0,0.753,39.8
0.0,0.702,39.8
0.0,0.661,39.8
0.01,0.602,39.8
0.105,0.635,39.8
0.15,0.725,39.8
0.201,0.734,39.8
0.335,0.796,39.8
0.495,0.886,39.8
0.55,0.948,39.8
0.342,0.968,39.8
0.233,0.971,39.8
0.147,0.963,39.8
0.044,0.926,39.8
0.0,0.855,39.8
0.0,0.784,39.8
0.0,0.725,39.8
0.0,0.583,39.8
0.0,0.583,39.8
0.0,0.438,39.8
0.0,0.343,39.8
0.0,0.308,39.8
0.0,0.227,39.8
0.0,0.127,39.8
0.0,0.117,39.8
0.0,0.202,39.8
0.0,0.325,39.8
0.0,0.516,39.8
0.011,0.751,39.8
0.069,0.914,39.8
0.075,0.971,39.8
0.081,0.991,39.8
0.161,0.991,39.8
0.218,0.985,39.8
0.22,0.969,39.8
0.155,0.964,39.8
0.132,0.982,39.8
0.063,0.979,39.8
0.0,0.946,39.8
0.0,0.922,39.8
0.0,0.889,39.8
0.0,0.836,39.8
0.0,0.795,39.8
0.0,0.778,39.8
0.0,0.731,39.8
0.0,0.727,39.8
0.0,0.785,39.8
0.0,0.828,39.8
0.0,0.821,39.8
0.0,0.82,39.8
0.0,0.841,39.8
0.0,0.854,39.8
0.027,0.851,39.8
0.129,0.865,39.8
0.22,0.893,39.8
0.241,0.881,39.8
0.474,0.875,39.8
0.52,0.887,39.8
0.436,0.887,39.8
0.363,0.868,39.8
0.256,0.814,39.8
0.086,0.691,39.8
0.0,0.571,39.8
0.0,0.494,39.8
0.0,0.425,39.8
0.0,0.376,39.8
0.0,0.4,39.8
0.0,0.463,39.8
0.0,0.47,39.8
0.0,0.488,39.8
0.0,0.491,39.8
0.0,0.482,39.8
0.0,0.491,39.8
0.0,0.538,39.8
0.0,0.605,39.8
0.004,0.645,39.8
0.048,0.676,39.8
0.099,0.774,39.8
0.172,0.899,39.8
0.287,0.935,39.8
0.347,0.959,39.8
0.348,0.964,39.8
0.244,0.964,39.8
0.13,0.966,39.8
0.047,0.971,39.8
0.002,0.976,39.8
0.0,0.974,39.8
0.0,0.93,39.8
0.0,0.9,39.8
0.0,0.846,39.8
0.0,0.799,39.8
0.0,0.812,39.8
0.0,0.832,39.8
0.0,0.889,39.8
0.0,0.916,39.8
0.0,0.924,39.8
0.0,0.923,39.8
0.0,0.921,39.8
0.0,0.92,39.8
0.025,0.919,39.8
0.095,0.924,39.8
0.117,0.93,39.8
0.216,0.937,39.8
0.287,0.949,39.8
0.226,0.948,39.8
0.177,0.934,39.8
0.169,0.919,39.8
0.128,0.903,39.8
0.083,0.883,39.8
0.027,0.86,39.8
0.0,0.842,39.8
0.0,0.813,39.8
0.0,0.777,39.8
0.0,0.768,39.8
0.0,0.746,39.8
0.0,0.731,39.8
0.0,0.663,39.8
0.0,0.61,39.8
0.0,0.539,39.8
0.0,0.529,39.8
0.0,0.532,39.8
0.0,0.552,39.8
0.0,0.634,39.8
0.0,0.711,39.8
0.005,0.812,39.8
0.016,0.903,39.8
0.051,0.946,39.8
0.094,0.966,39.8
0.099,0.969,39.8
0.131,0.967,39.8
0.214,0.959,39.8
0.19,0.952,39.8
0.196,0.93,39.8
0.096,0.869,39.8
0.0,0.795,39.8
0.0,0.743,39.8
0.0,0.703,39.8
0.0,0.668,39.8
0.0,0.591,39.8
0.0,0.549,39.8
0.0,0.539,39.8
0.0,0.51,39.8
0.0,0.519,39.8
0.0,0.488,39.8
0.0,0.362,39.8
0.0,0.355,39.8
0.0,0.466,39.8
0.0,0.626,39.8
0.01,0.857,39.8
0.045,0.895,39.8
0.1,0.919,39.8
0.162,0.936,39.8
0.207,0.942,39.8
0.129,0.938,39.8
0.104,0.933,39.8
0.075,0.93,39.8
0.046,0.917,39.8
0.012,0.894,39.8
0.0,0.855,39.8
0.0,0.813,39.8
0.0,0.744,39.8
0.0,0.695,39.8
0.0,0.663,39.8
0.0,0.608,39.8
0.0,0.578,39.8
0.0,0.568,39.8
0.0,0.512,39.8
0.0,0.494,39.8
0.0,0.467,39.8
0.0,0.585,39.8
0.0,0.787,39.8
0.0,0.89,39.8
0.029,0.9,39.8
0.121,0.905,39.8
0.304,0.946,39.8
0.403,0.959,39.8
0.474,0.967,39.8
0.36,0.971,39.8
0.315,0.969,39.8
0.348,0.968,39.8
0.199,0.962,39.8
0.075,0.942,39.8
0.0,0.922,39.8
0.0,0.908,39.8
0.0,0.898,39.8
0.0,0.896,39.8
0.0,0.905,39.8
0.0,0.917,39.8
0.0,0.932,39.8
0.0,0.935,39.8
0.0,0.936,39.8
0.0,0.936,39.8
0.0,0.908,39.8
0.0,0.831,39.8
0.0,0.686,39.8
0.025,0.468,39.8
0.149,0.471,39.8
0.311,0.644,39.8
0.409,0.68,39.8
0.446,0.701,39.8
0.437,0.717,39.8
0.458,0.729,39.8
0.359,0.742,39.8
0.23,0.737,39.8
0.124,0.65,39.8
0.061,0.535,39.8
0.0,0.468,39.8
0.0,0.488,39.8
0.0,0.543,39.8
0.0,0.528,39.8
0.0,0.498,39.8
0.0,0.488,39.8
0.0,0.457,39.8
0.0,0.413,39.8
0.0,0.352,39.8
0.0,0.332,39.8
0.0,0.317,39.8
0.0,0.289,39.8
0.0,0.257,39.8
0.022,0.224,39.8
0.158,0.191,39.8
0.327,0.26,39.8
0.564,0.279,39.8
0.619,0.289,39.8
0.65,0.296,39.8
0.586,0.311,39.8
0.529,0.311,39.8
0.442,0.289,39.8
0.321,0.251,39.8
0.15,0.195,39.8
0.003,0.166,39.8
0.0,0.12,39.8
0.0,0.063,39.8
0.0,0.024,39.8
0.0,0.006,39.8
0.0,0.002,39.8
0.0,0.008,39.8
0.0,0.024,39.8
0.0,0.048,39.8
0.0,0.069,39.8
0.0,0.086,39.8
0.0,0.108,39.8
0.0,0.141,39.8
0.072,0.167,39.8
0.26,0.118,39.8
0.446,0.082,39.8
0.566,0.077,39.8
0.642,0.086,39.8
0.617,0.1,39.8
0.533,0.103,39.8
0.444,0.098,39.8
0.381,0.089,39.8
0.284,0.085,39.8
0.113,0.082,39.8
0.002,0.09,39.8
0.0,0.106,39.8
0.0,0.145,39.8
0.0,0.198,39.8
0.0,0.243,39.8
0.0,0.282,39.8
0.0,0.309,39.8
0.0,0.308,39.8
0.0,0.299,39.8
0.0,0.303,39.8
0.0,0.289,39.8
0.0,0.27,39.8
0.0,0.255,39.8
0.017,0.225,39.8
0.077,0.156,39.8
0.151,0.131,39.8
0.182,0.148,39.8
0.187,0.164,39.8
0.276,0.175,39.8
0.449,0.163,39.8
0.446,0.143,39.8
0.259,0.122,39.8
0.179,0.102,39.8
0.061,0.085,39.8
0.0,0.077,39.8
0.0,0.069,39.8
0.0,0.067,39.8
0.0,0.067,39.8
0.0,0.071,39.8
0.0,0.075,39.8
0.0,0.074,39.8
0.0,0.067,39.8
0.0,0.059,39.8
0.0,0.059,39.8
0.0,0.067,39.8
0.0,0.076,39.8
0.0,0.078,39.8
0.018,0.069,39.8
0.085,0.049,39.8
0.244,0.04,39.8
0.492,0.051,39.8
0.623,0.048,39.8
0.653,0.035,39.8
0.629,0.025,39.8
0.574,0.019,39.8
0.466,0.013,39.8
0.304,0.014,39.8
0.124,0.028,39.8
0.004,0.095,39.8
0.0,0.179,39.8
0.0,0.239,39.8
0.0,0.264,39.8
0.0,0.254,39.8
0.0,0.223,39.8
0.0,0.168,39.8
0.0,0.116,39.8
0.0,0.076,39.8
0.0,0.053,39.8
0.0,0.043,39.8
0.0,0.046,39.8
0.0,0.058,39.8
0.032,0.065,39.8
0.17,0.053,39.8
0.41,0.035,39.8
0.585,0.041,39.8
0.682,0.069,39.8
0.716,0.081,39.8
0.697,0.087,39.8
0.634,0.096,39.8
0.521,0.105,39.8
0.36,0.11,39.8
0.164,0.115,39.8
0.009,0.152,39.8
0.0,0.196,39.8
0.0,0.239,39.8
0.0,0.263,39.8
0.0,0.243,39.8
0.0,0.174,39.8
0.0,0.09,39.8
0.0,0.045,39.8
0.0,0.05,39.8
0.0,0.07,39.8
0.0,0.08,39.8
0.0,0.074,39.8
0.0,0.077,39.8
0.008,0.084,39.8
0.048,0.072,39.8
0.104,0.057,39.8
0.216,0.05,39.8
0.228,0.06,39.8
0.228,0.078,39.8
0.233,0.104,39.8
0.206,0.144,39.8
0.181,0.195,39.8
0.121,0.24,39.8
0.047,0.261,39.8
0.0,0.312,39.8
0.0,0.391,39.8
0.0,0.408,39.8
0.0,0.387,39.8
0.0,0.361,39.8
0.0,0.334,39.8
0.0,0.314,39.8
0.0,0.291,39.8
0.0,0.263,39.8
0.0,0.229,39.8
0.0,0.197,39.8
0.0,0.163,39.8
0.0,0.132,39.8
0.044,0.084,39.8
0.224,0.055,39.8
0.424,0.045,39.8
0.595,0.059,39.8
0.669,0.098,39.8
0.703,0.144,39.8
0.731,0.176,39.8
0.677,0.172,39.8
0.559,0.167,39.8
0.39,0.186,39.8
0.183,0.205,39.8
0.014,0.231,39.8
0.0,0.234,39.8
0.0,0.208,39.8
0.0,0.235,39.8
0.0,0.356,39.8
0.0,0.474,39.8
0.0,0.528,39.8
0.0,0.593,39.8
0.0,0.596,39.8
0.0,0.586,39.8
0.0,0.59,39.8
0.0,0.603,39.8
0.0,0.579,39.8
0.083,0.543,39.8
0.29,0.718,39.8
0.4,0.836,39.8
0.455,0.859,39.8
0.564,0.866,39.8
0.648,0.865,39.8
0.662,0.859,39.8
0.592,0.862,39.8
0.455,0.86,39.8
0.292,0.835,39.8
0.095,0.754,39.8
0.002,0.648,39.8
0.0,0.61,39.8
0.0,0.558,39.8
0.0,0.504,39.8
0.0,0.457,39.8
0.0,0.413,39.8
0.0,0.362,39.8
0.0,0.314,39.8
0.0,0.278,39.8
0.0,0.259,39.8
0.0,0.245,39.8
0.0,0.235,39.8
0.0,0.227,39.8
0.067,0.178,39.8
0.204,0.158,39.8
0.366,0.151,39.8
0.407,0.124,39.8
0.446,0.112,39.8
0.541,0.126,39.8
0.51,0.155,39.8
0.343,0.186,39.8
0.323,0.209,39.8
0.296,0.227,39.8
0.148,0.244,39.8
0.011,0.262,39.8
0.0,0.278,39.8
0.0,0.251,39.8
0.0,0.214,39.8
0.0,0.171,39.8
0.0,0.135,39.8
0.0,0.116,39.8
0.0,0.104,39.8
0.0,0.088,39.8
0.0,0.067,39.8
0.0,0.05,39.8
0.0,0.039,39.8
0.0,0.029,39.8
0.089,0.019,39.8
0.283,0.017,39.8
0.478,0.025,39.8
0.609,0.026,39.8
0.692,0.026,39.8
0.727,0.028,39.8
0.716,0.035,39.8
0.651,0.045,39.8
0.52,0.058,39.8
0.317,0.075,39.8
0.123,0.107,39.8
0.009,0.167,39.8
0.0,0.237,39.8
0.0,0.25,39.8
0.0,0.216,39.8
0.0,0.166,39.8
0.0,0.119,39.8
0.0,0.085,39.8
0.0,0.067,39.8
0.0,0.061,39.8
0.0,0.062,39.8
0.0,0.061,39.8
0.0,0.057,39.8
0.0,0.05,39.8
0.06,0.038,39.8
0.206,0.028,39.8
0.382,0.026,39.8
0.51,0.021,39.8
0.511,0.017,39.8
0.533,0.014,39.8
0.537,0.015,39.8
0.482,0.019,39.8
0.369,0.025,39.8
0.261,0.032,39.8
0.143,0.045,39.8
0.018,0.099,39.8
0.0,0.181,39.8
0.0,0.233,39.8
0.0,0.239,39.8
0.0,0.223,39.8
0.0,0.207,39.8
0.0,0.188,39.8
0.0,0.165,39.8
0.0,0.142,39.8
0.0,0.122,39.8
0.0,0.113,39.8
0.0,0.113,39.8
0.0,0.114,39.8
0.091,0.089,39.8
0.271,0.035,39.8
0.488,0.02,39.8
0.617,0.018,39.8
0.695,0.023,39.8
0.725,0.036,39.8
0.706,0.05,39.8
0.643,0.063,39.8
0.533,0.077,39.8
0.377,0.083,39.8
0.183,0.069,39.8
0.021,0.062,39.8
0.0,0.083,39.8
0.0,0.121,39.8
0.0,0.167,39.8
0.0,0.218,39.8
0.0,0.27,39.8
0.0,0.314,39.8
0.0,0.341,39.8
0.0,0.345,39.8
0.0,0.332,39.8
0.0,0.31,39.8
0.0,0.294,39.8
0.0,0.283,39.8
0.107,0.212,39.8
0.305,0.113,39.8
0.483,0.092,39.8
0.598,0.115,39.8
0.676,0.125,39.8
0.707,0.129,39.8
0.682,0.132,39.8
0.619,0.131,39.8
0.507,0.121,39.8
0.341,0.101,39.8
0.159,0.079,39.8
0.018,0.09,39.8
0.0,0.126,39.8
0.0,0.185,39.8
0.0,0.253,39.8
0.0,0.295,39.8
0.0,0.311,39.8
0.0,0.314,39.8
0.0,0.306,39.8
0.0,0.3,39.8
0.0,0.291,39.8
0.0,0.274,39.8
0.0,0.289,39.8
0.0,0.305,39.8
0.051,0.32,39.8
0.171,0.384,39.8
0.298,0.469,39.8
0.353,0.497,39.8
0.43,0.49,39.8
0.51,0.468,39.8
0.557,0.436,39.8
0.555,0.407,39.8
0.473,0.394,39.8
0.313,0.404,39.8
0.144,0.422,39.8
0.021,0.453,39.8
0.0,0.516,39.8
0.0,0.532,39.8
0.0,0.535,39.8
0.0,0.525,39.8
0.0,0.52,39.8
0.0,0.513,39.8
0.0,0.498,39.8
0.0,0.484,39.8
0.0,0.474,39.8
0.0,0.429,39.8
0.0,0.381,39.8
0.0,0.334,39.8
0.107,0.25,39.8
0.303,0.246,39.8
0.485,0.217,39.8
0.621,0.233,39.8
0.698,0.235,39.8
0.726,0.206,39.8
0.708,0.176,39.8
0.644,0.148,39.8
0.531,0.133,39.8
0.373,0.133,39.8
0.185,0.154,39.8
0.028,0.251,39.8
0.0,0.368,39.8
0.0,0.43,39.8
0.0,0.437,39.8
0.0,0.442,39.8
0.0,0.464,39.8
0.0,0.494,39.8
0.0,0.515,39.8
0.0,0.518,39.8
0.0,0.508,39.8
0.0,0.479,39.8
0.0,0.442,39.8
0.0,0.407,39.8
0.057,0.311,39.8
0.161,0.248,39.8
0.202,0.271,39.8
0.217,0.334,39.8
0.239,0.4,39.8
0.237,0.448,39.8
0.203,0.484,39.8
0.198,0.525,39.8
0.204,0.58,39.8
0.101,0.513,39.8
0.044,0.471,39.8
0.004,0.528,39.8
0.0,0.491,39.8
0.0,0.36,39.8
0.0,0.255,39.8
0.0,0.243,39.8
0.0,0.256,39.8
0.0,0.245,39.8
0.0,0.233,39.8
0.0,0.21,39.8
0.0,0.175,39.8
0.0,0.133,39.8
0.0,0.118,39.8
0.0,0.119,39.8
0.068,0.124,39.8
0.256,0.147,39.8
0.374,0.202,39.8
0.359,0.245,39.8
0.38,0.261,39.8
0.392,0.265,39.8
0.374,0.283,39.8
0.287,0.317,39.8
0.204,0.332,39.8
0.149,0.302,39.8
0.081,0.219,39.8
0.015,0.167,39.8
0.0,0.182,39.8
0.0,0.207,39.8
0.0,0.281,39.8
0.0,0.302,39.8
0.0,0.261,39.8
0.0,0.25,39.8
0.0,0.188,39.8
0.0,0.135,39.8
0.0,0.09,39.8
0.0,0.077,39.8
0.0,0.069,39.8
0.0,0.054,39.8
0.029,0.057,39.8
0.112,0.058,39.8
0.237,0.045,39.8
0.312,0.036,39.8
0.362,0.037,39.8
0.324,0.049,39.8
0.276,0.055,39.8
0.25,0.06,39.8
0.179,0.064,39.8
0.158,0.07,39.8
0.08,0.085,39.8
0.019,0.118,39.8
0.0,0.167,39.8
0.0,0.22,39.8
0.0,0.27,39.8
0.0,0.261,39.8
0.0,0.249,39.8
0.0,0.231,39.8
0.0,0.221,39.8
0.0,0.216,39.8
0.0,0.198,39.8
0.0,0.173,39.8
0.0,0.155,39.8
0.002,0.144,39.8
0.131,0.103,39.8
0.344,0.05,39.8
0.519,0.111,39.8
0.645,0.145,39.8
0.726,0.154,39.8
0.757,0.163,39.8
0.738,0.18,39.8
0.658,0.192,39.8
0.522,0.192,39.8
0.343,0.2,39.8
0.134,0.22,39.8
0.022,0.281,39.8
0.0,0.378,39.8
0.0,0.362,39.8
0.0,0.288,39.8
0.0,0.243,39.8
0.0,0.219,39.8
0.0,0.214,39.8
0.0,0.225,39.8
0.0,0.207,39.8
0.0,0.178,39.8
0.0,0.148,39.8
0.0,0.132,39.8
0.0,0.115,39.8
0.045,0.077,39.8
0.143,0.06,39.8
0.287,0.073,39.8
0.403,0.098,39.8
0.426,0.101,39.8
0.45,0.091,39.8
0.45,0.077,39.8
0.403,0.061,39.8
0.298,0.045,39.8
0.17,0.045,39.8
0.073,0.072,39.8
0.012,0.123,39.8
0.0,0.163,39.8
0.0,0.182,39.8
0.0,0.187,39.8
0.0,0.191,39.8
0.0,0.187,39.8
0.0,0.174,39.8
0.0,0.156,39.8
0.0,0.142,39.8
0.0,0.132,39.8
0.0,0.118,39.8
0.0,0.119,39.8
0.001,0.133,39.8
0.074,0.101,39.8
0.219,0.063,39.8
0.389,0.052,39.8
0.532,0.057,39.8
0.623,0.099,39.8
0.648,0.132,39.8
0.602,0.133,39.8
0.541,0.129,39.8
0.409,0.122,39.8
0.243,0.107,39.8
0.118,0.079,39.8
0.025,0.048,39.8
0.0,0.05,39.8
0.0,0.067,39.8
0.0,0.072,39.8
0.0,0.067,39.8
0.0,0.061,39.8
0.0,0.063,39.8
0.0,0.068,39.8
0.0,0.068,39.8
0.0,0.064,39.8
0.0,0.057,39.8
0.0,0.049,39.8
0.002,0.044,39.8
0.058,0.033,39.8
0.161,0.025,39.8
0.343,0.019,39.8
0.497,0.012,39.8
0.567,0.005,39.8
0.591,0.012,39.8
0.535,0.017,39.8
0.43,0.02,39.8
0.264,0.019,39.8
0.135,0.011,39.8
0.062,0.007,39.8
0.014,0.025,39.8
0.0,0.075,39.8
0.0,0.117,39.8
0.0,0.131,39.8
0.0,0.118,39.8
0.0,0.098,39.8
0.0,0.086,39.8
0.0,0.081,39.8
0.0,0.08,39.8
0.0,0.084,39.8
0.0,0.104,39.8
0.0,0.136,39.8
0.002,0.168,39.8
0.061,0.166,39.8
0.151,0.187,39.8
0.252,0.228,39.8
0.358,0.27,39.8
0.439,0.298,39.8
0.472,0.317,39.8
0.428,0.341,39.8
0.345,0.365,39.8
0.252,0.371,39.8
0.146,0.347,39.8
0.065,0.328,39.8
0.012,0.395,39.8
0.0,0.491,39.8
0.0,0.517,39.8
0.0,0.54,39.8
0.0,0.494,39.8
0.0,0.457,39.8
0.0,0.476,39.8
0.0,0.484,39.8
0.0,0.484,39.8
0.0,0.484,39.8
0.0,0.467,39.8
0.0,0.447,39.8
0.008,0.428,39.8
0.127,0.482,39.8
0.31,0.535,39.8
0.495,0.569,39.8
0.641,0.587,39.8
0.732,0.55,39.8
0.771,0.506,39.8
0.759,0.485,39.8
0.7,0.483,39.8
0.593,0.502,39.8
0.437,0.536,39.8
0.242,0.556,39.8
0.056,0.544,39.8
0.0,0.59,39.8
0.0,0.606,39.8
0.0,0.546,39.8
0.0,0.528,39.8
0.0,0.504,39.8
0.0,0.464,39.8
0.0,0.438,39.8
0.0,0.43,39.8
0.0,0.413,39.8
0.0,0.381,39.8
0.0,0.358,39.8
0.009,0.303,39.8
0.164,0.234,39.8
0.377,0.231,39.8
0.554,0.268,39.8
0.681,0.219,39.8
0.759,0.189,39.8
0.788,0.192,39.8
0.768,0.206,39.8
0.704,0.223,39.8
0.593,0.241,39.8
0.433,0.267,39.8
0.238,0.293,39.8
0.056,0.327,39.8
0.0,0.45,39.8
0.0,0.501,39.8
0.0,0.481,39.8
0.0,0.447,39.8
0.0,0.424,39.8
0.0,0.395,39.8
0.0,0.361,39.8
0.0,0.344,39.8
0.0,0.328,39.8
0.0,0.305,39.8
0.0,0.284,39.8
0.012,0.261,39.8
0.155,0.149,39.8
0.337,0.205,39.8
0.501,0.314,39.8
0.631,0.31,39.8
0.68,0.279,39.8
0.665,0.257,39.8
0.647,0.25,39.8
0.557,0.254,39.8
0.426,0.265,39.8
0.283,0.282,39.8
0.144,0.3,39.8
0.04,0.299,39.8
0.0,0.346,39.8
0.0,0.379,39.8
0.0,0.361,39.8
0.0,0.328,39.8
0.0,0.328,39.8
0.0,0.304,39.8
0.0,0.295,39.8
0.0,0.302,39.8
0.0,0.304,39.8
0.0,0.299,39.8
0.0,0.299,39.8
0.015,0.27,39.8
0.141,0.193,39.8
0.324,0.278,39.8
0.466,0.325,39.8
0.527,0.302,39.8
0.517,0.278,39.8
0.428,0.272,39.8
0.343,0.264,39.8
0.3,0.252,39.8
0.267,0.251,39.8
0.203,0.264,39.8
0.12,0.27,39.8
0.037,0.247,39.8
0.0,0.264,39.8
0.0,0.276,39.8
0.0,0.271,39.8
0.0,0.27,39.8
0.0,0.287,39.8
0.0,0.294,39.8
0.0,0.287,39.8
0.0,0.275,39.8
0.0,0.256,39.8
0.0,0.216,39.8
0.0,0.154,39.8
0.011,0.103,39.8
0.093,0.122,39.8
0.33,0.157,39.8
0.514,0.198,39.8
0.543,0.218,39.8
0.514,0.223,39.8
0.527,0.231,39.8
0.495,0.237,39.8
0.432,0.245,39.8
0.37,0.252,39.8
0.284,0.248,39.8
0.156,0.234,39.8
0.049,0.25,39.8
0.0,0.367,39.8
0.0,0.493,39.8
0.0,0.525,39.8
0.0,0.494,39.8
0.0,0.459,39.8
0.0,0.4,39.8
0.0,0.353,39.8
0.0,0.323,39.8
0.0,0.313,39.8
0.0,0.305,39.8
0.0,0.264,39.8
0.011,0.168,39.8
0.119,0.115,39.8
0.36,0.151,39.8
0.532,0.201,39.8
0.653,0.236,39.8
0.728,0.277,39.8
0.756,0.326,39.8
0.737,0.361,39.8
0.672,0.38,39.8
0.562,0.401,39.8
0.41,0.42,39.8
0.228,0.42,39.8
0.061,0.444,39.8
0.0,0.544,39.8
0.0,0.61,39.8
0.0,0.621,39.8
0.0,0.617,39.8
0.0,0.607,39.8
0.0,0.578,39.8
0.0,0.539,39.8
0.0,0.501,39.8
0.0,0.471,39.8
0.0,0.444,39.8
0.0,0.416,39.8
0.02,0.352,39.8
0.161,0.219,39.8
0.338,0.164,39.8
0.486,0.193,39.8
0.577,0.21,39.8
0.608,0.231,39.8
0.554,0.238,39.8
0.447,0.223,39.8
0.306,0.205,39.8
0.179,0.199,39.8
0.104,0.201,39.8
0.055,0.212,39.8
0.015,0.258,39.8
0.0,0.309,39.8
0.0,0.32,39.8
0.0,0.294,39.8
0.0,0.264,39.8
0.0,0.231,39.8
0.0,0.197,39.8
0.0,0.156,39.8
0.0,0.119,39.8
0.0,0.091,39.8
0.0,0.073,39.8
0.0,0.062,39.8
0.015,0.054,39.8
0.099,0.036,39.8
0.228,0.045,39.8
0.364,0.057,39.8
0.474,0.058,39.8
0.43,0.056,39.8
0.308,0.051,39.8
0.243,0.043,39.8
0.232,0.035,39.8
0.206,0.034,39.8
0.167,0.037,39.8
0.108,0.048,39.8
0.052,0.06,39.8
0.0,0.109,39.8
0.0,0.201,39.8
0.0,0.309,39.8
0.0,0.395,39.8
0.0,0.426,39.8
0.0,0.422,39.8
0.0,0.416,39.8
0.0,0.413,39.8
0.0,0.401,39.8
0.0,0.383,39.8
0.0,0.364,39.8
0.02,0.312,39.8
0.162,0.207,39.8
0.351,0.178,39.8
0.518,0.221,39.8
0.64,0.328,39.8
0.71,0.389,39.8
0.736,0.413,39.8
0.716,0.41,39.8
0.656,0.391,39.8
0.553,0.364,39.8
0.408,0.355,39.8
0.232,0.313,39.8
0.065,0.364,39.8
0.0,0.485,39.8
0.0,0.55,39.8
0.0,0.532,39.8
0.0,0.491,39.8
0.0,0.463,39.8
0.0,0.447,39.8
0.0,0.438,39.8
0.0,0.433,39.8
0.0,0.425,39.8
0.0,0.379,39.8
0.0,0.334,39.8
0.021,0.266,39.8
0.166,0.156,39.8
0.352,0.111,39.8
0.515,0.141,39.8
0.633,0.201,39.8
0.705,0.223,39.8
0.733,0.222,39.8
0.714,0.196,39.8
0.656,0.163,39.8
0.555,0.138,39.8
0.411,0.139,39.8
0.236,0.167,39.8
0.067,0.261,39.8
0.0,0.398,39.8
0.0,0.481,39.8
0.0,0.486,39.8
0.0,0.459,39.8
0.0,0.416,39.8
0.0,0.362,39.8
0.0,0.308,39.8
0.0,0.262,39.8
0.0,0.222,39.8
0.0,0.173,39.8
0.0,0.131,39.8
0.021,0.112,39.8
0.179,0.077,39.8
0.373,0.057,39.8
0.534,0.068,39.8
0.641,0.112,39.8
0.708,0.14,39.8
0.732,0.131,39.8
0.712,0.124,39.8
0.653,0.132,39.8
0.551,0.156,39.8
0.406,0.206,39.8
0.232,0.27,39.8
0.067,0.42,39.8
0.0,0.584,39.8
0.0,0.647,39.8
0.0,0.642,39.8
0.0,0.613,39.8
0.0,0.566,39.8
0.0,0.51,39.8
0.0,0.453,39.8
0.0,0.403,39.8
0.0,0.364,39.8
0.0,0.323,39.8
0.0,0.281,39.8
0.024,0.218,39.8
0.174,0.118,39.8
0.365,0.084,39.8
0.525,0.087,39.8
0.64,0.117,39.8
0.709,0.113,39.8
0.734,0.088,39.8
0.714,0.067,39.8
0.657,0.058,39.8
0.556,0.06,39.8
0.413,0.076,39.8
0.238,0.114,39.8
0.07,0.202,39.8
0.0,0.358,39.8
0.0,0.475,39.8
0.0,0.511,39.8
0.0,0.501,39.8
0.0,0.463,39.8
0.0,0.407,39.8
0.0,0.351,39.8
0.0,0.314,39.8
0.0,0.296,39.8
0.0,0.291,39.8
0.0,0.305,39.8
0.026,0.305,39.8
0.17,0.192,39.8
0.358,0.128,39.8
0.517,0.149,39.8
0.627,0.256,39.8
0.698,0.322,39.8
0.725,0.338,39.8
0.706,0.344,39.8
0.645,0.355,39.8
0.541,0.364,39.8
0.392,0.349,39.8
0.199,0.333,39.8
0.058,0.416,39.8
0.0,0.535,39.8
0.0,0.62,39.8
0.0,0.647,39.8
0.0,0.667,39.8
0.0,0.663,39.8
0.0,0.628,39.8
0.0,0.599,39.8
0.0,0.567,39.8
0.0,0.535,39.8
0.0,0.504,39.8
0.0,0.481,39.8
0.029,0.407,39.8
0.172,0.3,39.8
0.351,0.296,39.8
0.505,0.32,39.8
0.618,0.348,39.8
0.685,0.379,39.8
0.706,0.386,39.8
0.683,0.364,39.8
0.615,0.329,39.8
0.502,0.288,39.8
0.351,0.253,39.8
0.187,0.208,39.8
0.059,0.192,39.8
0.0,0.228,39.8
0.0,0.277,39.8
0.0,0.328,39.8
0.0,0.359,39.8
0.0,0.364,39.8
0.0,0.37,39.8
0.0,0.38,39.8
0.0,0.388,39.8
0.0,0.398,39.8
0.0,0.409,39.8
0.0,0.425,39.8
0.031,0.382,39.8
0.15,0.311,39.8
0.307,0.477,39.8
0.451,0.668,39.8
0.557,0.724,39.8
0.658,0.778,39.8
0.663,0.812,39.8
0.638,0.844,39.8
0.451,0.861,39.8
0.217,0.812,39.8
0.134,0.686,39.8
0.059,0.532,39.8
0.009,0.391,39.8
0.0,0.376,39.8
0.0,0.387,39.8
0.0,0.352,39.8
0.0,0.358,39.8
0.0,0.379,39.8
0.0,0.391,39.8
0.0,0.425,39.8
0.0,0.462,39.8
0.0,0.505,39.8
0.0,0.555,39.8
0.0,0.588,39.8
0.011,0.595,39.8
0.04,0.585,39.8
0.075,0.615,39.8
0.16,0.763,39.8
0.334,0.783,39.8
0.462,0.747,39.8
0.415,0.727,39.8
0.326,0.722,39.8
0.301,0.712,39.8
0.201,0.664,39.8
0.123,0.568,39.8
0.068,0.44,39.8
0.033,0.332,39.8
0.0,0.351,39.8
0.0,0.233,39.8
0.0,0.259,39.8
0.0,0.249,39.8
0.0,0.195,39.8
0.0,0.211,39.8
0.0,0.261,39.8
0.0,0.295,39.8
0.0,0.328,39.8
0.0,0.282,39.8
0.0,0.259,39.8
0.032,0.217,39.8
0.187,0.186,39.8
0.377,0.161,39.8
0.538,0.155,39.8
0.624,0.171,39.8
0.681,0.192,39.8
0.698,0.209,39.8
0.657,0.219,39.8
0.583,0.241,39.8
0.478,0.269,39.8
0.352,0.298,39.8
0.212,0.325,39.8
0.077,0.309,39.8
0.004,0.367,39.8
0.0,0.464,39.8
0.0,0.493,39.8
0.0,0.451,39.8
0.0,0.403,39.8
0.0,0.391,39.8
0.0,0.385,39.8
0.0,0.379,39.8
0.0,0.423,39.8
0.0,0.566,39.8
0.0,0.674,39.8
0.018,0.706,39.8
0.127,0.704,39.8
0.335,0.715,39.8
0.473,0.749,39.8
0.461,0.783,39.8
0.445,0.809,39.8
0.427,0.823,39.8
0.425,0.827,39.8
0.438,0.833,39.8
0.293,0.831,39.8
0.171,0.802,39.8
0.086,0.72,39.8
0.036,0.621,39.8
0.0,0.572,39.8
0.0,0.55,39.8
0.0,0.475,39.8
0.0,0.432,39.8
0.0,0.413,39.8
0.0,0.41,39.8
0.0,0.405,39.8
0.0,0.38,39.8
0.0,0.362,39.8
0.0,0.359,39.8
0.0,0.344,39.8
0.01,0.343,39.8
0.037,0.329,39.8
0.062,0.261,39.8
0.089,0.182,39.8
0.187,0.125,39.8
0.237,0.095,39.8
0.252,0.088,39.8
0.274,0.081,39.8
0.352,0.065,39.8
0.373,0.053,39.8
0.275,0.05,39.8
0.174,0.054,39.8
0.061,0.051,39.8
0.004,0.049,39.8
0.0,0.043,39.8
0.0,0.035,39.8
0.0,0.027,39.8
0.0,0.018,39.8
0.0,0.012,39.8
0.0,0.007,39.8
0.0,0.005,39.8
0.0,0.004,39.8
0.0,0.003,39.8
0.0,0.002,39.8
0.04,0.003,39.8
0.169,0.003,39.8
0.341,0.004,39.8
0.511,0.007,39.8
0.605,0.009,39.8
0.663,0.014,39.8
0.7,0.027,39.8
0.734,0.05,39.8
0.676,0.085,39.8
0.561,0.133,39.8
0.429,0.189,39.8
0.223,0.248,39.8
0.07,0.318,39.8
0.007,0.381,39.8
0.0,0.409,39.8
0.0,0.371,39.8
0.0,0.336,39.8
0.0,0.315,39.8
0.0,0.278,39.8
0.0,0.243,39.8
0.0,0.209,39.8
0.0,0.184,39.8
0.0,0.164,39.8
0.0,0.146,39.8
0.033,0.111,39.8
0.104,0.094,39.8
0.2,0.094,39.8
0.353,0.1,39.8
0.447,0.104,39.8
0.641,0.11,39.8
0.724,0.112,39.8
0.711,0.114,39.8
0.653,0.115,39.8
0.554,0.118,39.8
0.415,0.133,39.8
0.244,0.156,39.8
0.083,0.193,39.8
0.009,0.265,39.8
0.0,0.32,39.8
0.0,0.296,39.8
0.0,0.249,39.8
0.0,0.204,39.8
0.0,0.159,39.8
0.0,0.118,39.8
0.0,0.076,39.8
0.0,0.042,39.8
0.0,0.02,39.8
0.0,0.012,39.8
0.012,0.009,39.8
0.065,0.006,39.8
0.135,0.004,39.8
0.307,0.003,39.8
0.534,0.002,39.8
0.626,0.001,39.8
0.681,0.003,39.8
0.677,0.01,39.8
0.636,0.025,39.8
0.54,0.048,39.8
0.407,0.071,39.8
0.234,0.095,39.8
0.082,0.129,39.8
0.008,0.174,39.8
0.0,0.195,39.8
0.0,0.158,39.8
0.0,0.116,39.8
0.0,0.091,39.8
0.0,0.085,39.8
0.0,0.094,39.8
0.0,0.102,39.8
0.0,0.093,39.8
0.0,0.073,39.8
0.0,0.074,39.8
0.035,0.087,39.8
0.109,0.083,39.8
0.184,0.094,39.8
0.239,0.118,39.8
0.357,0.147,39.8
0.387,0.201,39.8
0.295,0.251,39.8
0.186,0.268,39.8
0.145,0.296,39.8
0.179,0.311,39.8
0.223,0.324,39.8
0.206,0.332,39.8
0.093,0.282,39.8
0.013,0.228,39.8
0.0,0.218,39.8
0.0,0.201,39.8
0.0,0.195,39.8
0.0,0.208,39.8
0.0,0.218,39.8
0.0,0.205,39.8
0.0,0.188,39.8
0.0,0.179,39.8
0.0,0.16,39.8
0.0,0.14,39.8
0.048,0.095,39.8
0.176,0.071,39.8
0.341,0.056,39.8
0.436,0.058,39.8
0.523,0.069,39.8
0.534,0.086,39.8
0.511,0.108,39.8
0.458,0.127,39.8
0.415,0.138,39.8
0.402,0.147,39.8
0.263,0.158,39.8
0.16,0.155,39.8
0.054,0.133,39.8
0.003,0.11,39.8
0.0,0.103,39.8
0.0,0.103,39.8
0.0,0.12,39.8
0.0,0.164,39.8
0.0,0.21,39.8
0.0,0.218,39.8
0.0,0.192,39.8
0.0,0.16,39.8
0.0,0.158,39.8
0.0,0.188,39.8
0.049,0.208,39.8
0.157,0.247,39.8
0.272,0.382,39.8
0.296,0.464,39.8
0.375,0.529,39.8
0.398,0.59,39.8
0.388,0.636,39.8
0.384,0.674,39.8
0.372,0.702,39.8
0.29,0.71,39.8
0.226,0.696,39.8
0.17,0.659,39.8
0.072,0.583,39.8
0.012,0.485,39.8
0.0,0.45,39.8
0.0,0.387,39.8
0.0,0.391,39.8
0.0,0.388,39.8
0.0,0.379,39.8
0.0,0.358,39.8
0.0,0.343,39.8
0.0,0.361,39.8
0.0,0.367,39.8
0.0,0.352,39.8
0.049,0.259,39.8
0.164,0.274,39.8
0.323,0.433,39.8
0.444,0.488,39.8
0.461,0.483,39.8
0.512,0.465,39.8
0.551,0.449,39.8
0.543,0.445,39.8
0.51,0.447,39.8
0.441,0.455,39.8
0.325,0.464,39.8
0.212,0.467,39.8
0.093,0.442,39.8
0.017,0.362,39.8
0.0,0.337,39.8
0.0,0.303,39.8
0.0,0.249,39.8
0.0,0.197,39.8
0.0,0.166,39.8
0.0,0.154,39.8
0.0,0.16,39.8
0.0,0.187,39.8
0.0,0.225,39.8
0.0,0.261,39.8
0.047,0.231,39.8
0.138,0.192,39.8
0.244,0.244,39.8
0.348,0.305,39.8
0.457,0.324,39.8
0.477,0.348,39.8
0.405,0.379,39.8
0.389,0.42,39.8
0.327,0.442,39.8
0.299,0.434,39.8
0.304,0.402,39.8
0.184,0.351,39.8
0.084,0.27,39.8
0.014,0.205,39.8
0.0,0.171,39.8
0.0,0.132,39.8
0.0,0.099,39.8
0.0,0.075,39.8
0.0,0.058,39.8
0.0,0.045,39.8
0.0,0.032,39.8
0.0,0.017,39.8
0.0,0.011,39.8
0.0,0.022,39.8
0.046,0.05,39.8
0.146,0.054,39.8
0.272,0.066,39.8
0.376,0.086,39.8
0.408,0.103,39.8
0.469,0.103,39.8
0.511,0.099,39.8
0.585,0.086,39.8
0.529,0.078,39.8
0.511,0.077,39.8
0.33,0.067,39.8
0.197,0.056,39.8
0.069,0.04,39.8
0.013,0.047,39.8
0.0,0.117,39.8
0.0,0.22,39.8
0.0,0.309,39.8
0.0,0.354,39.8
0.0,0.39,39.8
0.0,0.403,39.8
0.0,0.388,39.8
0.0,0.374,39.8
0.0,0.354,39.8
0.0,0.329,39.8
0.013,0.297,39.8
0.041,0.277,39.8
0.075,0.315,39.8
0.125,0.4,39.8
0.169,0.459,39.8
0.107,0.473,39.8
0.115,0.383,39.8
0.153,0.341,39.8
0.202,0.379,39.8
0.207,0.379,39.8
0.329,0.488,39.8
0.207,0.492,39.8
0.107,0.426,39.8
0.023,0.383,39.8
0.0,0.363,39.8
0.0,0.413,39.8
0.0,0.476,39.8
0.0,0.479,39.8
0.0,0.469,39.8
0.0,0.462,39.8
0.0,0.444,39.8
0.0,0.403,39.8
0.0,0.342,39.8
0.0,0.287,39.8
0.05,0.225,39.8
0.212,0.22,39.8
0.386,0.121,39.8
0.518,0.046,39.8
0.635,0.018,39.8
0.642,0.024,39.8
0.6,0.061,39.8
0.557,0.125,39.8
0.393,0.195,39.8
0.323,0.252,39.8
0.217,0.317,39.8
0.138,0.348,39.8
0.065,0.307,39.8
0.014,0.355,39.8
0.0,0.442,39.8
0.0,0.479,39.8
0.0,0.492,39.8
0.0,0.466,39.8
0.0,0.439,39.8
0.0,0.432,39.8
0.0,0.384,39.8
0.0,0.323,39.8
0.0,0.267,39.8
0.0,0.208,39.8
0.044,0.133,39.8
0.121,0.1,39.8
0.249,0.087,39.8
0.395,0.097,39.8
0.523,0.119,39.8
0.517,0.14,39.8
0.523,0.144,39.8
0.53,0.133,39.8
0.489,0.118,39.8
0.411,0.097,39.8
0.318,0.068,39.8
0.178,0.038,39.8
0.074,0.016,39.8
0.013,0.039,39.8
0.0,0.136,39.8
0.0,0.22,39.8
0.0,0.249,39.8
0.0,0.245,39.8
0.0,0.214,39.8
0.0,0.18,39.8
0.0,0.168,39.8
0.0,0.182,39.8
0.0,0.217,39.8
0.0,0.222,39.8
0.047,0.175,39.8
0.146,0.173,39.8
0.292,0.231,39.8
0.438,0.309,39.8
0.557,0.358,39.8
0.66,0.381,39.8
0.704,0.404,39.8
0.687,0.438,39.8
0.636,0.479,39.8
0.542,0.513,39.8
0.426,0.52,39.8
0.275,0.505,39.8
0.107,0.476,39.8
0.022,0.425,39.8
0.0,0.441,39.8
0.0,0.429,39.8
0.0,0.395,39.8
0.0,0.386,39.8
0.0,0.371,39.8
0.0,0.328,39.8
0.0,0.278,39.8
0.0,0.247,39.8
0.0,0.227,39.8
0.003,0.217,39.8
0.055,0.16,39.8
0.217,0.186,39.8
0.39,0.201,39.8
0.551,0.21,39.8
0.636,0.22,39.8
0.707,0.226,39.8
0.743,0.241,39.8
0.727,0.256,39.8
0.674,0.278,39.8
0.577,0.313,39.8
0.445,0.344,39.8
0.282,0.374,39.8
0.106,0.413,39.8
0.02,0.371,39.8
0.0,0.435,39.8
0.0,0.465,39.8
0.0,0.444,39.8
0.0,0.432,39.8
0.0,0.422,39.8
0.0,0.395,39.8
0.0,0.35,39.8
0.0,0.332,39.8
0.0,0.309,39.8
0.003,0.27,39.8
0.054,0.145,39.8
0.233,0.173,39.8
0.422,0.181,39.8
0.578,0.167,39.8
0.691,0.157,39.8
0.759,0.153,39.8
0.784,0.161,39.8
0.766,0.192,39.8
0.708,0.233,39.8
0.607,0.272,39.8
0.467,0.308,39.8
0.291,0.337,39.8
0.106,0.337,39.8
0.02,0.374,39.8
0.0,0.502,39.8
0.0,0.556,39.8
0.0,0.522,39.8
0.0,0.483,39.8
0.0,0.442,39.8
0.0,0.422,39.8
0.0,0.401,39.8
0.0,0.38,39.8
0.0,0.347,39.8
0.006,0.291,39.8
0.061,0.201,39.8
0.211,0.271,39.8
0.402,0.272,39.8
0.564,0.295,39.8
0.681,0.305,39.8
0.751,0.303,39.8
0.776,0.302,39.8
0.741,0.305,39.8
0.607,0.283,39.8
0.479,0.27,39.8
0.407,0.281,39.8
0.279,0.289,39.8
0.109,0.279,39.8
0.022,0.305,39.8
0.0,0.402,39.8
0.0,0.457,39.8
0.0,0.468,39.8
0.0,0.454,39.8
0.0,0.431,39.8
0.0,0.394,39.8
0.0,0.364,39.8
0.0,0.313,39.8
0.0,0.262,39.8
0.006,0.209,39.8
0.058,0.106,39.8
0.227,0.061,39.8
0.407,0.12,39.8
0.559,0.179,39.8
0.671,0.195,39.8
0.741,0.211,39.8
0.769,0.231,39.8
0.756,0.25,39.8
0.702,0.266,39.8
0.604,0.279,39.8
0.464,0.294,39.8
0.29,0.303,39.8
0.108,0.284,39.8
0.022,0.281,39.8
0.0,0.358,39.8
0.0,0.428,39.8
0.0,0.466,39.8
0.0,0.458,39.8
0.0,0.42,39.8
0.0,0.39,39.8
0.0,0.366,39.8
0.0,0.343,39.8
0.0,0.305,39.8
0.007,0.253,39.8
0.061,0.161,39.8
0.226,0.171,39.8
0.409,0.245,39.8
0.562,0.262,39.8
0.675,0.238,39.8
0.742,0.212,39.8
0.765,0.201,39.8
0.747,0.201,39.8
0.675,0.21,39.8
0.575,0.228,39.8
0.428,0.257,39.8
0.259,0.297,39.8
0.103,0.343,39.8
0.025,0.395,39.8
0.0,0.43,39.8
0.0,0.374,39.8
0.0,0.301,39.8
0.0,0.228,39.8
0.0,0.18,39.8
0.0,0.151,39.8
0.0,0.138,39.8
0.0,0.142,39.8
0.0,0.148,39.8
0.0,0.148,39.8
0.023,0.137,39.8
0.087,0.159,39.8
0.209,0.171,39.8
0.257,0.16,39.8
0.269,0.138,39.8
0.299,0.111,39.8
0.328,0.085,39.8
0.318,0.064,39.8
0.328,0.045,39.8
0.267,0.034,39.8
0.197,0.028,39.8
0.128,0.026,39.8
0.063,0.029,39.8
0.019,0.041,39.8
0.0,0.066,39.8
0.0,0.083,39.8
0.0,0.085,39.8
0.0,0.078,39.8
0.0,0.062,39.8
0.0,0.041,39.8
0.0,0.026,39.8
0.0,0.02,39.8
0.0,0.02,39.8
0.008,0.024,39.8
0.069,0.021,39.8
0.187,0.017,39.8
0.338,0.011,39.8
0.479,0.005,39.8
0.547,0.005,39.8
0.52,0.005,39.8
0.447,0.005,39.8
0.292,0.003,39.8
0.329,0.003,39.8
0.281,0.006,39.8
0.193,0.014,39.8
0.126,0.031,39.8
0.065,0.059,39.8
0.015,0.113,39.8
0.0,0.185,39.8
0.0,0.24,39.8
0.0,0.251,39.8
0.0,0.241,39.8
0.0,0.218,39.8
0.0,0.187,39.8
0.0,0.162,39.8
0.0,0.156,39.8
0.0,0.164,39.8
0.0,0.17,39.8
0.028,0.158,39.8
0.063,0.156,39.8
0.103,0.166,39.8
0.166,0.2,39.8
0.244,0.238,39.8
0.324,0.251,39.8
0.4,0.241,39.8
0.407,0.225,39.8
0.338,0.223,39.8
0.273,0.234,39.8
0.186,0.273,39.8
0.125,0.329,39.8
0.079,0.358,39.8
0.019,0.341,39.8
0.0,0.279,39.8
0.0,0.228,39.8
0.0,0.214,39.8
0.0,0.202,39.8
0.0,0.204,39.8
0.0,0.205,39.8
0.0,0.208,39.8
0.0,0.21,39.8
0.0,0.204,39.8
0.003,0.182,39.8
0.042,0.154,39.8
0.108,0.152,39.8
0.186,0.158,39.8
0.296,0.169,39.8
0.381,0.188,39.8
0.433,0.215,39.8
0.472,0.258,39.8
0.477,0.311,39.8
0.449,0.367,39.8
0.414,0.402,39.8
0.327,0.407,39.8
0.22,0.403,39.8
0.105,0.408,39.8
0.029,0.401,39.8
0.0,0.366,39.8
0.0,0.339,39.8
0.0,0.352,39.8
0.0,0.362,39.8
0.0,0.376,39.8
0.0,0.384,39.8
0.0,0.377,39.8
0.0,0.393,39.8
0.0,0.401,39.8
0.009,0.379,39.8
0.065,0.387,39.8
0.163,0.447,39.8
0.279,0.508,39.8
0.386,0.546,39.8
0.438,0.562,39.8
0.455,0.58,39.8
0.452,0.59,39.8
0.412,0.586,39.8
0.354,0.577,39.8
0.285,0.56,39.8
0.216,0.526,39.8
0.144,0.467,39.8
0.075,0.373,39.8
0.022,0.27,39.8
0.0,0.217,39.8
0.0,0.201,39.8
0.0,0.194,39.8
0.0,0.188,39.8
0.0,0.163,39.8
0.0,0.134,39.8
0.0,0.106,39.8
0.0,0.085,39.8
0.0,0.072,39.8
0.013,0.058,39.8
0.072,0.034,39.8
0.227,0.023,39.8
0.4,0.028,39.8
0.533,0.051,39.8
0.621,0.085,39.8
0.669,0.125,39.8
0.678,0.162,39.8
0.645,0.187,39.8
0.531,0.201,39.8
0.38,0.195,39.8
0.26,0.167,39.8
0.166,0.125,39.8
0.077,0.088,39.8
0.02,0.07,39.8
0.0,0.053,39.8
0.0,0.04,39.8
0.0,0.041,39.8
0.0,0.057,39.8
0.0,0.089,39.8
0.0,0.135,39.8
0.0,0.184,39.8
0.0,0.227,39.8
0.0,0.257,39.8
0.015,0.268,39.8
0.074,0.183,39.8
0.225,0.1,39.8
0.366,0.135,39.8
0.427,0.155,39.8
0.447,0.167,39.8
0.455,0.165,39.8
0.427,0.152,39.8
0.395,0.13,39.8
0.379,0.108,39.8
0.372,0.096,39.8
0.29,0.093,39.8
0.164,0.09,39.8
0.071,0.079,39.8
0.02,0.086,39.8
0.0,0.106,39.8
0.0,0.133,39.8
0.0,0.155,39.8
0.0,0.161,39.8
0.0,0.159,39.8
0.0,0.155,39.8
0.0,0.155,39.8
0.0,0.155,39.8
0.0,0.157,39.8
0.012,0.164,39.8
0.069,0.118,39.8
0.193,0.086,39.8
0.336,0.113,39.8
0.468,0.133,39.8
0.581,0.138,39.8
0.692,0.141,39.8
0.723,0.16,39.8
0.711,0.188,39.8
0.661,0.225,39.8
0.574,0.27,39.8
0.448,0.312,39.8
0.288,0.331,39.8
0.119,0.302,39.8
0.028,0.24,39.8
0.0,0.22,39.8
0.0,0.198,39.8
0.0,0.169,39.8
0.0,0.142,39.8
0.0,0.115,39.8
0.0,0.094,39.8
0.0,0.079,39.8
0.0,0.068,39.8
0.0,0.05,39.8
0.017,0.031,39.8
0.078,0.015,39.8
0.159,0.007,39.8
0.178,0.003,39.8
0.184,0.003,39.8
0.248,0.006,39.8
0.416,0.018,39.8
0.564,0.035,39.8
0.531,0.051,39.8
0.447,0.064,39.8
0.442,0.074,39.8
0.369,0.074,39.8
0.254,0.065,39.8
0.121,0.05,39.8
0.037,0.055,39.8
0.0,0.076,39.8
0.0,0.087,39.8
0.0,0.109,39.8
0.0,0.169,39.8
0.0,0.258,39.8
0.0,0.328,39.8
0.0,0.364,39.8
0.0,0.374,39.8
0.0,0.371,39.8
0.015,0.339,39.8
0.075,0.309,39.8
0.206,0.316,39.8
0.346,0.367,39.8
0.458,0.444,39.8
0.587,0.495,39.8
0.65,0.526,39.8
0.655,0.552,39.8
0.612,0.578,39.8
0.544,0.602,39.8
0.508,0.613,39.8
0.425,0.626,39.8
0.27,0.646,39.8
0.118,0.652,39.8
0.034,0.637,39.8
0.0,0.62,39.8
0.0,0.606,39.8
0.0,0.575,39.8
0.0,0.498,39.8
0.0,0.388,39.8
0.0,0.273,39.8
0.0,0.21,39.8
0.0,0.226,39.8
0.0,0.219,39.8
0.017,0.164,39.8
0.076,0.089,39.8
0.22,0.084,39.8
0.366,0.093,39.8
0.495,0.119,39.8
0.608,0.149,39.8
0.678,0.178,39.8
0.709,0.216,39.8
0.614,0.268,39.8
0.34,0.322,39.8
0.251,0.352,39.8
0.231,0.352,39.8
0.23,0.334,39.8
0.115,0.311,39.8
0.037,0.277,39.8
0.0,0.302,39.8
0.0,0.315,39.8
0.0,0.278,39.8
0.0,0.236,39.8
0.0,0.206,39.8
0.0,0.162,39.8
0.0,0.137,39.8
0.0,0.124,39.8
0.0,0.114,39.8
0.016,0.094,39.8
0.078,0.062,39.8
0.179,0.063,39.8
0.224,0.076,39.8
0.19,0.093,39.8
0.17,0.103,39.8
0.213,0.112,39.8
0.208,0.124,39.8
0.208,0.142,39.8
0.192,0.17,39.8
0.212,0.195,39.8
0.159,0.207,39.8
0.123,0.198,39.8
0.082,0.17,39.8
0.036,0.17,39.8
0.0,0.223,39.8
0.0,0.266,39.8
0.0,0.276,39.8
0.0,0.259,39.8
0.0,0.231,39.8
0.0,0.201,39.8
0.0,0.162,39.8
0.0,0.133,39.8
0.0,0.123,39.8
0.017,0.118,39.8
0.071,0.063,39.8
0.238,0.049,39.8
0.411,0.034,39.8
0.556,0.034,39.8
0.659,0.042,39.8
0.71,0.054,39.8
0.714,0.071,39.8
0.682,0.093,39.8
0.627,0.12,39.8
0.541,0.158,39.8
0.413,0.196,39.8
0.216,0.23,39.8
0.101,0.22,39.8
0.032,0.206,39.8
0.0,0.244,39.8
0.0,0.3,39.8
0.0,0.334,39.8
0.0,0.33,39.8
0.0,0.345,39.8
0.0,0.387,39.8
0.0,0.435,39.8
0.0,0.466,39.8
0.0,0.488,39.8
0.015,0.418,39.8
0.077,0.39,39.8
0.178,0.498,39.8
0.281,0.532,39.8
0.39,0.522,39.8
0.471,0.502,39.8
0.574,0.481,39.8
0.664,0.486,39.8
0.674,0.495,39.8
0.603,0.485,39.8
0.544,0.47,39.8
0.432,0.464,39.8
0.284,0.453,39.8
0.124,0.425,39.8
0.037,0.355,39.8
0.0,0.368,39.8
0.0,0.41,39.8
0.0,0.421,39.8
0.0,0.401,39.8
0.0,0.369,39.8
0.0,0.366,39.8
0.0,0.328,39.8
0.0,0.292,39.8
0.0,0.265,39.8
0.017,0.223,39.8
0.073,0.165,39.8
0.221,0.167,39.8
0.391,0.184,39.8
0.534,0.204,39.8
0.64,0.213,39.8
0.71,0.212,39.8
0.736,0.205,39.8
0.721,0.199,39.8
0.667,0.194,39.8
0.574,0.191,39.8
0.445,0.181,39.8
0.286,0.168,39.8
0.121,0.147,39.8
0.032,0.112,39.8
0.0,0.082,39.8
0.0,0.045,39.8
0.0,0.03,39.8
0.0,0.049,39.8
0.0,0.092,39.8
0.0,0.139,39.8
0.0,0.179,39.8
0.0,0.205,39.8
0.0,0.216,39.8
0.018,0.195,39.8
0.071,0.101,39.8
0.224,0.062,39.8
0.353,0.059,39.8
0.456,0.058,39.8
0.544,0.061,39.8
0.625,0.063,39.8
0.679,0.061,39.8
0.656,0.059,39.8
0.611,0.061,39.8
0.549,0.064,39.8
0.433,0.064,39.8
0.279,0.058,39.8
0.12,0.049,39.8
0.034,0.042,39.8
0.0,0.034,39.8
0.0,0.041,39.8
0.0,0.067,39.8
0.0,0.105,39.8
0.0,0.155,39.8
0.0,0.214,39.8
0.0,0.279,39.8
0.0,0.344,39.8
0.0,0.388,39.8
0.019,0.374,39.8
0.072,0.24,39.8
0.216,0.162,39.8
0.347,0.222,39.8
0.457,0.32,39.8
0.552,0.401,39.8
0.631,0.481,39.8
0.675,0.561,39.8
0.671,0.613,39.8
0.631,0.64,39.8
0.548,0.654,39.8
0.427,0.64,39.8
0.276,0.538,39.8
0.117,0.391,39.8
0.033,0.345,39.8
0.0,0.323,39.8
0.0,0.302,39.8
0.0,0.315,39.8
0.0,0.358,39.8
0.0,0.272,39.8
0.0,0.089,39.8
0.0,0.051,39.8
0.0,0.106,39.8
0.0,0.167,39.8
0.015,0.17,39.8
0.071,0.122,39.8
0.14,0.117,39.8
0.212,0.142,39.8
0.368,0.179,39.8
0.324,0.211,39.8
0.171,0.263,39.8
0.138,0.284,39.8
0.167,0.224,39.8
0.249,0.163,39.8
0.404,0.156,39.8
0.414,0.176,39.8
0.252,0.179,39.8
0.127,0.156,39.8
0.04,0.13,39.8
0.0,0.113,39.8
0.0,0.085,39.8
0.0,0.064,39.8
0.0,0.043,39.8
0.0,0.024,39.8
0.0,0.011,39.8
0.0,0.004,39.8
0.0,0.005,39.8
0.0,0.024,39.8
0.022,0.071,39.8
0.079,0.086,39.8
0.198,0.108,39.8
0.367,0.148,39.8
0.484,0.159,39.8
0.476,0.202,39.8
0.388,0.262,39.8
0.285,0.289,39.8
0.342,0.32,39.8
0.5,0.391,39.8
0.419,0.435,39.8
0.214,0.41,39.8
0.071,0.375,39.8
0.029,0.402,39.8
0.006,0.455,39.8
0.0,0.523,39.8
0.0,0.479,39.8
0.0,0.454,39.8
0.0,0.398,39.8
0.0,0.3,39.8
0.0,0.198,39.8
0.0,0.155,39.8
0.0,0.145,39.8
0.0,0.223,39.8
0.021,0.224,39.8
0.042,0.262,39.8
0.041,0.391,39.8
0.091,0.341,39.8
0.183,0.175,39.8
0.242,0.089,39.8
0.349,0.049,39.8
0.47,0.031,39.8
0.494,0.026,39.8
0.352,0.005,39.8
0.201,0.013,39.8
0.204,0.078,39.8
0.156,0.168,39.8
0.093,0.264,39.8
0.037,0.349,39.8
0.0,0.37,39.8
0.0,0.33,39.8
0.0,0.358,39.8
0.0,0.464,39.8
0.0,0.593,39.8
0.0,0.571,39.8
0.0,0.552,39.8
0.0,0.513,39.8
0.0,0.456,39.8
0.022,0.405,39.8
0.086,0.462,39.8
0.193,0.559,39.8
0.392,0.511,39.8
0.499,0.432,39.8
0.484,0.345,39.8
0.454,0.27,39.8
0.393,0.201,39.8
0.496,0.151,39.8
0.609,0.129,39.8
0.463,0.125,39.8
0.292,0.112,39.8
0.204,0.088,39.8
0.115,0.068,39.8
0.043,0.054,39.8
0.0,0.07,39.8
0.0,0.127,39.8
0.0,0.189,39.8
0.0,0.22,39.8
0.0,0.241,39.8
0.0,0.268,39.8
0.0,0.312,39.8
0.0,0.369,39.8
0.0,0.387,39.8
0.02,0.326,39.8
0.083,0.237,39.8
0.228,0.415,39.8
0.398,0.579,39.8
0.54,0.649,39.8
0.639,0.679,39.8
0.668,0.702,39.8
0.688,0.744,39.8
0.673,0.782,39.8
0.572,0.827,39.8
0.233,0.836,39.8
0.128,0.733,39.8
0.152,0.633,39.8
0.118,0.735,39.8
0.043,0.831,39.8
0.0,0.898,39.8
0.0,0.931,39.8
0.0,0.94,39.8
0.0,0.946,39.8
0.0,0.953,39.8
0.0,0.96,39.8
0.0,0.966,39.8
0.0,0.973,39.8
0.0,0.973,39.8
0.0,0.969,39.8
0.044,0.966,39.8
0.123,0.964,39.8
0.288,0.969,39.8
0.459,0.971,39.8
0.583,0.967,39.8
0.639,0.962,39.8
0.622,0.959,39.8
0.597,0.953,39.8
0.54,0.941,39.8
0.481,0.921,39.8
0.407,0.899,39.8
0.278,0.873,39.8
0.134,0.826,39.8
0.04,0.739,39.8
0.001,0.642,39.8
0.0,0.56,39.8
0.0,0.491,39.8
0.0,0.457,39.8
0.0,0.41,39.8
0.0,0.358,39.8
0.0,0.296,39.8
0.0,0.261,39.8
0.0,0.241,39.8
0.006,0.197,39.8
0.071,0.12,39.8
0.229,0.086,39.8
0.37,0.07,39.8
0.502,0.063,39.8
0.61,0.054,39.8
0.664,0.041,39.8
0.659,0.023,39.8
0.614,0.012,39.8
0.552,0.01,39.8
0.408,0.012,39.8
0.226,0.006,39.8
0.142,0.019,39.8
0.088,0.067,39.8
0.039,0.163,39.8
0.0,0.312,39.8
0.0,0.409,39.8
0.0,0.397,39.8
0.0,0.358,39.8
0.0,0.317,39.8
0.0,0.296,39.8
0.0,0.287,39.8
0.0,0.265,39.8
0.0,0.217,39.8
0.022,0.152,39.8
0.087,0.075,39.8
0.182,0.052,39.8
0.277,0.041,39.8
0.502,0.042,39.8
0.585,0.057,39.8
0.574,0.085,39.8
0.541,0.121,39.8
0.363,0.155,39.8
0.202,0.176,39.8
0.197,0.179,39.8
0.169,0.183,39.8
0.136,0.157,39.8
0.121,0.182,39.8
0.043,0.185,39.8
0.0,0.233,39.8
0.0,0.293,39.8
0.0,0.32,39.8
0.0,0.352,39.8
0.0,0.308,39.8
0.0,0.233,39.8
0.0,0.199,39.8
0.0,0.181,39.8
0.0,0.163,39.8
0.018,0.129,39.8
0.076,0.112,39.8
0.196,0.108,39.8
0.372,0.106,39.8
0.539,0.125,39.8
0.655,0.136,39.8
0.702,0.129,39.8
0.619,0.12,39.8
0.437,0.107,39.8
0.291,0.074,39.8
0.335,0.04,39.8
0.42,0.017,39.8
0.301,0.009,39.8
0.125,0.005,39.8
0.022,0.008,39.8
0.0,0.025,39.8
0.0,0.066,39.8
0.0,0.119,39.8
0.0,0.167,39.8
0.0,0.208,39.8
0.0,0.249,39.8
0.0,0.238,39.8
0.0,0.193,39.8
0.0,0.136,39.8
0.001,0.132,39.8
0.026,0.179,39.8
0.052,0.211,39.8
0.07,0.192,39.8
0.095,0.125,39.8
0.148,0.086,39.8
0.17,0.115,39.8
0.258,0.208,39.8
0.441,0.298,39.8
0.496,0.294,39.8
0.488,0.251,39.8
0.379,0.208,39.8
0.256,0.178,39.8
0.13,0.136,39.8
0.049,0.108,39.8
0.001,0.125,39.8
0.0,0.161,39.8
0.0,0.229,39.8
0.0,0.33,39.8
0.0,0.42,39.8
0.0,0.456,39.8
0.0,0.464,39.8
0.0,0.471,39.8
0.0,0.484,39.8
0.025,0.47,39.8
0.079,0.501,39.8
0.236,0.63,39.8
0.403,0.679,39.8
0.5,0.7,39.8
0.503,0.7,39.8
0.492,0.71,39.8
0.454,0.728,39.8
0.505,0.73,39.8
0.453,0.732,39.8
0.365,0.726,39.8
0.331,0.728,39.8
0.213,0.655,39.8
0.113,0.441,39.8
0.033,0.315,39.8
0.0,0.31,39.8
0.0,0.364,39.8
0.0,0.408,39.8
0.0,0.398,39.8
0.0,0.374,39.8
0.0,0.33,39.8
0.0,0.279,39.8
0.0,0.232,39.8
0.0,0.254,39.8
0.019,0.201,39.8
0.039,0.156,39.8
0.078,0.118,39.8
0.165,0.101,39.8
0.39,0.125,39.8
0.375,0.151,39.8
0.422,0.156,39.8
0.538,0.169,39.8
0.543,0.213,39.8
0.458,0.221,39.8
0.441,0.16,39.8
0.373,0.092,39.8
0.236,0.045,39.8
0.113,0.011,39.8
0.033,0.011,39.8
0.0,0.084,39.8
0.0,0.201,39.8
0.0,0.259,39.8
0.0,0.247,39.8
0.0,0.227,39.8
0.0,0.209,39.8
0.0,0.173,39.8
0.0,0.124,39.8
0.0,0.087,39.8
0.001,0.074,39.8
0.03,0.083,39.8
0.072,0.122,39.8
0.102,0.199,39.8
0.15,0.251,39.8
0.29,0.209,39.8
0.536,0.118,39.8
0.66,0.055,39.8
0.595,0.073,39.8
0.466,0.146,39.8
0.302,0.226,39.8
0.268,0.256,39.8
0.251,0.245,39.8
0.127,0.192,39.8
0.049,0.132,39.8
0.002,0.09,39.8
0.0,0.04,39.8
0.0,0.03,39.8
0.0,0.089,39.8
0.0,0.204,39.8
0.0,0.314,39.8
0.0,0.374,39.8
0.0,0.398,39.8
0.0,0.395,39.8
0.023,0.305,39.8
0.074,0.256,39.8
0.228,0.328,39.8
0.395,0.354,39.8
0.535,0.364,39.8
0.629,0.348,39.8
0.683,0.325,39.8
0.693,0.308,39.8
0.66,0.3,39.8
0.575,0.294,39.8
0.488,0.287,39.8
0.351,0.273,39.8
0.24,0.245,39.8
0.127,0.196,39.8
0.038,0.122,39.8
0.002,0.083,39.8
0.0,0.054,39.8
0.0,0.04,39.8
0.0,0.035,39.8
0.0,0.039,39.8
0.0,0.062,39.8
0.0,0.11,39.8
0.0,0.172,39.8
0.0,0.228,39.8
0.022,0.243,39.8
0.071,0.14,39.8
0.228,0.089,39.8
0.39,0.117,39.8
0.528,0.117,39.8
0.629,0.107,39.8
0.692,0.098,39.8
0.715,0.089,39.8
0.702,0.085,39.8
0.651,0.084,39.8
0.56,0.079,39.8
0.426,0.07,39.8
0.264,0.06,39.8
0.127,0.054,39.8
0.041,0.064,39.8
0.0,0.102,39.8
0.0,0.12,39.8
0.0,0.128,39.8
0.0,0.138,39.8
0.0,0.146,39.8
0.0,0.146,39.8
0.0,0.134,39.8
0.0,0.11,39.8
0.0,0.077,39.8
0.025,0.043,39.8
0.078,0.013,39.8
0.22,0.006,39.8
0.366,0.01,39.8
0.37,0.008,39.8
0.39,0.008,39.8
0.53,0.007,39.8
0.569,0.005,39.8
0.519,0.004,39.8
0.373,0.002,39.8
0.286,0.001,39.8
0.241,0.01,39.8
0.225,0.039,39.8
0.132,0.078,39.8
0.042,0.111,39.8
0.002,0.138,39.8
0.0,0.161,39.8
0.0,0.174,39.8
0.0,0.185,39.8
0.0,0.204,39.8
0.0,0.219,39.8
0.0,0.233,39.8
0.0,0.256,39.8
0.0,0.278,39.8
0.026,0.235,39.8
0.083,0.115,39.8
0.205,0.063,39.8
0.353,0.147,39.8
0.432,0.392,39.8
0.28,0.483,39.8
0.245,0.285,39.8
0.441,0.289,39.8
0.608,0.433,39.8
0.59,0.487,39.8
0.486,0.454,39.8
0.366,0.413,39.8
0.249,0.369,39.8
0.123,0.274,39.8
0.042,0.192,39.8
0.0,0.151,39.8
0.0,0.143,39.8
0.0,0.156,39.8
0.0,0.185,39.8
0.0,0.209,39.8
0.0,0.233,39.8
0.0,0.237,39.8
0.0,0.249,39.8
0.0,0.248,39.8
0.024,0.21,39.8
0.081,0.197,39.8
0.214,0.213,39.8
0.36,0.227,39.8
0.49,0.261,39.8
0.567,0.286,39.8
0.618,0.306,39.8
0.616,0.332,39.8
0.596,0.36,39.8
0.508,0.379,39.8
0.477,0.363,39.8
0.373,0.337,39.8
0.276,0.311,39.8
0.135,0.294,39.8
0.037,0.27,39.8
0.002,0.282,39.8
0.0,0.325,39.8
0.0,0.337,39.8
0.0,0.335,39.8
0.0,0.316,39.8
0.0,0.292,39.8
0.0,0.278,39.8
0.0,0.274,39.8
0.0,0.28,39.8
0.022,0.225,39.8
0.07,0.179,39.8
0.231,0.217,39.8
0.398,0.243,39.8
0.533,0.252,39.8
0.627,0.241,39.8
0.687,0.212,39.8
0.693,0.182,39.8
0.689,0.16,39.8
0.645,0.15,39.8
0.572,0.147,39.8
0.457,0.151,39.8
0.301,0.16,39.8
0.136,0.176,39.8
0.03,0.199,39.8
0.002,0.249,39.8
0.0,0.274,39.8
0.0,0.268,39.8
0.0,0.259,39.8
0.0,0.24,39.8
0.0,0.233,39.8
0.0,0.243,39.8
0.0,0.259,39.8
0.0,0.27,39.8
0.022,0.2,39.8
0.071,0.094,39.8
0.226,0.106,39.8
0.378,0.112,39.8
0.517,0.096,39.8
0.59,0.089,39.8
0.611,0.087,39.8
0.654,0.083,39.8
0.662,0.083,39.8
0.628,0.082,39.8
0.541,0.079,39.8
0.419,0.081,39.8
0.274,0.093,39.8
0.128,0.121,39.8
0.041,0.182,39.8
0.001,0.3,39.8
0.0,0.396,39.8
0.0,0.416,39.8
0.0,0.391,39.8
0.0,0.357,39.8
0.0,0.311,39.8
0.0,0.266,39.8
0.0,0.243,39.8
0.0,0.232,39.8
0.024,0.177,39.8
0.073,0.076,39.8
0.222,0.042,39.8
0.374,0.056,39.8
0.497,0.081,39.8
0.584,0.123,39.8
0.651,0.181,39.8
0.688,0.225,39.8
0.683,0.245,39.8
0.624,0.243,39.8
0.519,0.228,39.8
0.387,0.22,39.8
0.233,0.206,39.8
0.112,0.182,39.8
0.036,0.193,39.8
0.0,0.249,39.8
0.0,0.308,39.8
0.0,0.338,39.8
0.0,0.343,39.8
0.0,0.344,39.8
0.0,0.352,39.8
0.0,0.37,39.8
0.0,0.396,39.8
0.0,0.415,39.8
0.024,0.337,39.8
0.074,0.188,39.8
0.217,0.157,39.8
0.371,0.252,39.8
0.504,0.266,39.8
0.596,0.251,39.8
0.649,0.202,39.8
0.67,0.133,39.8
0.63,0.076,39.8
0.524,0.037,39.8
0.398,0.018,39.8
0.284,0.012,39.8
0.199,0.008,39.8
0.105,0.004,39.8
0.04,0.041,39.8
0.0,0.237,39.8
0.0,0.279,39.8
0.0,0.194,39.8
0.0,0.191,39.8
0.0,0.221,39.8
0.0,0.208,39.8
0.0,0.191,39.8
0.0,0.218,39.8
0.0,0.251,39.8
0.004,0.27,39.8
0.055,0.229,39.8
0.169,0.144,39.8
0.346,0.154,39.8
0.493,0.171,39.8
0.584,0.161,39.8
0.64,0.147,39.8
0.66,0.139,39.8
0.636,0.138,39.8
0.554,0.144,39.8
0.471,0.148,39.8
0.362,0.157,39.8
0.217,0.177,39.8
0.101,0.219,39.8
0.035,0.284,39.8
0.0,0.311,39.8
0.0,0.274,39.8
0.0,0.223,39.8
0.0,0.184,39.8
0.0,0.161,39.8
0.0,0.144,39.8
0.0,0.136,39.8
0.0,0.136,39.8
0.0,0.132,39.8
0.024,0.089,39.8
0.072,0.069,39.8
0.214,0.058,39.8
0.37,0.064,39.8
0.504,0.076,39.8
0.604,0.093,39.8
0.665,0.109,39.8
0.687,0.12,39.8
0.66,0.143,39.8
0.611,0.187,39.8
0.528,0.247,39.8
0.411,0.306,39.8
0.271,0.374,39.8
0.129,0.434,39.8
0.04,0.467,39.8
0.001,0.479,39.8
0.0,0.484,39.8
0.0,0.473,39.8
0.0,0.447,39.8
0.0,0.413,39.8
0.0,0.391,39.8
0.0,0.384,39.8
0.0,0.386,39.8
0.0,0.371,39.8
0.022,0.394,39.8
0.068,0.416,39.8
0.223,0.37,39.8
0.389,0.323,39.8
0.531,0.283,39.8
0.634,0.267,39.8
0.697,0.264,39.8
0.722,0.268,39.8
0.712,0.278,39.8
0.661,0.294,39.8
0.573,0.308,39.8
0.449,0.323,39.8
0.296,0.343,39.8
0.134,0.364,39.8
0.032,0.391,39.8
0.001,0.439,39.8
0.0,0.466,39.8
0.0,0.432,39.8
0.0,0.39,39.8
0.0,0.354,39.8
0.0,0.328,39.8
0.0,0.305,39.8
0.0,0.287,39.8
0.0,0.27,39.8
0.021,0.209,39.8
0.065,0.236,39.8
0.228,0.228,39.8
0.398,0.197,39.8
0.541,0.173,39.8
0.644,0.152,39.8
0.706,0.133,39.8
0.729,0.123,39.8
0.712,0.123,39.8
0.66,0.135,39.8
0.571,0.155,39.8
0.447,0.178,39.8
0.294,0.194,39.8
0.133,0.201,39.8
0.03,0.233,39.8
0.001,0.335,39.8
0.0,0.432,39.8
0.0,0.471,39.8
0.0,0.469,39.8
0.0,0.447,39.8
0.0,0.417,39.8
0.0,0.388,39.8
0.0,0.355,39.8
0.0,0.332,39.8
0.019,0.274,39.8
0.061,0.147,39.8
0.227,0.07,39.8
0.396,0.052,39.8
0.532,0.07,39.8
0.631,0.074,39.8
0.691,0.074,39.8
0.713,0.074,39.8
0.701,0.075,39.8
0.647,0.077,39.8
0.552,0.082,39.8
0.428,0.093,39.8
0.286,0.115,39.8
0.13,0.137,39.8
0.026,0.135,39.8
0.001,0.182,39.8
0.0,0.284,39.8
0.0,0.426,39.8
0.0,0.556,39.8
0.0,0.618,39.8
0.0,0.615,39.8
0.0,0.575,39.8
0.0,0.529,39.8
0.0,0.471,39.8
0.024,0.374,39.8
0.076,0.274,39.8
0.204,0.358,39.8
0.348,0.413,39.8
0.491,0.399,39.8
0.602,0.333,39.8
0.667,0.261,39.8
0.682,0.275,39.8
0.628,0.308,39.8
0.323,0.214,39.8
0.151,0.082,39.8
0.28,0.182,39.8
0.275,0.237,39.8
0.135,0.245,39.8
0.039,0.208,39.8
0.001,0.221,39.8
0.0,0.263,39.8
0.0,0.285,39.8
0.0,0.294,39.8
0.0,0.282,39.8
0.0,0.263,39.8
0.0,0.249,39.8
0.0,0.248,39.8
0.0,0.261,39.8
0.021,0.214,39.8
0.063,0.2,39.8
0.223,0.243,39.8
0.393,0.299,39.8
0.536,0.344,39.8
0.642,0.361,39.8
0.703,0.372,39.8
0.736,0.388,39.8
0.722,0.404,39.8
0.672,0.41,39.8
0.585,0.394,39.8
0.459,0.367,39.8
0.303,0.332,39.8
0.136,0.285,39.8
0.031,0.227,39.8
0.001,0.191,39.8
0.0,0.17,39.8
0.0,0.154,39.8
0.0,0.148,39.8
0.0,0.147,39.8
0.0,0.129,39.8
0.0,0.102,39.8
0.0,0.084,39.8
0.0,0.086,39.8
0.02,0.087,39.8
0.063,0.067,39.8
0.223,0.06,39.8
0.386,0.051,39.8
0.524,0.048,39.8
0.621,0.046,39.8
0.658,0.046,39.8
0.716,0.05,39.8
0.707,0.057,39.8
0.635,0.07,39.8
0.551,0.089,39.8
0.439,0.118,39.8
0.296,0.167,39.8
0.135,0.248,39.8
0.031,0.352,39.8
0.001,0.418,39.8
0.0,0.413,39.8
0.0,0.376,39.8
0.0,0.344,39.8
0.0,0.316,39.8
0.0,0.292,39.8
0.0,0.271,39.8
0.0,0.257,39.8
0.0,0.245,39.8
0.018,0.186,39.8
0.058,0.169,39.8
0.231,0.168,39.8
0.406,0.147,39.8
0.551,0.137,39.8
0.654,0.143,39.8
0.718,0.155,39.8
0.743,0.165,39.8
0.728,0.18,39.8
0.677,0.203,39.8
0.587,0.236,39.8
0.461,0.282,39.8
0.304,0.334,39.8
0.136,0.379,39.8
0.028,0.401,39.8
0.0,0.414,39.8
0.0,0.415,39.8
0.0,0.387,39.8
0.0,0.348,39.8
0.0,0.311,39.8
0.0,0.285,39.8
0.0,0.269,39.8
0.0,0.251,39.8
0.0,0.228,39.8
0.019,0.15,39.8
0.06,0.101,39.8
0.23,0.077,39.8
0.403,0.044,39.8
0.545,0.029,39.8
0.648,0.025,39.8
0.712,0.024,39.8
0.735,0.02,39.8
0.721,0.017,39.8
0.669,0.015,39.8
0.579,0.017,39.8
0.451,0.02,39.8
0.294,0.03,39.8
0.128,0.058,39.8
0.036,0.138,39.8
0.0,0.223,39.8
0.0,0.212,39.8
0.0,0.165,39.8
0.0,0.132,39.8
0.0,0.102,39.8
0.0,0.088,39.8
0.0,0.094,39.8
0.0,0.117,39.8
0.0,0.14,39.8
0.02,0.144,39.8
0.068,0.1,39.8
0.216,0.084,39.8
0.376,0.095,39.8
0.519,0.132,39.8
0.626,0.169,39.8
0.687,0.197,39.8
0.711,0.224,39.8
0.7,0.249,39.8
0.653,0.264,39.8
0.563,0.261,39.8
0.426,0.246,39.8
0.271,0.223,39.8
0.128,0.191,39.8
0.04,0.16,39.8
0.0,0.138,39.8
0.0,0.102,39.8
0.0,0.054,39.8
0.0,0.015,39.8
0.0,0.004,39.8
0.0,0.024,39.8
0.0,0.093,39.8
0.0,0.203,39.8
0.0,0.305,39.8
0.024,0.3,39.8
0.079,0.206,39.8
0.204,0.21,39.8
0.342,0.229,39.8
0.46,0.239,39.8
0.542,0.257,39.8
0.571,0.264,39.8
0.56,0.265,39.8
0.498,0.274,39.8
0.421,0.289,39.8
0.312,0.305,39.8
0.214,0.315,39.8
0.121,0.304,39.8
0.057,0.265,39.8
0.014,0.22,39.8
0.0,0.192,39.8
0.0,0.166,39.8
0.0,0.144,39.8
0.0,0.133,39.8
0.0,0.124,39.8
0.0,0.122,39.8
0.0,0.12,39.8
0.0,0.115,39.8
0.0,0.103,39.8
0.021,0.08,39.8
0.071,0.061,39.8
0.201,0.053,39.8
0.345,0.055,39.8
0.489,0.082,39.8
0.604,0.118,39.8
0.688,0.149,39.8
0.725,0.181,39.8
0.723,0.216,39.8
0.675,0.251,39.8
0.588,0.281,39.8
0.462,0.3,39.8
0.305,0.312,39.8
0.137,0.325,39.8
0.032,0.323,39.8
0.0,0.314,39.8
0.0,0.316,39.8
0.0,0.282,39.8
0.0,0.243,39.8
0.0,0.201,39.8
0.0,0.16,39.8
0.0,0.124,39.8
0.0,0.099,39.8
0.0,0.095,39.8
0.022,0.096,39.8
0.066,0.1,39.8
0.216,0.133,39.8
0.373,0.168,39.8
0.497,0.219,39.8
0.479,0.278,39.8
0.395,0.334,39.8
0.439,0.358,39.8
0.515,0.352,39.8
0.359,0.347,39.8
0.237,0.345,39.8
0.387,0.345,39.8
0.305,0.315,39.8
0.142,0.289,39.8
0.035,0.267,39.8
0.0,0.265,39.8
0.0,0.272,39.8
0.0,0.264,39.8
0.0,0.256,39.8
0.0,0.225,39.8
0.0,0.198,39.8
0.0,0.174,39.8
0.0,0.144,39.8
0.0,0.108,39.8
0.02,0.076,39.8
0.068,0.051,39.8
0.222,0.057,39.8
0.398,0.046,39.8
0.544,0.042,39.8
0.647,0.043,39.8
0.711,0.048,39.8
0.735,0.055,39.8
0.719,0.062,39.8
0.666,0.071,39.8
0.576,0.095,39.8
0.447,0.125,39.8
0.294,0.145,39.8
0.133,0.159,39.8
0.034,0.179,39.8
0.0,0.231,39.8
0.0,0.261,39.8
0.0,0.245,39.8
0.0,0.226,39.8
0.0,0.213,39.8
0.0,0.189,39.8
0.0,0.154,39.8
0.0,0.125,39.8
0.0,0.112,39.8
0.023,0.09,39.8
0.072,0.048,39.8
0.221,0.037,39.8
0.377,0.021,39.8
0.48,0.018,39.8
0.519,0.021,39.8
0.523,0.026,39.8
0.535,0.032,39.8
0.468,0.044,39.8
0.345,0.058,39.8
0.203,0.066,39.8
0.117,0.046,39.8
0.085,0.017,39.8
0.074,0.008,39.8
0.02,0.003,39.8
0.0,0.021,39.8
0.0,0.095,39.8
0.0,0.148,39.8
0.0,0.156,39.8
0.0,0.161,39.8
0.0,0.155,39.8
0.0,0.153,39.8
0.0,0.16,39.8
0.0,0.191,39.8
0.0,0.223,39.8
0.02,0.205,39.8
0.059,0.15,39.8
0.123,0.113,39.8
0.206,0.133,39.8
0.34,0.169,39.8
0.529,0.2,39.8
0.617,0.219,39.8
0.65,0.231,39.8
0.612,0.249,39.8
0.52,0.267,39.8
0.402,0.278,39.8
0.264,0.265,39.8
0.131,0.222,39.8
0.041,0.164,39.8
0.0,0.128,39.8
0.0,0.079,39.8
0.0,0.037,39.8
0.0,0.015,39.8
0.0,0.014,39.8
0.0,0.034,39.8
0.0,0.076,39.8
0.0,0.131,39.8
0.0,0.179,39.8
0.02,0.183,39.8
0.075,0.13,39.8
0.194,0.123,39.8
0.296,0.137,39.8
0.368,0.161,39.8
0.321,0.225,39.8
0.252,0.325,39.8
0.274,0.424,39.8
0.382,0.475,39.8
0.552,0.461,39.8
0.525,0.45,39.8
0.404,0.457,39.8
0.257,0.446,39.8
0.13,0.403,39.8
0.041,0.32,39.8
0.0,0.248,39.8
0.0,0.231,39.8
0.0,0.239,39.8
0.0,0.259,39.8
0.0,0.266,39.8
0.0,0.278,39.8
0.0,0.285,39.8
0.0,0.279,39.8
0.0,0.272,39.8
0.016,0.241,39.8
0.07,0.198,39.8
0.17,0.191,39.8
0.265,0.177,39.8
0.448,0.186,39.8
0.593,0.212,39.8
0.625,0.249,39.8
0.625,0.294,39.8
0.61,0.325,39.8
0.559,0.358,39.8
0.478,0.385,39.8
0.373,0.405,39.8
0.254,0.403,39.8
0.123,0.374,39.8
0.039,0.333,39.8
0.0,0.285,39.8
0.0,0.263,39.8
0.0,0.252,39.8
0.0,0.248,39.8
0.0,0.238,39.8
0.0,0.228,39.8
0.0,0.226,39.8
0.0,0.225,39.8
0.0,0.234,39.8
0.013,0.18,39.8
0.066,0.217,39.8
0.161,0.227,39.8
0.249,0.211,39.8
0.357,0.21,39.8
0.484,0.212,39.8
0.591,0.22,39.8
0.639,0.234,39.8
0.624,0.253,39.8
0.561,0.277,39.8
0.471,0.302,39.8
0.364,0.321,39.8
0.214,0.333,39.8
0.119,0.323,39.8
0.037,0.299,39.8
0.0,0.291,39.8
0.0,0.272,39.8
0.0,0.242,39.8
0.0,0.233,39.8
0.0,0.227,39.8
0.0,0.226,39.8
0.0,0.207,39.8
0.0,0.181,39.8
0.0,0.153,39.8
0.012,0.114,39.8
0.059,0.087,39.8
0.137,0.076,39.8
0.317,0.067,39.8
0.45,0.07,39.8
0.589,0.08,39.8
0.67,0.095,39.8
0.719,0.118,39.8
0.71,0.148,39.8
0.663,0.178,39.8
0.575,0.201,39.8
0.451,0.216,39.8
0.298,0.225,39.8
0.135,0.225,39.8
0.032,0.218,39.8
0.0,0.222,39.8
0.0,0.227,39.8
0.0,0.201,39.8
0.0,0.177,39.8
0.0,0.151,39.8
0.0,0.123,39.8
0.0,0.1,39.8
0.0,0.078,39.8
0.0,0.057,39.8
0.017,0.036,39.8
0.066,0.018,39.8
0.197,0.01,39.8
0.363,0.009,39.8
0.525,0.012,39.8
0.637,0.017,39.8
0.695,0.024,39.8
0.713,0.032,39.8
0.685,0.041,39.8
0.616,0.044,39.8
0.495,0.041,39.8
0.416,0.039,39.8
0.29,0.041,39.8
0.131,0.045,39.8
0.03,0.068,39.8
0.0,0.123,39.8
0.0,0.157,39.8
0.0,0.179,39.8
0.0,0.194,39.8
0.0,0.186,39.8
0.0,0.163,39.8
0.0,0.134,39.8
0.0,0.104,39.8
0.0,0.074,39.8
0.016,0.048,39.8
0.059,0.02,39.8
0.212,0.013,39.8
0.379,0.011,39.8
0.521,0.008,39.8
0.623,0.005,39.8
0.678,0.003,39.8
0.685,0.002,39.8
0.657,0.002,39.8
0.597,0.003,39.8
0.509,0.003,39.8
0.385,0.002,39.8
0.245,0.002,39.8
0.114,0.003,39.8
0.031,0.007,39.8
0.0,0.019,39.8
0.0,0.048,39.8
0.0,0.082,39.8
0.0,0.099,39.8
0.0,0.108,39.8
0.0,0.119,39.8
0.0,0.134,39.8
0.0,0.132,39.8
0.0,0.146,39.8
0.015,0.171,39.8
0.075,0.128,39.8
0.191,0.135,39.8
0.295,0.174,39.8
0.303,0.237,39.8
0.321,0.286,39.8
0.399,0.321,39.8
0.335,0.348,39.8
0.243,0.36,39.8
0.236,0.345,39.8
0.344,0.331,39.8
0.269,0.332,39.8
0.16,0.341,39.8
0.068,0.313,39.8
0.023,0.25,39.8
0.0,0.233,39.8
0.0,0.255,39.8
0.0,0.272,39.8
0.0,0.275,39.8
0.0,0.245,39.8
0.0,0.211,39.8
0.0,0.209,39.8
0.0,0.208,39.8
0.0,0.194,39.8
0.014,0.161,39.8
0.068,0.106,39.8
0.172,0.096,39.8
0.285,0.094,39.8
0.447,0.102,39.8
0.579,0.123,39.8
0.64,0.153,39.8
0.643,0.189,39.8
0.623,0.21,39.8
0.586,0.223,39.8
0.508,0.231,39.8
0.41,0.228,39.8
0.262,0.212,39.8
0.106,0.182,39.8
0.027,0.139,39.8
0.0,0.129,39.8
0.0,0.161,39.8
0.0,0.231,39.8
0.0,0.289,39.8
0.0,0.325,39.8
0.0,0.35,39.8
0.0,0.369,39.8
0.0,0.37,39.8
0.0,0.366,39.8
0.01,0.367,39.8
0.059,0.312,39.8
0.107,0.307,39.8
0.133,0.406,39.8
0.146,0.368,39.8
0.26,0.298,39.8
0.549,0.384,39.8
0.627,0.516,39.8
0.6,0.593,39.8
0.443,0.652,39.8
0.351,0.679,39.8
0.272,0.682,39.8
0.223,0.689,39.8
0.127,0.657,39.8
0.035,0.58,39.8
0.0,0.526,39.8
0.0,0.476,39.8
0.0,0.45,39.8
0.0,0.44,39.8
0.0,0.394,39.8
0.0,0.365,39.8
0.0,0.302,39.8
0.0,0.249,39.8
0.0,0.22,39.8
0.013,0.159,39.8
0.059,0.089,39.8
0.2,0.08,39.8
0.354,0.103,39.8
0.485,0.136,39.8
0.522,0.148,39.8
0.58,0.148,39.8
0.679,0.163,39.8
0.685,0.187,39.8
0.633,0.193,39.8
0.546,0.193,39.8
0.425,0.203,39.8
0.28,0.193,39.8
0.122,0.146,39.8
0.031,0.134,39.8
0.0,0.136,39.8
0.0,0.112,39.8
0.0,0.068,39.8
0.0,0.036,39.8
0.0,0.02,39.8
0.0,0.016,39.8
0.0,0.049,39.8
0.0,0.128,39.8
0.0,0.216,39.8
0.008,0.266,39.8
0.043,0.218,39.8
0.093,0.198,39.8
0.241,0.338,39.8
0.422,0.399,39.8
0.453,0.383,39.8
0.483,0.337,39.8
0.574,0.278,39.8
0.627,0.225,39.8
0.597,0.185,39.8
0.495,0.158,39.8
0.337,0.143,39.8
0.209,0.127,39.8
0.102,0.108,39.8
0.031,0.095,39.8
0.0,0.091,39.8
0.0,0.084,39.8
0.0,0.079,39.8
0.0,0.074,39.8
0.0,0.063,39.8
0.0,0.051,39.8
0.0,0.054,39.8
0.0,0.08,39.8
0.0,0.111,39.8
0.011,0.13,39.8
0.049,0.1,39.8
0.2,0.05,39.8
0.363,0.07,39.8
0.501,0.074,39.8
0.603,0.064,39.8
0.664,0.054,39.8
0.688,0.045,39.8
0.673,0.035,39.8
0.623,0.028,39.8
0.537,0.024,39.8
0.415,0.023,39.8
0.268,0.025,39.8
0.116,0.036,39.8
0.025,0.078,39.8
0.0,0.203,39.8
0.0,0.343,39.8
0.0,0.413,39.8
0.0,0.41,39.8
0.0,0.394,39.8
0.0,0.402,39.8
0.0,0.444,39.8
0.0,0.503,39.8
0.0,0.532,39.8
0.011,0.512,39.8
0.052,0.354,39.8
0.192,0.179,39.8
0.35,0.106,39.8
0.483,0.161,39.8
0.577,0.183,39.8
0.635,0.161,39.8
0.655,0.152,39.8
0.632,0.155,39.8
0.581,0.161,39.8
0.49,0.17,39.8
0.369,0.184,39.8
0.246,0.188,39.8
0.112,0.191,39.8
0.027,0.207,39.8
0.0,0.234,39.8
0.0,0.225,39.8
0.0,0.184,39.8
0.0,0.15,39.8
0.0,0.137,39.8
0.0,0.146,39.8
0.0,0.167,39.8
0.0,0.192,39.8
0.0,0.226,39.8
0.01,0.242,39.8
0.06,0.171,39.8
0.171,0.123,39.8
0.269,0.144,39.8
0.352,0.187,39.8
0.4,0.183,39.8
0.449,0.188,39.8
0.484,0.18,39.8
0.522,0.159,39.8
0.51,0.136,39.8
0.452,0.114,39.8
0.353,0.104,39.8
0.224,0.096,39.8
0.104,0.063,39.8
0.026,0.075,39.8
0.0,0.214,39.8
0.0,0.422,39.8
0.0,0.552,39.8
0.0,0.577,39.8
0.0,0.565,39.8
0.0,0.527,39.8
0.0,0.474,39.8
0.0,0.404,39.8
0.0,0.283,39.8
0.008,0.174,39.8
0.057,0.093,39.8
0.129,0.031,39.8
0.222,0.014,39.8
0.31,0.015,39.8
0.444,0.016,39.8
0.558,0.021,39.8
0.592,0.031,39.8
0.592,0.048,39.8
0.542,0.077,39.8
0.45,0.152,39.8
0.343,0.311,39.8
0.218,0.472,39.8
0.094,0.522,39.8
0.019,0.494,39.8
0.0,0.402,39.8
0.0,0.324,39.8
0.0,0.276,39.8
0.0,0.225,39.8
0.0,0.192,39.8
0.0,0.175,39.8
0.0,0.152,39.8
0.0,0.144,39.8
0.0,0.164,39.8
0.007,0.171,39.8
0.067,0.138,39.8
0.175,0.134,39.8
0.258,0.131,39.8
0.272,0.114,39.8
0.231,0.095,39.8
0.172,0.098,39.8
0.181,0.088,39.8
0.198,0.051,39.8
0.186,0.037,39.8
0.141,0.047,39.8
0.092,0.084,39.8
0.059,0.141,39.8
0.028,0.187,39.8
0.003,0.199,39.8
0.0,0.205,39.8
0.0,0.244,39.8
0.0,0.258,39.8
0.0,0.272,39.8
0.0,0.261,39.8
0.0,0.245,39.8
0.0,0.247,39.8
0.0,0.273,39.8
0.0,0.279,39.8
0.0,0.311,39.8
0.026,0.291,39.8
0.072,0.295,39.8
0.118,0.29,39.8
0.151,0.278,39.8
0.17,0.273,39.8
0.191,0.269,39.8
0.209,0.274,39.8
0.204,0.292,39.8
0.222,0.328,39.8
0.214,0.369,39.8
0.198,0.386,39.8
0.144,0.369,39.8
0.078,0.3,39.8
0.021,0.191,39.8
0.0,0.148,39.8
0.0,0.164,39.8
0.0,0.213,39.8
0.0,0.261,39.8
0.0,0.274,39.8
0.0,0.261,39.8
0.0,0.251,39.8
0.0,0.255,39.8
0.0,0.264,39.8
0.006,0.243,39.8
0.047,0.14,39.8
0.196,0.112,39.8
0.369,0.121,39.8
0.517,0.105,39.8
0.626,0.093,39.8
0.694,0.087,39.8
0.721,0.077,39.8
0.709,0.061,39.8
0.658,0.044,39.8
0.566,0.027,39.8
0.437,0.013,39.8
0.279,0.006,39.8
0.116,0.003,39.8
0.022,0.004,39.8
0.0,0.014,39.8
0.0,0.042,39.8
0.0,0.091,39.8
0.0,0.161,39.8
0.0,0.244,39.8
0.0,0.323,39.8
0.0,0.379,39.8
0.0,0.407,39.8
0.0,0.407,39.8
0.005,0.38,39.8
0.044,0.241,39.8
0.197,0.195,39.8
0.365,0.251,39.8
0.509,0.323,39.8
0.616,0.391,39.8
0.682,0.459,39.8
0.697,0.522,39.8
0.644,0.569,39.8
0.587,0.593,39.8
0.538,0.599,39.8
0.413,0.594,39.8
0.255,0.574,39.8
0.11,0.517,39.8
0.023,0.419,39.8
0.0,0.364,39.8
0.0,0.375,39.8
0.0,0.395,39.8
0.0,0.413,39.8
0.0,0.394,39.8
0.0,0.374,39.8
0.0,0.367,39.8
0.0,0.378,39.8
0.0,0.393,39.8
0.002,0.391,39.8
0.042,0.431,39.8
0.096,0.569,39.8
0.172,0.609,39.8
0.269,0.609,39.8
0.379,0.613,39.8
0.419,0.627,39.8
0.386,0.63,39.8
0.323,0.613,39.8
0.322,0.597,39.8
0.321,0.574,39.8
0.282,0.532,39.8
0.182,0.488,39.8
0.089,0.432,39.8
0.025,0.36,39.8
0.0,0.339,39.8
0.0,0.329,39.8
0.0,0.334,39.8
0.0,0.349,39.8
0.0,0.366,39.8
0.0,0.376,39.8
0.0,0.379,39.8
0.0,0.389,39.8
0.0,0.395,39.8
0.004,0.362,39.8
0.047,0.261,39.8
0.192,0.297,39.8
0.358,0.329,39.8
0.501,0.344,39.8
0.604,0.338,39.8
0.662,0.302,39.8
0.684,0.259,39.8
0.655,0.248,39.8
0.556,0.241,39.8
0.368,0.226,39.8
0.254,0.214,39.8
0.195,0.193,39.8
0.097,0.163,39.8
0.021,0.137,39.8
0.0,0.127,39.8
0.0,0.106,39.8
0.0,0.089,39.8
0.0,0.08,39.8
0.0,0.084,39.8
0.0,0.101,39.8
0.0,0.123,39.8
0.0,0.144,39.8
0.0,0.162,39.8
0.003,0.173,39.8
0.046,0.133,39.8
0.188,0.147,39.8
0.354,0.209,39.8
0.495,0.277,39.8
0.594,0.333,39.8
0.651,0.386,39.8
0.646,0.444,39.8
0.602,0.49,39.8
0.524,0.516,39.8
0.446,0.532,39.8
0.346,0.542,39.8
0.21,0.547,39.8
0.1,0.533,39.8
0.018,0.464,39.8
0.0,0.413,39.8
0.0,0.372,39.8
0.0,0.326,39.8
0.0,0.328,39.8
0.0,0.323,39.8
0.0,0.32,39.8
0.0,0.311,39.8
0.0,0.294,39.8
0.0,0.268,39.8
0.002,0.223,39.8
0.048,0.124,39.8
0.182,0.092,39.8
0.352,0.058,39.8
0.49,0.043,39.8
0.492,0.041,39.8
0.643,0.047,39.8
0.649,0.06,39.8
0.589,0.073,39.8
0.549,0.082,39.8
0.436,0.085,39.8
0.291,0.083,39.8
0.177,0.076,39.8
0.079,0.074,39.8
0.012,0.1,39.8
0.0,0.152,39.8
0.0,0.183,39.8
0.0,0.193,39.8
0.0,0.189,39.8
0.0,0.184,39.8
0.0,0.176,39.8
0.0,0.17,39.8
0.0,0.168,39.8
0.0,0.162,39.8
0.002,0.147,39.8
0.051,0.079,39.8
0.165,0.059,39.8
0.331,0.042,39.8
0.49,0.038,39.8
0.601,0.046,39.8
0.663,0.048,39.8
0.661,0.041,39.8
0.613,0.031,39.8
0.364,0.024,39.8
0.198,0.02,39.8
0.193,0.019,39.8
0.107,0.018,39.8
0.031,0.014,39.8
0.005,0.008,39.8
0.0,0.006,39.8
0.0,0.022,39.8
0.0,0.038,39.8
0.0,0.054,39.8
0.0,0.068,39.8
0.0,0.086,39.8
0.0,0.112,39.8
0.0,0.163,39.8
0.0,0.208,39.8
0.0,0.236,39.8
0.038,0.224,39.8
0.14,0.271,39.8
0.235,0.318,39.8
0.371,0.357,39.8
0.502,0.379,39.8
0.562,0.402,39.8
0.6,0.409,39.8
0.613,0.391,39.8
0.584,0.398,39.8
0.484,0.409,39.8
0.298,0.428,39.8
0.175,0.434,39.8
0.086,0.407,39.8
0.015,0.338,39.8
0.0,0.289,39.8
0.0,0.264,39.8
0.0,0.251,39.8
0.0,0.254,39.8
0.0,0.272,39.8
0.0,0.302,39.8
0.0,0.309,39.8
0.0,0.311,39.8
0.0,0.3,39.8
0.0,0.267,39.8
0.042,0.199,39.8
0.119,0.241,39.8
0.205,0.261,39.8
0.304,0.282,39.8
0.393,0.305,39.8
0.458,0.296,39.8
0.293,0.282,39.8
0.305,0.277,39.8
0.542,0.288,39.8
0.538,0.297,39.8
0.389,0.318,39.8
0.233,0.323,39.8
0.076,0.295,39.8
0.007,0.254,39.8
0.0,0.259,39.8
0.0,0.254,39.8
0.0,0.255,39.8
0.0,0.263,39.8
0.0,0.284,39.8
0.0,0.291,39.8
0.0,0.311,39.8
0.0,0.337,39.8
0.0,0.354,39.8
0.0,0.35,39.8
0.043,0.275,39.8
0.169,0.378,39.8
0.312,0.42,39.8
0.453,0.451,39.8
0.597,0.476,39.8
0.654,0.491,39.8
0.685,0.5,39.8
0.67,0.507,39.8
0.619,0.519,39.8
0.53,0.528,39.8
0.406,0.511,39.8
0.256,0.481,39.8
0.102,0.456,39.8
0.015,0.403,39.8
0.0,0.379,39.8
0.0,0.388,39.8
0.0,0.401,39.8
0.0,0.41,39.8
0.0,0.412,39.8
0.0,0.403,39.8
0.0,0.384,39.8
0.0,0.373,39.8
0.0,0.355,39.8
0.0,0.323,39.8
0.045,0.236,39.8
0.149,0.267,39.8
0.331,0.324,39.8
0.481,0.356,39.8
0.551,0.362,39.8
0.631,0.355,39.8
0.705,0.351,39.8
0.653,0.324,39.8
0.305,0.289,39.8
0.294,0.212,39.8
0.291,0.142,39.8
0.17,0.088,39.8
0.085,0.044,39.8
0.013,0.008,39.8
0.0,0.018,39.8
0.0,0.094,39.8
0.0,0.22,39.8
0.0,0.347,39.8
0.0,0.399,39.8
0.0,0.389,39.8
0.0,0.374,39.8
0.0,0.366,39.8
0.0,0.352,39.8
0.0,0.355,39.8
0.031,0.415,39.8
0.143,0.434,39.8
0.301,0.454,39.8
0.417,0.48,39.8
0.43,0.475,39.8
0.338,0.441,39.8
0.222,0.382,39.8
0.115,0.281,39.8
0.116,0.231,39.8
0.124,0.28,39.8
0.159,0.343,39.8
0.138,0.395,39.8
0.061,0.407,39.8
0.007,0.484,39.8
0.0,0.544,39.8
0.0,0.591,39.8
0.0,0.619,39.8
0.0,0.638,39.8
0.0,0.692,39.8
0.0,0.714,39.8
0.0,0.725,39.8
0.0,0.742,39.8
0.0,0.756,39.8
0.0,0.772,39.8
0.04,0.779,39.8
0.127,0.903,39.8
0.269,0.932,39.8
0.487,0.93,39.8
0.603,0.924,39.8
0.683,0.924,39.8
0.712,0.93,39.8
0.686,0.937,39.8
0.637,0.942,39.8
0.53,0.942,39.8
0.397,0.934,39.8
0.245,0.91,39.8
0.099,0.868,39.8
0.012,0.787,39.8
0.0,0.7,39.8
0.0,0.644,39.8
0.0,0.619,39.8
0.0,0.608,39.8
0.0,0.568,39.8
0.0,0.507,39.8
0.0,0.464,39.8
0.0,0.454,39.8
0.0,0.422,39.8
0.0,0.396,39.8
0.039,0.318,39.8
0.122,0.416,39.8
0.174,0.525,39.8
0.197,0.501,39.8
0.272,0.488,39.8
0.502,0.464,39.8
0.697,0.47,39.8
0.437,0.502,39.8
0.322,0.499,39.8
0.285,0.486,39.8
0.257,0.466,39.8
0.184,0.466,39.8
0.077,0.46,39.8
0.009,0.413,39.8
0.0,0.383,39.8
0.0,0.349,39.8
0.0,0.37,39.8
0.0,0.376,39.8
0.0,0.364,39.8
0.0,0.352,39.8
0.0,0.347,39.8
0.0,0.345,39.8
0.0,0.348,39.8
0.0,0.343,39.8
0.039,0.251,39.8
0.183,0.263,39.8
0.351,0.305,39.8
0.486,0.295,39.8
0.552,0.291,39.8
0.57,0.302,39.8
0.536,0.32,39.8
0.396,0.328,39.8
0.311,0.312,39.8
0.185,0.268,39.8
0.133,0.209,39.8
0.089,0.153,39.8
0.044,0.102,39.8
0.003,0.097,39.8
0.0,0.137,39.8
0.0,0.192,39.8
0.0,0.221,39.8
0.0,0.253,39.8
0.0,0.279,39.8
0.0,0.291,39.8
0.0,0.291,39.8
0.0,0.279,39.8
0.0,0.285,39.8
0.0,0.301,39.8
0.039,0.282,39.8
0.165,0.238,39.8
0.323,0.267,39.8
0.453,0.352,39.8
0.537,0.395,39.8
0.539,0.398,39.8
0.436,0.425,39.8
0.433,0.429,39.8
0.481,0.388,39.8
0.416,0.355,39.8
0.317,0.329,39.8
0.22,0.312,39.8
0.09,0.252,39.8
0.009,0.201,39.8
0.0,0.223,39.8
0.0,0.254,39.8
0.0,0.302,39.8
0.0,0.345,39.8
0.0,0.352,39.8
0.0,0.332,39.8
0.0,0.307,39.8
0.0,0.297,39.8
0.0,0.296,39.8
0.0,0.301,39.8
0.039,0.237,39.8
0.173,0.198,39.8
0.346,0.225,39.8
0.49,0.223,39.8
0.572,0.235,39.8
0.533,0.27,39.8
0.342,0.334,39.8
0.269,0.376,39.8
0.342,0.371,39.8
0.368,0.363,39.8
0.236,0.383,39.8
0.142,0.398,39.8
0.045,0.337,39.8
0.0,0.307,39.8
0.0,0.347,39.8
0.0,0.38,39.8
0.0,0.383,39.8
0.0,0.405,39.8
0.0,0.457,39.8
0.0,0.559,39.8
0.0,0.582,39.8
0.0,0.538,39.8
0.0,0.516,39.8
0.0,0.501,39.8
0.021,0.519,39.8
0.108,0.515,39.8
0.226,0.604,39.8
0.371,0.657,39.8
0.392,0.663,39.8
0.384,0.649,39.8
0.506,0.636,39.8
0.607,0.646,39.8
0.572,0.66,39.8
0.501,0.648,39.8
0.387,0.631,39.8
0.219,0.589,39.8
0.076,0.432,39.8
0.004,0.358,39.8
0.0,0.376,39.8
0.0,0.343,39.8
0.0,0.289,39.8
0.0,0.216,39.8
0.0,0.158,39.8
0.0,0.127,39.8
0.0,0.135,39.8
0.0,0.169,39.8
0.0,0.196,39.8
0.0,0.223,39.8
0.037,0.184,39.8
0.135,0.132,39.8
0.163,0.154,39.8
0.156,0.212,39.8
0.399,0.291,39.8
0.614,0.314,39.8
0.542,0.337,39.8
0.489,0.367,39.8
0.448,0.401,39.8
0.196,0.429,39.8
0.097,0.391,39.8
0.053,0.291,39.8
0.014,0.237,39.8
0.0,0.29,39.8
0.0,0.4,39.8
0.0,0.476,39.8
0.0,0.482,39.8
0.0,0.422,39.8
0.0,0.355,39.8
0.0,0.388,39.8
0.0,0.406,39.8
0.0,0.433,39.8
0.0,0.477,39.8
0.0,0.501,39.8
0.019,0.538,39.8
0.071,0.558,39.8
0.121,0.596,39.8
0.152,0.615,39.8
0.175,0.618,39.8
0.198,0.607,39.8
0.247,0.599,39.8
0.393,0.602,39.8
0.222,0.555,39.8
0.2,0.491,39.8
0.176,0.47,39.8
0.094,0.4,39.8
0.031,0.295,39.8
0.0,0.308,39.8
0.0,0.309,39.8
0.0,0.274,39.8
0.0,0.238,39.8
0.0,0.227,39.8
0.0,0.213,39.8
0.0,0.198,39.8
0.0,0.211,39.8
0.0,0.207,39.8
0.0,0.13,39.8
0.0,0.077,39.8
0.0,0.05,39.8
0.021,0.032,39.8
0.063,0.023,39.8
0.091,0.02,39.8
0.154,0.024,39.8
0.192,0.054,39.8
0.269,0.128,39.8
0.37,0.237,39.8
0.483,0.361,39.8
0.429,0.454,39.8
0.344,0.505,39.8
0.233,0.521,39.8
0.086,0.518,39.8
0.004,0.519,39.8
0.0,0.501,39.8
0.0,0.459,39.8
0.0,0.449,39.8
0.0,0.457,39.8
0.0,0.46,39.8
0.0,0.45,39.8
0.0,0.422,39.8
0.0,0.401,39.8
0.0,0.401,39.8
0.0,0.41,39.8
0.027,0.367,39.8
0.173,0.364,39.8
0.349,0.51,39.8
0.495,0.558,39.8
0.598,0.59,39.8
0.663,0.606,39.8
0.689,0.62,39.8
0.59,0.624,39.8
0.51,0.601,39.8
0.463,0.559,39.8
0.308,0.54,39.8
0.212,0.528,39.8
0.075,0.498,39.8
0.002,0.472,39.8
0.0,0.45,39.8
0.0,0.406,39.8
0.0,0.402,39.8
0.0,0.406,39.8
0.0,0.394,39.8
0.0,0.376,39.8
0.0,0.36,39.8
0.0,0.351,39.8
0.0,0.339,39.8
0.0,0.339,39.8
0.026,0.264,39.8
0.17,0.148,39.8
0.348,0.192,39.8
0.497,0.233,39.8
0.602,0.264,39.8
0.665,0.287,39.8
0.69,0.301,39.8
0.673,0.304,39.8
0.617,0.296,39.8
0.519,0.282,39.8
0.362,0.264,39.8
0.192,0.245,39.8
0.067,0.22,39.8
0.001,0.212,39.8
0.0,0.2,39.8
0.0,0.168,39.8
0.0,0.137,39.8
0.0,0.123,39.8
0.0,0.127,39.8
0.0,0.132,39.8
0.0,0.123,39.8
0.0,0.107,39.8
0.0,0.105,39.8
0.0,0.12,39.8
0.025,0.133,39.8
0.169,0.079,39.8
0.349,0.061,39.8
0.504,0.05,39.8
0.599,0.035,39.8
0.638,0.028,39.8
0.664,0.021,39.8
0.635,0.014,39.8
0.56,0.009,39.8
0.388,0.004,39.8
0.265,0.002,39.8
0.176,0.002,39.8
0.074,0.003,39.8
0.0,0.005,39.8
0.0,0.015,39.8
0.0,0.034,39.8
0.0,0.062,39.8
0.0,0.095,39.8
0.0,0.113,39.8
0.0,0.101,39.8
0.0,0.076,39.8
0.0,0.064,39.8
0.0,0.068,39.8
0.0,0.083,39.8
0.023,0.102,39.8
0.163,0.071,39.8
0.282,0.052,39.8
0.356,0.074,39.8
0.432,0.087,39.8
0.613,0.101,39.8
0.709,0.108,39.8
0.699,0.113,39.8
0.644,0.112,39.8
0.547,0.105,39.8
0.411,0.097,39.8
0.241,0.087,39.8
0.075,0.088,39.8
0.0,0.102,39.8
0.0,0.101,39.8
0.0,0.09,39.8
0.0,0.085,39.8
0.0,0.076,39.8
0.0,0.053,39.8
0.0,0.028,39.8
0.0,0.012,39.8
0.0,0.007,39.8
0.0,0.01,39.8
0.0,0.022,39.8
0.023,0.035,39.8
0.153,0.022,39.8
0.322,0.01,39.8
0.467,0.017,39.8
0.571,0.019,39.8
0.636,0.022,39.8
0.662,0.022,39.8
0.651,0.024,39.8
0.603,0.028,39.8
0.517,0.038,39.8
0.388,0.054,39.8
0.227,0.078,39.8
0.07,0.133,39.8
0.0,0.253,39.8
0.0,0.379,39.8
0.0,0.447,39.8
0.0,0.464,39.8
0.0,0.451,39.8
0.0,0.426,39.8
0.0,0.382,39.8
0.0,0.325,39.8
0.0,0.266,39.8
0.0,0.211,39.8
0.0,0.171,39.8
0.019,0.146,39.8
0.163,0.086,39.8
0.344,0.032,39.8
0.496,0.032,39.8
0.602,0.071,39.8
0.669,0.077,39.8
0.696,0.072,39.8
0.681,0.061,39.8
0.626,0.05,39.8
0.53,0.041,39.8
0.394,0.035,39.8
0.227,0.033,39.8
0.067,0.033,39.8
0.0,0.059,39.8
0.0,0.122,39.8
0.0,0.202,39.8
0.0,0.261,39.8
0.0,0.268,39.8
0.0,0.238,39.8
0.0,0.209,39.8
0.0,0.2,39.8
0.0,0.202,39.8
0.0,0.211,39.8
0.0,0.22,39.8
0.02,0.22,39.8
0.116,0.14,39.8
0.239,0.056,39.8
0.361,0.037,39.8
0.471,0.069,39.8
0.554,0.076,39.8
0.582,0.058,39.8
0.576,0.038,39.8
0.558,0.022,39.8
0.488,0.012,39.8
0.36,0.005,39.8
0.213,0.002,39.8
0.065,0.01,39.8
0.0,0.048,39.8
0.0,0.125,39.8
0.0,0.219,39.8
0.0,0.289,39.8
0.0,0.308,39.8
0.0,0.285,39.8
0.0,0.237,39.8
0.0,0.177,39.8
0.0,0.116,39.8
0.0,0.068,39.8
0.0,0.039,39.8
0.019,0.028,39.8
0.148,0.014,39.8
0.318,0.009,39.8
0.466,0.022,39.8
0.561,0.048,39.8
0.625,0.047,39.8
0.649,0.041,39.8
0.624,0.031,39.8
0.567,0.021,39.8
0.47,0.014,39.8
0.357,0.012,39.8
0.197,0.017,39.8
0.057,0.039,39.8
0.0,0.1,39.8
0.0,0.183,39.8
0.0,0.254,39.8
0.0,0.291,39.8
0.0,0.28,39.8
0.0,0.238,39.8
0.0,0.184,39.8
0.0,0.135,39.8
0.0,0.102,39.8
0.0,0.08,39.8
0.0,0.063,39.8
0.017,0.053,39.8
0.136,0.032,39.8
0.3,0.013,39.8
0.447,0.016,39.8
0.552,0.034,39.8
0.62,0.041,39.8
0.646,0.043,39.8
0.628,0.048,39.8
0.576,0.052,39.8
0.477,0.054,39.8
0.319,0.057,39.8
0.18,0.058,39.8
0.053,0.057,39.8
0.0,0.048,39.8
0.0,0.041,39.8
0.0,0.041,39.8
0.0,0.053,39.8
0.0,0.089,39.8
0.0,0.154,39.8
0.0,0.245,39.8
0.0,0.308,39.8
0.0,0.304,39.8
0.0,0.265,39.8
0.0,0.239,39.8
0.017,0.191,39.8
0.077,0.121,39.8
0.106,0.118,39.8
0.119,0.157,39.8
0.149,0.174,39.8
0.201,0.175,39.8
0.227,0.183,39.8
0.273,0.188,39.8
0.301,0.195,39.8
0.198,0.192,39.8
0.087,0.159,39.8
0.04,0.115,39.8
0.01,0.084,39.8
0.0,0.066,39.8
0.0,0.06,39.8
0.0,0.086,39.8
0.0,0.134,39.8
0.0,0.171,39.8
0.0,0.187,39.8
0.0,0.141,39.8
0.0,0.101,39.8
0.0,0.143,39.8
0.0,0.179,39.8
0.0,0.179,39.8
0.014,0.159,39.8
0.115,0.133,39.8
0.231,0.189,39.8
0.354,0.208,39.8
0.457,0.217,39.8
0.544,0.241,39.8
0.566,0.261,39.8
0.482,0.269,39.8
0.477,0.254,39.8
0.402,0.22,39.8
0.336,0.185,39.8
0.203,0.154,39.8
0.057,0.136,39.8
0.0,0.163,39.8
0.0,0.19,39.8
0.0,0.176,39.8
0.0,0.135,39.8
0.0,0.09,39.8
0.0,0.065,39.8
0.0,0.061,39.8
0.0,0.071,39.8
0.0,0.096,39.8
0.0,0.122,39.8
0.0,0.141,39.8
0.015,0.145,39.8
0.158,0.088,39.8
0.344,0.079,39.8
0.5,0.083,39.8
0.605,0.082,39.8
0.636,0.086,39.8
0.617,0.09,39.8
0.549,0.09,39.8
0.436,0.086,39.8
0.321,0.076,39.8
0.22,0.058,39.8
0.111,0.04,39.8
0.037,0.023,39.8
0.0,0.007,39.8
0.0,0.001,39.8
0.0,0.011,39.8
0.0,0.049,39.8
0.0,0.109,39.8
0.0,0.179,39.8
0.0,0.222,39.8
0.0,0.224,39.8
0.0,0.205,39.8
0.0,0.188,39.8
0.0,0.187,39.8
0.013,0.201,39.8
0.157,0.147,39.8
0.34,0.066,39.8
0.489,0.077,39.8
0.592,0.151,39.8
0.649,0.208,39.8
0.62,0.291,39.8
0.505,0.372,39.8
0.395,0.429,39.8
0.271,0.457,39.8
0.188,0.44,39.8
0.101,0.479,39.8
0.025,0.587,39.8
0.0,0.626,39.8
0.0,0.556,39.8
0.0,0.443,39.8
0.0,0.355,39.8
0.0,0.31,39.8
0.0,0.272,39.8
0.0,0.256,39.8
0.0,0.247,39.8
0.0,0.243,39.8
0.0,0.242,39.8
0.0,0.245,39.8
0.0,0.231,39.8
0.063,0.179,39.8
0.254,0.178,39.8
0.391,0.175,39.8
0.305,0.177,39.8
0.418,0.17,39.8
0.645,0.179,39.8
0.662,0.207,39.8
0.569,0.248,39.8
0.496,0.27,39.8
0.358,0.267,39.8
0.183,0.257,39.8
0.049,0.227,39.8
0.0,0.206,39.8
0.0,0.171,39.8
0.0,0.124,39.8
0.0,0.098,39.8
0.0,0.106,39.8
0.0,0.14,39.8
0.0,0.175,39.8
0.0,0.184,39.8
0.0,0.181,39.8
0.0,0.155,39.8
0.0,0.114,39.8
0.01,0.102,39.8
0.151,0.082,39.8
0.339,0.095,39.8
0.498,0.132,39.8
0.614,0.16,39.8
0.688,0.167,39.8
0.722,0.17,39.8
0.707,0.172,39.8
0.649,0.182,39.8
0.547,0.187,39.8
0.398,0.176,39.8
0.167,0.164,39.8
0.03,0.167,39.8
0.0,0.175,39.8
0.0,0.192,39.8
0.0,0.251,39.8
0.0,0.302,39.8
0.0,0.31,39.8
0.0,0.323,39.8
0.0,0.351,39.8
0.0,0.371,39.8
0.0,0.376,39.8
0.0,0.368,39.8
0.0,0.367,39.8
0.009,0.341,39.8
0.133,0.264,39.8
0.307,0.391,39.8
0.459,0.436,39.8
0.525,0.438,39.8
0.6,0.415,39.8
0.647,0.388,39.8
0.596,0.37,39.8
0.542,0.351,39.8
0.506,0.323,39.8
0.337,0.294,39.8
0.14,0.272,39.8
0.025,0.241,39.8
0.0,0.216,39.8
0.0,0.22,39.8
0.0,0.235,39.8
0.0,0.261,39.8
0.0,0.278,39.8
0.0,0.294,39.8
0.0,0.308,39.8
0.0,0.312,39.8
0.0,0.313,39.8
0.0,0.323,39.8
0.0,0.364,39.8
0.008,0.367,39.8
0.127,0.394,39.8
0.29,0.557,39.8
0.425,0.634,39.8
0.508,0.661,39.8
0.516,0.682,39.8
0.396,0.702,39.8
0.241,0.7,39.8
0.187,0.654,39.8
0.197,0.587,39.8
0.223,0.547,39.8
0.159,0.482,39.8
0.034,0.395,39.8
0.0,0.379,39.8
0.0,0.416,39.8
0.0,0.462,39.8
0.0,0.491,39.8
0.0,0.521,39.8
0.0,0.552,39.8
0.0,0.549,39.8
0.0,0.532,39.8
0.0,0.496,39.8
0.0,0.435,39.8
0.0,0.423,39.8
0.005,0.432,39.8
0.134,0.368,39.8
0.316,0.512,39.8
0.47,0.532,39.8
0.573,0.54,39.8
0.648,0.552,39.8
0.51,0.557,39.8
0.487,0.541,39.8
0.444,0.527,39.8
0.475,0.51,39.8
0.301,0.472,39.8
0.143,0.417,39.8
0.036,0.342,39.8
0.0,0.294,39.8
0.0,0.25,39.8
0.0,0.183,39.8
0.0,0.113,39.8
0.0,0.062,39.8
0.0,0.07,39.8
0.0,0.127,39.8
0.0,0.205,39.8
0.0,0.294,39.8
0.0,0.348,39.8
0.0,0.364,39.8
0.006,0.362,39.8
0.12,0.251,39.8
0.211,0.254,39.8
0.223,0.331,39.8
0.295,0.386,39.8
0.51,0.428,39.8
0.611,0.459,39.8
0.466,0.491,39.8
0.339,0.519,39.8
0.251,0.516,39.8
0.133,0.481,39.8
0.044,0.386,39.8
0.003,0.331,39.8
0.0,0.352,39.8
0.0,0.342,39.8
0.0,0.337,39.8
0.0,0.319,39.8
0.0,0.305,39.8
0.0,0.258,39.8
0.0,0.238,39.8
0.0,0.212,39.8
0.0,0.195,39.8
0.0,0.186,39.8
0.0,0.177,39.8
0.004,0.168,39.8
0.129,0.13,39.8
0.304,0.124,39.8
0.46,0.137,39.8
0.527,0.153,39.8
0.5,0.185,39.8
0.418,0.226,39.8
0.321,0.259,39.8
0.303,0.286,39.8
0.243,0.332,39.8
0.152,0.388,39.8
0.072,0.391,39.8
0.015,0.344,39.8
0.0,0.361,39.8
0.0,0.355,39.8
0.0,0.346,39.8
0.0,0.332,39.8
0.0,0.341,39.8
0.0,0.362,39.8
0.0,0.362,39.8
0.0,0.34,39.8
0.0,0.315,39.8
0.0,0.272,39.8
0.0,0.243,39.8
0.002,0.231,39.8
0.103,0.181,39.8
0.257,0.181,39.8
0.399,0.205,39.8
0.477,0.199,39.8
0.576,0.193,39.8
0.626,0.179,39.8
0.567,0.17,39.8
0.478,0.185,39.8
0.402,0.2,39.8
0.288,0.206,39.8
0.146,0.208,39.8
0.024,0.201,39.8
0.0,0.229,39.8
0.0,0.218,39.8
0.0,0.169,39.8
0.0,0.115,39.8
0.0,0.078,39.8
0.0,0.063,39.8
0.0,0.076,39.8
0.0,0.115,39.8
0.0,0.173,39.8
0.0,0.209,39.8
0.0,0.206,39.8
0.002,0.192,39.8
0.129,0.124,39.8
0.297,0.071,39.8
0.409,0.073,39.8
0.488,0.083,39.8
0.547,0.092,39.8
0.568,0.107,39.8
0.532,0.125,39.8
0.501,0.134,39.8
0.389,0.125,39.8
0.224,0.102,39.8
0.078,0.074,39.8
0.007,0.048,39.8
0.0,0.024,39.8
0.0,0.012,39.8
0.0,0.014,39.8
0.0,0.02,39.8
0.0,0.026,39.8
0.0,0.029,39.8
0.0,0.03,39.8
0.0,0.031,39.8
0.0,0.032,39.8
0.0,0.03,39.8
0.0,0.031,39.8
0.001,0.034,39.8
0.127,0.028,39.8
0.318,0.007,39.8
0.482,0.007,39.8
0.603,0.011,39.8
0.677,0.01,39.8
0.705,0.018,39.8
0.685,0.035,39.8
0.62,0.059,39.8
0.518,0.078,39.8
0.368,0.085,39.8
0.187,0.091,39.8
0.029,0.147,39.8
0.0,0.213,39.8
0.0,0.213,39.8
0.0,0.131,39.8
0.0,0.067,39.8
0.0,0.042,39.8
0.0,0.061,39.8
0.0,0.121,39.8
0.0,0.201,39.8
0.0,0.279,39.8
0.0,0.324,39.8
0.0,0.358,39.8
0.0,0.375,39.8
0.023,0.31,39.8
0.04,0.274,39.8
0.068,0.293,39.8
0.177,0.481,39.8
0.184,0.603,39.8
0.149,0.644,39.8
0.148,0.668,39.8
0.185,0.692,39.8
0.19,0.684,39.8
0.125,0.63,39.8
0.049,0.543,39.8
0.011,0.532,39.8
0.0,0.58,39.8
0.0,0.591,39.8
0.0,0.554,39.8
0.0,0.516,39.8
0.0,0.479,39.8
0.0,0.409,39.8
0.0,0.367,39.8
0.0,0.343,39.8
0.0,0.35,39.8
0.0,0.339,39.8
0.0,0.343,39.8
0.0,0.338,39.8
0.095,0.259,39.8
0.244,0.266,39.8
0.432,0.337,39.8
0.533,0.347,39.8
0.624,0.345,39.8
0.681,0.337,39.8
0.661,0.337,39.8
0.576,0.338,39.8
0.477,0.347,39.8
0.356,0.375,39.8
0.155,0.403,39.8
0.017,0.403,39.8
0.0,0.43,39.8
0.0,0.449,39.8
0.0,0.468,39.8
0.0,0.448,39.8
0.0,0.44,39.8
0.0,0.42,39.8
0.0,0.398,39.8
0.0,0.354,39.8
0.0,0.328,39.8
0.0,0.323,39.8
0.0,0.323,39.8
0.0,0.294,39.8
0.058,0.169,39.8
0.156,0.102,39.8
0.264,0.084,39.8
0.289,0.086,39.8
0.296,0.099,39.8
0.372,0.099,39.8
0.405,0.095,39.8
0.426,0.104,39.8
0.346,0.121,39.8
0.269,0.141,39.8
0.145,0.168,39.8
0.023,0.249,39.8
0.0,0.37,39.8
0.0,0.391,39.8
0.0,0.354,39.8
0.0,0.329,39.8
0.0,0.317,39.8
0.0,0.297,39.8
0.0,0.274,39.8
0.0,0.253,39.8
0.0,0.243,39.8
0.0,0.231,39.8
0.0,0.233,39.8
0.0,0.234,39.8
0.12,0.136,39.8
0.315,0.06,39.8
0.478,0.11,39.8
0.588,0.073,39.8
0.67,0.047,39.8
0.706,0.042,39.8
0.688,0.039,39.8
0.628,0.035,39.8
0.524,0.033,39.8
0.373,0.034,39.8
0.187,0.042,39.8
0.022,0.079,39.8
0.0,0.122,39.8
0.0,0.152,39.8
0.0,0.164,39.8
0.0,0.158,39.8
0.0,0.139,39.8
0.0,0.123,39.8
0.0,0.119,39.8
0.0,0.127,39.8
0.0,0.146,39.8
0.0,0.169,39.8
0.0,0.191,39.8
0.0,0.22,39.8
0.117,0.211,39.8
0.31,0.12,39.8
0.477,0.124,39.8
0.595,0.154,39.8
0.668,0.146,39.8
0.694,0.156,39.8
0.676,0.169,39.8
0.612,0.176,39.8
0.51,0.175,39.8
0.361,0.179,39.8
0.173,0.179,39.8
0.016,0.18,39.8
0.0,0.184,39.8
0.0,0.159,39.8
0.0,0.11,39.8
0.0,0.056,39.8
0.0,0.021,39.8
0.0,0.008,39.8
0.0,0.005,39.8
0.0,0.012,39.8
0.0,0.024,39.8
0.0,0.039,39.8
0.0,0.058,39.8
0.0,0.076,39.8
0.032,0.059,39.8
0.107,0.046,39.8
0.186,0.056,39.8
0.269,0.076,39.8
0.277,0.096,39.8
0.268,0.129,39.8
0.233,0.184,39.8
0.194,0.238,39.8
0.145,0.243,39.8
0.089,0.211,39.8
0.044,0.162,39.8
0.004,0.133,39.8
0.0,0.142,39.8
0.0,0.139,39.8
0.0,0.125,39.8
0.0,0.119,39.8
0.0,0.128,39.8
0.0,0.128,39.8
0.0,0.113,39.8
0.0,0.103,39.8
0.0,0.095,39.8
0.0,0.086,39.8
0.0,0.089,39.8
0.0,0.107,39.8
0.107,0.101,39.8
0.3,0.111,39.8
0.46,0.154,39.8
0.558,0.199,39.8
0.64,0.259,39.8
0.669,0.322,39.8
0.653,0.379,39.8
0.587,0.42,39.8
0.439,0.448,39.8
0.274,0.465,39.8
0.118,0.457,39.8
0.01,0.423,39.8
0.0,0.391,39.8
0.0,0.356,39.8
0.0,0.329,39.8
0.0,0.273,39.8
0.0,0.233,39.8
0.0,0.2,39.8
0.0,0.173,39.8
0.0,0.157,39.8
0.0,0.154,39.8
0.0,0.154,39.8
0.0,0.138,39.8
0.0,0.113,39.8
0.056,0.078,39.8
0.198,0.054,39.8
0.39,0.094,39.8
0.552,0.08,39.8
0.66,0.085,39.8
0.704,0.104,39.8
0.685,0.133,39.8
0.624,0.178,39.8
0.516,0.231,39.8
0.356,0.282,39.8
0.168,0.337,39.8
0.013,0.376,39.8
0.0,0.395,39.8
0.0,0.367,39.8
0.0,0.326,39.8
0.0,0.289,39.8
0.0,0.259,39.8
0.0,0.231,39.8
0.0,0.201,39.8
0.0,0.169,39.8
0.0,0.136,39.8
0.0,0.104,39.8
0.0,0.078,39.8
0.0,0.064,39.8
0.095,0.041,39.8
0.276,0.033,39.8
0.437,0.092,39.8
0.58,0.093,39.8
0.664,0.091,39.8
0.697,0.111,39.8
0.685,0.116,39.8
0.621,0.114,39.8
0.511,0.118,39.8
0.354,0.138,39.8
0.165,0.168,39.8
0.011,0.211,39.8
0.0,0.27,39.8
0.0,0.291,39.8
0.0,0.284,39.8
0.0,0.269,39.8
0.0,0.251,39.8
0.0,0.229,39.8
0.0,0.209,39.8
0.0,0.187,39.8
0.0,0.169,39.8
0.0,0.155,39.8
0.0,0.148,39.8
0.0,0.146,39.8
0.098,0.114,39.8
0.297,0.051,39.8
0.473,0.089,39.8
0.595,0.128,39.8
0.668,0.135,39.8
0.693,0.152,39.8
0.676,0.174,39.8
0.615,0.204,39.8
0.507,0.243,39.8
0.354,0.293,39.8
0.166,0.329,39.8
0.01,0.427,39.8
0.0,0.536,39.8
0.0,0.512,39.8
0.0,0.473,39.8
0.0,0.446,39.8
0.0,0.433,39.8
0.0,0.423,39.8
0.0,0.413,39.8
0.0,0.414,39.8
0.0,0.422,39.8
0.0,0.432,39.8
0.0,0.434,39.8
0.0,0.432,39.8
0.101,0.331,39.8
0.305,0.209,39.8
0.481,0.3,39.8
0.604,0.328,39.8
0.674,0.328,39.8
0.697,0.337,39.8
0.674,0.344,39.8
0.609,0.337,39.8
0.499,0.323,39.8
0.344,0.311,39.8
0.158,0.291,39.8
0.007,0.422,39.8
0.0,0.571,39.8
0.0,0.595,39.8
0.0,0.613,39.8
0.0,0.583,39.8
0.0,0.542,39.8
0.0,0.519,39.8
0.0,0.491,39.8
0.0,0.479,39.8
0.0,0.477,39.8
0.0,0.476,39.8
0.0,0.44,39.8
0.0,0.412,39.8
0.046,0.359,39.8
0.144,0.28,39.8
0.239,0.39,39.8
0.306,0.42,39.8
0.374,0.443,39.8
0.451,0.457,39.8
0.499,0.424,39.8
0.489,0.385,39.8
0.374,0.362,39.8
0.158,0.341,39.8
0.033,0.317,39.8
0.0,0.356,39.8
0.0,0.396,39.8
0.0,0.365,39.8
0.0,0.264,39.8
0.0,0.182,39.8
0.0,0.16,39.8
0.0,0.213,39.8
0.0,0.3,39.8
0.0,0.272,39.8
0.0,0.264,39.8
0.0,0.292,39.8
0.0,0.292,39.8
0.0,0.3,39.8
0.018,0.278,39.8
0.088,0.223,39.8
0.201,0.24,39.8
0.401,0.249,39.8
0.573,0.253,39.8
0.625,0.291,39.8
0.597,0.308,39.8
0.551,0.275,39.8
0.47,0.231,39.8
0.326,0.213,39.8
0.129,0.192,39.8
0.004,0.186,39.8
0.0,0.204,39.8
0.0,0.282,39.8
0.0,0.37,39.8
0.0,0.401,39.8
0.0,0.401,39.8
0.0,0.407,39.8
0.0,0.386,39.8
0.0,0.374,39.8
0.0,0.374,39.8
0.0,0.398,39.8
0.0,0.395,39.8
0.0,0.376,39.8
0.011,0.366,39.8
0.041,0.339,39.8
0.06,0.355,39.8
0.075,0.462,39.8
0.077,0.566,39.8
0.071,0.625,39.8
0.067,0.62,39.8
0.1,0.606,39.8
0.102,0.571,39.8
0.109,0.525,39.8
0.049,0.447,39.8
0.0,0.459,39.8
0.0,0.413,39.8
0.0,0.352,39.8
0.0,0.349,39.8
0.0,0.388,39.8
0.0,0.4,39.8
0.0,0.391,39.8
0.0,0.395,39.8
0.0,0.397,39.8
0.0,0.417,39.8
0.0,0.409,39.8
0.0,0.364,39.8
0.0,0.388,39.8
0.035,0.395,39.8
0.193,0.385,39.8
0.387,0.538,39.8
0.527,0.62,39.8
0.581,0.642,39.8
0.431,0.631,39.8
0.242,0.604,39.8
0.213,0.571,39.8
0.192,0.525,39.8
0.135,0.459,39.8
0.051,0.41,39.8
0.0,0.487,39.8
0.0,0.499,39.8
0.0,0.491,39.8
0.0,0.476,39.8
0.0,0.485,39.8
0.0,0.488,39.8
0.0,0.503,39.8
0.0,0.488,39.8
0.0,0.407,39.8
0.0,0.415,39.8
0.0,0.413,39.8
0.0,0.413,39.8
0.0,0.403,39.8
0.01,0.403,39.8
0.061,0.413,39.8
0.102,0.479,39.8
0.068,0.605,39.8
0.092,0.615,39.8
0.169,0.659,39.8
0.229,0.695,39.8
0.352,0.717,39.8
0.306,0.72,39.8
0.084,0.637,39.8
0.027,0.58,39.8
0.0,0.605,39.8
0.0,0.526,39.8
0.0,0.442,39.8
0.0,0.397,39.8
0.0,0.355,39.8
0.0,0.334,39.8
0.0,0.337,39.8
0.0,0.354,39.8
0.0,0.376,39.8
0.0,0.391,39.8
0.0,0.413,39.8
0.0,0.429,39.8
0.0,0.444,39.8
0.063,0.431,39.8
0.251,0.401,39.8
0.418,0.558,39.8
0.534,0.638,39.8
0.606,0.676,39.8
0.628,0.699,39.8
0.601,0.716,39.8
0.527,0.732,39.8
0.345,0.75,39.8
0.166,0.72,39.8
0.054,0.643,39.8
0.0,0.67,39.8
0.0,0.729,39.8
0.0,0.752,39.8
0.0,0.765,39.8
0.0,0.778,39.8
0.0,0.764,39.8
0.0,0.737,39.8
0.0,0.674,39.8
0.0,0.612,39.8
0.0,0.593,39.8
0.0,0.571,39.8
0.0,0.576,39.8
0.0,0.586,39.8
0.043,0.565,39.8
0.204,0.575,39.8
0.401,0.714,39.8
0.522,0.811,39.8
0.492,0.849,39.8
0.456,0.857,39.8
0.398,0.852,39.8
0.301,0.833,39.8
0.241,0.813,39.8
0.214,0.788,39.8
0.091,0.735,39.8
0.0,0.722,39.8
0.0,0.683,39.8
0.0,0.598,39.8
0.0,0.567,39.8
0.0,0.524,39.8
0.0,0.433,39.8
0.0,0.416,39.8
0.0,0.451,39.8
0.0,0.515,39.8
0.0,0.538,39.8
0.0,0.615,39.8
0.0,0.627,39.8
0.0,0.774,39.8
0.014,0.831,39.8
0.061,0.843,39.8
0.052,0.862,39.8
0.134,0.887,39.8
0.298,0.895,39.8
0.403,0.901,39.8
0.328,0.914,39.8
0.196,0.905,39.8
0.201,0.872,39.8
0.164,0.838,39.8
0.069,0.841,39.8
0.0,0.877,39.8
0.0,0.891,39.8
0.0,0.87,39.8
0.0,0.857,39.8
0.0,0.848,39.8
0.0,0.872,39.8
0.0,0.881,39.8
0.0,0.847,39.8
0.0,0.819,39.8
0.0,0.766,39.8
0.0,0.708,39.8
0.0,0.626,39.8
0.0,0.568,39.8
0.021,0.514,39.8
0.13,0.444,39.8
0.301,0.494,39.8
0.525,0.481,39.8
0.62,0.425,39.8
0.659,0.391,39.8
0.638,0.365,39.8
0.569,0.326,39.8
0.405,0.294,39.8
0.167,0.264,39.8
0.025,0.214,39.8
0.0,0.227,39.8
0.0,0.277,39.8
0.0,0.314,39.8
0.0,0.34,39.8
0.0,0.362,39.8
0.0,0.454,39.8
0.0,0.657,39.8
0.0,0.702,39.8
0.0,0.647,39.8
0.0,0.635,39.8
0.0,0.634,39.8
0.0,0.637,39.8
0.0,0.635,39.8
0.0,0.582,39.8
0.019,0.455,39.8
0.092,0.369,39.8
0.354,0.456,39.8
0.347,0.472,39.8
0.335,0.498,39.8
0.298,0.538,39.8
0.221,0.538,39.8
0.148,0.472,39.8
0.12,0.394,39.8
0.061,0.333,39.8
0.0,0.316,39.8
0.0,0.328,39.8
0.0,0.304,39.8
0.0,0.27,39.8
0.0,0.243,39.8
0.0,0.253,39.8
0.0,0.347,39.8
0.0,0.532,39.8
0.0,0.671,39.8
0.0,0.588,39.8
0.0,0.403,39.8
0.0,0.344,39.8
0.0,0.335,39.8
0.048,0.294,39.8
0.235,0.2,39.8
0.4,0.328,39.8
0.498,0.435,39.8
0.513,0.503,39.8
0.562,0.56,39.8
0.555,0.61,39.8
0.418,0.634,39.8
0.322,0.622,39.8
0.214,0.586,39.8
0.08,0.454,39.8
0.0,0.41,39.8
0.0,0.444,39.8
0.0,0.461,39.8
0.0,0.464,39.8
0.0,0.442,39.8
0.0,0.404,39.8
0.0,0.345,39.8
0.0,0.316,39.8
0.0,0.302,39.8
0.0,0.306,39.8
0.0,0.329,39.8
0.0,0.351,39.8
0.0,0.361,39.8
0.008,0.355,39.8
0.078,0.291,39.8
0.191,0.259,39.8
0.354,0.281,39.8
0.482,0.235,39.8
0.473,0.186,39.8
0.344,0.16,39.8
0.158,0.156,39.8
0.093,0.154,39.8
0.052,0.141,39.8
0.014,0.134,39.8
0.0,0.155,39.8
0.0,0.195,39.8
0.0,0.272,39.8
0.0,0.33,39.8
0.0,0.352,39.8
0.0,0.378,39.8
0.0,0.374,39.8
0.0,0.396,39.8
0.0,0.425,39.8
0.0,0.49,39.8
0.0,0.529,39.8
0.0,0.559,39.8
0.0,0.545,39.8
0.0,0.55,39.8
0.018,0.612,39.8
0.082,0.651,39.8
0.215,0.72,39.8
0.397,0.753,39.8
0.496,0.755,39.8
0.509,0.744,39.8
0.408,0.722,39.8
0.221,0.662,39.8
0.089,0.494,39.8
0.019,0.395,39.8
0.0,0.405,39.8
0.0,0.361,39.8
0.0,0.345,39.8
0.0,0.274,39.8
0.0,0.23,39.8
0.0,0.201,39.8
0.0,0.186,39.8
0.0,0.186,39.8
0.0,0.19,39.8
0.0,0.182,39.8
0.0,0.172,39.8
0.0,0.149,39.8
0.0,0.139,39.8
0.002,0.143,39.8
0.05,0.148,39.8
0.331,0.144,39.8
0.5,0.14,39.8
0.581,0.129,39.8
0.596,0.12,39.8
0.505,0.124,39.8
0.398,0.134,39.8
0.246,0.15,39.8
0.103,0.163,39.8
0.043,0.183,39.8
0.0,0.268,39.8
0.0,0.355,39.8
0.0,0.394,39.8
0.0,0.384,39.8
0.0,0.358,39.8
0.0,0.341,39.8
0.0,0.325,39.8
0.0,0.311,39.8
0.0,0.299,39.8
0.0,0.282,39.8
0.0,0.264,39.8
0.0,0.264,39.8
0.0,0.31,39.8
0.0,0.346,39.8
0.015,0.325,39.8
0.084,0.309,39.8
0.144,0.328,39.8
0.145,0.355,39.8
0.115,0.352,39.8
0.113,0.279,39.8
0.151,0.265,39.8
0.177,0.454,39.8
0.112,0.478,39.8
0.031,0.374,39.8
0.0,0.299,39.8
0.0,0.209,39.8
0.0,0.154,39.8
0.0,0.113,39.8
0.0,0.087,39.8
0.0,0.082,39.8
0.0,0.177,39.8
0.0,0.222,39.8
0.0,0.255,39.8
0.0,0.252,39.8
0.0,0.199,39.8
0.0,0.199,39.8
0.0,0.188,39.8
0.0,0.155,39.8
0.031,0.086,39.8
0.076,0.063,39.8
0.131,0.058,39.8
0.147,0.048,39.8
0.129,0.049,39.8
0.119,0.06,39.8
0.097,0.084,39.8
0.114,0.111,39.8
0.088,0.135,39.8
0.018,0.153,39.8
0.0,0.242,39.8
0.0,0.365,39.8
0.0,0.431,39.8
0.0,0.433,39.8
0.0,0.432,39.8
0.0,0.47,39.8
0.0,0.538,39.8
0.0,0.587,39.8
0.0,0.592,39.8
0.0,0.556,39.8
0.0,0.506,39.8
0.0,0.454,39.8
0.0,0.4,39.8
0.0,0.365,39.8
0.021,0.323,39.8
0.094,0.239,39.8
0.18,0.251,39.8
0.331,0.324,39.8
0.331,0.428,39.8
0.34,0.438,39.8
0.385,0.476,39.8
0.336,0.519,39.8
0.171,0.494,39.8
0.042,0.513,39.8
0.0,0.585,39.8
0.0,0.589,39.8
0.0,0.562,39.8
0.0,0.549,39.8
0.0,0.535,39.8
0.0,0.562,39.8
0.0,0.561,39.8
0.0,0.524,39.8
0.0,0.503,39.8
0.0,0.489,39.8
0.0,0.481,39.8
0.0,0.466,39.8
0.0,0.46,39.8
0.0,0.461,39.8
0.025,0.444,39.8
0.062,0.449,39.8
0.085,0.572,39.8
0.091,0.652,39.8
0.082,0.729,39.8
0.072,0.724,39.8
0.085,0.682,39.8
0.08,0.63,39.8
0.046,0.593,39.8
0.002,0.604,39.8
0.0,0.586,39.8
0.0,0.513,39.8
0.0,0.507,39.8
0.0,0.516,39.8
0.0,0.533,39.8
0.0,0.501,39.8
0.0,0.498,39.8
0.0,0.437,39.8
0.0,0.444,39.8
0.0,0.398,39.8
0.0,0.41,39.8
0.0,0.464,39.8
0.0,0.498,39.8
0.013,0.501,39.8
0.163,0.484,39.8
0.381,0.538,39.8
0.531,0.654,39.8
0.607,0.697,39.8
0.63,0.704,39.8
0.611,0.692,39.8
0.541,0.663,39.8
0.422,0.634,39.8
0.226,0.59,39.8
0.05,0.577,39.8
0.0,0.626,39.8
0.0,0.618,39.8
0.0,0.621,39.8
0.0,0.682,39.8
0.0,0.697,39.8
0.0,0.613,39.8
0.0,0.624,39.8
0.0,0.633,39.8
0.0,0.637,39.8
0.0,0.642,39.8
0.0,0.65,39.8
0.0,0.652,39.8
0.0,0.668,39.8
0.0,0.685,39.8
0.017,0.682,39.8
0.059,0.697,39.8
0.159,0.788,39.8
0.202,0.842,39.8
0.197,0.869,39.8
0.259,0.894,39.8
0.192,0.892,39.8
0.138,0.869,39.8
0.068,0.847,39.8
0.01,0.832,39.8
0.0,0.821,39.8
0.0,0.812,39.8
0.0,0.766,39.8
0.0,0.737,39.8
0.0,0.693,39.8
0.0,0.624,39.8
0.0,0.591,39.8
0.0,0.574,39.8
0.0,0.566,39.8
0.0,0.559,39.8
0.0,0.547,39.8
0.0,0.54,39.8
0.0,0.532,39.8
0.003,0.51,39.8
0.092,0.516,39.8
0.18,0.523,39.8
0.206,0.529,39.8
0.205,0.481,39.8
0.167,0.42,39.8
0.139,0.376,39.8
0.127,0.334,39.8
0.123,0.289,39.8
0.1,0.223,39.8
0.023,0.197,39.8
0.0,0.211,39.8
0.0,0.203,39.8
0.0,0.192,39.8
0.0,0.179,39.8
0.0,0.222,39.8
0.0,0.31,39.8
0.0,0.379,39.8
0.0,0.437,39.8
0.0,0.473,39.8
0.0,0.484,39.8
0.0,0.458,39.8
0.0,0.442,39.8
0.0,0.422,39.8
0.0,0.42,39.8
0.038,0.424,39.8
0.125,0.422,39.8
0.298,0.538,39.8
0.466,0.718,39.8
0.546,0.809,39.8
0.54,0.832,39.8
0.43,0.821,39.8
0.152,0.786,39.8
0.053,0.699,39.8
0.011,0.574,39.8
0.0,0.526,39.8
0.0,0.42,39.8
0.0,0.391,39.8
0.0,0.349,39.8
0.0,0.337,39.8
0.0,0.259,39.8
0.0,0.191,39.8
0.0,0.167,39.8
0.0,0.145,39.8
0.0,0.098,39.8
0.0,0.033,39.8
0.0,0.009,39.8
0.0,0.048,39.8
0.0,0.155,39.8
0.012,0.192,39.8
0.04,0.112,39.8
0.104,0.114,39.8
0.224,0.196,39.8
0.307,0.267,39.8
0.276,0.284,39.8
0.207,0.269,39.8
0.128,0.277,39.8
0.049,0.28,39.8
0.001,0.204,39.8
0.0,0.32,39.8
0.0,0.554,39.8
0.0,0.7,39.8
0.0,0.653,39.8
0.0,0.477,39.8
0.0,0.552,39.8
0.0,0.543,39.8
0.0,0.481,39.8
0.0,0.466,39.8
0.0,0.422,39.8
0.0,0.328,39.8
0.0,0.251,39.8
0.0,0.239,39.8
0.0,0.199,39.8
0.011,0.111,39.8
0.022,0.033,39.8
0.031,0.02,39.8
0.042,0.045,39.8
0.046,0.057,39.8
0.043,0.08,39.8
0.034,0.147,39.8
0.03,0.162,39.8
0.053,0.138,39.8
0.0,0.251,39.8
0.0,0.312,39.8
0.0,0.345,39.8
0.0,0.402,39.8
0.0,0.379,39.8
0.0,0.359,39.8
0.0,0.352,39.8
0.0,0.334,39.8
0.0,0.349,39.8
0.0,0.373,39.8
0.0,0.397,39.8
0.0,0.398,39.8
0.0,0.404,39.8
0.0,0.409,39.8
0.001,0.436,39.8
0.117,0.452,39.8
0.249,0.537,39.8
0.197,0.657,39.8
0.143,0.696,39.8
0.117,0.705,39.8
0.102,0.699,39.8
0.103,0.695,39.8
0.072,0.682,39.8
0.018,0.682,39.8
0.0,0.7,39.8
0.0,0.739,39.8
0.0,0.764,39.8
0.0,0.748,39.8
0.0,0.682,39.8
0.0,0.633,39.8
0.0,0.538,39.8
0.0,0.526,39.8
0.0,0.495,39.8
0.0,0.388,39.8
0.0,0.362,39.8
0.0,0.31,39.8
0.0,0.275,39.8
0.0,0.264,39.8
0.0,0.291,39.8
0.153,0.222,39.8
0.331,0.176,39.8
0.484,0.227,39.8
0.598,0.251,39.8
0.61,0.285,39.8
0.56,0.314,39.8
0.462,0.328,39.8
0.313,0.324,39.8
0.159,0.261,39.8
0.029,0.281,39.8
0.0,0.397,39.8
0.0,0.442,39.8
0.0,0.447,39.8
0.0,0.471,39.8
0.0,0.507,39.8
0.0,0.538,39.8
0.0,0.501,39.8
0.0,0.448,39.8
0.0,0.45,39.8
0.0,0.454,39.8
0.0,0.467,39.8
0.0,0.494,39.8
0.0,0.606,39.8
0.0,0.684,39.8
0.076,0.753,39.8
0.192,0.844,39.8
0.199,0.875,39.8
0.352,0.871,39.8
0.379,0.86,39.8
0.386,0.841,39.8
0.391,0.816,39.8
0.301,0.785,39.8
0.199,0.75,39.8
0.033,0.716,39.8
0.0,0.709,39.8
0.0,0.659,39.8
0.0,0.661,39.8
0.0,0.671,39.8
0.0,0.635,39.8
0.0,0.544,39.8
0.0,0.491,39.8
0.0,0.491,39.8
0.0,0.532,39.8
0.0,0.526,39.8
0.0,0.464,39.8
0.0,0.458,39.8
0.0,0.472,39.8
0.0,0.491,39.8
0.028,0.403,39.8
0.173,0.41,39.8
0.248,0.45,39.8
0.247,0.459,39.8
0.203,0.448,39.8
0.229,0.441,39.8
0.121,0.404,39.8
0.098,0.349,39.8
0.07,0.312,39.8
0.001,0.324,39.8
0.0,0.369,39.8
0.0,0.376,39.8
0.0,0.357,39.8
0.0,0.317,39.8
0.0,0.309,39.8
0.0,0.293,39.8
0.0,0.254,39.8
0.0,0.248,39.8
0.0,0.27,39.8
0.0,0.266,39.8
0.0,0.207,39.8
0.0,0.142,39.8
0.0,0.086,39.8
0.0,0.045,39.8
0.01,0.02,39.8
0.053,0.021,39.8
0.126,0.027,39.8
0.113,0.025,39.8
0.08,0.062,39.8
0.094,0.171,39.8
0.091,0.279,39.8
0.063,0.24,39.8
0.006,0.224,39.8
0.0,0.366,39.8
0.0,0.506,39.8
0.0,0.477,39.8
0.0,0.451,39.8
0.0,0.51,39.8
0.0,0.534,39.8
0.0,0.532,39.8
0.0,0.526,39.8
0.0,0.498,39.8
0.0,0.437,39.8
0.0,0.361,39.8
0.0,0.272,39.8
0.0,0.168,39.8
0.0,0.122,39.8
0.0,0.164,39.8
0.067,0.212,39.8
0.228,0.255,39.8
0.387,0.431,39.8
0.376,0.507,39.8
0.387,0.533,39.8
0.239,0.471,39.8
0.173,0.379,39.8
0.083,0.296,39.8
0.025,0.27,39.8
0.0,0.298,39.8
0.0,0.342,39.8
0.0,0.349,39.8
0.0,0.319,39.8
0.0,0.302,39.8
0.0,0.286,39.8
0.0,0.285,39.8
0.0,0.279,39.8
0.0,0.259,39.8
0.0,0.237,39.8
0.0,0.254,39.8
0.0,0.244,39.8
0.0,0.233,39.8
0.0,0.251,39.8
0.0,0.278,39.8
0.016,0.221,39.8
0.054,0.144,39.8
0.092,0.1,39.8
0.147,0.092,39.8
0.148,0.071,39.8
0.15,0.06,39.8
0.174,0.042,39.8
0.182,0.027,39.8
0.101,0.019,39.8
0.008,0.021,39.8
0.0,0.017,39.8
0.0,0.02,39.8
0.0,0.025,39.8
0.0,0.039,39.8
0.0,0.054,39.8
0.0,0.057,39.8
0.0,0.072,39.8
0.0,0.114,39.8
0.0,0.168,39.8
0.0,0.209,39.8
0.0,0.22,39.8
0.0,0.216,39.8
0.0,0.22,39.8
0.0,0.249,39.8
0.028,0.242,39.8
0.118,0.206,39.8
0.225,0.214,39.8
0.392,0.25,39.8
0.459,0.213,39.8
0.349,0.122,39.8
0.244,0.079,39.8
0.204,0.136,39.8
0.134,0.206,39.8
0.005,0.258,39.8
0.0,0.275,39.8
0.0,0.291,39.8
0.0,0.318,39.8
0.0,0.356,39.8
0.0,0.362,39.8
0.0,0.334,39.8
0.0,0.245,39.8
0.0,0.147,39.8
0.0,0.202,39.8
0.0,0.334,39.8
0.0,0.334,39.8
0.0,0.344,39.8
0.0,0.393,39.8
0.0,0.454,39.8
0.023,0.431,39.8
0.101,0.398,39.8
0.26,0.379,39.8
0.449,0.526,39.8
0.569,0.674,39.8
0.503,0.773,39.8
0.229,0.793,39.8
0.123,0.774,39.8
0.095,0.751,39.8
0.003,0.71,39.8
0.0,0.692,39.8
0.0,0.675,39.8
0.0,0.644,39.8
0.0,0.576,39.8
0.0,0.498,39.8
0.0,0.439,39.8
0.0,0.44,39.8
0.0,0.397,39.8
0.0,0.399,39.8
0.0,0.418,39.8
0.0,0.425,39.8
0.0,0.423,39.8
0.0,0.436,39.8
0.0,0.45,39.8
0.043,0.416,39.8
0.102,0.413,39.8
0.389,0.501,39.8
0.544,0.556,39.8
0.584,0.597,39.8
0.553,0.642,39.8
0.453,0.692,39.8
0.266,0.724,39.8
0.107,0.725,39.8
0.005,0.713,39.8
0.0,0.681,39.8
0.0,0.679,39.8
0.0,0.707,39.8
0.0,0.737,39.8
0.0,0.778,39.8
0.0,0.791,39.8
0.0,0.797,39.8
0.0,0.808,39.8
0.0,0.819,39.8
0.0,0.845,39.8
0.0,0.857,39.8
0.0,0.847,39.8
0.0,0.823,39.8
0.0,0.793,39.8
0.091,0.762,39.8
0.308,0.724,39.8
0.382,0.77,39.8
0.384,0.8,39.8
0.551,0.82,39.8
0.569,0.839,39.8
0.472,0.843,39.8
0.288,0.844,39.8
0.113,0.842,39.8
0.002,0.845,39.8
0.0,0.844,39.8
0.0,0.853,39.8
0.0,0.862,39.8
0.0,0.837,39.8
0.0,0.756,39.8
0.0,0.646,39.8
0.0,0.525,39.8
0.0,0.442,39.8
0.0,0.431,39.8
0.0,0.42,39.8
0.0,0.346,39.8
0.0,0.27,39.8
0.0,0.207,39.8
0.0,0.174,39.8
0.005,0.15,39.8
0.028,0.136,39.8
0.048,0.119,39.8
0.068,0.111,39.8
0.106,0.124,39.8
0.475,0.136,39.8
0.527,0.138,39.8
0.374,0.141,39.8
0.175,0.151,39.8
0.005,0.185,39.8
0.0,0.203,39.8
0.0,0.195,39.8
0.0,0.17,39.8
0.0,0.141,39.8
0.0,0.12,39.8
0.0,0.107,39.8
0.0,0.087,39.8
0.0,0.066,39.8
0.0,0.048,39.8
0.0,0.032,39.8
0.0,0.021,39.8
0.0,0.014,39.8
0.0,0.011,39.8
0.0,0.007,39.8
0.075,0.005,39.8
0.238,0.004,39.8
0.396,0.006,39.8
0.458,0.018,39.8
0.431,0.024,39.8
0.475,0.034,39.8
0.416,0.05,39.8
0.219,0.073,39.8
0.075,0.102,39.8
0.0,0.153,39.8
0.0,0.2,39.8
0.0,0.22,39.8
0.0,0.221,39.8
0.0,0.212,39.8
0.0,0.201,39.8
0.0,0.201,39.8
0.0,0.206,39.8
0.0,0.201,39.8
0.0,0.196,39.8
0.0,0.189,39.8
0.0,0.203,39.8
0.0,0.227,39.8
0.0,0.239,39.8
0.0,0.233,39.8
0.035,0.193,39.8
0.228,0.14,39.8
0.445,0.212,39.8
0.566,0.271,39.8
0.625,0.255,39.8
0.61,0.233,39.8
0.538,0.225,39.8
0.406,0.238,39.8
0.219,0.259,39.8
0.006,0.358,39.8
0.0,0.46,39.8
0.0,0.488,39.8
0.0,0.464,39.8
0.0,0.434,39.8
0.0,0.411,39.8
0.0,0.391,39.8
0.0,0.361,39.8
0.0,0.334,39.8
0.0,0.316,39.8
0.0,0.296,39.8
0.0,0.271,39.8
0.0,0.243,39.8
0.0,0.231,39.8
0.0,0.228,39.8
0.017,0.224,39.8
0.105,0.195,39.8
0.212,0.21,39.8
0.321,0.273,39.8
0.5,0.334,39.8
0.594,0.341,39.8
0.54,0.328,39.8
0.408,0.297,39.8
0.216,0.257,39.8
0.004,0.352,39.8
0.0,0.464,39.8
0.0,0.476,39.8
0.0,0.437,39.8
0.0,0.4,39.8
0.0,0.374,39.8
0.0,0.362,39.8
0.0,0.354,39.8
0.0,0.35,39.8
0.0,0.327,39.8
0.0,0.281,39.8
0.0,0.239,39.8
0.0,0.228,39.8
0.0,0.234,39.8
0.0,0.259,39.8
0.055,0.245,39.8
0.241,0.175,39.8
0.345,0.19,39.8
0.4,0.223,39.8
0.41,0.256,39.8
0.421,0.261,39.8
0.408,0.231,39.8
0.336,0.195,39.8
0.193,0.209,39.8
0.0,0.312,39.8
0.0,0.419,39.8
0.0,0.444,39.8
0.0,0.431,39.8
0.0,0.371,39.8
0.0,0.314,39.8
0.0,0.302,39.8
0.0,0.28,39.8
0.0,0.253,39.8
0.0,0.259,39.8
0.0,0.272,39.8
0.0,0.264,39.8
0.0,0.248,39.8
0.0,0.252,39.8
0.0,0.27,39.8
0.0,0.29,39.8
0.007,0.302,39.8
0.022,0.342,39.8
0.039,0.337,39.8
0.067,0.368,39.8
0.066,0.382,39.8
0.045,0.479,39.8
0.025,0.566,39.8
0.009,0.644,39.8
0.0,0.621,39.8
0.0,0.584,39.8
0.0,0.573,39.8
0.0,0.531,39.8
0.0,0.523,39.8
0.0,0.571,39.8
0.0,0.614,39.8
0.0,0.65,39.8
0.0,0.668,39.8
0.0,0.695,39.8
0.0,0.702,39.8
0.0,0.729,39.8
0.0,0.755,39.8
0.0,0.765,39.8
0.0,0.753,39.8
0.025,0.69,39.8
0.029,0.606,39.8
0.135,0.64,39.8
0.476,0.792,39.8
0.556,0.872,39.8
0.535,0.91,39.8
0.45,0.935,39.8
0.282,0.943,39.8
0.077,0.939,39.8
0.0,0.931,39.8
0.0,0.918,39.8
0.0,0.894,39.8
0.0,0.854,39.8
0.0,0.786,39.8
0.0,0.72,39.8
0.0,0.692,39.8
0.0,0.675,39.8
0.0,0.642,39.8
0.0,0.613,39.8
0.0,0.598,39.8
0.0,0.538,39.8
0.0,0.444,39.8
0.0,0.355,39.8
0.0,0.277,39.8
0.0,0.207,39.8
0.025,0.14,39.8
0.058,0.101,39.8
0.062,0.101,39.8
0.051,0.093,39.8
0.043,0.085,39.8
0.037,0.076,39.8
0.028,0.058,39.8
0.014,0.046,39.8
0.0,0.048,39.8
0.0,0.092,39.8
0.0,0.159,39.8
0.0,0.237,39.8
0.0,0.27,39.8
0.0,0.235,39.8
0.0,0.254,39.8
0.0,0.356,39.8
0.0,0.44,39.8
0.0,0.46,39.8
0.0,0.494,39.8
0.0,0.548,39.8
0.0,0.481,39.8
0.0,0.427,39.8
0.0,0.377,39.8
0.008,0.337,39.8
0.039,0.339,39.8
0.072,0.326,39.8
0.172,0.328,39.8
0.328,0.398,39.8
0.418,0.469,39.8
0.376,0.471,39.8
0.226,0.416,39.8
0.052,0.36,39.8
0.0,0.362,39.8
0.0,0.357,39.8
0.0,0.352,39.8
0.0,0.349,39.8
0.0,0.352,39.8
0.0,0.362,39.8
0.0,0.358,39.8
0.0,0.343,39.8
0.0,0.347,39.8
0.0,0.337,39.8
0.0,0.339,39.8
0.0,0.324,39.8
0.0,0.311,39.8
0.0,0.299,39.8
0.0,0.243,39.8
0.0,0.19,39.8
0.021,0.167,39.8
0.051,0.124,39.8
0.092,0.101,39.8
0.119,0.082,39.8
0.153,0.062,39.8
0.158,0.046,39.8
0.122,0.039,39.8
0.04,0.046,39.8
0.0,0.061,39.8
0.0,0.074,39.8
0.0,0.09,39.8
0.0,0.114,39.8
0.0,0.139,39.8
0.0,0.155,39.8
0.0,0.153,39.8
0.0,0.145,39.8
0.0,0.147,39.8
0.0,0.158,39.8
0.0,0.183,39.8
0.0,0.203,39.8
0.0,0.2,39.8
0.0,0.181,39.8
0.0,0.135,39.8
0.006,0.082,39.8
0.058,0.037,39.8
0.137,0.025,39.8
0.211,0.026,39.8
0.304,0.023,39.8
0.278,0.034,39.8
0.13,0.051,39.8
0.048,0.062,39.8
0.012,0.074,39.8
0.0,0.087,39.8
0.0,0.071,39.8
0.0,0.036,39.8
0.0,0.022,39.8
0.0,0.046,39.8
0.0,0.101,39.8
0.0,0.17,39.8
0.0,0.247,39.8
0.0,0.304,39.8
0.0,0.31,39.8
0.0,0.312,39.8
0.0,0.343,39.8
0.0,0.414,39.8
0.0,0.487,39.8
0.0,0.523,39.8
0.0,0.492,39.8
0.008,0.491,39.8
0.013,0.479,39.8
0.022,0.442,39.8
0.055,0.441,39.8
0.095,0.488,39.8
0.157,0.628,39.8
0.207,0.727,39.8
0.076,0.707,39.8
0.0,0.61,39.8
0.0,0.504,39.8
0.0,0.501,39.8
0.0,0.448,39.8
0.0,0.432,39.8
0.0,0.432,39.8
0.0,0.418,39.8
0.0,0.397,39.8
0.0,0.38,39.8
0.0,0.341,39.8
0.0,0.283,39.8
0.0,0.252,39.8
0.0,0.251,39.8
0.0,0.248,39.8
0.0,0.217,39.8
0.002,0.2,39.8
0.06,0.164,39.8
0.188,0.141,39.8
0.343,0.1,39.8
0.542,0.063,39.8
0.531,0.043,39.8
0.464,0.034,39.8
0.339,0.031,39.8
0.144,0.054,39.8
0.0,0.1,39.8
0.0,0.154,39.8
0.0,0.212,39.8
0.0,0.278,39.8
0.0,0.341,39.8
0.0,0.37,39.8
0.0,0.36,39.8
0.0,0.323,39.8
0.0,0.298,39.8
0.0,0.274,39.8
0.0,0.272,39.8
0.0,0.328,39.8
0.0,0.386,39.8
0.0,0.438,39.8
0.0,0.476,39.8
0.002,0.447,39.8
0.077,0.383,39.8
0.177,0.324,39.8
0.421,0.361,39.8
0.543,0.367,39.8
0.523,0.358,39.8
0.472,0.338,39.8
0.327,0.322,39.8
0.074,0.274,39.8
0.0,0.3,39.8
0.0,0.328,39.8
0.0,0.348,39.8
0.0,0.358,39.8
0.0,0.352,39.8
0.0,0.309,39.8
0.0,0.241,39.8
0.0,0.181,39.8
0.0,0.136,39.8
0.0,0.102,39.8
0.0,0.086,39.8
0.0,0.087,39.8
0.0,0.098,39.8
0.0,0.103,39.8
0.0,0.1,39.8
0.004,0.084,39.8
0.079,0.065,39.8
0.274,0.051,39.8
0.483,0.043,39.8
0.588,0.041,39.8
0.579,0.025,39.8
0.504,0.013,39.8
0.363,0.012,39.8
0.168,0.024,39.8
0.0,0.042,39.8
0.0,0.049,39.8
0.0,0.068,39.8
0.0,0.179,39.8
0.0,0.318,39.8
0.0,0.364,39.8
0.0,0.377,39.8
0.0,0.386,39.8
0.0,0.328,39.8
0.0,0.294,39.8
0.0,0.304,39.8
0.0,0.362,39.8
0.0,0.426,39.8
0.0,0.578,39.8
0.0,0.618,39.8
0.0,0.639,39.8
0.027,0.687,39.8
0.075,0.773,39.8
0.103,0.818,39.8
0.054,0.835,39.8
0.032,0.788,39.8
0.03,0.675,39.8
0.022,0.535,39.8
0.004,0.483,39.8
0.0,0.501,39.8
0.0,0.491,39.8
0.0,0.47,39.8
0.0,0.479,39.8
0.0,0.483,39.8
0.0,0.457,39.8
0.0,0.446,39.8
0.0,0.47,39.8
0.0,0.444,39.8
0.0,0.396,39.8
0.0,0.418,39.8
0.0,0.369,39.8
0.0,0.334,39.8
0.0,0.329,39.8
0.0,0.352,39.8
0.0,0.337,39.8
0.017,0.337,39.8
0.054,0.422,39.8
0.152,0.466,39.8
0.23,0.501,39.8
0.256,0.526,39.8
0.199,0.53,39.8
0.148,0.519,39.8
0.065,0.568,39.8
0.0,0.593,39.8
0.0,0.558,39.8
0.0,0.552,39.8
0.0,0.56,39.8
0.0,0.546,39.8
0.0,0.575,39.8
0.0,0.574,39.8
0.0,0.541,39.8
0.0,0.458,39.8
0.0,0.398,39.8
0.0,0.354,39.8
0.0,0.352,39.8
0.0,0.374,39.8
0.0,0.395,39.8
0.0,0.401,39.8
0.0,0.41,39.8
0.027,0.38,39.8
0.062,0.337,39.8
0.111,0.294,39.8
0.19,0.294,39.8
0.207,0.274,39.8
0.135,0.221,39.8
0.075,0.199,39.8
0.02,0.277,39.8
0.0,0.386,39.8
0.0,0.413,39.8
0.0,0.395,39.8
0.0,0.398,39.8
0.0,0.407,39.8
0.0,0.388,39.8
0.0,0.416,39.8
0.0,0.45,39.8
0.0,0.467,39.8
0.0,0.477,39.8
0.0,0.494,39.8
0.0,0.516,39.8
0.0,0.532,39.8
0.0,0.523,39.8
0.0,0.511,39.8
0.0,0.498,39.8
0.007,0.447,39.8
0.029,0.43,39.8
0.065,0.384,39.8
0.087,0.332,39.8
0.082,0.261,39.8
0.065,0.167,39.8
0.039,0.123,39.8
0.003,0.122,39.8
0.0,0.088,39.8
0.0,0.065,39.8
0.0,0.048,39.8
0.0,0.047,39.8
0.0,0.078,39.8
0.0,0.12,39.8
0.0,0.175,39.8
0.0,0.245,39.8
0.0,0.294,39.8
0.0,0.3,39.8
0.0,0.308,39.8
0.0,0.25,39.8
0.0,0.255,39.8
0.0,0.267,39.8
0.0,0.281,39.8
0.0,0.315,39.8
0.016,0.328,39.8
0.019,0.321,39.8
0.037,0.321,39.8
0.053,0.32,39.8
0.055,0.3,39.8
0.095,0.265,39.8
0.084,0.225,39.8
0.012,0.219,39.8
0.0,0.278,39.8
0.0,0.341,39.8
0.0,0.358,39.8
0.0,0.334,39.8
0.0,0.267,39.8
0.0,0.187,39.8
0.0,0.147,39.8
0.0,0.175,39.8
0.0,0.218,39.8
0.0,0.212,39.8
0.0,0.176,39.8
0.0,0.134,39.8
0.0,0.108,39.8
0.0,0.098,39.8
0.0,0.101,39.8
0.0,0.117,39.8
0.047,0.121,39.8
0.116,0.093,39.8
0.169,0.076,39.8
0.184,0.11,39.8
0.165,0.158,39.8
0.128,0.177,39.8
0.075,0.161,39.8
0.016,0.159,39.8
0.0,0.183,39.8
0.0,0.226,39.8
0.0,0.285,39.8
0.0,0.323,39.8
0.0,0.323,39.8
0.0,0.31,39.8
0.0,0.298,39.8
0.0,0.277,39.8
0.0,0.248,39.8
0.0,0.249,39.8
0.0,0.215,39.8
0.0,0.167,39.8
0.0,0.118,39.8
0.0,0.1,39.8
0.0,0.063,39.8
0.0,0.033,39.8
0.045,0.028,39.8
0.128,0.023,39.8
0.184,0.007,39.8
0.17,0.016,39.8
0.142,0.034,39.8
0.082,0.066,39.8
0.053,0.105,39.8
0.012,0.175,39.8
0.0,0.249,39.8
0.0,0.259,39.8
0.0,0.248,39.8
0.0,0.258,39.8
0.0,0.302,39.8
0.0,0.3,39.8
0.0,0.248,39.8
0.0,0.213,39.8
0.0,0.199,39.8
0.0,0.188,39.8
0.0,0.184,39.8
0.0,0.165,39.8
0.0,0.176,39.8
0.0,0.192,39.8
0.0,0.211,39.8
0.0,0.238,39.8
0.029,0.225,39.8
0.069,0.161,39.8
0.08,0.139,39.8
0.073,0.165,39.8
0.048,0.185,39.8
0.03,0.2,39.8
0.011,0.241,39.8
0.0,0.315,39.8
0.0,0.395,39.8
0.0,0.444,39.8
0.0,0.535,39.8
0.0,0.541,39.8
0.0,0.525,39.8
0.0,0.534,39.8
0.0,0.536,39.8
0.0,0.525,39.8
0.0,0.515,39.8
0.0,0.486,39.8
0.0,0.459,39.8
0.0,0.429,39.8
0.0,0.385,39.8
0.0,0.352,39.8
0.0,0.35,39.8
0.0,0.356,39.8
0.048,0.323,39.8
0.127,0.24,39.8
0.223,0.174,39.8
0.314,0.163,39.8
0.324,0.154,39.8
0.279,0.133,39.8
0.202,0.105,39.8
0.071,0.089,39.8
0.0,0.074,39.8
0.0,0.077,39.8
0.0,0.105,39.8
0.0,0.15,39.8
0.0,0.2,39.8
0.0,0.228,39.8
0.0,0.226,39.8
0.0,0.207,39.8
0.0,0.186,39.8
0.0,0.168,39.8
0.0,0.16,39.8
0.0,0.172,39.8
0.0,0.196,39.8
0.0,0.217,39.8
0.0,0.231,39.8
0.011,0.235,39.8
0.214,0.177,39.8
0.408,0.07,39.8
0.526,0.057,39.8
0.569,0.106,39.8
0.548,0.121,39.8
0.467,0.153,39.8
0.313,0.195,39.8
0.089,0.305,39.8
0.0,0.442,39.8
0.0,0.494,39.8
0.0,0.477,39.8
0.0,0.447,39.8
0.0,0.398,39.8
0.0,0.345,39.8
0.0,0.289,39.8
0.0,0.256,39.8
0.0,0.254,39.8
0.0,0.247,39.8
0.0,0.241,39.8
0.0,0.225,39.8
0.0,0.212,39.8
0.0,0.196,39.8
0.0,0.191,39.8
0.0,0.184,39.8
0.017,0.166,39.8
0.041,0.161,39.8
0.051,0.154,39.8
0.054,0.149,39.8
0.056,0.155,39.8
0.058,0.156,39.8
0.042,0.17,39.8
0.004,0.253,39.8
0.0,0.362,39.8
0.0,0.401,39.8
0.0,0.398,39.8
0.0,0.386,39.8
0.0,0.377,39.8
0.0,0.326,39.8
0.0,0.342,39.8
0.0,0.386,39.8
0.0,0.429,39.8
0.0,0.455,39.8
0.0,0.498,39.8
0.0,0.516,39.8
0.0,0.5,39.8
0.0,0.451,39.8
0.0,0.47,39.8
0.0,0.462,39.8
0.037,0.442,39.8
0.123,0.381,39.8
0.262,0.438,39.8
0.435,0.438,39.8
0.405,0.42,39.8
0.303,0.395,39.8
0.169,0.394,39.8
0.027,0.478,39.8
0.0,0.53,39.8
0.0,0.525,39.8
0.0,0.525,39.8
0.0,0.528,39.8
0.0,0.508,39.8
0.0,0.558,39.8
0.0,0.6,39.8
0.0,0.586,39.8
0.0,0.604,39.8
0.0,0.599,39.8
0.0,0.555,39.8
0.0,0.574,39.8
0.0,0.501,39.8
0.0,0.467,39.8
0.0,0.398,39.8
0.0,0.374,39.8
0.028,0.337,39.8
0.069,0.248,39.8
0.08,0.203,39.8
0.061,0.175,39.8
0.04,0.172,39.8
0.032,0.188,39.8
0.022,0.207,39.8
0.001,0.294,39.8
0.0,0.4,39.8
0.0,0.413,39.8
0.0,0.362,39.8
0.0,0.306,39.8
0.0,0.253,39.8
0.0,0.213,39.8
0.0,0.182,39.8
0.0,0.162,39.8
0.0,0.152,39.8
0.0,0.142,39.8
0.0,0.133,39.8
0.0,0.144,39.8
0.0,0.161,39.8
0.0,0.163,39.8
0.0,0.152,39.8
0.0,0.134,39.8
0.005,0.117,39.8
0.029,0.093,39.8
0.052,0.074,39.8
0.08,0.062,39.8
0.092,0.061,39.8
0.06,0.062,39.8
0.025,0.084,39.8
0.0,0.137,39.8
0.0,0.192,39.8
0.0,0.251,39.8
0.0,0.306,39.8
0.0,0.328,39.8
0.0,0.308,39.8
0.0,0.272,39.8
0.0,0.246,39.8
0.0,0.227,39.8
0.0,0.222,39.8
0.0,0.243,39.8
0.0,0.267,39.8
0.0,0.254,39.8
0.0,0.226,39.8
0.0,0.205,39.8
0.0,0.196,39.8
0.0,0.187,39.8
0.015,0.186,39.8
0.086,0.175,39.8
0.216,0.212,39.8
0.41,0.231,39.8
0.415,0.243,39.8
0.31,0.24,39.8
0.127,0.236,39.8
0.01,0.32,39.8
0.0,0.432,39.8
0.0,0.459,39.8
0.0,0.444,39.8
0.0,0.433,39.8
0.0,0.44,39.8
0.0,0.431,39.8
0.0,0.41,39.8
0.0,0.413,39.8
0.0,0.414,39.8
0.0,0.41,39.8
0.0,0.379,39.8
0.0,0.356,39.8
0.0,0.358,39.8
0.0,0.368,39.8
0.0,0.386,39.8
0.0,0.398,39.8
0.012,0.398,39.8
0.057,0.404,39.8
0.103,0.456,39.8
0.089,0.566,39.8
0.097,0.559,39.8
0.049,0.571,39.8
0.004,0.627,39.8
0.0,0.657,39.8
0.0,0.668,39.8
0.0,0.61,39.8
0.0,0.544,39.8
0.0,0.504,39.8
0.0,0.476,39.8
0.0,0.466,39.8
0.0,0.465,39.8
0.0,0.441,39.8
0.0,0.413,39.8
0.0,0.431,39.8
0.0,0.537,39.8
0.0,0.577,39.8
0.0,0.615,39.8
0.0,0.765,39.8
0.0,0.763,39.8
0.0,0.74,39.8
0.034,0.8,39.8
0.075,0.812,39.8
0.088,0.796,39.8
0.089,0.781,39.8
0.092,0.772,39.8
0.074,0.729,39.8
0.028,0.697,39.8
0.0,0.743,39.8
0.0,0.804,39.8
0.0,0.862,39.8
0.0,0.898,39.8
0.0,0.918,39.8
0.0,0.93,39.8
0.0,0.931,39.8
0.0,0.918,39.8
0.0,0.888,39.8
0.0,0.861,39.8
0.0,0.842,39.8
0.0,0.847,39.8
0.0,0.857,39.8
0.0,0.851,39.8
0.0,0.832,39.8
0.0,0.834,39.8
0.0,0.815,39.8
0.002,0.8,39.8
0.021,0.795,39.8
0.037,0.793,39.8
0.043,0.782,39.8
0.04,0.751,39.8
0.026,0.719,39.8
0.011,0.691,39.8
0.0,0.637,39.8
0.0,0.539,39.8
0.0,0.454,39.8
0.0,0.403,39.8
0.0,0.352,39.8
0.0,0.306,39.8
0.0,0.291,39.8
0.0,0.282,39.8
0.0,0.259,39.8
0.0,0.245,39.8
0.0,0.237,39.8
0.0,0.233,39.8
0.0,0.22,39.8
0.0,0.214,39.8
0.0,0.223,39.8
0.0,0.237,39.8
0.0,0.243,39.8
0.049,0.243,39.8
0.153,0.207,39.8
0.24,0.178,39.8
0.355,0.22,39.8
0.335,0.257,39.8
0.263,0.254,39.8
0.148,0.225,39.8
0.014,0.253,39.8
0.0,0.266,39.8
0.0,0.249,39.8
0.0,0.22,39.8
0.0,0.196,39.8
0.0,0.177,39.8
0.0,0.148,39.8
0.0,0.112,39.8
0.0,0.073,39.8
0.0,0.042,39.8
0.0,0.022,39.8
0.0,0.015,39.8
0.0,0.018,39.8
0.0,0.025,39.8
0.0,0.035,39.8
0.0,0.041,39.8
0.0,0.037,39.8
0.043,0.027,39.8
0.105,0.025,39.8
0.208,0.026,39.8
0.458,0.025,39.8
0.47,0.029,39.8
0.394,0.041,39.8
0.243,0.068,39.8
0.033,0.134,39.8
0.0,0.238,39.8
0.0,0.337,39.8
0.0,0.381,39.8
0.0,0.371,39.8
0.0,0.346,39.8
0.0,0.319,39.8
0.0,0.304,39.8
0.0,0.266,39.8
0.0,0.249,39.8
0.0,0.272,39.8
0.0,0.264,39.8
0.0,0.278,39.8
0.0,0.294,39.8
0.0,0.337,39.8
0.0,0.33,39.8
0.0,0.307,39.8
0.01,0.327,39.8
0.041,0.285,39.8
0.06,0.278,39.8
0.067,0.278,39.8
0.061,0.264,39.8
0.045,0.243,39.8
0.022,0.256,39.8
0.0,0.313,39.8
0.0,0.355,39.8
0.0,0.355,39.8
0.0,0.332,39.8
0.0,0.267,39.8
0.0,0.167,39.8
0.0,0.093,39.8
0.0,0.053,39.8
0.0,0.042,39.8
0.0,0.038,39.8
0.0,0.039,39.8
0.0,0.036,39.8
0.0,0.05,39.8
0.0,0.076,39.8
0.0,0.091,39.8
0.0,0.121,39.8
0.0,0.178,39.8
0.009,0.231,39.8
0.042,0.243,39.8
0.071,0.225,39.8
0.08,0.214,39.8
0.066,0.227,39.8
0.043,0.237,39.8
0.016,0.256,39.8
0.0,0.286,39.8
0.0,0.294,39.8
0.0,0.292,39.8
0.0,0.302,39.8
0.0,0.3,39.8
0.0,0.297,39.8
0.0,0.264,39.8
0.0,0.23,39.8
0.0,0.171,39.8
0.0,0.126,39.8
0.0,0.107,39.8
0.0,0.096,39.8
0.0,0.082,39.8
0.0,0.08,39.8
0.0,0.121,39.8
0.0,0.172,39.8
0.0,0.17,39.8
0.003,0.128,39.8
0.032,0.114,39.8
0.068,0.119,39.8
0.1,0.158,39.8
0.178,0.164,39.8
0.189,0.155,39.8
0.153,0.155,39.8
0.017,0.182,39.8
0.0,0.231,39.8
0.0,0.285,39.8
0.0,0.329,39.8
0.0,0.346,39.8
0.0,0.309,39.8
0.0,0.223,39.8
0.0,0.163,39.8
0.0,0.125,39.8
0.0,0.096,39.8
0.0,0.074,39.8
0.0,0.061,39.8
0.0,0.06,39.8
0.0,0.068,39.8
0.0,0.074,39.8
0.0,0.078,39.8
0.0,0.076,39.8
0.025,0.064,39.8
0.134,0.045,39.8
0.333,0.032,39.8
0.481,0.028,39.8
0.48,0.027,39.8
0.398,0.022,39.8
0.24,0.025,39.8
0.024,0.035,39.8
0.0,0.052,39.8
0.0,0.068,39.8
0.0,0.073,39.8
0.0,0.071,39.8
0.0,0.082,39.8
0.0,0.122,39.8
0.0,0.186,39.8
0.0,0.252,39.8
0.0,0.301,39.8
0.0,0.309,39.8
0.0,0.238,39.8
0.0,0.187,39.8
0.0,0.167,39.8
0.0,0.157,39.8
0.0,0.145,39.8
0.0,0.148,39.8
0.015,0.161,39.8
0.061,0.172,39.8
0.091,0.231,39.8
0.128,0.265,39.8
0.122,0.28,39.8
0.08,0.296,39.8
0.031,0.31,39.8
0.0,0.364,39.8
0.0,0.447,39.8
0.0,0.494,39.8
0.0,0.521,39.8
0.0,0.562,39.8
0.0,0.666,39.8
0.0,0.672,39.8
0.0,0.681,39.8
0.0,0.699,39.8
0.0,0.706,39.8
0.0,0.714,39.8
0.0,0.713,39.8
0.0,0.722,39.8
0.0,0.732,39.8
0.0,0.788,39.8
0.0,0.788,39.8
0.0,0.786,39.8
0.001,0.794,39.8
0.018,0.803,39.8
0.02,0.82,39.8
0.021,0.827,39.8
0.012,0.852,39.8
0.007,0.868,39.8
0.0,0.839,39.8
0.0,0.844,39.8
0.0,0.851,39.8
0.0,0.866,39.8
0.0,0.881,39.8
0.0,0.878,39.8
0.0,0.855,39.8
0.0,0.84,39.8
0.0,0.812,39.8
0.0,0.759,39.8
0.0,0.668,39.8
0.0,0.599,39.8
0.0,0.567,39.8
0.0,0.534,39.8
0.0,0.539,39.8
0.0,0.525,39.8
0.0,0.519,39.8
0.0,0.481,39.8
0.011,0.447,39.8
0.053,0.408,39.8
0.09,0.362,39.8
0.138,0.374,39.8
0.19,0.407,39.8
0.177,0.4,39.8
0.095,0.428,39.8
0.003,0.474,39.8
0.0,0.532,39.8
0.0,0.547,39.8
0.0,0.559,39.8
0.0,0.568,39.8
0.0,0.602,39.8
0.0,0.599,39.8
0.0,0.682,39.8
0.0,0.744,39.8
0.0,0.806,39.8
0.0,0.872,39.8
0.0,0.902,39.8
0.0,0.93,39.8
0.0,0.947,39.8
0.0,0.959,39.8
0.0,0.967,39.8
0.0,0.965,39.8
0.0,0.934,39.8
0.016,0.889,39.8
0.067,0.856,39.8
0.141,0.851,39.8
0.258,0.82,39.8
0.306,0.822,39.8
0.167,0.833,39.8
0.003,0.856,39.8
0.0,0.878,39.8
0.0,0.885,39.8
0.0,0.882,39.8
0.0,0.874,39.8
0.0,0.862,39.8
0.0,0.845,39.8
0.0,0.838,39.8
0.0,0.849,39.8
0.0,0.847,39.8
0.0,0.849,39.8
0.0,0.846,39.8
0.0,0.806,39.8
0.0,0.781,39.8
0.0,0.708,39.8
0.0,0.637,39.8
0.0,0.633,39.8
0.0,0.607,39.8
0.02,0.583,39.8
0.072,0.644,39.8
0.132,0.724,39.8
0.109,0.782,39.8
0.05,0.841,39.8
0.008,0.857,39.8
0.0,0.831,39.8
0.0,0.801,39.8
0.0,0.794,39.8
0.0,0.727,39.8
0.0,0.695,39.8
0.0,0.623,39.8
0.0,0.55,39.8
0.0,0.464,39.8
0.0,0.395,39.8
0.0,0.347,39.8
0.0,0.282,39.8
0.0,0.225,39.8
0.0,0.245,39.8
0.0,0.237,39.8
0.0,0.334,39.8
0.0,0.429,39.8
0.0,0.401,39.8
0.028,0.398,39.8
0.145,0.416,39.8
0.117,0.484,39.8
0.077,0.552,39.8
0.083,0.605,39.8
0.074,0.682,39.8
0.057,0.739,39.8
0.0,0.789,39.8
0.0,0.82,39.8
0.0,0.862,39.8
0.0,0.928,39.8
0.0,0.925,39.8
0.0,0.924,39.8
0.0,0.921,39.8
0.0,0.912,39.8
0.0,0.89,39.8
0.0,0.852,39.8
0.0,0.774,39.8
0.0,0.655,39.8
0.0,0.484,39.8
0.0,0.41,39.8
0.0,0.384,39.8
0.0,0.359,39.8
0.0,0.329,39.8
0.013,0.308,39.8
0.041,0.305,39.8
0.062,0.273,39.8
0.063,0.253,39.8
0.07,0.261,39.8
0.076,0.261,39.8
0.026,0.3,39.8
0.0,0.366,39.8
0.0,0.395,39.8
0.0,0.408,39.8
0.0,0.407,39.8
0.0,0.395,39.8
0.0,0.376,39.8
0.0,0.38,39.8
0.0,0.418,39.8
0.0,0.424,39.8
0.0,0.375,39.8
0.0,0.352,39.8
0.0,0.349,39.8
0.0,0.347,39.8
0.0,0.334,39.8
0.0,0.337,39.8
0.0,0.347,39.8
0.0,0.368,39.8
0.033,0.352,39.8
0.128,0.355,39.8
0.261,0.459,39.8
0.396,0.58,39.8
0.409,0.679,39.8
0.231,0.737,39.8
0.057,0.768,39.8
0.0,0.813,39.8
0.0,0.849,39.8
0.0,0.875,39.8
0.0,0.897,39.8
0.0,0.915,39.8
0.0,0.921,39.8
0.0,0.926,39.8
0.0,0.916,39.8
0.0,0.872,39.8
0.0,0.726,39.8
0.0,0.561,39.8
0.0,0.544,39.8
0.0,0.529,39.8
0.0,0.544,39.8
0.0,0.494,39.8
0.0,0.334,39.8
0.0,0.183,39.8
0.0,0.179,39.8
0.01,0.234,39.8
0.024,0.338,39.8
0.033,0.422,39.8
0.029,0.485,39.8
0.015,0.55,39.8
0.004,0.594,39.8
0.0,0.586,39.8
0.0,0.564,39.8
0.0,0.601,39.8
0.0,0.675,39.8
0.0,0.716,39.8
0.0,0.727,39.8
0.0,0.704,39.8
0.0,0.654,39.8
0.0,0.61,39.8
0.0,0.585,39.8
0.0,0.568,39.8
0.0,0.489,39.8
0.0,0.494,39.8
0.0,0.592,39.8
0.0,0.679,39.8
0.0,0.731,39.8
0.0,0.813,39.8
0.009,0.856,39.8
0.069,0.879,39.8
0.25,0.88,39.8
0.361,0.907,39.8
0.346,0.924,39.8
0.302,0.917,39.8
0.108,0.89,39.8
0.0,0.884,39.8
0.0,0.891,39.8
0.0,0.863,39.8
0.0,0.791,39.8
0.0,0.645,39.8
0.0,0.525,39.8
0.0,0.481,39.8
0.0,0.476,39.8
0.0,0.523,39.8
0.0,0.606,39.8
0.0,0.697,39.8
0.0,0.764,39.8
0.0,0.885,39.8
0.0,0.928,39.8
0.0,0.914,39.8
0.0,0.888,39.8
0.0,0.852,39.8
0.087,0.793,39.8
0.278,0.682,39.8
0.385,0.644,39.8
0.399,0.756,39.8
0.33,0.819,39.8
0.185,0.827,39.8
0.053,0.802,39.8
0.0,0.779,39.8
0.0,0.746,39.8
0.0,0.667,39.8
0.0,0.578,39.8
0.0,0.568,39.8
0.0,0.562,39.8
0.0,0.545,39.8
0.0,0.501,39.8
0.0,0.459,39.8
0.0,0.43,39.8
0.0,0.402,39.8
0.0,0.388,39.8
0.0,0.401,39.8
0.0,0.407,39.8
0.0,0.406,39.8
0.0,0.398,39.8
0.0,0.396,39.8
0.0,0.408,39.8
0.021,0.391,39.8
0.051,0.296,39.8
0.065,0.223,39.8
0.052,0.167,39.8
0.031,0.142,39.8
0.006,0.146,39.8
0.0,0.155,39.8
0.0,0.173,39.8
0.0,0.215,39.8
0.0,0.24,39.8
0.0,0.241,39.8
0.0,0.23,39.8
0.0,0.233,39.8
0.0,0.26,39.8
0.0,0.299,39.8
0.0,0.322,39.8
0.0,0.381,39.8
0.0,0.434,39.8
0.0,0.484,39.8
0.0,0.519,39.8
0.0,0.647,39.8
0.0,0.602,39.8
0.0,0.579,39.8
0.005,0.588,39.8
0.057,0.633,39.8
0.158,0.586,39.8
0.161,0.638,39.8
0.214,0.73,39.8
0.245,0.747,39.8
0.097,0.786,39.8
0.0,0.765,39.8
0.0,0.687,39.8
0.0,0.566,39.8
0.0,0.476,39.8
0.0,0.433,39.8
0.0,0.386,39.8
0.0,0.325,39.8
0.0,0.3,39.8
0.0,0.276,39.8
0.0,0.26,39.8
0.0,0.245,39.8
0.0,0.264,39.8
0.0,0.28,39.8
0.0,0.308,39.8
0.0,0.347,39.8
0.0,0.341,39.8
0.0,0.326,39.8
0.009,0.305,39.8
0.03,0.267,39.8
0.056,0.235,39.8
0.098,0.22,39.8
0.277,0.205,39.8
0.291,0.163,39.8
0.118,0.16,39.8
0.0,0.289,39.8
0.0,0.457,39.8
0.0,0.552,39.8
0.0,0.571,39.8
0.0,0.586,39.8
0.0,0.59,39.8
0.0,0.593,39.8
0.0,0.607,39.8
0.0,0.657,39.8
0.0,0.704,39.8
0.0,0.681,39.8
0.0,0.635,39.8
0.0,0.649,39.8
0.0,0.649,39.8
0.0,0.645,39.8
0.0,0.642,39.8
0.0,0.645,39.8
0.036,0.59,39.8
0.149,0.526,39.8
0.229,0.494,39.8
0.137,0.458,39.8
0.069,0.495,39.8
0.028,0.55,39.8
0.004,0.597,39.8
0.0,0.675,39.8
0.0,0.718,39.8
0.0,0.749,39.8
0.0,0.743,39.8
0.0,0.752,39.8
0.0,0.789,39.8
0.0,0.777,39.8
0.0,0.732,39.8
0.0,0.654,39.8
0.0,0.612,39.8
0.0,0.692,39.8
0.0,0.794,39.8
0.0,0.853,39.8
0.0,0.884,39.8
0.0,0.901,39.8
0.0,0.918,39.8
0.0,0.931,39.8
0.0,0.945,39.8
0.002,0.95,39.8
0.017,0.943,39.8
0.01,0.878,39.8
0.005,0.812,39.8
0.01,0.765,39.8
0.074,0.636,39.8
0.0,0.685,39.8
0.0,0.705,39.8
0.0,0.704,39.8
0.0,0.7,39.8
0.0,0.699,39.8
0.0,0.687,39.8
0.0,0.654,39.8
0.0,0.638,39.8
0.0,0.613,39.8
0.0,0.549,39.8
0.0,0.476,39.8
0.0,0.438,39.8
0.0,0.413,39.8
0.0,0.402,39.8
0.0,0.41,39.8
0.0,0.438,39.8
0.0,0.519,39.8
0.003,0.585,39.8
0.026,0.611,39.8
0.063,0.622,39.8
0.135,0.691,39.8
0.137,0.703,39.8
0.092,0.679,39.8
0.032,0.644,39.8
0.0,0.633,39.8
0.0,0.659,39.8
0.0,0.679,39.8
0.0,0.645,39.8
0.0,0.591,39.8
0.0,0.535,39.8
0.0,0.522,39.8
0.0,0.525,39.8
0.0,0.548,39.8
0.0,0.513,39.8
0.0,0.476,39.8
0.0,0.501,39.8
0.0,0.51,39.8
0.0,0.468,39.8
0.0,0.396,39.8
0.0,0.347,39.8
0.0,0.317,39.8
0.0,0.293,39.8
0.023,0.267,39.8
0.055,0.296,39.8
0.053,0.43,39.8
0.032,0.595,39.8
0.009,0.706,39.8
0.0,0.744,39.8
0.0,0.785,39.8
0.0,0.768,39.8
0.0,0.698,39.8
0.0,0.611,39.8
0.0,0.564,39.8
0.0,0.492,39.8
0.0,0.425,39.8
0.0,0.409,39.8
0.0,0.4,39.8
0.0,0.447,39.8
0.0,0.513,39.8
0.0,0.538,39.8
0.0,0.525,39.8
0.0,0.521,39.8
0.0,0.524,39.8
0.0,0.49,39.8
0.0,0.429,39.8
0.002,0.438,39.8
0.023,0.458,39.8
0.037,0.468,39.8
0.052,0.559,39.8
0.07,0.61,39.8
0.099,0.612,39.8
0.083,0.583,39.8
0.0,0.584,39.8
0.0,0.544,39.8
0.0,0.523,39.8
0.0,0.501,39.8
0.0,0.454,39.8
0.0,0.398,39.8
0.0,0.373,39.8
0.0,0.341,39.8
0.0,0.337,39.8
0.0,0.347,39.8
0.0,0.337,39.8
0.0,0.317,39.8
0.0,0.295,39.8
0.0,0.331,39.8
0.0,0.465,39.8
0.0,0.677,39.8
0.0,0.701,39.8
0.0,0.744,39.8
0.011,0.845,39.8
0.124,0.895,39.8
0.359,0.884,39.8
0.352,0.896,39.8
0.181,0.897,39.8
0.053,0.88,39.8
0.0,0.855,39.8
0.0,0.817,39.8
0.0,0.774,39.8
0.0,0.637,39.8
0.0,0.594,39.8
0.0,0.578,39.8
0.0,0.577,39.8
0.0,0.55,39.8
0.0,0.474,39.8
0.0,0.441,39.8
0.0,0.46,39.8
0.0,0.519,39.8
0.0,0.586,39.8
0.0,0.59,39.8
0.0,0.619,39.8
0.0,0.608,39.8
0.0,0.574,39.8
0.009,0.513,39.8
0.051,0.437,39.8
0.1,0.378,39.8
0.134,0.366,39.8
0.171,0.352,39.8
0.128,0.316,39.8
0.036,0.286,39.8
0.0,0.284,39.8
0.0,0.245,39.8
0.0,0.18,39.8
0.0,0.107,39.8
0.0,0.054,39.8
0.0,0.038,39.8
0.0,0.051,39.8
0.0,0.067,39.8
0.0,0.071,39.8
0.0,0.066,39.8
0.0,0.05,39.8
0.0,0.045,39.8
0.0,0.061,39.8
0.0,0.092,39.8
0.0,0.126,39.8
0.0,0.162,39.8
0.0,0.202,39.8
0.0,0.225,39.8
0.017,0.226,39.8
0.027,0.226,39.8
0.028,0.249,39.8
0.031,0.249,39.8
0.031,0.272,39.8
0.013,0.355,39.8
0.0,0.458,39.8
0.0,0.519,39.8
0.0,0.547,39.8
0.0,0.506,39.8
0.0,0.442,39.8
0.0,0.408,39.8
0.0,0.392,39.8
0.0,0.372,39.8
0.0,0.289,39.8
0.0,0.188,39.8
0.0,0.084,39.8
0.0,0.017,39.8
0.0,0.01,39.8
0.0,0.055,39.8
0.0,0.112,39.8
0.0,0.155,39.8
0.0,0.187,39.8
0.001,0.205,39.8
0.052,0.201,39.8
0.222,0.17,39.8
0.317,0.131,39.8
0.257,0.115,39.8
0.156,0.114,39.8
0.056,0.115,39.8
0.0,0.144,39.8
0.0,0.185,39.8
0.0,0.208,39.8
0.0,0.208,39.8
0.0,0.199,39.8
0.0,0.173,39.8
0.0,0.134,39.8
0.0,0.111,39.8
0.0,0.106,39.8
0.0,0.102,39.8
0.0,0.08,39.8
0.0,0.061,39.8
0.0,0.054,39.8
0.0,0.054,39.8
0.0,0.068,39.8
0.0,0.078,39.8
0.0,0.09,39.8
0.01,0.102,39.8
0.053,0.103,39.8
0.104,0.086,39.8
0.113,0.074,39.8
0.084,0.068,39.8
0.058,0.057,39.8
0.021,0.061,39.8
0.0,0.104,39.8
0.0,0.201,39.8
0.0,0.32,39.8
0.0,0.364,39.8
0.0,0.312,39.8
0.0,0.267,39.8
0.0,0.227,39.8
0.0,0.259,39.8
0.0,0.323,39.8
0.0,0.341,39.8
0.0,0.3,39.8
0.0,0.251,39.8
0.0,0.196,39.8
0.0,0.201,39.8
0.0,0.213,39.8
0.0,0.212,39.8
0.0,0.205,39.8
0.034,0.188,39.8
0.117,0.143,39.8
0.187,0.121,39.8
0.309,0.109,39.8
0.338,0.123,39.8
0.224,0.142,39.8
0.094,0.187,39.8
0.0,0.272,39.8
0.0,0.358,39.8
0.0,0.429,39.8
0.0,0.454,39.8
0.0,0.451,39.8
0.0,0.454,39.8
0.0,0.464,39.8
0.0,0.466,39.8
0.0,0.458,39.8
0.0,0.444,39.8
0.0,0.442,39.8
0.0,0.45,39.8
0.0,0.459,39.8
0.0,0.464,39.8
0.0,0.467,39.8
0.0,0.474,39.8
0.0,0.481,39.8
0.108,0.45,39.8
0.285,0.374,39.8
0.439,0.337,39.8
0.517,0.334,39.8
0.508,0.362,39.8
0.417,0.433,39.8
0.238,0.542,39.8
0.015,0.646,39.8
0.0,0.646,39.8
0.0,0.597,39.8
0.0,0.555,39.8
0.0,0.514,39.8
0.0,0.48,39.8
0.0,0.461,39.8
0.0,0.436,39.8
0.0,0.386,39.8
0.0,0.317,39.8
0.0,0.243,39.8
0.0,0.173,39.8
0.0,0.112,39.8
0.0,0.058,39.8
0.0,0.025,39.8
0.0,0.017,39.8
0.0,0.019,39.8
0.002,0.024,39.8
0.032,0.028,39.8
0.075,0.027,39.8
0.097,0.026,39.8
0.105,0.039,39.8
0.121,0.062,39.8
0.078,0.108,39.8
0.0,0.191,39.8
0.0,0.28,39.8
0.0,0.341,39.8
0.0,0.347,39.8
0.0,0.315,39.8
0.0,0.254,39.8
0.0,0.201,39.8
0.0,0.171,39.8
0.0,0.153,39.8
