solar_cf,wind_cf,price
0.0,0.045,89.2
0.0,0.055,89.2
0.0,0.068,89.2
0.0,0.08,89.2
0.0,0.087,89.2
0.0,0.093,89.2
0.0,0.094,89.2
0.0,0.085,89.2
0.055,0.068,89.2
0.216,0.048,89.2
0.37,0.034,89.2
0.437,0.027,89.2
0.421,0.028,89.2
0.349,0.035,89.2
0.197,0.044,89.2
0.044,0.045,89.2
0.0,0.041,89.2
0.0,0.035,89.2
0.0,0.025,89.2
0.0,0.016,89.2
0.0,0.01,89.2
0.0,0.007,89.2
0.0,0.008,89.2
0.0,0.012,89.2
0.0,0.019,89.2
0.0,0.028,89.2
0.0,0.037,89.2
0.0,0.045,89.2
0.0,0.054,89.2
0.0,0.068,89.2
0.0,0.082,89.2
0.0,0.097,89.2
0.002,0.128,89.2
0.023,0.169,89.2
0.042,0.198,89.2
0.054,0.223,89.2
0.083,0.24,89.2
0.06,0.261,89.2
0.032,0.298,89.2
0.001,0.334,89.2
0.0,0.337,89.2
0.0,0.308,89.2
0.0,0.255,89.2
0.0,0.203,89.2
0.0,0.161,89.2
0.0,0.136,89.2
0.0,0.132,89.2
0.0,0.145,89.2
0.0,0.17,89.2
0.0,0.192,89.2
0.0,0.192,89.2
0.0,0.172,89.2
0.0,0.164,89.2
0.0,0.192,89.2
0.0,0.238,89.2
0.0,0.277,89.2
0.0,0.281,89.2
0.03,0.253,89.2
0.085,0.205,89.2
0.138,0.164,89.2
0.184,0.149,89.2
0.142,0.159,89.2
0.077,0.195,89.2
0.016,0.256,89.2
0.0,0.315,89.2
0.0,0.37,89.2
0.0,0.425,89.2
0.0,0.477,89.2
0.0,0.513,89.2
0.0,0.552,89.2
0.0,0.583,89.2
0.0,0.621,89.2
0.0,0.658,89.2
0.0,0.685,89.2
0.0,0.69,89.2
0.0,0.668,89.2
0.0,0.638,89.2
0.0,0.61,89.2
0.0,0.586,89.2
0.0,0.58,89.2
0.0,0.593,89.2
0.018,0.59,89.2
0.042,0.586,89.2
0.061,0.59,89.2
0.067,0.592,89.2
0.062,0.604,89.2
0.037,0.61,89.2
0.002,0.653,89.2
0.0,0.695,89.2
0.0,0.702,89.2
0.0,0.695,89.2
0.0,0.679,89.2
0.0,0.651,89.2
0.0,0.625,89.2
0.0,0.631,89.2
0.0,0.646,89.2
0.0,0.662,89.2
0.0,0.674,89.2
0.0,0.684,89.2
0.0,0.683,89.2
0.0,0.668,89.2
0.0,0.658,89.2
0.0,0.646,89.2
0.0,0.619,89.2
0.021,0.578,89.2
0.09,0.485,89.2
0.173,0.423,89.2
0.237,0.378,89.2
0.252,0.364,89.2
0.216,0.381,89.2
0.131,0.391,89.2
0.023,0.428,89.2
0.0,0.464,89.2
0.0,0.461,89.2
0.0,0.426,89.2
0.0,0.375,89.2
0.0,0.317,89.2
0.0,0.274,89.2
0.0,0.241,89.2
0.0,0.225,89.2
0.0,0.225,89.2
0.0,0.235,89.2
0.0,0.244,89.2
0.0,0.24,89.2
0.0,0.22,89.2
0.0,0.194,89.2
0.0,0.165,89.2
0.0,0.131,89.2
0.02,0.1,89.2
0.094,0.072,89.2
0.16,0.064,89.2
0.195,0.063,89.2
0.176,0.07,89.2
0.126,0.081,89.2
0.066,0.092,89.2
0.011,0.109,89.2
0.0,0.119,89.2
0.0,0.119,89.2
0.0,0.108,89.2
0.0,0.088,89.2
0.0,0.067,89.2
0.0,0.048,89.2
0.0,0.038,89.2
0.0,0.042,89.2
0.0,0.06,89.2
0.0,0.088,89.2
0.0,0.118,89.2
0.0,0.147,89.2
0.0,0.17,89.2
0.0,0.187,89.2
0.0,0.194,89.2
0.0,0.194,89.2
0.015,0.187,89.2
0.079,0.167,89.2
0.152,0.131,89.2
0.211,0.111,89.2
0.234,0.107,89.2
0.192,0.112,89.2
0.117,0.117,89.2
0.026,0.123,89.2
0.0,0.11,89.2
0.0,0.086,89.2
0.0,0.067,89.2
0.0,0.062,89.2
0.0,0.072,89.2
0.0,0.101,89.2
0.0,0.138,89.2
0.0,0.167,89.2
0.0,0.182,89.2
0.0,0.182,89.2
0.0,0.168,89.2
0.0,0.165,89.2
0.0,0.181,89.2
0.0,0.203,89.2
0.0,0.229,89.2
0.0,0.256,89.2
0.036,0.272,89.2
0.131,0.238,89.2
0.198,0.208,89.2
0.224,0.2,89.2
0.217,0.18,89.2
0.158,0.147,89.2
0.082,0.123,89.2
0.014,0.103,89.2
0.0,0.085,89.2
0.0,0.068,89.2
0.0,0.048,89.2
0.0,0.033,89.2
0.0,0.026,89.2
0.0,0.026,89.2
0.0,0.03,89.2
0.0,0.04,89.2
0.0,0.063,89.2
0.0,0.105,89.2
0.0,0.153,89.2
0.0,0.182,89.2
0.0,0.197,89.2
0.0,0.211,89.2
0.0,0.236,89.2
0.0,0.264,89.2
0.069,0.285,89.2
0.2,0.296,89.2
0.356,0.348,89.2
0.557,0.34,89.2
0.6,0.337,89.2
0.521,0.344,89.2
0.359,0.355,89.2
0.119,0.449,89.2
0.0,0.55,89.2
0.0,0.565,89.2
0.0,0.518,89.2
0.0,0.444,89.2
0.0,0.345,89.2
0.0,0.27,89.2
0.0,0.219,89.2
0.0,0.177,89.2
0.0,0.141,89.2
0.0,0.119,89.2
0.0,0.106,89.2
0.0,0.097,89.2
0.0,0.1,89.2
0.0,0.103,89.2
0.0,0.099,89.2
0.0,0.08,89.2
0.03,0.061,89.2
0.114,0.055,89.2
0.205,0.072,89.2
0.264,0.107,89.2
0.244,0.146,89.2
0.209,0.185,89.2
0.144,0.222,89.2
0.042,0.27,89.2
0.0,0.297,89.2
0.0,0.274,89.2
0.0,0.212,89.2
0.0,0.176,89.2
0.0,0.162,89.2
0.0,0.136,89.2
0.0,0.11,89.2
0.0,0.093,89.2
0.0,0.098,89.2
0.0,0.136,89.2
0.0,0.217,89.2
0.0,0.337,89.2
0.0,0.461,89.2
0.0,0.545,89.2
0.0,0.578,89.2
0.0,0.615,89.2
0.002,0.642,89.2
0.043,0.611,89.2
0.082,0.592,89.2
0.08,0.615,89.2
0.097,0.67,89.2
0.059,0.686,89.2
0.029,0.75,89.2
0.002,0.793,89.2
0.0,0.808,89.2
0.0,0.832,89.2
0.0,0.846,89.2
0.0,0.866,89.2
0.0,0.876,89.2
0.0,0.853,89.2
0.0,0.873,89.2
0.0,0.901,89.2
0.0,0.913,89.2
0.0,0.957,89.2
0.0,0.965,89.2
0.0,0.976,89.2
0.0,0.977,89.2
0.0,0.979,89.2
0.0,0.984,89.2
0.0,0.986,89.2
0.0,0.986,89.2
0.004,0.981,89.2
0.011,0.978,89.2
0.018,0.976,89.2
0.038,0.957,89.2
0.026,0.931,89.2
0.007,0.87,89.2
0.0,0.742,89.2
0.0,0.586,89.2
0.0,0.413,89.2
0.0,0.295,89.2
0.0,0.207,89.2
0.0,0.151,89.2
0.0,0.114,89.2
0.0,0.088,89.2
0.0,0.05,89.2
0.0,0.014,89.2
0.0,0.006,89.2
0.0,0.026,89.2
0.0,0.082,89.2
0.0,0.156,89.2
0.0,0.241,89.2
0.0,0.395,89.2
0.0,0.558,89.2
0.0,0.728,89.2
0.001,0.813,89.2
0.011,0.856,89.2
0.027,0.891,89.2
0.034,0.941,89.2
0.02,0.938,89.2
0.013,0.935,89.2
0.001,0.949,89.2
0.0,0.94,89.2
0.0,0.938,89.2
0.0,0.935,89.2
0.0,0.93,89.2
0.0,0.922,89.2
0.0,0.912,89.2
0.0,0.906,89.2
0.0,0.913,89.2
0.0,0.919,89.2
0.0,0.912,89.2
0.0,0.914,89.2
0.0,0.914,89.2
0.0,0.915,89.2
0.0,0.916,89.2
0.0,0.906,89.2
0.0,0.891,89.2
0.001,0.887,89.2
0.024,0.814,89.2
0.066,0.795,89.2
0.095,0.822,89.2
0.096,0.88,89.2
0.068,0.93,89.2
0.042,0.947,89.2
0.01,0.953,89.2
0.0,0.963,89.2
0.0,0.977,89.2
0.0,0.982,89.2
0.0,0.97,89.2
0.0,0.935,89.2
0.0,0.881,89.2
0.0,0.823,89.2
0.0,0.77,89.2
0.0,0.703,89.2
0.0,0.64,89.2
0.0,0.605,89.2
0.0,0.558,89.2
0.0,0.548,89.2
0.0,0.551,89.2
0.0,0.556,89.2
0.0,0.544,89.2
0.058,0.494,89.2
0.208,0.399,89.2
0.41,0.362,89.2
0.51,0.302,89.2
0.462,0.261,89.2
0.344,0.229,89.2
0.243,0.2,89.2
0.095,0.203,89.2
0.0,0.238,89.2
0.0,0.251,89.2
0.0,0.239,89.2
0.0,0.233,89.2
0.0,0.245,89.2
0.0,0.274,89.2
0.0,0.297,89.2
0.0,0.315,89.2
0.0,0.349,89.2
0.0,0.388,89.2
0.0,0.4,89.2
0.0,0.435,89.2
0.0,0.513,89.2
0.0,0.635,89.2
0.0,0.751,89.2
0.0,0.828,89.2
0.0,0.831,89.2
0.008,0.849,89.2
0.003,0.898,89.2
0.004,0.91,89.2
0.009,0.915,89.2
0.015,0.879,89.2
0.024,0.82,89.2
0.009,0.815,89.2
0.0,0.831,89.2
0.0,0.832,89.2
0.0,0.785,89.2
0.0,0.745,89.2
0.0,0.713,89.2
0.0,0.698,89.2
0.0,0.725,89.2
0.0,0.777,89.2
0.0,0.759,89.2
0.0,0.78,89.2
0.0,0.792,89.2
0.0,0.824,89.2
0.0,0.853,89.2
0.0,0.857,89.2
0.0,0.856,89.2
0.0,0.855,89.2
0.047,0.841,89.2
0.128,0.801,89.2
0.196,0.75,89.2
0.225,0.697,89.2
0.359,0.628,89.2
0.354,0.564,89.2
0.21,0.507,89.2
0.037,0.487,89.2
0.0,0.494,89.2
0.0,0.436,89.2
0.0,0.363,89.2
0.0,0.295,89.2
0.0,0.226,89.2
0.0,0.225,89.2
0.0,0.259,89.2
0.0,0.291,89.2
0.0,0.326,89.2
0.0,0.358,89.2
0.0,0.38,89.2
0.0,0.42,89.2
0.0,0.447,89.2
0.0,0.459,89.2
0.0,0.484,89.2
0.0,0.522,89.2
0.044,0.517,89.2
0.172,0.46,89.2
0.347,0.476,89.2
0.356,0.547,89.2
0.235,0.609,89.2
0.182,0.644,89.2
0.107,0.639,89.2
0.026,0.63,89.2
0.0,0.7,89.2
0.0,0.752,89.2
0.0,0.751,89.2
0.0,0.766,89.2
0.0,0.815,89.2
0.0,0.879,89.2
0.0,0.899,89.2
0.0,0.929,89.2
0.0,0.94,89.2
0.0,0.962,89.2
0.0,0.955,89.2
0.0,0.973,89.2
0.0,0.984,89.2
0.0,0.975,89.2
0.0,0.962,89.2
0.0,0.93,89.2
0.004,0.901,89.2
0.053,0.898,89.2
0.091,0.885,89.2
0.101,0.918,89.2
0.081,0.922,89.2
0.046,0.923,89.2
0.022,0.926,89.2
0.0,0.93,89.2
0.0,0.942,89.2
0.0,0.959,89.2
0.0,0.961,89.2
0.0,0.963,89.2
0.0,0.965,89.2
0.0,0.964,89.2
0.0,0.96,89.2
0.0,0.95,89.2
0.0,0.951,89.2
0.0,0.929,89.2
0.0,0.904,89.2
0.0,0.925,89.2
0.0,0.924,89.2
0.0,0.91,89.2
0.0,0.872,89.2
0.0,0.867,89.2
0.007,0.858,89.2
0.04,0.899,89.2
0.097,0.93,89.2
0.172,0.953,89.2
0.225,0.966,89.2
0.142,0.972,89.2
0.071,0.971,89.2
0.02,0.972,89.2
0.0,0.982,89.2
0.0,0.989,89.2
0.0,0.991,89.2
0.0,0.99,89.2
0.0,0.986,89.2
0.0,0.98,89.2
0.0,0.969,89.2
0.0,0.983,89.2
0.0,0.991,89.2
0.0,0.974,89.2
0.0,0.951,89.2
0.0,0.943,89.2
0.0,0.935,89.2
0.0,0.922,89.2
0.0,0.92,89.2
0.0,0.926,89.2
0.022,0.927,89.2
0.097,0.918,89.2
0.095,0.902,89.2
0.137,0.872,89.2
0.092,0.851,89.2
0.037,0.772,89.2
0.014,0.571,89.2
0.0,0.473,89.2
0.0,0.476,89.2
0.0,0.312,89.2
0.0,0.456,89.2
0.0,0.613,89.2
0.0,0.58,89.2
0.0,0.506,89.2
0.0,0.491,89.2
0.0,0.491,89.2
0.0,0.457,89.2
0.0,0.395,89.2
0.0,0.334,89.2
0.0,0.313,89.2
0.0,0.311,89.2
0.0,0.305,89.2
0.0,0.287,89.2
0.0,0.272,89.2
0.034,0.254,89.2
0.081,0.231,89.2
0.121,0.227,89.2
0.169,0.27,89.2
0.184,0.337,89.2
0.149,0.429,89.2
0.077,0.504,89.2
0.014,0.601,89.2
0.0,0.689,89.2
0.0,0.744,89.2
0.0,0.783,89.2
0.0,0.795,89.2
0.0,0.8,89.2
0.0,0.759,89.2
0.0,0.77,89.2
0.0,0.818,89.2
0.0,0.77,89.2
0.0,0.645,89.2
0.0,0.519,89.2
0.0,0.385,89.2
0.0,0.379,89.2
0.0,0.4,89.2
0.0,0.43,89.2
0.0,0.474,89.2
0.001,0.457,89.2
0.024,0.352,89.2
0.057,0.233,89.2
0.093,0.321,89.2
0.116,0.556,89.2
0.146,0.661,89.2
0.164,0.674,89.2
0.111,0.67,89.2
0.0,0.655,89.2
0.0,0.593,89.2
0.0,0.557,89.2
0.0,0.574,89.2
0.0,0.519,89.2
0.0,0.454,89.2
0.0,0.392,89.2
0.0,0.317,89.2
0.0,0.241,89.2
0.0,0.179,89.2
0.0,0.17,89.2
0.0,0.241,89.2
0.0,0.395,89.2
0.0,0.575,89.2
0.0,0.711,89.2
0.0,0.806,89.2
0.006,0.876,89.2
0.02,0.88,89.2
0.025,0.859,89.2
0.036,0.826,89.2
0.064,0.792,89.2
0.081,0.808,89.2
0.066,0.802,89.2
0.02,0.813,89.2
0.0,0.838,89.2
0.0,0.834,89.2
0.0,0.803,89.2
0.0,0.789,89.2
0.0,0.785,89.2
0.0,0.789,89.2
0.0,0.785,89.2
0.0,0.748,89.2
0.0,0.748,89.2
0.0,0.763,89.2
0.0,0.766,89.2
0.0,0.751,89.2
0.0,0.794,89.2
0.0,0.847,89.2
0.0,0.875,89.2
0.0,0.867,89.2
0.135,0.812,89.2
0.391,0.713,89.2
0.577,0.651,89.2
0.658,0.551,89.2
0.649,0.473,89.2
0.559,0.458,89.2
0.381,0.488,89.2
0.144,0.539,89.2
0.0,0.602,89.2
0.0,0.613,89.2
0.0,0.606,89.2
0.0,0.596,89.2
0.0,0.581,89.2
0.0,0.556,89.2
0.0,0.538,89.2
0.0,0.516,89.2
0.0,0.508,89.2
0.0,0.512,89.2
0.0,0.537,89.2
0.0,0.579,89.2
0.0,0.598,89.2
0.0,0.586,89.2
0.0,0.55,89.2
0.0,0.535,89.2
0.008,0.532,89.2
0.017,0.561,89.2
0.025,0.613,89.2
0.051,0.653,89.2
0.093,0.658,89.2
0.12,0.692,89.2
0.119,0.76,89.2
0.014,0.819,89.2
0.0,0.871,89.2
0.0,0.917,89.2
0.0,0.933,89.2
0.0,0.944,89.2
0.0,0.933,89.2
0.0,0.907,89.2
0.0,0.877,89.2
0.0,0.828,89.2
0.0,0.794,89.2
0.0,0.742,89.2
0.0,0.667,89.2
0.0,0.612,89.2
0.0,0.641,89.2
0.0,0.604,89.2
0.0,0.552,89.2
0.0,0.519,89.2
0.063,0.478,89.2
0.155,0.42,89.2
0.178,0.409,89.2
0.075,0.489,89.2
0.056,0.603,89.2
0.061,0.666,89.2
0.045,0.648,89.2
0.01,0.568,89.2
0.0,0.543,89.2
0.0,0.559,89.2
0.0,0.569,89.2
0.0,0.59,89.2
0.0,0.643,89.2
0.0,0.677,89.2
0.0,0.679,89.2
0.0,0.757,89.2
0.0,0.859,89.2
0.0,0.914,89.2
0.0,0.892,89.2
0.0,0.859,89.2
0.0,0.935,89.2
0.0,0.963,89.2
0.0,0.98,89.2
0.0,0.979,89.2
0.018,0.972,89.2
0.056,0.963,89.2
0.117,0.958,89.2
0.132,0.955,89.2
0.123,0.952,89.2
0.109,0.94,89.2
0.072,0.891,89.2
0.029,0.848,89.2
0.0,0.813,89.2
0.0,0.772,89.2
0.0,0.763,89.2
0.0,0.806,89.2
0.0,0.85,89.2
0.0,0.8,89.2
0.0,0.9,89.2
0.0,0.955,89.2
0.0,0.962,89.2
0.0,0.97,89.2
0.0,0.975,89.2
0.0,0.972,89.2
0.0,0.966,89.2
0.0,0.973,89.2
0.0,0.982,89.2
0.0,0.985,89.2
0.079,0.986,89.2
0.257,0.99,89.2
0.216,0.991,89.2
0.288,0.991,89.2
0.298,0.989,89.2
0.255,0.987,89.2
0.165,0.991,89.2
0.083,0.98,89.2
0.0,0.951,89.2
0.0,0.888,89.2
0.0,0.779,89.2
0.0,0.711,89.2
0.0,0.65,89.2
0.0,0.574,89.2
0.0,0.517,89.2
0.0,0.491,89.2
0.0,0.471,89.2
0.0,0.463,89.2
0.0,0.564,89.2
0.0,0.695,89.2
0.0,0.685,89.2
0.0,0.553,89.2
0.0,0.523,89.2
0.0,0.613,89.2
0.018,0.618,89.2
0.089,0.601,89.2
0.244,0.568,89.2
0.447,0.575,89.2
0.372,0.471,89.2
0.189,0.312,89.2
0.077,0.158,89.2
0.016,0.141,89.2
0.0,0.251,89.2
0.0,0.345,89.2
0.0,0.413,89.2
0.0,0.479,89.2
0.0,0.526,89.2
0.0,0.551,89.2
0.0,0.597,89.2
0.0,0.661,89.2
0.0,0.687,89.2
0.0,0.671,89.2
0.0,0.609,89.2
0.0,0.566,89.2
0.0,0.5,89.2
0.0,0.376,89.2
0.0,0.311,89.2
0.0,0.311,89.2
0.023,0.267,89.2
0.071,0.203,89.2
0.133,0.18,89.2
0.175,0.168,89.2
0.15,0.138,89.2
0.04,0.102,89.2
0.019,0.127,89.2
0.013,0.199,89.2
0.0,0.273,89.2
0.0,0.337,89.2
0.0,0.367,89.2
0.0,0.334,89.2
0.0,0.259,89.2
0.0,0.195,89.2
0.0,0.208,89.2
0.0,0.245,89.2
0.0,0.251,89.2
0.0,0.22,89.2
0.0,0.201,89.2
0.0,0.18,89.2
0.0,0.164,89.2
0.0,0.142,89.2
0.0,0.148,89.2
0.0,0.182,89.2
0.025,0.207,89.2
0.082,0.214,89.2
0.135,0.219,89.2
0.185,0.193,89.2
0.226,0.168,89.2
0.201,0.202,89.2
0.132,0.213,89.2
0.051,0.168,89.2
0.0,0.101,89.2
0.0,0.03,89.2
0.0,0.019,89.2
0.0,0.124,89.2
0.0,0.273,89.2
0.0,0.388,89.2
0.0,0.58,89.2
0.0,0.686,89.2
0.0,0.786,89.2
0.0,0.812,89.2
0.0,0.901,89.2
0.0,0.945,89.2
0.0,0.936,89.2
0.0,0.93,89.2
0.0,0.913,89.2
0.0,0.904,89.2
0.055,0.903,89.2
0.204,0.898,89.2
0.385,0.882,89.2
0.553,0.897,89.2
0.536,0.915,89.2
0.425,0.905,89.2
0.259,0.844,89.2
0.11,0.872,89.2
0.004,0.915,89.2
0.0,0.927,89.2
0.0,0.943,89.2
0.0,0.946,89.2
0.0,0.922,89.2
0.0,0.922,89.2
0.0,0.932,89.2
0.0,0.922,89.2
0.0,0.87,89.2
0.0,0.763,89.2
0.0,0.72,89.2
0.0,0.75,89.2
0.0,0.837,89.2
0.0,0.904,89.2
0.0,0.963,89.2
0.0,0.983,89.2
0.073,0.986,89.2
0.078,0.978,89.2
0.098,0.951,89.2
0.099,0.886,89.2
0.08,0.907,89.2
0.11,0.901,89.2
0.16,0.872,89.2
0.068,0.867,89.2
0.0,0.87,89.2
0.0,0.831,89.2
0.0,0.765,89.2
0.0,0.652,89.2
0.0,0.617,89.2
0.0,0.618,89.2
0.0,0.556,89.2
0.0,0.491,89.2
0.0,0.413,89.2
0.0,0.291,89.2
0.0,0.235,89.2
0.0,0.289,89.2
0.0,0.371,89.2
0.0,0.404,89.2
0.0,0.41,89.2
0.0,0.421,89.2
0.059,0.432,89.2
0.202,0.442,89.2
0.323,0.469,89.2
0.416,0.468,89.2
0.46,0.46,89.2
0.394,0.457,89.2
0.238,0.407,89.2
0.087,0.373,89.2
0.002,0.437,89.2
0.0,0.522,89.2
0.0,0.558,89.2
0.0,0.583,89.2
0.0,0.599,89.2
0.0,0.594,89.2
0.0,0.572,89.2
0.0,0.523,89.2
0.0,0.46,89.2
0.0,0.376,89.2
0.0,0.343,89.2
0.0,0.335,89.2
0.0,0.328,89.2
0.0,0.326,89.2
0.0,0.355,89.2
0.0,0.35,89.2
0.036,0.352,89.2
0.107,0.291,89.2
0.204,0.283,89.2
0.436,0.334,89.2
0.478,0.367,89.2
0.374,0.366,89.2
0.132,0.31,89.2
0.048,0.209,89.2
0.0,0.164,89.2
0.0,0.138,89.2
0.0,0.141,89.2
0.0,0.162,89.2
0.0,0.164,89.2
0.0,0.146,89.2
0.0,0.116,89.2
0.0,0.084,89.2
0.0,0.054,89.2
0.0,0.031,89.2
0.0,0.021,89.2
0.0,0.02,89.2
0.0,0.033,89.2
0.0,0.062,89.2
0.0,0.11,89.2
0.0,0.169,89.2
0.036,0.237,89.2
0.065,0.279,89.2
0.095,0.326,89.2
0.119,0.379,89.2
0.123,0.415,89.2
0.109,0.432,89.2
0.08,0.438,89.2
0.038,0.491,89.2
0.0,0.593,89.2
0.0,0.653,89.2
0.0,0.666,89.2
0.0,0.646,89.2
0.0,0.618,89.2
0.0,0.58,89.2
0.0,0.53,89.2
0.0,0.484,89.2
0.0,0.485,89.2
0.0,0.538,89.2
0.0,0.61,89.2
0.0,0.695,89.2
0.0,0.748,89.2
0.0,0.762,89.2
0.0,0.755,89.2
0.0,0.767,89.2
0.016,0.787,89.2
0.064,0.839,89.2
0.153,0.884,89.2
0.211,0.9,89.2
0.208,0.901,89.2
0.168,0.888,89.2
0.104,0.876,89.2
0.038,0.853,89.2
0.0,0.836,89.2
0.0,0.822,89.2
0.0,0.788,89.2
0.0,0.768,89.2
0.0,0.75,89.2
0.0,0.728,89.2
0.0,0.691,89.2
0.0,0.637,89.2
0.0,0.586,89.2
0.0,0.556,89.2
0.0,0.541,89.2
0.0,0.538,89.2
0.0,0.519,89.2
0.0,0.488,89.2
0.0,0.454,89.2
0.0,0.431,89.2
0.05,0.407,89.2
0.126,0.369,89.2
0.206,0.316,89.2
0.256,0.278,89.2
0.316,0.27,89.2
0.243,0.294,89.2
0.17,0.337,89.2
0.072,0.401,89.2
0.001,0.472,89.2
0.0,0.53,89.2
0.0,0.526,89.2
0.0,0.505,89.2
0.0,0.476,89.2
0.0,0.433,89.2
0.0,0.389,89.2
0.0,0.358,89.2
0.0,0.36,89.2
0.0,0.379,89.2
0.0,0.376,89.2
0.0,0.379,89.2
0.0,0.398,89.2
0.0,0.43,89.2
0.0,0.48,89.2
0.011,0.544,89.2
0.131,0.595,89.2
0.318,0.566,89.2
0.439,0.519,89.2
0.511,0.493,89.2
0.545,0.523,89.2
0.485,0.599,89.2
0.292,0.692,89.2
0.109,0.78,89.2
0.007,0.844,89.2
0.0,0.894,89.2
0.0,0.926,89.2
0.0,0.941,89.2
0.0,0.946,89.2
0.0,0.938,89.2
0.0,0.924,89.2
0.0,0.91,89.2
0.0,0.908,89.2
0.0,0.914,89.2
0.0,0.917,89.2
0.0,0.923,89.2
0.0,0.93,89.2
0.0,0.935,89.2
0.0,0.941,89.2
0.032,0.943,89.2
0.281,0.944,89.2
0.527,0.93,89.2
0.685,0.899,89.2
0.749,0.862,89.2
0.74,0.826,89.2
0.671,0.793,89.2
0.532,0.75,89.2
0.306,0.706,89.2
0.053,0.679,89.2
0.0,0.675,89.2
0.0,0.654,89.2
0.0,0.622,89.2
0.0,0.602,89.2
0.0,0.583,89.2
0.0,0.551,89.2
0.0,0.528,89.2
0.0,0.529,89.2
0.0,0.544,89.2
0.0,0.571,89.2
0.0,0.642,89.2
0.0,0.74,89.2
0.0,0.797,89.2
0.0,0.741,89.2
0.02,0.735,89.2
0.039,0.806,89.2
0.077,0.833,89.2
0.132,0.862,89.2
0.355,0.882,89.2
0.437,0.878,89.2
0.371,0.871,89.2
0.276,0.872,89.2
0.138,0.876,89.2
0.018,0.882,89.2
0.0,0.886,89.2
0.0,0.91,89.2
0.0,0.934,89.2
0.0,0.94,89.2
0.0,0.941,89.2
0.0,0.935,89.2
0.0,0.932,89.2
0.0,0.929,89.2
0.0,0.926,89.2
0.0,0.926,89.2
0.0,0.932,89.2
0.0,0.93,89.2
0.0,0.934,89.2
0.0,0.935,89.2
0.002,0.937,89.2
0.056,0.948,89.2
0.135,0.949,89.2
0.23,0.938,89.2
0.361,0.915,89.2
0.41,0.89,89.2
0.53,0.866,89.2
0.51,0.851,89.2
0.305,0.841,89.2
0.059,0.838,89.2
0.0,0.845,89.2
0.0,0.845,89.2
0.0,0.839,89.2
0.0,0.822,89.2
0.0,0.807,89.2
0.0,0.798,89.2
0.0,0.799,89.2
0.0,0.799,89.2
0.0,0.779,89.2
0.0,0.781,89.2
0.0,0.792,89.2
0.0,0.783,89.2
0.0,0.799,89.2
0.0,0.825,89.2
0.018,0.835,89.2
0.108,0.839,89.2
0.196,0.807,89.2
0.235,0.754,89.2
0.294,0.737,89.2
0.369,0.761,89.2
0.273,0.729,89.2
0.27,0.633,89.2
0.117,0.612,89.2
0.015,0.692,89.2
0.0,0.794,89.2
0.0,0.819,89.2
0.0,0.769,89.2
0.0,0.745,89.2
0.0,0.768,89.2
0.0,0.812,89.2
0.0,0.844,89.2
0.0,0.837,89.2
0.0,0.858,89.2
0.0,0.866,89.2
0.0,0.873,89.2
0.0,0.885,89.2
0.0,0.891,89.2
0.0,0.889,89.2
0.013,0.886,89.2
0.064,0.881,89.2
0.115,0.879,89.2
0.134,0.879,89.2
0.153,0.866,89.2
0.224,0.862,89.2
0.275,0.879,89.2
0.165,0.867,89.2
0.046,0.862,89.2
0.0,0.883,89.2
0.0,0.921,89.2
0.0,0.896,89.2
0.0,0.894,89.2
0.0,0.877,89.2
0.0,0.884,89.2
0.0,0.891,89.2
0.0,0.93,89.2
0.0,0.939,89.2
0.0,0.939,89.2
0.0,0.933,89.2
0.0,0.945,89.2
0.0,0.911,89.2
0.0,0.903,89.2
0.0,0.92,89.2
0.0,0.913,89.2
0.016,0.876,89.2
0.033,0.891,89.2
0.048,0.848,89.2
0.081,0.781,89.2
0.125,0.779,89.2
0.113,0.788,89.2
0.055,0.77,89.2
0.012,0.798,89.2
0.0,0.794,89.2
0.0,0.797,89.2
0.0,0.778,89.2
0.0,0.786,89.2
0.0,0.818,89.2
0.0,0.86,89.2
0.0,0.845,89.2
0.0,0.857,89.2
0.0,0.875,89.2
0.0,0.903,89.2
0.0,0.936,89.2
0.0,0.932,89.2
0.0,0.859,89.2
0.0,0.85,89.2
0.0,0.861,89.2
0.0,0.86,89.2
0.037,0.834,89.2
0.07,0.826,89.2
0.081,0.845,89.2
0.088,0.86,89.2
0.083,0.894,89.2
0.07,0.873,89.2
0.074,0.815,89.2
0.076,0.758,89.2
0.034,0.712,89.2
0.0,0.785,89.2
0.0,0.88,89.2
0.0,0.917,89.2
0.0,0.888,89.2
0.0,0.828,89.2
0.0,0.777,89.2
0.0,0.734,89.2
0.0,0.708,89.2
0.0,0.702,89.2
0.0,0.728,89.2
0.0,0.763,89.2
0.0,0.823,89.2
0.0,0.855,89.2
0.0,0.882,89.2
0.033,0.891,89.2
0.214,0.886,89.2
0.413,0.923,89.2
0.461,0.952,89.2
0.398,0.956,89.2
0.551,0.955,89.2
0.429,0.948,89.2
0.252,0.932,89.2
0.113,0.909,89.2
0.018,0.898,89.2
0.0,0.884,89.2
0.0,0.831,89.2
0.0,0.799,89.2
0.0,0.802,89.2
0.0,0.856,89.2
0.0,0.891,89.2
0.0,0.879,89.2
0.0,0.862,89.2
0.0,0.871,89.2
0.0,0.868,89.2
0.0,0.85,89.2
0.0,0.824,89.2
0.0,0.815,89.2
0.0,0.876,89.2
0.0,0.921,89.2
0.035,0.906,89.2
0.079,0.898,89.2
0.096,0.905,89.2
0.065,0.895,89.2
0.082,0.938,89.2
0.116,0.879,89.2
0.311,0.823,89.2
0.19,0.7,89.2
0.04,0.573,89.2
0.0,0.541,89.2
0.0,0.556,89.2
0.0,0.598,89.2
0.0,0.646,89.2
0.0,0.675,89.2
0.0,0.692,89.2
0.0,0.677,89.2
0.0,0.654,89.2
0.0,0.627,89.2
0.0,0.627,89.2
0.0,0.663,89.2
0.0,0.697,89.2
0.0,0.712,89.2
0.0,0.695,89.2
0.008,0.715,89.2
0.066,0.707,89.2
0.134,0.791,89.2
0.287,0.802,89.2
0.326,0.809,89.2
0.259,0.842,89.2
0.166,0.848,89.2
0.098,0.796,89.2
0.058,0.751,89.2
0.014,0.779,89.2
0.0,0.803,89.2
0.0,0.82,89.2
0.0,0.835,89.2
0.0,0.827,89.2
0.0,0.841,89.2
0.0,0.862,89.2
0.0,0.877,89.2
0.0,0.894,89.2
0.0,0.89,89.2
0.0,0.89,89.2
0.0,0.893,89.2
0.0,0.887,89.2
0.0,0.877,89.2
0.0,0.871,89.2
0.023,0.918,89.2
0.19,0.923,89.2
0.19,0.917,89.2
0.273,0.929,89.2
0.437,0.962,89.2
0.389,0.975,89.2
0.503,0.984,89.2
0.459,0.987,89.2
0.252,0.985,89.2
0.058,0.983,89.2
0.0,0.98,89.2
0.0,0.97,89.2
0.0,0.956,89.2
0.0,0.927,89.2
0.0,0.9,89.2
0.0,0.868,89.2
0.0,0.806,89.2
0.0,0.748,89.2
0.0,0.707,89.2
0.0,0.697,89.2
0.0,0.715,89.2
0.0,0.722,89.2
0.0,0.69,89.2
0.0,0.655,89.2
0.018,0.644,89.2
0.096,0.63,89.2
0.173,0.575,89.2
0.273,0.535,89.2
0.321,0.457,89.2
0.255,0.407,89.2
0.181,0.425,89.2
0.117,0.477,89.2
0.062,0.563,89.2
0.009,0.626,89.2
0.0,0.641,89.2
0.0,0.62,89.2
0.0,0.61,89.2
0.0,0.622,89.2
0.0,0.648,89.2
0.0,0.686,89.2
0.0,0.733,89.2
0.0,0.766,89.2
0.0,0.774,89.2
0.0,0.773,89.2
0.0,0.772,89.2
0.0,0.74,89.2
0.0,0.762,89.2
0.0,0.777,89.2
0.021,0.75,89.2
0.103,0.639,89.2
0.158,0.501,89.2
0.096,0.375,89.2
0.051,0.291,89.2
0.047,0.236,89.2
0.063,0.177,89.2
0.149,0.189,89.2
0.129,0.137,89.2
0.035,0.148,89.2
0.0,0.281,89.2
0.0,0.261,89.2
0.0,0.335,89.2
0.0,0.117,89.2
0.0,0.005,89.2
0.0,0.041,89.2
0.0,0.103,89.2
0.0,0.192,89.2
0.0,0.291,89.2
0.0,0.416,89.2
0.0,0.575,89.2
0.0,0.712,89.2
0.0,0.763,89.2
0.0,0.768,89.2
0.088,0.74,89.2
0.303,0.765,89.2
0.542,0.859,89.2
0.664,0.89,89.2
0.714,0.907,89.2
0.712,0.916,89.2
0.651,0.919,89.2
0.525,0.914,89.2
0.338,0.896,89.2
0.108,0.888,89.2
0.0,0.9,89.2
0.0,0.888,89.2
0.0,0.895,89.2
0.0,0.903,89.2
0.0,0.903,89.2
0.0,0.889,89.2
0.0,0.871,89.2
0.0,0.852,89.2
0.0,0.844,89.2
0.0,0.833,89.2
0.0,0.831,89.2
0.0,0.827,89.2
0.0,0.813,89.2
0.0,0.812,89.2
0.107,0.799,89.2
0.336,0.771,89.2
0.485,0.789,89.2
0.616,0.823,89.2
0.695,0.839,89.2
0.696,0.84,89.2
0.63,0.827,89.2
0.482,0.804,89.2
0.259,0.763,89.2
0.066,0.724,89.2
0.0,0.757,89.2
0.0,0.782,89.2
0.0,0.783,89.2
0.0,0.778,89.2
0.0,0.762,89.2
0.0,0.734,89.2
0.0,0.71,89.2
0.0,0.7,89.2
0.0,0.701,89.2
0.0,0.663,89.2
0.0,0.613,89.2
0.0,0.557,89.2
0.0,0.478,89.2
0.0,0.398,89.2
0.035,0.278,89.2
0.134,0.156,89.2
0.243,0.117,89.2
0.259,0.113,89.2
0.274,0.108,89.2
0.269,0.124,89.2
0.206,0.179,89.2
0.127,0.252,89.2
0.064,0.347,89.2
0.02,0.402,89.2
0.0,0.415,89.2
0.0,0.37,89.2
0.0,0.33,89.2
0.0,0.333,89.2
0.0,0.368,89.2
0.0,0.397,89.2
0.0,0.403,89.2
0.0,0.411,89.2
0.0,0.417,89.2
0.0,0.414,89.2
0.0,0.395,89.2
0.0,0.343,89.2
0.0,0.289,89.2
0.0,0.241,89.2
0.039,0.19,89.2
0.204,0.16,89.2
0.494,0.177,89.2
0.677,0.207,89.2
0.74,0.194,89.2
0.751,0.194,89.2
0.693,0.223,89.2
0.574,0.273,89.2
0.388,0.317,89.2
0.145,0.341,89.2
0.0,0.364,89.2
0.0,0.328,89.2
0.0,0.264,89.2
0.0,0.204,89.2
0.0,0.176,89.2
0.0,0.161,89.2
0.0,0.148,89.2
0.0,0.135,89.2
0.0,0.121,89.2
0.0,0.107,89.2
0.0,0.105,89.2
0.0,0.11,89.2
0.0,0.118,89.2
0.0,0.133,89.2
0.168,0.145,89.2
0.394,0.121,89.2
0.585,0.282,89.2
0.698,0.375,89.2
0.749,0.422,89.2
0.743,0.469,89.2
0.681,0.523,89.2
0.558,0.568,89.2
0.37,0.594,89.2
0.134,0.568,89.2
0.0,0.633,89.2
0.0,0.695,89.2
0.0,0.701,89.2
0.0,0.691,89.2
0.0,0.678,89.2
0.0,0.674,89.2
0.0,0.666,89.2
0.0,0.653,89.2
0.0,0.626,89.2
0.0,0.586,89.2
0.0,0.547,89.2
0.0,0.498,89.2
0.0,0.531,89.2
0.0,0.507,89.2
0.043,0.488,89.2
0.16,0.474,89.2
0.354,0.494,89.2
0.709,0.54,89.2
0.772,0.568,89.2
0.764,0.591,89.2
0.704,0.632,89.2
0.584,0.67,89.2
0.398,0.67,89.2
0.156,0.658,89.2
0.0,0.74,89.2
0.0,0.777,89.2
0.0,0.756,89.2
0.0,0.707,89.2
0.0,0.646,89.2
0.0,0.58,89.2
0.0,0.547,89.2
0.0,0.547,89.2
0.0,0.538,89.2
0.0,0.481,89.2
0.0,0.416,89.2
0.0,0.384,89.2
0.0,0.348,89.2
0.0,0.32,89.2
0.078,0.313,89.2
0.371,0.309,89.2
0.58,0.28,89.2
0.694,0.265,89.2
0.744,0.318,89.2
0.739,0.306,89.2
0.678,0.294,89.2
0.558,0.291,89.2
0.372,0.323,89.2
0.141,0.439,89.2
0.0,0.593,89.2
0.0,0.67,89.2
0.0,0.672,89.2
0.0,0.63,89.2
0.0,0.574,89.2
0.0,0.513,89.2
0.0,0.45,89.2
0.0,0.394,89.2
0.0,0.348,89.2
0.0,0.313,89.2
0.0,0.302,89.2
0.0,0.309,89.2
0.0,0.308,89.2
0.0,0.285,89.2
0.047,0.228,89.2
0.181,0.189,89.2
0.376,0.185,89.2
0.513,0.187,89.2
0.611,0.184,89.2
0.569,0.179,89.2
0.489,0.159,89.2
0.393,0.133,89.2
0.226,0.107,89.2
0.064,0.097,89.2
0.0,0.118,89.2
0.0,0.165,89.2
0.0,0.22,89.2
0.0,0.276,89.2
0.0,0.335,89.2
0.0,0.392,89.2
0.0,0.429,89.2
0.0,0.428,89.2
0.0,0.376,89.2
0.0,0.294,89.2
0.0,0.225,89.2
0.0,0.208,89.2
0.0,0.241,89.2
0.0,0.294,89.2
0.059,0.313,89.2
0.172,0.228,89.2
0.295,0.16,89.2
0.372,0.155,89.2
0.365,0.187,89.2
0.327,0.197,89.2
0.234,0.204,89.2
0.154,0.179,89.2
0.089,0.125,89.2
0.028,0.104,89.2
0.0,0.102,89.2
0.0,0.123,89.2
0.0,0.167,89.2
0.0,0.231,89.2
0.0,0.316,89.2
0.0,0.395,89.2
0.0,0.447,89.2
0.0,0.457,89.2
0.0,0.419,89.2
0.0,0.352,89.2
0.0,0.287,89.2
0.0,0.258,89.2
0.0,0.245,89.2
0.0,0.234,89.2
0.011,0.215,89.2
0.046,0.171,89.2
0.139,0.144,89.2
0.177,0.18,89.2
0.227,0.24,89.2
0.311,0.308,89.2
0.258,0.376,89.2
0.175,0.435,89.2
0.086,0.478,89.2
0.022,0.491,89.2
0.0,0.468,89.2
0.0,0.444,89.2
0.0,0.432,89.2
0.0,0.437,89.2
0.0,0.461,89.2
0.0,0.481,89.2
0.0,0.493,89.2
0.0,0.505,89.2
0.0,0.533,89.2
0.0,0.568,89.2
0.0,0.579,89.2
0.0,0.599,89.2
0.0,0.629,89.2
0.0,0.651,89.2
0.106,0.661,89.2
0.349,0.762,89.2
0.55,0.781,89.2
0.679,0.75,89.2
0.754,0.724,89.2
0.764,0.704,89.2
0.716,0.697,89.2
0.606,0.701,89.2
0.425,0.72,89.2
0.186,0.735,89.2
0.002,0.764,89.2
0.0,0.788,89.2
0.0,0.785,89.2
0.0,0.752,89.2
0.0,0.716,89.2
0.0,0.672,89.2
0.0,0.604,89.2
0.0,0.59,89.2
0.0,0.594,89.2
0.0,0.605,89.2
0.0,0.623,89.2
0.0,0.632,89.2
0.0,0.625,89.2
0.004,0.613,89.2
0.231,0.504,89.2
0.47,0.398,89.2
0.646,0.653,89.2
0.759,0.666,89.2
0.813,0.613,89.2
0.808,0.58,89.2
0.747,0.568,89.2
0.627,0.568,89.2
0.443,0.578,89.2
0.202,0.582,89.2
0.005,0.654,89.2
0.0,0.7,89.2
0.0,0.705,89.2
0.0,0.688,89.2
0.0,0.647,89.2
0.0,0.609,89.2
0.0,0.562,89.2
0.0,0.513,89.2
0.0,0.464,89.2
0.0,0.425,89.2
0.0,0.394,89.2
0.0,0.37,89.2
0.0,0.355,89.2
0.004,0.332,89.2
0.21,0.254,89.2
0.462,0.191,89.2
0.638,0.305,89.2
0.751,0.296,89.2
0.804,0.278,89.2
0.796,0.281,89.2
0.735,0.305,89.2
0.613,0.342,89.2
0.428,0.376,89.2
0.189,0.428,89.2
0.005,0.538,89.2
0.0,0.603,89.2
0.0,0.602,89.2
0.0,0.58,89.2
0.0,0.55,89.2
0.0,0.504,89.2
0.0,0.437,89.2
0.0,0.368,89.2
0.0,0.305,89.2
0.0,0.237,89.2
0.0,0.201,89.2
0.0,0.191,89.2
0.0,0.195,89.2
0.0,0.205,89.2
0.122,0.193,89.2
0.349,0.199,89.2
0.588,0.202,89.2
0.724,0.176,89.2
0.786,0.149,89.2
0.782,0.126,89.2
0.719,0.118,89.2
0.596,0.125,89.2
0.415,0.139,89.2
0.178,0.165,89.2
0.003,0.218,89.2
0.0,0.243,89.2
0.0,0.225,89.2
0.0,0.178,89.2
0.0,0.133,89.2
0.0,0.107,89.2
0.0,0.088,89.2
0.0,0.073,89.2
0.0,0.069,89.2
0.0,0.085,89.2
0.0,0.102,89.2
0.0,0.122,89.2
0.0,0.167,89.2
0.006,0.203,89.2
0.191,0.23,89.2
0.415,0.199,89.2
0.59,0.182,89.2
0.699,0.135,89.2
0.751,0.137,89.2
0.728,0.22,89.2
0.663,0.201,89.2
0.586,0.121,89.2
0.421,0.076,89.2
0.195,0.064,89.2
0.01,0.072,89.2
0.0,0.102,89.2
0.0,0.101,89.2
0.0,0.074,89.2
0.0,0.124,89.2
0.0,0.261,89.2
0.0,0.407,89.2
0.0,0.477,89.2
0.0,0.539,89.2
0.0,0.579,89.2
0.0,0.595,89.2
0.0,0.613,89.2
0.0,0.656,89.2
0.0,0.71,89.2
0.023,0.726,89.2
0.096,0.783,89.2
0.293,0.909,89.2
0.292,0.95,89.2
0.134,0.953,89.2
0.108,0.956,89.2
0.103,0.956,89.2
0.063,0.965,89.2
0.02,0.979,89.2
0.003,0.987,89.2
0.0,0.989,89.2
0.0,0.99,89.2
0.0,0.988,89.2
0.0,0.986,89.2
0.0,0.982,89.2
0.0,0.981,89.2
0.0,0.983,89.2
0.0,0.987,89.2
0.0,0.989,89.2
0.0,0.989,89.2
0.0,0.991,89.2
0.0,0.99,89.2
0.0,0.989,89.2
0.003,0.987,89.2
0.148,0.986,89.2
0.263,0.986,89.2
0.236,0.987,89.2
0.263,0.99,89.2
0.329,0.991,89.2
0.384,0.991,89.2
0.337,0.99,89.2
0.213,0.989,89.2
0.133,0.986,89.2
0.077,0.986,89.2
0.0,0.987,89.2
0.0,0.988,89.2
0.0,0.99,89.2
0.0,0.988,89.2
0.0,0.982,89.2
0.0,0.969,89.2
0.0,0.943,89.2
0.0,0.902,89.2
0.0,0.867,89.2
0.0,0.855,89.2
0.0,0.87,89.2
0.0,0.866,89.2
0.0,0.867,89.2
0.004,0.899,89.2
0.105,0.9,89.2
0.235,0.955,89.2
0.219,0.981,89.2
0.177,0.982,89.2
0.167,0.97,89.2
0.138,0.95,89.2
0.104,0.94,89.2
0.094,0.927,89.2
0.076,0.927,89.2
0.02,0.938,89.2
0.0,0.941,89.2
0.0,0.948,89.2
0.0,0.956,89.2
0.0,0.959,89.2
0.0,0.975,89.2
0.0,0.988,89.2
0.0,0.991,89.2
0.0,0.984,89.2
0.0,0.971,89.2
0.0,0.951,89.2
0.0,0.963,89.2
0.0,0.988,89.2
0.0,0.991,89.2
0.001,0.99,89.2
0.093,0.99,89.2
0.213,0.991,89.2
0.261,0.987,89.2
0.233,0.988,89.2
0.25,0.991,89.2
0.229,0.99,89.2
0.152,0.984,89.2
0.11,0.972,89.2
0.097,0.957,89.2
0.029,0.945,89.2
0.0,0.951,89.2
0.0,0.945,89.2
0.0,0.949,89.2
0.0,0.955,89.2
0.0,0.95,89.2
0.0,0.942,89.2
0.0,0.932,89.2
0.0,0.929,89.2
0.0,0.938,89.2
0.0,0.952,89.2
0.0,0.963,89.2
0.0,0.962,89.2
0.0,0.953,89.2
0.002,0.93,89.2
0.096,0.901,89.2
0.205,0.898,89.2
0.273,0.867,89.2
0.489,0.844,89.2
0.627,0.855,89.2
0.608,0.874,89.2
0.422,0.907,89.2
0.198,0.926,89.2
0.076,0.917,89.2
0.025,0.909,89.2
0.0,0.905,89.2
0.0,0.89,89.2
0.0,0.867,89.2
0.0,0.877,89.2
0.0,0.909,89.2
0.0,0.936,89.2
0.0,0.947,89.2
0.0,0.954,89.2
0.0,0.951,89.2
0.0,0.945,89.2
0.0,0.923,89.2
0.0,0.904,89.2
0.0,0.916,89.2
0.0,0.896,89.2
0.034,0.886,89.2
0.146,0.871,89.2
0.432,0.884,89.2
0.647,0.867,89.2
0.706,0.835,89.2
0.716,0.811,89.2
0.667,0.795,89.2
0.556,0.779,89.2
0.381,0.753,89.2
0.135,0.643,89.2
0.008,0.566,89.2
0.0,0.618,89.2
0.0,0.637,89.2
0.0,0.594,89.2
0.0,0.541,89.2
0.0,0.464,89.2
0.0,0.386,89.2
0.0,0.339,89.2
0.0,0.318,89.2
0.0,0.289,89.2
0.0,0.256,89.2
0.0,0.241,89.2
0.0,0.245,89.2
0.004,0.274,89.2
0.071,0.305,89.2
0.155,0.361,89.2
0.136,0.488,89.2
0.133,0.604,89.2
0.172,0.708,89.2
0.211,0.785,89.2
0.122,0.835,89.2
0.093,0.833,89.2
0.063,0.781,89.2
0.034,0.715,89.2
0.0,0.734,89.2
0.0,0.727,89.2
0.0,0.779,89.2
0.0,0.806,89.2
0.0,0.816,89.2
0.0,0.762,89.2
0.0,0.725,89.2
0.0,0.715,89.2
0.0,0.741,89.2
0.0,0.774,89.2
0.0,0.778,89.2
0.0,0.803,89.2
0.0,0.791,89.2
0.022,0.765,89.2
0.152,0.685,89.2
0.259,0.682,89.2
0.315,0.613,89.2
0.384,0.552,89.2
0.52,0.574,89.2
0.364,0.61,89.2
0.164,0.586,89.2
0.098,0.545,89.2
0.129,0.587,89.2
0.099,0.611,89.2
0.013,0.6,89.2
0.0,0.569,89.2
0.0,0.533,89.2
0.0,0.555,89.2
0.0,0.568,89.2
0.0,0.538,89.2
0.0,0.481,89.2
0.0,0.428,89.2
0.0,0.379,89.2
0.0,0.379,89.2
0.0,0.391,89.2
0.0,0.426,89.2
0.0,0.502,89.2
0.0,0.535,89.2
0.068,0.556,89.2
0.141,0.596,89.2
0.342,0.675,89.2
0.412,0.722,89.2
0.333,0.72,89.2
0.446,0.71,89.2
0.475,0.709,89.2
0.311,0.709,89.2
0.116,0.671,89.2
0.019,0.576,89.2
0.0,0.493,89.2
0.0,0.467,89.2
0.0,0.441,89.2
0.0,0.381,89.2
0.0,0.311,89.2
0.0,0.262,89.2
0.0,0.264,89.2
0.0,0.355,89.2
0.0,0.485,89.2
0.0,0.66,89.2
0.0,0.717,89.2
0.0,0.733,89.2
0.0,0.76,89.2
0.021,0.771,89.2
0.219,0.806,89.2
0.458,0.863,89.2
0.65,0.865,89.2
0.769,0.85,89.2
0.823,0.835,89.2
0.821,0.829,89.2
0.764,0.834,89.2
0.651,0.848,89.2
0.479,0.862,89.2
0.255,0.858,89.2
0.041,0.824,89.2
0.0,0.791,89.2
0.0,0.765,89.2
0.0,0.718,89.2
0.0,0.674,89.2
0.0,0.621,89.2
0.0,0.559,89.2
0.0,0.487,89.2
0.0,0.395,89.2
0.0,0.303,89.2
0.0,0.26,89.2
0.0,0.265,89.2
0.0,0.274,89.2
0.034,0.298,89.2
0.221,0.305,89.2
0.475,0.33,89.2
0.642,0.329,89.2
0.756,0.323,89.2
0.812,0.326,89.2
0.811,0.334,89.2
0.756,0.329,89.2
0.646,0.312,89.2
0.478,0.302,89.2
0.259,0.275,89.2
0.043,0.249,89.2
0.0,0.239,89.2
0.0,0.209,89.2
0.0,0.203,89.2
0.0,0.233,89.2
0.0,0.27,89.2
0.0,0.274,89.2
0.0,0.264,89.2
0.0,0.265,89.2
0.0,0.3,89.2
0.0,0.352,89.2
0.0,0.388,89.2
0.0,0.425,89.2
0.002,0.431,89.2
0.038,0.339,89.2
0.09,0.341,89.2
0.132,0.424,89.2
0.213,0.475,89.2
0.293,0.538,89.2
0.46,0.611,89.2
0.581,0.606,89.2
0.56,0.571,89.2
0.446,0.516,89.2
0.24,0.441,89.2
0.034,0.354,89.2
0.0,0.31,89.2
0.0,0.261,89.2
0.0,0.212,89.2
0.0,0.188,89.2
0.0,0.186,89.2
0.0,0.181,89.2
0.0,0.168,89.2
0.0,0.149,89.2
0.0,0.124,89.2
0.0,0.094,89.2
0.0,0.064,89.2
0.0,0.037,89.2
0.026,0.019,89.2
0.155,0.012,89.2
0.34,0.011,89.2
0.49,0.011,89.2
0.608,0.011,89.2
0.677,0.017,89.2
0.75,0.029,89.2
0.721,0.046,89.2
0.62,0.058,89.2
0.461,0.058,89.2
0.251,0.052,89.2
0.046,0.045,89.2
0.0,0.029,89.2
0.0,0.011,89.2
0.0,0.02,89.2
0.0,0.045,89.2
0.0,0.084,89.2
0.0,0.126,89.2
0.0,0.162,89.2
0.0,0.188,89.2
0.0,0.208,89.2
0.0,0.225,89.2
0.0,0.236,89.2
0.0,0.245,89.2
0.05,0.249,89.2
0.267,0.181,89.2
0.49,0.122,89.2
0.654,0.137,89.2
0.76,0.153,89.2
0.811,0.163,89.2
0.807,0.169,89.2
0.751,0.167,89.2
0.642,0.161,89.2
0.477,0.153,89.2
0.265,0.129,89.2
0.053,0.108,89.2
0.0,0.12,89.2
0.0,0.167,89.2
0.0,0.227,89.2
0.0,0.278,89.2
0.0,0.313,89.2
0.0,0.353,89.2
0.0,0.398,89.2
0.0,0.421,89.2
0.0,0.414,89.2
0.0,0.407,89.2
0.0,0.42,89.2
0.0,0.444,89.2
0.056,0.446,89.2
0.264,0.305,89.2
0.456,0.256,89.2
0.585,0.312,89.2
0.729,0.328,89.2
0.788,0.323,89.2
0.778,0.32,89.2
0.695,0.32,89.2
0.522,0.311,89.2
0.246,0.304,89.2
0.082,0.263,89.2
0.011,0.236,89.2
0.0,0.223,89.2
0.0,0.202,89.2
0.0,0.212,89.2
0.0,0.245,89.2
0.0,0.266,89.2
0.0,0.285,89.2
0.0,0.291,89.2
0.0,0.294,89.2
0.0,0.282,89.2
0.0,0.288,89.2
0.0,0.306,89.2
0.0,0.306,89.2
0.037,0.261,89.2
0.186,0.197,89.2
0.471,0.18,89.2
0.647,0.182,89.2
0.754,0.204,89.2
0.805,0.241,89.2
0.802,0.28,89.2
0.745,0.32,89.2
0.635,0.343,89.2
0.469,0.361,89.2
0.258,0.358,89.2
0.054,0.372,89.2
0.0,0.432,89.2
0.0,0.5,89.2
0.0,0.562,89.2
0.0,0.601,89.2
0.0,0.623,89.2
0.0,0.644,89.2
0.0,0.662,89.2
0.0,0.661,89.2
0.0,0.674,89.2
0.0,0.671,89.2
0.0,0.666,89.2
0.0,0.713,89.2
0.031,0.735,89.2
0.132,0.73,89.2
0.267,0.799,89.2
0.495,0.897,89.2
0.679,0.929,89.2
0.71,0.945,89.2
0.577,0.954,89.2
0.459,0.959,89.2
0.282,0.959,89.2
0.112,0.937,89.2
0.021,0.923,89.2
0.007,0.856,89.2
0.0,0.74,89.2
0.0,0.789,89.2
0.0,0.846,89.2
0.0,0.842,89.2
0.0,0.85,89.2
0.0,0.91,89.2
0.0,0.917,89.2
0.0,0.932,89.2
0.0,0.901,89.2
0.0,0.873,89.2
0.0,0.863,89.2
0.0,0.852,89.2
0.029,0.819,89.2
0.169,0.763,89.2
0.343,0.787,89.2
0.502,0.741,89.2
0.586,0.659,89.2
0.611,0.605,89.2
0.598,0.58,89.2
0.49,0.588,89.2
0.459,0.613,89.2
0.325,0.622,89.2
0.138,0.54,89.2
0.036,0.473,89.2
0.0,0.485,89.2
0.0,0.523,89.2
0.0,0.599,89.2
0.0,0.663,89.2
0.0,0.672,89.2
0.0,0.672,89.2
0.0,0.644,89.2
0.0,0.63,89.2
0.0,0.654,89.2
0.0,0.679,89.2
0.0,0.693,89.2
0.0,0.679,89.2
0.019,0.615,89.2
0.215,0.558,89.2
0.392,0.777,89.2
0.51,0.849,89.2
0.493,0.826,89.2
0.518,0.795,89.2
0.67,0.763,89.2
0.72,0.71,89.2
0.624,0.651,89.2
0.458,0.608,89.2
0.247,0.534,89.2
0.056,0.51,89.2
0.0,0.556,89.2
0.0,0.602,89.2
0.0,0.634,89.2
0.0,0.645,89.2
0.0,0.642,89.2
0.0,0.619,89.2
0.0,0.587,89.2
0.0,0.557,89.2
0.0,0.532,89.2
0.0,0.519,89.2
0.0,0.519,89.2
0.0,0.523,89.2
0.072,0.504,89.2
0.296,0.343,89.2
0.509,0.193,89.2
0.667,0.235,89.2
0.769,0.263,89.2
0.816,0.227,89.2
0.812,0.201,89.2
0.757,0.185,89.2
0.651,0.167,89.2
0.491,0.136,89.2
0.286,0.101,89.2
0.073,0.085,89.2
0.0,0.107,89.2
0.0,0.163,89.2
0.0,0.231,89.2
0.0,0.285,89.2
0.0,0.329,89.2
0.0,0.362,89.2
0.0,0.385,89.2
0.0,0.401,89.2
0.0,0.405,89.2
0.0,0.412,89.2
0.0,0.41,89.2
0.0,0.383,89.2
0.072,0.323,89.2
0.285,0.201,89.2
0.491,0.096,89.2
0.647,0.052,89.2
0.741,0.051,89.2
0.784,0.078,89.2
0.781,0.099,89.2
0.727,0.111,89.2
0.622,0.115,89.2
0.465,0.112,89.2
0.265,0.115,89.2
0.067,0.112,89.2
0.0,0.123,89.2
0.0,0.152,89.2
0.0,0.182,89.2
0.0,0.214,89.2
0.0,0.244,89.2
0.0,0.27,89.2
0.0,0.291,89.2
0.0,0.31,89.2
0.0,0.334,89.2
0.0,0.391,89.2
0.0,0.481,89.2
0.0,0.568,89.2
0.058,0.61,89.2
0.234,0.481,89.2
0.419,0.313,89.2
0.564,0.257,89.2
0.654,0.325,89.2
0.69,0.347,89.2
0.669,0.314,89.2
0.588,0.252,89.2
0.447,0.192,89.2
0.313,0.154,89.2
0.127,0.158,89.2
0.024,0.178,89.2
0.0,0.213,89.2
0.0,0.25,89.2
0.0,0.276,89.2
0.0,0.277,89.2
0.0,0.261,89.2
0.0,0.248,89.2
0.0,0.234,89.2
0.0,0.22,89.2
0.0,0.206,89.2
0.0,0.187,89.2
0.0,0.156,89.2
0.0,0.119,89.2
0.041,0.116,89.2
0.175,0.158,89.2
0.351,0.167,89.2
0.501,0.187,89.2
0.576,0.311,89.2
0.624,0.382,89.2
0.624,0.455,89.2
0.577,0.545,89.2
0.484,0.635,89.2
0.342,0.722,89.2
0.172,0.793,89.2
0.04,0.842,89.2
0.0,0.857,89.2
0.0,0.832,89.2
0.0,0.809,89.2
0.0,0.796,89.2
0.0,0.768,89.2
0.0,0.746,89.2
0.0,0.71,89.2
0.0,0.668,89.2
0.0,0.648,89.2
0.0,0.654,89.2
0.0,0.692,89.2
0.0,0.724,89.2
0.049,0.738,89.2
0.216,0.77,89.2
0.419,0.806,89.2
0.622,0.822,89.2
0.741,0.826,89.2
0.805,0.823,89.2
0.811,0.817,89.2
0.762,0.821,89.2
0.658,0.853,89.2
0.498,0.898,89.2
0.293,0.917,89.2
0.082,0.901,89.2
0.0,0.884,89.2
0.0,0.883,89.2
0.0,0.884,89.2
0.0,0.877,89.2
0.0,0.856,89.2
0.0,0.822,89.2
0.0,0.8,89.2
0.0,0.75,89.2
0.0,0.75,89.2
0.0,0.78,89.2
0.0,0.799,89.2
0.0,0.804,89.2
0.048,0.809,89.2
0.176,0.828,89.2
0.347,0.814,89.2
0.566,0.803,89.2
0.717,0.809,89.2
0.793,0.824,89.2
0.795,0.833,89.2
0.751,0.831,89.2
0.655,0.831,89.2
0.499,0.839,89.2
0.299,0.839,89.2
0.087,0.82,89.2
0.0,0.813,89.2
0.0,0.817,89.2
0.0,0.796,89.2
0.0,0.761,89.2
0.0,0.725,89.2
0.0,0.691,89.2
0.0,0.649,89.2
0.0,0.599,89.2
0.0,0.529,89.2
0.0,0.447,89.2
0.0,0.361,89.2
0.0,0.282,89.2
0.076,0.216,89.2
0.291,0.172,89.2
0.498,0.141,89.2
0.655,0.133,89.2
0.763,0.137,89.2
0.809,0.135,89.2
0.815,0.121,89.2
0.758,0.099,89.2
0.653,0.08,89.2
0.502,0.079,89.2
0.303,0.098,89.2
0.091,0.135,89.2
0.0,0.211,89.2
0.0,0.283,89.2
0.0,0.323,89.2
0.0,0.339,89.2
0.0,0.422,89.2
0.0,0.538,89.2
0.0,0.642,89.2
0.0,0.692,89.2
0.0,0.695,89.2
0.0,0.686,89.2
0.0,0.672,89.2
0.0,0.656,89.2
0.035,0.612,89.2
0.107,0.599,89.2
0.282,0.752,89.2
0.508,0.791,89.2
0.61,0.785,89.2
0.668,0.772,89.2
0.69,0.751,89.2
0.652,0.734,89.2
0.548,0.706,89.2
0.409,0.682,89.2
0.225,0.646,89.2
0.068,0.589,89.2
0.0,0.547,89.2
0.0,0.511,89.2
0.0,0.439,89.2
0.0,0.378,89.2
0.0,0.35,89.2
0.0,0.344,89.2
0.0,0.355,89.2
0.0,0.371,89.2
0.0,0.386,89.2
0.0,0.386,89.2
0.0,0.379,89.2
0.0,0.417,89.2
0.092,0.484,89.2
0.27,0.537,89.2
0.391,0.594,89.2
0.473,0.606,89.2
0.554,0.589,89.2
0.568,0.591,89.2
0.568,0.609,89.2
0.486,0.642,89.2
0.399,0.693,89.2
0.281,0.716,89.2
0.144,0.705,89.2
0.034,0.662,89.2
0.0,0.61,89.2
0.0,0.594,89.2
0.0,0.626,89.2
0.0,0.681,89.2
0.0,0.696,89.2
0.0,0.594,89.2
0.0,0.481,89.2
0.0,0.388,89.2
0.0,0.311,89.2
0.0,0.254,89.2
0.0,0.231,89.2
0.0,0.227,89.2
0.103,0.235,89.2
0.328,0.247,89.2
0.542,0.282,89.2
0.702,0.345,89.2
0.801,0.42,89.2
0.839,0.495,89.2
0.758,0.563,89.2
0.664,0.613,89.2
0.512,0.622,89.2
0.334,0.552,89.2
0.183,0.43,89.2
0.045,0.297,89.2
0.0,0.209,89.2
0.0,0.14,89.2
0.0,0.084,89.2
0.0,0.053,89.2
0.0,0.035,89.2
0.0,0.024,89.2
0.0,0.017,89.2
0.0,0.014,89.2
0.0,0.011,89.2
0.0,0.008,89.2
0.0,0.006,89.2
0.0,0.005,89.2
0.094,0.006,89.2
0.306,0.007,89.2
0.514,0.015,89.2
0.68,0.025,89.2
0.793,0.027,89.2
0.836,0.026,89.2
0.771,0.027,89.2
0.568,0.03,89.2
0.507,0.037,89.2
0.453,0.045,89.2
0.282,0.05,89.2
0.094,0.048,89.2
0.0,0.038,89.2
0.0,0.022,89.2
0.0,0.012,89.2
0.0,0.009,89.2
0.0,0.027,89.2
0.0,0.051,89.2
0.0,0.07,89.2
0.0,0.077,89.2
0.0,0.071,89.2
0.0,0.069,89.2
0.0,0.072,89.2
0.0,0.08,89.2
0.05,0.085,89.2
0.161,0.051,89.2
0.259,0.031,89.2
0.337,0.041,89.2
0.388,0.055,89.2
0.389,0.079,89.2
0.413,0.106,89.2
0.352,0.134,89.2
0.256,0.152,89.2
0.137,0.157,89.2
0.069,0.182,89.2
0.025,0.227,89.2
0.0,0.233,89.2
0.0,0.179,89.2
0.0,0.107,89.2
0.0,0.054,89.2
0.0,0.028,89.2
0.0,0.035,89.2
0.0,0.032,89.2
0.0,0.006,89.2
0.0,0.014,89.2
0.0,0.055,89.2
0.0,0.093,89.2
0.0,0.126,89.2
0.014,0.142,89.2
0.043,0.136,89.2
0.083,0.12,89.2
0.135,0.118,89.2
0.176,0.147,89.2
0.204,0.195,89.2
0.189,0.2,89.2
0.167,0.226,89.2
0.154,0.277,89.2
0.148,0.305,89.2
0.1,0.291,89.2
0.024,0.275,89.2
0.0,0.296,89.2
0.0,0.328,89.2
0.0,0.352,89.2
0.0,0.394,89.2
0.0,0.457,89.2
0.0,0.529,89.2
0.0,0.585,89.2
0.0,0.638,89.2
0.0,0.678,89.2
0.0,0.697,89.2
0.0,0.674,89.2
0.0,0.668,89.2
0.057,0.659,89.2
0.149,0.697,89.2
0.262,0.705,89.2
0.465,0.684,89.2
0.53,0.659,89.2
0.588,0.629,89.2
0.575,0.59,89.2
0.539,0.547,89.2
0.497,0.51,89.2
0.39,0.476,89.2
0.224,0.459,89.2
0.068,0.442,89.2
0.0,0.454,89.2
0.0,0.455,89.2
0.0,0.424,89.2
0.0,0.401,89.2
0.0,0.382,89.2
0.0,0.368,89.2
0.0,0.355,89.2
0.0,0.333,89.2
0.0,0.294,89.2
0.0,0.25,89.2
0.0,0.232,89.2
0.0,0.241,89.2
0.103,0.264,89.2
0.31,0.284,89.2
0.463,0.329,89.2
0.512,0.362,89.2
0.519,0.405,89.2
0.443,0.503,89.2
0.352,0.627,89.2
0.261,0.715,89.2
0.189,0.723,89.2
0.194,0.668,89.2
0.17,0.54,89.2
0.079,0.385,89.2
0.0,0.3,89.2
0.0,0.228,89.2
0.0,0.158,89.2
0.0,0.113,89.2
0.0,0.084,89.2
0.0,0.065,89.2
0.0,0.059,89.2
0.0,0.066,89.2
0.0,0.084,89.2
0.0,0.112,89.2
0.0,0.143,89.2
0.0,0.169,89.2
0.109,0.162,89.2
0.33,0.144,89.2
0.546,0.167,89.2
0.709,0.172,89.2
0.813,0.148,89.2
0.861,0.115,89.2
0.857,0.094,89.2
0.803,0.098,89.2
0.696,0.121,89.2
0.538,0.157,89.2
0.332,0.204,89.2
0.114,0.274,89.2
0.0,0.391,89.2
0.0,0.45,89.2
0.0,0.442,89.2
0.0,0.42,89.2
0.0,0.39,89.2
0.0,0.34,89.2
0.0,0.286,89.2
0.0,0.24,89.2
0.0,0.217,89.2
0.0,0.211,89.2
0.0,0.202,89.2
0.001,0.191,89.2
0.117,0.154,89.2
0.32,0.106,89.2
0.498,0.157,89.2
0.621,0.191,89.2
0.674,0.241,89.2
0.708,0.302,89.2
0.695,0.371,89.2
0.666,0.442,89.2
0.569,0.519,89.2
0.458,0.582,89.2
0.298,0.628,89.2
0.11,0.644,89.2
0.001,0.648,89.2
0.0,0.65,89.2
0.0,0.628,89.2
0.0,0.606,89.2
0.0,0.595,89.2
0.0,0.608,89.2
0.0,0.592,89.2
0.0,0.556,89.2
0.0,0.521,89.2
0.0,0.508,89.2
0.0,0.49,89.2
0.002,0.497,89.2
0.114,0.481,89.2
0.327,0.513,89.2
0.511,0.537,89.2
0.612,0.504,89.2
0.67,0.465,89.2
0.68,0.457,89.2
0.618,0.487,89.2
0.515,0.533,89.2
0.399,0.572,89.2
0.299,0.58,89.2
0.196,0.571,89.2
0.087,0.559,89.2
0.002,0.578,89.2
0.0,0.635,89.2
0.0,0.655,89.2
0.0,0.648,89.2
0.0,0.652,89.2
0.0,0.638,89.2
0.0,0.595,89.2
0.0,0.547,89.2
0.0,0.481,89.2
0.0,0.413,89.2
0.0,0.364,89.2
0.003,0.349,89.2
0.11,0.335,89.2
0.318,0.332,89.2
0.487,0.431,89.2
0.616,0.431,89.2
0.713,0.391,89.2
0.77,0.392,89.2
0.766,0.43,89.2
0.724,0.479,89.2
0.627,0.52,89.2
0.471,0.552,89.2
0.28,0.574,89.2
0.108,0.567,89.2
0.003,0.558,89.2
0.0,0.596,89.2
0.0,0.586,89.2
0.0,0.567,89.2
0.0,0.545,89.2
0.0,0.516,89.2
0.0,0.488,89.2
0.0,0.461,89.2
0.0,0.447,89.2
0.0,0.447,89.2
0.0,0.454,89.2
0.003,0.47,89.2
0.118,0.452,89.2
0.332,0.516,89.2
0.529,0.578,89.2
0.683,0.53,89.2
0.783,0.45,89.2
0.833,0.4,89.2
0.831,0.41,89.2
0.782,0.46,89.2
0.683,0.501,89.2
0.533,0.527,89.2
0.338,0.535,89.2
0.123,0.531,89.2
0.004,0.531,89.2
0.0,0.545,89.2
0.0,0.509,89.2
0.0,0.476,89.2
0.0,0.444,89.2
0.0,0.398,89.2
0.0,0.343,89.2
0.0,0.291,89.2
0.0,0.266,89.2
0.0,0.257,89.2
0.0,0.234,89.2
0.005,0.203,89.2
0.114,0.16,89.2
0.338,0.134,89.2
0.526,0.105,89.2
0.668,0.089,89.2
0.722,0.078,89.2
0.704,0.076,89.2
0.663,0.087,89.2
0.599,0.112,89.2
0.516,0.138,89.2
0.413,0.155,89.2
0.274,0.159,89.2
0.099,0.164,89.2
0.004,0.193,89.2
0.0,0.211,89.2
0.0,0.208,89.2
0.0,0.201,89.2
0.0,0.195,89.2
0.0,0.192,89.2
0.0,0.188,89.2
0.0,0.185,89.2
0.0,0.179,89.2
0.0,0.177,89.2
0.0,0.174,89.2
0.006,0.161,89.2
0.115,0.106,89.2
0.329,0.06,89.2
0.534,0.035,89.2
0.68,0.015,89.2
0.776,0.008,89.2
0.821,0.003,89.2
0.817,0.013,89.2
0.764,0.025,89.2
0.657,0.041,89.2
0.502,0.069,89.2
0.303,0.118,89.2
0.112,0.236,89.2
0.006,0.412,89.2
0.0,0.505,89.2
0.0,0.494,89.2
0.0,0.422,89.2
0.0,0.345,89.2
0.0,0.286,89.2
0.0,0.238,89.2
0.0,0.201,89.2
0.0,0.166,89.2
0.0,0.141,89.2
0.0,0.127,89.2
0.006,0.121,89.2
0.112,0.099,89.2
0.304,0.059,89.2
0.497,0.055,89.2
0.629,0.045,89.2
0.71,0.042,89.2
0.735,0.05,89.2
0.722,0.073,89.2
0.669,0.099,89.2
0.571,0.123,89.2
0.387,0.154,89.2
0.264,0.183,89.2
0.107,0.245,89.2
0.007,0.347,89.2
0.0,0.405,89.2
0.0,0.401,89.2
0.0,0.379,89.2
0.0,0.352,89.2
0.0,0.32,89.2
0.0,0.29,89.2
0.0,0.266,89.2
0.0,0.253,89.2
0.0,0.251,89.2
0.0,0.253,89.2
0.007,0.256,89.2
0.088,0.206,89.2
0.269,0.182,89.2
0.461,0.205,89.2
0.613,0.248,89.2
0.707,0.258,89.2
0.744,0.273,89.2
0.692,0.33,89.2
0.571,0.422,89.2
0.42,0.538,89.2
0.329,0.646,89.2
0.235,0.708,89.2
0.102,0.74,89.2
0.008,0.778,89.2
0.0,0.803,89.2
0.0,0.795,89.2
0.0,0.788,89.2
0.0,0.765,89.2
0.0,0.748,89.2
0.0,0.737,89.2
0.0,0.725,89.2
0.0,0.708,89.2
0.0,0.684,89.2
0.0,0.658,89.2
0.011,0.655,89.2
0.133,0.666,89.2
0.341,0.672,89.2
0.536,0.69,89.2
0.687,0.678,89.2
0.784,0.644,89.2
0.83,0.603,89.2
0.828,0.574,89.2
0.775,0.566,89.2
0.673,0.582,89.2
0.53,0.63,89.2
0.344,0.686,89.2
0.135,0.695,89.2
0.01,0.742,89.2
0.0,0.783,89.2
0.0,0.756,89.2
0.0,0.724,89.2
0.0,0.697,89.2
0.0,0.677,89.2
0.0,0.666,89.2
0.0,0.651,89.2
0.0,0.641,89.2
0.0,0.63,89.2
0.0,0.627,89.2
0.011,0.589,89.2
0.147,0.464,89.2
0.367,0.439,89.2
0.561,0.577,89.2
0.705,0.648,89.2
0.798,0.654,89.2
0.842,0.653,89.2
0.838,0.657,89.2
0.787,0.669,89.2
0.688,0.675,89.2
0.54,0.69,89.2
0.348,0.679,89.2
0.136,0.71,89.2
0.011,0.801,89.2
0.0,0.852,89.2
0.0,0.844,89.2
0.0,0.819,89.2
0.0,0.796,89.2
0.0,0.744,89.2
0.0,0.692,89.2
0.0,0.666,89.2
0.0,0.642,89.2
0.0,0.637,89.2
0.0,0.632,89.2
0.012,0.592,89.2
0.149,0.481,89.2
0.368,0.471,89.2
0.561,0.596,89.2
0.704,0.653,89.2
0.796,0.683,89.2
0.838,0.673,89.2
0.833,0.674,89.2
0.779,0.686,89.2
0.672,0.702,89.2
0.497,0.754,89.2
0.298,0.799,89.2
0.116,0.819,89.2
0.014,0.822,89.2
0.0,0.827,89.2
0.0,0.804,89.2
0.0,0.794,89.2
0.0,0.769,89.2
0.0,0.757,89.2
0.0,0.75,89.2
0.0,0.739,89.2
0.0,0.764,89.2
0.0,0.779,89.2
0.0,0.785,89.2
0.013,0.784,89.2
0.152,0.824,89.2
0.37,0.866,89.2
0.565,0.907,89.2
0.71,0.914,89.2
0.802,0.909,89.2
0.845,0.884,89.2
0.84,0.865,89.2
0.784,0.875,89.2
0.679,0.896,89.2
0.531,0.917,89.2
0.345,0.929,89.2
0.137,0.917,89.2
0.014,0.909,89.2
0.0,0.896,89.2
0.0,0.88,89.2
0.0,0.891,89.2
0.0,0.876,89.2
0.0,0.868,89.2
0.0,0.86,89.2
0.0,0.85,89.2
0.0,0.802,89.2
0.0,0.752,89.2
0.0,0.739,89.2
0.016,0.714,89.2
0.14,0.698,89.2
0.345,0.721,89.2
0.545,0.8,89.2
0.7,0.831,89.2
0.8,0.839,89.2
0.847,0.839,89.2
0.844,0.834,89.2
0.791,0.827,89.2
0.69,0.824,89.2
0.539,0.821,89.2
0.346,0.808,89.2
0.139,0.764,89.2
0.016,0.776,89.2
0.0,0.787,89.2
0.0,0.763,89.2
0.0,0.728,89.2
0.0,0.682,89.2
0.0,0.627,89.2
0.0,0.561,89.2
0.0,0.486,89.2
0.0,0.454,89.2
0.0,0.386,89.2
0.0,0.293,89.2
0.017,0.211,89.2
0.147,0.134,89.2
0.364,0.103,89.2
0.556,0.105,89.2
0.7,0.118,89.2
0.795,0.105,89.2
0.84,0.101,89.2
0.837,0.105,89.2
0.786,0.113,89.2
0.688,0.12,89.2
0.539,0.125,89.2
0.348,0.131,89.2
0.141,0.156,89.2
0.017,0.22,89.2
0.0,0.253,89.2
0.0,0.237,89.2
0.0,0.221,89.2
0.0,0.206,89.2
0.0,0.176,89.2
0.0,0.132,89.2
0.0,0.085,89.2
0.0,0.048,89.2
0.0,0.021,89.2
0.0,0.011,89.2
0.019,0.013,89.2
0.142,0.02,89.2
0.343,0.027,89.2
0.511,0.023,89.2
0.649,0.024,89.2
0.766,0.044,89.2
0.805,0.088,89.2
0.769,0.155,89.2
0.673,0.227,89.2
0.551,0.283,89.2
0.426,0.302,89.2
0.278,0.294,89.2
0.122,0.272,89.2
0.02,0.259,89.2
0.0,0.277,89.2
0.0,0.305,89.2
0.0,0.374,89.2
0.0,0.454,89.2
0.0,0.518,89.2
0.0,0.574,89.2
0.0,0.611,89.2
0.0,0.596,89.2
0.0,0.523,89.2
0.0,0.435,89.2
0.016,0.358,89.2
0.117,0.287,89.2
0.28,0.252,89.2
0.458,0.255,89.2
0.616,0.256,89.2
0.719,0.235,89.2
0.754,0.209,89.2
0.742,0.188,89.2
0.697,0.174,89.2
0.61,0.171,89.2
0.461,0.179,89.2
0.299,0.183,89.2
0.134,0.185,89.2
0.022,0.205,89.2
0.0,0.218,89.2
0.0,0.183,89.2
0.0,0.146,89.2
0.0,0.115,89.2
0.0,0.095,89.2
0.0,0.089,89.2
0.0,0.09,89.2
0.0,0.091,89.2
0.0,0.088,89.2
0.0,0.084,89.2
0.023,0.078,89.2
0.142,0.054,89.2
0.329,0.038,89.2
0.493,0.03,89.2
0.627,0.03,89.2
0.704,0.037,89.2
0.746,0.053,89.2
0.73,0.076,89.2
0.658,0.106,89.2
0.562,0.142,89.2
0.42,0.157,89.2
0.243,0.154,89.2
0.114,0.155,89.2
0.022,0.185,89.2
0.0,0.211,89.2
0.0,0.2,89.2
0.0,0.182,89.2
0.0,0.168,89.2
0.0,0.155,89.2
0.0,0.145,89.2
0.0,0.143,89.2
0.0,0.139,89.2
0.0,0.119,89.2
0.0,0.1,89.2
0.025,0.086,89.2
0.139,0.067,89.2
0.317,0.059,89.2
0.458,0.058,89.2
0.513,0.051,89.2
0.505,0.044,89.2
0.5,0.047,89.2
0.491,0.068,89.2
0.439,0.101,89.2
0.374,0.131,89.2
0.266,0.151,89.2
0.166,0.168,89.2
0.084,0.18,89.2
0.015,0.207,89.2
0.0,0.228,89.2
0.0,0.211,89.2
0.0,0.183,89.2
0.0,0.155,89.2
0.0,0.123,89.2
0.0,0.096,89.2
0.0,0.077,89.2
0.0,0.067,89.2
0.0,0.054,89.2
0.0,0.043,89.2
0.018,0.036,89.2
0.106,0.031,89.2
0.243,0.034,89.2
0.372,0.044,89.2
0.443,0.053,89.2
0.471,0.06,89.2
0.469,0.07,89.2
0.456,0.078,89.2
0.449,0.082,89.2
0.431,0.085,89.2
0.369,0.095,89.2
0.247,0.104,89.2
0.126,0.104,89.2
0.027,0.111,89.2
0.0,0.095,89.2
0.0,0.067,89.2
0.0,0.044,89.2
0.0,0.03,89.2
0.0,0.035,89.2
0.0,0.061,89.2
0.0,0.096,89.2
0.0,0.127,89.2
0.0,0.155,89.2
0.0,0.197,89.2
0.027,0.254,89.2
0.149,0.248,89.2
0.287,0.267,89.2
0.504,0.328,89.2
0.694,0.399,89.2
0.787,0.491,89.2
0.822,0.613,89.2
0.806,0.726,89.2
0.742,0.811,89.2
0.665,0.864,89.2
0.461,0.901,89.2
0.213,0.909,89.2
0.084,0.916,89.2
0.012,0.941,89.2
0.0,0.961,89.2
0.0,0.975,89.2
0.0,0.988,89.2
0.0,0.991,89.2
0.0,0.988,89.2
0.0,0.985,89.2
0.0,0.982,89.2
0.0,0.988,89.2
0.0,0.99,89.2
0.0,0.987,89.2
0.017,0.991,89.2
0.057,0.991,89.2
0.18,0.99,89.2
0.399,0.987,89.2
0.616,0.974,89.2
0.781,0.96,89.2
0.838,0.951,89.2
0.841,0.947,89.2
0.79,0.943,89.2
0.695,0.94,89.2
0.551,0.936,89.2
0.363,0.932,89.2
0.155,0.925,89.2
0.026,0.909,89.2
0.0,0.888,89.2
0.0,0.875,89.2
0.0,0.868,89.2
0.0,0.866,89.2
0.0,0.882,89.2
0.0,0.883,89.2
0.0,0.873,89.2
0.0,0.866,89.2
0.0,0.856,89.2
0.0,0.843,89.2
0.027,0.819,89.2
0.119,0.785,89.2
0.257,0.789,89.2
0.429,0.759,89.2
0.568,0.735,89.2
0.65,0.713,89.2
0.689,0.713,89.2
0.661,0.746,89.2
0.609,0.785,89.2
0.412,0.829,89.2
0.165,0.83,89.2
0.114,0.806,89.2
0.066,0.753,89.2
0.018,0.685,89.2
0.0,0.637,89.2
0.0,0.601,89.2
0.0,0.541,89.2
0.0,0.494,89.2
0.0,0.441,89.2
0.0,0.359,89.2
0.0,0.291,89.2
0.0,0.255,89.2
0.0,0.231,89.2
0.0,0.227,89.2
0.015,0.203,89.2
0.108,0.169,89.2
0.252,0.205,89.2
0.351,0.253,89.2
0.262,0.189,89.2
0.219,0.118,89.2
0.279,0.074,89.2
0.4,0.055,89.2
0.495,0.088,89.2
0.479,0.162,89.2
0.265,0.249,89.2
0.139,0.317,89.2
0.075,0.3,89.2
0.033,0.277,89.2
0.0,0.3,89.2
0.0,0.311,89.2
0.0,0.323,89.2
0.0,0.354,89.2
0.0,0.381,89.2
0.0,0.407,89.2
0.0,0.428,89.2
0.0,0.452,89.2
0.0,0.459,89.2
0.0,0.402,89.2
0.025,0.334,89.2
0.174,0.222,89.2
0.383,0.13,89.2
0.556,0.085,89.2
0.695,0.063,89.2
0.784,0.044,89.2
0.832,0.048,89.2
0.832,0.061,89.2
0.776,0.07,89.2
0.677,0.064,89.2
0.424,0.044,89.2
0.161,0.02,89.2
0.044,0.015,89.2
0.004,0.044,89.2
0.0,0.161,89.2
0.0,0.367,89.2
0.0,0.528,89.2
0.0,0.59,89.2
0.0,0.58,89.2
0.0,0.612,89.2
0.0,0.692,89.2
0.0,0.752,89.2
0.0,0.774,89.2
0.0,0.78,89.2
0.012,0.811,89.2
0.032,0.844,89.2
0.072,0.875,89.2
0.254,0.867,89.2
0.616,0.932,89.2
0.738,0.953,89.2
0.786,0.954,89.2
0.774,0.948,89.2
0.649,0.94,89.2
0.569,0.929,89.2
0.502,0.913,89.2
0.333,0.872,89.2
0.156,0.824,89.2
0.029,0.777,89.2
0.0,0.756,89.2
0.0,0.704,89.2
0.0,0.645,89.2
0.0,0.621,89.2
0.0,0.571,89.2
0.0,0.472,89.2
0.0,0.393,89.2
0.0,0.302,89.2
0.0,0.286,89.2
0.0,0.323,89.2
0.031,0.236,89.2
0.133,0.197,89.2
0.255,0.196,89.2
0.312,0.225,89.2
0.284,0.304,89.2
0.296,0.365,89.2
0.305,0.374,89.2
0.256,0.355,89.2
0.217,0.294,89.2
0.14,0.396,89.2
0.098,0.686,89.2
0.058,0.868,89.2
0.03,0.924,89.2
0.006,0.872,89.2
0.0,0.746,89.2
0.0,0.558,89.2
0.0,0.335,89.2
0.0,0.253,89.2
0.0,0.314,89.2
0.0,0.31,89.2
0.0,0.41,89.2
0.0,0.624,89.2
0.0,0.73,89.2
0.0,0.763,89.2
0.035,0.766,89.2
0.148,0.822,89.2
0.294,0.877,89.2
0.486,0.898,89.2
0.642,0.903,89.2
0.729,0.891,89.2
0.754,0.876,89.2
0.704,0.848,89.2
0.505,0.801,89.2
0.389,0.75,89.2
0.345,0.706,89.2
0.222,0.631,89.2
0.116,0.466,89.2
0.034,0.361,89.2
0.0,0.332,89.2
0.0,0.348,89.2
0.0,0.381,89.2
0.0,0.408,89.2
0.0,0.405,89.2
0.0,0.364,89.2
0.0,0.3,89.2
0.0,0.243,89.2
0.0,0.234,89.2
0.0,0.242,89.2
0.034,0.22,89.2
0.104,0.167,89.2
0.165,0.203,89.2
0.209,0.278,89.2
0.268,0.334,89.2
0.437,0.397,89.2
0.594,0.476,89.2
0.589,0.555,89.2
0.567,0.631,89.2
0.555,0.702,89.2
0.438,0.777,89.2
0.197,0.82,89.2
0.063,0.813,89.2
0.026,0.758,89.2
0.0,0.75,89.2
0.0,0.731,89.2
0.0,0.712,89.2
0.0,0.704,89.2
0.0,0.678,89.2
0.0,0.63,89.2
0.0,0.563,89.2
0.0,0.47,89.2
0.0,0.422,89.2
0.0,0.379,89.2
0.037,0.325,89.2
0.138,0.294,89.2
0.284,0.306,89.2
0.46,0.289,89.2
0.629,0.243,89.2
0.731,0.215,89.2
0.751,0.211,89.2
0.652,0.227,89.2
0.509,0.259,89.2
0.373,0.328,89.2
0.229,0.428,89.2
0.131,0.518,89.2
0.073,0.566,89.2
0.023,0.607,89.2
0.0,0.689,89.2
0.0,0.75,89.2
0.0,0.747,89.2
0.0,0.671,89.2
0.0,0.663,89.2
0.0,0.71,89.2
0.0,0.735,89.2
0.0,0.776,89.2
0.0,0.802,89.2
0.0,0.823,89.2
0.025,0.833,89.2
0.119,0.864,89.2
0.24,0.89,89.2
0.279,0.895,89.2
0.321,0.873,89.2
0.409,0.839,89.2
0.472,0.795,89.2
0.474,0.755,89.2
0.386,0.72,89.2
0.339,0.688,89.2
0.257,0.65,89.2
0.157,0.591,89.2
0.09,0.484,89.2
0.03,0.374,89.2
0.0,0.368,89.2
0.0,0.388,89.2
0.0,0.357,89.2
0.0,0.314,89.2
0.0,0.275,89.2
0.0,0.207,89.2
0.0,0.14,89.2
0.0,0.089,89.2
0.0,0.085,89.2
0.0,0.109,89.2
0.025,0.146,89.2
0.089,0.192,89.2
0.17,0.257,89.2
0.25,0.304,89.2
0.443,0.341,89.2
0.422,0.354,89.2
0.541,0.345,89.2
0.546,0.337,89.2
0.497,0.337,89.2
0.462,0.304,89.2
0.378,0.227,89.2
0.276,0.161,89.2
0.122,0.115,89.2
0.027,0.073,89.2
0.0,0.032,89.2
0.0,0.044,89.2
0.0,0.167,89.2
0.0,0.377,89.2
0.0,0.55,89.2
0.0,0.633,89.2
0.0,0.599,89.2
0.0,0.556,89.2
0.0,0.553,89.2
0.0,0.661,89.2
0.007,0.689,89.2
0.035,0.597,89.2
0.149,0.601,89.2
0.408,0.827,89.2
0.619,0.937,89.2
0.722,0.954,89.2
0.763,0.953,89.2
0.726,0.944,89.2
0.665,0.924,89.2
0.581,0.903,89.2
0.464,0.881,89.2
0.308,0.836,89.2
0.123,0.731,89.2
0.024,0.636,89.2
0.0,0.656,89.2
0.0,0.682,89.2
0.0,0.679,89.2
0.0,0.671,89.2
0.0,0.642,89.2
0.0,0.633,89.2
0.0,0.637,89.2
0.0,0.637,89.2
0.0,0.61,89.2
0.0,0.603,89.2
0.045,0.568,89.2
0.162,0.594,89.2
0.336,0.642,89.2
0.489,0.692,89.2
0.62,0.723,89.2
0.674,0.749,89.2
0.574,0.785,89.2
0.412,0.813,89.2
0.313,0.844,89.2
0.244,0.857,89.2
0.175,0.847,89.2
0.11,0.846,89.2
0.065,0.872,89.2
0.022,0.91,89.2
0.0,0.923,89.2
0.0,0.93,89.2
0.0,0.93,89.2
0.0,0.934,89.2
0.0,0.935,89.2
0.0,0.936,89.2
0.0,0.93,89.2
0.0,0.906,89.2
0.0,0.868,89.2
0.0,0.846,89.2
0.028,0.828,89.2
0.127,0.777,89.2
0.29,0.804,89.2
0.418,0.826,89.2
0.507,0.829,89.2
0.536,0.836,89.2
0.584,0.841,89.2
0.571,0.844,89.2
0.519,0.862,89.2
0.427,0.894,89.2
0.276,0.911,89.2
0.214,0.904,89.2
0.142,0.88,89.2
0.046,0.86,89.2
0.0,0.836,89.2
0.0,0.819,89.2
0.0,0.801,89.2
0.0,0.777,89.2
0.0,0.733,89.2
0.0,0.69,89.2
0.0,0.658,89.2
0.0,0.619,89.2
0.0,0.587,89.2
0.0,0.553,89.2
0.042,0.494,89.2
0.173,0.485,89.2
0.355,0.507,89.2
0.52,0.493,89.2
0.646,0.457,89.2
0.728,0.422,89.2
0.759,0.408,89.2
0.732,0.41,89.2
0.674,0.413,89.2
0.551,0.414,89.2
0.342,0.425,89.2
0.186,0.413,89.2
0.106,0.356,89.2
0.041,0.289,89.2
0.0,0.296,89.2
0.0,0.328,89.2
0.0,0.389,89.2
0.0,0.459,89.2
0.0,0.505,89.2
0.0,0.515,89.2
0.0,0.551,89.2
0.0,0.601,89.2
0.0,0.541,89.2
0.0,0.523,89.2
0.045,0.511,89.2
0.166,0.607,89.2
0.32,0.716,89.2
0.453,0.737,89.2
0.502,0.745,89.2
0.528,0.781,89.2
0.535,0.812,89.2
0.578,0.833,89.2
0.581,0.849,89.2
0.557,0.816,89.2
0.484,0.819,89.2
0.347,0.821,89.2
0.171,0.782,89.2
0.039,0.7,89.2
0.0,0.661,89.2
0.0,0.63,89.2
0.0,0.586,89.2
0.0,0.537,89.2
0.0,0.456,89.2
0.0,0.403,89.2
0.0,0.391,89.2
0.0,0.395,89.2
0.0,0.358,89.2
0.0,0.362,89.2
0.038,0.337,89.2
0.073,0.35,89.2
0.107,0.381,89.2
0.147,0.525,89.2
0.243,0.708,89.2
0.456,0.856,89.2
0.572,0.931,89.2
0.448,0.958,89.2
0.279,0.967,89.2
0.151,0.969,89.2
0.158,0.977,89.2
0.205,0.984,89.2
0.081,0.981,89.2
0.01,0.966,89.2
0.0,0.959,89.2
0.0,0.958,89.2
0.0,0.967,89.2
0.0,0.965,89.2
0.0,0.962,89.2
0.0,0.959,89.2
0.0,0.962,89.2
0.0,0.966,89.2
0.0,0.964,89.2
0.0,0.965,89.2
0.036,0.966,89.2
0.178,0.974,89.2
0.364,0.987,89.2
0.534,0.99,89.2
0.667,0.991,89.2
0.747,0.991,89.2
0.786,0.99,89.2
0.76,0.99,89.2
0.684,0.989,89.2
0.583,0.988,89.2
0.465,0.987,89.2
0.322,0.986,89.2
0.161,0.984,89.2
0.043,0.981,89.2
0.0,0.978,89.2
0.0,0.976,89.2
0.0,0.976,89.2
0.0,0.978,89.2
0.0,0.976,89.2
0.0,0.969,89.2
0.0,0.963,89.2
0.0,0.958,89.2
0.0,0.956,89.2
0.0,0.956,89.2
0.052,0.953,89.2
0.143,0.959,89.2
0.233,0.966,89.2
0.293,0.966,89.2
0.317,0.963,89.2
0.316,0.954,89.2
0.31,0.937,89.2
0.299,0.911,89.2
0.294,0.874,89.2
0.298,0.838,89.2
0.264,0.826,89.2
0.202,0.822,89.2
0.137,0.803,89.2
0.054,0.782,89.2
0.0,0.773,89.2
0.0,0.75,89.2
0.0,0.733,89.2
0.0,0.72,89.2
0.0,0.69,89.2
0.0,0.652,89.2
0.0,0.639,89.2
0.0,0.618,89.2
0.0,0.58,89.2
0.0,0.55,89.2
0.052,0.515,89.2
0.175,0.59,89.2
0.352,0.721,89.2
0.455,0.777,89.2
0.398,0.806,89.2
0.368,0.836,89.2
0.502,0.857,89.2
0.486,0.853,89.2
0.339,0.846,89.2
0.241,0.837,89.2
0.182,0.832,89.2
0.115,0.854,89.2
0.064,0.885,89.2
0.022,0.917,89.2
0.0,0.947,89.2
0.0,0.97,89.2
0.0,0.981,89.2
0.0,0.983,89.2
0.0,0.976,89.2
0.0,0.951,89.2
0.0,0.872,89.2
0.0,0.734,89.2
0.0,0.666,89.2
0.0,0.605,89.2
0.054,0.498,89.2
0.19,0.606,89.2
0.356,0.785,89.2
0.493,0.866,89.2
0.509,0.902,89.2
0.269,0.909,89.2
0.23,0.915,89.2
0.214,0.919,89.2
0.209,0.92,89.2
0.231,0.935,89.2
0.19,0.943,89.2
0.181,0.945,89.2
0.104,0.938,89.2
0.037,0.942,89.2
0.0,0.958,89.2
0.0,0.968,89.2
0.0,0.971,89.2
0.0,0.966,89.2
0.0,0.951,89.2
0.0,0.918,89.2
0.0,0.869,89.2
0.0,0.822,89.2
0.0,0.774,89.2
0.001,0.734,89.2
0.048,0.711,89.2
0.187,0.78,89.2
0.35,0.882,89.2
0.486,0.904,89.2
0.557,0.902,89.2
0.618,0.893,89.2
0.591,0.889,89.2
0.51,0.895,89.2
0.35,0.902,89.2
0.247,0.898,89.2
0.156,0.88,89.2
0.096,0.831,89.2
0.044,0.752,89.2
0.008,0.7,89.2
0.0,0.674,89.2
0.0,0.724,89.2
0.0,0.784,89.2
0.0,0.821,89.2
0.0,0.808,89.2
0.0,0.677,89.2
0.0,0.679,89.2
0.0,0.663,89.2
0.0,0.725,89.2
0.0,0.686,89.2
0.037,0.574,89.2
0.17,0.505,89.2
0.334,0.471,89.2
0.47,0.458,89.2
0.52,0.447,89.2
0.569,0.439,89.2
0.574,0.436,89.2
0.584,0.426,89.2
0.604,0.403,89.2
0.635,0.371,89.2
0.517,0.342,89.2
0.352,0.305,89.2
0.172,0.259,89.2
0.045,0.203,89.2
0.001,0.169,89.2
0.0,0.141,89.2
0.0,0.129,89.2
0.0,0.134,89.2
0.0,0.153,89.2
0.0,0.167,89.2
0.0,0.179,89.2
0.0,0.181,89.2
0.0,0.168,89.2
0.0,0.138,89.2
0.029,0.106,89.2
0.19,0.067,89.2
0.388,0.04,89.2
0.562,0.028,89.2
0.693,0.017,89.2
0.779,0.008,89.2
0.818,0.003,89.2
0.808,0.005,89.2
0.715,0.007,89.2
0.658,0.01,89.2
0.541,0.015,89.2
0.368,0.039,89.2
0.174,0.107,89.2
0.031,0.261,89.2
0.001,0.425,89.2
0.0,0.516,89.2
0.0,0.53,89.2
0.0,0.513,89.2
0.0,0.486,89.2
0.0,0.469,89.2
0.0,0.448,89.2
0.0,0.439,89.2
0.0,0.394,89.2
0.0,0.358,89.2
0.045,0.281,89.2
0.111,0.211,89.2
0.239,0.223,89.2
0.424,0.268,89.2
0.555,0.266,89.2
0.648,0.238,89.2
0.683,0.203,89.2
0.631,0.179,89.2
0.498,0.183,89.2
0.357,0.231,89.2
0.282,0.302,89.2
0.241,0.376,89.2
0.15,0.425,89.2
0.054,0.47,89.2
0.002,0.53,89.2
0.0,0.559,89.2
0.0,0.549,89.2
0.0,0.527,89.2
0.0,0.504,89.2
0.0,0.466,89.2
0.0,0.41,89.2
0.0,0.352,89.2
0.0,0.291,89.2
0.0,0.227,89.2
0.037,0.14,89.2
0.112,0.064,89.2
0.241,0.042,89.2
0.371,0.083,89.2
0.463,0.154,89.2
0.552,0.175,89.2
0.637,0.175,89.2
0.674,0.162,89.2
0.663,0.155,89.2
0.571,0.171,89.2
0.454,0.223,89.2
0.324,0.311,89.2
0.168,0.429,89.2
0.053,0.554,89.2
0.001,0.661,89.2
0.0,0.711,89.2
0.0,0.733,89.2
0.0,0.725,89.2
0.0,0.697,89.2
0.0,0.674,89.2
0.0,0.626,89.2
0.0,0.552,89.2
0.0,0.502,89.2
0.001,0.48,89.2
0.049,0.374,89.2
0.169,0.296,89.2
0.334,0.343,89.2
0.505,0.416,89.2
0.651,0.411,89.2
0.748,0.396,89.2
0.797,0.398,89.2
0.799,0.41,89.2
0.756,0.432,89.2
0.667,0.466,89.2
0.534,0.505,89.2
0.362,0.55,89.2
0.175,0.583,89.2
0.038,0.611,89.2
0.002,0.629,89.2
0.0,0.624,89.2
0.0,0.58,89.2
0.0,0.532,89.2
0.0,0.495,89.2
0.0,0.457,89.2
0.0,0.426,89.2
0.0,0.413,89.2
0.0,0.422,89.2
0.002,0.436,89.2
0.031,0.328,89.2
0.189,0.196,89.2
0.382,0.179,89.2
0.549,0.314,89.2
0.675,0.387,89.2
0.758,0.416,89.2
0.799,0.428,89.2
0.796,0.438,89.2
0.752,0.446,89.2
0.664,0.447,89.2
0.533,0.446,89.2
0.363,0.447,89.2
0.174,0.435,89.2
0.033,0.497,89.2
0.002,0.599,89.2
0.0,0.661,89.2
0.0,0.695,89.2
0.0,0.705,89.2
0.0,0.697,89.2
0.0,0.681,89.2
0.0,0.669,89.2
0.0,0.654,89.2
0.0,0.622,89.2
0.002,0.57,89.2
0.028,0.407,89.2
0.191,0.27,89.2
0.386,0.263,89.2
0.553,0.372,89.2
0.679,0.429,89.2
0.759,0.462,89.2
0.795,0.407,89.2
0.79,0.334,89.2
0.742,0.295,89.2
0.653,0.306,89.2
0.524,0.348,89.2
0.357,0.386,89.2
0.172,0.434,89.2
0.035,0.535,89.2
0.002,0.668,89.2
0.0,0.75,89.2
0.0,0.77,89.2
0.0,0.741,89.2
0.0,0.687,89.2
0.0,0.626,89.2
0.0,0.567,89.2
0.0,0.516,89.2
0.0,0.471,89.2
0.002,0.447,89.2
0.049,0.383,89.2
0.121,0.285,89.2
0.21,0.245,89.2
0.273,0.264,89.2
0.296,0.302,89.2
0.276,0.346,89.2
0.265,0.355,89.2
0.285,0.311,89.2
0.264,0.277,89.2
0.253,0.267,89.2
0.168,0.263,89.2
0.126,0.234,89.2
0.083,0.22,89.2
0.029,0.294,89.2
0.0,0.402,89.2
0.0,0.518,89.2
0.0,0.59,89.2
0.0,0.566,89.2
0.0,0.506,89.2
0.0,0.422,89.2
0.0,0.334,89.2
0.0,0.245,89.2
0.0,0.164,89.2
0.004,0.098,89.2
0.051,0.04,89.2
0.186,0.018,89.2
0.357,0.035,89.2
0.494,0.061,89.2
0.52,0.053,89.2
0.58,0.03,89.2
0.486,0.025,89.2
0.423,0.035,89.2
0.413,0.05,89.2
0.342,0.09,89.2
0.316,0.136,89.2
0.21,0.179,89.2
0.113,0.259,89.2
0.045,0.324,89.2
0.0,0.374,89.2
0.0,0.358,89.2
0.0,0.321,89.2
0.0,0.314,89.2
0.0,0.309,89.2
0.0,0.295,89.2
0.0,0.262,89.2
0.0,0.245,89.2
0.0,0.235,89.2
0.0,0.187,89.2
0.008,0.125,89.2
0.036,0.094,89.2
0.073,0.094,89.2
0.133,0.12,89.2
0.196,0.205,89.2
0.208,0.372,89.2
0.194,0.529,89.2
0.192,0.626,89.2
0.224,0.694,89.2
0.205,0.722,89.2
0.155,0.732,89.2
0.157,0.737,89.2
0.108,0.731,89.2
0.045,0.686,89.2
0.0,0.639,89.2
0.0,0.637,89.2
0.0,0.639,89.2
0.0,0.669,89.2
0.0,0.667,89.2
0.0,0.637,89.2
0.0,0.59,89.2
0.0,0.533,89.2
0.0,0.467,89.2
0.005,0.415,89.2
0.045,0.337,89.2
0.185,0.318,89.2
0.372,0.312,89.2
0.55,0.311,89.2
0.682,0.302,89.2
0.769,0.28,89.2
0.812,0.255,89.2
0.812,0.236,89.2
0.768,0.228,89.2
0.68,0.221,89.2
0.547,0.209,89.2
0.377,0.192,89.2
0.185,0.171,89.2
0.035,0.146,89.2
0.006,0.127,89.2
0.0,0.095,89.2
0.0,0.068,89.2
0.0,0.052,89.2
0.0,0.041,89.2
0.0,0.036,89.2
0.0,0.035,89.2
0.0,0.04,89.2
0.0,0.053,89.2
0.007,0.068,89.2
0.044,0.071,89.2
0.191,0.068,89.2
0.376,0.076,89.2
0.543,0.084,89.2
0.667,0.085,89.2
0.747,0.086,89.2
0.777,0.09,89.2
0.742,0.095,89.2
0.673,0.096,89.2
0.583,0.091,89.2
0.433,0.08,89.2
0.258,0.07,89.2
0.118,0.077,89.2
0.041,0.105,89.2
0.0,0.134,89.2
0.0,0.116,89.2
0.0,0.076,89.2
0.0,0.046,89.2
0.0,0.031,89.2
0.0,0.026,89.2
0.0,0.025,89.2
0.0,0.024,89.2
0.0,0.02,89.2
0.007,0.016,89.2
0.043,0.011,89.2
0.187,0.004,89.2
0.37,0.004,89.2
0.534,0.009,89.2
0.655,0.02,89.2
0.737,0.037,89.2
0.766,0.061,89.2
0.733,0.088,89.2
0.649,0.111,89.2
0.575,0.13,89.2
0.43,0.147,89.2
0.318,0.152,89.2
0.178,0.14,89.2
0.046,0.122,89.2
0.007,0.112,89.2
0.0,0.09,89.2
0.0,0.064,89.2
0.0,0.048,89.2
0.0,0.038,89.2
0.0,0.034,89.2
0.0,0.033,89.2
0.0,0.036,89.2
0.0,0.036,89.2
0.007,0.034,89.2
0.039,0.026,89.2
0.19,0.022,89.2
0.376,0.016,89.2
0.541,0.006,89.2
0.666,0.003,89.2
0.747,0.004,89.2
0.787,0.008,89.2
0.785,0.015,89.2
0.74,0.024,89.2
0.653,0.033,89.2
0.503,0.048,89.2
0.331,0.061,89.2
0.169,0.084,89.2
0.053,0.132,89.2
0.005,0.227,89.2
0.0,0.293,89.2
0.0,0.3,89.2
0.0,0.274,89.2
0.0,0.237,89.2
0.0,0.201,89.2
0.0,0.17,89.2
0.0,0.146,89.2
0.0,0.133,89.2
0.007,0.132,89.2
0.049,0.102,89.2
0.179,0.057,89.2
0.348,0.047,89.2
0.504,0.056,89.2
0.626,0.065,89.2
0.722,0.083,89.2
0.774,0.115,89.2
0.771,0.16,89.2
0.724,0.202,89.2
0.625,0.218,89.2
0.499,0.209,89.2
0.335,0.199,89.2
0.176,0.206,89.2
0.048,0.218,89.2
0.007,0.209,89.2
0.0,0.172,89.2
0.0,0.114,89.2
0.0,0.074,89.2
0.0,0.058,89.2
0.0,0.055,89.2
0.0,0.056,89.2
0.0,0.052,89.2
0.0,0.044,89.2
0.008,0.036,89.2
0.043,0.033,89.2
0.185,0.035,89.2
0.361,0.048,89.2
0.51,0.06,89.2
0.625,0.062,89.2
0.708,0.058,89.2
0.754,0.058,89.2
0.761,0.065,89.2
0.718,0.077,89.2
0.608,0.09,89.2
0.475,0.106,89.2
0.328,0.133,89.2
0.173,0.16,89.2
0.048,0.178,89.2
0.008,0.176,89.2
0.0,0.145,89.2
0.0,0.099,89.2
0.0,0.059,89.2
0.0,0.041,89.2
0.0,0.045,89.2
0.0,0.066,89.2
0.0,0.1,89.2
0.0,0.125,89.2
0.008,0.117,89.2
0.045,0.073,89.2
0.188,0.054,89.2
0.368,0.067,89.2
0.489,0.098,89.2
0.557,0.122,89.2
0.621,0.132,89.2
0.717,0.135,89.2
0.736,0.154,89.2
0.627,0.194,89.2
0.545,0.233,89.2
0.433,0.243,89.2
0.292,0.238,89.2
0.165,0.227,89.2
0.057,0.213,89.2
0.008,0.2,89.2
0.0,0.193,89.2
0.0,0.171,89.2
0.0,0.162,89.2
0.0,0.183,89.2
0.0,0.218,89.2
0.0,0.231,89.2
0.0,0.249,89.2
0.0,0.299,89.2
0.008,0.342,89.2
0.043,0.265,89.2
0.184,0.234,89.2
0.347,0.207,89.2
0.453,0.193,89.2
0.547,0.209,89.2
0.617,0.239,89.2
0.672,0.259,89.2
0.729,0.253,89.2
0.717,0.231,89.2
0.655,0.206,89.2
0.536,0.179,89.2
0.373,0.152,89.2
0.188,0.131,89.2
0.04,0.118,89.2
0.008,0.12,89.2
0.0,0.118,89.2
0.0,0.113,89.2
0.0,0.115,89.2
0.0,0.106,89.2
0.0,0.087,89.2
0.0,0.081,89.2
0.0,0.108,89.2
0.0,0.17,89.2
0.008,0.239,89.2
0.037,0.196,89.2
0.188,0.141,89.2
0.372,0.235,89.2
0.534,0.233,89.2
0.659,0.212,89.2
0.741,0.197,89.2
0.781,0.199,89.2
0.779,0.209,89.2
0.736,0.225,89.2
0.65,0.238,89.2
0.524,0.244,89.2
0.362,0.242,89.2
0.182,0.234,89.2
0.039,0.251,89.2
0.008,0.316,89.2
0.0,0.392,89.2
0.0,0.451,89.2
0.0,0.488,89.2
0.0,0.501,89.2
0.0,0.513,89.2
0.0,0.509,89.2
0.0,0.466,89.2
0.0,0.373,89.2
0.008,0.281,89.2
0.037,0.193,89.2
0.187,0.099,89.2
0.369,0.046,89.2
0.526,0.044,89.2
0.649,0.048,89.2
0.727,0.053,89.2
0.762,0.057,89.2
0.76,0.068,89.2
0.717,0.093,89.2
0.633,0.129,89.2
0.517,0.162,89.2
0.36,0.209,89.2
0.183,0.27,89.2
0.041,0.289,89.2
0.008,0.296,89.2
0.0,0.325,89.2
0.0,0.361,89.2
0.0,0.381,89.2
0.0,0.367,89.2
0.0,0.309,89.2
0.0,0.234,89.2
0.0,0.176,89.2
0.0,0.162,89.2
0.008,0.17,89.2
0.047,0.122,89.2
0.183,0.063,89.2
0.362,0.045,89.2
0.521,0.049,89.2
0.643,0.059,89.2
0.726,0.068,89.2
0.767,0.072,89.2
0.766,0.074,89.2
0.721,0.081,89.2
0.634,0.091,89.2
0.511,0.101,89.2
0.345,0.115,89.2
0.176,0.145,89.2
0.047,0.203,89.2
0.008,0.251,89.2
0.0,0.259,89.2
0.0,0.229,89.2
0.0,0.194,89.2
0.0,0.165,89.2
0.0,0.142,89.2
0.0,0.131,89.2
0.0,0.134,89.2
0.0,0.155,89.2
0.01,0.194,89.2
0.051,0.184,89.2
0.187,0.115,89.2
0.357,0.076,89.2
0.496,0.099,89.2
0.609,0.065,89.2
0.668,0.034,89.2
0.723,0.018,89.2
0.706,0.006,89.2
0.628,0.024,89.2
0.498,0.049,89.2
0.325,0.093,89.2
0.13,0.164,89.2
0.03,0.141,89.2
0.003,0.103,89.2
0.0,0.105,89.2
0.0,0.167,89.2
0.0,0.18,89.2
0.0,0.219,89.2
0.0,0.254,89.2
0.0,0.259,89.2
0.0,0.274,89.2
0.0,0.249,89.2
0.0,0.178,89.2
0.0,0.139,89.2
0.015,0.118,89.2
0.04,0.099,89.2
0.094,0.072,89.2
0.251,0.054,89.2
0.445,0.049,89.2
0.538,0.068,89.2
0.509,0.155,89.2
0.325,0.192,89.2
0.189,0.118,89.2
0.337,0.07,89.2
0.321,0.053,89.2
0.124,0.066,89.2
0.06,0.104,89.2
0.019,0.136,89.2
0.0,0.212,89.2
0.0,0.296,89.2
0.0,0.312,89.2
0.0,0.283,89.2
0.0,0.234,89.2
0.0,0.21,89.2
0.0,0.243,89.2
0.0,0.252,89.2
0.0,0.233,89.2
0.0,0.192,89.2
0.024,0.137,89.2
0.078,0.104,89.2
0.126,0.087,89.2
0.159,0.069,89.2
0.193,0.051,89.2
0.243,0.034,89.2
0.331,0.047,89.2
0.469,0.127,89.2
0.404,0.317,89.2
0.333,0.556,89.2
0.264,0.642,89.2
0.229,0.594,89.2
0.168,0.515,89.2
0.065,0.42,89.2
0.007,0.308,89.2
0.0,0.248,89.2
0.0,0.249,89.2
0.0,0.257,89.2
0.0,0.243,89.2
0.0,0.195,89.2
0.0,0.121,89.2
0.0,0.078,89.2
0.0,0.068,89.2
0.005,0.055,89.2
0.05,0.077,89.2
0.118,0.054,89.2
0.158,0.049,89.2
0.162,0.043,89.2
0.145,0.016,89.2
0.184,0.014,89.2
0.408,0.059,89.2
0.312,0.084,89.2
0.267,0.13,89.2
0.182,0.196,89.2
0.11,0.289,89.2
0.055,0.355,89.2
0.025,0.374,89.2
0.006,0.311,89.2
0.0,0.21,89.2
0.0,0.107,89.2
0.0,0.077,89.2
0.0,0.187,89.2
0.0,0.327,89.2
0.0,0.4,89.2
0.0,0.432,89.2
0.0,0.486,89.2
0.0,0.497,89.2
0.01,0.444,89.2
0.059,0.346,89.2
0.177,0.331,89.2
0.354,0.257,89.2
0.517,0.172,89.2
0.617,0.093,89.2
0.689,0.035,89.2
0.73,0.003,89.2
0.696,0.016,89.2
0.576,0.056,89.2
0.42,0.14,89.2
0.349,0.294,89.2
0.255,0.476,89.2
0.125,0.599,89.2
0.032,0.635,89.2
0.0,0.594,89.2
0.0,0.558,89.2
0.0,0.514,89.2
0.0,0.49,89.2
0.0,0.556,89.2
0.0,0.539,89.2
0.0,0.457,89.2
0.0,0.429,89.2
0.0,0.332,89.2
0.0,0.245,89.2
0.037,0.164,89.2
0.134,0.121,89.2
0.303,0.152,89.2
0.483,0.201,89.2
0.617,0.233,89.2
0.715,0.193,89.2
0.752,0.123,89.2
0.709,0.066,89.2
0.523,0.035,89.2
0.255,0.068,89.2
0.157,0.181,89.2
0.122,0.325,89.2
0.072,0.481,89.2
0.029,0.606,89.2
0.001,0.676,89.2
0.0,0.685,89.2
0.0,0.656,89.2
0.0,0.671,89.2
0.0,0.775,89.2
0.0,0.8,89.2
0.0,0.808,89.2
0.0,0.844,89.2
0.0,0.857,89.2
0.0,0.877,89.2
0.026,0.889,89.2
0.07,0.896,89.2
0.109,0.907,89.2
0.157,0.909,89.2
0.152,0.894,89.2
0.153,0.883,89.2
0.152,0.875,89.2
0.152,0.872,89.2
0.159,0.882,89.2
0.164,0.896,89.2
0.163,0.894,89.2
0.129,0.874,89.2
0.08,0.844,89.2
0.031,0.806,89.2
0.0,0.764,89.2
0.0,0.711,89.2
0.0,0.656,89.2
0.0,0.621,89.2
0.0,0.603,89.2
0.0,0.592,89.2
0.0,0.566,89.2
0.0,0.531,89.2
0.0,0.523,89.2
0.001,0.501,89.2
0.046,0.467,89.2
0.115,0.476,89.2
0.173,0.479,89.2
0.196,0.447,89.2
0.213,0.405,89.2
0.255,0.372,89.2
0.304,0.358,89.2
0.327,0.352,89.2
0.298,0.339,89.2
0.256,0.311,89.2
0.214,0.286,89.2
0.168,0.264,89.2
0.113,0.248,89.2
0.058,0.228,89.2
0.008,0.241,89.2
0.0,0.255,89.2
0.0,0.234,89.2
0.0,0.206,89.2
0.0,0.181,89.2
0.0,0.162,89.2
0.0,0.142,89.2
0.0,0.12,89.2
0.0,0.101,89.2
0.009,0.087,89.2
0.05,0.066,89.2
0.184,0.049,89.2
0.365,0.053,89.2
0.525,0.069,89.2
0.65,0.077,89.2
0.746,0.096,89.2
0.79,0.134,89.2
0.787,0.183,89.2
0.744,0.231,89.2
0.657,0.268,89.2
0.522,0.3,89.2
0.354,0.323,89.2
0.18,0.318,89.2
0.053,0.278,89.2
0.008,0.278,89.2
0.0,0.295,89.2
0.0,0.305,89.2
0.0,0.32,89.2
0.0,0.354,89.2
0.0,0.397,89.2
0.0,0.431,89.2
0.0,0.444,89.2
0.0,0.449,89.2
0.008,0.422,89.2
0.064,0.349,89.2
0.153,0.328,89.2
0.263,0.334,89.2
0.318,0.334,89.2
0.356,0.328,89.2
0.421,0.331,89.2
0.459,0.355,89.2
0.421,0.402,89.2
0.329,0.438,89.2
0.24,0.431,89.2
0.162,0.391,89.2
0.094,0.323,89.2
0.046,0.222,89.2
0.015,0.149,89.2
0.0,0.118,89.2
0.0,0.095,89.2
0.0,0.087,89.2
0.0,0.087,89.2
0.0,0.081,89.2
0.0,0.062,89.2
0.0,0.038,89.2
0.0,0.02,89.2
0.0,0.012,89.2
0.006,0.01,89.2
0.067,0.007,89.2
0.171,0.002,89.2
0.287,0.008,89.2
0.35,0.014,89.2
0.404,0.022,89.2
0.349,0.069,89.2
0.344,0.134,89.2
0.386,0.176,89.2
0.304,0.205,89.2
0.229,0.246,89.2
0.158,0.295,89.2
0.091,0.347,89.2
0.042,0.41,89.2
0.009,0.479,89.2
0.0,0.544,89.2
0.0,0.567,89.2
0.0,0.541,89.2
0.0,0.523,89.2
0.0,0.544,89.2
0.0,0.631,89.2
0.0,0.711,89.2
0.0,0.71,89.2
0.0,0.724,89.2
0.0,0.72,89.2
0.007,0.672,89.2
0.045,0.62,89.2
0.109,0.437,89.2
0.158,0.315,89.2
0.155,0.208,89.2
0.163,0.142,89.2
0.188,0.108,89.2
0.212,0.079,89.2
0.208,0.074,89.2
0.174,0.089,89.2
0.147,0.119,89.2
0.222,0.136,89.2
0.137,0.14,89.2
0.064,0.16,89.2
0.004,0.201,89.2
0.0,0.233,89.2
0.0,0.219,89.2
0.0,0.18,89.2
0.0,0.099,89.2
0.0,0.082,89.2
0.0,0.185,89.2
0.0,0.161,89.2
0.0,0.268,89.2
0.002,0.349,89.2
0.061,0.228,89.2
0.19,0.11,89.2
0.376,0.056,89.2
0.53,0.035,89.2
0.605,0.028,89.2
0.716,0.029,89.2
0.744,0.041,89.2
0.722,0.062,89.2
0.584,0.078,89.2
0.372,0.076,89.2
0.299,0.061,89.2
0.195,0.039,89.2
0.108,0.023,89.2
0.046,0.016,89.2
0.003,0.026,89.2
0.0,0.06,89.2
0.0,0.096,89.2
0.0,0.11,89.2
0.0,0.114,89.2
0.0,0.114,89.2
0.0,0.086,89.2
0.0,0.05,89.2
0.0,0.017,89.2
0.004,0.036,89.2
0.037,0.051,89.2
0.076,0.048,89.2
0.133,0.054,89.2
0.226,0.061,89.2
0.314,0.059,89.2
0.378,0.047,89.2
0.356,0.032,89.2
0.284,0.024,89.2
0.203,0.022,89.2
0.15,0.025,89.2
0.115,0.028,89.2
0.085,0.035,89.2
0.056,0.055,89.2
0.014,0.093,89.2
0.0,0.145,89.2
0.0,0.201,89.2
0.0,0.22,89.2
0.0,0.205,89.2
0.0,0.187,89.2
0.0,0.179,89.2
0.0,0.181,89.2
0.0,0.188,89.2
0.0,0.174,89.2
0.002,0.144,89.2
0.058,0.105,89.2
0.147,0.092,89.2
0.255,0.089,89.2
0.35,0.091,89.2
0.474,0.107,89.2
0.635,0.134,89.2
0.684,0.167,89.2
0.549,0.196,89.2
0.388,0.214,89.2
0.285,0.208,89.2
0.205,0.187,89.2
0.14,0.154,89.2
0.082,0.112,89.2
0.035,0.07,89.2
0.001,0.04,89.2
0.0,0.017,89.2
0.0,0.005,89.2
0.0,0.006,89.2
0.0,0.012,89.2
0.0,0.023,89.2
0.0,0.04,89.2
0.0,0.067,89.2
0.0,0.106,89.2
0.0,0.145,89.2
0.026,0.171,89.2
0.078,0.16,89.2
0.147,0.153,89.2
0.235,0.153,89.2
0.366,0.158,89.2
0.535,0.167,89.2
0.603,0.186,89.2
0.597,0.205,89.2
0.534,0.216,89.2
0.518,0.212,89.2
0.468,0.207,89.2
0.34,0.196,89.2
0.184,0.176,89.2
0.06,0.154,89.2
0.008,0.142,89.2
0.0,0.122,89.2
0.0,0.104,89.2
0.0,0.09,89.2
0.0,0.093,89.2
0.0,0.1,89.2
0.0,0.082,89.2
0.0,0.048,89.2
0.0,0.036,89.2
0.008,0.083,89.2
0.049,0.105,89.2
0.183,0.068,89.2
0.363,0.048,89.2
0.526,0.052,89.2
0.644,0.044,89.2
0.68,0.028,89.2
0.629,0.015,89.2
0.567,0.006,89.2
0.552,0.004,89.2
0.517,0.016,89.2
0.391,0.026,89.2
0.231,0.029,89.2
0.124,0.038,89.2
0.034,0.058,89.2
0.0,0.093,89.2
0.0,0.15,89.2
0.0,0.221,89.2
0.0,0.3,89.2
0.0,0.379,89.2
0.0,0.401,89.2
0.0,0.349,89.2
0.0,0.368,89.2
0.0,0.362,89.2
0.004,0.325,89.2
0.06,0.256,89.2
0.164,0.259,89.2
0.244,0.268,89.2
0.286,0.255,89.2
0.503,0.266,89.2
0.705,0.29,89.2
0.713,0.308,89.2
0.603,0.348,89.2
0.441,0.376,89.2
0.445,0.386,89.2
0.267,0.365,89.2
0.215,0.3,89.2
0.111,0.213,89.2
0.046,0.155,89.2
0.005,0.112,89.2
0.0,0.072,89.2
0.0,0.037,89.2
0.0,0.026,89.2
0.0,0.045,89.2
0.0,0.092,89.2
0.0,0.157,89.2
0.0,0.249,89.2
0.0,0.354,89.2
0.0,0.434,89.2
0.005,0.422,89.2
0.041,0.404,89.2
0.111,0.398,89.2
0.181,0.407,89.2
0.302,0.437,89.2
0.463,0.458,89.2
0.523,0.479,89.2
0.459,0.55,89.2
0.365,0.645,89.2
0.351,0.73,89.2
0.412,0.74,89.2
0.294,0.727,89.2
0.147,0.615,89.2
0.049,0.498,89.2
0.0,0.395,89.2
0.0,0.374,89.2
0.0,0.369,89.2
0.0,0.36,89.2
0.0,0.368,89.2
0.0,0.369,89.2
0.0,0.369,89.2
0.0,0.325,89.2
0.0,0.253,89.2
0.001,0.174,89.2
0.046,0.097,89.2
0.117,0.054,89.2
0.195,0.028,89.2
0.262,0.012,89.2
0.333,0.009,89.2
0.312,0.02,89.2
0.321,0.041,89.2
0.304,0.086,89.2
0.284,0.147,89.2
0.27,0.236,89.2
0.194,0.338,89.2
0.132,0.398,89.2
0.086,0.323,89.2
0.034,0.318,89.2
0.0,0.615,89.2
0.0,0.858,89.2
0.0,0.905,89.2
0.0,0.894,89.2
0.0,0.871,89.2
0.0,0.89,89.2
0.0,0.94,89.2
0.0,0.966,89.2
0.0,0.979,89.2
0.004,0.988,89.2
0.058,0.991,89.2
0.132,0.991,89.2
0.274,0.991,89.2
0.397,0.991,89.2
0.483,0.991,89.2
0.623,0.984,89.2
0.712,0.965,89.2
0.734,0.918,89.2
0.713,0.84,89.2
0.633,0.754,89.2
0.5,0.699,89.2
0.261,0.612,89.2
0.154,0.457,89.2
0.052,0.364,89.2
0.0,0.413,89.2
0.0,0.503,89.2
0.0,0.538,89.2
0.0,0.516,89.2
0.0,0.468,89.2
0.0,0.428,89.2
0.0,0.414,89.2
0.0,0.427,89.2
0.0,0.425,89.2
0.005,0.421,89.2
0.049,0.383,89.2
0.185,0.388,89.2
0.375,0.392,89.2
0.537,0.389,89.2
0.649,0.387,89.2
0.691,0.381,89.2
0.657,0.366,89.2
0.565,0.352,89.2
0.441,0.341,89.2
0.341,0.328,89.2
0.189,0.3,89.2
0.149,0.261,89.2
0.102,0.228,89.2
0.048,0.215,89.2
0.002,0.238,89.2
0.0,0.251,89.2
0.0,0.252,89.2
0.0,0.243,89.2
0.0,0.225,89.2
0.0,0.21,89.2
0.0,0.214,89.2
0.0,0.233,89.2
0.0,0.255,89.2
0.005,0.27,89.2
0.042,0.236,89.2
0.176,0.25,89.2
0.355,0.279,89.2
0.522,0.289,89.2
0.645,0.289,89.2
0.723,0.29,89.2
0.758,0.297,89.2
0.746,0.304,89.2
0.699,0.294,89.2
0.598,0.269,89.2
0.366,0.245,89.2
0.252,0.23,89.2
0.15,0.223,89.2
0.054,0.206,89.2
0.004,0.222,89.2
0.0,0.262,89.2
0.0,0.299,89.2
0.0,0.311,89.2
0.0,0.295,89.2
0.0,0.296,89.2
0.0,0.307,89.2
0.0,0.306,89.2
0.0,0.295,89.2
0.005,0.278,89.2
0.045,0.221,89.2
0.181,0.184,89.2
0.36,0.167,89.2
0.526,0.141,89.2
0.635,0.118,89.2
0.675,0.099,89.2
0.612,0.084,89.2
0.642,0.076,89.2
0.529,0.069,89.2
0.434,0.071,89.2
0.283,0.065,89.2
0.16,0.052,89.2
0.062,0.061,89.2
0.013,0.082,89.2
0.0,0.094,89.2
0.0,0.085,89.2
0.0,0.063,89.2
0.0,0.049,89.2
0.0,0.04,89.2
0.0,0.031,89.2
0.0,0.029,89.2
0.0,0.03,89.2
0.0,0.037,89.2
0.0,0.051,89.2
0.04,0.065,89.2
0.07,0.092,89.2
0.098,0.158,89.2
0.128,0.245,89.2
0.166,0.282,89.2
0.221,0.253,89.2
0.295,0.198,89.2
0.338,0.155,89.2
0.345,0.125,89.2
0.356,0.104,89.2
0.34,0.093,89.2
0.309,0.089,89.2
0.182,0.08,89.2
0.061,0.066,89.2
0.005,0.059,89.2
0.0,0.041,89.2
0.0,0.021,89.2
0.0,0.017,89.2
0.0,0.012,89.2
0.0,0.006,89.2
0.0,0.01,89.2
0.0,0.036,89.2
0.0,0.068,89.2
0.005,0.065,89.2
0.046,0.041,89.2
0.178,0.022,89.2
0.232,0.029,89.2
0.239,0.056,89.2
0.442,0.067,89.2
0.48,0.06,89.2
0.527,0.059,89.2
0.689,0.047,89.2
0.647,0.034,89.2
0.478,0.017,89.2
0.232,0.013,89.2
0.11,0.025,89.2
0.068,0.034,89.2
0.027,0.036,89.2
0.0,0.065,89.2
0.0,0.111,89.2
0.0,0.158,89.2
0.0,0.201,89.2
0.0,0.228,89.2
0.0,0.244,89.2
0.0,0.25,89.2
0.0,0.214,89.2
0.0,0.146,89.2
0.0,0.077,89.2
0.031,0.032,89.2
0.085,0.016,89.2
0.1,0.014,89.2
0.146,0.01,89.2
0.212,0.011,89.2
0.247,0.028,89.2
0.293,0.064,89.2
0.35,0.118,89.2
0.413,0.19,89.2
0.389,0.261,89.2
0.3,0.3,89.2
0.221,0.328,89.2
0.131,0.359,89.2
0.047,0.346,89.2
0.0,0.34,89.2
0.0,0.379,89.2
0.0,0.426,89.2
0.0,0.425,89.2
0.0,0.374,89.2
0.0,0.364,89.2
0.0,0.417,89.2
0.0,0.422,89.2
0.0,0.382,89.2
0.0,0.442,89.2
0.03,0.388,89.2
0.099,0.364,89.2
0.202,0.391,89.2
0.311,0.398,89.2
0.432,0.449,89.2
0.543,0.54,89.2
0.578,0.601,89.2
0.522,0.57,89.2
0.504,0.541,89.2
0.426,0.544,89.2
0.285,0.544,89.2
0.175,0.484,89.2
0.1,0.381,89.2
0.034,0.319,89.2
0.0,0.355,89.2
0.0,0.401,89.2
0.0,0.439,89.2
0.0,0.471,89.2
0.0,0.471,89.2
0.0,0.465,89.2
0.0,0.435,89.2
0.0,0.407,89.2
0.0,0.399,89.2
0.002,0.372,89.2
0.048,0.323,89.2
0.156,0.314,89.2
0.275,0.377,89.2
0.405,0.444,89.2
0.542,0.498,89.2
0.688,0.567,89.2
0.764,0.601,89.2
0.761,0.621,89.2
0.706,0.625,89.2
0.607,0.633,89.2
0.46,0.633,89.2
0.297,0.63,89.2
0.156,0.611,89.2
0.051,0.603,89.2
0.001,0.672,89.2
0.0,0.709,89.2
0.0,0.711,89.2
0.0,0.69,89.2
0.0,0.664,89.2
0.0,0.641,89.2
0.0,0.552,89.2
0.0,0.489,89.2
0.0,0.46,89.2
0.001,0.452,89.2
0.048,0.379,89.2
0.153,0.351,89.2
0.316,0.374,89.2
0.506,0.385,89.2
0.649,0.379,89.2
0.735,0.374,89.2
0.768,0.376,89.2
0.747,0.369,89.2
0.699,0.367,89.2
0.61,0.373,89.2
0.477,0.385,89.2
0.294,0.381,89.2
0.155,0.343,89.2
0.047,0.27,89.2
0.0,0.249,89.2
0.0,0.261,89.2
0.0,0.271,89.2
0.0,0.297,89.2
0.0,0.32,89.2
0.0,0.378,89.2
0.0,0.398,89.2
0.0,0.405,89.2
0.0,0.423,89.2
0.001,0.458,89.2
0.043,0.42,89.2
0.15,0.415,89.2
0.309,0.385,89.2
0.535,0.364,89.2
0.676,0.367,89.2
0.765,0.387,89.2
0.808,0.41,89.2
0.807,0.429,89.2
0.763,0.438,89.2
0.674,0.447,89.2
0.542,0.455,89.2
0.372,0.44,89.2
0.185,0.393,89.2
0.034,0.292,89.2
0.001,0.274,89.2
0.0,0.291,89.2
0.0,0.312,89.2
0.0,0.343,89.2
0.0,0.362,89.2
0.0,0.374,89.2
0.0,0.392,89.2
0.0,0.435,89.2
0.0,0.462,89.2
0.0,0.457,89.2
0.032,0.391,89.2
0.168,0.358,89.2
0.361,0.358,89.2
0.533,0.388,89.2
0.663,0.414,89.2
0.747,0.43,89.2
0.787,0.433,89.2
0.783,0.432,89.2
0.737,0.437,89.2
0.649,0.45,89.2
0.521,0.472,89.2
0.357,0.498,89.2
0.178,0.5,89.2
0.035,0.46,89.2
0.0,0.497,89.2
0.0,0.532,89.2
0.0,0.53,89.2
0.0,0.517,89.2
0.0,0.487,89.2
0.0,0.452,89.2
0.0,0.425,89.2
0.0,0.414,89.2
0.0,0.414,89.2
0.0,0.401,89.2
0.035,0.294,89.2
0.165,0.171,89.2
0.357,0.143,89.2
0.526,0.25,89.2
0.656,0.278,89.2
0.737,0.306,89.2
0.776,0.337,89.2
0.773,0.363,89.2
0.729,0.387,89.2
0.643,0.414,89.2
0.516,0.447,89.2
0.354,0.464,89.2
0.176,0.422,89.2
0.034,0.393,89.2
0.0,0.459,89.2
0.0,0.509,89.2
0.0,0.519,89.2
0.0,0.501,89.2
0.0,0.452,89.2
0.0,0.395,89.2
0.0,0.344,89.2
0.0,0.302,89.2
0.0,0.278,89.2
0.0,0.266,89.2
0.032,0.211,89.2
0.164,0.109,89.2
0.353,0.056,89.2
0.518,0.082,89.2
0.64,0.114,89.2
0.717,0.106,89.2
0.754,0.108,89.2
0.753,0.135,89.2
0.71,0.18,89.2
0.626,0.221,89.2
0.499,0.252,89.2
0.341,0.27,89.2
0.169,0.273,89.2
0.038,0.302,89.2
0.0,0.374,89.2
0.0,0.419,89.2
0.0,0.413,89.2
0.0,0.37,89.2
0.0,0.315,89.2
0.0,0.259,89.2
0.0,0.212,89.2
0.0,0.175,89.2
0.0,0.155,89.2
0.0,0.155,89.2
0.039,0.137,89.2
0.156,0.079,89.2
0.331,0.057,89.2
0.492,0.038,89.2
0.623,0.032,89.2
0.707,0.043,89.2
0.748,0.056,89.2
0.747,0.075,89.2
0.707,0.101,89.2
0.624,0.132,89.2
0.501,0.159,89.2
0.342,0.182,89.2
0.17,0.208,89.2
0.037,0.248,89.2
0.0,0.308,89.2
0.0,0.347,89.2
0.0,0.346,89.2
0.0,0.315,89.2
0.0,0.266,89.2
0.0,0.201,89.2
0.0,0.139,89.2
0.0,0.089,89.2
0.0,0.061,89.2
0.0,0.047,89.2
0.038,0.039,89.2
0.156,0.024,89.2
0.331,0.01,89.2
0.489,0.004,89.2
0.611,0.012,89.2
0.696,0.024,89.2
0.739,0.045,89.2
0.734,0.073,89.2
0.693,0.101,89.2
0.61,0.121,89.2
0.488,0.132,89.2
0.331,0.142,89.2
0.164,0.164,89.2
0.041,0.201,89.2
0.0,0.274,89.2
0.0,0.324,89.2
0.0,0.349,89.2
0.0,0.355,89.2
0.0,0.344,89.2
0.0,0.325,89.2
0.0,0.304,89.2
0.0,0.287,89.2
0.0,0.27,89.2
0.0,0.255,89.2
0.042,0.213,89.2
0.153,0.126,89.2
0.322,0.085,89.2
0.482,0.123,89.2
0.609,0.141,89.2
0.694,0.153,89.2
0.737,0.169,89.2
0.751,0.203,89.2
0.707,0.255,89.2
0.616,0.323,89.2
0.466,0.401,89.2
0.287,0.467,89.2
0.136,0.523,89.2
0.041,0.597,89.2
0.0,0.661,89.2
0.0,0.678,89.2
0.0,0.663,89.2
0.0,0.63,89.2
0.0,0.601,89.2
0.0,0.567,89.2
0.0,0.538,89.2
0.0,0.526,89.2
0.0,0.498,89.2
0.0,0.459,89.2
0.047,0.374,89.2
0.165,0.314,89.2
0.345,0.343,89.2
0.508,0.528,89.2
0.63,0.593,89.2
0.709,0.649,89.2
0.706,0.699,89.2
0.553,0.735,89.2
0.35,0.753,89.2
0.22,0.765,89.2
0.222,0.688,89.2
0.109,0.666,89.2
0.022,0.851,89.2
0.006,0.824,89.2
0.0,0.83,89.2
0.0,0.762,89.2
0.0,0.635,89.2
0.0,0.529,89.2
0.0,0.566,89.2
0.0,0.48,89.2
0.0,0.401,89.2
0.0,0.415,89.2
0.0,0.501,89.2
0.0,0.507,89.2
0.046,0.443,89.2
0.151,0.407,89.2
0.309,0.359,89.2
0.493,0.364,89.2
0.586,0.411,89.2
0.667,0.449,89.2
0.696,0.484,89.2
0.614,0.494,89.2
0.435,0.464,89.2
0.283,0.412,89.2
0.163,0.332,89.2
0.104,0.261,89.2
0.066,0.227,89.2
0.022,0.227,89.2
0.0,0.255,89.2
0.0,0.332,89.2
0.0,0.393,89.2
0.0,0.444,89.2
0.0,0.459,89.2
0.0,0.441,89.2
0.0,0.422,89.2
0.0,0.4,89.2
0.0,0.386,89.2
0.0,0.352,89.2
0.037,0.287,89.2
0.119,0.215,89.2
0.235,0.166,89.2
0.354,0.112,89.2
0.44,0.066,89.2
0.48,0.045,89.2
0.499,0.051,89.2
0.479,0.084,89.2
0.489,0.144,89.2
0.457,0.204,89.2
0.388,0.258,89.2
0.279,0.294,89.2
0.132,0.311,89.2
0.039,0.296,89.2
0.0,0.296,89.2
0.0,0.347,89.2
0.0,0.388,89.2
0.0,0.41,89.2
0.0,0.41,89.2
0.0,0.415,89.2
0.0,0.432,89.2
0.0,0.447,89.2
0.0,0.438,89.2
0.0,0.432,89.2
0.038,0.37,89.2
0.134,0.314,89.2
0.277,0.328,89.2
0.435,0.342,89.2
0.56,0.352,89.2
0.647,0.369,89.2
0.699,0.389,89.2
0.692,0.398,89.2
0.66,0.402,89.2
0.587,0.419,89.2
0.444,0.44,89.2
0.329,0.448,89.2
0.158,0.382,89.2
0.04,0.293,89.2
0.0,0.264,89.2
0.0,0.28,89.2
0.0,0.329,89.2
0.0,0.362,89.2
0.0,0.401,89.2
0.0,0.43,89.2
0.0,0.401,89.2
0.0,0.341,89.2
0.0,0.284,89.2
0.0,0.265,89.2
0.004,0.263,89.2
0.037,0.278,89.2
0.088,0.321,89.2
0.158,0.367,89.2
0.257,0.382,89.2
0.479,0.394,89.2
0.682,0.4,89.2
0.673,0.403,89.2
0.551,0.398,89.2
0.493,0.399,89.2
0.385,0.4,89.2
0.234,0.398,89.2
0.13,0.376,89.2
0.04,0.407,89.2
0.0,0.484,89.2
0.0,0.536,89.2
0.0,0.562,89.2
0.0,0.583,89.2
0.0,0.607,89.2
0.0,0.626,89.2
0.0,0.63,89.2
0.0,0.645,89.2
0.0,0.645,89.2
0.0,0.655,89.2
0.036,0.639,89.2
0.157,0.72,89.2
0.339,0.786,89.2
0.507,0.812,89.2
0.632,0.821,89.2
0.717,0.828,89.2
0.756,0.847,89.2
0.708,0.869,89.2
0.571,0.876,89.2
0.336,0.86,89.2
0.252,0.838,89.2
0.201,0.813,89.2
0.123,0.783,89.2
0.04,0.768,89.2
0.0,0.757,89.2
0.0,0.733,89.2
0.0,0.733,89.2
0.0,0.746,89.2
0.0,0.741,89.2
0.0,0.729,89.2
0.0,0.704,89.2
0.0,0.668,89.2
0.0,0.63,89.2
0.0,0.607,89.2
0.033,0.547,89.2
0.146,0.56,89.2
0.294,0.593,89.2
0.503,0.578,89.2
0.637,0.55,89.2
0.71,0.503,89.2
0.736,0.469,89.2
0.739,0.439,89.2
0.7,0.406,89.2
0.577,0.359,89.2
0.403,0.289,89.2
0.265,0.203,89.2
0.148,0.12,89.2
0.037,0.048,89.2
0.0,0.036,89.2
0.0,0.176,89.2
0.0,0.396,89.2
0.0,0.568,89.2
0.0,0.626,89.2
0.0,0.575,89.2
0.0,0.552,89.2
0.0,0.645,89.2
0.0,0.715,89.2
0.0,0.767,89.2
0.026,0.783,89.2
0.11,0.834,89.2
0.257,0.901,89.2
0.516,0.934,89.2
0.648,0.96,89.2
0.725,0.973,89.2
0.758,0.983,89.2
0.75,0.987,89.2
0.707,0.987,89.2
0.622,0.984,89.2
0.494,0.977,89.2
0.333,0.963,89.2
0.161,0.937,89.2
0.036,0.887,89.2
0.0,0.842,89.2
0.0,0.8,89.2
0.0,0.796,89.2
0.0,0.8,89.2
0.0,0.788,89.2
0.0,0.755,89.2
0.0,0.713,89.2
0.0,0.663,89.2
0.0,0.618,89.2
0.0,0.599,89.2
0.033,0.545,89.2
0.148,0.541,89.2
0.33,0.526,89.2
0.498,0.494,89.2
0.626,0.456,89.2
0.708,0.425,89.2
0.744,0.402,89.2
0.733,0.395,89.2
0.683,0.4,89.2
0.597,0.407,89.2
0.475,0.41,89.2
0.318,0.407,89.2
0.14,0.41,89.2
0.035,0.407,89.2
0.0,0.43,89.2
0.0,0.46,89.2
0.0,0.479,89.2
0.0,0.494,89.2
0.0,0.518,89.2
0.0,0.523,89.2
0.0,0.504,89.2
0.0,0.467,89.2
0.0,0.439,89.2
0.0,0.437,89.2
0.034,0.4,89.2
0.138,0.379,89.2
0.311,0.381,89.2
0.47,0.384,89.2
0.574,0.379,89.2
0.675,0.367,89.2
0.719,0.348,89.2
0.715,0.332,89.2
0.682,0.319,89.2
0.604,0.316,89.2
0.484,0.32,89.2
0.318,0.311,89.2
0.153,0.278,89.2
0.034,0.232,89.2
0.0,0.213,89.2
0.0,0.196,89.2
0.0,0.193,89.2
0.0,0.213,89.2
0.0,0.244,89.2
0.0,0.282,89.2
0.0,0.315,89.2
0.0,0.342,89.2
0.0,0.359,89.2
0.0,0.387,89.2
0.037,0.368,89.2
0.146,0.307,89.2
0.299,0.282,89.2
0.453,0.241,89.2
0.588,0.22,89.2
0.561,0.214,89.2
0.349,0.211,89.2
0.434,0.206,89.2
0.418,0.209,89.2
0.292,0.22,89.2
0.276,0.218,89.2
0.183,0.201,89.2
0.079,0.164,89.2
0.015,0.121,89.2
0.0,0.108,89.2
0.0,0.132,89.2
0.0,0.186,89.2
0.0,0.223,89.2
0.0,0.245,89.2
0.0,0.256,89.2
0.0,0.294,89.2
0.0,0.367,89.2
0.0,0.394,89.2
0.0,0.382,89.2
0.03,0.355,89.2
0.15,0.27,89.2
0.332,0.25,89.2
0.493,0.22,89.2
0.581,0.207,89.2
0.679,0.2,89.2
0.739,0.192,89.2
0.734,0.192,89.2
0.684,0.181,89.2
0.584,0.161,89.2
0.401,0.14,89.2
0.239,0.125,89.2
0.099,0.105,89.2
0.029,0.08,89.2
0.0,0.052,89.2
0.0,0.027,89.2
0.0,0.018,89.2
0.0,0.023,89.2
0.0,0.035,89.2
0.0,0.056,89.2
0.0,0.074,89.2
0.0,0.087,89.2
0.0,0.096,89.2
0.0,0.099,89.2
0.028,0.094,89.2
0.117,0.071,89.2
0.266,0.066,89.2
0.446,0.061,89.2
0.596,0.054,89.2
0.668,0.054,89.2
0.625,0.054,89.2
0.631,0.042,89.2
0.579,0.039,89.2
0.51,0.059,89.2
0.398,0.09,89.2
0.22,0.112,89.2
0.11,0.115,89.2
0.028,0.13,89.2
0.0,0.148,89.2
0.0,0.126,89.2
0.0,0.078,89.2
0.0,0.037,89.2
0.0,0.01,89.2
0.0,0.002,89.2
0.0,0.003,89.2
0.0,0.012,89.2
0.0,0.043,89.2
0.0,0.098,89.2
0.022,0.162,89.2
0.126,0.188,89.2
0.298,0.264,89.2
0.438,0.381,89.2
0.52,0.513,89.2
0.557,0.623,89.2
0.52,0.722,89.2
0.53,0.806,89.2
0.462,0.849,89.2
0.362,0.87,89.2
0.342,0.876,89.2
0.253,0.869,89.2
0.11,0.812,89.2
0.022,0.781,89.2
0.0,0.772,89.2
0.0,0.737,89.2
0.0,0.739,89.2
0.0,0.756,89.2
0.0,0.806,89.2
0.0,0.825,89.2
0.0,0.839,89.2
0.0,0.867,89.2
0.0,0.891,89.2
0.0,0.898,89.2
0.025,0.9,89.2
0.104,0.902,89.2
0.242,0.923,89.2
0.404,0.93,89.2
0.611,0.926,89.2
0.704,0.914,89.2
0.742,0.897,89.2
0.735,0.871,89.2
0.68,0.834,89.2
0.569,0.799,89.2
0.398,0.763,89.2
0.268,0.7,89.2
0.119,0.58,89.2
0.026,0.528,89.2
0.0,0.538,89.2
0.0,0.53,89.2
0.0,0.544,89.2
0.0,0.563,89.2
0.0,0.581,89.2
0.0,0.574,89.2
0.0,0.593,89.2
0.0,0.615,89.2
0.0,0.647,89.2
0.0,0.713,89.2
0.024,0.774,89.2
0.074,0.805,89.2
0.131,0.814,89.2
0.175,0.792,89.2
0.22,0.8,89.2
0.284,0.845,89.2
0.521,0.877,89.2
0.678,0.893,89.2
0.684,0.906,89.2
0.601,0.927,89.2
0.417,0.941,89.2
0.173,0.935,89.2
0.077,0.914,89.2
0.005,0.897,89.2
0.0,0.897,89.2
0.0,0.896,89.2
0.0,0.885,89.2
0.0,0.862,89.2
0.0,0.84,89.2
0.0,0.826,89.2
0.0,0.813,89.2
0.0,0.794,89.2
0.0,0.778,89.2
0.0,0.758,89.2
0.028,0.746,89.2
0.136,0.773,89.2
0.285,0.837,89.2
0.417,0.862,89.2
0.548,0.879,89.2
0.668,0.883,89.2
0.713,0.884,89.2
0.711,0.877,89.2
0.639,0.861,89.2
0.5,0.843,89.2
0.466,0.814,89.2
0.302,0.771,89.2
0.119,0.661,89.2
0.013,0.557,89.2
0.0,0.506,89.2
0.0,0.494,89.2
0.0,0.513,89.2
0.0,0.58,89.2
0.0,0.59,89.2
0.0,0.601,89.2
0.0,0.618,89.2
0.0,0.686,89.2
0.0,0.71,89.2
0.0,0.715,89.2
0.011,0.635,89.2
0.12,0.6,89.2
0.289,0.688,89.2
0.46,0.7,89.2
0.611,0.669,89.2
0.683,0.636,89.2
0.707,0.618,89.2
0.705,0.61,89.2
0.661,0.598,89.2
0.568,0.574,89.2
0.42,0.538,89.2
0.284,0.46,89.2
0.13,0.332,89.2
0.026,0.254,89.2
0.0,0.231,89.2
0.0,0.231,89.2
0.0,0.264,89.2
0.0,0.305,89.2
0.0,0.343,89.2
0.0,0.383,89.2
0.0,0.413,89.2
0.0,0.401,89.2
0.0,0.391,89.2
0.0,0.353,89.2
0.019,0.308,89.2
0.121,0.278,89.2
0.276,0.284,89.2
0.424,0.281,89.2
0.513,0.272,89.2
0.614,0.285,89.2
0.618,0.3,89.2
0.634,0.311,89.2
0.61,0.319,89.2
0.497,0.32,89.2
0.378,0.3,89.2
0.261,0.265,89.2
0.133,0.234,89.2
0.026,0.217,89.2
0.0,0.217,89.2
0.0,0.186,89.2
0.0,0.16,89.2
0.0,0.121,89.2
0.0,0.085,89.2
0.0,0.067,89.2
0.0,0.059,89.2
0.0,0.054,89.2
0.0,0.061,89.2
0.0,0.09,89.2
0.027,0.109,89.2
0.127,0.093,89.2
0.214,0.084,89.2
0.271,0.081,89.2
0.509,0.08,89.2
0.625,0.084,89.2
0.642,0.089,89.2
0.481,0.094,89.2
0.38,0.096,89.2
0.319,0.094,89.2
0.208,0.096,89.2
0.112,0.108,89.2
0.068,0.116,89.2
0.016,0.107,89.2
0.0,0.087,89.2
0.0,0.064,89.2
0.0,0.051,89.2
0.0,0.047,89.2
0.0,0.032,89.2
0.0,0.013,89.2
0.0,0.011,89.2
0.0,0.015,89.2
0.0,0.022,89.2
0.0,0.044,89.2
0.006,0.07,89.2
0.054,0.073,89.2
0.141,0.045,89.2
0.179,0.024,89.2
0.194,0.018,89.2
0.243,0.019,89.2
0.379,0.019,89.2
0.47,0.024,89.2
0.578,0.038,89.2
0.556,0.061,89.2
0.459,0.073,89.2
0.316,0.087,89.2
0.144,0.12,89.2
0.024,0.192,89.2
0.0,0.241,89.2
0.0,0.233,89.2
0.0,0.225,89.2
0.0,0.223,89.2
0.0,0.224,89.2
0.0,0.186,89.2
0.0,0.201,89.2
0.0,0.196,89.2
0.0,0.178,89.2
0.0,0.193,89.2
0.019,0.22,89.2
0.139,0.19,89.2
0.304,0.175,89.2
0.44,0.18,89.2
0.568,0.194,89.2
0.712,0.216,89.2
0.772,0.234,89.2
0.763,0.238,89.2
0.659,0.251,89.2
0.556,0.267,89.2
0.443,0.264,89.2
0.318,0.245,89.2
0.141,0.216,89.2
0.019,0.196,89.2
0.0,0.191,89.2
0.0,0.165,89.2
0.0,0.139,89.2
0.0,0.111,89.2
0.0,0.073,89.2
0.0,0.041,89.2
0.0,0.024,89.2
0.0,0.013,89.2
0.0,0.009,89.2
0.0,0.018,89.2
0.017,0.035,89.2
0.137,0.037,89.2
0.333,0.027,89.2
0.51,0.022,89.2
0.644,0.019,89.2
0.731,0.021,89.2
0.772,0.024,89.2
0.769,0.025,89.2
0.723,0.027,89.2
0.632,0.027,89.2
0.498,0.03,89.2
0.326,0.042,89.2
0.14,0.054,89.2
0.017,0.093,89.2
0.0,0.126,89.2
0.0,0.115,89.2
0.0,0.084,89.2
0.0,0.054,89.2
0.0,0.03,89.2
0.0,0.017,89.2
0.0,0.023,89.2
0.0,0.044,89.2
0.0,0.072,89.2
0.0,0.1,89.2
0.019,0.143,89.2
0.13,0.148,89.2
0.259,0.15,89.2
0.397,0.188,89.2
0.415,0.23,89.2
0.48,0.28,89.2
0.548,0.369,89.2
0.637,0.464,89.2
0.692,0.575,89.2
0.595,0.679,89.2
0.468,0.732,89.2
0.287,0.727,89.2
0.121,0.663,89.2
0.019,0.59,89.2
0.0,0.578,89.2
0.0,0.559,89.2
0.0,0.559,89.2
0.0,0.615,89.2
0.0,0.633,89.2
0.0,0.62,89.2
0.0,0.591,89.2
0.0,0.534,89.2
0.0,0.505,89.2
0.0,0.499,89.2
0.015,0.538,89.2
0.098,0.59,89.2
0.229,0.677,89.2
0.349,0.656,89.2
0.613,0.622,89.2
0.714,0.63,89.2
0.773,0.654,89.2
0.763,0.681,89.2
0.719,0.682,89.2
0.628,0.656,89.2
0.489,0.633,89.2
0.304,0.606,89.2
0.122,0.56,89.2
0.014,0.526,89.2
0.0,0.545,89.2
0.0,0.571,89.2
0.0,0.574,89.2
0.0,0.54,89.2
0.0,0.509,89.2
0.0,0.481,89.2
0.0,0.438,89.2
0.0,0.403,89.2
0.0,0.36,89.2
0.0,0.344,89.2
0.014,0.347,89.2
0.098,0.297,89.2
0.276,0.308,89.2
0.468,0.383,89.2
0.594,0.481,89.2
0.65,0.566,89.2
0.573,0.649,89.2
0.477,0.73,89.2
0.471,0.791,89.2
0.376,0.827,89.2
0.264,0.839,89.2
0.183,0.829,89.2
0.093,0.799,89.2
0.012,0.738,89.2
0.0,0.678,89.2
0.0,0.65,89.2
0.0,0.615,89.2
0.0,0.553,89.2
0.0,0.524,89.2
0.0,0.511,89.2
0.0,0.501,89.2
0.0,0.479,89.2
0.0,0.459,89.2
0.0,0.444,89.2
0.016,0.404,89.2
0.126,0.335,89.2
0.313,0.31,89.2
0.485,0.291,89.2
0.612,0.302,89.2
0.683,0.337,89.2
0.649,0.381,89.2
0.646,0.421,89.2
0.545,0.456,89.2
0.456,0.491,89.2
0.336,0.516,89.2
0.217,0.519,89.2
0.092,0.492,89.2
0.011,0.444,89.2
0.0,0.449,89.2
0.0,0.451,89.2
0.0,0.453,89.2
0.0,0.464,89.2
0.0,0.481,89.2
0.0,0.478,89.2
0.0,0.481,89.2
0.0,0.479,89.2
0.0,0.462,89.2
0.0,0.45,89.2
0.009,0.418,89.2
0.077,0.355,89.2
0.188,0.346,89.2
0.291,0.316,89.2
0.559,0.29,89.2
0.649,0.261,89.2
0.69,0.223,89.2
0.637,0.189,89.2
0.653,0.162,89.2
0.478,0.144,89.2
0.332,0.142,89.2
0.199,0.156,89.2
0.073,0.165,89.2
0.008,0.164,89.2
0.0,0.17,89.2
0.0,0.179,89.2
0.0,0.2,89.2
0.0,0.245,89.2
0.0,0.3,89.2
0.0,0.346,89.2
0.0,0.365,89.2
0.0,0.346,89.2
0.0,0.302,89.2
0.0,0.25,89.2
0.008,0.201,89.2
0.086,0.128,89.2
0.198,0.085,89.2
0.326,0.083,89.2
0.471,0.093,89.2
0.406,0.092,89.2
0.437,0.077,89.2
0.485,0.058,89.2
0.473,0.043,89.2
0.411,0.034,89.2
0.329,0.031,89.2
0.165,0.042,89.2
0.039,0.069,89.2
0.0,0.124,89.2
0.0,0.192,89.2
0.0,0.255,89.2
0.0,0.361,89.2
0.0,0.432,89.2
0.0,0.431,89.2
0.0,0.43,89.2
0.0,0.467,89.2
0.0,0.495,89.2
0.0,0.488,89.2
0.0,0.47,89.2
0.004,0.429,89.2
0.054,0.32,89.2
0.126,0.223,89.2
0.195,0.176,89.2
0.254,0.203,89.2
0.234,0.249,89.2
0.201,0.297,89.2
0.21,0.279,89.2
0.263,0.294,89.2
0.203,0.364,89.2
0.174,0.369,89.2
0.192,0.346,89.2
0.085,0.32,89.2
0.007,0.388,89.2
0.0,0.55,89.2
0.0,0.677,89.2
0.0,0.666,89.2
0.0,0.655,89.2
0.0,0.63,89.2
0.0,0.622,89.2
0.0,0.633,89.2
0.0,0.668,89.2
0.0,0.63,89.2
0.0,0.649,89.2
0.008,0.647,89.2
0.116,0.65,89.2
0.311,0.682,89.2
0.499,0.697,89.2
0.639,0.695,89.2
0.723,0.679,89.2
0.771,0.662,89.2
0.768,0.642,89.2
0.72,0.621,89.2
0.625,0.591,89.2
0.484,0.568,89.2
0.307,0.556,89.2
0.12,0.525,89.2
0.007,0.494,89.2
0.0,0.547,89.2
0.0,0.561,89.2
0.0,0.547,89.2
0.0,0.519,89.2
0.0,0.447,89.2
0.0,0.358,89.2
0.0,0.299,89.2
0.0,0.251,89.2
0.0,0.239,89.2
0.0,0.264,89.2
0.007,0.294,89.2
0.11,0.289,89.2
0.29,0.342,89.2
0.465,0.365,89.2
0.585,0.376,89.2
0.685,0.399,89.2
0.719,0.447,89.2
0.684,0.516,89.2
0.646,0.574,89.2
0.578,0.61,89.2
0.459,0.649,89.2
0.289,0.697,89.2
0.11,0.721,89.2
0.006,0.679,89.2
0.0,0.663,89.2
0.0,0.638,89.2
0.0,0.619,89.2
0.0,0.599,89.2
0.0,0.593,89.2
0.0,0.601,89.2
0.0,0.623,89.2
0.0,0.669,89.2
0.0,0.682,89.2
0.0,0.652,89.2
0.005,0.613,89.2
0.109,0.515,89.2
0.298,0.522,89.2
0.483,0.541,89.2
0.625,0.557,89.2
0.72,0.596,89.2
0.766,0.649,89.2
0.763,0.705,89.2
0.717,0.761,89.2
0.622,0.813,89.2
0.476,0.85,89.2
0.296,0.84,89.2
0.111,0.801,89.2
0.005,0.797,89.2
0.0,0.813,89.2
0.0,0.809,89.2
0.0,0.784,89.2
0.0,0.77,89.2
0.0,0.744,89.2
0.0,0.705,89.2
0.0,0.685,89.2
0.0,0.681,89.2
0.0,0.682,89.2
0.0,0.651,89.2
0.004,0.604,89.2
0.118,0.457,89.2
0.317,0.414,89.2
0.499,0.532,89.2
0.638,0.551,89.2
0.73,0.541,89.2
0.771,0.55,89.2
0.768,0.586,89.2
0.721,0.633,89.2
0.626,0.674,89.2
0.478,0.706,89.2
0.303,0.71,89.2
0.113,0.651,89.2
0.004,0.644,89.2
0.0,0.647,89.2
0.0,0.625,89.2
0.0,0.61,89.2
0.0,0.585,89.2
0.0,0.549,89.2
0.0,0.513,89.2
0.0,0.484,89.2
0.0,0.444,89.2
0.0,0.401,89.2
0.0,0.364,89.2
0.002,0.365,89.2
0.075,0.327,89.2
0.186,0.371,89.2
0.308,0.398,89.2
0.512,0.432,89.2
0.634,0.464,89.2
0.697,0.494,89.2
0.745,0.513,89.2
0.723,0.523,89.2
0.64,0.525,89.2
0.499,0.521,89.2
0.311,0.498,89.2
0.112,0.452,89.2
0.003,0.393,89.2
0.0,0.386,89.2
0.0,0.412,89.2
0.0,0.464,89.2
0.0,0.586,89.2
0.0,0.635,89.2
0.0,0.634,89.2
0.0,0.601,89.2
0.0,0.569,89.2
0.0,0.539,89.2
0.0,0.513,89.2
0.001,0.484,89.2
0.082,0.413,89.2
0.223,0.374,89.2
0.416,0.31,89.2
0.589,0.251,89.2
0.583,0.236,89.2
0.614,0.253,89.2
0.616,0.284,89.2
0.603,0.311,89.2
0.549,0.344,89.2
0.44,0.384,89.2
0.255,0.422,89.2
0.106,0.435,89.2
0.002,0.425,89.2
0.0,0.432,89.2
0.0,0.416,89.2
0.0,0.413,89.2
0.0,0.425,89.2
0.0,0.432,89.2
0.0,0.422,89.2
0.0,0.409,89.2
0.0,0.388,89.2
0.0,0.401,89.2
0.0,0.406,89.2
0.002,0.428,89.2
0.094,0.395,89.2
0.247,0.419,89.2
0.426,0.432,89.2
0.559,0.452,89.2
0.706,0.471,89.2
0.749,0.502,89.2
0.742,0.536,89.2
0.693,0.568,89.2
0.6,0.59,89.2
0.46,0.62,89.2
0.281,0.65,89.2
0.098,0.642,89.2
0.001,0.605,89.2
0.0,0.613,89.2
0.0,0.593,89.2
0.0,0.573,89.2
0.0,0.571,89.2
0.0,0.575,89.2
0.0,0.575,89.2
0.0,0.588,89.2
0.0,0.615,89.2
0.0,0.586,89.2
0.0,0.548,89.2
0.001,0.51,89.2
0.108,0.41,89.2
0.296,0.42,89.2
0.472,0.412,89.2
0.604,0.404,89.2
0.682,0.408,89.2
0.739,0.432,89.2
0.743,0.461,89.2
0.698,0.486,89.2
0.596,0.498,89.2
0.437,0.512,89.2
0.272,0.521,89.2
0.095,0.505,89.2
0.0,0.473,89.2
0.0,0.498,89.2
0.0,0.504,89.2
0.0,0.523,89.2
0.0,0.546,89.2
0.0,0.538,89.2
0.0,0.575,89.2
0.0,0.614,89.2
0.0,0.617,89.2
0.0,0.622,89.2
0.0,0.636,89.2
0.0,0.65,89.2
0.086,0.619,89.2
0.238,0.688,89.2
0.434,0.707,89.2
0.575,0.704,89.2
0.613,0.7,89.2
0.625,0.705,89.2
0.517,0.719,89.2
0.498,0.735,89.2
0.422,0.748,89.2
0.313,0.767,89.2
0.197,0.781,89.2
0.07,0.772,89.2
0.0,0.741,89.2
0.0,0.748,89.2
0.0,0.739,89.2
0.0,0.714,89.2
0.0,0.679,89.2
0.0,0.64,89.2
0.0,0.619,89.2
0.0,0.612,89.2
0.0,0.602,89.2
0.0,0.59,89.2
0.0,0.602,89.2
0.0,0.601,89.2
0.07,0.55,89.2
0.206,0.574,89.2
0.436,0.562,89.2
0.593,0.523,89.2
0.71,0.503,89.2
0.747,0.528,89.2
0.749,0.568,89.2
0.603,0.601,89.2
0.574,0.63,89.2
0.438,0.669,89.2
0.254,0.705,89.2
0.088,0.692,89.2
0.0,0.715,89.2
0.0,0.74,89.2
0.0,0.759,89.2
0.0,0.775,89.2
0.0,0.777,89.2
0.0,0.751,89.2
0.0,0.734,89.2
0.0,0.73,89.2
0.0,0.722,89.2
0.0,0.695,89.2
0.0,0.668,89.2
0.0,0.651,89.2
0.1,0.618,89.2
0.295,0.663,89.2
0.477,0.633,89.2
0.623,0.619,89.2
0.697,0.623,89.2
0.714,0.63,89.2
0.707,0.627,89.2
0.686,0.635,89.2
0.598,0.664,89.2
0.453,0.701,89.2
0.259,0.739,89.2
0.085,0.75,89.2
0.0,0.753,89.2
0.0,0.751,89.2
0.0,0.713,89.2
0.0,0.684,89.2
0.0,0.672,89.2
0.0,0.673,89.2
0.0,0.677,89.2
0.0,0.682,89.2
0.0,0.686,89.2
0.0,0.67,89.2
0.0,0.646,89.2
0.0,0.642,89.2
0.099,0.61,89.2
0.298,0.675,89.2
0.487,0.704,89.2
0.632,0.708,89.2
0.726,0.7,89.2
0.77,0.68,89.2
0.767,0.654,89.2
0.716,0.631,89.2
0.617,0.621,89.2
0.47,0.639,89.2
0.283,0.65,89.2
0.091,0.648,89.2
0.0,0.696,89.2
0.0,0.731,89.2
0.0,0.712,89.2
0.0,0.678,89.2
0.0,0.655,89.2
0.0,0.642,89.2
0.0,0.624,89.2
0.0,0.607,89.2
0.0,0.587,89.2
0.0,0.538,89.2
0.0,0.485,89.2
0.0,0.444,89.2
0.098,0.309,89.2
0.298,0.192,89.2
0.487,0.194,89.2
0.629,0.256,89.2
0.719,0.271,89.2
0.761,0.211,89.2
0.754,0.167,89.2
0.702,0.157,89.2
0.604,0.18,89.2
0.459,0.237,89.2
0.274,0.352,89.2
0.087,0.513,89.2
0.0,0.638,89.2
0.0,0.661,89.2
0.0,0.601,89.2
0.0,0.53,89.2
0.0,0.457,89.2
0.0,0.391,89.2
0.0,0.336,89.2
0.0,0.292,89.2
0.0,0.253,89.2
0.0,0.213,89.2
0.0,0.185,89.2
0.0,0.178,89.2
0.044,0.144,89.2
0.153,0.102,89.2
0.345,0.092,89.2
0.456,0.088,89.2
0.58,0.081,89.2
0.618,0.064,89.2
0.587,0.048,89.2
0.508,0.042,89.2
0.391,0.047,89.2
0.276,0.067,89.2
0.157,0.108,89.2
0.048,0.181,89.2
0.0,0.285,89.2
0.0,0.358,89.2
0.0,0.391,89.2
0.0,0.4,89.2
0.0,0.398,89.2
0.0,0.387,89.2
0.0,0.371,89.2
0.0,0.355,89.2
0.0,0.333,89.2
0.0,0.3,89.2
0.0,0.266,89.2
0.0,0.244,89.2
0.085,0.184,89.2
0.269,0.095,89.2
0.45,0.063,89.2
0.589,0.068,89.2
0.676,0.061,89.2
0.706,0.048,89.2
0.683,0.045,89.2
0.631,0.057,89.2
0.547,0.072,89.2
0.396,0.088,89.2
0.224,0.118,89.2
0.072,0.181,89.2
0.0,0.293,89.2
0.0,0.384,89.2
0.0,0.422,89.2
0.0,0.429,89.2
0.0,0.42,89.2
0.0,0.403,89.2
0.0,0.386,89.2
0.0,0.363,89.2
0.0,0.337,89.2
0.0,0.305,89.2
0.0,0.277,89.2
0.0,0.254,89.2
0.084,0.196,89.2
0.271,0.101,89.2
0.454,0.058,89.2
0.592,0.068,89.2
0.681,0.064,89.2
0.724,0.041,89.2
0.722,0.025,89.2
0.674,0.028,89.2
0.579,0.048,89.2
0.438,0.087,89.2
0.259,0.15,89.2
0.078,0.259,89.2
0.0,0.431,89.2
0.0,0.565,89.2
0.0,0.635,89.2
0.0,0.66,89.2
0.0,0.661,89.2
0.0,0.656,89.2
0.0,0.641,89.2
0.0,0.627,89.2
0.0,0.613,89.2
0.0,0.583,89.2
0.0,0.544,89.2
0.0,0.513,89.2
0.085,0.417,89.2
0.278,0.272,89.2
0.463,0.231,89.2
0.605,0.395,89.2
0.695,0.59,89.2
0.738,0.674,89.2
0.735,0.723,89.2
0.687,0.768,89.2
0.592,0.766,89.2
0.449,0.698,89.2
0.264,0.653,89.2
0.076,0.739,89.2
0.0,0.844,89.2
0.0,0.865,89.2
0.0,0.846,89.2
0.0,0.799,89.2
0.0,0.762,89.2
0.0,0.744,89.2
0.0,0.729,89.2
0.0,0.715,89.2
0.0,0.705,89.2
0.0,0.69,89.2
0.0,0.656,89.2
0.0,0.59,89.2
0.075,0.391,89.2
0.219,0.196,89.2
0.357,0.22,89.2
0.432,0.243,89.2
0.465,0.209,89.2
0.386,0.136,89.2
0.311,0.076,89.2
0.231,0.053,89.2
0.155,0.043,89.2
0.108,0.046,89.2
0.048,0.068,89.2
0.009,0.112,89.2
0.0,0.131,89.2
0.0,0.116,89.2
0.0,0.119,89.2
0.0,0.14,89.2
0.0,0.155,89.2
0.0,0.112,89.2
0.0,0.149,89.2
0.0,0.204,89.2
0.0,0.213,89.2
0.0,0.25,89.2
0.0,0.349,89.2
0.0,0.453,89.2
0.08,0.431,89.2
0.27,0.422,89.2
0.435,0.599,89.2
0.568,0.656,89.2
0.671,0.661,89.2
0.691,0.633,89.2
0.556,0.591,89.2
0.507,0.539,89.2
0.375,0.459,89.2
0.26,0.386,89.2
0.106,0.325,89.2
0.023,0.362,89.2
0.0,0.492,89.2
0.0,0.58,89.2
0.0,0.622,89.2
0.0,0.62,89.2
0.0,0.588,89.2
0.0,0.557,89.2
0.0,0.526,89.2
0.0,0.527,89.2
0.0,0.55,89.2
0.0,0.5,89.2
0.0,0.481,89.2
0.0,0.497,89.2
0.066,0.442,89.2
0.234,0.448,89.2
0.391,0.481,89.2
0.536,0.488,89.2
0.633,0.51,89.2
0.674,0.541,89.2
0.654,0.59,89.2
0.582,0.637,89.2
0.514,0.65,89.2
0.434,0.642,89.2
0.253,0.622,89.2
0.061,0.581,89.2
0.0,0.587,89.2
0.0,0.59,89.2
0.0,0.561,89.2
0.0,0.549,89.2
0.0,0.545,89.2
0.0,0.537,89.2
0.0,0.544,89.2
0.0,0.558,89.2
0.0,0.561,89.2
0.0,0.55,89.2
0.0,0.532,89.2
0.0,0.525,89.2
0.074,0.457,89.2
0.229,0.43,89.2
0.406,0.419,89.2
0.45,0.386,89.2
0.526,0.37,89.2
0.514,0.376,89.2
0.438,0.39,89.2
0.337,0.402,89.2
0.271,0.406,89.2
0.243,0.398,89.2
0.195,0.386,89.2
0.056,0.343,89.2
0.0,0.311,89.2
0.0,0.274,89.2
0.0,0.245,89.2
0.0,0.229,89.2
0.0,0.221,89.2
0.0,0.217,89.2
0.0,0.211,89.2
0.0,0.203,89.2
0.0,0.185,89.2
0.0,0.153,89.2
0.0,0.119,89.2
0.0,0.093,89.2
0.054,0.07,89.2
0.189,0.042,89.2
0.381,0.022,89.2
0.559,0.015,89.2
0.666,0.015,89.2
0.669,0.015,89.2
0.642,0.019,89.2
0.541,0.027,89.2
0.486,0.045,89.2
0.369,0.06,89.2
0.209,0.095,89.2
0.053,0.195,89.2
0.0,0.328,89.2
0.0,0.376,89.2
0.0,0.369,89.2
0.0,0.361,89.2
0.0,0.366,89.2
0.0,0.352,89.2
0.0,0.328,89.2
0.0,0.314,89.2
0.0,0.323,89.2
0.0,0.358,89.2
0.0,0.376,89.2
0.0,0.369,89.2
0.015,0.325,89.2
0.099,0.219,89.2
0.257,0.154,89.2
0.457,0.183,89.2
0.593,0.201,89.2
0.665,0.202,89.2
0.694,0.217,89.2
0.573,0.203,89.2
0.295,0.174,89.2
0.145,0.186,89.2
0.096,0.297,89.2
0.033,0.459,89.2
0.0,0.607,89.2
0.0,0.671,89.2
0.0,0.656,89.2
0.0,0.594,89.2
0.0,0.538,89.2
0.0,0.535,89.2
0.0,0.564,89.2
0.0,0.589,89.2
0.0,0.61,89.2
0.0,0.625,89.2
0.0,0.659,89.2
0.0,0.663,89.2
0.0,0.566,89.2
0.026,0.425,89.2
0.077,0.276,89.2
0.195,0.212,89.2
0.476,0.243,89.2
0.546,0.238,89.2
0.507,0.218,89.2
0.458,0.183,89.2
0.347,0.145,89.2
0.252,0.096,89.2
0.094,0.044,89.2
0.014,0.01,89.2
0.0,0.005,89.2
0.0,0.014,89.2
0.0,0.027,89.2
0.0,0.027,89.2
0.0,0.014,89.2
0.0,0.006,89.2
0.0,0.018,89.2
0.0,0.046,89.2
0.0,0.093,89.2
0.0,0.135,89.2
0.0,0.161,89.2
0.0,0.202,89.2
0.028,0.261,89.2
0.127,0.267,89.2
0.249,0.294,89.2
0.361,0.3,89.2
0.451,0.28,89.2
0.532,0.267,89.2
0.526,0.262,89.2
0.505,0.264,89.2
0.504,0.253,89.2
0.376,0.219,89.2
0.214,0.163,89.2
0.051,0.133,89.2
0.0,0.14,89.2
0.0,0.15,89.2
0.0,0.157,89.2
0.0,0.154,89.2
0.0,0.112,89.2
0.0,0.049,89.2
0.0,0.022,89.2
0.0,0.027,89.2
0.0,0.046,89.2
0.0,0.069,89.2
0.0,0.091,89.2
0.0,0.111,89.2
0.051,0.125,89.2
0.243,0.105,89.2
0.44,0.07,89.2
0.579,0.054,89.2
0.671,0.049,89.2
0.729,0.051,89.2
0.726,0.058,89.2
0.662,0.069,89.2
0.573,0.078,89.2
0.416,0.082,89.2
0.198,0.081,89.2
0.045,0.095,89.2
0.0,0.093,89.2
0.0,0.065,89.2
0.0,0.045,89.2
0.0,0.038,89.2
0.0,0.041,89.2
0.0,0.057,89.2
0.0,0.083,89.2
0.0,0.113,89.2
0.0,0.152,89.2
0.0,0.196,89.2
0.0,0.251,89.2
0.0,0.309,89.2
0.02,0.317,89.2
0.121,0.264,89.2
0.29,0.253,89.2
0.453,0.297,89.2
0.556,0.302,89.2
0.604,0.302,89.2
0.574,0.301,89.2
0.459,0.279,89.2
0.247,0.233,89.2
0.205,0.179,89.2
0.097,0.138,89.2
0.017,0.134,89.2
0.0,0.173,89.2
0.0,0.232,89.2
0.0,0.278,89.2
0.0,0.301,89.2
0.0,0.303,89.2
0.0,0.289,89.2
0.0,0.278,89.2
0.0,0.28,89.2
0.0,0.293,89.2
0.0,0.312,89.2
0.0,0.335,89.2
0.0,0.352,89.2
0.045,0.336,89.2
0.23,0.219,89.2
0.427,0.158,89.2
0.569,0.212,89.2
0.666,0.222,89.2
0.709,0.189,89.2
0.699,0.159,89.2
0.582,0.156,89.2
0.305,0.152,89.2
0.162,0.124,89.2
0.076,0.108,89.2
0.012,0.134,89.2
0.0,0.192,89.2
0.0,0.248,89.2
0.0,0.309,89.2
0.0,0.356,89.2
0.0,0.362,89.2
0.0,0.341,89.2
0.0,0.31,89.2
0.0,0.261,89.2
0.0,0.221,89.2
0.0,0.226,89.2
0.0,0.253,89.2
0.0,0.294,89.2
0.013,0.332,89.2
0.061,0.337,89.2
0.097,0.388,89.2
0.132,0.485,89.2
0.171,0.574,89.2
0.175,0.603,89.2
0.165,0.601,89.2
0.148,0.574,89.2
0.122,0.501,89.2
0.082,0.423,89.2
0.045,0.379,89.2
0.007,0.381,89.2
0.0,0.401,89.2
0.0,0.403,89.2
0.0,0.407,89.2
0.0,0.401,89.2
0.0,0.401,89.2
0.0,0.402,89.2
0.0,0.395,89.2
0.0,0.398,89.2
0.0,0.422,89.2
0.0,0.445,89.2
0.0,0.466,89.2
0.0,0.505,89.2
0.02,0.538,89.2
0.118,0.521,89.2
0.191,0.536,89.2
0.241,0.543,89.2
0.266,0.556,89.2
0.268,0.578,89.2
0.261,0.586,89.2
0.276,0.556,89.2
0.303,0.496,89.2
0.227,0.434,89.2
0.114,0.358,89.2
0.021,0.311,89.2
0.0,0.361,89.2
0.0,0.352,89.2
0.0,0.341,89.2
0.0,0.384,89.2
0.0,0.4,89.2
0.0,0.395,89.2
0.0,0.389,89.2
0.0,0.382,89.2
0.0,0.381,89.2
0.0,0.363,89.2
0.0,0.326,89.2
0.0,0.302,89.2
0.046,0.289,89.2
0.246,0.213,89.2
0.452,0.198,89.2
0.607,0.206,89.2
0.705,0.21,89.2
0.73,0.19,89.2
0.719,0.174,89.2
0.695,0.187,89.2
0.578,0.19,89.2
0.402,0.193,89.2
0.242,0.219,89.2
0.042,0.264,89.2
0.0,0.322,89.2
0.0,0.316,89.2
0.0,0.278,89.2
0.0,0.252,89.2
0.0,0.225,89.2
0.0,0.214,89.2
0.0,0.207,89.2
0.0,0.179,89.2
0.0,0.149,89.2
0.0,0.131,89.2
0.0,0.117,89.2
0.0,0.11,89.2
0.041,0.106,89.2
0.243,0.069,89.2
0.447,0.036,89.2
0.599,0.05,89.2
0.699,0.053,89.2
0.746,0.04,89.2
0.742,0.026,89.2
0.687,0.022,89.2
0.545,0.034,89.2
0.359,0.059,89.2
0.196,0.095,89.2
0.035,0.148,89.2
0.0,0.178,89.2
0.0,0.161,89.2
0.0,0.127,89.2
0.0,0.084,89.2
0.0,0.044,89.2
0.0,0.016,89.2
0.0,0.007,89.2
0.0,0.017,89.2
0.0,0.046,89.2
0.0,0.097,89.2
0.0,0.161,89.2
0.0,0.21,89.2
0.04,0.214,89.2
0.234,0.188,89.2
0.435,0.188,89.2
0.589,0.239,89.2
0.691,0.252,89.2
0.744,0.22,89.2
0.747,0.191,89.2
0.7,0.192,89.2
0.598,0.215,89.2
0.442,0.237,89.2
0.237,0.249,89.2
0.038,0.274,89.2
0.0,0.298,89.2
0.0,0.303,89.2
0.0,0.31,89.2
0.0,0.314,89.2
0.0,0.314,89.2
0.0,0.312,89.2
0.0,0.315,89.2
0.0,0.326,89.2
0.0,0.335,89.2
0.0,0.329,89.2
0.0,0.325,89.2
0.0,0.343,89.2
0.023,0.36,89.2
0.161,0.291,89.2
0.333,0.251,89.2
0.53,0.237,89.2
0.634,0.228,89.2
0.708,0.218,89.2
0.722,0.2,89.2
0.688,0.178,89.2
0.588,0.155,89.2
0.433,0.135,89.2
0.231,0.118,89.2
0.034,0.112,89.2
0.0,0.104,89.2
0.0,0.084,89.2
0.0,0.055,89.2
0.0,0.025,89.2
0.0,0.007,89.2
0.0,0.02,89.2
0.0,0.051,89.2
0.0,0.085,89.2
0.0,0.122,89.2
0.0,0.167,89.2
0.0,0.192,89.2
0.0,0.193,89.2
0.022,0.192,89.2
0.172,0.145,89.2
0.37,0.083,89.2
0.538,0.067,89.2
0.632,0.072,89.2
0.621,0.066,89.2
0.449,0.058,89.2
0.232,0.065,89.2
0.132,0.085,89.2
0.073,0.116,89.2
0.027,0.204,89.2
0.0,0.346,89.2
0.0,0.472,89.2
0.0,0.504,89.2
0.0,0.459,89.2
0.0,0.425,89.2
0.0,0.387,89.2
0.0,0.3,89.2
0.0,0.197,89.2
0.0,0.212,89.2
0.0,0.354,89.2
0.0,0.352,89.2
0.0,0.298,89.2
0.0,0.284,89.2
0.005,0.343,89.2
0.087,0.364,89.2
0.15,0.442,89.2
0.171,0.44,89.2
0.217,0.377,89.2
0.276,0.343,89.2
0.347,0.344,89.2
0.446,0.367,89.2
0.437,0.394,89.2
0.236,0.41,89.2
0.092,0.352,89.2
0.008,0.31,89.2
0.0,0.328,89.2
0.0,0.436,89.2
0.0,0.566,89.2
0.0,0.652,89.2
0.0,0.676,89.2
0.0,0.685,89.2
0.0,0.702,89.2
0.0,0.732,89.2
0.0,0.768,89.2
0.0,0.847,89.2
0.0,0.921,89.2
0.0,0.963,89.2
0.001,0.979,89.2
0.05,0.982,89.2
0.103,0.962,89.2
0.298,0.949,89.2
0.668,0.898,89.2
0.747,0.886,89.2
0.708,0.851,89.2
0.634,0.833,89.2
0.532,0.835,89.2
0.391,0.826,89.2
0.201,0.785,89.2
0.021,0.729,89.2
0.0,0.697,89.2
0.0,0.671,89.2
0.0,0.621,89.2
0.0,0.591,89.2
0.0,0.589,89.2
0.0,0.595,89.2
0.0,0.603,89.2
0.0,0.58,89.2
0.0,0.547,89.2
0.0,0.525,89.2
0.0,0.519,89.2
0.0,0.522,89.2
0.0,0.513,89.2
0.081,0.455,89.2
0.358,0.562,89.2
0.573,0.644,89.2
0.682,0.62,89.2
0.726,0.604,89.2
0.713,0.61,89.2
0.647,0.635,89.2
0.522,0.669,89.2
0.268,0.718,89.2
0.064,0.729,89.2
0.0,0.76,89.2
0.0,0.849,89.2
0.0,0.891,89.2
0.0,0.885,89.2
0.0,0.877,89.2
0.0,0.923,89.2
0.0,0.85,89.2
0.0,0.781,89.2
0.0,0.801,89.2
0.0,0.791,89.2
0.0,0.791,89.2
0.0,0.799,89.2
0.0,0.812,89.2
0.016,0.813,89.2
0.176,0.794,89.2
0.35,0.792,89.2
0.516,0.826,89.2
0.601,0.818,89.2
0.679,0.795,89.2
0.706,0.775,89.2
0.679,0.776,89.2
0.581,0.779,89.2
0.426,0.758,89.2
0.219,0.722,89.2
0.019,0.69,89.2
0.0,0.682,89.2
0.0,0.645,89.2
0.0,0.6,89.2
0.0,0.521,89.2
0.0,0.45,89.2
0.0,0.425,89.2
0.0,0.409,89.2
0.0,0.422,89.2
0.0,0.468,89.2
0.0,0.532,89.2
0.0,0.593,89.2
0.0,0.636,89.2
0.006,0.629,89.2
0.096,0.547,89.2
0.341,0.626,89.2
0.498,0.75,89.2
0.634,0.765,89.2
0.677,0.772,89.2
0.641,0.775,89.2
0.636,0.776,89.2
0.568,0.769,89.2
0.407,0.769,89.2
0.2,0.713,89.2
0.013,0.697,89.2
0.0,0.775,89.2
0.0,0.809,89.2
0.0,0.817,89.2
0.0,0.814,89.2
0.0,0.818,89.2
0.0,0.823,89.2
0.0,0.826,89.2
0.0,0.821,89.2
0.0,0.827,89.2
0.0,0.838,89.2
0.0,0.847,89.2
0.0,0.855,89.2
0.0,0.857,89.2
0.016,0.865,89.2
0.035,0.883,89.2
0.042,0.908,89.2
0.084,0.905,89.2
0.125,0.869,89.2
0.21,0.831,89.2
0.265,0.766,89.2
0.306,0.697,89.2
0.201,0.634,89.2
0.12,0.605,89.2
0.007,0.607,89.2
0.0,0.538,89.2
0.0,0.457,89.2
0.0,0.432,89.2
0.0,0.39,89.2
0.0,0.323,89.2
0.0,0.274,89.2
0.0,0.26,89.2
0.0,0.318,89.2
0.0,0.437,89.2
0.0,0.531,89.2
0.0,0.589,89.2
0.0,0.665,89.2
0.0,0.72,89.2
0.012,0.768,89.2
0.042,0.809,89.2
0.065,0.904,89.2
0.064,0.966,89.2
0.089,0.987,89.2
0.253,0.991,89.2
0.213,0.991,89.2
0.093,0.991,89.2
0.049,0.99,89.2
0.008,0.968,89.2
0.0,0.896,89.2
0.0,0.95,89.2
0.0,0.991,89.2
0.0,0.966,89.2
0.0,0.852,89.2
0.0,0.632,89.2
0.0,0.545,89.2
0.0,0.46,89.2
0.0,0.376,89.2
0.0,0.481,89.2
0.0,0.704,89.2
0.0,0.789,89.2
0.0,0.659,89.2
0.0,0.492,89.2
0.04,0.505,89.2
0.178,0.583,89.2
0.344,0.697,89.2
0.479,0.77,89.2
0.583,0.805,89.2
0.667,0.849,89.2
0.624,0.902,89.2
0.484,0.93,89.2
0.313,0.929,89.2
0.136,0.893,89.2
0.004,0.832,89.2
0.0,0.771,89.2
0.0,0.74,89.2
0.0,0.72,89.2
0.0,0.726,89.2
0.0,0.734,89.2
0.0,0.74,89.2
0.0,0.748,89.2
0.0,0.75,89.2
0.0,0.759,89.2
0.0,0.75,89.2
0.0,0.753,89.2
0.0,0.779,89.2
0.003,0.832,89.2
0.124,0.831,89.2
0.285,0.808,89.2
0.415,0.812,89.2
0.511,0.852,89.2
0.595,0.849,89.2
0.638,0.826,89.2
0.58,0.798,89.2
0.448,0.756,89.2
0.213,0.666,89.2
0.099,0.601,89.2
0.001,0.635,89.2
0.0,0.704,89.2
0.0,0.73,89.2
0.0,0.776,89.2
0.0,0.82,89.2
0.0,0.844,89.2
0.0,0.876,89.2
0.0,0.91,89.2
0.0,0.955,89.2
0.0,0.982,89.2
0.0,0.99,89.2
0.0,0.979,89.2
0.0,0.89,89.2
0.0,0.859,89.2
0.157,0.845,89.2
0.368,0.879,89.2
0.557,0.914,89.2
0.636,0.926,89.2
0.664,0.947,89.2
0.64,0.964,89.2
0.557,0.975,89.2
0.433,0.981,89.2
0.302,0.979,89.2
0.129,0.97,89.2
0.0,0.958,89.2
0.0,0.944,89.2
0.0,0.93,89.2
0.0,0.918,89.2
0.0,0.914,89.2
0.0,0.91,89.2
0.0,0.899,89.2
0.0,0.884,89.2
0.0,0.875,89.2
0.0,0.885,89.2
0.0,0.894,89.2
0.0,0.902,89.2
0.0,0.898,89.2
0.003,0.89,89.2
0.133,0.866,89.2
0.335,0.83,89.2
0.516,0.822,89.2
0.672,0.806,89.2
0.722,0.778,89.2
0.733,0.755,89.2
0.679,0.744,89.2
0.559,0.73,89.2
0.369,0.698,89.2
0.184,0.635,89.2
0.003,0.601,89.2
0.0,0.574,89.2
0.0,0.484,89.2
0.0,0.377,89.2
0.0,0.296,89.2
0.0,0.244,89.2
0.0,0.218,89.2
0.0,0.211,89.2
0.0,0.231,89.2
0.0,0.266,89.2
0.0,0.285,89.2
0.0,0.283,89.2
0.0,0.278,89.2
0.0,0.261,89.2
0.019,0.22,89.2
0.08,0.167,89.2
0.151,0.133,89.2
0.215,0.123,89.2
0.229,0.112,89.2
0.225,0.091,89.2
0.187,0.065,89.2
0.157,0.044,89.2
0.105,0.033,89.2
0.04,0.032,89.2
0.0,0.038,89.2
0.0,0.051,89.2
0.0,0.074,89.2
0.0,0.111,89.2
0.0,0.147,89.2
0.0,0.171,89.2
0.0,0.18,89.2
0.0,0.172,89.2
0.0,0.159,89.2
0.0,0.141,89.2
0.0,0.133,89.2
0.0,0.141,89.2
0.0,0.165,89.2
0.0,0.194,89.2
0.102,0.194,89.2
0.296,0.12,89.2
0.469,0.119,89.2
0.581,0.156,89.2
0.642,0.151,89.2
0.658,0.157,89.2
0.625,0.188,89.2
0.528,0.231,89.2
0.374,0.261,89.2
0.173,0.305,89.2
0.0,0.42,89.2
0.0,0.501,89.2
0.0,0.525,89.2
0.0,0.515,89.2
0.0,0.496,89.2
0.0,0.468,89.2
0.0,0.422,89.2
0.0,0.367,89.2
0.0,0.311,89.2
0.0,0.262,89.2
0.0,0.235,89.2
0.0,0.205,89.2
0.0,0.174,89.2
0.0,0.144,89.2
0.148,0.101,89.2
0.382,0.05,89.2
0.561,0.026,89.2
0.664,0.05,89.2
0.713,0.074,89.2
0.709,0.087,89.2
0.654,0.101,89.2
0.544,0.118,89.2
0.376,0.148,89.2
0.165,0.195,89.2
0.0,0.256,89.2
0.0,0.289,89.2
0.0,0.291,89.2
0.0,0.269,89.2
0.0,0.23,89.2
0.0,0.196,89.2
0.0,0.179,89.2
0.0,0.167,89.2
0.0,0.136,89.2
0.0,0.089,89.2
0.0,0.056,89.2
0.0,0.062,89.2
0.0,0.103,89.2
0.0,0.158,89.2
0.038,0.202,89.2
0.183,0.208,89.2
0.429,0.255,89.2
0.55,0.266,89.2
0.606,0.249,89.2
0.672,0.237,89.2
0.628,0.246,89.2
0.516,0.264,89.2
0.346,0.281,89.2
0.137,0.272,89.2
0.0,0.277,89.2
0.0,0.267,89.2
0.0,0.251,89.2
0.0,0.236,89.2
0.0,0.243,89.2
0.0,0.284,89.2
0.0,0.381,89.2
0.0,0.425,89.2
0.0,0.389,89.2
0.0,0.353,89.2
0.0,0.354,89.2
0.0,0.35,89.2
0.0,0.309,89.2
0.0,0.274,89.2
0.144,0.259,89.2
0.358,0.223,89.2
0.478,0.223,89.2
0.485,0.235,89.2
0.539,0.258,89.2
0.607,0.301,89.2
0.503,0.353,89.2
0.315,0.382,89.2
0.278,0.379,89.2
0.132,0.348,89.2
0.0,0.356,89.2
0.0,0.355,89.2
0.0,0.296,89.2
0.0,0.198,89.2
0.0,0.139,89.2
0.0,0.121,89.2
0.0,0.106,89.2
0.0,0.083,89.2
0.0,0.064,89.2
0.0,0.068,89.2
0.0,0.089,89.2
0.0,0.118,89.2
0.0,0.152,89.2
0.0,0.201,89.2
0.098,0.261,89.2
0.248,0.261,89.2
0.367,0.286,89.2
0.559,0.302,89.2
0.682,0.315,89.2
0.706,0.331,89.2
0.654,0.336,89.2
0.54,0.344,89.2
0.366,0.352,89.2
0.146,0.343,89.2
0.0,0.346,89.2
0.0,0.311,89.2
0.0,0.278,89.2
0.0,0.275,89.2
0.0,0.312,89.2
0.0,0.339,89.2
0.0,0.343,89.2
0.0,0.334,89.2
0.0,0.306,89.2
0.0,0.251,89.2
0.0,0.193,89.2
0.0,0.143,89.2
0.0,0.098,89.2
0.0,0.07,89.2
0.08,0.061,89.2
0.222,0.049,89.2
0.373,0.055,89.2
0.489,0.055,89.2
0.59,0.061,89.2
0.653,0.075,89.2
0.653,0.089,89.2
0.547,0.101,89.2
0.377,0.102,89.2
0.164,0.097,89.2
0.0,0.08,89.2
0.0,0.047,89.2
0.0,0.021,89.2
0.0,0.011,89.2
0.0,0.017,89.2
0.0,0.027,89.2
0.0,0.04,89.2
0.0,0.058,89.2
0.0,0.088,89.2
0.0,0.141,89.2
0.0,0.223,89.2
0.0,0.32,89.2
0.0,0.41,89.2
0.0,0.472,89.2
0.142,0.448,89.2
0.372,0.291,89.2
0.535,0.261,89.2
0.621,0.238,89.2
0.624,0.17,89.2
0.635,0.124,89.2
0.584,0.097,89.2
0.482,0.079,89.2
0.348,0.067,89.2
0.158,0.062,89.2
0.0,0.065,89.2
0.0,0.085,89.2
0.0,0.116,89.2
0.0,0.147,89.2
0.0,0.191,89.2
0.0,0.238,89.2
0.0,0.274,89.2
0.0,0.294,89.2
0.0,0.296,89.2
0.0,0.281,89.2
0.0,0.251,89.2
0.0,0.22,89.2
0.0,0.196,89.2
0.0,0.175,89.2
0.022,0.152,89.2
0.071,0.13,89.2
0.124,0.105,89.2
0.201,0.097,89.2
0.37,0.1,89.2
0.525,0.087,89.2
0.523,0.07,89.2
0.409,0.064,89.2
0.204,0.072,89.2
0.061,0.11,89.2
0.0,0.164,89.2
0.0,0.211,89.2
0.0,0.236,89.2
0.0,0.238,89.2
0.0,0.233,89.2
0.0,0.223,89.2
0.0,0.206,89.2
0.0,0.195,89.2
0.0,0.195,89.2
0.0,0.192,89.2
0.0,0.199,89.2
0.0,0.211,89.2
0.0,0.226,89.2
0.0,0.245,89.2
0.078,0.25,89.2
0.234,0.188,89.2
0.373,0.174,89.2
0.534,0.168,89.2
0.644,0.134,89.2
0.649,0.109,89.2
0.597,0.1,89.2
0.414,0.096,89.2
0.202,0.095,89.2
0.046,0.118,89.2
0.0,0.189,89.2
0.0,0.328,89.2
0.0,0.491,89.2
0.0,0.597,89.2
0.0,0.635,89.2
0.0,0.642,89.2
0.0,0.627,89.2
0.0,0.604,89.2
0.0,0.583,89.2
0.0,0.558,89.2
0.0,0.558,89.2
0.0,0.558,89.2
0.0,0.557,89.2
0.0,0.595,89.2
0.032,0.568,89.2
0.092,0.513,89.2
0.148,0.469,89.2
0.209,0.464,89.2
0.268,0.578,89.2
0.277,0.523,89.2
0.195,0.403,89.2
0.176,0.287,89.2
0.243,0.241,89.2
0.124,0.251,89.2
0.0,0.304,89.2
0.0,0.337,89.2
0.0,0.334,89.2
0.0,0.382,89.2
0.0,0.517,89.2
0.0,0.62,89.2
0.0,0.599,89.2
0.0,0.555,89.2
0.0,0.556,89.2
0.0,0.59,89.2
0.0,0.602,89.2
0.0,0.583,89.2
0.0,0.588,89.2
0.0,0.613,89.2
0.017,0.59,89.2
0.071,0.561,89.2
0.074,0.568,89.2
0.099,0.556,89.2
0.226,0.647,89.2
0.242,0.718,89.2
0.136,0.708,89.2
0.059,0.731,89.2
0.015,0.743,89.2
0.0,0.748,89.2
0.0,0.771,89.2
0.0,0.788,89.2
0.0,0.809,89.2
0.0,0.805,89.2
0.0,0.87,89.2
0.0,0.873,89.2
0.0,0.849,89.2
0.0,0.82,89.2
0.0,0.801,89.2
0.0,0.803,89.2
0.0,0.829,89.2
0.0,0.845,89.2
0.0,0.85,89.2
0.0,0.832,89.2
0.074,0.789,89.2
0.276,0.699,89.2
0.458,0.63,89.2
0.581,0.748,89.2
0.642,0.831,89.2
0.641,0.86,89.2
0.581,0.858,89.2
0.422,0.826,89.2
0.205,0.818,89.2
0.062,0.833,89.2
0.0,0.857,89.2
0.0,0.88,89.2
0.0,0.869,89.2
0.0,0.871,89.2
0.0,0.865,89.2
0.0,0.862,89.2
0.0,0.88,89.2
0.0,0.906,89.2
0.0,0.927,89.2
0.0,0.941,89.2
0.0,0.964,89.2
0.0,0.953,89.2
0.0,0.917,89.2
0.0,0.906,89.2
0.073,0.91,89.2
0.271,0.911,89.2
0.463,0.939,89.2
0.411,0.958,89.2
0.349,0.97,89.2
0.423,0.973,89.2
0.566,0.977,89.2
0.45,0.979,89.2
0.184,0.968,89.2
0.04,0.962,89.2
0.0,0.981,89.2
0.0,0.991,89.2
0.0,0.983,89.2
0.0,0.918,89.2
0.0,0.831,89.2
0.0,0.737,89.2
0.0,0.688,89.2
0.0,0.8,89.2
0.0,0.946,89.2
0.0,0.991,89.2
0.0,0.973,89.2
0.0,0.951,89.2
0.0,0.936,89.2
0.0,0.908,89.2
0.061,0.888,89.2
0.154,0.899,89.2
0.13,0.899,89.2
0.096,0.85,89.2
0.2,0.837,89.2
0.294,0.772,89.2
0.509,0.627,89.2
0.525,0.503,89.2
0.363,0.42,89.2
0.141,0.367,89.2
0.0,0.308,89.2
0.0,0.223,89.2
0.0,0.145,89.2
0.0,0.076,89.2
0.0,0.037,89.2
0.0,0.029,89.2
0.0,0.053,89.2
0.0,0.106,89.2
0.0,0.191,89.2
0.0,0.306,89.2
0.0,0.401,89.2
0.0,0.452,89.2
0.0,0.484,89.2
0.0,0.513,89.2
0.083,0.541,89.2
0.251,0.522,89.2
0.336,0.535,89.2
0.238,0.556,89.2
0.268,0.558,89.2
0.311,0.575,89.2
0.418,0.594,89.2
0.223,0.599,89.2
0.099,0.559,89.2
0.037,0.519,89.2
0.0,0.49,89.2
0.0,0.423,89.2
0.0,0.345,89.2
0.0,0.288,89.2
0.0,0.272,89.2
0.0,0.28,89.2
0.0,0.29,89.2
0.0,0.28,89.2
0.0,0.264,89.2
0.0,0.249,89.2
0.0,0.234,89.2
0.0,0.245,89.2
0.0,0.279,89.2
0.0,0.296,89.2
0.028,0.288,89.2
0.115,0.225,89.2
0.323,0.158,89.2
0.452,0.144,89.2
0.583,0.137,89.2
0.666,0.136,89.2
0.621,0.156,89.2
0.512,0.194,89.2
0.336,0.235,89.2
0.117,0.285,89.2
0.0,0.364,89.2
0.0,0.458,89.2
0.0,0.547,89.2
0.0,0.619,89.2
0.0,0.655,89.2
0.0,0.649,89.2
0.0,0.627,89.2
0.0,0.613,89.2
0.0,0.61,89.2
0.0,0.61,89.2
0.0,0.613,89.2
0.0,0.619,89.2
0.0,0.618,89.2
0.0,0.589,89.2
0.049,0.544,89.2
0.298,0.485,89.2
0.497,0.545,89.2
0.594,0.54,89.2
0.646,0.58,89.2
0.653,0.639,89.2
0.597,0.665,89.2
0.418,0.674,89.2
0.198,0.622,89.2
0.035,0.633,89.2
0.0,0.725,89.2
0.0,0.748,89.2
0.0,0.733,89.2
0.0,0.722,89.2
0.0,0.702,89.2
0.0,0.668,89.2
0.0,0.631,89.2
0.0,0.566,89.2
0.0,0.595,89.2
0.0,0.593,89.2
0.0,0.576,89.2
0.0,0.578,89.2
0.0,0.59,89.2
0.0,0.578,89.2
0.058,0.538,89.2
0.267,0.429,89.2
0.411,0.398,89.2
0.501,0.546,89.2
0.489,0.633,89.2
0.44,0.69,89.2
0.327,0.71,89.2
0.292,0.702,89.2
0.219,0.632,89.2
0.056,0.599,89.2
0.0,0.638,89.2
0.0,0.645,89.2
0.0,0.634,89.2
0.0,0.61,89.2
0.0,0.593,89.2
0.0,0.615,89.2
0.0,0.633,89.2
0.0,0.646,89.2
0.0,0.653,89.2
0.0,0.65,89.2
0.0,0.635,89.2
0.0,0.627,89.2
0.0,0.621,89.2
0.0,0.608,89.2
0.002,0.609,89.2
0.067,0.602,89.2
0.24,0.633,89.2
0.502,0.697,89.2
0.602,0.719,89.2
0.539,0.722,89.2
0.341,0.715,89.2
0.171,0.674,89.2
0.085,0.636,89.2
0.011,0.68,89.2
0.0,0.711,89.2
0.0,0.707,89.2
0.0,0.702,89.2
0.0,0.693,89.2
0.0,0.684,89.2
0.0,0.675,89.2
0.0,0.658,89.2
0.0,0.668,89.2
0.0,0.668,89.2
0.0,0.66,89.2
0.0,0.658,89.2
0.0,0.649,89.2
0.0,0.657,89.2
0.0,0.658,89.2
0.062,0.635,89.2
0.285,0.586,89.2
0.483,0.648,89.2
0.605,0.7,89.2
0.666,0.69,89.2
0.666,0.663,89.2
0.609,0.631,89.2
0.494,0.599,89.2
0.313,0.512,89.2
0.083,0.471,89.2
0.0,0.539,89.2
0.0,0.601,89.2
0.0,0.638,89.2
0.0,0.654,89.2
0.0,0.664,89.2
0.0,0.669,89.2
0.0,0.672,89.2
0.0,0.674,89.2
0.0,0.672,89.2
0.0,0.663,89.2
0.0,0.633,89.2
0.0,0.607,89.2
0.0,0.607,89.2
0.0,0.637,89.2
0.05,0.674,89.2
0.305,0.651,89.2
0.507,0.731,89.2
0.626,0.759,89.2
0.68,0.792,89.2
0.679,0.808,89.2
0.622,0.815,89.2
0.507,0.806,89.2
0.329,0.791,89.2
0.076,0.819,89.2
0.0,0.829,89.2
0.0,0.818,89.2
0.0,0.822,89.2
0.0,0.818,89.2
0.0,0.826,89.2
0.0,0.84,89.2
0.0,0.857,89.2
0.0,0.884,89.2
0.0,0.913,89.2
0.0,0.928,89.2
0.0,0.909,89.2
0.0,0.897,89.2
0.0,0.921,89.2
0.0,0.946,89.2
0.001,0.953,89.2
0.081,0.94,89.2
0.284,0.945,89.2
0.385,0.959,89.2
0.614,0.934,89.2
0.601,0.889,89.2
0.445,0.825,89.2
0.269,0.733,89.2
0.116,0.566,89.2
0.022,0.441,89.2
0.0,0.466,89.2
0.0,0.559,89.2
0.0,0.639,89.2
0.0,0.677,89.2
0.0,0.674,89.2
0.0,0.676,89.2
0.0,0.675,89.2
0.0,0.672,89.2
0.0,0.682,89.2
0.0,0.663,89.2
0.0,0.701,89.2
0.0,0.695,89.2
0.0,0.754,89.2
0.0,0.8,89.2
0.007,0.845,89.2
0.065,0.791,89.2
0.179,0.766,89.2
0.259,0.82,89.2
0.5,0.792,89.2
0.576,0.722,89.2
0.416,0.668,89.2
0.254,0.607,89.2
0.076,0.547,89.2
0.014,0.574,89.2
0.0,0.637,89.2
0.0,0.652,89.2
0.0,0.644,89.2
0.0,0.683,89.2
0.0,0.69,89.2
0.0,0.657,89.2
0.0,0.658,89.2
0.0,0.713,89.2
0.0,0.805,89.2
0.0,0.869,89.2
0.0,0.882,89.2
0.0,0.893,89.2
0.0,0.929,89.2
0.0,0.964,89.2
0.002,0.974,89.2
0.035,0.977,89.2
0.037,0.991,89.2
0.086,0.991,89.2
0.15,0.967,89.2
0.337,0.954,89.2
0.364,0.938,89.2
0.409,0.942,89.2
0.223,0.933,89.2
0.033,0.911,89.2
0.0,0.903,89.2
0.0,0.879,89.2
0.0,0.88,89.2
0.0,0.89,89.2
0.0,0.896,89.2
0.0,0.894,89.2
0.0,0.895,89.2
0.0,0.906,89.2
0.0,0.904,89.2
0.0,0.893,89.2
0.0,0.873,89.2
0.0,0.853,89.2
0.0,0.838,89.2
0.0,0.84,89.2
0.002,0.829,89.2
0.056,0.827,89.2
0.151,0.847,89.2
0.24,0.858,89.2
0.264,0.856,89.2
0.263,0.849,89.2
0.232,0.833,89.2
0.147,0.791,89.2
0.058,0.728,89.2
0.0,0.712,89.2
0.0,0.722,89.2
0.0,0.69,89.2
0.0,0.672,89.2
0.0,0.686,89.2
0.0,0.672,89.2
0.0,0.637,89.2
0.0,0.61,89.2
0.0,0.561,89.2
0.0,0.495,89.2
0.0,0.465,89.2
0.0,0.444,89.2
0.0,0.41,89.2
0.0,0.368,89.2
0.0,0.345,89.2
0.005,0.328,89.2
0.075,0.308,89.2
0.182,0.293,89.2
0.254,0.296,89.2
0.208,0.291,89.2
0.192,0.267,89.2
0.164,0.227,89.2
0.123,0.168,89.2
0.059,0.128,89.2
0.001,0.104,89.2
0.0,0.063,89.2
0.0,0.017,89.2
0.0,0.005,89.2
0.0,0.023,89.2
0.0,0.06,89.2
0.0,0.111,89.2
0.0,0.141,89.2
0.0,0.143,89.2
0.0,0.142,89.2
0.0,0.17,89.2
0.0,0.228,89.2
0.0,0.289,89.2
0.0,0.333,89.2
0.0,0.362,89.2
0.01,0.375,89.2
0.142,0.355,89.2
0.335,0.309,89.2
0.512,0.305,89.2
0.58,0.294,89.2
0.573,0.303,89.2
0.502,0.31,89.2
0.378,0.295,89.2
0.219,0.278,89.2
0.023,0.282,89.2
0.0,0.274,89.2
0.0,0.265,89.2
0.0,0.272,89.2
0.0,0.298,89.2
0.0,0.35,89.2
0.0,0.434,89.2
0.0,0.547,89.2
0.0,0.644,89.2
0.0,0.715,89.2
0.0,0.754,89.2
0.0,0.792,89.2
0.0,0.829,89.2
0.0,0.843,89.2
0.0,0.833,89.2
0.009,0.82,89.2
0.148,0.791,89.2
0.324,0.772,89.2
0.438,0.744,89.2
0.535,0.697,89.2
0.518,0.638,89.2
0.415,0.625,89.2
0.186,0.603,89.2
0.037,0.574,89.2
0.0,0.63,89.2
0.0,0.695,89.2
0.0,0.748,89.2
0.0,0.779,89.2
0.0,0.759,89.2
0.0,0.71,89.2
0.0,0.679,89.2
0.0,0.668,89.2
0.0,0.63,89.2
0.0,0.588,89.2
0.0,0.55,89.2
0.0,0.483,89.2
0.0,0.368,89.2
0.0,0.278,89.2
0.0,0.191,89.2
0.013,0.117,89.2
0.159,0.073,89.2
0.343,0.054,89.2
0.48,0.051,89.2
0.544,0.058,89.2
0.52,0.074,89.2
0.48,0.091,89.2
0.375,0.101,89.2
0.217,0.114,89.2
0.026,0.117,89.2
0.0,0.097,89.2
0.0,0.079,89.2
0.0,0.074,89.2
0.0,0.076,89.2
0.0,0.088,89.2
0.0,0.126,89.2
0.0,0.187,89.2
0.0,0.274,89.2
0.0,0.389,89.2
0.0,0.491,89.2
0.0,0.547,89.2
0.0,0.574,89.2
0.0,0.578,89.2
0.0,0.571,89.2
0.006,0.563,89.2
0.123,0.484,89.2
0.232,0.417,89.2
0.267,0.429,89.2
0.288,0.491,89.2
0.28,0.561,89.2
0.199,0.621,89.2
0.091,0.642,89.2
0.026,0.672,89.2
0.0,0.731,89.2
0.0,0.776,89.2
0.0,0.796,89.2
0.0,0.796,89.2
0.0,0.788,89.2
0.0,0.787,89.2
0.0,0.788,89.2
0.0,0.84,89.2
0.0,0.868,89.2
0.0,0.852,89.2
0.0,0.839,89.2
0.0,0.837,89.2
0.0,0.785,89.2
0.0,0.74,89.2
0.0,0.757,89.2
0.002,0.674,89.2
0.103,0.621,89.2
0.139,0.586,89.2
0.201,0.586,89.2
0.202,0.58,89.2
0.261,0.541,89.2
0.224,0.506,89.2
0.193,0.464,89.2
0.137,0.427,89.2
0.004,0.451,89.2
0.0,0.47,89.2
0.0,0.466,89.2
0.0,0.45,89.2
0.0,0.422,89.2
0.0,0.411,89.2
0.0,0.407,89.2
0.0,0.379,89.2
0.0,0.341,89.2
0.0,0.317,89.2
0.0,0.3,89.2
0.0,0.243,89.2
0.0,0.157,89.2
0.0,0.099,89.2
0.0,0.064,89.2
0.001,0.041,89.2
0.121,0.027,89.2
0.361,0.022,89.2
0.524,0.024,89.2
0.598,0.022,89.2
0.585,0.026,89.2
0.519,0.042,89.2
0.419,0.062,89.2
0.247,0.093,89.2
0.013,0.117,89.2
0.0,0.103,89.2
0.0,0.079,89.2
0.0,0.078,89.2
0.0,0.106,89.2
0.0,0.156,89.2
0.0,0.218,89.2
0.0,0.27,89.2
0.0,0.308,89.2
0.0,0.332,89.2
0.0,0.35,89.2
0.0,0.345,89.2
0.0,0.335,89.2
0.0,0.341,89.2
0.0,0.343,89.2
0.0,0.321,89.2
0.034,0.255,89.2
0.09,0.208,89.2
0.13,0.188,89.2
0.164,0.186,89.2
0.182,0.16,89.2
0.177,0.118,89.2
0.129,0.084,89.2
0.047,0.074,89.2
0.0,0.085,89.2
0.0,0.096,89.2
0.0,0.108,89.2
0.0,0.125,89.2
0.0,0.158,89.2
0.0,0.199,89.2
0.0,0.231,89.2
0.0,0.252,89.2
0.0,0.264,89.2
0.0,0.268,89.2
0.0,0.277,89.2
0.0,0.282,89.2
0.0,0.269,89.2
0.0,0.236,89.2
0.0,0.219,89.2
0.0,0.226,89.2
0.03,0.185,89.2
0.101,0.149,89.2
0.16,0.112,89.2
0.2,0.074,89.2
0.214,0.043,89.2
0.172,0.023,89.2
0.112,0.017,89.2
0.046,0.018,89.2
0.0,0.018,89.2
0.0,0.02,89.2
0.0,0.03,89.2
0.0,0.055,89.2
0.0,0.095,89.2
0.0,0.128,89.2
0.0,0.123,89.2
0.0,0.122,89.2
0.0,0.151,89.2
0.0,0.179,89.2
0.0,0.192,89.2
0.0,0.193,89.2
0.0,0.192,89.2
0.0,0.192,89.2
0.0,0.199,89.2
0.008,0.217,89.2
0.187,0.203,89.2
0.405,0.132,89.2
0.546,0.094,89.2
0.609,0.091,89.2
0.621,0.099,89.2
0.563,0.113,89.2
0.437,0.123,89.2
0.243,0.146,89.2
0.007,0.178,89.2
0.0,0.241,89.2
0.0,0.356,89.2
0.0,0.484,89.2
0.0,0.568,89.2
0.0,0.609,89.2
0.0,0.59,89.2
0.0,0.556,89.2
0.0,0.526,89.2
0.0,0.506,89.2
0.0,0.525,89.2
0.0,0.563,89.2
0.0,0.563,89.2
0.0,0.523,89.2
0.0,0.51,89.2
0.0,0.562,89.2
0.101,0.595,89.2
0.251,0.581,89.2
0.375,0.69,89.2
0.565,0.762,89.2
0.566,0.824,89.2
0.41,0.843,89.2
0.138,0.818,89.2
0.038,0.796,89.2
0.0,0.812,89.2
0.0,0.791,89.2
0.0,0.802,89.2
0.0,0.804,89.2
0.0,0.806,89.2
0.0,0.815,89.2
0.0,0.808,89.2
0.0,0.812,89.2
0.0,0.783,89.2
0.0,0.757,89.2
0.0,0.74,89.2
0.0,0.78,89.2
0.0,0.773,89.2
0.0,0.755,89.2
0.0,0.765,89.2
0.0,0.744,89.2
0.012,0.702,89.2
0.053,0.638,89.2
0.096,0.586,89.2
0.134,0.538,89.2
0.192,0.51,89.2
0.133,0.491,89.2
0.079,0.463,89.2
0.022,0.47,89.2
0.0,0.497,89.2
0.0,0.509,89.2
0.0,0.503,89.2
0.0,0.494,89.2
0.0,0.484,89.2
0.0,0.471,89.2
0.0,0.455,89.2
0.0,0.454,89.2
0.0,0.475,89.2
0.0,0.497,89.2
0.0,0.532,89.2
0.0,0.59,89.2
0.0,0.637,89.2
0.0,0.654,89.2
0.0,0.636,89.2
0.0,0.609,89.2
0.063,0.537,89.2
0.169,0.436,89.2
0.252,0.444,89.2
0.221,0.413,89.2
0.194,0.396,89.2
0.177,0.4,89.2
0.12,0.398,89.2
0.043,0.414,89.2
0.0,0.488,89.2
0.0,0.525,89.2
0.0,0.517,89.2
0.0,0.476,89.2
0.0,0.41,89.2
0.0,0.358,89.2
0.0,0.315,89.2
0.0,0.272,89.2
0.0,0.229,89.2
0.0,0.2,89.2
0.0,0.192,89.2
0.0,0.191,89.2
0.0,0.191,89.2
0.0,0.188,89.2
0.0,0.181,89.2
0.0,0.181,89.2
0.091,0.18,89.2
0.236,0.163,89.2
0.353,0.164,89.2
0.44,0.165,89.2
0.467,0.158,89.2
0.47,0.155,89.2
0.351,0.16,89.2
0.13,0.201,89.2
0.0,0.269,89.2
0.0,0.305,89.2
0.0,0.3,89.2
0.0,0.253,89.2
0.0,0.185,89.2
0.0,0.122,89.2
0.0,0.076,89.2
0.0,0.046,89.2
0.0,0.029,89.2
0.0,0.014,89.2
0.0,0.008,89.2
0.0,0.025,89.2
0.0,0.054,89.2
0.0,0.08,89.2
0.0,0.088,89.2
0.0,0.079,89.2
0.015,0.059,89.2
0.057,0.048,89.2
0.097,0.051,89.2
0.117,0.076,89.2
0.126,0.118,89.2
0.092,0.163,89.2
0.047,0.189,89.2
0.016,0.183,89.2
0.0,0.14,89.2
0.0,0.088,89.2
0.0,0.068,89.2
0.0,0.105,89.2
0.0,0.206,89.2
0.0,0.353,89.2
0.0,0.458,89.2
0.0,0.472,89.2
0.0,0.458,89.2
0.0,0.484,89.2
0.0,0.556,89.2
0.0,0.576,89.2
0.0,0.542,89.2
0.0,0.522,89.2
0.0,0.511,89.2
0.0,0.46,89.2
0.026,0.415,89.2
0.077,0.362,89.2
0.169,0.335,89.2
0.2,0.382,89.2
0.381,0.364,89.2
0.474,0.251,89.2
0.371,0.181,89.2
0.178,0.178,89.2
0.0,0.158,89.2
0.0,0.158,89.2
0.0,0.136,89.2
0.0,0.111,89.2
0.0,0.072,89.2
0.0,0.058,89.2
0.0,0.065,89.2
0.0,0.085,89.2
0.0,0.106,89.2
0.0,0.144,89.2
0.0,0.197,89.2
0.0,0.257,89.2
0.0,0.304,89.2
0.0,0.31,89.2
0.0,0.281,89.2
0.0,0.255,89.2
0.047,0.249,89.2
0.162,0.241,89.2
0.317,0.234,89.2
0.419,0.273,89.2
0.386,0.3,89.2
0.272,0.309,89.2
0.15,0.309,89.2
0.049,0.354,89.2
0.0,0.417,89.2
0.0,0.444,89.2
0.0,0.434,89.2
0.0,0.413,89.2
0.0,0.388,89.2
0.0,0.363,89.2
0.0,0.341,89.2
0.0,0.305,89.2
0.0,0.278,89.2
0.0,0.254,89.2
0.0,0.237,89.2
0.0,0.234,89.2
0.0,0.234,89.2
0.0,0.231,89.2
0.0,0.228,89.2
0.0,0.22,89.2
0.02,0.192,89.2
0.076,0.136,89.2
0.129,0.093,89.2
0.169,0.062,89.2
0.167,0.042,89.2
0.135,0.028,89.2
0.072,0.025,89.2
0.036,0.031,89.2
0.0,0.04,89.2
0.0,0.047,89.2
0.0,0.054,89.2
0.0,0.068,89.2
0.0,0.097,89.2
0.0,0.146,89.2
0.0,0.198,89.2
0.0,0.233,89.2
0.0,0.259,89.2
0.0,0.282,89.2
0.0,0.297,89.2
0.0,0.285,89.2
0.0,0.282,89.2
0.0,0.267,89.2
0.0,0.225,89.2
0.0,0.178,89.2
0.084,0.134,89.2
0.225,0.096,89.2
0.388,0.064,89.2
0.507,0.041,89.2
0.54,0.025,89.2
0.523,0.013,89.2
0.391,0.007,89.2
0.187,0.005,89.2
0.0,0.007,89.2
0.0,0.014,89.2
0.0,0.027,89.2
0.0,0.053,89.2
0.0,0.087,89.2
0.0,0.107,89.2
0.0,0.117,89.2
0.0,0.131,89.2
0.0,0.156,89.2
0.0,0.194,89.2
0.0,0.247,89.2
0.0,0.313,89.2
0.0,0.376,89.2
0.0,0.459,89.2
0.0,0.563,89.2
0.0,0.668,89.2
0.041,0.722,89.2
0.236,0.717,89.2
0.422,0.732,89.2
0.544,0.737,89.2
0.551,0.763,89.2
0.436,0.81,89.2
0.265,0.84,89.2
0.089,0.861,89.2
0.0,0.891,89.2
0.0,0.918,89.2
0.0,0.935,89.2
0.0,0.945,89.2
0.0,0.947,89.2
0.0,0.94,89.2
0.0,0.923,89.2
0.0,0.896,89.2
0.0,0.866,89.2
0.0,0.87,89.2
0.0,0.881,89.2
0.0,0.883,89.2
0.0,0.868,89.2
0.0,0.852,89.2
0.0,0.839,89.2
0.0,0.822,89.2
0.092,0.84,89.2
0.322,0.866,89.2
0.524,0.892,89.2
0.611,0.911,89.2
0.625,0.915,89.2
0.57,0.91,89.2
0.444,0.895,89.2
0.239,0.878,89.2
0.0,0.865,89.2
0.0,0.842,89.2
0.0,0.824,89.2
0.0,0.808,89.2
0.0,0.78,89.2
0.0,0.772,89.2
0.0,0.762,89.2
0.0,0.748,89.2
0.0,0.727,89.2
0.0,0.71,89.2
0.0,0.7,89.2
0.0,0.69,89.2
0.0,0.678,89.2
0.0,0.663,89.2
0.0,0.646,89.2
0.0,0.631,89.2
0.157,0.55,89.2
0.384,0.395,89.2
0.526,0.374,89.2
0.58,0.556,89.2
0.573,0.568,89.2
0.505,0.58,89.2
0.369,0.58,89.2
0.175,0.583,89.2
0.0,0.652,89.2
0.0,0.686,89.2
0.0,0.672,89.2
0.0,0.647,89.2
0.0,0.596,89.2
0.0,0.523,89.2
0.0,0.454,89.2
0.0,0.374,89.2
0.0,0.3,89.2
0.0,0.243,89.2
0.0,0.206,89.2
0.0,0.177,89.2
0.0,0.155,89.2
0.0,0.151,89.2
0.0,0.149,89.2
0.0,0.145,89.2
0.024,0.146,89.2
0.092,0.122,89.2
0.16,0.093,89.2
0.285,0.076,89.2
0.32,0.055,89.2
0.324,0.047,89.2
0.329,0.045,89.2
0.138,0.051,89.2
0.0,0.067,89.2
0.0,0.085,89.2
0.0,0.098,89.2
0.0,0.101,89.2
0.0,0.1,89.2
0.0,0.086,89.2
0.0,0.066,89.2
0.0,0.05,89.2
0.0,0.042,89.2
0.0,0.041,89.2
0.0,0.048,89.2
0.0,0.068,89.2
0.0,0.121,89.2
0.0,0.233,89.2
0.0,0.407,89.2
0.0,0.536,89.2
0.032,0.58,89.2
0.155,0.578,89.2
0.266,0.603,89.2
0.227,0.675,89.2
0.176,0.715,89.2
0.112,0.74,89.2
0.12,0.746,89.2
0.073,0.724,89.2
0.0,0.701,89.2
0.0,0.667,89.2
0.0,0.634,89.2
0.0,0.59,89.2
0.0,0.533,89.2
0.0,0.469,89.2
0.0,0.451,89.2
0.0,0.448,89.2
0.0,0.424,89.2
0.0,0.364,89.2
0.0,0.337,89.2
0.0,0.395,89.2
0.0,0.547,89.2
0.0,0.706,89.2
0.0,0.796,89.2
0.0,0.839,89.2
0.021,0.863,89.2
0.071,0.898,89.2
0.082,0.926,89.2
0.05,0.935,89.2
0.047,0.93,89.2
0.052,0.918,89.2
0.05,0.927,89.2
0.018,0.933,89.2
0.0,0.932,89.2
0.0,0.935,89.2
0.0,0.939,89.2
0.0,0.932,89.2
0.0,0.915,89.2
0.0,0.907,89.2
0.0,0.899,89.2
0.0,0.889,89.2
0.0,0.883,89.2
0.0,0.911,89.2
0.0,0.938,89.2
0.0,0.955,89.2
0.0,0.966,89.2
0.0,0.979,89.2
0.0,0.988,89.2
0.0,0.988,89.2
0.002,0.987,89.2
0.019,0.989,89.2
0.028,0.991,89.2
0.027,0.99,89.2
0.045,0.99,89.2
0.063,0.99,89.2
0.047,0.98,89.2
0.002,0.977,89.2
0.0,0.986,89.2
0.0,0.991,89.2
0.0,0.991,89.2
0.0,0.991,89.2
0.0,0.991,89.2
0.0,0.99,89.2
0.0,0.988,89.2
0.0,0.984,89.2
0.0,0.978,89.2
0.0,0.975,89.2
0.0,0.971,89.2
0.0,0.97,89.2
0.0,0.967,89.2
0.0,0.96,89.2
0.0,0.954,89.2
0.0,0.948,89.2
0.023,0.943,89.2
0.099,0.933,89.2
0.246,0.931,89.2
0.438,0.918,89.2
0.517,0.877,89.2
0.511,0.825,89.2
0.392,0.784,89.2
0.176,0.756,89.2
0.0,0.752,89.2
0.0,0.725,89.2
0.0,0.704,89.2
0.0,0.663,89.2
0.0,0.562,89.2
0.0,0.464,89.2
0.0,0.379,89.2
0.0,0.357,89.2
0.0,0.401,89.2
0.0,0.465,89.2
0.0,0.497,89.2
0.0,0.51,89.2
0.0,0.525,89.2
0.0,0.532,89.2
0.0,0.501,89.2
0.0,0.459,89.2
0.083,0.4,89.2
0.278,0.3,89.2
0.431,0.233,89.2
0.512,0.205,89.2
0.392,0.21,89.2
0.204,0.227,89.2
0.096,0.255,89.2
0.019,0.3,89.2
0.0,0.359,89.2
0.0,0.432,89.2
0.0,0.523,89.2
0.0,0.638,89.2
0.0,0.741,89.2
0.0,0.786,89.2
0.0,0.809,89.2
0.0,0.819,89.2
0.0,0.834,89.2
0.0,0.86,89.2
0.0,0.862,89.2
0.0,0.87,89.2
0.0,0.863,89.2
0.0,0.833,89.2
0.0,0.797,89.2
0.0,0.824,89.2
0.006,0.816,89.2
0.053,0.779,89.2
0.082,0.779,89.2
0.067,0.859,89.2
0.072,0.89,89.2
0.057,0.893,89.2
0.022,0.895,89.2
0.0,0.9,89.2
0.0,0.906,89.2
0.0,0.916,89.2
0.0,0.934,89.2
0.0,0.946,89.2
0.0,0.958,89.2
0.0,0.968,89.2
0.0,0.977,89.2
0.0,0.983,89.2
0.0,0.988,89.2
0.0,0.989,89.2
0.0,0.99,89.2
0.0,0.98,89.2
0.0,0.949,89.2
0.0,0.948,89.2
0.0,0.944,89.2
0.0,0.936,89.2
0.03,0.927,89.2
0.124,0.923,89.2
0.246,0.931,89.2
0.322,0.937,89.2
0.364,0.934,89.2
0.244,0.92,89.2
0.106,0.885,89.2
0.024,0.851,89.2
0.0,0.821,89.2
0.0,0.785,89.2
0.0,0.757,89.2
0.0,0.715,89.2
0.0,0.63,89.2
0.0,0.62,89.2
0.0,0.742,89.2
0.0,0.866,89.2
0.0,0.901,89.2
0.0,0.895,89.2
0.0,0.89,89.2
0.0,0.882,89.2
0.0,0.852,89.2
0.0,0.803,89.2
0.0,0.744,89.2
0.0,0.733,89.2
0.028,0.77,89.2
0.065,0.759,89.2
0.077,0.69,89.2
0.094,0.648,89.2
0.257,0.656,89.2
0.342,0.692,89.2
0.279,0.707,89.2
0.094,0.703,89.2
0.0,0.712,89.2
0.0,0.682,89.2
0.0,0.604,89.2
0.0,0.476,89.2
0.0,0.361,89.2
0.0,0.287,89.2
0.0,0.172,89.2
0.0,0.17,89.2
0.0,0.304,89.2
0.0,0.494,89.2
0.0,0.607,89.2
0.0,0.673,89.2
0.0,0.724,89.2
0.0,0.772,89.2
0.0,0.834,89.2
0.0,0.889,89.2
0.0,0.929,89.2
0.0,0.961,89.2
0.008,0.974,89.2
0.017,0.938,89.2
0.026,0.873,89.2
0.044,0.739,89.2
0.017,0.59,89.2
0.0,0.476,89.2
0.0,0.422,89.2
0.0,0.401,89.2
0.0,0.458,89.2
0.0,0.702,89.2
0.0,0.883,89.2
0.0,0.892,89.2
0.0,0.777,89.2
0.0,0.718,89.2
0.0,0.877,89.2
0.0,0.924,89.2
0.0,0.93,89.2
0.0,0.938,89.2
0.0,0.942,89.2
0.0,0.923,89.2
0.0,0.922,89.2
0.0,0.896,89.2
0.0,0.88,89.2
0.018,0.943,89.2
0.092,0.939,89.2
0.418,0.926,89.2
0.408,0.926,89.2
0.281,0.901,89.2
0.118,0.885,89.2
0.011,0.882,89.2
0.0,0.889,89.2
0.0,0.887,89.2
0.0,0.863,89.2
0.0,0.808,89.2
0.0,0.73,89.2
0.0,0.676,89.2
0.0,0.713,89.2
0.0,0.793,89.2
0.0,0.863,89.2
0.0,0.868,89.2
0.0,0.852,89.2
0.0,0.88,89.2
0.0,0.938,89.2
0.0,0.968,89.2
0.0,0.97,89.2
0.0,0.959,89.2
0.007,0.95,89.2
0.101,0.949,89.2
0.134,0.961,89.2
0.11,0.972,89.2
0.133,0.972,89.2
0.067,0.961,89.2
0.031,0.947,89.2
0.0,0.937,89.2
0.0,0.936,89.2
0.0,0.926,89.2
0.0,0.921,89.2
0.0,0.914,89.2
0.0,0.894,89.2
0.0,0.877,89.2
0.0,0.866,89.2
0.0,0.851,89.2
0.0,0.802,89.2
0.0,0.703,89.2
0.0,0.618,89.2
0.0,0.506,89.2
0.0,0.308,89.2
0.0,0.113,89.2
0.0,0.013,89.2
0.0,0.078,89.2
0.022,0.35,89.2
0.126,0.535,89.2
0.167,0.576,89.2
0.164,0.728,89.2
0.101,0.868,89.2
0.033,0.929,89.2
0.0,0.957,89.2
0.0,0.94,89.2
0.0,0.944,89.2
0.0,0.955,89.2
0.0,0.944,89.2
0.0,0.936,89.2
0.0,0.924,89.2
0.0,0.907,89.2
0.0,0.893,89.2
0.0,0.812,89.2
0.0,0.769,89.2
0.0,0.662,89.2
0.0,0.496,89.2
0.0,0.476,89.2
0.0,0.556,89.2
0.0,0.571,89.2
0.0,0.603,89.2
0.0,0.692,89.2
0.0,0.816,89.2
0.014,0.894,89.2
0.025,0.942,89.2
0.038,0.971,89.2
0.073,0.99,89.2
0.03,0.989,89.2
0.0,0.988,89.2
0.0,0.989,89.2
0.0,0.952,89.2
0.0,0.953,89.2
0.0,0.944,89.2
0.0,0.951,89.2
0.0,0.954,89.2
0.0,0.952,89.2
0.0,0.946,89.2
0.0,0.941,89.2
0.0,0.94,89.2
0.0,0.931,89.2
0.0,0.915,89.2
0.0,0.896,89.2
0.0,0.888,89.2
0.0,0.863,89.2
0.0,0.825,89.2
0.0,0.809,89.2
0.0,0.791,89.2
0.031,0.762,89.2
0.056,0.739,89.2
0.095,0.708,89.2
0.114,0.658,89.2
0.098,0.642,89.2
0.06,0.672,89.2
0.005,0.7,89.2
0.0,0.73,89.2
0.0,0.739,89.2
0.0,0.756,89.2
0.0,0.752,89.2
0.0,0.762,89.2
0.0,0.782,89.2
0.0,0.793,89.2
0.0,0.794,89.2
0.0,0.842,89.2
0.0,0.854,89.2
0.0,0.879,89.2
0.0,0.888,89.2
0.0,0.878,89.2
0.0,0.858,89.2
0.0,0.822,89.2
0.0,0.753,89.2
0.058,0.668,89.2
0.257,0.578,89.2
0.265,0.513,89.2
0.361,0.57,89.2
0.338,0.649,89.2
0.315,0.715,89.2
0.136,0.739,89.2
0.016,0.715,89.2
0.0,0.744,89.2
0.0,0.791,89.2
0.0,0.848,89.2
0.0,0.894,89.2
0.0,0.923,89.2
0.0,0.923,89.2
0.0,0.808,89.2
0.0,0.85,89.2
0.0,0.962,89.2
0.0,0.989,89.2
0.0,0.99,89.2
0.0,0.991,89.2
0.0,0.991,89.2
0.0,0.991,89.2
0.0,0.991,89.2
0.0,0.99,89.2
0.011,0.986,89.2
0.071,0.98,89.2
0.199,0.972,89.2
0.338,0.969,89.2
0.314,0.965,89.2
0.266,0.955,89.2
0.165,0.946,89.2
0.04,0.939,89.2
0.0,0.933,89.2
0.0,0.926,89.2
0.0,0.916,89.2
0.0,0.895,89.2
0.0,0.855,89.2
0.0,0.82,89.2
0.0,0.781,89.2
0.0,0.739,89.2
0.0,0.7,89.2
0.0,0.635,89.2
0.0,0.549,89.2
0.0,0.459,89.2
0.0,0.391,89.2
0.0,0.328,89.2
0.0,0.264,89.2
0.0,0.207,89.2
0.023,0.191,89.2
0.148,0.209,89.2
0.336,0.206,89.2
0.434,0.255,89.2
0.37,0.358,89.2
0.269,0.415,89.2
0.094,0.466,89.2
0.002,0.584,89.2
0.0,0.672,89.2
0.0,0.682,89.2
0.0,0.684,89.2
0.0,0.681,89.2
0.0,0.695,89.2
0.0,0.692,89.2
0.0,0.661,89.2
0.0,0.639,89.2
0.0,0.677,89.2
0.0,0.705,89.2
0.0,0.715,89.2
0.0,0.696,89.2
0.0,0.644,89.2
0.0,0.601,89.2
0.0,0.586,89.2
0.0,0.594,89.2
0.0,0.586,89.2
0.028,0.576,89.2
0.068,0.576,89.2
0.095,0.578,89.2
0.104,0.581,89.2
0.147,0.587,89.2
0.132,0.57,89.2
0.021,0.604,89.2
0.0,0.639,89.2
0.0,0.633,89.2
0.0,0.615,89.2
0.0,0.607,89.2
0.0,0.626,89.2
0.0,0.663,89.2
0.0,0.683,89.2
0.0,0.675,89.2
0.0,0.654,89.2
0.0,0.627,89.2
0.0,0.599,89.2
0.0,0.557,89.2
0.0,0.529,89.2
0.0,0.543,89.2
0.0,0.565,89.2
0.0,0.561,89.2
0.029,0.544,89.2
0.234,0.484,89.2
0.367,0.505,89.2
0.49,0.498,89.2
0.413,0.415,89.2
0.367,0.345,89.2
0.202,0.298,89.2
0.037,0.294,89.2
0.0,0.312,89.2
0.0,0.311,89.2
0.0,0.328,89.2
0.0,0.36,89.2
0.0,0.376,89.2
0.0,0.347,89.2
0.0,0.323,89.2
0.0,0.291,89.2
0.0,0.234,89.2
0.0,0.185,89.2
0.0,0.168,89.2
0.0,0.164,89.2
0.0,0.162,89.2
0.0,0.17,89.2
0.0,0.192,89.2
0.0,0.205,89.2
0.0,0.181,89.2
0.024,0.124,89.2
0.06,0.085,89.2
0.097,0.071,89.2
0.159,0.073,89.2
0.173,0.083,89.2
0.122,0.097,89.2
0.028,0.135,89.2
0.0,0.179,89.2
0.0,0.218,89.2
0.0,0.249,89.2
0.0,0.271,89.2
0.0,0.285,89.2
0.0,0.289,89.2
0.0,0.291,89.2
0.0,0.294,89.2
0.0,0.292,89.2
0.0,0.283,89.2
0.0,0.283,89.2
0.0,0.309,89.2
0.0,0.342,89.2
0.0,0.363,89.2
0.0,0.364,89.2
0.0,0.325,89.2
0.006,0.251,89.2
0.043,0.187,89.2
0.114,0.167,89.2
0.288,0.157,89.2
0.333,0.125,89.2
0.248,0.093,89.2
0.129,0.081,89.2
0.025,0.096,89.2
0.0,0.119,89.2
0.0,0.144,89.2
0.0,0.169,89.2
0.0,0.195,89.2
0.0,0.214,89.2
0.0,0.231,89.2
0.0,0.243,89.2
0.0,0.251,89.2
0.0,0.255,89.2
0.0,0.264,89.2
0.0,0.281,89.2
0.0,0.279,89.2
0.0,0.259,89.2
0.0,0.228,89.2
0.0,0.203,89.2
0.0,0.192,89.2
0.016,0.192,89.2
0.097,0.172,89.2
0.182,0.125,89.2
0.261,0.138,89.2
0.317,0.199,89.2
0.374,0.25,89.2
0.241,0.264,89.2
0.054,0.355,89.2
0.0,0.442,89.2
0.0,0.482,89.2
0.0,0.487,89.2
0.0,0.478,89.2
0.0,0.476,89.2
0.0,0.494,89.2
0.0,0.507,89.2
0.0,0.484,89.2
0.0,0.426,89.2
0.0,0.43,89.2
0.0,0.437,89.2
0.0,0.443,89.2
0.0,0.444,89.2
0.0,0.439,89.2
0.0,0.442,89.2
0.0,0.432,89.2
0.011,0.41,89.2
0.072,0.391,89.2
0.141,0.368,89.2
0.212,0.443,89.2
0.209,0.537,89.2
0.115,0.606,89.2
0.05,0.668,89.2
0.004,0.715,89.2
0.0,0.762,89.2
0.0,0.795,89.2
0.0,0.777,89.2
0.0,0.707,89.2
0.0,0.688,89.2
0.0,0.67,89.2
0.0,0.581,89.2
0.0,0.547,89.2
0.0,0.568,89.2
0.0,0.649,89.2
0.0,0.675,89.2
0.0,0.69,89.2
0.0,0.691,89.2
0.0,0.668,89.2
0.0,0.663,89.2
0.0,0.638,89.2
0.039,0.642,89.2
0.241,0.589,89.2
0.474,0.542,89.2
0.553,0.502,89.2
0.55,0.465,89.2
0.477,0.448,89.2
0.324,0.43,89.2
0.1,0.521,89.2
0.0,0.629,89.2
0.0,0.663,89.2
0.0,0.647,89.2
0.0,0.628,89.2
0.0,0.553,89.2
0.0,0.51,89.2
0.0,0.523,89.2
0.0,0.555,89.2
0.0,0.548,89.2
0.0,0.527,89.2
0.0,0.513,89.2
0.0,0.523,89.2
0.0,0.52,89.2
0.0,0.554,89.2
0.0,0.571,89.2
0.0,0.56,89.2
0.015,0.556,89.2
0.13,0.589,89.2
0.179,0.564,89.2
0.257,0.536,89.2
0.321,0.513,89.2
0.363,0.486,89.2
0.238,0.453,89.2
0.038,0.449,89.2
0.0,0.475,89.2
0.0,0.466,89.2
0.0,0.445,89.2
0.0,0.451,89.2
0.0,0.493,89.2
0.0,0.491,89.2
0.0,0.467,89.2
0.0,0.457,89.2
0.0,0.457,89.2
0.0,0.471,89.2
0.0,0.493,89.2
0.0,0.521,89.2
0.0,0.555,89.2
0.0,0.586,89.2
0.0,0.646,89.2
0.0,0.655,89.2
0.013,0.645,89.2
0.16,0.625,89.2
0.333,0.591,89.2
0.33,0.523,89.2
0.463,0.457,89.2
0.43,0.417,89.2
0.271,0.407,89.2
0.063,0.454,89.2
0.0,0.527,89.2
0.0,0.55,89.2
0.0,0.536,89.2
0.0,0.531,89.2
0.0,0.528,89.2
0.0,0.522,89.2
0.0,0.519,89.2
0.0,0.501,89.2
0.0,0.464,89.2
0.0,0.42,89.2
0.0,0.376,89.2
0.0,0.328,89.2
0.0,0.298,89.2
0.0,0.296,89.2
0.0,0.306,89.2
0.0,0.292,89.2
0.022,0.269,89.2
0.175,0.254,89.2
0.461,0.249,89.2
0.565,0.227,89.2
0.568,0.249,89.2
0.496,0.222,89.2
0.339,0.229,89.2
0.101,0.32,89.2
0.0,0.447,89.2
0.0,0.556,89.2
0.0,0.619,89.2
0.0,0.647,89.2
0.0,0.666,89.2
0.0,0.676,89.2
0.0,0.666,89.2
0.0,0.619,89.2
0.0,0.55,89.2
0.0,0.535,89.2
0.0,0.55,89.2
0.0,0.55,89.2
0.0,0.538,89.2
0.0,0.546,89.2
0.0,0.586,89.2
0.0,0.651,89.2
0.053,0.666,89.2
0.319,0.643,89.2
0.502,0.638,89.2
0.558,0.607,89.2
0.404,0.597,89.2
0.166,0.6,89.2
0.044,0.618,89.2
0.003,0.668,89.2
0.0,0.712,89.2
0.0,0.718,89.2
0.0,0.702,89.2
0.0,0.635,89.2
0.0,0.566,89.2
0.0,0.553,89.2
0.0,0.554,89.2
0.0,0.569,89.2
0.0,0.586,89.2
0.0,0.583,89.2
0.0,0.58,89.2
0.0,0.594,89.2
0.0,0.616,89.2
0.0,0.631,89.2
0.0,0.645,89.2
0.0,0.669,89.2
0.0,0.673,89.2
0.025,0.652,89.2
0.062,0.658,89.2
0.112,0.645,89.2
0.079,0.668,89.2
0.06,0.728,89.2
0.027,0.692,89.2
0.0,0.712,89.2
0.0,0.71,89.2
0.0,0.692,89.2
0.0,0.654,89.2
0.0,0.637,89.2
0.0,0.599,89.2
0.0,0.543,89.2
0.0,0.488,89.2
0.0,0.447,89.2
0.0,0.408,89.2
0.0,0.387,89.2
0.0,0.369,89.2
0.0,0.363,89.2
0.0,0.358,89.2
0.0,0.374,89.2
0.0,0.361,89.2
0.0,0.379,89.2
0.01,0.399,89.2
0.025,0.363,89.2
0.04,0.341,89.2
0.092,0.326,89.2
0.112,0.328,89.2
0.078,0.357,89.2
0.031,0.4,89.2
0.0,0.461,89.2
0.0,0.54,89.2
0.0,0.55,89.2
0.0,0.512,89.2
0.0,0.48,89.2
0.0,0.479,89.2
0.0,0.467,89.2
0.0,0.438,89.2
0.0,0.435,89.2
0.0,0.42,89.2
0.0,0.387,89.2
0.0,0.339,89.2
0.0,0.279,89.2
0.0,0.241,89.2
0.0,0.211,89.2
0.0,0.185,89.2
0.0,0.165,89.2
0.0,0.148,89.2
0.025,0.122,89.2
0.057,0.103,89.2
0.075,0.099,89.2
0.067,0.112,89.2
0.04,0.152,89.2
0.015,0.22,89.2
0.0,0.291,89.2
0.0,0.348,89.2
0.0,0.386,89.2
0.0,0.41,89.2
0.0,0.437,89.2
0.0,0.466,89.2
0.0,0.469,89.2
0.0,0.479,89.2
0.0,0.495,89.2
0.0,0.485,89.2
0.0,0.454,89.2
0.0,0.426,89.2
0.0,0.414,89.2
0.0,0.413,89.2
0.0,0.407,89.2
0.0,0.402,89.2
0.0,0.402,89.2
0.0,0.413,89.2
0.023,0.391,89.2
0.071,0.364,89.2
0.134,0.375,89.2
0.242,0.398,89.2
0.277,0.41,89.2
0.185,0.362,89.2
0.044,0.402,89.2
0.0,0.468,89.2
0.0,0.513,89.2
0.0,0.457,89.2
0.0,0.395,89.2
0.0,0.402,89.2
0.0,0.415,89.2
0.0,0.401,89.2
0.0,0.362,89.2
0.0,0.386,89.2
0.0,0.452,89.2
0.0,0.51,89.2
0.0,0.58,89.2
0.0,0.651,89.2
0.0,0.754,89.2
0.0,0.814,89.2
0.0,0.804,89.2
0.0,0.778,89.2
0.005,0.744,89.2
0.09,0.809,89.2
0.362,0.893,89.2
0.377,0.92,89.2
0.139,0.903,89.2
0.05,0.884,89.2
0.019,0.917,89.2
0.0,0.93,89.2
0.0,0.944,89.2
0.0,0.941,89.2
0.0,0.927,89.2
0.0,0.942,89.2
0.0,0.928,89.2
0.0,0.901,89.2
0.0,0.898,89.2
0.0,0.888,89.2
0.0,0.938,89.2
0.0,0.948,89.2
0.0,0.958,89.2
0.0,0.947,89.2
0.0,0.959,89.2
0.0,0.991,89.2
0.0,0.99,89.2
0.012,0.991,89.2
0.172,0.991,89.2
0.274,0.991,89.2
0.3,0.986,89.2
0.173,0.984,89.2
0.124,0.984,89.2
0.078,0.989,89.2
0.011,0.991,89.2
0.0,0.986,89.2
0.0,0.977,89.2
0.0,0.953,89.2
0.0,0.901,89.2
0.0,0.863,89.2
0.0,0.779,89.2
0.0,0.697,89.2
0.0,0.626,89.2
0.0,0.588,89.2
0.0,0.498,89.2
0.0,0.459,89.2
0.0,0.529,89.2
0.0,0.678,89.2
0.0,0.72,89.2
0.0,0.744,89.2
0.0,0.835,89.2
0.0,0.92,89.2
0.008,0.915,89.2
0.021,0.924,89.2
0.053,0.943,89.2
0.099,0.964,89.2
0.094,0.953,89.2
0.052,0.953,89.2
0.007,0.953,89.2
0.0,0.935,89.2
0.0,0.91,89.2
0.0,0.898,89.2
0.0,0.89,89.2
0.0,0.866,89.2
0.0,0.903,89.2
0.0,0.914,89.2
0.0,0.907,89.2
0.0,0.9,89.2
0.0,0.893,89.2
0.0,0.873,89.2
0.0,0.882,89.2
0.0,0.896,89.2
0.0,0.925,89.2
0.0,0.914,89.2
0.0,0.901,89.2
0.032,0.877,89.2
0.126,0.881,89.2
0.175,0.882,89.2
0.199,0.88,89.2
0.188,0.866,89.2
0.178,0.833,89.2
0.153,0.782,89.2
0.041,0.77,89.2
0.0,0.766,89.2
0.0,0.785,89.2
0.0,0.794,89.2
0.0,0.787,89.2
0.0,0.777,89.2
0.0,0.777,89.2
0.0,0.779,89.2
0.0,0.777,89.2
0.0,0.776,89.2
0.0,0.777,89.2
0.0,0.783,89.2
0.0,0.776,89.2
0.0,0.762,89.2
0.0,0.732,89.2
0.0,0.708,89.2
0.0,0.735,89.2
0.02,0.808,89.2
0.114,0.803,89.2
0.193,0.756,89.2
0.349,0.679,89.2
0.412,0.726,89.2
0.233,0.697,89.2
0.077,0.658,89.2
0.006,0.62,89.2
0.0,0.624,89.2
0.0,0.668,89.2
0.0,0.69,89.2
0.0,0.708,89.2
0.0,0.705,89.2
0.0,0.674,89.2
0.0,0.656,89.2
0.0,0.648,89.2
