solar_cf,wind_cf,price
0.0,0.144,32.1
0.0,0.142,32.1
0.0,0.153,32.1
0.0,0.155,32.1
0.0,0.146,32.1
0.0,0.131,32.1
0.0,0.112,32.1
0.0,0.095,32.1
0.019,0.093,32.1
0.088,0.122,32.1
0.212,0.155,32.1
0.37,0.167,32.1
0.428,0.162,32.1
0.344,0.15,32.1
0.172,0.142,32.1
0.007,0.165,32.1
0.0,0.212,32.1
0.0,0.282,32.1
0.0,0.348,32.1
0.0,0.37,32.1
0.0,0.334,32.1
0.0,0.272,32.1
0.0,0.225,32.1
0.0,0.203,32.1
0.0,0.194,32.1
0.0,0.197,32.1
0.0,0.202,32.1
0.0,0.212,32.1
0.0,0.222,32.1
0.0,0.242,32.1
0.0,0.264,32.1
0.0,0.3,32.1
0.0,0.328,32.1
0.02,0.334,32.1
0.055,0.36,32.1
0.079,0.376,32.1
0.078,0.388,32.1
0.05,0.402,32.1
0.016,0.432,32.1
0.0,0.457,32.1
0.0,0.495,32.1
0.0,0.532,32.1
0.0,0.588,32.1
0.0,0.621,32.1
0.0,0.651,32.1
0.0,0.654,32.1
0.0,0.694,32.1
0.0,0.687,32.1
0.0,0.618,32.1
0.0,0.618,32.1
0.0,0.673,32.1
0.0,0.708,32.1
0.0,0.752,32.1
0.0,0.744,32.1
0.0,0.762,32.1
0.0,0.808,32.1
0.0,0.792,32.1
0.014,0.724,32.1
0.059,0.735,32.1
0.112,0.727,32.1
0.105,0.71,32.1
0.057,0.69,32.1
0.013,0.638,32.1
0.0,0.639,32.1
0.0,0.579,32.1
0.0,0.481,32.1
0.0,0.469,32.1
0.0,0.485,32.1
0.0,0.42,32.1
0.0,0.388,32.1
0.0,0.398,32.1
0.0,0.447,32.1
0.0,0.491,32.1
0.0,0.504,32.1
0.0,0.528,32.1
0.0,0.525,32.1
0.0,0.504,32.1
0.0,0.503,32.1
0.0,0.51,32.1
0.0,0.495,32.1
0.009,0.486,32.1
0.092,0.477,32.1
0.265,0.435,32.1
0.345,0.552,32.1
0.358,0.623,32.1
0.26,0.581,32.1
0.076,0.509,32.1
0.0,0.476,32.1
0.0,0.45,32.1
0.0,0.41,32.1
0.0,0.374,32.1
0.0,0.345,32.1
0.0,0.319,32.1
0.0,0.291,32.1
0.0,0.249,32.1
0.0,0.201,32.1
0.0,0.179,32.1
0.0,0.179,32.1
0.0,0.194,32.1
0.0,0.2,32.1
0.0,0.219,32.1
0.0,0.249,32.1
0.0,0.249,32.1
0.0,0.245,32.1
0.002,0.243,32.1
0.023,0.232,32.1
0.048,0.22,32.1
0.082,0.194,32.1
0.13,0.202,32.1
0.128,0.208,32.1
0.045,0.249,32.1
0.0,0.314,32.1
0.0,0.361,32.1
0.0,0.381,32.1
0.0,0.381,32.1
0.0,0.371,32.1
0.0,0.355,32.1
0.0,0.348,32.1
0.0,0.343,32.1
0.0,0.337,32.1
0.0,0.332,32.1
0.0,0.332,32.1
0.0,0.341,32.1
0.0,0.334,32.1
0.0,0.33,32.1
0.0,0.312,32.1
0.0,0.311,32.1
0.0,0.313,32.1
0.044,0.31,32.1
0.229,0.257,32.1
0.466,0.288,32.1
0.518,0.358,32.1
0.495,0.404,32.1
0.4,0.401,32.1
0.22,0.414,32.1
0.021,0.527,32.1
0.0,0.591,32.1
0.0,0.599,32.1
0.0,0.599,32.1
0.0,0.568,32.1
0.0,0.539,32.1
0.0,0.556,32.1
0.0,0.591,32.1
0.0,0.58,32.1
0.0,0.537,32.1
0.0,0.476,32.1
0.0,0.432,32.1
0.0,0.359,32.1
0.0,0.311,32.1
0.0,0.265,32.1
0.0,0.229,32.1
0.0,0.236,32.1
0.0,0.263,32.1
0.012,0.259,32.1
0.028,0.322,32.1
0.048,0.395,32.1
0.055,0.441,32.1
0.096,0.489,32.1
0.068,0.494,32.1
0.0,0.522,32.1
0.0,0.575,32.1
0.0,0.623,32.1
0.0,0.651,32.1
0.0,0.666,32.1
0.0,0.672,32.1
0.0,0.68,32.1
0.0,0.705,32.1
0.0,0.714,32.1
0.0,0.692,32.1
0.0,0.682,32.1
0.0,0.693,32.1
0.0,0.739,32.1
0.0,0.659,32.1
0.0,0.61,32.1
0.0,0.586,32.1
0.0,0.557,32.1
0.001,0.51,32.1
0.03,0.468,32.1
0.064,0.4,32.1
0.076,0.337,32.1
0.061,0.327,32.1
0.035,0.297,32.1
0.008,0.302,32.1
0.0,0.348,32.1
0.0,0.332,32.1
0.0,0.29,32.1
0.0,0.272,32.1
0.0,0.264,32.1
0.0,0.251,32.1
0.0,0.249,32.1
0.0,0.274,32.1
0.0,0.363,32.1
0.0,0.452,32.1
0.0,0.532,32.1
0.0,0.557,32.1
0.0,0.57,32.1
0.0,0.601,32.1
0.0,0.684,32.1
0.0,0.785,32.1
0.0,0.813,32.1
0.0,0.849,32.1
0.038,0.871,32.1
0.055,0.87,32.1
0.1,0.852,32.1
0.074,0.82,32.1
0.045,0.785,32.1
0.011,0.763,32.1
0.0,0.752,32.1
0.0,0.743,32.1
0.0,0.734,32.1
0.0,0.72,32.1
0.0,0.683,32.1
0.0,0.625,32.1
0.0,0.572,32.1
0.0,0.471,32.1
0.0,0.501,32.1
0.0,0.523,32.1
0.0,0.525,32.1
0.0,0.499,32.1
0.0,0.457,32.1
0.0,0.398,32.1
0.0,0.35,32.1
0.0,0.311,32.1
0.0,0.33,32.1
0.029,0.332,32.1
0.088,0.328,32.1
0.13,0.378,32.1
0.22,0.476,32.1
0.242,0.505,32.1
0.191,0.471,32.1
0.05,0.386,32.1
0.001,0.343,32.1
0.0,0.296,32.1
0.0,0.2,32.1
0.0,0.152,32.1
0.0,0.156,32.1
0.0,0.197,32.1
0.0,0.23,32.1
0.0,0.272,32.1
0.0,0.323,32.1
0.0,0.343,32.1
0.0,0.336,32.1
0.0,0.306,32.1
0.0,0.281,32.1
0.0,0.294,32.1
0.0,0.325,32.1
0.0,0.352,32.1
0.0,0.382,32.1
0.013,0.445,32.1
0.073,0.434,32.1
0.126,0.494,32.1
0.175,0.59,32.1
0.154,0.613,32.1
0.089,0.621,32.1
0.044,0.647,32.1
0.002,0.695,32.1
0.0,0.724,32.1
0.0,0.729,32.1
0.0,0.739,32.1
0.0,0.749,32.1
0.0,0.752,32.1
0.0,0.748,32.1
0.0,0.738,32.1
0.0,0.726,32.1
0.0,0.718,32.1
0.0,0.704,32.1
0.0,0.681,32.1
0.0,0.696,32.1
0.0,0.72,32.1
0.0,0.737,32.1
0.0,0.774,32.1
0.0,0.813,32.1
0.006,0.815,32.1
0.019,0.804,32.1
0.052,0.777,32.1
0.081,0.758,32.1
0.109,0.739,32.1
0.111,0.705,32.1
0.032,0.695,32.1
0.0,0.718,32.1
0.0,0.736,32.1
0.0,0.672,32.1
0.0,0.619,32.1
0.0,0.535,32.1
0.0,0.422,32.1
0.0,0.336,32.1
0.0,0.261,32.1
0.0,0.251,32.1
0.0,0.254,32.1
0.0,0.269,32.1
0.0,0.285,32.1
0.0,0.3,32.1
0.0,0.311,32.1
0.0,0.307,32.1
0.0,0.297,32.1
0.0,0.291,32.1
0.0,0.286,32.1
0.017,0.327,32.1
0.043,0.363,32.1
0.07,0.437,32.1
0.092,0.544,32.1
0.116,0.599,32.1
0.053,0.621,32.1
0.0,0.683,32.1
0.0,0.766,32.1
0.0,0.813,32.1
0.0,0.827,32.1
0.0,0.863,32.1
0.0,0.916,32.1
0.0,0.94,32.1
0.0,0.953,32.1
0.0,0.951,32.1
0.0,0.949,32.1
0.0,0.944,32.1
0.0,0.947,32.1
0.0,0.959,32.1
0.0,0.967,32.1
0.0,0.966,32.1
0.0,0.95,32.1
0.0,0.908,32.1
0.0,0.865,32.1
0.01,0.853,32.1
0.019,0.879,32.1
0.02,0.896,32.1
0.012,0.911,32.1
0.013,0.926,32.1
0.005,0.946,32.1
0.0,0.966,32.1
0.0,0.977,32.1
0.0,0.975,32.1
0.0,0.973,32.1
0.0,0.972,32.1
0.0,0.972,32.1
0.0,0.974,32.1
0.0,0.97,32.1
0.0,0.968,32.1
0.0,0.966,32.1
0.0,0.96,32.1
0.0,0.952,32.1
0.0,0.944,32.1
0.0,0.913,32.1
0.0,0.896,32.1
0.0,0.899,32.1
0.0,0.901,32.1
0.068,0.897,32.1
0.153,0.897,32.1
0.136,0.897,32.1
0.094,0.906,32.1
0.063,0.906,32.1
0.029,0.909,32.1
0.001,0.874,32.1
0.0,0.788,32.1
0.0,0.597,32.1
0.0,0.469,32.1
0.0,0.442,32.1
0.0,0.405,32.1
0.0,0.37,32.1
0.0,0.381,32.1
0.0,0.36,32.1
0.0,0.316,32.1
0.0,0.28,32.1
0.0,0.24,32.1
0.0,0.207,32.1
0.0,0.191,32.1
0.0,0.189,32.1
0.0,0.201,32.1
0.0,0.225,32.1
0.0,0.274,32.1
0.041,0.286,32.1
0.209,0.294,32.1
0.432,0.337,32.1
0.506,0.386,32.1
0.477,0.477,32.1
0.363,0.498,32.1
0.104,0.525,32.1
0.011,0.619,32.1
0.0,0.687,32.1
0.0,0.71,32.1
0.0,0.742,32.1
0.0,0.795,32.1
0.0,0.809,32.1
0.0,0.792,32.1
0.0,0.76,32.1
0.0,0.703,32.1
0.0,0.664,32.1
0.0,0.63,32.1
0.0,0.653,32.1
0.0,0.684,32.1
0.0,0.663,32.1
0.0,0.623,32.1
0.0,0.571,32.1
0.0,0.539,32.1
0.002,0.519,32.1
0.019,0.466,32.1
0.045,0.487,32.1
0.076,0.504,32.1
0.093,0.495,32.1
0.073,0.544,32.1
0.031,0.631,32.1
0.0,0.7,32.1
0.0,0.751,32.1
0.0,0.783,32.1
0.0,0.759,32.1
0.0,0.695,32.1
0.0,0.58,32.1
0.0,0.469,32.1
0.0,0.447,32.1
0.0,0.451,32.1
0.0,0.444,32.1
0.0,0.415,32.1
0.0,0.376,32.1
0.0,0.364,32.1
0.0,0.362,32.1
0.0,0.333,32.1
0.0,0.323,32.1
0.0,0.328,32.1
0.022,0.317,32.1
0.059,0.311,32.1
0.12,0.332,32.1
0.25,0.391,32.1
0.379,0.403,32.1
0.299,0.401,32.1
0.143,0.37,32.1
0.017,0.338,32.1
0.0,0.343,32.1
0.0,0.355,32.1
0.0,0.381,32.1
0.0,0.404,32.1
0.0,0.413,32.1
0.0,0.404,32.1
0.0,0.378,32.1
0.0,0.347,32.1
0.0,0.324,32.1
0.0,0.31,32.1
0.0,0.311,32.1
0.0,0.335,32.1
0.0,0.374,32.1
0.0,0.402,32.1
0.0,0.444,32.1
0.0,0.457,32.1
0.107,0.386,32.1
0.28,0.269,32.1
0.428,0.25,32.1
0.455,0.407,32.1
0.404,0.439,32.1
0.323,0.404,32.1
0.171,0.343,32.1
0.009,0.341,32.1
0.0,0.415,32.1
0.0,0.413,32.1
0.0,0.375,32.1
0.0,0.365,32.1
0.0,0.262,32.1
0.0,0.174,32.1
0.0,0.11,32.1
0.0,0.08,32.1
0.0,0.054,32.1
0.0,0.039,32.1
0.0,0.039,32.1
0.0,0.036,32.1
0.0,0.019,32.1
0.0,0.006,32.1
0.0,0.002,32.1
0.0,0.003,32.1
0.029,0.011,32.1
0.075,0.02,32.1
0.131,0.021,32.1
0.193,0.02,32.1
0.274,0.012,32.1
0.252,0.008,32.1
0.137,0.008,32.1
0.021,0.015,32.1
0.0,0.025,32.1
0.0,0.029,32.1
0.0,0.026,32.1
0.0,0.019,32.1
0.0,0.018,32.1
0.0,0.032,32.1
0.0,0.068,32.1
0.0,0.114,32.1
0.0,0.144,32.1
0.0,0.16,32.1
0.0,0.167,32.1
0.0,0.162,32.1
0.0,0.149,32.1
0.0,0.144,32.1
0.0,0.148,32.1
0.003,0.149,32.1
0.186,0.123,32.1
0.37,0.064,32.1
0.512,0.042,32.1
0.567,0.051,32.1
0.539,0.049,32.1
0.44,0.042,32.1
0.263,0.034,32.1
0.057,0.023,32.1
0.0,0.015,32.1
0.0,0.016,32.1
0.0,0.034,32.1
0.0,0.057,32.1
0.0,0.065,32.1
0.0,0.054,32.1
0.0,0.041,32.1
0.0,0.03,32.1
0.0,0.018,32.1
0.0,0.015,32.1
0.0,0.026,32.1
0.0,0.039,32.1
0.0,0.038,32.1
0.0,0.032,32.1
0.0,0.035,32.1
0.0,0.042,32.1
0.019,0.03,32.1
0.047,0.013,32.1
0.068,0.006,32.1
0.075,0.006,32.1
0.079,0.008,32.1
0.047,0.007,32.1
0.014,0.005,32.1
0.0,0.005,32.1
0.0,0.011,32.1
0.0,0.018,32.1
0.0,0.021,32.1
0.0,0.021,32.1
0.0,0.024,32.1
0.0,0.033,32.1
0.0,0.046,32.1
0.0,0.059,32.1
0.0,0.068,32.1
0.0,0.076,32.1
0.0,0.077,32.1
0.0,0.073,32.1
0.0,0.07,32.1
0.0,0.071,32.1
0.0,0.072,32.1
0.0,0.07,32.1
0.052,0.054,32.1
0.14,0.033,32.1
0.257,0.054,32.1
0.279,0.062,32.1
0.312,0.061,32.1
0.31,0.061,32.1
0.162,0.063,32.1
0.03,0.076,32.1
0.0,0.092,32.1
0.0,0.105,32.1
0.0,0.116,32.1
0.0,0.12,32.1
0.0,0.117,32.1
0.0,0.114,32.1
0.0,0.106,32.1
0.0,0.098,32.1
0.0,0.089,32.1
0.0,0.079,32.1
0.0,0.073,32.1
0.0,0.074,32.1
0.0,0.084,32.1
0.0,0.095,32.1
0.0,0.1,32.1
0.0,0.101,32.1
0.073,0.077,32.1
0.205,0.053,32.1
0.289,0.047,32.1
0.324,0.042,32.1
0.3,0.032,32.1
0.226,0.025,32.1
0.116,0.026,32.1
0.018,0.043,32.1
0.0,0.055,32.1
0.0,0.057,32.1
0.0,0.064,32.1
0.0,0.088,32.1
0.0,0.124,32.1
0.0,0.142,32.1
0.0,0.138,32.1
0.0,0.126,32.1
0.0,0.1,32.1
0.0,0.071,32.1
0.0,0.052,32.1
0.0,0.049,32.1
0.0,0.059,32.1
0.0,0.081,32.1
0.0,0.106,32.1
0.0,0.126,32.1
0.05,0.113,32.1
0.117,0.081,32.1
0.133,0.061,32.1
0.113,0.048,32.1
0.087,0.043,32.1
0.054,0.041,32.1
0.017,0.047,32.1
0.0,0.079,32.1
0.0,0.128,32.1
0.0,0.171,32.1
0.0,0.179,32.1
0.0,0.167,32.1
0.0,0.166,32.1
0.0,0.164,32.1
0.0,0.176,32.1
0.0,0.161,32.1
0.0,0.153,32.1
0.0,0.165,32.1
0.0,0.181,32.1
0.0,0.188,32.1
0.0,0.205,32.1
0.0,0.227,32.1
0.0,0.251,32.1
0.0,0.274,32.1
0.012,0.288,32.1
0.066,0.276,32.1
0.156,0.337,32.1
0.304,0.391,32.1
0.362,0.434,32.1
0.258,0.462,32.1
0.106,0.457,32.1
0.01,0.502,32.1
0.0,0.567,32.1
0.0,0.574,32.1
0.0,0.582,32.1
0.0,0.62,32.1
0.0,0.664,32.1
0.0,0.687,32.1
0.0,0.713,32.1
0.0,0.753,32.1
0.0,0.815,32.1
0.0,0.853,32.1
0.0,0.856,32.1
0.0,0.777,32.1
0.0,0.711,32.1
0.0,0.635,32.1
0.0,0.547,32.1
0.0,0.514,32.1
0.01,0.498,32.1
0.026,0.491,32.1
0.029,0.487,32.1
0.041,0.494,32.1
0.048,0.466,32.1
0.046,0.432,32.1
0.035,0.42,32.1
0.005,0.447,32.1
0.0,0.486,32.1
0.0,0.519,32.1
0.0,0.538,32.1
0.0,0.607,32.1
0.0,0.697,32.1
0.0,0.804,32.1
0.0,0.857,32.1
0.0,0.893,32.1
0.0,0.863,32.1
0.0,0.77,32.1
0.0,0.704,32.1
0.0,0.755,32.1
0.0,0.831,32.1
0.0,0.845,32.1
0.0,0.866,32.1
0.0,0.86,32.1
0.024,0.859,32.1
0.06,0.862,32.1
0.124,0.866,32.1
0.231,0.878,32.1
0.266,0.881,32.1
0.244,0.86,32.1
0.123,0.813,32.1
0.007,0.772,32.1
0.0,0.762,32.1
0.0,0.718,32.1
0.0,0.685,32.1
0.0,0.675,32.1
0.0,0.601,32.1
0.0,0.507,32.1
0.0,0.498,32.1
0.0,0.547,32.1
0.0,0.571,32.1
0.0,0.564,32.1
0.0,0.565,32.1
0.0,0.531,32.1
0.0,0.526,32.1
0.0,0.543,32.1
0.0,0.56,32.1
0.0,0.556,32.1
0.05,0.571,32.1
0.215,0.601,32.1
0.26,0.709,32.1
0.276,0.764,32.1
0.284,0.763,32.1
0.297,0.746,32.1
0.205,0.682,32.1
0.041,0.585,32.1
0.0,0.524,32.1
0.0,0.51,32.1
0.0,0.539,32.1
0.0,0.554,32.1
0.0,0.555,32.1
0.0,0.543,32.1
0.0,0.526,32.1
0.0,0.519,32.1
0.0,0.487,32.1
0.0,0.486,32.1
0.0,0.481,32.1
0.0,0.458,32.1
0.0,0.501,32.1
0.0,0.481,32.1
0.0,0.454,32.1
0.0,0.447,32.1
0.013,0.423,32.1
0.031,0.454,32.1
0.085,0.541,32.1
0.175,0.612,32.1
0.153,0.702,32.1
0.076,0.775,32.1
0.038,0.812,32.1
0.002,0.775,32.1
0.0,0.744,32.1
0.0,0.805,32.1
0.0,0.848,32.1
0.0,0.851,32.1
0.0,0.855,32.1
0.0,0.857,32.1
0.0,0.853,32.1
0.0,0.837,32.1
0.0,0.803,32.1
0.0,0.756,32.1
0.0,0.735,32.1
0.0,0.676,32.1
0.0,0.599,32.1
0.0,0.507,32.1
0.0,0.481,32.1
0.0,0.484,32.1
0.013,0.51,32.1
0.041,0.523,32.1
0.072,0.56,32.1
0.102,0.658,32.1
0.092,0.683,32.1
0.063,0.654,32.1
0.052,0.649,32.1
0.01,0.681,32.1
0.0,0.709,32.1
0.0,0.725,32.1
0.0,0.74,32.1
0.0,0.763,32.1
0.0,0.786,32.1
0.0,0.803,32.1
0.0,0.812,32.1
0.0,0.816,32.1
0.0,0.821,32.1
0.0,0.796,32.1
0.0,0.791,32.1
0.0,0.762,32.1
0.0,0.661,32.1
0.0,0.681,32.1
0.0,0.624,32.1
0.0,0.516,32.1
0.011,0.519,32.1
0.041,0.541,32.1
0.087,0.653,32.1
0.142,0.76,32.1
0.154,0.827,32.1
0.173,0.856,32.1
0.086,0.857,32.1
0.061,0.852,32.1
0.0,0.863,32.1
0.0,0.867,32.1
0.0,0.862,32.1
0.0,0.838,32.1
0.0,0.82,32.1
0.0,0.808,32.1
0.0,0.759,32.1
0.0,0.67,32.1
0.0,0.544,32.1
0.0,0.495,32.1
0.0,0.47,32.1
0.0,0.372,32.1
0.0,0.268,32.1
0.0,0.22,32.1
0.0,0.186,32.1
0.0,0.236,32.1
0.001,0.379,32.1
0.037,0.476,32.1
0.026,0.721,32.1
0.045,0.893,32.1
0.072,0.951,32.1
0.045,0.928,32.1
0.036,0.893,32.1
0.007,0.856,32.1
0.0,0.817,32.1
0.0,0.768,32.1
0.0,0.734,32.1
0.0,0.711,32.1
0.0,0.722,32.1
0.0,0.73,32.1
0.0,0.734,32.1
0.0,0.748,32.1
0.0,0.766,32.1
0.0,0.777,32.1
0.0,0.777,32.1
0.0,0.789,32.1
0.0,0.79,32.1
0.0,0.818,32.1
0.0,0.813,32.1
0.004,0.788,32.1
0.117,0.802,32.1
0.149,0.779,32.1
0.173,0.778,32.1
0.231,0.765,32.1
0.219,0.72,32.1
0.122,0.644,32.1
0.058,0.606,32.1
0.002,0.581,32.1
0.0,0.524,32.1
0.0,0.485,32.1
0.0,0.451,32.1
0.0,0.398,32.1
0.0,0.33,32.1
0.0,0.362,32.1
0.0,0.434,32.1
0.0,0.526,32.1
0.0,0.678,32.1
0.0,0.734,32.1
0.0,0.75,32.1
0.0,0.763,32.1
0.0,0.763,32.1
0.0,0.769,32.1
0.0,0.755,32.1
0.0,0.729,32.1
0.023,0.729,32.1
0.068,0.731,32.1
0.13,0.736,32.1
0.191,0.788,32.1
0.202,0.809,32.1
0.106,0.763,32.1
0.046,0.714,32.1
0.002,0.737,32.1
0.0,0.744,32.1
0.0,0.697,32.1
0.0,0.613,32.1
0.0,0.539,32.1
0.0,0.46,32.1
0.0,0.385,32.1
0.0,0.332,32.1
0.0,0.283,32.1
0.0,0.227,32.1
0.0,0.167,32.1
0.0,0.134,32.1
0.0,0.12,32.1
0.0,0.115,32.1
0.0,0.095,32.1
0.0,0.064,32.1
0.026,0.034,32.1
0.17,0.012,32.1
0.328,0.013,32.1
0.506,0.018,32.1
0.558,0.024,32.1
0.544,0.035,32.1
0.439,0.053,32.1
0.258,0.068,32.1
0.053,0.079,32.1
0.0,0.088,32.1
0.0,0.089,32.1
0.0,0.084,32.1
0.0,0.08,32.1
0.0,0.078,32.1
0.0,0.08,32.1
0.0,0.086,32.1
0.0,0.097,32.1
0.0,0.121,32.1
0.0,0.152,32.1
0.0,0.179,32.1
0.0,0.2,32.1
0.0,0.213,32.1
0.0,0.213,32.1
0.0,0.201,32.1
0.038,0.172,32.1
0.143,0.104,32.1
0.364,0.052,32.1
0.537,0.034,32.1
0.59,0.019,32.1
0.557,0.014,32.1
0.483,0.012,32.1
0.328,0.011,32.1
0.113,0.012,32.1
0.0,0.013,32.1
0.0,0.015,32.1
0.0,0.024,32.1
0.0,0.038,32.1
0.0,0.058,32.1
0.0,0.087,32.1
0.0,0.128,32.1
0.0,0.188,32.1
0.0,0.26,32.1
0.0,0.323,32.1
0.0,0.358,32.1
0.0,0.363,32.1
0.0,0.348,32.1
0.0,0.332,32.1
0.0,0.325,32.1
0.076,0.304,32.1
0.277,0.208,32.1
0.516,0.176,32.1
0.613,0.267,32.1
0.643,0.313,32.1
0.612,0.358,32.1
0.525,0.376,32.1
0.374,0.357,32.1
0.155,0.454,32.1
0.0,0.586,32.1
0.0,0.633,32.1
0.0,0.61,32.1
0.0,0.591,32.1
0.0,0.58,32.1
0.0,0.571,32.1
0.0,0.552,32.1
0.0,0.519,32.1
0.0,0.491,32.1
0.0,0.486,32.1
0.0,0.532,32.1
0.0,0.568,32.1
0.0,0.566,32.1
0.0,0.552,32.1
0.0,0.59,32.1
0.009,0.588,32.1
0.057,0.52,32.1
0.125,0.459,32.1
0.106,0.466,32.1
0.08,0.432,32.1
0.047,0.392,32.1
0.015,0.361,32.1
0.003,0.35,32.1
0.0,0.362,32.1
0.0,0.352,32.1
0.0,0.392,32.1
0.0,0.388,32.1
0.0,0.402,32.1
0.0,0.428,32.1
0.0,0.394,32.1
0.0,0.388,32.1
0.0,0.424,32.1
0.0,0.444,32.1
0.0,0.497,32.1
0.0,0.601,32.1
0.0,0.686,32.1
0.0,0.763,32.1
0.0,0.882,32.1
0.0,0.951,32.1
0.002,0.974,32.1
0.042,0.988,32.1
0.171,0.991,32.1
0.245,0.991,32.1
0.129,0.988,32.1
0.115,0.974,32.1
0.082,0.959,32.1
0.032,0.951,32.1
0.003,0.95,32.1
0.0,0.963,32.1
0.0,0.981,32.1
0.0,0.989,32.1
0.0,0.991,32.1
0.0,0.991,32.1
0.0,0.991,32.1
0.0,0.99,32.1
0.0,0.989,32.1
0.0,0.989,32.1
0.0,0.987,32.1
0.0,0.986,32.1
0.0,0.985,32.1
0.0,0.987,32.1
0.0,0.987,32.1
0.0,0.985,32.1
0.029,0.979,32.1
0.186,0.979,32.1
0.279,0.982,32.1
0.44,0.985,32.1
0.472,0.984,32.1
0.45,0.981,32.1
0.311,0.972,32.1
0.076,0.955,32.1
0.011,0.898,32.1
0.0,0.867,32.1
0.0,0.943,32.1
0.0,0.973,32.1
0.0,0.978,32.1
0.0,0.982,32.1
0.0,0.969,32.1
0.0,0.939,32.1
0.0,0.941,32.1
0.0,0.959,32.1
0.0,0.962,32.1
0.0,0.96,32.1
0.0,0.962,32.1
0.0,0.959,32.1
0.0,0.955,32.1
0.0,0.948,32.1
0.06,0.945,32.1
0.231,0.945,32.1
0.376,0.955,32.1
0.414,0.965,32.1
0.4,0.967,32.1
0.341,0.965,32.1
0.186,0.964,32.1
0.107,0.96,32.1
0.052,0.948,32.1
0.0,0.923,32.1
0.0,0.905,32.1
0.0,0.899,32.1
0.0,0.905,32.1
0.0,0.91,32.1
0.0,0.906,32.1
0.0,0.896,32.1
0.0,0.888,32.1
0.0,0.877,32.1
0.0,0.868,32.1
0.0,0.859,32.1
0.0,0.84,32.1
0.0,0.819,32.1
0.0,0.799,32.1
0.0,0.763,32.1
0.027,0.734,32.1
0.122,0.705,32.1
0.225,0.753,32.1
0.282,0.793,32.1
0.382,0.801,32.1
0.396,0.805,32.1
0.379,0.791,32.1
0.307,0.755,32.1
0.117,0.694,32.1
0.0,0.623,32.1
0.0,0.552,32.1
0.0,0.552,32.1
0.0,0.518,32.1
0.0,0.51,32.1
0.0,0.498,32.1
0.0,0.472,32.1
0.0,0.479,32.1
0.0,0.479,32.1
0.0,0.466,32.1
0.0,0.518,32.1
0.0,0.561,32.1
0.0,0.574,32.1
0.0,0.62,32.1
0.0,0.641,32.1
0.0,0.701,32.1
0.006,0.889,32.1
0.035,0.92,32.1
0.044,0.855,32.1
0.213,0.741,32.1
0.304,0.762,32.1
0.14,0.82,32.1
0.067,0.78,32.1
0.017,0.737,32.1
0.0,0.654,32.1
0.0,0.518,32.1
0.0,0.446,32.1
0.0,0.475,32.1
0.0,0.544,32.1
0.0,0.633,32.1
0.0,0.638,32.1
0.0,0.568,32.1
0.0,0.535,32.1
0.0,0.501,32.1
0.0,0.498,32.1
0.0,0.513,32.1
0.0,0.466,32.1
0.0,0.412,32.1
0.0,0.341,32.1
0.033,0.264,32.1
0.113,0.181,32.1
0.221,0.17,32.1
0.271,0.2,32.1
0.296,0.243,32.1
0.329,0.262,32.1
0.353,0.278,32.1
0.284,0.317,32.1
0.068,0.355,32.1
0.0,0.449,32.1
0.0,0.538,32.1
0.0,0.534,32.1
0.0,0.51,32.1
0.0,0.504,32.1
0.0,0.506,32.1
0.0,0.507,32.1
0.0,0.505,32.1
0.0,0.51,32.1
0.0,0.523,32.1
0.0,0.532,32.1
0.0,0.523,32.1
0.0,0.516,32.1
0.0,0.532,32.1
0.0,0.548,32.1
0.021,0.56,32.1
0.103,0.57,32.1
0.173,0.703,32.1
0.216,0.776,32.1
0.347,0.832,32.1
0.42,0.852,32.1
0.344,0.868,32.1
0.151,0.885,32.1
0.023,0.916,32.1
0.0,0.931,32.1
0.0,0.949,32.1
0.0,0.961,32.1
0.0,0.973,32.1
0.0,0.977,32.1
0.0,0.979,32.1
0.0,0.98,32.1
0.0,0.976,32.1
0.0,0.977,32.1
0.0,0.978,32.1
0.0,0.979,32.1
0.0,0.981,32.1
0.0,0.985,32.1
0.0,0.989,32.1
0.0,0.991,32.1
0.0,0.991,32.1
0.03,0.991,32.1
0.061,0.991,32.1
0.075,0.991,32.1
0.126,0.991,32.1
0.138,0.989,32.1
0.081,0.984,32.1
0.027,0.988,32.1
0.0,0.99,32.1
0.0,0.974,32.1
0.0,0.917,32.1
0.0,0.893,32.1
0.0,0.884,32.1
0.0,0.897,32.1
0.0,0.917,32.1
0.0,0.924,32.1
0.0,0.926,32.1
0.0,0.924,32.1
0.0,0.914,32.1
0.0,0.895,32.1
0.0,0.868,32.1
0.0,0.833,32.1
0.0,0.787,32.1
0.0,0.739,32.1
0.078,0.715,32.1
0.304,0.737,32.1
0.461,0.814,32.1
0.497,0.857,32.1
0.423,0.883,32.1
0.331,0.893,32.1
0.232,0.887,32.1
0.175,0.862,32.1
0.071,0.845,32.1
0.0,0.851,32.1
0.0,0.856,32.1
0.0,0.845,32.1
0.0,0.825,32.1
0.0,0.79,32.1
0.0,0.768,32.1
0.0,0.795,32.1
0.0,0.801,32.1
0.0,0.797,32.1
0.0,0.774,32.1
0.0,0.753,32.1
0.0,0.727,32.1
0.0,0.615,32.1
0.0,0.58,32.1
0.0,0.568,32.1
0.071,0.621,32.1
0.191,0.639,32.1
0.271,0.78,32.1
0.392,0.847,32.1
0.388,0.845,32.1
0.42,0.834,32.1
0.434,0.819,32.1
0.279,0.794,32.1
0.074,0.777,32.1
0.001,0.791,32.1
0.0,0.819,32.1
0.0,0.851,32.1
0.0,0.882,32.1
0.0,0.887,32.1
0.0,0.878,32.1
0.0,0.865,32.1
0.0,0.852,32.1
0.0,0.818,32.1
0.0,0.725,32.1
0.0,0.69,32.1
0.0,0.669,32.1
0.0,0.636,32.1
0.0,0.571,32.1
0.0,0.532,32.1
0.077,0.49,32.1
0.223,0.527,32.1
0.494,0.65,32.1
0.603,0.648,32.1
0.607,0.648,32.1
0.584,0.641,32.1
0.428,0.614,32.1
0.211,0.553,32.1
0.075,0.47,32.1
0.002,0.457,32.1
0.0,0.441,32.1
0.0,0.417,32.1
0.0,0.471,32.1
0.0,0.615,32.1
0.0,0.633,32.1
0.0,0.606,32.1
0.0,0.603,32.1
0.0,0.644,32.1
0.0,0.705,32.1
0.0,0.706,32.1
0.0,0.68,32.1
0.0,0.682,32.1
0.0,0.67,32.1
0.0,0.68,32.1
0.023,0.695,32.1
0.136,0.728,32.1
0.261,0.832,32.1
0.383,0.896,32.1
0.456,0.926,32.1
0.305,0.926,32.1
0.162,0.915,32.1
0.172,0.924,32.1
0.054,0.939,32.1
0.0,0.944,32.1
0.0,0.94,32.1
0.0,0.918,32.1
0.0,0.855,32.1
0.0,0.852,32.1
0.0,0.814,32.1
0.0,0.748,32.1
0.0,0.709,32.1
0.0,0.644,32.1
0.0,0.595,32.1
0.0,0.574,32.1
0.0,0.523,32.1
0.0,0.469,32.1
0.0,0.459,32.1
0.0,0.448,32.1
0.036,0.466,32.1
0.169,0.401,32.1
0.432,0.58,32.1
0.596,0.721,32.1
0.585,0.772,32.1
0.47,0.813,32.1
0.271,0.827,32.1
0.091,0.791,32.1
0.028,0.763,32.1
0.0,0.776,32.1
0.0,0.788,32.1
0.0,0.808,32.1
0.0,0.831,32.1
0.0,0.841,32.1
0.0,0.839,32.1
0.0,0.819,32.1
0.0,0.805,32.1
0.0,0.787,32.1
0.0,0.781,32.1
0.0,0.799,32.1
0.0,0.842,32.1
0.0,0.873,32.1
0.0,0.87,32.1
0.0,0.906,32.1
0.017,0.927,32.1
0.033,0.939,32.1
0.054,0.935,32.1
0.077,0.927,32.1
0.087,0.924,32.1
0.056,0.915,32.1
0.031,0.909,32.1
0.013,0.893,32.1
0.007,0.886,32.1
0.0,0.878,32.1
0.0,0.87,32.1
0.0,0.869,32.1
0.0,0.866,32.1
0.0,0.859,32.1
0.0,0.842,32.1
0.0,0.808,32.1
0.0,0.757,32.1
0.0,0.741,32.1
0.0,0.729,32.1
0.0,0.721,32.1
0.0,0.685,32.1
0.0,0.725,32.1
0.0,0.887,32.1
0.0,0.983,32.1
0.003,0.99,32.1
0.027,0.988,32.1
0.034,0.99,32.1
0.05,0.991,32.1
0.089,0.991,32.1
0.093,0.991,32.1
0.076,0.987,32.1
0.054,0.971,32.1
0.063,0.93,32.1
0.004,0.867,32.1
0.0,0.745,32.1
0.0,0.639,32.1
0.0,0.545,32.1
0.0,0.468,32.1
0.0,0.395,32.1
0.0,0.336,32.1
0.0,0.265,32.1
0.0,0.175,32.1
0.0,0.118,32.1
0.0,0.095,32.1
0.0,0.132,32.1
0.0,0.21,32.1
0.0,0.243,32.1
0.0,0.318,32.1
0.0,0.476,32.1
0.0,0.55,32.1
0.001,0.665,32.1
0.036,0.781,32.1
0.132,0.866,32.1
0.124,0.952,32.1
0.091,0.964,32.1
0.08,0.959,32.1
0.017,0.956,32.1
0.0,0.947,32.1
0.0,0.946,32.1
0.0,0.941,32.1
0.0,0.935,32.1
0.0,0.924,32.1
0.0,0.906,32.1
0.0,0.861,32.1
0.0,0.772,32.1
0.0,0.709,32.1
0.0,0.697,32.1
0.0,0.611,32.1
0.0,0.531,32.1
0.0,0.559,32.1
0.0,0.571,32.1
0.0,0.582,32.1
0.126,0.491,32.1
0.312,0.535,32.1
0.417,0.718,32.1
0.495,0.731,32.1
0.559,0.732,32.1
0.463,0.728,32.1
0.264,0.715,32.1
0.099,0.644,32.1
0.034,0.544,32.1
0.006,0.523,32.1
0.0,0.574,32.1
0.0,0.523,32.1
0.0,0.401,32.1
0.0,0.429,32.1
0.0,0.614,32.1
0.0,0.695,32.1
0.0,0.689,32.1
0.0,0.668,32.1
0.0,0.649,32.1
0.0,0.628,32.1
0.0,0.63,32.1
0.0,0.608,32.1
0.0,0.556,32.1
0.0,0.469,32.1
0.009,0.46,32.1
0.061,0.538,32.1
0.161,0.683,32.1
0.227,0.749,32.1
0.345,0.746,32.1
0.407,0.724,32.1
0.345,0.69,32.1
0.23,0.636,32.1
0.094,0.494,32.1
0.014,0.439,32.1
0.0,0.454,32.1
0.0,0.432,32.1
0.0,0.449,32.1
0.0,0.462,32.1
0.0,0.447,32.1
0.0,0.42,32.1
0.0,0.382,32.1
0.0,0.328,32.1
0.0,0.278,32.1
0.0,0.254,32.1
0.0,0.261,32.1
0.0,0.278,32.1
0.0,0.313,32.1
0.0,0.323,32.1
0.003,0.361,32.1
0.023,0.394,32.1
0.055,0.407,32.1
0.095,0.374,32.1
0.117,0.28,32.1
0.1,0.093,32.1
0.073,0.043,32.1
0.04,0.267,32.1
0.012,0.429,32.1
0.0,0.444,32.1
0.0,0.525,32.1
0.0,0.632,32.1
0.0,0.663,32.1
0.0,0.618,32.1
0.0,0.56,32.1
0.0,0.547,32.1
0.0,0.539,32.1
0.0,0.519,32.1
0.0,0.497,32.1
0.0,0.466,32.1
0.0,0.391,32.1
0.0,0.324,32.1
0.0,0.314,32.1
0.0,0.334,32.1
0.028,0.311,32.1
0.11,0.274,32.1
0.182,0.332,32.1
0.188,0.469,32.1
0.194,0.55,32.1
0.233,0.646,32.1
0.219,0.757,32.1
0.072,0.819,32.1
0.016,0.871,32.1
0.0,0.905,32.1
0.0,0.906,32.1
0.0,0.896,32.1
0.0,0.875,32.1
0.0,0.858,32.1
0.0,0.879,32.1
0.0,0.883,32.1
0.0,0.871,32.1
0.0,0.819,32.1
0.0,0.824,32.1
0.0,0.838,32.1
0.0,0.887,32.1
0.0,0.866,32.1
0.0,0.82,32.1
0.0,0.83,32.1
0.05,0.874,32.1
0.156,0.901,32.1
0.204,0.935,32.1
0.127,0.957,32.1
0.082,0.962,32.1
0.065,0.952,32.1
0.147,0.926,32.1
0.156,0.881,32.1
0.137,0.896,32.1
0.032,0.872,32.1
0.0,0.833,32.1
0.0,0.862,32.1
0.0,0.918,32.1
0.0,0.949,32.1
0.0,0.943,32.1
0.0,0.929,32.1
0.0,0.919,32.1
0.0,0.909,32.1
0.0,0.899,32.1
0.0,0.898,32.1
0.0,0.901,32.1
0.0,0.902,32.1
0.0,0.894,32.1
0.0,0.872,32.1
0.07,0.84,32.1
0.154,0.831,32.1
0.277,0.853,32.1
0.354,0.863,32.1
0.337,0.85,32.1
0.275,0.796,32.1
0.246,0.708,32.1
0.197,0.578,32.1
0.103,0.403,32.1
0.012,0.306,32.1
0.0,0.282,32.1
0.0,0.317,32.1
0.0,0.407,32.1
0.0,0.472,32.1
0.0,0.498,32.1
0.0,0.504,32.1
0.0,0.479,32.1
0.0,0.439,32.1
0.0,0.377,32.1
0.0,0.406,32.1
0.0,0.429,32.1
0.0,0.413,32.1
0.0,0.488,32.1
0.0,0.571,32.1
0.009,0.59,32.1
0.02,0.582,32.1
0.036,0.517,32.1
0.073,0.329,32.1
0.098,0.218,32.1
0.082,0.152,32.1
0.056,0.103,32.1
0.036,0.065,32.1
0.019,0.061,32.1
0.0,0.125,32.1
0.0,0.279,32.1
0.0,0.403,32.1
0.0,0.448,32.1
0.0,0.395,32.1
0.0,0.356,32.1
0.0,0.351,32.1
0.0,0.391,32.1
0.0,0.47,32.1
0.0,0.504,32.1
0.0,0.457,32.1
0.0,0.401,32.1
0.0,0.366,32.1
0.0,0.372,32.1
0.0,0.345,32.1
0.045,0.289,32.1
0.123,0.277,32.1
0.391,0.329,32.1
0.462,0.36,32.1
0.415,0.374,32.1
0.309,0.374,32.1
0.254,0.343,32.1
0.159,0.286,32.1
0.113,0.216,32.1
0.025,0.225,32.1
0.0,0.316,32.1
0.0,0.341,32.1
0.0,0.32,32.1
0.0,0.342,32.1
0.0,0.329,32.1
0.0,0.361,32.1
0.0,0.367,32.1
0.0,0.349,32.1
0.0,0.343,32.1
0.0,0.337,32.1
0.0,0.291,32.1
0.0,0.263,32.1
0.0,0.259,32.1
0.001,0.251,32.1
0.055,0.203,32.1
0.16,0.18,32.1
0.36,0.217,32.1
0.523,0.265,32.1
0.566,0.289,32.1
0.464,0.279,32.1
0.313,0.261,32.1
0.19,0.241,32.1
0.089,0.206,32.1
0.012,0.199,32.1
0.0,0.242,32.1
0.0,0.301,32.1
0.0,0.306,32.1
0.0,0.291,32.1
0.0,0.311,32.1
0.0,0.355,32.1
0.0,0.379,32.1
0.0,0.402,32.1
0.0,0.356,32.1
0.0,0.312,32.1
0.0,0.288,32.1
0.0,0.272,32.1
0.0,0.251,32.1
0.0,0.203,32.1
0.0,0.218,32.1
0.01,0.215,32.1
0.028,0.201,32.1
0.061,0.203,32.1
0.081,0.261,32.1
0.087,0.367,32.1
0.059,0.449,32.1
0.039,0.489,32.1
0.022,0.484,32.1
0.004,0.464,32.1
0.0,0.432,32.1
0.0,0.407,32.1
0.0,0.341,32.1
0.0,0.325,32.1
0.0,0.355,32.1
0.0,0.377,32.1
0.0,0.381,32.1
0.0,0.383,32.1
0.0,0.41,32.1
0.0,0.444,32.1
0.0,0.447,32.1
0.0,0.444,32.1
0.0,0.441,32.1
0.0,0.427,32.1
0.024,0.388,32.1
0.084,0.362,32.1
0.169,0.376,32.1
0.298,0.382,32.1
0.379,0.404,32.1
0.377,0.447,32.1
0.304,0.483,32.1
0.204,0.498,32.1
0.081,0.451,32.1
0.018,0.431,32.1
0.0,0.45,32.1
0.0,0.402,32.1
0.0,0.376,32.1
0.0,0.326,32.1
0.0,0.317,32.1
0.0,0.322,32.1
0.0,0.332,32.1
0.0,0.316,32.1
0.0,0.295,32.1
0.0,0.278,32.1
0.0,0.261,32.1
0.0,0.22,32.1
0.0,0.167,32.1
0.031,0.156,32.1
0.24,0.172,32.1
0.435,0.176,32.1
0.561,0.244,32.1
0.634,0.272,32.1
0.652,0.318,32.1
0.635,0.402,32.1
0.563,0.452,32.1
0.362,0.447,32.1
0.191,0.429,32.1
0.053,0.469,32.1
0.0,0.568,32.1
0.0,0.62,32.1
0.0,0.63,32.1
0.0,0.639,32.1
0.0,0.686,32.1
0.0,0.647,32.1
0.0,0.607,32.1
0.0,0.613,32.1
0.0,0.643,32.1
0.0,0.689,32.1
0.0,0.705,32.1
0.0,0.684,32.1
0.0,0.663,32.1
0.012,0.685,32.1
0.062,0.759,32.1
0.179,0.879,32.1
0.226,0.886,32.1
0.163,0.859,32.1
0.206,0.839,32.1
0.216,0.829,32.1
0.144,0.76,32.1
0.127,0.656,32.1
0.066,0.588,32.1
0.037,0.552,32.1
0.0,0.546,32.1
0.0,0.501,32.1
0.0,0.479,32.1
0.0,0.466,32.1
0.0,0.432,32.1
0.0,0.444,32.1
0.0,0.468,32.1
0.0,0.433,32.1
0.0,0.398,32.1
0.0,0.396,32.1
0.0,0.38,32.1
0.0,0.369,32.1
0.0,0.358,32.1
0.0,0.329,32.1
0.032,0.349,32.1
0.107,0.361,32.1
0.432,0.344,32.1
0.511,0.35,32.1
0.51,0.401,32.1
0.515,0.444,32.1
0.464,0.459,32.1
0.369,0.469,32.1
0.211,0.419,32.1
0.024,0.39,32.1
0.0,0.476,32.1
0.0,0.473,32.1
0.0,0.481,32.1
0.0,0.525,32.1
0.0,0.6,32.1
0.0,0.644,32.1
0.0,0.728,32.1
0.0,0.871,32.1
0.0,0.912,32.1
0.0,0.917,32.1
0.0,0.898,32.1
0.0,0.865,32.1
0.0,0.826,32.1
0.0,0.826,32.1
0.012,0.773,32.1
0.033,0.724,32.1
0.044,0.731,32.1
0.063,0.744,32.1
0.095,0.821,32.1
0.107,0.881,32.1
0.105,0.914,32.1
0.119,0.926,32.1
0.09,0.933,32.1
0.024,0.94,32.1
0.0,0.939,32.1
0.0,0.928,32.1
0.0,0.906,32.1
0.0,0.88,32.1
0.0,0.862,32.1
0.0,0.829,32.1
0.0,0.772,32.1
0.0,0.713,32.1
0.0,0.654,32.1
0.0,0.635,32.1
0.0,0.583,32.1
0.0,0.494,32.1
0.0,0.379,32.1
0.0,0.353,32.1
0.027,0.401,32.1
0.085,0.457,32.1
0.177,0.519,32.1
0.359,0.629,32.1
0.45,0.695,32.1
0.577,0.752,32.1
0.476,0.786,32.1
0.293,0.783,32.1
0.135,0.768,32.1
0.042,0.753,32.1
0.0,0.766,32.1
0.0,0.788,32.1
0.0,0.829,32.1
0.0,0.856,32.1
0.0,0.881,32.1
0.0,0.908,32.1
0.0,0.928,32.1
0.0,0.931,32.1
0.0,0.931,32.1
0.0,0.933,32.1
0.0,0.932,32.1
0.0,0.916,32.1
0.0,0.884,32.1
0.045,0.839,32.1
0.245,0.788,32.1
0.445,0.804,32.1
0.577,0.816,32.1
0.613,0.817,32.1
0.624,0.822,32.1
0.579,0.839,32.1
0.448,0.858,32.1
0.331,0.867,32.1
0.154,0.849,32.1
0.045,0.831,32.1
0.0,0.839,32.1
0.0,0.845,32.1
0.0,0.839,32.1
0.0,0.829,32.1
0.0,0.826,32.1
0.0,0.823,32.1
0.0,0.837,32.1
0.0,0.845,32.1
0.0,0.854,32.1
0.0,0.852,32.1
0.0,0.839,32.1
0.0,0.803,32.1
0.0,0.72,32.1
0.039,0.662,32.1
0.175,0.647,32.1
0.293,0.782,32.1
0.45,0.788,32.1
0.54,0.74,32.1
0.586,0.691,32.1
0.581,0.641,32.1
0.532,0.583,32.1
0.427,0.503,32.1
0.259,0.4,32.1
0.057,0.248,32.1
0.0,0.176,32.1
0.0,0.115,32.1
0.0,0.069,32.1
0.0,0.041,32.1
0.0,0.048,32.1
0.0,0.068,32.1
0.0,0.084,32.1
0.0,0.096,32.1
0.0,0.116,32.1
0.0,0.15,32.1
0.0,0.195,32.1
0.0,0.241,32.1
0.0,0.279,32.1
0.01,0.282,32.1
0.093,0.229,32.1
0.216,0.294,32.1
0.378,0.399,32.1
0.517,0.433,32.1
0.531,0.441,32.1
0.427,0.448,32.1
0.328,0.46,32.1
0.195,0.472,32.1
0.088,0.488,32.1
0.017,0.492,32.1
0.0,0.525,32.1
0.0,0.56,32.1
0.0,0.547,32.1
0.0,0.532,32.1
0.0,0.523,32.1
0.0,0.52,32.1
0.0,0.512,32.1
0.0,0.481,32.1
0.0,0.464,32.1
0.0,0.425,32.1
0.0,0.407,32.1
0.0,0.428,32.1
0.0,0.471,32.1
0.0,0.553,32.1
0.043,0.599,32.1
0.21,0.652,32.1
0.476,0.765,32.1
0.486,0.806,32.1
0.364,0.779,32.1
0.281,0.737,32.1
0.243,0.686,32.1
0.119,0.618,32.1
0.077,0.537,32.1
0.018,0.495,32.1
0.0,0.501,32.1
0.0,0.494,32.1
0.0,0.466,32.1
0.0,0.404,32.1
0.0,0.351,32.1
0.0,0.292,32.1
0.0,0.217,32.1
0.0,0.139,32.1
0.0,0.153,32.1
0.0,0.194,32.1
0.0,0.167,32.1
0.0,0.13,32.1
0.0,0.087,32.1
0.024,0.056,32.1
0.092,0.026,32.1
0.195,0.019,32.1
0.44,0.02,32.1
0.616,0.023,32.1
0.642,0.035,32.1
0.558,0.054,32.1
0.497,0.063,32.1
0.442,0.064,32.1
0.235,0.067,32.1
0.08,0.083,32.1
0.0,0.125,32.1
0.0,0.139,32.1
0.0,0.114,32.1
0.0,0.073,32.1
0.0,0.053,32.1
0.0,0.064,32.1
0.0,0.097,32.1
0.0,0.136,32.1
0.0,0.192,32.1
0.0,0.264,32.1
0.0,0.323,32.1
0.0,0.338,32.1
0.0,0.3,32.1
0.018,0.228,32.1
0.156,0.182,32.1
0.476,0.2,32.1
0.628,0.242,32.1
0.706,0.253,32.1
0.73,0.264,32.1
0.711,0.279,32.1
0.64,0.289,32.1
0.507,0.284,32.1
0.312,0.257,32.1
0.107,0.248,32.1
0.0,0.32,32.1
0.0,0.385,32.1
0.0,0.413,32.1
0.0,0.425,32.1
0.0,0.448,32.1
0.0,0.483,32.1
0.0,0.504,32.1
0.0,0.512,32.1
0.0,0.514,32.1
0.0,0.513,32.1
0.0,0.52,32.1
0.0,0.496,32.1
0.0,0.438,32.1
0.022,0.382,32.1
0.186,0.334,32.1
0.454,0.398,32.1
0.581,0.497,32.1
0.662,0.498,32.1
0.687,0.465,32.1
0.661,0.431,32.1
0.595,0.406,32.1
0.483,0.388,32.1
0.328,0.356,32.1
0.139,0.308,32.1
0.003,0.312,32.1
0.0,0.294,32.1
0.0,0.256,32.1
0.0,0.216,32.1
0.0,0.187,32.1
0.0,0.167,32.1
0.0,0.136,32.1
0.0,0.103,32.1
0.0,0.076,32.1
0.0,0.054,32.1
0.0,0.037,32.1
0.0,0.028,32.1
0.0,0.023,32.1
0.025,0.014,32.1
0.111,0.004,32.1
0.221,0.002,32.1
0.352,0.002,32.1
0.409,0.004,32.1
0.281,0.005,32.1
0.282,0.005,32.1
0.249,0.005,32.1
0.123,0.009,32.1
0.077,0.045,32.1
0.028,0.131,32.1
0.0,0.243,32.1
0.0,0.296,32.1
0.0,0.287,32.1
0.0,0.265,32.1
0.0,0.249,32.1
0.0,0.234,32.1
0.0,0.236,32.1
0.0,0.245,32.1
0.0,0.251,32.1
0.0,0.264,32.1
0.0,0.284,32.1
0.0,0.3,32.1
0.0,0.308,32.1
0.009,0.315,32.1
0.052,0.329,32.1
0.102,0.364,32.1
0.169,0.374,32.1
0.245,0.372,32.1
0.295,0.369,32.1
0.269,0.392,32.1
0.249,0.444,32.1
0.203,0.505,32.1
0.122,0.552,32.1
0.043,0.554,32.1
0.0,0.562,32.1
0.0,0.574,32.1
0.0,0.556,32.1
0.0,0.527,32.1
0.0,0.48,32.1
0.0,0.457,32.1
0.0,0.463,32.1
0.0,0.463,32.1
0.0,0.484,32.1
0.0,0.5,32.1
0.0,0.511,32.1
0.0,0.455,32.1
0.0,0.494,32.1
0.037,0.555,32.1
0.229,0.574,32.1
0.49,0.635,32.1
0.657,0.686,32.1
0.742,0.705,32.1
0.772,0.71,32.1
0.752,0.718,32.1
0.683,0.729,32.1
0.562,0.745,32.1
0.391,0.741,32.1
0.177,0.697,32.1
0.01,0.661,32.1
0.0,0.605,32.1
0.0,0.585,32.1
0.0,0.583,32.1
0.0,0.574,32.1
0.0,0.556,32.1
0.0,0.542,32.1
0.0,0.536,32.1
0.0,0.531,32.1
0.0,0.526,32.1
0.0,0.51,32.1
0.0,0.49,32.1
0.0,0.479,32.1
0.112,0.414,32.1
0.344,0.471,32.1
0.541,0.621,32.1
0.68,0.636,32.1
0.762,0.664,32.1
0.792,0.698,32.1
0.769,0.715,32.1
0.7,0.719,32.1
0.58,0.706,32.1
0.407,0.676,32.1
0.193,0.641,32.1
0.014,0.685,32.1
0.0,0.663,32.1
0.0,0.633,32.1
0.0,0.674,32.1
0.0,0.628,32.1
0.0,0.557,32.1
0.0,0.525,32.1
0.0,0.494,32.1
0.0,0.476,32.1
0.0,0.473,32.1
0.0,0.47,32.1
0.0,0.472,32.1
0.0,0.473,32.1
0.112,0.381,32.1
0.339,0.403,32.1
0.534,0.527,32.1
0.669,0.505,32.1
0.751,0.481,32.1
0.782,0.471,32.1
0.761,0.473,32.1
0.693,0.479,32.1
0.574,0.491,32.1
0.402,0.494,32.1
0.192,0.472,32.1
0.016,0.556,32.1
0.0,0.625,32.1
0.0,0.592,32.1
0.0,0.546,32.1
0.0,0.522,32.1
0.0,0.501,32.1
0.0,0.466,32.1
0.0,0.414,32.1
0.0,0.358,32.1
0.0,0.328,32.1
0.0,0.326,32.1
0.0,0.326,32.1
0.0,0.328,32.1
0.111,0.264,32.1
0.337,0.146,32.1
0.536,0.251,32.1
0.673,0.262,32.1
0.753,0.281,32.1
0.782,0.309,32.1
0.76,0.322,32.1
0.692,0.325,32.1
0.574,0.318,32.1
0.406,0.305,32.1
0.198,0.302,32.1
0.018,0.442,32.1
0.0,0.566,32.1
0.0,0.565,32.1
0.0,0.518,32.1
0.0,0.488,32.1
0.0,0.465,32.1
0.0,0.444,32.1
0.0,0.433,32.1
0.0,0.422,32.1
0.0,0.4,32.1
0.0,0.352,32.1
0.0,0.291,32.1
0.0,0.243,32.1
0.121,0.179,32.1
0.351,0.078,32.1
0.545,0.076,32.1
0.678,0.107,32.1
0.76,0.144,32.1
0.789,0.201,32.1
0.768,0.255,32.1
0.699,0.298,32.1
0.557,0.337,32.1
0.294,0.342,32.1
0.089,0.351,32.1
0.005,0.458,32.1
0.0,0.55,32.1
0.0,0.555,32.1
0.0,0.532,32.1
0.0,0.51,32.1
0.0,0.48,32.1
0.0,0.454,32.1
0.0,0.437,32.1
0.0,0.425,32.1
0.0,0.42,32.1
0.0,0.413,32.1
0.0,0.406,32.1
0.0,0.391,32.1
0.118,0.264,32.1
0.344,0.155,32.1
0.535,0.234,32.1
0.667,0.426,32.1
0.745,0.457,32.1
0.773,0.449,32.1
0.749,0.459,32.1
0.681,0.474,32.1
0.562,0.482,32.1
0.393,0.471,32.1
0.187,0.441,32.1
0.019,0.494,32.1
0.0,0.561,32.1
0.0,0.566,32.1
0.0,0.542,32.1
0.0,0.494,32.1
0.0,0.447,32.1
0.0,0.427,32.1
0.0,0.406,32.1
0.0,0.385,32.1
0.0,0.367,32.1
0.0,0.344,32.1
0.0,0.305,32.1
0.0,0.269,32.1
0.081,0.197,32.1
0.283,0.145,32.1
0.468,0.18,32.1
0.591,0.268,32.1
0.672,0.312,32.1
0.703,0.309,32.1
0.673,0.308,32.1
0.605,0.317,32.1
0.487,0.337,32.1
0.321,0.338,32.1
0.14,0.358,32.1
0.012,0.491,32.1
0.0,0.602,32.1
0.0,0.58,32.1
0.0,0.538,32.1
0.0,0.498,32.1
0.0,0.453,32.1
0.0,0.422,32.1
0.0,0.396,32.1
0.0,0.371,32.1
0.0,0.349,32.1
0.0,0.32,32.1
0.0,0.294,32.1
0.0,0.311,32.1
0.062,0.328,32.1
0.248,0.407,32.1
0.446,0.514,32.1
0.587,0.596,32.1
0.672,0.621,32.1
0.706,0.603,32.1
0.674,0.59,32.1
0.614,0.605,32.1
0.503,0.656,32.1
0.344,0.725,32.1
0.16,0.759,32.1
0.018,0.744,32.1
0.0,0.709,32.1
0.0,0.662,32.1
0.0,0.625,32.1
0.0,0.591,32.1
0.0,0.562,32.1
0.0,0.522,32.1
0.0,0.534,32.1
0.0,0.583,32.1
0.0,0.594,32.1
0.0,0.574,32.1
0.0,0.578,32.1
0.0,0.635,32.1
0.069,0.62,32.1
0.26,0.791,32.1
0.397,0.897,32.1
0.535,0.919,32.1
0.646,0.931,32.1
0.655,0.932,32.1
0.621,0.926,32.1
0.55,0.918,32.1
0.432,0.912,32.1
0.324,0.903,32.1
0.171,0.875,32.1
0.025,0.815,32.1
0.0,0.727,32.1
0.0,0.649,32.1
0.0,0.61,32.1
0.0,0.552,32.1
0.0,0.506,32.1
0.0,0.48,32.1
0.0,0.456,32.1
0.0,0.425,32.1
0.0,0.366,32.1
0.0,0.294,32.1
0.0,0.209,32.1
0.0,0.134,32.1
0.122,0.061,32.1
0.306,0.027,32.1
0.436,0.061,32.1
0.49,0.058,32.1
0.515,0.062,32.1
0.511,0.086,32.1
0.502,0.131,32.1
0.484,0.194,32.1
0.363,0.26,32.1
0.268,0.3,32.1
0.123,0.299,32.1
0.016,0.286,32.1
0.0,0.321,32.1
0.0,0.347,32.1
0.0,0.345,32.1
0.0,0.331,32.1
0.0,0.315,32.1
0.0,0.292,32.1
0.0,0.249,32.1
0.0,0.215,32.1
0.0,0.199,32.1
0.0,0.201,32.1
0.0,0.236,32.1
0.0,0.278,32.1
0.086,0.272,32.1
0.288,0.289,32.1
0.539,0.374,32.1
0.677,0.368,32.1
0.76,0.306,32.1
0.792,0.251,32.1
0.773,0.218,32.1
0.707,0.199,32.1
0.591,0.191,32.1
0.425,0.195,32.1
0.22,0.203,32.1
0.034,0.245,32.1
0.0,0.317,32.1
0.0,0.349,32.1
0.0,0.356,32.1
0.0,0.337,32.1
0.0,0.3,32.1
0.0,0.26,32.1
0.0,0.215,32.1
0.0,0.168,32.1
0.0,0.118,32.1
0.0,0.076,32.1
0.0,0.045,32.1
0.0,0.026,32.1
0.136,0.014,32.1
0.351,0.008,32.1
0.534,0.024,32.1
0.666,0.022,32.1
0.747,0.018,32.1
0.772,0.019,32.1
0.75,0.026,32.1
0.691,0.04,32.1
0.565,0.057,32.1
0.403,0.076,32.1
0.197,0.099,32.1
0.031,0.162,32.1
0.0,0.25,32.1
0.0,0.266,32.1
0.0,0.224,32.1
0.0,0.156,32.1
0.0,0.096,32.1
0.0,0.055,32.1
0.0,0.031,32.1
0.0,0.019,32.1
0.0,0.022,32.1
0.0,0.05,32.1
0.0,0.093,32.1
0.0,0.149,32.1
0.086,0.175,32.1
0.258,0.142,32.1
0.429,0.145,32.1
0.558,0.15,32.1
0.508,0.169,32.1
0.511,0.202,32.1
0.492,0.253,32.1
0.463,0.313,32.1
0.351,0.362,32.1
0.224,0.389,32.1
0.12,0.358,32.1
0.021,0.337,32.1
0.0,0.425,32.1
0.0,0.491,32.1
0.0,0.5,32.1
0.0,0.454,32.1
0.0,0.432,32.1
0.0,0.4,32.1
0.0,0.367,32.1
0.0,0.349,32.1
0.0,0.302,32.1
0.0,0.263,32.1
0.0,0.248,32.1
0.0,0.239,32.1
0.06,0.209,32.1
0.196,0.211,32.1
0.48,0.251,32.1
0.601,0.29,32.1
0.658,0.311,32.1
0.733,0.316,32.1
0.74,0.312,32.1
0.685,0.308,32.1
0.566,0.302,32.1
0.401,0.272,32.1
0.194,0.208,32.1
0.038,0.144,32.1
0.0,0.094,32.1
0.0,0.046,32.1
0.0,0.023,32.1
0.0,0.04,32.1
0.0,0.079,32.1
0.0,0.133,32.1
0.0,0.188,32.1
0.0,0.235,32.1
0.0,0.264,32.1
0.0,0.276,32.1
0.0,0.279,32.1
0.002,0.28,32.1
0.109,0.225,32.1
0.335,0.108,32.1
0.51,0.098,32.1
0.639,0.087,32.1
0.71,0.084,32.1
0.741,0.08,32.1
0.728,0.077,32.1
0.668,0.071,32.1
0.562,0.073,32.1
0.403,0.082,32.1
0.216,0.097,32.1
0.042,0.161,32.1
0.0,0.278,32.1
0.0,0.38,32.1
0.0,0.431,32.1
0.0,0.436,32.1
0.0,0.433,32.1
0.0,0.433,32.1
0.0,0.432,32.1
0.0,0.424,32.1
0.0,0.423,32.1
0.0,0.436,32.1
0.0,0.464,32.1
0.002,0.465,32.1
0.148,0.337,32.1
0.356,0.259,32.1
0.531,0.308,32.1
0.654,0.55,32.1
0.728,0.588,32.1
0.756,0.561,32.1
0.738,0.525,32.1
0.675,0.49,32.1
0.565,0.46,32.1
0.41,0.46,32.1
0.22,0.494,32.1
0.043,0.584,32.1
0.0,0.663,32.1
0.0,0.668,32.1
0.0,0.651,32.1
0.0,0.637,32.1
0.0,0.635,32.1
0.0,0.7,32.1
0.0,0.71,32.1
0.0,0.668,32.1
0.0,0.62,32.1
0.0,0.58,32.1
0.0,0.544,32.1
0.003,0.509,32.1
0.138,0.414,32.1
0.335,0.369,32.1
0.505,0.394,32.1
0.627,0.466,32.1
0.702,0.532,32.1
0.731,0.555,32.1
0.711,0.552,32.1
0.642,0.522,32.1
0.513,0.456,32.1
0.354,0.391,32.1
0.133,0.309,32.1
0.013,0.288,32.1
0.0,0.282,32.1
0.0,0.264,32.1
0.0,0.261,32.1
0.0,0.236,32.1
0.0,0.21,32.1
0.0,0.176,32.1
0.0,0.123,32.1
0.0,0.065,32.1
0.0,0.022,32.1
0.0,0.005,32.1
0.0,0.003,32.1
0.003,0.013,32.1
0.072,0.021,32.1
0.226,0.025,32.1
0.506,0.049,32.1
0.634,0.082,32.1
0.709,0.084,32.1
0.737,0.08,32.1
0.719,0.081,32.1
0.656,0.086,32.1
0.535,0.1,32.1
0.375,0.119,32.1
0.175,0.141,32.1
0.035,0.214,32.1
0.0,0.341,32.1
0.0,0.429,32.1
0.0,0.454,32.1
0.0,0.449,32.1
0.0,0.434,32.1
0.0,0.41,32.1
0.0,0.379,32.1
0.0,0.342,32.1
0.0,0.311,32.1
0.0,0.27,32.1
0.0,0.223,32.1
0.005,0.185,32.1
0.102,0.133,32.1
0.273,0.056,32.1
0.446,0.02,32.1
0.554,0.015,32.1
0.621,0.018,32.1
0.645,0.012,32.1
0.63,0.007,32.1
0.581,0.004,32.1
0.478,0.003,32.1
0.328,0.005,32.1
0.158,0.014,32.1
0.039,0.053,32.1
0.0,0.118,32.1
0.0,0.179,32.1
0.0,0.217,32.1
0.0,0.229,32.1
0.0,0.217,32.1
0.0,0.187,32.1
0.0,0.146,32.1
0.0,0.107,32.1
0.0,0.083,32.1
0.0,0.071,32.1
0.0,0.079,32.1
0.008,0.105,32.1
0.122,0.087,32.1
0.296,0.053,32.1
0.446,0.062,32.1
0.564,0.101,32.1
0.664,0.107,32.1
0.705,0.101,32.1
0.687,0.104,32.1
0.63,0.12,32.1
0.528,0.148,32.1
0.383,0.192,32.1
0.208,0.243,32.1
0.049,0.342,32.1
0.0,0.476,32.1
0.0,0.528,32.1
0.0,0.507,32.1
0.0,0.472,32.1
0.0,0.444,32.1
0.0,0.417,32.1
0.0,0.395,32.1
0.0,0.37,32.1
0.0,0.351,32.1
0.0,0.331,32.1
0.0,0.31,32.1
0.009,0.255,32.1
0.141,0.145,32.1
0.346,0.112,32.1
0.514,0.153,32.1
0.631,0.17,32.1
0.703,0.16,32.1
0.731,0.147,32.1
0.716,0.142,32.1
0.656,0.144,32.1
0.553,0.157,32.1
0.405,0.186,32.1
0.224,0.226,32.1
0.054,0.323,32.1
0.0,0.483,32.1
0.0,0.547,32.1
0.0,0.523,32.1
0.0,0.491,32.1
0.0,0.461,32.1
0.0,0.433,32.1
0.0,0.408,32.1
0.0,0.389,32.1
0.0,0.374,32.1
0.0,0.352,32.1
0.0,0.32,32.1
0.01,0.274,32.1
0.161,0.148,32.1
0.361,0.06,32.1
0.529,0.064,32.1
0.646,0.071,32.1
0.717,0.04,32.1
0.742,0.017,32.1
0.723,0.008,32.1
0.662,0.005,32.1
0.556,0.004,32.1
0.406,0.006,32.1
0.224,0.01,32.1
0.054,0.014,32.1
0.0,0.021,32.1
0.0,0.018,32.1
0.0,0.008,32.1
0.0,0.002,32.1
0.0,0.005,32.1
0.0,0.025,32.1
0.0,0.061,32.1
0.0,0.108,32.1
0.0,0.154,32.1
0.0,0.184,32.1
0.0,0.203,32.1
0.013,0.211,32.1
0.144,0.167,32.1
0.325,0.076,32.1
0.481,0.046,32.1
0.58,0.077,32.1
0.644,0.099,32.1
0.659,0.104,32.1
0.616,0.104,32.1
0.542,0.099,32.1
0.436,0.085,32.1
0.296,0.066,32.1
0.156,0.053,32.1
0.042,0.059,32.1
0.0,0.095,32.1
0.0,0.146,32.1
0.0,0.194,32.1
0.0,0.212,32.1
0.0,0.221,32.1
0.0,0.25,32.1
0.0,0.32,32.1
0.0,0.419,32.1
0.0,0.554,32.1
0.0,0.625,32.1
0.0,0.686,32.1
0.008,0.737,32.1
0.065,0.762,32.1
0.145,0.737,32.1
0.298,0.689,32.1
0.502,0.642,32.1
0.708,0.627,32.1
0.757,0.624,32.1
0.769,0.588,32.1
0.716,0.559,32.1
0.608,0.559,32.1
0.45,0.598,32.1
0.254,0.661,32.1
0.065,0.646,32.1
0.0,0.586,32.1
0.0,0.516,32.1
0.0,0.436,32.1
0.0,0.386,32.1
0.0,0.364,32.1
0.0,0.34,32.1
0.0,0.305,32.1
0.0,0.267,32.1
0.0,0.251,32.1
0.0,0.243,32.1
0.0,0.233,32.1
0.015,0.2,32.1
0.146,0.156,32.1
0.343,0.159,32.1
0.506,0.157,32.1
0.634,0.158,32.1
0.711,0.144,32.1
0.739,0.134,32.1
0.752,0.133,32.1
0.705,0.103,32.1
0.596,0.088,32.1
0.44,0.092,32.1
0.249,0.094,32.1
0.065,0.112,32.1
0.0,0.184,32.1
0.0,0.249,32.1
0.0,0.24,32.1
0.0,0.212,32.1
0.0,0.2,32.1
0.0,0.209,32.1
0.0,0.211,32.1
0.0,0.191,32.1
0.0,0.169,32.1
0.0,0.147,32.1
0.0,0.135,32.1
0.015,0.128,32.1
0.173,0.072,32.1
0.371,0.048,32.1
0.541,0.042,32.1
0.663,0.034,32.1
0.73,0.027,32.1
0.748,0.025,32.1
0.73,0.027,32.1
0.67,0.037,32.1
0.564,0.052,32.1
0.413,0.073,32.1
0.236,0.094,32.1
0.064,0.124,32.1
0.0,0.177,32.1
0.0,0.23,32.1
0.0,0.267,32.1
0.0,0.297,32.1
0.0,0.325,32.1
0.0,0.337,32.1
0.0,0.332,32.1
0.0,0.303,32.1
0.0,0.27,32.1
0.0,0.227,32.1
0.0,0.192,32.1
0.018,0.155,32.1
0.172,0.065,32.1
0.368,0.021,32.1
0.528,0.01,32.1
0.643,0.009,32.1
0.703,0.021,32.1
0.723,0.025,32.1
0.693,0.031,32.1
0.614,0.048,32.1
0.447,0.078,32.1
0.266,0.099,32.1
0.132,0.094,32.1
0.05,0.095,32.1
0.0,0.099,32.1
0.0,0.116,32.1
0.0,0.161,32.1
0.0,0.208,32.1
0.0,0.235,32.1
0.0,0.245,32.1
0.0,0.265,32.1
0.0,0.289,32.1
0.0,0.311,32.1
0.0,0.331,32.1
0.0,0.335,32.1
0.019,0.33,32.1
0.157,0.315,32.1
0.35,0.321,32.1
0.514,0.32,32.1
0.623,0.307,32.1
0.697,0.28,32.1
0.724,0.25,32.1
0.701,0.219,32.1
0.639,0.199,32.1
0.525,0.201,32.1
0.377,0.241,32.1
0.206,0.296,32.1
0.06,0.376,32.1
0.0,0.507,32.1
0.0,0.543,32.1
0.0,0.491,32.1
0.0,0.436,32.1
0.0,0.388,32.1
0.0,0.358,32.1
0.0,0.296,32.1
0.0,0.243,32.1
0.0,0.164,32.1
0.0,0.093,32.1
0.0,0.07,32.1
0.0,0.054,32.1
0.029,0.039,32.1
0.081,0.026,32.1
0.183,0.017,32.1
0.312,0.01,32.1
0.445,0.015,32.1
0.477,0.018,32.1
0.461,0.022,32.1
0.437,0.031,32.1
0.378,0.044,32.1
0.248,0.057,32.1
0.118,0.073,32.1
0.042,0.103,32.1
0.0,0.156,32.1
0.0,0.183,32.1
0.0,0.172,32.1
0.0,0.139,32.1
0.0,0.106,32.1
0.0,0.068,32.1
0.0,0.039,32.1
0.0,0.046,32.1
0.0,0.072,32.1
0.0,0.1,32.1
0.0,0.12,32.1
0.023,0.106,32.1
0.148,0.084,32.1
0.341,0.117,32.1
0.501,0.175,32.1
0.602,0.234,32.1
0.644,0.27,32.1
0.668,0.292,32.1
0.635,0.336,32.1
0.591,0.4,32.1
0.506,0.466,32.1
0.361,0.517,32.1
0.218,0.527,32.1
0.07,0.538,32.1
0.0,0.595,32.1
0.0,0.612,32.1
0.0,0.61,32.1
0.0,0.593,32.1
0.0,0.582,32.1
0.0,0.575,32.1
0.0,0.567,32.1
0.0,0.558,32.1
0.0,0.575,32.1
0.0,0.533,32.1
0.0,0.498,32.1
0.022,0.436,32.1
0.184,0.383,32.1
0.38,0.511,32.1
0.545,0.599,32.1
0.665,0.678,32.1
0.737,0.73,32.1
0.766,0.757,32.1
0.751,0.778,32.1
0.693,0.798,32.1
0.589,0.812,32.1
0.439,0.82,32.1
0.254,0.808,32.1
0.073,0.808,32.1
0.0,0.824,32.1
0.0,0.811,32.1
0.0,0.792,32.1
0.0,0.772,32.1
0.0,0.702,32.1
0.0,0.68,32.1
0.0,0.655,32.1
0.0,0.622,32.1
0.0,0.592,32.1
0.0,0.591,32.1
0.0,0.58,32.1
0.023,0.524,32.1
0.19,0.486,32.1
0.389,0.663,32.1
0.557,0.72,32.1
0.677,0.746,32.1
0.748,0.768,32.1
0.773,0.79,32.1
0.753,0.806,32.1
0.691,0.812,32.1
0.586,0.805,32.1
0.437,0.784,32.1
0.254,0.739,32.1
0.074,0.718,32.1
0.0,0.728,32.1
0.0,0.683,32.1
0.0,0.653,32.1
0.0,0.602,32.1
0.0,0.569,32.1
0.0,0.556,32.1
0.0,0.547,32.1
0.0,0.538,32.1
0.0,0.529,32.1
0.0,0.513,32.1
0.0,0.492,32.1
0.024,0.41,32.1
0.193,0.291,32.1
0.391,0.391,32.1
0.557,0.478,32.1
0.671,0.544,32.1
0.742,0.591,32.1
0.767,0.606,32.1
0.748,0.592,32.1
0.687,0.566,32.1
0.583,0.54,32.1
0.436,0.525,32.1
0.255,0.468,32.1
0.075,0.531,32.1
0.0,0.631,32.1
0.0,0.68,32.1
0.0,0.676,32.1
0.0,0.623,32.1
0.0,0.572,32.1
0.0,0.513,32.1
0.0,0.46,32.1
0.0,0.416,32.1
0.0,0.382,32.1
0.0,0.345,32.1
0.0,0.304,32.1
0.026,0.22,32.1
0.193,0.086,32.1
0.387,0.041,32.1
0.546,0.061,32.1
0.658,0.082,32.1
0.726,0.071,32.1
0.751,0.048,32.1
0.731,0.025,32.1
0.671,0.011,32.1
0.569,0.004,32.1
0.424,0.003,32.1
0.246,0.009,32.1
0.075,0.03,32.1
0.001,0.079,32.1
0.0,0.124,32.1
0.0,0.138,32.1
0.0,0.121,32.1
0.0,0.093,32.1
0.0,0.072,32.1
0.0,0.065,32.1
0.0,0.075,32.1
0.0,0.097,32.1
0.0,0.117,32.1
0.0,0.132,32.1
0.03,0.123,32.1
0.155,0.071,32.1
0.343,0.062,32.1
0.515,0.093,32.1
0.62,0.128,32.1
0.703,0.152,32.1
0.739,0.172,32.1
0.729,0.193,32.1
0.671,0.21,32.1
0.564,0.223,32.1
0.414,0.231,32.1
0.245,0.234,32.1
0.079,0.251,32.1
0.002,0.316,32.1
0.0,0.386,32.1
0.0,0.376,32.1
0.0,0.349,32.1
0.0,0.327,32.1
0.0,0.294,32.1
0.0,0.237,32.1
0.0,0.189,32.1
0.0,0.149,32.1
0.0,0.112,32.1
0.0,0.084,32.1
0.026,0.095,32.1
0.169,0.097,32.1
0.375,0.079,32.1
0.551,0.063,32.1
0.675,0.055,32.1
0.75,0.053,32.1
0.778,0.054,32.1
0.76,0.059,32.1
0.7,0.066,32.1
0.595,0.071,32.1
0.446,0.082,32.1
0.263,0.098,32.1
0.082,0.125,32.1
0.003,0.222,32.1
0.0,0.337,32.1
0.0,0.364,32.1
0.0,0.337,32.1
0.0,0.305,32.1
0.0,0.274,32.1
0.0,0.225,32.1
0.0,0.163,32.1
0.0,0.115,32.1
0.0,0.079,32.1
0.0,0.052,32.1
0.028,0.035,32.1
0.143,0.031,32.1
0.317,0.031,32.1
0.539,0.025,32.1
0.666,0.017,32.1
0.738,0.009,32.1
0.765,0.003,32.1
0.751,0.003,32.1
0.691,0.008,32.1
0.588,0.016,32.1
0.442,0.02,32.1
0.261,0.02,32.1
0.083,0.028,32.1
0.004,0.062,32.1
0.0,0.093,32.1
0.0,0.105,32.1
0.0,0.1,32.1
0.0,0.093,32.1
0.0,0.089,32.1
0.0,0.085,32.1
0.0,0.081,32.1
0.0,0.087,32.1
0.0,0.116,32.1
0.0,0.161,32.1
0.037,0.192,32.1
0.191,0.115,32.1
0.354,0.068,32.1
0.442,0.094,32.1
0.512,0.111,32.1
0.613,0.138,32.1
0.693,0.157,32.1
0.709,0.153,32.1
0.643,0.14,32.1
0.533,0.13,32.1
0.372,0.123,32.1
0.203,0.112,32.1
0.071,0.113,32.1
0.005,0.165,32.1
0.0,0.228,32.1
0.0,0.257,32.1
0.0,0.256,32.1
0.0,0.249,32.1
0.0,0.253,32.1
0.0,0.255,32.1
0.0,0.261,32.1
0.0,0.261,32.1
0.0,0.237,32.1
0.0,0.206,32.1
0.018,0.195,32.1
0.069,0.158,32.1
0.153,0.109,32.1
0.193,0.076,32.1
0.224,0.087,32.1
0.19,0.111,32.1
0.145,0.133,32.1
0.14,0.16,32.1
0.189,0.192,32.1
0.203,0.21,32.1
0.178,0.211,32.1
0.115,0.168,32.1
0.054,0.115,32.1
0.003,0.108,32.1
0.0,0.101,32.1
0.0,0.095,32.1
0.0,0.093,32.1
0.0,0.085,32.1
0.0,0.08,32.1
0.0,0.096,32.1
0.0,0.144,32.1
0.0,0.223,32.1
0.0,0.305,32.1
0.0,0.407,32.1
0.026,0.44,32.1
0.101,0.507,32.1
0.185,0.566,32.1
0.301,0.564,32.1
0.442,0.546,32.1
0.503,0.504,32.1
0.583,0.443,32.1
0.624,0.396,32.1
0.551,0.391,32.1
0.41,0.395,32.1
0.224,0.431,32.1
0.064,0.413,32.1
0.011,0.392,32.1
0.0,0.484,32.1
0.0,0.558,32.1
0.0,0.604,32.1
0.0,0.513,32.1
0.0,0.431,32.1
0.0,0.379,32.1
0.0,0.386,32.1
0.0,0.413,32.1
0.0,0.431,32.1
0.0,0.513,32.1
0.0,0.629,32.1
0.033,0.68,32.1
0.135,0.729,32.1
0.333,0.726,32.1
0.515,0.655,32.1
0.633,0.56,32.1
0.701,0.513,32.1
0.658,0.513,32.1
0.508,0.546,32.1
0.429,0.615,32.1
0.322,0.653,32.1
0.202,0.636,32.1
0.109,0.583,32.1
0.042,0.538,32.1
0.0,0.59,32.1
0.0,0.685,32.1
0.0,0.74,32.1
0.0,0.72,32.1
0.0,0.695,32.1
0.0,0.649,32.1
0.0,0.584,32.1
0.0,0.524,32.1
0.0,0.498,32.1
0.0,0.481,32.1
0.0,0.491,32.1
0.025,0.53,32.1
0.108,0.599,32.1
0.27,0.669,32.1
0.389,0.699,32.1
0.416,0.695,32.1
0.431,0.665,32.1
0.396,0.642,32.1
0.398,0.624,32.1
0.366,0.611,32.1
0.303,0.598,32.1
0.291,0.578,32.1
0.181,0.51,32.1
0.081,0.41,32.1
0.007,0.403,32.1
0.0,0.444,32.1
0.0,0.437,32.1
0.0,0.408,32.1
0.0,0.381,32.1
0.0,0.385,32.1
0.0,0.391,32.1
0.0,0.388,32.1
0.0,0.367,32.1
0.0,0.37,32.1
0.0,0.367,32.1
0.035,0.303,32.1
0.1,0.384,32.1
0.236,0.455,32.1
0.293,0.491,32.1
0.309,0.459,32.1
0.33,0.415,32.1
0.415,0.395,32.1
0.505,0.395,32.1
0.535,0.395,32.1
0.542,0.379,32.1
0.43,0.343,32.1
0.268,0.282,32.1
0.099,0.2,32.1
0.014,0.148,32.1
0.0,0.12,32.1
0.0,0.085,32.1
0.0,0.064,32.1
0.0,0.077,32.1
0.0,0.148,32.1
0.0,0.228,32.1
0.0,0.259,32.1
0.0,0.279,32.1
0.0,0.301,32.1
0.0,0.306,32.1
0.054,0.219,32.1
0.17,0.102,32.1
0.235,0.1,32.1
0.237,0.112,32.1
0.354,0.092,32.1
0.371,0.076,32.1
0.418,0.064,32.1
0.491,0.057,32.1
0.465,0.051,32.1
0.373,0.043,32.1
0.251,0.035,32.1
0.126,0.028,32.1
0.055,0.028,32.1
0.003,0.038,32.1
0.0,0.065,32.1
0.0,0.103,32.1
0.0,0.132,32.1
0.0,0.135,32.1
0.0,0.119,32.1
0.0,0.091,32.1
0.0,0.076,32.1
0.0,0.099,32.1
0.0,0.141,32.1
0.0,0.171,32.1
0.018,0.195,32.1
0.084,0.201,32.1
0.204,0.224,32.1
0.348,0.206,32.1
0.49,0.176,32.1
0.558,0.155,32.1
0.559,0.155,32.1
0.592,0.162,32.1
0.575,0.16,32.1
0.52,0.167,32.1
0.413,0.2,32.1
0.259,0.258,32.1
0.097,0.304,32.1
0.016,0.367,32.1
0.0,0.439,32.1
0.0,0.462,32.1
0.0,0.483,32.1
0.0,0.506,32.1
0.0,0.494,32.1
0.0,0.479,32.1
0.0,0.444,32.1
0.0,0.361,32.1
0.0,0.352,32.1
0.0,0.392,32.1
0.048,0.344,32.1
0.2,0.484,32.1
0.414,0.465,32.1
0.579,0.41,32.1
0.696,0.374,32.1
0.769,0.345,32.1
0.797,0.337,32.1
0.781,0.364,32.1
0.723,0.413,32.1
0.62,0.433,32.1
0.473,0.367,32.1
0.289,0.281,32.1
0.098,0.258,32.1
0.014,0.344,32.1
0.0,0.494,32.1
0.0,0.543,32.1
0.0,0.51,32.1
0.0,0.454,32.1
0.0,0.405,32.1
0.0,0.374,32.1
0.0,0.357,32.1
0.0,0.334,32.1
0.0,0.305,32.1
0.0,0.272,32.1
0.047,0.162,32.1
0.22,0.087,32.1
0.407,0.106,32.1
0.562,0.118,32.1
0.677,0.102,32.1
0.746,0.083,32.1
0.772,0.064,32.1
0.756,0.054,32.1
0.698,0.051,32.1
0.597,0.055,32.1
0.455,0.066,32.1
0.278,0.083,32.1
0.097,0.117,32.1
0.015,0.204,32.1
0.0,0.312,32.1
0.0,0.364,32.1
0.0,0.36,32.1
0.0,0.334,32.1
0.0,0.31,32.1
0.0,0.292,32.1
0.0,0.277,32.1
0.0,0.256,32.1
0.0,0.223,32.1
0.0,0.179,32.1
0.052,0.115,32.1
0.219,0.046,32.1
0.4,0.024,32.1
0.549,0.015,32.1
0.658,0.01,32.1
0.726,0.008,32.1
0.748,0.006,32.1
0.683,0.005,32.1
0.611,0.004,32.1
0.5,0.004,32.1
0.262,0.004,32.1
0.104,0.004,32.1
0.038,0.012,32.1
0.004,0.045,32.1
0.0,0.087,32.1
0.0,0.122,32.1
0.0,0.142,32.1
0.0,0.144,32.1
0.0,0.126,32.1
0.0,0.101,32.1
0.0,0.075,32.1
0.0,0.056,32.1
0.0,0.042,32.1
0.001,0.031,32.1
0.059,0.026,32.1
0.197,0.013,32.1
0.362,0.014,32.1
0.485,0.049,32.1
0.55,0.054,32.1
0.518,0.049,32.1
0.433,0.043,32.1
0.372,0.041,32.1
0.356,0.038,32.1
0.295,0.031,32.1
0.202,0.039,32.1
0.122,0.059,32.1
0.061,0.095,32.1
0.011,0.161,32.1
0.0,0.227,32.1
0.0,0.283,32.1
0.0,0.339,32.1
0.0,0.37,32.1
0.0,0.367,32.1
0.0,0.341,32.1
0.0,0.305,32.1
0.0,0.265,32.1
0.0,0.212,32.1
0.0,0.172,32.1
0.033,0.145,32.1
0.115,0.085,32.1
0.253,0.054,32.1
0.416,0.113,32.1
0.59,0.163,32.1
0.693,0.168,32.1
0.725,0.157,32.1
0.707,0.147,32.1
0.652,0.138,32.1
0.556,0.131,32.1
0.421,0.136,32.1
0.257,0.147,32.1
0.099,0.159,32.1
0.02,0.211,32.1
0.0,0.268,32.1
0.0,0.291,32.1
0.0,0.272,32.1
0.0,0.24,32.1
0.0,0.21,32.1
0.0,0.172,32.1
0.0,0.135,32.1
0.0,0.107,32.1
0.0,0.08,32.1
0.0,0.061,32.1
0.029,0.045,32.1
0.072,0.017,32.1
0.161,0.003,32.1
0.271,0.008,32.1
0.364,0.045,32.1
0.514,0.103,32.1
0.437,0.099,32.1
0.278,0.084,32.1
0.152,0.131,32.1
0.119,0.344,32.1
0.114,0.624,32.1
0.074,0.77,32.1
0.024,0.826,32.1
0.0,0.857,32.1
0.0,0.869,32.1
0.0,0.869,32.1
0.0,0.853,32.1
0.0,0.828,32.1
0.0,0.788,32.1
0.0,0.757,32.1
0.0,0.752,32.1
0.0,0.774,32.1
0.0,0.785,32.1
0.002,0.73,32.1
0.058,0.715,32.1
0.204,0.862,32.1
0.401,0.898,32.1
0.579,0.905,32.1
0.698,0.905,32.1
0.767,0.905,32.1
0.79,0.905,32.1
0.775,0.9,32.1
0.714,0.89,32.1
0.61,0.871,32.1
0.475,0.852,32.1
0.297,0.827,32.1
0.107,0.781,32.1
0.019,0.718,32.1
0.0,0.645,32.1
0.0,0.55,32.1
0.0,0.476,32.1
0.0,0.407,32.1
0.0,0.364,32.1
0.0,0.323,32.1
0.0,0.274,32.1
0.0,0.215,32.1
0.0,0.144,32.1
0.004,0.079,32.1
0.058,0.031,32.1
0.207,0.023,32.1
0.369,0.02,32.1
0.508,0.02,32.1
0.653,0.022,32.1
0.714,0.028,32.1
0.734,0.036,32.1
0.735,0.045,32.1
0.686,0.058,32.1
0.59,0.079,32.1
0.455,0.099,32.1
0.283,0.112,32.1
0.107,0.121,32.1
0.022,0.139,32.1
0.0,0.151,32.1
0.0,0.108,32.1
0.0,0.067,32.1
0.0,0.045,32.1
0.0,0.035,32.1
0.0,0.031,32.1
0.0,0.033,32.1
0.0,0.042,32.1
0.0,0.051,32.1
0.006,0.051,32.1
0.065,0.036,32.1
0.211,0.03,32.1
0.37,0.039,32.1
0.497,0.048,32.1
0.551,0.067,32.1
0.563,0.113,32.1
0.538,0.192,32.1
0.524,0.285,32.1
0.468,0.412,32.1
0.37,0.544,32.1
0.311,0.609,32.1
0.233,0.619,32.1
0.11,0.622,32.1
0.027,0.611,32.1
0.0,0.59,32.1
0.0,0.552,32.1
0.0,0.523,32.1
0.0,0.457,32.1
0.0,0.457,32.1
0.0,0.433,32.1
0.0,0.399,32.1
0.0,0.379,32.1
0.0,0.371,32.1
0.006,0.346,32.1
0.056,0.218,32.1
0.238,0.329,32.1
0.427,0.406,32.1
0.579,0.382,32.1
0.69,0.357,32.1
0.759,0.323,32.1
0.792,0.298,32.1
0.776,0.295,32.1
0.717,0.315,32.1
0.616,0.352,32.1
0.469,0.396,32.1
0.293,0.436,32.1
0.109,0.46,32.1
0.022,0.479,32.1
0.0,0.514,32.1
0.0,0.491,32.1
0.0,0.468,32.1
0.0,0.447,32.1
0.0,0.42,32.1
0.0,0.395,32.1
0.0,0.414,32.1
0.0,0.374,32.1
0.0,0.343,32.1
0.007,0.291,32.1
0.057,0.188,32.1
0.238,0.273,32.1
0.427,0.257,32.1
0.585,0.208,32.1
0.695,0.171,32.1
0.761,0.15,32.1
0.783,0.139,32.1
0.765,0.137,32.1
0.703,0.136,32.1
0.605,0.133,32.1
0.466,0.131,32.1
0.292,0.128,32.1
0.11,0.127,32.1
0.022,0.155,32.1
0.0,0.197,32.1
0.0,0.185,32.1
0.0,0.142,32.1
0.0,0.088,32.1
0.0,0.041,32.1
0.0,0.033,32.1
0.0,0.048,32.1
0.0,0.069,32.1
0.0,0.083,32.1
0.01,0.106,32.1
0.069,0.118,32.1
0.212,0.101,32.1
0.305,0.122,32.1
0.367,0.141,32.1
0.335,0.167,32.1
0.264,0.201,32.1
0.295,0.23,32.1
0.378,0.249,32.1
0.384,0.267,32.1
0.408,0.295,32.1
0.355,0.312,32.1
0.221,0.302,32.1
0.117,0.264,32.1
0.03,0.219,32.1
0.0,0.176,32.1
0.0,0.117,32.1
0.0,0.082,32.1
0.0,0.056,32.1
0.0,0.035,32.1
0.0,0.025,32.1
0.0,0.026,32.1
0.0,0.053,32.1
0.0,0.108,32.1
0.009,0.166,32.1
0.067,0.15,32.1
0.209,0.095,32.1
0.373,0.079,32.1
0.542,0.066,32.1
0.654,0.064,32.1
0.714,0.071,32.1
0.731,0.077,32.1
0.692,0.083,32.1
0.64,0.091,32.1
0.483,0.098,32.1
0.325,0.097,32.1
0.239,0.096,32.1
0.108,0.099,32.1
0.028,0.11,32.1
0.0,0.155,32.1
0.0,0.217,32.1
0.0,0.257,32.1
0.0,0.255,32.1
0.0,0.241,32.1
0.0,0.261,32.1
0.0,0.298,32.1
0.0,0.331,32.1
0.0,0.339,32.1
0.01,0.311,32.1
0.066,0.196,32.1
0.215,0.148,32.1
0.357,0.169,32.1
0.462,0.192,32.1
0.612,0.219,32.1
0.711,0.245,32.1
0.743,0.256,32.1
0.733,0.251,32.1
0.685,0.245,32.1
0.594,0.255,32.1
0.442,0.276,32.1
0.249,0.279,32.1
0.097,0.241,32.1
0.027,0.227,32.1
0.0,0.265,32.1
0.0,0.315,32.1
0.0,0.325,32.1
0.0,0.302,32.1
0.0,0.308,32.1
0.0,0.317,32.1
0.0,0.302,32.1
0.0,0.279,32.1
0.0,0.251,32.1
0.007,0.213,32.1
0.06,0.128,32.1
0.184,0.083,32.1
0.34,0.1,32.1
0.505,0.102,32.1
0.629,0.099,32.1
0.701,0.103,32.1
0.726,0.115,32.1
0.713,0.125,32.1
0.659,0.13,32.1
0.566,0.133,32.1
0.432,0.145,32.1
0.274,0.156,32.1
0.112,0.166,32.1
0.027,0.187,32.1
0.0,0.207,32.1
0.0,0.178,32.1
0.0,0.141,32.1
0.0,0.11,32.1
0.0,0.084,32.1
0.0,0.067,32.1
0.0,0.056,32.1
0.0,0.046,32.1
0.0,0.039,32.1
0.011,0.039,32.1
0.068,0.028,32.1
0.203,0.037,32.1
0.356,0.053,32.1
0.502,0.047,32.1
0.586,0.042,32.1
0.643,0.042,32.1
0.688,0.048,32.1
0.647,0.058,32.1
0.619,0.068,32.1
0.524,0.077,32.1
0.396,0.087,32.1
0.243,0.1,32.1
0.109,0.114,32.1
0.03,0.156,32.1
0.0,0.243,32.1
0.0,0.311,32.1
0.0,0.337,32.1
0.0,0.34,32.1
0.0,0.336,32.1
0.0,0.328,32.1
0.0,0.312,32.1
0.0,0.291,32.1
0.0,0.251,32.1
0.012,0.195,32.1
0.068,0.093,32.1
0.218,0.031,32.1
0.376,0.032,32.1
0.505,0.026,32.1
0.542,0.02,32.1
0.649,0.021,32.1
0.666,0.02,32.1
0.529,0.011,32.1
0.425,0.01,32.1
0.412,0.012,32.1
0.385,0.016,32.1
0.268,0.028,32.1
0.112,0.051,32.1
0.03,0.047,32.1
0.0,0.014,32.1
0.0,0.021,32.1
0.0,0.074,32.1
0.0,0.181,32.1
0.0,0.326,32.1
0.0,0.432,32.1
0.0,0.484,32.1
0.0,0.514,32.1
0.0,0.544,32.1
0.0,0.541,32.1
0.019,0.481,32.1
0.071,0.404,32.1
0.119,0.411,32.1
0.149,0.425,32.1
0.23,0.459,32.1
0.299,0.56,32.1
0.301,0.597,32.1
0.278,0.624,32.1
0.227,0.665,32.1
0.2,0.67,32.1
0.166,0.651,32.1
0.151,0.619,32.1
0.096,0.58,32.1
0.029,0.523,32.1
0.0,0.491,32.1
0.0,0.467,32.1
0.0,0.436,32.1
0.0,0.406,32.1
0.0,0.381,32.1
0.0,0.413,32.1
0.0,0.444,32.1
0.0,0.437,32.1
0.0,0.425,32.1
0.002,0.434,32.1
0.03,0.367,32.1
0.077,0.392,32.1
0.171,0.571,32.1
0.329,0.644,32.1
0.598,0.649,32.1
0.699,0.635,32.1
0.715,0.65,32.1
0.702,0.682,32.1
0.652,0.73,32.1
0.556,0.773,32.1
0.417,0.803,32.1
0.268,0.815,32.1
0.12,0.8,32.1
0.035,0.748,32.1
0.0,0.69,32.1
0.0,0.641,32.1
0.0,0.611,32.1
0.0,0.571,32.1
0.0,0.537,32.1
0.0,0.495,32.1
0.0,0.429,32.1
0.0,0.425,32.1
0.0,0.425,32.1
0.015,0.389,32.1
0.073,0.395,32.1
0.222,0.494,32.1
0.373,0.503,32.1
0.487,0.513,32.1
0.549,0.532,32.1
0.56,0.561,32.1
0.557,0.571,32.1
0.537,0.574,32.1
0.472,0.559,32.1
0.443,0.53,32.1
0.361,0.495,32.1
0.241,0.439,32.1
0.108,0.328,32.1
0.033,0.199,32.1
0.0,0.163,32.1
0.0,0.149,32.1
0.0,0.133,32.1
0.0,0.124,32.1
0.0,0.118,32.1
0.0,0.112,32.1
0.0,0.112,32.1
0.0,0.119,32.1
0.0,0.129,32.1
0.013,0.129,32.1
0.071,0.091,32.1
0.204,0.092,32.1
0.382,0.15,32.1
0.533,0.164,32.1
0.638,0.16,32.1
0.709,0.161,32.1
0.734,0.168,32.1
0.717,0.178,32.1
0.665,0.187,32.1
0.574,0.197,32.1
0.445,0.202,32.1
0.285,0.201,32.1
0.118,0.192,32.1
0.029,0.199,32.1
0.0,0.244,32.1
0.0,0.266,32.1
0.0,0.268,32.1
0.0,0.256,32.1
0.0,0.233,32.1
0.0,0.204,32.1
0.0,0.17,32.1
0.0,0.13,32.1
0.0,0.081,32.1
0.016,0.044,32.1
0.073,0.016,32.1
0.213,0.005,32.1
0.336,0.016,32.1
0.453,0.025,32.1
0.586,0.035,32.1
0.69,0.049,32.1
0.709,0.065,32.1
0.687,0.081,32.1
0.591,0.1,32.1
0.494,0.122,32.1
0.386,0.148,32.1
0.262,0.17,32.1
0.117,0.182,32.1
0.032,0.21,32.1
0.0,0.261,32.1
0.0,0.278,32.1
0.0,0.261,32.1
0.0,0.233,32.1
0.0,0.205,32.1
0.0,0.179,32.1
0.0,0.163,32.1
0.0,0.16,32.1
0.0,0.162,32.1
0.016,0.149,32.1
0.069,0.087,32.1
0.222,0.073,32.1
0.391,0.089,32.1
0.533,0.096,32.1
0.638,0.103,32.1
0.705,0.115,32.1
0.73,0.14,32.1
0.714,0.187,32.1
0.665,0.251,32.1
0.574,0.328,32.1
0.444,0.395,32.1
0.273,0.438,32.1
0.118,0.457,32.1
0.032,0.431,32.1
0.0,0.404,32.1
0.0,0.382,32.1
0.0,0.355,32.1
0.0,0.366,32.1
0.0,0.398,32.1
0.0,0.413,32.1
0.0,0.403,32.1
0.0,0.389,32.1
0.0,0.383,32.1
0.015,0.327,32.1
0.066,0.316,32.1
0.238,0.427,32.1
0.416,0.421,32.1
0.564,0.395,32.1
0.67,0.367,32.1
0.734,0.349,32.1
0.757,0.334,32.1
0.742,0.316,32.1
0.688,0.307,32.1
0.595,0.308,32.1
0.462,0.328,32.1
0.296,0.361,32.1
0.121,0.387,32.1
0.026,0.431,32.1
0.0,0.494,32.1
0.0,0.541,32.1
0.0,0.51,32.1
0.0,0.476,32.1
0.0,0.452,32.1
0.0,0.423,32.1
0.0,0.4,32.1
0.0,0.37,32.1
0.0,0.334,32.1
0.015,0.235,32.1
0.066,0.119,32.1
0.242,0.105,32.1
0.421,0.104,32.1
0.566,0.1,32.1
0.672,0.098,32.1
0.735,0.104,32.1
0.758,0.118,32.1
0.741,0.133,32.1
0.685,0.152,32.1
0.591,0.17,32.1
0.458,0.195,32.1
0.293,0.22,32.1
0.12,0.24,32.1
0.028,0.292,32.1
0.0,0.403,32.1
0.0,0.48,32.1
0.0,0.498,32.1
0.0,0.492,32.1
0.0,0.464,32.1
0.0,0.421,32.1
0.0,0.38,32.1
0.0,0.352,32.1
0.0,0.323,32.1
0.016,0.255,32.1
0.068,0.141,32.1
0.235,0.094,32.1
0.407,0.147,32.1
0.55,0.207,32.1
0.655,0.233,32.1
0.719,0.234,32.1
0.742,0.234,32.1
0.726,0.237,32.1
0.671,0.238,32.1
0.577,0.243,32.1
0.443,0.273,32.1
0.284,0.325,32.1
0.12,0.367,32.1
0.03,0.404,32.1
0.0,0.492,32.1
0.0,0.526,32.1
0.0,0.497,32.1
0.0,0.461,32.1
0.0,0.413,32.1
0.0,0.376,32.1
0.0,0.369,32.1
0.0,0.338,32.1
0.0,0.305,32.1
0.018,0.25,32.1
0.071,0.144,32.1
0.231,0.154,32.1
0.402,0.275,32.1
0.548,0.344,32.1
0.654,0.391,32.1
0.721,0.427,32.1
0.748,0.442,32.1
0.732,0.434,32.1
0.676,0.414,32.1
0.568,0.403,32.1
0.368,0.404,32.1
0.181,0.401,32.1
0.09,0.38,32.1
0.039,0.381,32.1
0.0,0.433,32.1
0.0,0.486,32.1
0.0,0.466,32.1
0.0,0.425,32.1
0.0,0.388,32.1
0.0,0.367,32.1
0.0,0.343,32.1
0.0,0.3,32.1
0.0,0.268,32.1
0.019,0.225,32.1
0.073,0.119,32.1
0.222,0.087,32.1
0.388,0.134,32.1
0.533,0.176,32.1
0.642,0.218,32.1
0.706,0.239,32.1
0.728,0.239,32.1
0.708,0.221,32.1
0.652,0.195,32.1
0.554,0.169,32.1
0.42,0.154,32.1
0.265,0.157,32.1
0.118,0.181,32.1
0.037,0.259,32.1
0.0,0.364,32.1
0.0,0.405,32.1
0.0,0.383,32.1
0.0,0.334,32.1
0.0,0.27,32.1
0.0,0.197,32.1
0.0,0.131,32.1
0.0,0.078,32.1
0.0,0.035,32.1
0.019,0.011,32.1
0.071,0.004,32.1
0.228,0.007,32.1
0.392,0.016,32.1
0.528,0.013,32.1
0.626,0.003,32.1
0.689,0.004,32.1
0.713,0.019,32.1
0.696,0.05,32.1
0.644,0.094,32.1
0.551,0.146,32.1
0.409,0.2,32.1
0.247,0.256,32.1
0.114,0.291,32.1
0.035,0.266,32.1
0.0,0.228,32.1
0.0,0.201,32.1
0.0,0.184,32.1
0.0,0.171,32.1
0.0,0.154,32.1
0.0,0.138,32.1
0.0,0.134,32.1
0.0,0.143,32.1
0.0,0.15,32.1
0.016,0.132,32.1
0.069,0.085,32.1
0.153,0.089,32.1
0.266,0.126,32.1
0.403,0.139,32.1
0.562,0.145,32.1
0.66,0.152,32.1
0.697,0.159,32.1
0.626,0.17,32.1
0.488,0.179,32.1
0.333,0.184,32.1
0.258,0.192,32.1
0.202,0.196,32.1
0.106,0.2,32.1
0.028,0.221,32.1
0.0,0.249,32.1
0.0,0.26,32.1
0.0,0.248,32.1
0.0,0.241,32.1
0.0,0.255,32.1
0.0,0.284,32.1
0.0,0.289,32.1
0.0,0.32,32.1
0.0,0.329,32.1
0.0,0.376,32.1
0.01,0.439,32.1
0.028,0.501,32.1
0.051,0.503,32.1
0.105,0.449,32.1
0.17,0.381,32.1
0.222,0.355,32.1
0.241,0.392,32.1
0.248,0.469,32.1
0.258,0.528,32.1
0.321,0.553,32.1
0.336,0.566,32.1
0.225,0.556,32.1
0.122,0.504,32.1
0.051,0.422,32.1
0.0,0.328,32.1
0.0,0.283,32.1
0.0,0.259,32.1
0.0,0.231,32.1
0.0,0.203,32.1
0.0,0.187,32.1
0.0,0.203,32.1
0.0,0.231,32.1
0.0,0.261,32.1
0.004,0.287,32.1
0.048,0.332,32.1
0.105,0.439,32.1
0.206,0.556,32.1
0.244,0.61,32.1
0.247,0.661,32.1
0.238,0.71,32.1
0.408,0.78,32.1
0.491,0.829,32.1
0.404,0.832,32.1
0.334,0.802,32.1
0.249,0.697,32.1
0.183,0.527,32.1
0.104,0.38,32.1
0.024,0.255,32.1
0.0,0.251,32.1
0.0,0.334,32.1
0.0,0.42,32.1
0.0,0.454,32.1
0.0,0.458,32.1
0.0,0.447,32.1
0.0,0.45,32.1
0.0,0.438,32.1
0.0,0.406,32.1
0.014,0.37,32.1
0.071,0.368,32.1
0.192,0.547,32.1
0.344,0.651,32.1
0.481,0.69,32.1
0.613,0.714,32.1
0.689,0.752,32.1
0.713,0.791,32.1
0.702,0.82,32.1
0.647,0.836,32.1
0.55,0.84,32.1
0.403,0.842,32.1
0.252,0.837,32.1
0.113,0.811,32.1
0.035,0.756,32.1
0.0,0.71,32.1
0.0,0.707,32.1
0.0,0.705,32.1
0.0,0.669,32.1
0.0,0.601,32.1
0.0,0.563,32.1
0.0,0.484,32.1
0.0,0.403,32.1
0.0,0.371,32.1
0.018,0.315,32.1
0.075,0.295,32.1
0.183,0.344,32.1
0.317,0.334,32.1
0.516,0.307,32.1
0.635,0.289,32.1
0.695,0.271,32.1
0.724,0.266,32.1
0.7,0.274,32.1
0.634,0.284,32.1
0.509,0.298,32.1
0.386,0.318,32.1
0.249,0.349,32.1
0.124,0.361,32.1
0.043,0.323,32.1
0.0,0.272,32.1
0.0,0.239,32.1
0.0,0.223,32.1
0.0,0.204,32.1
0.0,0.2,32.1
0.0,0.198,32.1
0.0,0.191,32.1
0.0,0.179,32.1
0.0,0.165,32.1
0.013,0.138,32.1
0.056,0.099,32.1
0.175,0.093,32.1
0.294,0.094,32.1
0.448,0.114,32.1
0.524,0.14,32.1
0.553,0.17,32.1
0.569,0.21,32.1
0.548,0.245,32.1
0.417,0.272,32.1
0.403,0.291,32.1
0.339,0.312,32.1
0.218,0.337,32.1
0.112,0.364,32.1
0.037,0.37,32.1
0.0,0.374,32.1
0.0,0.365,32.1
0.0,0.322,32.1
0.0,0.273,32.1
0.0,0.238,32.1
0.0,0.22,32.1
0.0,0.203,32.1
0.0,0.192,32.1
0.0,0.193,32.1
0.012,0.175,32.1
0.065,0.167,32.1
0.138,0.157,32.1
0.207,0.129,32.1
0.318,0.099,32.1
0.447,0.08,32.1
0.49,0.077,32.1
0.496,0.078,32.1
0.488,0.077,32.1
0.487,0.076,32.1
0.425,0.082,32.1
0.325,0.093,32.1
0.204,0.114,32.1
0.1,0.141,32.1
0.039,0.172,32.1
0.0,0.228,32.1
0.0,0.265,32.1
0.0,0.249,32.1
0.0,0.225,32.1
0.0,0.204,32.1
0.0,0.183,32.1
0.0,0.163,32.1
0.0,0.146,32.1
0.0,0.127,32.1
0.023,0.092,32.1
0.085,0.053,32.1
0.197,0.045,32.1
0.325,0.028,32.1
0.495,0.014,32.1
0.601,0.006,32.1
0.65,0.003,32.1
0.668,0.002,32.1
0.654,0.002,32.1
0.568,0.005,32.1
0.467,0.014,32.1
0.295,0.028,32.1
0.139,0.041,32.1
0.061,0.047,32.1
0.021,0.05,32.1
0.0,0.061,32.1
0.0,0.08,32.1
0.0,0.1,32.1
0.0,0.126,32.1
0.0,0.142,32.1
0.0,0.142,32.1
0.0,0.138,32.1
0.0,0.134,32.1
0.0,0.127,32.1
0.006,0.114,32.1
0.048,0.085,32.1
0.098,0.081,32.1
0.155,0.088,32.1
0.264,0.09,32.1
0.314,0.101,32.1
0.342,0.119,32.1
0.324,0.116,32.1
0.329,0.091,32.1
0.359,0.067,32.1
0.376,0.055,32.1
0.353,0.058,32.1
0.267,0.071,32.1
0.138,0.095,32.1
0.049,0.13,32.1
0.001,0.228,32.1
0.0,0.355,32.1
0.0,0.431,32.1
0.0,0.441,32.1
0.0,0.411,32.1
0.0,0.368,32.1
0.0,0.328,32.1
0.0,0.302,32.1
0.0,0.293,32.1
0.029,0.228,32.1
0.09,0.131,32.1
0.211,0.167,32.1
0.302,0.22,32.1
0.373,0.248,32.1
0.387,0.261,32.1
0.334,0.267,32.1
0.303,0.262,32.1
0.293,0.234,32.1
0.24,0.201,32.1
0.183,0.169,32.1
0.121,0.123,32.1
0.071,0.075,32.1
0.034,0.036,32.1
0.009,0.01,32.1
0.0,0.003,32.1
0.0,0.019,32.1
0.0,0.099,32.1
0.0,0.233,32.1
0.0,0.234,32.1
0.0,0.168,32.1
0.0,0.184,32.1
0.0,0.226,32.1
0.0,0.231,32.1
0.017,0.196,32.1
0.081,0.127,32.1
0.223,0.112,32.1
0.395,0.075,32.1
0.536,0.053,32.1
0.639,0.043,32.1
0.701,0.028,32.1
0.725,0.015,32.1
0.709,0.012,32.1
0.637,0.013,32.1
0.513,0.01,32.1
0.37,0.007,32.1
0.246,0.009,32.1
0.119,0.011,32.1
0.039,0.01,32.1
0.0,0.028,32.1
0.0,0.055,32.1
0.0,0.082,32.1
0.0,0.111,32.1
0.0,0.108,32.1
0.0,0.081,32.1
0.0,0.105,32.1
0.0,0.245,32.1
0.0,0.311,32.1
0.026,0.243,32.1
0.088,0.144,32.1
0.158,0.165,32.1
0.227,0.2,32.1
0.259,0.194,32.1
0.236,0.187,32.1
0.261,0.175,32.1
0.298,0.153,32.1
0.326,0.128,32.1
0.342,0.112,32.1
0.323,0.108,32.1
0.272,0.112,32.1
0.187,0.114,32.1
0.096,0.114,32.1
0.032,0.115,32.1
0.0,0.115,32.1
0.0,0.104,32.1
0.0,0.076,32.1
0.0,0.041,32.1
0.0,0.014,32.1
0.0,0.003,32.1
0.0,0.007,32.1
0.0,0.032,32.1
0.0,0.068,32.1
0.024,0.091,32.1
0.085,0.06,32.1
0.207,0.041,32.1
0.358,0.045,32.1
0.494,0.046,32.1
0.589,0.047,32.1
0.623,0.048,32.1
0.609,0.048,32.1
0.536,0.046,32.1
0.408,0.041,32.1
0.329,0.036,32.1
0.218,0.032,32.1
0.149,0.029,32.1
0.066,0.031,32.1
0.023,0.041,32.1
0.0,0.05,32.1
0.0,0.056,32.1
0.0,0.058,32.1
0.0,0.054,32.1
0.0,0.049,32.1
0.0,0.049,32.1
0.0,0.053,32.1
0.0,0.063,32.1
0.0,0.073,32.1
0.02,0.07,32.1
0.085,0.044,32.1
0.2,0.034,32.1
0.331,0.039,32.1
0.414,0.041,32.1
0.454,0.036,32.1
0.469,0.027,32.1
0.432,0.021,32.1
0.321,0.017,32.1
0.192,0.013,32.1
0.211,0.012,32.1
0.169,0.013,32.1
0.151,0.012,32.1
0.104,0.012,32.1
0.042,0.014,32.1
0.0,0.024,32.1
0.0,0.043,32.1
0.0,0.06,32.1
0.0,0.07,32.1
0.0,0.073,32.1
0.0,0.067,32.1
0.0,0.057,32.1
0.0,0.038,32.1
0.0,0.032,32.1
0.015,0.034,32.1
0.057,0.027,32.1
0.118,0.023,32.1
0.201,0.033,32.1
0.306,0.043,32.1
0.416,0.048,32.1
0.406,0.049,32.1
0.255,0.047,32.1
0.193,0.051,32.1
0.181,0.056,32.1
0.155,0.053,32.1
0.103,0.053,32.1
0.06,0.064,32.1
0.029,0.08,32.1
0.005,0.103,32.1
0.0,0.132,32.1
0.0,0.141,32.1
0.0,0.129,32.1
0.0,0.115,32.1
0.0,0.115,32.1
0.0,0.105,32.1
0.0,0.106,32.1
0.0,0.17,32.1
0.0,0.279,32.1
0.007,0.363,32.1
0.046,0.352,32.1
0.127,0.328,32.1
0.309,0.344,32.1
0.507,0.314,32.1
0.614,0.27,32.1
0.664,0.22,32.1
0.671,0.172,32.1
0.603,0.142,32.1
0.474,0.122,32.1
0.387,0.105,32.1
0.273,0.091,32.1
0.201,0.084,32.1
0.114,0.074,32.1
0.047,0.062,32.1
0.001,0.053,32.1
0.0,0.043,32.1
0.0,0.046,32.1
0.0,0.056,32.1
0.0,0.076,32.1
0.0,0.111,32.1
0.0,0.161,32.1
0.0,0.22,32.1
0.0,0.259,32.1
0.024,0.22,32.1
0.075,0.127,32.1
0.226,0.156,32.1
0.388,0.179,32.1
0.52,0.204,32.1
0.608,0.228,32.1
0.664,0.236,32.1
0.681,0.236,32.1
0.666,0.235,32.1
0.593,0.234,32.1
0.485,0.231,32.1
0.373,0.223,32.1
0.198,0.213,32.1
0.112,0.199,32.1
0.045,0.17,32.1
0.002,0.186,32.1
0.0,0.22,32.1
0.0,0.245,32.1
0.0,0.242,32.1
0.0,0.224,32.1
0.0,0.208,32.1
0.0,0.194,32.1
0.0,0.179,32.1
0.0,0.161,32.1
0.022,0.126,32.1
0.071,0.077,32.1
0.225,0.068,32.1
0.379,0.073,32.1
0.504,0.09,32.1
0.588,0.106,32.1
0.659,0.113,32.1
0.701,0.109,32.1
0.694,0.095,32.1
0.646,0.079,32.1
0.558,0.061,32.1
0.433,0.046,32.1
0.285,0.033,32.1
0.131,0.02,32.1
0.037,0.008,32.1
0.002,0.002,32.1
0.0,0.008,32.1
0.0,0.031,32.1
0.0,0.083,32.1
0.0,0.159,32.1
0.0,0.259,32.1
0.0,0.361,32.1
0.0,0.414,32.1
0.0,0.425,32.1
0.028,0.344,32.1
0.089,0.218,32.1
0.147,0.19,32.1
0.152,0.263,32.1
0.322,0.346,32.1
0.584,0.418,32.1
0.618,0.437,32.1
0.643,0.448,32.1
0.525,0.466,32.1
0.393,0.479,32.1
0.261,0.459,32.1
0.231,0.429,32.1
0.164,0.395,32.1
0.107,0.328,32.1
0.044,0.278,32.1
0.001,0.297,32.1
0.0,0.343,32.1
0.0,0.336,32.1
0.0,0.304,32.1
0.0,0.272,32.1
0.0,0.252,32.1
0.0,0.221,32.1
0.0,0.192,32.1
0.0,0.172,32.1
0.024,0.134,32.1
0.076,0.08,32.1
0.226,0.065,32.1
0.389,0.054,32.1
0.527,0.046,32.1
0.629,0.048,32.1
0.676,0.059,32.1
0.709,0.062,32.1
0.672,0.06,32.1
0.624,0.051,32.1
0.572,0.039,32.1
0.447,0.034,32.1
0.295,0.034,32.1
0.134,0.034,32.1
0.034,0.041,32.1
0.002,0.062,32.1
0.0,0.076,32.1
0.0,0.083,32.1
0.0,0.08,32.1
0.0,0.073,32.1
0.0,0.072,32.1
0.0,0.083,32.1
0.0,0.096,32.1
0.0,0.104,32.1
0.022,0.097,32.1
0.068,0.051,32.1
0.225,0.023,32.1
0.388,0.015,32.1
0.526,0.009,32.1
0.627,0.005,32.1
0.689,0.004,32.1
0.711,0.005,32.1
0.697,0.008,32.1
0.647,0.013,32.1
0.559,0.02,32.1
0.436,0.032,32.1
0.286,0.053,32.1
0.13,0.088,32.1
0.035,0.154,32.1
0.001,0.272,32.1
0.0,0.396,32.1
0.0,0.457,32.1
0.0,0.464,32.1
0.0,0.442,32.1
0.0,0.401,32.1
0.0,0.356,32.1
0.0,0.315,32.1
0.0,0.279,32.1
0.022,0.228,32.1
0.069,0.12,32.1
0.218,0.054,32.1
0.373,0.061,32.1
0.507,0.122,32.1
0.613,0.169,32.1
0.677,0.206,32.1
0.703,0.232,32.1
0.691,0.249,32.1
0.644,0.259,32.1
0.559,0.264,32.1
0.439,0.278,32.1
0.289,0.302,32.1
0.131,0.339,32.1
0.031,0.417,32.1
0.001,0.549,32.1
0.0,0.585,32.1
0.0,0.539,32.1
0.0,0.491,32.1
0.0,0.448,32.1
0.0,0.416,32.1
0.0,0.391,32.1
0.0,0.379,32.1
0.0,0.367,32.1
0.02,0.294,32.1
0.064,0.162,32.1
0.227,0.102,32.1
0.392,0.16,32.1
0.527,0.231,32.1
0.625,0.258,32.1
0.685,0.259,32.1
0.707,0.241,32.1
0.693,0.211,32.1
0.642,0.183,32.1
0.555,0.167,32.1
0.435,0.167,32.1
0.286,0.184,32.1
0.129,0.22,32.1
0.032,0.281,32.1
0.001,0.407,32.1
0.0,0.479,32.1
0.0,0.476,32.1
0.0,0.473,32.1
0.0,0.473,32.1
0.0,0.459,32.1
0.0,0.454,32.1
0.0,0.439,32.1
0.0,0.404,32.1
0.026,0.31,32.1
0.076,0.189,32.1
0.225,0.155,32.1
0.379,0.231,32.1
0.509,0.218,32.1
0.604,0.186,32.1
0.652,0.156,32.1
0.638,0.139,32.1
0.515,0.146,32.1
0.299,0.175,32.1
0.132,0.201,32.1
0.086,0.182,32.1
0.061,0.128,32.1
0.031,0.078,32.1
0.007,0.058,32.1
0.0,0.055,32.1
0.0,0.057,32.1
0.0,0.077,32.1
0.0,0.102,32.1
0.0,0.113,32.1
0.0,0.117,32.1
0.0,0.141,32.1
0.0,0.186,32.1
0.0,0.204,32.1
0.001,0.173,32.1
0.04,0.136,32.1
0.091,0.169,32.1
0.174,0.256,32.1
0.33,0.374,32.1
0.504,0.496,32.1
0.636,0.583,32.1
0.618,0.648,32.1
0.33,0.694,32.1
0.304,0.691,32.1
0.517,0.693,32.1
0.419,0.711,32.1
0.258,0.686,32.1
0.118,0.58,32.1
0.031,0.481,32.1
0.0,0.471,32.1
0.0,0.481,32.1
0.0,0.474,32.1
0.0,0.459,32.1
0.0,0.425,32.1
0.0,0.405,32.1
0.0,0.405,32.1
0.0,0.404,32.1
0.0,0.413,32.1
0.007,0.437,32.1
0.037,0.472,32.1
0.096,0.556,32.1
0.292,0.615,32.1
0.5,0.655,32.1
0.623,0.67,32.1
0.696,0.676,32.1
0.72,0.672,32.1
0.705,0.656,32.1
0.655,0.642,32.1
0.565,0.623,32.1
0.443,0.61,32.1
0.291,0.58,32.1
0.139,0.529,32.1
0.036,0.438,32.1
0.002,0.363,32.1
0.0,0.327,32.1
0.0,0.341,32.1
0.0,0.381,32.1
0.0,0.407,32.1
0.0,0.427,32.1
0.0,0.445,32.1
0.0,0.457,32.1
0.0,0.434,32.1
0.02,0.355,32.1
0.064,0.398,32.1
0.229,0.566,32.1
0.389,0.602,32.1
0.532,0.63,32.1
0.623,0.666,32.1
0.689,0.698,32.1
0.737,0.73,32.1
0.685,0.761,32.1
0.642,0.78,32.1
0.553,0.796,32.1
0.437,0.815,32.1
0.266,0.827,32.1
0.119,0.814,32.1
0.041,0.778,32.1
0.001,0.727,32.1
0.0,0.701,32.1
0.0,0.687,32.1
0.0,0.665,32.1
0.0,0.63,32.1
0.0,0.596,32.1
0.0,0.571,32.1
0.0,0.538,32.1
0.0,0.511,32.1
0.027,0.437,32.1
0.083,0.506,32.1
0.212,0.658,32.1
0.365,0.7,32.1
0.454,0.703,32.1
0.515,0.71,32.1
0.446,0.704,32.1
0.449,0.7,32.1
0.436,0.69,32.1
0.304,0.674,32.1
0.197,0.651,32.1
0.182,0.62,32.1
0.147,0.578,32.1
0.089,0.493,32.1
0.035,0.395,32.1
0.0,0.383,32.1
0.0,0.454,32.1
0.0,0.467,32.1
0.0,0.459,32.1
0.0,0.455,32.1
0.0,0.436,32.1
0.0,0.379,32.1
0.0,0.334,32.1
0.0,0.302,32.1
0.007,0.294,32.1
0.049,0.26,32.1
0.11,0.294,32.1
0.205,0.444,32.1
0.324,0.543,32.1
0.413,0.587,32.1
0.449,0.591,32.1
0.45,0.599,32.1
0.398,0.583,32.1
0.38,0.567,32.1
0.348,0.554,32.1
0.308,0.561,32.1
0.222,0.563,32.1
0.134,0.537,32.1
0.047,0.465,32.1
0.002,0.411,32.1
0.0,0.395,32.1
0.0,0.374,32.1
0.0,0.346,32.1
0.0,0.341,32.1
0.0,0.355,32.1
0.0,0.377,32.1
0.0,0.388,32.1
0.0,0.348,32.1
0.023,0.295,32.1
0.076,0.256,32.1
0.204,0.281,32.1
0.345,0.311,32.1
0.484,0.344,32.1
0.594,0.386,32.1
0.651,0.435,32.1
0.635,0.464,32.1
0.616,0.473,32.1
0.564,0.484,32.1
0.485,0.501,32.1
0.387,0.521,32.1
0.261,0.516,32.1
0.129,0.485,32.1
0.042,0.427,32.1
0.001,0.404,32.1
0.0,0.383,32.1
0.0,0.371,32.1
0.0,0.346,32.1
0.0,0.322,32.1
0.0,0.309,32.1
0.0,0.305,32.1
0.0,0.3,32.1
0.0,0.289,32.1
0.024,0.237,32.1
0.072,0.185,32.1
0.215,0.241,32.1
0.372,0.317,32.1
0.494,0.4,32.1
0.553,0.464,32.1
0.546,0.49,32.1
0.643,0.492,32.1
0.61,0.505,32.1
0.475,0.544,32.1
0.355,0.586,32.1
0.292,0.624,32.1
0.235,0.644,32.1
0.131,0.636,32.1
0.04,0.586,32.1
0.0,0.531,32.1
0.0,0.52,32.1
0.0,0.511,32.1
0.0,0.514,32.1
0.0,0.516,32.1
0.0,0.505,32.1
0.0,0.498,32.1
0.0,0.516,32.1
0.0,0.543,32.1
0.007,0.559,32.1
0.042,0.569,32.1
0.088,0.644,32.1
0.153,0.733,32.1
0.236,0.789,32.1
0.198,0.792,32.1
0.193,0.789,32.1
0.316,0.809,32.1
0.366,0.838,32.1
0.351,0.845,32.1
0.227,0.831,32.1
0.194,0.808,32.1
0.16,0.79,32.1
0.102,0.759,32.1
0.041,0.739,32.1
0.0,0.747,32.1
0.0,0.754,32.1
0.0,0.766,32.1
0.0,0.755,32.1
0.0,0.752,32.1
0.0,0.77,32.1
0.0,0.777,32.1
0.0,0.779,32.1
0.0,0.786,32.1
0.023,0.796,32.1
0.072,0.808,32.1
0.19,0.831,32.1
0.278,0.87,32.1
0.365,0.918,32.1
0.433,0.933,32.1
0.501,0.933,32.1
0.475,0.927,32.1
0.47,0.92,32.1
0.518,0.913,32.1
0.468,0.906,32.1
0.402,0.894,32.1
0.299,0.88,32.1
0.14,0.861,32.1
0.034,0.833,32.1
0.0,0.801,32.1
0.0,0.787,32.1
0.0,0.78,32.1
0.0,0.751,32.1
0.0,0.725,32.1
0.0,0.69,32.1
0.0,0.648,32.1
0.0,0.621,32.1
0.0,0.586,32.1
0.021,0.484,32.1
0.064,0.554,32.1
0.222,0.638,32.1
0.38,0.641,32.1
0.508,0.655,32.1
0.598,0.661,32.1
0.652,0.653,32.1
0.68,0.64,32.1
0.673,0.624,32.1
0.635,0.606,32.1
0.554,0.569,32.1
0.437,0.523,32.1
0.288,0.472,32.1
0.13,0.405,32.1
0.038,0.296,32.1
0.0,0.208,32.1
0.0,0.175,32.1
0.0,0.135,32.1
0.0,0.088,32.1
0.0,0.054,32.1
0.0,0.041,32.1
0.0,0.049,32.1
0.0,0.072,32.1
0.0,0.1,32.1
0.023,0.123,32.1
0.073,0.096,32.1
0.22,0.113,32.1
0.378,0.174,32.1
0.51,0.263,32.1
0.57,0.322,32.1
0.6,0.334,32.1
0.563,0.339,32.1
0.474,0.348,32.1
0.416,0.313,32.1
0.431,0.252,32.1
0.334,0.227,32.1
0.181,0.212,32.1
0.067,0.175,32.1
0.025,0.137,32.1
0.0,0.141,32.1
0.0,0.158,32.1
0.0,0.17,32.1
0.0,0.204,32.1
0.0,0.223,32.1
0.0,0.234,32.1
0.0,0.207,32.1
0.0,0.201,32.1
0.0,0.201,32.1
0.003,0.195,32.1
0.036,0.193,32.1
0.07,0.238,32.1
0.106,0.261,32.1
0.158,0.248,32.1
0.182,0.235,32.1
0.197,0.244,32.1
0.186,0.251,32.1
0.143,0.237,32.1
0.124,0.205,32.1
0.19,0.206,32.1
0.229,0.229,32.1
0.163,0.205,32.1
0.107,0.139,32.1
0.043,0.077,32.1
0.0,0.068,32.1
0.0,0.095,32.1
0.0,0.155,32.1
0.0,0.234,32.1
0.0,0.298,32.1
0.0,0.317,32.1
0.0,0.349,32.1
0.0,0.385,32.1
0.0,0.409,32.1
0.015,0.403,32.1
0.053,0.378,32.1
0.092,0.417,32.1
0.14,0.513,32.1
0.21,0.55,32.1
0.333,0.59,32.1
0.438,0.613,32.1
0.487,0.617,32.1
0.409,0.62,32.1
0.365,0.619,32.1
0.372,0.618,32.1
0.29,0.602,32.1
0.154,0.503,32.1
0.073,0.352,32.1
0.019,0.245,32.1
0.0,0.201,32.1
0.0,0.193,32.1
0.0,0.263,32.1
0.0,0.321,32.1
0.0,0.348,32.1
0.0,0.361,32.1
0.0,0.364,32.1
0.0,0.38,32.1
0.0,0.454,32.1
0.013,0.469,32.1
0.064,0.412,32.1
0.125,0.424,32.1
0.214,0.531,32.1
0.303,0.586,32.1
0.451,0.547,32.1
0.619,0.463,32.1
0.686,0.398,32.1
0.674,0.346,32.1
0.636,0.304,32.1
0.548,0.272,32.1
0.433,0.248,32.1
0.284,0.227,32.1
0.136,0.203,32.1
0.038,0.179,32.1
0.0,0.18,32.1
0.0,0.167,32.1
0.0,0.127,32.1
0.0,0.084,32.1
0.0,0.049,32.1
0.0,0.031,32.1
0.0,0.024,32.1
0.0,0.024,32.1
0.0,0.029,32.1
0.019,0.043,32.1
0.062,0.041,32.1
0.213,0.042,32.1
0.374,0.057,32.1
0.509,0.076,32.1
0.608,0.098,32.1
0.638,0.119,32.1
0.639,0.145,32.1
0.662,0.178,32.1
0.62,0.208,32.1
0.548,0.229,32.1
0.437,0.236,32.1
0.295,0.232,32.1
0.134,0.227,32.1
0.033,0.214,32.1
0.0,0.233,32.1
0.0,0.249,32.1
0.0,0.235,32.1
0.0,0.211,32.1
0.0,0.181,32.1
0.0,0.15,32.1
0.0,0.122,32.1
0.0,0.102,32.1
0.0,0.088,32.1
0.017,0.073,32.1
0.054,0.043,32.1
0.226,0.045,32.1
0.402,0.037,32.1
0.549,0.033,32.1
0.657,0.032,32.1
0.722,0.035,32.1
0.747,0.04,32.1
0.732,0.046,32.1
0.679,0.049,32.1
0.585,0.051,32.1
0.436,0.055,32.1
0.254,0.064,32.1
0.113,0.084,32.1
0.034,0.133,32.1
0.0,0.227,32.1
0.0,0.305,32.1
0.0,0.327,32.1
0.0,0.306,32.1
0.0,0.26,32.1
0.0,0.209,32.1
0.0,0.164,32.1
0.0,0.121,32.1
0.0,0.081,32.1
0.018,0.051,32.1
0.063,0.02,32.1
0.21,0.008,32.1
0.368,0.013,32.1
0.51,0.008,32.1
0.616,0.002,32.1
0.681,0.001,32.1
0.71,0.01,32.1
0.695,0.028,32.1
0.636,0.048,32.1
0.52,0.067,32.1
0.375,0.08,32.1
0.231,0.088,32.1
0.114,0.099,32.1
0.036,0.115,32.1
0.0,0.119,32.1
0.0,0.082,32.1
0.0,0.039,32.1
0.0,0.021,32.1
0.0,0.03,32.1
0.0,0.07,32.1
0.0,0.118,32.1
0.0,0.153,32.1
0.0,0.163,32.1
0.01,0.155,32.1
0.052,0.118,32.1
0.106,0.112,32.1
0.152,0.134,32.1
0.2,0.162,32.1
0.255,0.19,32.1
0.283,0.201,32.1
0.283,0.194,32.1
0.253,0.168,32.1
0.231,0.128,32.1
0.268,0.105,32.1
0.193,0.133,32.1
0.127,0.206,32.1
0.051,0.245,32.1
0.01,0.223,32.1
0.0,0.183,32.1
0.0,0.135,32.1
0.0,0.093,32.1
0.0,0.062,32.1
0.0,0.052,32.1
0.0,0.047,32.1
0.0,0.04,32.1
0.0,0.03,32.1
0.0,0.019,32.1
0.019,0.013,32.1
0.063,0.009,32.1
0.217,0.013,32.1
0.369,0.019,32.1
0.5,0.029,32.1
0.555,0.041,32.1
0.516,0.052,32.1
0.468,0.06,32.1
0.401,0.066,32.1
0.37,0.069,32.1
0.336,0.07,32.1
0.272,0.07,32.1
0.175,0.07,32.1
0.086,0.072,32.1
0.028,0.086,32.1
0.0,0.121,32.1
0.0,0.157,32.1
0.0,0.164,32.1
0.0,0.148,32.1
0.0,0.138,32.1
0.0,0.153,32.1
0.0,0.185,32.1
0.0,0.22,32.1
0.0,0.23,32.1
0.006,0.202,32.1
0.056,0.174,32.1
0.13,0.178,32.1
0.207,0.217,32.1
0.261,0.241,32.1
0.321,0.261,32.1
0.406,0.288,32.1
0.515,0.317,32.1
0.604,0.339,32.1
0.582,0.355,32.1
0.499,0.371,32.1
0.386,0.376,32.1
0.218,0.355,32.1
0.084,0.307,32.1
0.021,0.227,32.1
0.0,0.175,32.1
0.0,0.162,32.1
0.0,0.15,32.1
0.0,0.137,32.1
0.0,0.124,32.1
0.0,0.117,32.1
0.0,0.11,32.1
0.0,0.101,32.1
0.0,0.088,32.1
0.009,0.064,32.1
0.058,0.028,32.1
0.144,0.013,32.1
0.229,0.011,32.1
0.32,0.013,32.1
0.374,0.018,32.1
0.425,0.026,32.1
0.523,0.039,32.1
0.36,0.053,32.1
0.348,0.063,32.1
0.406,0.068,32.1
0.371,0.068,32.1
0.242,0.064,32.1
0.124,0.058,32.1
0.037,0.052,32.1
0.0,0.04,32.1
0.0,0.017,32.1
0.0,0.004,32.1
0.0,0.001,32.1
0.0,0.006,32.1
0.0,0.022,32.1
0.0,0.049,32.1
0.0,0.078,32.1
0.0,0.099,32.1
0.016,0.114,32.1
0.059,0.08,32.1
0.206,0.068,32.1
0.367,0.082,32.1
0.505,0.083,32.1
0.6,0.083,32.1
0.655,0.084,32.1
0.665,0.086,32.1
0.625,0.088,32.1
0.562,0.087,32.1
0.477,0.084,32.1
0.332,0.087,32.1
0.186,0.102,32.1
0.076,0.138,32.1
0.022,0.181,32.1
0.0,0.191,32.1
0.0,0.165,32.1
0.0,0.123,32.1
0.0,0.077,32.1
0.0,0.039,32.1
0.0,0.02,32.1
0.0,0.013,32.1
0.0,0.025,32.1
0.0,0.053,32.1
0.014,0.09,32.1
0.061,0.088,32.1
0.117,0.088,32.1
0.16,0.127,32.1
0.25,0.164,32.1
0.488,0.186,32.1
0.684,0.188,32.1
0.728,0.181,32.1
0.709,0.175,32.1
0.653,0.17,32.1
0.55,0.168,32.1
0.417,0.175,32.1
0.274,0.199,32.1
0.123,0.248,32.1
0.034,0.321,32.1
0.0,0.352,32.1
0.0,0.322,32.1
0.0,0.279,32.1
0.0,0.251,32.1
0.0,0.255,32.1
0.0,0.272,32.1
0.0,0.259,32.1
0.0,0.243,32.1
0.0,0.242,32.1
0.013,0.213,32.1
0.051,0.158,32.1
0.214,0.17,32.1
0.393,0.153,32.1
0.543,0.133,32.1
0.65,0.131,32.1
0.717,0.142,32.1
0.744,0.153,32.1
0.731,0.166,32.1
0.679,0.185,32.1
0.573,0.209,32.1
0.436,0.225,32.1
0.296,0.231,32.1
0.129,0.246,32.1
0.025,0.279,32.1
0.0,0.345,32.1
0.0,0.361,32.1
0.0,0.334,32.1
0.0,0.313,32.1
0.0,0.283,32.1
0.0,0.237,32.1
0.0,0.187,32.1
0.0,0.143,32.1
0.0,0.107,32.1
0.011,0.073,32.1
0.043,0.045,32.1
0.218,0.059,32.1
0.397,0.068,32.1
0.543,0.076,32.1
0.65,0.085,32.1
0.714,0.092,32.1
0.741,0.098,32.1
0.726,0.11,32.1
0.674,0.132,32.1
0.584,0.164,32.1
0.456,0.207,32.1
0.295,0.248,32.1
0.127,0.277,32.1
0.025,0.29,32.1
0.0,0.311,32.1
0.0,0.317,32.1
0.0,0.292,32.1
0.0,0.264,32.1
0.0,0.226,32.1
0.0,0.185,32.1
0.0,0.146,32.1
0.0,0.111,32.1
0.0,0.084,32.1
0.013,0.067,32.1
0.056,0.049,32.1
0.208,0.055,32.1
0.369,0.052,32.1
0.393,0.045,32.1
0.402,0.037,32.1
0.395,0.03,32.1
0.509,0.025,32.1
0.627,0.029,32.1
0.604,0.045,32.1
0.504,0.069,32.1
0.373,0.094,32.1
0.198,0.114,32.1
0.101,0.126,32.1
0.031,0.147,32.1
0.0,0.187,32.1
0.0,0.189,32.1
0.0,0.165,32.1
0.0,0.139,32.1
0.0,0.114,32.1
0.0,0.09,32.1
0.0,0.074,32.1
0.0,0.07,32.1
0.0,0.088,32.1
0.012,0.127,32.1
0.051,0.111,32.1
0.21,0.085,32.1
0.378,0.085,32.1
0.521,0.088,32.1
0.626,0.098,32.1
0.685,0.107,32.1
0.7,0.118,32.1
0.679,0.132,32.1
0.614,0.146,32.1
0.454,0.163,32.1
0.253,0.179,32.1
0.155,0.179,32.1
0.09,0.167,32.1
0.025,0.169,32.1
0.0,0.198,32.1
0.0,0.223,32.1
0.0,0.272,32.1
0.0,0.313,32.1
0.0,0.311,32.1
0.0,0.309,32.1
0.0,0.32,32.1
0.0,0.339,32.1
0.0,0.318,32.1
0.011,0.263,32.1
0.055,0.181,32.1
0.202,0.167,32.1
0.363,0.175,32.1
0.501,0.196,32.1
0.599,0.219,32.1
0.634,0.241,32.1
0.572,0.257,32.1
0.558,0.261,32.1
0.528,0.259,32.1
0.432,0.253,32.1
0.301,0.248,32.1
0.198,0.216,32.1
0.118,0.167,32.1
0.029,0.119,32.1
0.0,0.109,32.1
0.0,0.139,32.1
0.0,0.211,32.1
0.0,0.276,32.1
0.0,0.289,32.1
0.0,0.274,32.1
0.0,0.283,32.1
0.0,0.324,32.1
0.0,0.355,32.1
0.008,0.343,32.1
0.067,0.305,32.1
0.173,0.444,32.1
0.242,0.513,32.1
0.238,0.525,32.1
0.233,0.523,32.1
0.244,0.538,32.1
0.33,0.53,32.1
0.527,0.504,32.1
0.545,0.481,32.1
0.463,0.45,32.1
0.314,0.435,32.1
0.142,0.369,32.1
0.052,0.225,32.1
0.001,0.168,32.1
0.0,0.203,32.1
0.0,0.289,32.1
0.0,0.391,32.1
0.0,0.457,32.1
0.0,0.523,32.1
0.0,0.592,32.1
0.0,0.603,32.1
0.0,0.493,32.1
0.0,0.402,32.1
0.009,0.37,32.1
0.047,0.306,32.1
0.202,0.395,32.1
0.371,0.418,32.1
0.506,0.407,32.1
0.611,0.391,32.1
0.636,0.391,32.1
0.535,0.41,32.1
0.498,0.413,32.1
0.597,0.413,32.1
0.57,0.379,32.1
0.431,0.362,32.1
0.283,0.389,32.1
0.116,0.367,32.1
0.025,0.313,32.1
0.0,0.309,32.1
0.0,0.314,32.1
0.0,0.278,32.1
0.0,0.236,32.1
0.0,0.209,32.1
0.0,0.208,32.1
0.0,0.222,32.1
0.0,0.256,32.1
0.0,0.279,32.1
0.006,0.279,32.1
0.052,0.206,32.1
0.089,0.158,32.1
0.12,0.18,32.1
0.174,0.264,32.1
0.284,0.355,32.1
0.429,0.484,32.1
0.593,0.607,32.1
0.605,0.665,32.1
0.495,0.674,32.1
0.416,0.658,32.1
0.339,0.623,32.1
0.261,0.556,32.1
0.116,0.467,32.1
0.027,0.495,32.1
0.0,0.55,32.1
0.0,0.558,32.1
0.0,0.557,32.1
0.0,0.556,32.1
0.0,0.539,32.1
0.0,0.516,32.1
0.0,0.447,32.1
0.0,0.364,32.1
0.0,0.351,32.1
0.0,0.323,32.1
0.046,0.284,32.1
0.192,0.332,32.1
0.372,0.41,32.1
0.517,0.488,32.1
0.633,0.528,32.1
0.695,0.538,32.1
0.703,0.557,32.1
0.678,0.579,32.1
0.633,0.583,32.1
0.551,0.584,32.1
0.419,0.568,32.1
0.271,0.529,32.1
0.109,0.457,32.1
0.025,0.348,32.1
0.0,0.329,32.1
0.0,0.388,32.1
0.0,0.435,32.1
0.0,0.402,32.1
0.0,0.33,32.1
0.0,0.311,32.1
0.0,0.254,32.1
0.0,0.192,32.1
0.0,0.135,32.1
0.005,0.112,32.1
0.039,0.086,32.1
0.206,0.116,32.1
0.385,0.135,32.1
0.53,0.147,32.1
0.645,0.154,32.1
0.713,0.158,32.1
0.739,0.158,32.1
0.725,0.158,32.1
0.672,0.155,32.1
0.578,0.144,32.1
0.443,0.133,32.1
0.276,0.115,32.1
0.113,0.093,32.1
0.022,0.097,32.1
0.0,0.117,32.1
0.0,0.111,32.1
0.0,0.103,32.1
0.0,0.112,32.1
0.0,0.133,32.1
0.0,0.159,32.1
0.0,0.188,32.1
0.0,0.202,32.1
0.0,0.193,32.1
0.005,0.169,32.1
0.043,0.092,32.1
0.198,0.05,32.1
0.36,0.051,32.1
0.474,0.036,32.1
0.593,0.037,32.1
0.678,0.032,32.1
0.706,0.02,32.1
0.692,0.012,32.1
0.64,0.007,32.1
0.534,0.003,32.1
0.362,0.001,32.1
0.234,0.004,32.1
0.108,0.013,32.1
0.021,0.052,32.1
0.0,0.153,32.1
0.0,0.296,32.1
0.0,0.402,32.1
0.0,0.442,32.1
0.0,0.438,32.1
0.0,0.425,32.1
0.0,0.404,32.1
0.0,0.382,32.1
0.0,0.371,32.1
0.003,0.367,32.1
0.037,0.262,32.1
0.198,0.139,32.1
0.371,0.129,32.1
0.514,0.2,32.1
0.615,0.235,32.1
0.676,0.236,32.1
0.699,0.228,32.1
0.685,0.217,32.1
0.633,0.203,32.1
0.545,0.185,32.1
0.419,0.177,32.1
0.264,0.172,32.1
0.107,0.134,32.1
0.02,0.12,32.1
0.0,0.104,32.1
0.0,0.088,32.1
0.0,0.13,32.1
0.0,0.211,32.1
0.0,0.256,32.1
0.0,0.265,32.1
0.0,0.241,32.1
0.0,0.225,32.1
0.0,0.227,32.1
0.003,0.209,32.1
0.045,0.188,32.1
0.182,0.192,32.1
0.324,0.201,32.1
0.42,0.202,32.1
0.477,0.199,32.1
0.532,0.207,32.1
0.582,0.227,32.1
0.606,0.241,32.1
0.566,0.245,32.1
0.486,0.243,32.1
0.392,0.245,32.1
0.228,0.251,32.1
0.101,0.248,32.1
0.021,0.21,32.1
0.0,0.195,32.1
0.0,0.179,32.1
0.0,0.178,32.1
0.0,0.189,32.1
0.0,0.195,32.1
0.0,0.197,32.1
0.0,0.221,32.1
0.0,0.249,32.1
0.0,0.253,32.1
0.001,0.234,32.1
0.049,0.167,32.1
0.152,0.169,32.1
0.287,0.186,32.1
0.442,0.225,32.1
0.508,0.258,32.1
0.486,0.28,32.1
0.538,0.285,32.1
0.612,0.261,32.1
0.634,0.225,32.1
0.557,0.186,32.1
0.434,0.16,32.1
0.276,0.155,32.1
0.111,0.16,32.1
0.02,0.172,32.1
0.0,0.193,32.1
0.0,0.175,32.1
0.0,0.146,32.1
0.0,0.131,32.1
0.0,0.114,32.1
0.0,0.093,32.1
0.0,0.082,32.1
0.0,0.086,32.1
0.0,0.094,32.1
0.0,0.102,32.1
0.022,0.091,32.1
0.076,0.07,32.1
0.152,0.076,32.1
0.239,0.087,32.1
0.321,0.069,32.1
0.357,0.04,32.1
0.329,0.021,32.1
0.268,0.018,32.1
0.221,0.027,32.1
0.178,0.052,32.1
0.135,0.092,32.1
0.105,0.134,32.1
0.068,0.172,32.1
0.013,0.207,32.1
0.0,0.266,32.1
0.0,0.296,32.1
0.0,0.292,32.1
0.0,0.283,32.1
0.0,0.262,32.1
0.0,0.249,32.1
0.0,0.243,32.1
0.0,0.231,32.1
0.0,0.194,32.1
0.001,0.139,32.1
0.037,0.072,32.1
0.197,0.049,32.1
0.372,0.029,32.1
0.528,0.019,32.1
0.635,0.022,32.1
0.702,0.036,32.1
0.731,0.055,32.1
0.719,0.069,32.1
0.665,0.083,32.1
0.571,0.093,32.1
0.438,0.092,32.1
0.269,0.097,32.1
0.097,0.119,32.1
0.014,0.166,32.1
0.0,0.225,32.1
0.0,0.266,32.1
0.0,0.28,32.1
0.0,0.276,32.1
0.0,0.286,32.1
0.0,0.319,32.1
0.0,0.355,32.1
0.0,0.381,32.1
0.0,0.38,32.1
0.0,0.364,32.1
0.034,0.257,32.1
0.193,0.201,32.1
0.366,0.332,32.1
0.512,0.362,32.1
0.618,0.364,32.1
0.683,0.363,32.1
0.708,0.362,32.1
0.695,0.355,32.1
0.643,0.342,32.1
0.552,0.316,32.1
0.422,0.291,32.1
0.263,0.257,32.1
0.103,0.206,32.1
0.015,0.168,32.1
0.0,0.133,32.1
0.0,0.103,32.1
0.0,0.089,32.1
0.0,0.093,32.1
0.0,0.104,32.1
0.0,0.115,32.1
0.0,0.119,32.1
0.0,0.118,32.1
0.0,0.118,32.1
0.0,0.132,32.1
0.044,0.119,32.1
0.176,0.059,32.1
0.32,0.051,32.1
0.42,0.107,32.1
0.393,0.125,32.1
0.456,0.126,32.1
0.549,0.115,32.1
0.61,0.094,32.1
0.573,0.069,32.1
0.475,0.046,32.1
0.34,0.03,32.1
0.21,0.019,32.1
0.091,0.011,32.1
0.015,0.003,32.1
0.0,0.015,32.1
0.0,0.076,32.1
0.0,0.17,32.1
0.0,0.235,32.1
0.0,0.243,32.1
0.0,0.223,32.1
0.0,0.206,32.1
0.0,0.206,32.1
0.0,0.22,32.1
0.0,0.235,32.1
0.032,0.2,32.1
0.185,0.087,32.1
0.356,0.036,32.1
0.496,0.033,32.1
0.596,0.03,32.1
0.659,0.029,32.1
0.685,0.028,32.1
0.672,0.023,32.1
0.622,0.016,32.1
0.533,0.011,32.1
0.408,0.011,32.1
0.253,0.017,32.1
0.097,0.036,32.1
0.013,0.092,32.1
0.0,0.179,32.1
0.0,0.261,32.1
0.0,0.33,32.1
0.0,0.379,32.1
0.0,0.382,32.1
0.0,0.325,32.1
0.0,0.226,32.1
0.0,0.143,32.1
0.0,0.093,32.1
0.0,0.076,32.1
0.036,0.078,32.1
0.18,0.045,32.1
0.346,0.016,32.1
0.483,0.018,32.1
0.581,0.021,32.1
0.638,0.015,32.1
0.651,0.009,32.1
0.585,0.007,32.1
0.501,0.008,32.1
0.405,0.012,32.1
0.279,0.027,32.1
0.153,0.059,32.1
0.058,0.143,32.1
0.005,0.302,32.1
0.0,0.451,32.1
0.0,0.489,32.1
0.0,0.482,32.1
0.0,0.468,32.1
0.0,0.453,32.1
0.0,0.429,32.1
0.0,0.385,32.1
0.0,0.332,32.1
0.0,0.264,32.1
0.0,0.201,32.1
0.04,0.128,32.1
0.144,0.076,32.1
0.291,0.056,32.1
0.433,0.086,32.1
0.545,0.109,32.1
0.617,0.077,32.1
0.639,0.038,32.1
0.611,0.013,32.1
0.552,0.011,32.1
0.461,0.027,32.1
0.287,0.047,32.1
0.153,0.068,32.1
0.048,0.11,32.1
0.0,0.182,32.1
0.0,0.249,32.1
0.0,0.285,32.1
0.0,0.309,32.1
0.0,0.3,32.1
0.0,0.294,32.1
0.0,0.266,32.1
0.0,0.206,32.1
0.0,0.158,32.1
0.0,0.126,32.1
0.0,0.094,32.1
0.032,0.053,32.1
0.102,0.025,32.1
0.171,0.017,32.1
0.216,0.017,32.1
0.241,0.018,32.1
0.26,0.02,32.1
0.327,0.021,32.1
0.375,0.019,32.1
0.427,0.018,32.1
0.401,0.02,32.1
0.315,0.03,32.1
0.195,0.049,32.1
0.08,0.078,32.1
0.009,0.133,32.1
0.0,0.209,32.1
0.0,0.253,32.1
0.0,0.262,32.1
0.0,0.244,32.1
0.0,0.207,32.1
0.0,0.178,32.1
0.0,0.15,32.1
0.0,0.123,32.1
0.0,0.095,32.1
0.0,0.077,32.1
0.039,0.056,32.1
0.134,0.028,32.1
0.237,0.018,32.1
0.315,0.018,32.1
0.37,0.018,32.1
0.419,0.02,32.1
0.429,0.02,32.1
0.379,0.015,32.1
0.347,0.009,32.1
0.272,0.004,32.1
0.19,0.002,32.1
0.119,0.004,32.1
0.049,0.01,32.1
0.003,0.046,32.1
0.0,0.086,32.1
0.0,0.099,32.1
0.0,0.092,32.1
0.0,0.093,32.1
0.0,0.104,32.1
0.0,0.116,32.1
0.0,0.116,32.1
0.0,0.105,32.1
0.0,0.098,32.1
0.0,0.098,32.1
0.037,0.074,32.1
0.139,0.041,32.1
0.273,0.031,32.1
0.409,0.037,32.1
0.509,0.046,32.1
0.585,0.045,32.1
0.599,0.038,32.1
0.559,0.028,32.1
0.482,0.018,32.1
0.402,0.01,32.1
0.306,0.006,32.1
0.177,0.006,32.1
0.063,0.007,32.1
0.004,0.017,32.1
0.0,0.044,32.1
0.0,0.078,32.1
0.0,0.108,32.1
0.0,0.123,32.1
0.0,0.107,32.1
0.0,0.107,32.1
0.0,0.131,32.1
0.0,0.145,32.1
0.0,0.127,32.1
0.0,0.099,32.1
0.024,0.071,32.1
0.089,0.061,32.1
0.176,0.048,32.1
0.273,0.035,32.1
0.363,0.024,32.1
0.393,0.02,32.1
0.352,0.024,32.1
0.282,0.032,32.1
0.238,0.043,32.1
0.182,0.054,32.1
0.124,0.071,32.1
0.088,0.093,32.1
0.041,0.117,32.1
0.002,0.152,32.1
0.0,0.173,32.1
0.0,0.16,32.1
0.0,0.132,32.1
0.0,0.118,32.1
0.0,0.123,32.1
0.0,0.134,32.1
0.0,0.142,32.1
0.0,0.151,32.1
0.0,0.162,32.1
0.0,0.179,32.1
0.036,0.14,32.1
0.152,0.132,32.1
0.3,0.147,32.1
0.417,0.142,32.1
0.46,0.134,32.1
0.467,0.118,32.1
0.422,0.099,32.1
0.391,0.078,32.1
0.38,0.058,32.1
0.316,0.042,32.1
0.215,0.029,32.1
0.131,0.024,32.1
0.052,0.029,32.1
0.002,0.057,32.1
0.0,0.101,32.1
0.0,0.128,32.1
0.0,0.118,32.1
0.0,0.094,32.1
0.0,0.072,32.1
0.0,0.054,32.1
0.0,0.038,32.1
0.0,0.023,32.1
0.0,0.011,32.1
0.0,0.005,32.1
0.034,0.004,32.1
0.149,0.007,32.1
0.276,0.011,32.1
0.394,0.012,32.1
0.47,0.012,32.1
0.509,0.011,32.1
0.498,0.01,32.1
0.453,0.006,32.1
0.386,0.003,32.1
0.3,0.001,32.1
0.196,0.001,32.1
0.146,0.001,32.1
0.056,0.004,32.1
0.001,0.013,32.1
0.0,0.031,32.1
0.0,0.047,32.1
0.0,0.065,32.1
0.0,0.084,32.1
0.0,0.095,32.1
0.0,0.105,32.1
0.0,0.114,32.1
0.0,0.12,32.1
0.0,0.114,32.1
0.0,0.1,32.1
0.034,0.061,32.1
0.151,0.029,32.1
0.251,0.026,32.1
0.284,0.025,32.1
0.335,0.021,32.1
0.412,0.019,32.1
0.493,0.022,32.1
0.525,0.029,32.1
0.43,0.035,32.1
0.3,0.035,32.1
0.212,0.028,32.1
0.135,0.028,32.1
0.049,0.037,32.1
0.0,0.053,32.1
0.0,0.064,32.1
0.0,0.08,32.1
0.0,0.095,32.1
0.0,0.102,32.1
0.0,0.123,32.1
0.0,0.158,32.1
0.0,0.171,32.1
0.0,0.166,32.1
0.0,0.168,32.1
0.0,0.181,32.1
0.027,0.15,32.1
0.128,0.125,32.1
0.257,0.129,32.1
0.334,0.12,32.1
0.361,0.115,32.1
0.515,0.123,32.1
0.611,0.153,32.1
0.593,0.201,32.1
0.452,0.241,32.1
0.246,0.25,32.1
0.186,0.235,32.1
0.144,0.203,32.1
0.064,0.158,32.1
0.002,0.112,32.1
0.0,0.079,32.1
0.0,0.057,32.1
0.0,0.058,32.1
0.0,0.087,32.1
0.0,0.145,32.1
0.0,0.211,32.1
0.0,0.251,32.1
0.0,0.253,32.1
0.0,0.245,32.1
0.0,0.249,32.1
0.027,0.195,32.1
0.171,0.22,32.1
0.344,0.274,32.1
0.484,0.278,32.1
0.585,0.264,32.1
0.626,0.252,32.1
0.632,0.248,32.1
0.604,0.238,32.1
0.515,0.224,32.1
0.416,0.21,32.1
0.271,0.195,32.1
0.147,0.161,32.1
0.062,0.11,32.1
0.002,0.072,32.1
0.0,0.051,32.1
0.0,0.041,32.1
0.0,0.047,32.1
0.0,0.078,32.1
0.0,0.126,32.1
0.0,0.182,32.1
0.0,0.243,32.1
0.0,0.297,32.1
0.0,0.332,32.1
0.0,0.334,32.1
0.033,0.252,32.1
0.138,0.16,32.1
0.185,0.178,32.1
0.153,0.231,32.1
0.194,0.264,32.1
0.264,0.311,32.1
0.285,0.341,32.1
0.327,0.355,32.1
0.351,0.367,32.1
0.22,0.376,32.1
0.115,0.334,32.1
0.076,0.26,32.1
0.032,0.217,32.1
0.0,0.288,32.1
0.0,0.354,32.1
0.0,0.375,32.1
0.0,0.407,32.1
0.0,0.459,32.1
0.0,0.504,32.1
0.0,0.491,32.1
0.0,0.472,32.1
0.0,0.483,32.1
0.0,0.391,32.1
0.0,0.362,32.1
0.03,0.282,32.1
0.118,0.171,32.1
0.254,0.137,32.1
0.332,0.098,32.1
0.411,0.111,32.1
0.499,0.188,32.1
0.523,0.272,32.1
0.46,0.322,32.1
0.29,0.32,32.1
0.186,0.266,32.1
0.158,0.213,32.1
0.099,0.162,32.1
0.038,0.123,32.1
0.0,0.112,32.1
0.0,0.124,32.1
0.0,0.131,32.1
0.0,0.085,32.1
0.0,0.058,32.1
0.0,0.131,32.1
0.0,0.228,32.1
0.0,0.243,32.1
0.0,0.291,32.1
0.0,0.51,32.1
0.0,0.59,32.1
0.006,0.457,32.1
0.065,0.343,32.1
0.135,0.41,32.1
0.187,0.545,32.1
0.347,0.605,32.1
0.624,0.65,32.1
0.675,0.688,32.1
0.673,0.718,32.1
0.628,0.74,32.1
0.535,0.748,32.1
0.399,0.739,32.1
0.234,0.669,32.1
0.073,0.525,32.1
0.0,0.456,32.1
0.0,0.45,32.1
0.0,0.395,32.1
0.0,0.341,32.1
0.0,0.347,32.1
0.0,0.366,32.1
0.0,0.388,32.1
0.0,0.389,32.1
0.0,0.395,32.1
0.0,0.408,32.1
0.0,0.429,32.1
0.024,0.401,32.1
0.167,0.556,32.1
0.343,0.675,32.1
0.49,0.715,32.1
0.592,0.746,32.1
0.653,0.776,32.1
0.669,0.796,32.1
0.647,0.81,32.1
0.476,0.822,32.1
0.221,0.813,32.1
0.113,0.772,32.1
0.054,0.686,32.1
0.014,0.604,32.1
0.0,0.557,32.1
0.0,0.544,32.1
0.0,0.553,32.1
0.0,0.568,32.1
0.0,0.568,32.1
0.0,0.563,32.1
0.0,0.521,32.1
0.0,0.476,32.1
0.0,0.462,32.1
0.0,0.473,32.1
0.0,0.449,32.1
0.023,0.412,32.1
0.156,0.543,32.1
0.328,0.683,32.1
0.467,0.673,32.1
0.565,0.651,32.1
0.585,0.631,32.1
0.512,0.603,32.1
0.532,0.567,32.1
0.45,0.532,32.1
0.357,0.479,32.1
0.296,0.422,32.1
0.158,0.38,32.1
0.057,0.324,32.1
0.0,0.309,32.1
0.0,0.355,32.1
0.0,0.384,32.1
0.0,0.377,32.1
0.0,0.362,32.1
0.0,0.373,32.1
0.0,0.407,32.1
0.0,0.399,32.1
0.0,0.414,32.1
0.0,0.413,32.1
0.0,0.388,32.1
0.019,0.345,32.1
0.133,0.329,32.1
0.301,0.403,32.1
0.479,0.428,32.1
0.562,0.439,32.1
0.621,0.422,32.1
0.702,0.391,32.1
0.7,0.367,32.1
0.639,0.368,32.1
0.538,0.367,32.1
0.382,0.349,32.1
0.212,0.305,32.1
0.064,0.241,32.1
0.0,0.199,32.1
0.0,0.194,32.1
0.0,0.192,32.1
0.0,0.204,32.1
0.0,0.208,32.1
0.0,0.211,32.1
0.0,0.223,32.1
0.0,0.245,32.1
0.0,0.264,32.1
0.0,0.266,32.1
0.0,0.271,32.1
0.006,0.284,32.1
0.065,0.278,32.1
0.198,0.416,32.1
0.286,0.624,32.1
0.335,0.718,32.1
0.415,0.791,32.1
0.288,0.783,32.1
0.231,0.82,32.1
0.268,0.894,32.1
0.333,0.92,32.1
0.232,0.904,32.1
0.136,0.855,32.1
0.05,0.844,32.1
0.0,0.862,32.1
0.0,0.847,32.1
0.0,0.876,32.1
0.0,0.907,32.1
0.0,0.932,32.1
0.0,0.95,32.1
0.0,0.968,32.1
0.0,0.978,32.1
0.0,0.982,32.1
0.0,0.979,32.1
0.0,0.972,32.1
0.014,0.965,32.1
0.105,0.966,32.1
0.22,0.969,32.1
0.317,0.968,32.1
0.478,0.964,32.1
0.467,0.955,32.1
0.522,0.946,32.1
0.41,0.932,32.1
0.402,0.91,32.1
0.332,0.878,32.1
0.259,0.835,32.1
0.162,0.756,32.1
0.046,0.574,32.1
0.0,0.389,32.1
0.0,0.29,32.1
0.0,0.229,32.1
0.0,0.186,32.1
0.0,0.155,32.1
0.0,0.127,32.1
0.0,0.121,32.1
0.0,0.119,32.1
0.0,0.128,32.1
0.0,0.136,32.1
0.0,0.133,32.1
0.004,0.12,32.1
0.033,0.094,32.1
0.069,0.088,32.1
0.118,0.115,32.1
0.362,0.133,32.1
0.589,0.127,32.1
0.687,0.133,32.1
0.684,0.136,32.1
0.614,0.126,32.1
0.395,0.143,32.1
0.321,0.185,32.1
0.175,0.217,32.1
0.046,0.195,32.1
0.0,0.231,32.1
0.0,0.361,32.1
0.0,0.434,32.1
0.0,0.463,32.1
0.0,0.544,32.1
0.0,0.599,32.1
0.0,0.621,32.1
0.0,0.652,32.1
0.0,0.653,32.1
0.0,0.618,32.1
0.0,0.58,32.1
0.015,0.514,32.1
0.118,0.558,32.1
0.306,0.615,32.1
0.476,0.58,32.1
0.592,0.544,32.1
0.658,0.511,32.1
0.654,0.489,32.1
0.575,0.477,32.1
0.465,0.459,32.1
0.278,0.432,32.1
0.115,0.394,32.1
0.064,0.328,32.1
0.024,0.234,32.1
0.0,0.251,32.1
0.0,0.289,32.1
0.0,0.311,32.1
0.0,0.337,32.1
0.0,0.348,32.1
0.0,0.353,32.1
0.0,0.361,32.1
0.0,0.374,32.1
0.0,0.362,32.1
0.0,0.351,32.1
0.0,0.315,32.1
0.008,0.304,32.1
0.083,0.348,32.1
0.225,0.401,32.1
0.4,0.358,32.1
0.548,0.294,32.1
0.589,0.225,32.1
0.533,0.178,32.1
0.459,0.155,32.1
0.379,0.161,32.1
0.297,0.197,32.1
0.18,0.243,32.1
0.102,0.27,32.1
0.037,0.247,32.1
0.0,0.213,32.1
0.0,0.225,32.1
0.0,0.233,32.1
0.0,0.227,32.1
0.0,0.208,32.1
0.0,0.179,32.1
0.0,0.142,32.1
0.0,0.112,32.1
0.0,0.096,32.1
0.0,0.097,32.1
0.0,0.111,32.1
0.014,0.146,32.1
0.124,0.157,32.1
0.282,0.211,32.1
0.446,0.27,32.1
0.544,0.303,32.1
0.526,0.343,32.1
0.486,0.431,32.1
0.471,0.557,32.1
0.428,0.633,32.1
0.32,0.673,32.1
0.17,0.735,32.1
0.085,0.751,32.1
0.026,0.688,32.1
0.0,0.624,32.1
0.0,0.559,32.1
0.0,0.479,32.1
0.0,0.422,32.1
0.0,0.382,32.1
0.0,0.362,32.1
0.0,0.332,32.1
0.0,0.305,32.1
0.0,0.274,32.1
0.0,0.239,32.1
0.0,0.22,32.1
0.008,0.202,32.1
0.089,0.137,32.1
0.208,0.158,32.1
0.41,0.141,32.1
0.544,0.109,32.1
0.582,0.088,32.1
0.588,0.077,32.1
0.613,0.064,32.1
0.463,0.068,32.1
0.409,0.086,32.1
0.309,0.108,32.1
0.164,0.144,32.1
0.036,0.195,32.1
0.0,0.267,32.1
0.0,0.291,32.1
0.0,0.267,32.1
0.0,0.241,32.1
0.0,0.21,32.1
0.0,0.171,32.1
0.0,0.134,32.1
0.0,0.105,32.1
0.0,0.085,32.1
0.0,0.076,32.1
0.0,0.078,32.1
0.011,0.08,32.1
0.142,0.048,32.1
0.325,0.056,32.1
0.491,0.046,32.1
0.6,0.038,32.1
0.649,0.038,32.1
0.679,0.042,32.1
0.621,0.046,32.1
0.546,0.052,32.1
0.501,0.062,32.1
0.37,0.073,32.1
0.175,0.088,32.1
0.038,0.12,32.1
0.0,0.191,32.1
0.0,0.235,32.1
0.0,0.229,32.1
0.0,0.201,32.1
0.0,0.171,32.1
0.0,0.142,32.1
0.0,0.11,32.1
0.0,0.077,32.1
0.0,0.05,32.1
0.0,0.032,32.1
0.0,0.025,32.1
0.009,0.027,32.1
0.144,0.025,32.1
0.329,0.027,32.1
0.486,0.012,32.1
0.592,0.002,32.1
0.66,0.002,32.1
0.68,0.007,32.1
0.599,0.015,32.1
0.549,0.023,32.1
0.453,0.033,32.1
0.282,0.045,32.1
0.172,0.062,32.1
0.042,0.108,32.1
0.0,0.17,32.1
0.0,0.161,32.1
0.0,0.099,32.1
0.0,0.048,32.1
0.0,0.029,32.1
0.0,0.031,32.1
0.0,0.074,32.1
0.0,0.161,32.1
0.0,0.238,32.1
0.0,0.254,32.1
0.0,0.266,32.1
0.0,0.31,32.1
0.026,0.357,32.1
0.06,0.424,32.1
0.083,0.522,32.1
0.118,0.552,32.1
0.156,0.605,32.1
0.185,0.668,32.1
0.23,0.706,32.1
0.277,0.716,32.1
0.26,0.72,32.1
0.172,0.704,32.1
0.059,0.648,32.1
0.014,0.667,32.1
0.0,0.668,32.1
0.0,0.633,32.1
0.0,0.603,32.1
0.0,0.581,32.1
0.0,0.555,32.1
0.0,0.506,32.1
0.0,0.532,32.1
0.0,0.464,32.1
0.0,0.401,32.1
0.0,0.336,32.1
0.0,0.3,32.1
0.006,0.27,32.1
0.098,0.212,32.1
0.208,0.259,32.1
0.307,0.29,32.1
0.378,0.322,32.1
0.516,0.355,32.1
0.537,0.362,32.1
0.532,0.362,32.1
0.555,0.355,32.1
0.364,0.353,32.1
0.172,0.342,32.1
0.08,0.295,32.1
0.025,0.225,32.1
0.0,0.192,32.1
0.0,0.184,32.1
0.0,0.177,32.1
0.0,0.191,32.1
0.0,0.201,32.1
0.0,0.191,32.1
0.0,0.195,32.1
0.0,0.18,32.1
0.0,0.149,32.1
0.0,0.148,32.1
0.0,0.171,32.1
0.003,0.181,32.1
0.116,0.16,32.1
0.314,0.237,32.1
0.486,0.28,32.1
0.598,0.284,32.1
0.669,0.296,32.1
0.692,0.311,32.1
0.626,0.334,32.1
0.511,0.358,32.1
0.362,0.37,32.1
0.272,0.37,32.1
0.141,0.343,32.1
0.039,0.276,32.1
0.0,0.226,32.1
0.0,0.174,32.1
0.0,0.124,32.1
0.0,0.12,32.1
0.0,0.161,32.1
0.0,0.202,32.1
0.0,0.223,32.1
0.0,0.217,32.1
0.0,0.193,32.1
0.0,0.157,32.1
0.0,0.126,32.1
0.003,0.104,32.1
0.114,0.071,32.1
0.292,0.061,32.1
0.47,0.076,32.1
0.581,0.096,32.1
0.642,0.112,32.1
0.66,0.121,32.1
0.611,0.125,32.1
0.557,0.125,32.1
0.465,0.121,32.1
0.342,0.127,32.1
0.158,0.144,32.1
0.032,0.17,32.1
0.0,0.204,32.1
0.0,0.184,32.1
0.0,0.135,32.1
0.0,0.091,32.1
0.0,0.075,32.1
0.0,0.059,32.1
0.0,0.04,32.1
0.0,0.031,32.1
0.0,0.035,32.1
0.0,0.053,32.1
0.0,0.098,32.1
0.002,0.167,32.1
0.125,0.152,32.1
0.281,0.125,32.1
0.445,0.155,32.1
0.591,0.177,32.1
0.657,0.2,32.1
0.662,0.214,32.1
0.654,0.223,32.1
0.553,0.219,32.1
0.449,0.213,32.1
0.363,0.212,32.1
0.18,0.223,32.1
0.033,0.249,32.1
0.0,0.311,32.1
0.0,0.345,32.1
0.0,0.358,32.1
0.0,0.354,32.1
0.0,0.362,32.1
0.0,0.343,32.1
0.0,0.352,32.1
0.0,0.38,32.1
0.0,0.384,32.1
0.0,0.37,32.1
0.0,0.364,32.1
0.0,0.348,32.1
0.073,0.286,32.1
0.168,0.27,32.1
0.284,0.28,32.1
0.352,0.261,32.1
0.37,0.249,32.1
0.391,0.239,32.1
0.395,0.227,32.1
0.373,0.207,32.1
0.295,0.183,32.1
0.202,0.156,32.1
0.113,0.131,32.1
0.022,0.112,32.1
0.0,0.133,32.1
0.0,0.167,32.1
0.0,0.204,32.1
0.0,0.228,32.1
0.0,0.243,32.1
0.0,0.254,32.1
0.0,0.278,32.1
0.0,0.311,32.1
0.0,0.329,32.1
0.0,0.324,32.1
0.0,0.32,32.1
0.0,0.302,32.1
0.099,0.243,32.1
0.253,0.298,32.1
0.402,0.343,32.1
0.516,0.368,32.1
0.62,0.367,32.1
0.667,0.364,32.1
0.655,0.368,32.1
0.573,0.379,32.1
0.36,0.381,32.1
0.144,0.359,32.1
0.051,0.305,32.1
0.008,0.251,32.1
0.0,0.261,32.1
0.0,0.292,32.1
0.0,0.261,32.1
0.0,0.235,32.1
0.0,0.219,32.1
0.0,0.192,32.1
0.0,0.159,32.1
0.0,0.127,32.1
0.0,0.096,32.1
0.0,0.072,32.1
0.0,0.054,32.1
0.0,0.045,32.1
0.121,0.03,32.1
0.295,0.026,32.1
0.468,0.025,32.1
0.601,0.014,32.1
0.679,0.007,32.1
0.712,0.003,32.1
0.695,0.001,32.1
0.635,0.002,32.1
0.528,0.009,32.1
0.376,0.02,32.1
0.192,0.032,32.1
0.029,0.065,32.1
0.0,0.114,32.1
0.0,0.131,32.1
0.0,0.112,32.1
0.0,0.078,32.1
0.0,0.041,32.1
0.0,0.014,32.1
0.0,0.002,32.1
0.0,0.005,32.1
0.0,0.018,32.1
0.0,0.026,32.1
0.0,0.019,32.1
0.0,0.009,32.1
0.094,0.003,32.1
0.267,0.004,32.1
0.423,0.022,32.1
0.56,0.05,32.1
0.636,0.078,32.1
0.664,0.106,32.1
0.643,0.131,32.1
0.569,0.151,32.1
0.431,0.158,32.1
0.248,0.156,32.1
0.106,0.136,32.1
0.015,0.125,32.1
0.0,0.128,32.1
0.0,0.113,32.1
0.0,0.084,32.1
0.0,0.074,32.1
0.0,0.109,32.1
0.0,0.176,32.1
0.0,0.239,32.1
0.0,0.272,32.1
0.0,0.28,32.1
0.0,0.29,32.1
0.0,0.325,32.1
0.0,0.355,32.1
0.099,0.243,32.1
0.28,0.283,32.1
0.446,0.335,32.1
0.566,0.316,32.1
0.643,0.312,32.1
0.675,0.295,32.1
0.657,0.283,32.1
0.582,0.272,32.1
0.433,0.266,32.1
0.303,0.261,32.1
0.141,0.22,32.1
0.016,0.163,32.1
0.0,0.155,32.1
0.0,0.134,32.1
0.0,0.118,32.1
0.0,0.135,32.1
0.0,0.174,32.1
0.0,0.204,32.1
0.0,0.218,32.1
0.0,0.234,32.1
0.0,0.261,32.1
0.0,0.284,32.1
0.0,0.314,32.1
0.0,0.335,32.1
0.095,0.243,32.1
0.27,0.217,32.1
0.437,0.233,32.1
0.561,0.206,32.1
0.64,0.177,32.1
0.673,0.151,32.1
0.654,0.126,32.1
0.591,0.101,32.1
0.484,0.082,32.1
0.343,0.067,32.1
0.168,0.059,32.1
0.02,0.053,32.1
0.0,0.037,32.1
0.0,0.02,32.1
0.0,0.009,32.1
0.0,0.008,32.1
0.0,0.02,32.1
0.0,0.045,32.1
0.0,0.071,32.1
0.0,0.087,32.1
0.0,0.095,32.1
0.0,0.095,32.1
0.0,0.1,32.1
0.0,0.113,32.1
0.099,0.119,32.1
0.278,0.053,32.1
0.441,0.018,32.1
0.558,0.029,32.1
0.627,0.058,32.1
0.652,0.083,32.1
0.625,0.085,32.1
0.565,0.079,32.1
0.442,0.068,32.1
0.263,0.057,32.1
0.102,0.033,32.1
0.01,0.009,32.1
0.0,0.004,32.1
0.0,0.01,32.1
0.0,0.024,32.1
0.0,0.04,32.1
0.0,0.062,32.1
0.0,0.107,32.1
0.0,0.181,32.1
0.0,0.263,32.1
0.0,0.325,32.1
0.0,0.359,32.1
0.0,0.374,32.1
0.0,0.373,32.1
0.082,0.279,32.1
0.243,0.141,32.1
0.387,0.084,32.1
0.456,0.077,32.1
0.46,0.088,32.1
0.475,0.092,32.1
0.507,0.089,32.1
0.503,0.086,32.1
0.429,0.084,32.1
0.291,0.093,32.1
0.13,0.105,32.1
0.012,0.148,32.1
0.0,0.203,32.1
0.0,0.233,32.1
0.0,0.22,32.1
0.0,0.199,32.1
0.0,0.181,32.1
0.0,0.161,32.1
0.0,0.145,32.1
0.0,0.15,32.1
0.0,0.169,32.1
0.0,0.18,32.1
0.0,0.173,32.1
0.0,0.159,32.1
0.062,0.114,32.1
0.2,0.077,32.1
0.359,0.112,32.1
0.498,0.162,32.1
0.567,0.212,32.1
0.567,0.278,32.1
0.515,0.365,32.1
0.449,0.453,32.1
0.362,0.518,32.1
0.249,0.547,32.1
0.122,0.533,32.1
0.01,0.491,32.1
0.0,0.481,32.1
0.0,0.478,32.1
0.0,0.473,32.1
0.0,0.501,32.1
0.0,0.538,32.1
0.0,0.485,32.1
0.0,0.425,32.1
0.0,0.376,32.1
0.0,0.358,32.1
0.0,0.329,32.1
0.0,0.336,32.1
0.0,0.346,32.1
0.072,0.361,32.1
0.262,0.403,32.1
0.449,0.401,32.1
0.593,0.413,32.1
0.669,0.414,32.1
0.698,0.433,32.1
0.684,0.461,32.1
0.632,0.473,32.1
0.522,0.501,32.1
0.364,0.521,32.1
0.172,0.527,32.1
0.013,0.538,32.1
0.0,0.529,32.1
0.0,0.51,32.1
0.0,0.484,32.1
0.0,0.454,32.1
0.0,0.43,32.1
0.0,0.41,32.1
0.0,0.404,32.1
0.0,0.401,32.1
0.0,0.384,32.1
0.0,0.36,32.1
0.0,0.339,32.1
0.0,0.319,32.1
0.064,0.244,32.1
0.166,0.208,32.1
0.29,0.249,32.1
0.424,0.257,32.1
0.55,0.289,32.1
0.656,0.299,32.1
0.66,0.284,32.1
0.597,0.279,32.1
0.487,0.294,32.1
0.334,0.336,32.1
0.153,0.394,32.1
0.01,0.523,32.1
0.0,0.594,32.1
0.0,0.54,32.1
0.0,0.486,32.1
0.0,0.459,32.1
0.0,0.453,32.1
0.0,0.438,32.1
0.0,0.42,32.1
0.0,0.403,32.1
0.0,0.395,32.1
0.0,0.374,32.1
0.0,0.351,32.1
0.0,0.334,32.1
0.085,0.245,32.1
0.267,0.15,32.1
0.433,0.123,32.1
0.549,0.124,32.1
0.618,0.115,32.1
0.642,0.086,32.1
0.619,0.065,32.1
0.551,0.063,32.1
0.434,0.076,32.1
0.282,0.103,32.1
0.119,0.165,32.1
0.006,0.314,32.1
0.0,0.433,32.1
0.0,0.403,32.1
0.0,0.337,32.1
0.0,0.291,32.1
0.0,0.264,32.1
0.0,0.249,32.1
0.0,0.238,32.1
0.0,0.228,32.1
0.0,0.218,32.1
0.0,0.193,32.1
0.0,0.164,32.1
0.0,0.149,32.1
0.073,0.12,32.1
0.254,0.098,32.1
0.432,0.13,32.1
0.563,0.18,32.1
0.643,0.192,32.1
0.671,0.178,32.1
0.649,0.162,32.1
0.578,0.159,32.1
0.466,0.168,32.1
0.314,0.201,32.1
0.139,0.257,32.1
0.007,0.386,32.1
0.0,0.499,32.1
0.0,0.476,32.1
0.0,0.422,32.1
0.0,0.382,32.1
0.0,0.346,32.1
0.0,0.308,32.1
0.0,0.264,32.1
0.0,0.22,32.1
0.0,0.185,32.1
0.0,0.152,32.1
0.0,0.117,32.1
0.0,0.092,32.1
0.078,0.056,32.1
0.279,0.016,32.1
0.458,0.008,32.1
0.582,0.013,32.1
0.652,0.018,32.1
0.676,0.008,32.1
0.658,0.007,32.1
0.597,0.012,32.1
0.488,0.022,32.1
0.334,0.033,32.1
0.148,0.059,32.1
0.006,0.116,32.1
0.0,0.155,32.1
0.0,0.155,32.1
0.0,0.129,32.1
0.0,0.102,32.1
0.0,0.084,32.1
0.0,0.068,32.1
0.0,0.053,32.1
0.0,0.035,32.1
0.0,0.019,32.1
0.0,0.007,32.1
0.0,0.002,32.1
0.0,0.004,32.1
0.076,0.014,32.1
0.265,0.019,32.1
0.44,0.017,32.1
0.56,0.017,32.1
0.636,0.025,32.1
0.665,0.032,32.1
0.647,0.038,32.1
0.585,0.044,32.1
0.475,0.05,32.1
0.317,0.059,32.1
0.134,0.077,32.1
0.003,0.099,32.1
0.0,0.096,32.1
0.0,0.093,32.1
0.0,0.112,32.1
0.0,0.159,32.1
0.0,0.22,32.1
0.0,0.266,32.1
0.0,0.292,32.1
0.0,0.294,32.1
0.0,0.311,32.1
0.0,0.352,32.1
0.0,0.394,32.1
0.0,0.398,32.1
0.046,0.357,32.1
0.149,0.333,32.1
0.351,0.478,32.1
0.517,0.613,32.1
0.564,0.693,32.1
0.569,0.728,32.1
0.517,0.726,32.1
0.434,0.69,32.1
0.309,0.644,32.1
0.139,0.589,32.1
0.037,0.484,32.1
0.0,0.413,32.1
0.0,0.497,32.1
0.0,0.501,32.1
0.0,0.578,32.1
0.0,0.689,32.1
0.0,0.809,32.1
0.0,0.825,32.1
0.0,0.762,32.1
0.0,0.688,32.1
0.0,0.647,32.1
0.0,0.585,32.1
0.0,0.47,32.1
0.0,0.413,32.1
0.061,0.402,32.1
0.249,0.522,32.1
0.437,0.718,32.1
0.573,0.802,32.1
0.627,0.829,32.1
0.631,0.831,32.1
0.546,0.8,32.1
0.373,0.758,32.1
0.302,0.718,32.1
0.113,0.656,32.1
0.026,0.513,32.1
0.0,0.453,32.1
0.0,0.466,32.1
0.0,0.471,32.1
0.0,0.48,32.1
0.0,0.505,32.1
0.0,0.476,32.1
0.0,0.422,32.1
0.0,0.418,32.1
0.0,0.445,32.1
0.0,0.386,32.1
0.0,0.413,32.1
0.0,0.466,32.1
0.0,0.501,32.1
0.02,0.475,32.1
0.055,0.464,32.1
0.153,0.513,32.1
0.432,0.498,32.1
0.494,0.482,32.1
0.465,0.468,32.1
0.409,0.46,32.1
0.192,0.519,32.1
0.058,0.644,32.1
0.037,0.763,32.1
0.018,0.823,32.1
0.0,0.857,32.1
0.0,0.89,32.1
0.0,0.935,32.1
0.0,0.967,32.1
0.0,0.971,32.1
0.0,0.96,32.1
0.0,0.946,32.1
0.0,0.928,32.1
0.0,0.903,32.1
0.0,0.866,32.1
0.0,0.772,32.1
0.0,0.638,32.1
0.0,0.526,32.1
0.003,0.457,32.1
0.041,0.444,32.1
0.075,0.449,32.1
0.128,0.514,32.1
0.191,0.571,32.1
0.142,0.51,32.1
0.186,0.484,32.1
0.169,0.415,32.1
0.171,0.367,32.1
0.093,0.29,32.1
0.014,0.256,32.1
0.0,0.281,32.1
0.0,0.328,32.1
0.0,0.416,32.1
0.0,0.557,32.1
0.0,0.676,32.1
0.0,0.726,32.1
0.0,0.799,32.1
0.0,0.876,32.1
0.0,0.929,32.1
0.0,0.962,32.1
0.0,0.973,32.1
0.0,0.959,32.1
0.0,0.904,32.1
0.007,0.785,32.1
0.073,0.665,32.1
0.196,0.577,32.1
0.439,0.523,32.1
0.548,0.475,32.1
0.532,0.419,32.1
0.475,0.355,32.1
0.434,0.291,32.1
0.411,0.236,32.1
0.243,0.194,32.1
0.049,0.141,32.1
0.0,0.106,32.1
0.0,0.073,32.1
0.0,0.037,32.1
0.0,0.011,32.1
0.0,0.003,32.1
0.0,0.002,32.1
0.0,0.008,32.1
0.0,0.021,32.1
0.0,0.036,32.1
0.0,0.049,32.1
0.0,0.067,32.1
0.0,0.105,32.1
0.0,0.142,32.1
0.001,0.144,32.1
0.039,0.118,32.1
0.088,0.099,32.1
0.134,0.089,32.1
0.159,0.084,32.1
0.17,0.095,32.1
0.16,0.125,32.1
0.138,0.172,32.1
0.108,0.231,32.1
0.06,0.259,32.1
0.014,0.253,32.1
0.0,0.278,32.1
0.0,0.3,32.1
0.0,0.312,32.1
0.0,0.323,32.1
0.0,0.329,32.1
0.0,0.328,32.1
0.0,0.32,32.1
0.0,0.31,32.1
0.0,0.29,32.1
0.0,0.274,32.1
0.0,0.257,32.1
0.0,0.23,32.1
0.0,0.219,32.1
0.031,0.201,32.1
0.174,0.131,32.1
0.353,0.106,32.1
0.514,0.098,32.1
0.622,0.084,32.1
0.648,0.075,32.1
0.604,0.072,32.1
0.465,0.069,32.1
0.269,0.068,32.1
0.143,0.071,32.1
0.044,0.083,32.1
0.0,0.142,32.1
0.0,0.22,32.1
0.0,0.256,32.1
0.0,0.277,32.1
0.0,0.291,32.1
0.0,0.286,32.1
0.0,0.267,32.1
0.0,0.251,32.1
0.0,0.244,32.1
0.0,0.241,32.1
0.0,0.239,32.1
0.0,0.241,32.1
0.0,0.245,32.1
0.011,0.233,32.1
0.065,0.179,32.1
0.11,0.162,32.1
0.136,0.181,32.1
0.184,0.232,32.1
0.364,0.313,32.1
0.441,0.386,32.1
0.301,0.405,32.1
0.152,0.364,32.1
0.072,0.274,32.1
0.05,0.225,32.1
0.0,0.323,32.1
0.0,0.396,32.1
0.0,0.394,32.1
0.0,0.388,32.1
0.0,0.41,32.1
0.0,0.464,32.1
0.0,0.507,32.1
0.0,0.516,32.1
0.0,0.516,32.1
0.0,0.516,32.1
0.0,0.523,32.1
0.0,0.535,32.1
0.0,0.525,32.1
0.0,0.471,32.1
0.022,0.387,32.1
0.086,0.361,32.1
0.155,0.403,32.1
0.131,0.46,32.1
0.107,0.47,32.1
0.096,0.386,32.1
0.139,0.334,32.1
0.167,0.41,32.1
0.139,0.427,32.1
0.062,0.35,32.1
0.0,0.364,32.1
0.0,0.365,32.1
0.0,0.368,32.1
0.0,0.338,32.1
0.0,0.317,32.1
0.0,0.32,32.1
0.0,0.364,32.1
0.0,0.391,32.1
0.0,0.405,32.1
0.0,0.432,32.1
0.0,0.424,32.1
0.0,0.407,32.1
0.0,0.445,32.1
0.006,0.481,32.1
0.062,0.497,32.1
0.091,0.479,32.1
0.084,0.535,32.1
0.074,0.539,32.1
0.071,0.528,32.1
0.095,0.494,32.1
0.091,0.489,32.1
0.05,0.494,32.1
0.018,0.498,32.1
0.0,0.485,32.1
0.0,0.521,32.1
0.0,0.594,32.1
0.0,0.559,32.1
0.0,0.476,32.1
0.0,0.47,32.1
0.0,0.376,32.1
0.0,0.273,32.1
0.0,0.2,32.1
0.0,0.12,32.1
0.0,0.085,32.1
0.0,0.09,32.1
0.0,0.102,32.1
0.0,0.117,32.1
0.0,0.208,32.1
0.008,0.248,32.1
0.062,0.256,32.1
0.27,0.295,32.1
0.29,0.334,32.1
0.121,0.289,32.1
0.101,0.274,32.1
0.129,0.251,32.1
0.158,0.223,32.1
0.137,0.192,32.1
0.069,0.16,32.1
0.0,0.21,32.1
0.0,0.291,32.1
0.0,0.356,32.1
0.0,0.362,32.1
0.0,0.367,32.1
0.0,0.338,32.1
0.0,0.323,32.1
0.0,0.323,32.1
0.0,0.302,32.1
0.0,0.311,32.1
0.0,0.367,32.1
0.0,0.459,32.1
0.0,0.518,32.1
0.0,0.618,32.1
0.023,0.697,32.1
0.115,0.777,32.1
0.287,0.887,32.1
0.473,0.906,32.1
0.532,0.899,32.1
0.519,0.895,32.1
0.435,0.891,32.1
0.279,0.873,32.1
0.096,0.82,32.1
0.029,0.777,32.1
0.0,0.775,32.1
0.0,0.724,32.1
0.0,0.687,32.1
0.0,0.656,32.1
0.0,0.651,32.1
0.0,0.652,32.1
0.0,0.675,32.1
0.0,0.718,32.1
0.0,0.755,32.1
0.0,0.814,32.1
0.0,0.819,32.1
0.0,0.809,32.1
0.0,0.736,32.1
0.0,0.676,32.1
0.017,0.597,32.1
0.047,0.523,32.1
0.088,0.531,32.1
0.136,0.543,32.1
0.147,0.531,32.1
0.135,0.507,32.1
0.128,0.494,32.1
0.143,0.476,32.1
0.132,0.432,32.1
0.056,0.47,32.1
0.0,0.501,32.1
0.0,0.529,32.1
0.0,0.527,32.1
0.0,0.541,32.1
0.0,0.595,32.1
0.0,0.674,32.1
0.0,0.727,32.1
0.0,0.758,32.1
0.0,0.76,32.1
0.0,0.695,32.1
0.0,0.711,32.1
0.0,0.703,32.1
0.0,0.686,32.1
0.0,0.678,32.1
0.017,0.711,32.1
0.07,0.758,32.1
0.268,0.781,32.1
0.493,0.835,32.1
0.49,0.839,32.1
0.462,0.829,32.1
0.382,0.793,32.1
0.294,0.758,32.1
0.114,0.671,32.1
0.018,0.655,32.1
0.0,0.686,32.1
0.0,0.697,32.1
0.0,0.692,32.1
0.0,0.623,32.1
0.0,0.583,32.1
0.0,0.529,32.1
0.0,0.58,32.1
0.0,0.568,32.1
0.0,0.569,32.1
0.0,0.542,32.1
0.0,0.539,32.1
0.0,0.501,32.1
0.0,0.485,32.1
0.012,0.455,32.1
0.121,0.428,32.1
0.253,0.484,32.1
0.361,0.583,32.1
0.564,0.615,32.1
0.622,0.655,32.1
0.613,0.642,32.1
0.557,0.626,32.1
0.452,0.589,32.1
0.273,0.525,32.1
0.056,0.437,32.1
0.0,0.425,32.1
0.0,0.433,32.1
0.0,0.433,32.1
0.0,0.428,32.1
0.0,0.393,32.1
0.0,0.358,32.1
0.0,0.356,32.1
0.0,0.382,32.1
0.0,0.395,32.1
0.0,0.476,32.1
0.0,0.55,32.1
0.0,0.692,32.1
0.0,0.781,32.1
0.0,0.735,32.1
0.049,0.785,32.1
0.177,0.821,32.1
0.383,0.894,32.1
0.469,0.936,32.1
0.235,0.939,32.1
0.153,0.932,32.1
0.129,0.921,32.1
0.083,0.898,32.1
0.034,0.83,32.1
0.006,0.704,32.1
0.0,0.552,32.1
0.0,0.385,32.1
0.0,0.265,32.1
0.0,0.209,32.1
0.0,0.166,32.1
0.0,0.116,32.1
0.0,0.081,32.1
0.0,0.049,32.1
0.0,0.025,32.1
0.0,0.012,32.1
0.0,0.006,32.1
0.0,0.008,32.1
0.0,0.017,32.1
0.001,0.03,32.1
0.065,0.038,32.1
0.152,0.038,32.1
0.344,0.076,32.1
0.439,0.129,32.1
0.525,0.176,32.1
0.529,0.243,32.1
0.503,0.309,32.1
0.385,0.355,32.1
0.158,0.332,32.1
0.016,0.286,32.1
0.0,0.336,32.1
0.0,0.367,32.1
0.0,0.364,32.1
0.0,0.337,32.1
0.0,0.312,32.1
0.0,0.332,32.1
0.0,0.368,32.1
0.0,0.398,32.1
0.0,0.459,32.1
0.0,0.479,32.1
0.0,0.45,32.1
0.0,0.464,32.1
0.0,0.482,32.1
0.011,0.462,32.1
0.134,0.384,32.1
0.257,0.447,32.1
0.35,0.556,32.1
0.34,0.555,32.1
0.283,0.561,32.1
0.201,0.574,32.1
0.153,0.591,32.1
0.113,0.604,32.1
0.059,0.604,32.1
0.006,0.557,32.1
0.0,0.498,32.1
0.0,0.447,32.1
0.0,0.388,32.1
0.0,0.327,32.1
0.0,0.289,32.1
0.0,0.273,32.1
0.0,0.267,32.1
0.0,0.24,32.1
0.0,0.209,32.1
0.0,0.196,32.1
0.0,0.193,32.1
0.0,0.202,32.1
0.0,0.231,32.1
0.004,0.265,32.1
0.077,0.256,32.1
0.133,0.201,32.1
0.165,0.22,32.1
0.264,0.261,32.1
0.266,0.294,32.1
0.413,0.314,32.1
0.324,0.367,32.1
0.196,0.414,32.1
0.081,0.39,32.1
0.018,0.367,32.1
0.0,0.401,32.1
0.0,0.406,32.1
0.0,0.397,32.1
0.0,0.367,32.1
0.0,0.329,32.1
0.0,0.314,32.1
0.0,0.32,32.1
0.0,0.317,32.1
0.0,0.308,32.1
0.0,0.291,32.1
0.0,0.248,32.1
0.0,0.195,32.1
0.0,0.142,32.1
0.0,0.106,32.1
0.043,0.084,32.1
0.119,0.073,32.1
0.216,0.092,32.1
0.467,0.106,32.1
0.451,0.125,32.1
0.186,0.155,32.1
0.125,0.167,32.1
0.064,0.139,32.1
0.022,0.108,32.1
0.0,0.108,32.1
0.0,0.144,32.1
0.0,0.217,32.1
0.0,0.3,32.1
0.0,0.343,32.1
0.0,0.351,32.1
0.0,0.35,32.1
0.0,0.352,32.1
0.0,0.351,32.1
0.0,0.349,32.1
0.0,0.309,32.1
0.0,0.287,32.1
0.0,0.277,32.1
0.0,0.27,32.1
0.0,0.267,32.1
0.02,0.235,32.1
0.062,0.208,32.1
0.101,0.255,32.1
0.135,0.311,32.1
0.168,0.328,32.1
0.185,0.332,32.1
0.143,0.334,32.1
0.081,0.323,32.1
0.034,0.308,32.1
0.002,0.312,32.1
0.0,0.333,32.1
0.0,0.334,32.1
0.0,0.322,32.1
0.0,0.306,32.1
0.0,0.314,32.1
0.0,0.343,32.1
0.0,0.355,32.1
0.0,0.358,32.1
0.0,0.349,32.1
0.0,0.32,32.1
0.0,0.305,32.1
0.0,0.284,32.1
0.0,0.252,32.1
0.0,0.197,32.1
0.014,0.167,32.1
0.037,0.192,32.1
0.077,0.237,32.1
0.128,0.256,32.1
0.156,0.31,32.1
0.143,0.363,32.1
0.112,0.415,32.1
0.071,0.432,32.1
0.028,0.421,32.1
0.0,0.407,32.1
0.0,0.386,32.1
0.0,0.369,32.1
0.0,0.362,32.1
0.0,0.367,32.1
0.0,0.347,32.1
0.0,0.343,32.1
0.0,0.364,32.1
0.0,0.403,32.1
0.0,0.381,32.1
0.0,0.316,32.1
0.0,0.332,32.1
0.0,0.366,32.1
0.0,0.337,32.1
0.0,0.334,32.1
0.04,0.295,32.1
0.185,0.323,32.1
0.333,0.358,32.1
0.418,0.337,32.1
0.396,0.311,32.1
0.382,0.3,32.1
0.286,0.291,32.1
0.171,0.279,32.1
0.079,0.267,32.1
0.009,0.251,32.1
0.0,0.268,32.1
0.0,0.274,32.1
0.0,0.281,32.1
0.0,0.287,32.1
0.0,0.284,32.1
0.0,0.28,32.1
0.0,0.281,32.1
0.0,0.28,32.1
0.0,0.275,32.1
0.0,0.254,32.1
0.0,0.233,32.1
0.0,0.227,32.1
0.0,0.222,32.1
0.0,0.21,32.1
0.08,0.151,32.1
0.245,0.134,32.1
0.42,0.145,32.1
0.571,0.114,32.1
0.579,0.084,32.1
0.562,0.063,32.1
0.457,0.054,32.1
0.381,0.053,32.1
0.204,0.063,32.1
0.034,0.108,32.1
0.0,0.181,32.1
0.0,0.224,32.1
0.0,0.222,32.1
0.0,0.189,32.1
0.0,0.153,32.1
0.0,0.118,32.1
0.0,0.082,32.1
0.0,0.052,32.1
0.0,0.03,32.1
0.0,0.015,32.1
0.0,0.008,32.1
0.0,0.005,32.1
0.0,0.003,32.1
0.0,0.003,32.1
0.138,0.004,32.1
0.331,0.005,32.1
0.468,0.002,32.1
0.559,0.007,32.1
0.591,0.009,32.1
0.533,0.012,32.1
0.361,0.015,32.1
0.21,0.02,32.1
0.07,0.025,32.1
0.005,0.035,32.1
0.0,0.043,32.1
0.0,0.048,32.1
0.0,0.053,32.1
0.0,0.054,32.1
0.0,0.054,32.1
0.0,0.059,32.1
0.0,0.073,32.1
0.0,0.095,32.1
0.0,0.12,32.1
0.0,0.142,32.1
0.0,0.145,32.1
0.0,0.134,32.1
0.0,0.122,32.1
0.0,0.105,32.1
0.075,0.081,32.1
0.212,0.052,32.1
0.407,0.049,32.1
0.438,0.06,32.1
0.464,0.076,32.1
0.466,0.091,32.1
0.379,0.098,32.1
0.183,0.102,32.1
0.052,0.104,32.1
0.001,0.12,32.1
0.0,0.119,32.1
0.0,0.098,32.1
0.0,0.073,32.1
0.0,0.058,32.1
0.0,0.061,32.1
0.0,0.077,32.1
0.0,0.101,32.1
0.0,0.111,32.1
0.0,0.128,32.1
0.0,0.145,32.1
0.0,0.158,32.1
0.0,0.167,32.1
0.0,0.136,32.1
0.0,0.114,32.1
0.031,0.101,32.1
0.151,0.098,32.1
0.341,0.112,32.1
0.452,0.145,32.1
0.499,0.167,32.1
0.543,0.17,32.1
0.467,0.168,32.1
0.325,0.189,32.1
0.158,0.223,32.1
0.021,0.285,32.1
0.0,0.393,32.1
0.0,0.479,32.1
0.0,0.507,32.1
0.0,0.465,32.1
0.0,0.464,32.1
0.0,0.478,32.1
0.0,0.478,32.1
0.0,0.472,32.1
0.0,0.475,32.1
0.0,0.471,32.1
0.0,0.493,32.1
0.0,0.523,32.1
0.0,0.544,32.1
0.0,0.578,32.1
0.002,0.552,32.1
0.024,0.566,32.1
0.046,0.556,32.1
0.059,0.604,32.1
0.063,0.615,32.1
0.051,0.642,32.1
0.032,0.674,32.1
0.021,0.698,32.1
0.013,0.635,32.1
0.0,0.59,32.1
0.0,0.558,32.1
0.0,0.521,32.1
0.0,0.493,32.1
0.0,0.485,32.1
0.0,0.449,32.1
0.0,0.444,32.1
0.0,0.403,32.1
0.0,0.411,32.1
0.0,0.488,32.1
0.0,0.538,32.1
0.0,0.544,32.1
0.0,0.538,32.1
0.0,0.578,32.1
0.0,0.686,32.1
0.0,0.717,32.1
0.021,0.77,32.1
0.062,0.867,32.1
0.176,0.934,32.1
0.514,0.963,32.1
0.557,0.985,32.1
0.494,0.989,32.1
0.382,0.988,32.1
0.201,0.98,32.1
0.019,0.963,32.1
0.0,0.942,32.1
0.0,0.899,32.1
0.0,0.796,32.1
0.0,0.656,32.1
0.0,0.561,32.1
0.0,0.53,32.1
0.0,0.535,32.1
0.0,0.547,32.1
0.0,0.538,32.1
0.0,0.528,32.1
0.0,0.52,32.1
0.0,0.498,32.1
0.0,0.493,32.1
0.0,0.484,32.1
0.106,0.413,32.1
0.31,0.294,32.1
0.464,0.403,32.1
0.553,0.482,32.1
0.586,0.513,32.1
0.552,0.535,32.1
0.473,0.529,32.1
0.332,0.467,32.1
0.13,0.368,32.1
0.006,0.328,32.1
0.0,0.328,32.1
0.0,0.35,32.1
0.0,0.351,32.1
0.0,0.303,32.1
0.0,0.272,32.1
0.0,0.245,32.1
0.0,0.204,32.1
0.0,0.167,32.1
0.0,0.145,32.1
0.0,0.134,32.1
0.0,0.118,32.1
0.0,0.109,32.1
0.0,0.111,32.1
0.0,0.112,32.1
0.069,0.122,32.1
0.18,0.094,32.1
0.331,0.085,32.1
0.423,0.13,32.1
0.489,0.179,32.1
0.494,0.234,32.1
0.466,0.3,32.1
0.365,0.334,32.1
0.172,0.331,32.1
0.014,0.405,32.1
0.0,0.475,32.1
0.0,0.483,32.1
0.0,0.501,32.1
0.0,0.513,32.1
0.0,0.528,32.1
0.0,0.501,32.1
0.0,0.46,32.1
0.0,0.442,32.1
0.0,0.429,32.1
0.0,0.429,32.1
0.0,0.452,32.1
0.0,0.481,32.1
0.0,0.505,32.1
0.0,0.517,32.1
0.02,0.586,32.1
0.06,0.606,32.1
0.124,0.626,32.1
0.183,0.708,32.1
0.399,0.795,32.1
0.342,0.814,32.1
0.21,0.811,32.1
0.109,0.808,32.1
0.04,0.823,32.1
0.0,0.856,32.1
0.0,0.887,32.1
0.0,0.91,32.1
0.0,0.923,32.1
0.0,0.93,32.1
0.0,0.934,32.1
0.0,0.933,32.1
0.0,0.931,32.1
0.0,0.925,32.1
0.0,0.908,32.1
0.0,0.881,32.1
0.0,0.856,32.1
0.0,0.801,32.1
0.0,0.728,32.1
0.0,0.637,32.1
0.001,0.576,32.1
0.021,0.525,32.1
0.052,0.532,32.1
0.063,0.548,32.1
0.083,0.566,32.1
0.068,0.563,32.1
0.052,0.55,32.1
0.023,0.543,32.1
0.016,0.539,32.1
0.0,0.543,32.1
0.0,0.522,32.1
0.0,0.502,32.1
0.0,0.505,32.1
0.0,0.484,32.1
0.0,0.481,32.1
0.0,0.467,32.1
0.0,0.45,32.1
0.0,0.433,32.1
0.0,0.432,32.1
0.0,0.382,32.1
0.0,0.365,32.1
0.0,0.362,32.1
0.0,0.401,32.1
0.0,0.433,32.1
0.005,0.502,32.1
0.051,0.596,32.1
0.161,0.651,32.1
0.282,0.672,32.1
0.43,0.714,32.1
0.4,0.733,32.1
0.285,0.727,32.1
0.185,0.693,32.1
0.066,0.635,32.1
0.0,0.621,32.1
0.0,0.633,32.1
0.0,0.648,32.1
0.0,0.642,32.1
0.0,0.626,32.1
0.0,0.59,32.1
0.0,0.55,32.1
0.0,0.506,32.1
0.0,0.463,32.1
0.0,0.412,32.1
0.0,0.411,32.1
0.0,0.414,32.1
0.0,0.42,32.1
0.0,0.429,32.1
0.0,0.431,32.1
0.013,0.452,32.1
0.057,0.479,32.1
0.094,0.59,32.1
0.114,0.666,32.1
0.133,0.724,32.1
0.162,0.77,32.1
0.232,0.809,32.1
0.175,0.829,32.1
0.037,0.849,32.1
0.0,0.886,32.1
0.0,0.914,32.1
0.0,0.919,32.1
0.0,0.887,32.1
0.0,0.837,32.1
0.0,0.757,32.1
0.0,0.657,32.1
0.0,0.547,32.1
0.0,0.501,32.1
0.0,0.472,32.1
0.0,0.477,32.1
0.0,0.466,32.1
0.0,0.468,32.1
0.0,0.466,32.1
0.0,0.488,32.1
0.02,0.479,32.1
0.099,0.566,32.1
0.24,0.633,32.1
0.307,0.71,32.1
0.246,0.763,32.1
0.183,0.79,32.1
0.169,0.809,32.1
0.054,0.802,32.1
0.009,0.789,32.1
0.0,0.792,32.1
0.0,0.792,32.1
0.0,0.791,32.1
0.0,0.766,32.1
0.0,0.78,32.1
0.0,0.744,32.1
0.0,0.755,32.1
0.0,0.734,32.1
0.0,0.66,32.1
0.0,0.656,32.1
0.0,0.633,32.1
0.0,0.616,32.1
0.0,0.575,32.1
0.0,0.518,32.1
0.0,0.451,32.1
0.011,0.386,32.1
0.055,0.358,32.1
0.081,0.328,32.1
0.081,0.344,32.1
0.089,0.413,32.1
0.089,0.415,32.1
0.06,0.407,32.1
0.023,0.482,32.1
0.003,0.615,32.1
0.0,0.708,32.1
0.0,0.732,32.1
0.0,0.708,32.1
0.0,0.698,32.1
0.0,0.701,32.1
0.0,0.709,32.1
0.0,0.707,32.1
0.0,0.687,32.1
0.0,0.7,32.1
0.0,0.714,32.1
0.0,0.705,32.1
0.0,0.695,32.1
0.0,0.688,32.1
0.0,0.689,32.1
0.0,0.682,32.1
0.008,0.671,32.1
0.066,0.651,32.1
0.088,0.649,32.1
0.11,0.669,32.1
0.149,0.684,32.1
0.154,0.684,32.1
0.125,0.646,32.1
0.088,0.61,32.1
0.027,0.618,32.1
0.0,0.644,32.1
0.0,0.65,32.1
0.0,0.62,32.1
0.0,0.585,32.1
0.0,0.538,32.1
0.0,0.488,32.1
0.0,0.434,32.1
0.0,0.376,32.1
0.0,0.352,32.1
0.0,0.367,32.1
0.0,0.344,32.1
0.0,0.353,32.1
0.0,0.372,32.1
0.0,0.404,32.1
0.0,0.446,32.1
0.051,0.464,32.1
0.236,0.463,32.1
0.425,0.481,32.1
0.54,0.64,32.1
0.588,0.71,32.1
0.574,0.718,32.1
0.501,0.72,32.1
0.347,0.723,32.1
0.074,0.76,32.1
0.0,0.805,32.1
0.0,0.817,32.1
0.0,0.783,32.1
0.0,0.729,32.1
0.0,0.679,32.1
0.0,0.499,32.1
0.0,0.316,32.1
0.0,0.281,32.1
0.0,0.32,32.1
0.0,0.337,32.1
0.0,0.364,32.1
0.0,0.391,32.1
0.0,0.413,32.1
0.0,0.443,32.1
0.0,0.442,32.1
0.003,0.474,32.1
0.043,0.625,32.1
0.094,0.777,32.1
0.114,0.744,32.1
0.088,0.852,32.1
0.08,0.886,32.1
0.04,0.87,32.1
0.044,0.821,32.1
0.021,0.779,32.1
0.0,0.777,32.1
0.0,0.789,32.1
0.0,0.802,32.1
0.0,0.815,32.1
0.0,0.841,32.1
0.0,0.876,32.1
0.0,0.901,32.1
0.0,0.916,32.1
0.0,0.925,32.1
0.0,0.932,32.1
0.0,0.937,32.1
0.0,0.936,32.1
0.0,0.941,32.1
0.0,0.943,32.1
0.0,0.946,32.1
0.016,0.946,32.1
0.072,0.95,32.1
0.147,0.947,32.1
0.232,0.939,32.1
0.273,0.929,32.1
0.279,0.921,32.1
0.186,0.874,32.1
0.125,0.837,32.1
0.062,0.799,32.1
0.0,0.731,32.1
0.0,0.7,32.1
0.0,0.695,32.1
0.0,0.666,32.1
0.0,0.658,32.1
0.0,0.686,32.1
0.0,0.692,32.1
0.0,0.666,32.1
0.0,0.578,32.1
0.0,0.5,32.1
0.0,0.455,32.1
0.0,0.394,32.1
0.0,0.32,32.1
0.0,0.289,32.1
0.0,0.303,32.1
0.022,0.346,32.1
0.174,0.434,32.1
0.409,0.55,32.1
0.543,0.765,32.1
0.42,0.849,32.1
0.406,0.884,32.1
0.37,0.9,32.1
0.223,0.891,32.1
0.08,0.848,32.1
0.0,0.724,32.1
0.0,0.556,32.1
0.0,0.47,32.1
0.0,0.457,32.1
0.0,0.442,32.1
0.0,0.432,32.1
0.0,0.409,32.1
0.0,0.379,32.1
0.0,0.348,32.1
0.0,0.313,32.1
0.0,0.284,32.1
0.0,0.237,32.1
0.0,0.19,32.1
0.0,0.144,32.1
0.0,0.104,32.1
0.03,0.082,32.1
0.187,0.061,32.1
0.428,0.036,32.1
0.538,0.036,32.1
0.572,0.037,32.1
0.548,0.035,32.1
0.486,0.034,32.1
0.365,0.04,32.1
0.18,0.068,32.1
0.0,0.12,32.1
0.0,0.181,32.1
0.0,0.187,32.1
0.0,0.114,32.1
0.0,0.038,32.1
0.0,0.015,32.1
0.0,0.012,32.1
0.0,0.018,32.1
0.0,0.026,32.1
0.0,0.029,32.1
0.0,0.031,32.1
0.0,0.031,32.1
0.0,0.028,32.1
0.0,0.025,32.1
0.0,0.024,32.1
0.005,0.027,32.1
0.052,0.03,32.1
0.142,0.025,32.1
0.332,0.012,32.1
0.56,0.006,32.1
0.552,0.007,32.1
0.482,0.007,32.1
0.341,0.009,32.1
0.157,0.012,32.1
0.0,0.013,32.1
0.0,0.014,32.1
0.0,0.015,32.1
0.0,0.018,32.1
0.0,0.03,32.1
0.0,0.053,32.1
0.0,0.077,32.1
0.0,0.094,32.1
0.0,0.102,32.1
0.0,0.105,32.1
0.0,0.107,32.1
0.0,0.109,32.1
0.0,0.118,32.1
0.0,0.137,32.1
0.0,0.16,32.1
0.044,0.193,32.1
0.264,0.148,32.1
0.439,0.086,32.1
0.532,0.14,32.1
0.586,0.197,32.1
0.573,0.215,32.1
0.505,0.231,32.1
0.382,0.22,32.1
0.205,0.294,32.1
0.0,0.457,32.1
0.0,0.553,32.1
0.0,0.552,32.1
0.0,0.507,32.1
0.0,0.455,32.1
0.0,0.421,32.1
0.0,0.388,32.1
0.0,0.348,32.1
0.0,0.313,32.1
0.0,0.282,32.1
0.0,0.245,32.1
0.0,0.225,32.1
0.0,0.206,32.1
0.0,0.185,32.1
0.0,0.171,32.1
0.0,0.167,32.1
0.051,0.168,32.1
0.193,0.155,32.1
0.318,0.134,32.1
0.396,0.115,32.1
0.443,0.108,32.1
0.421,0.1,32.1
0.283,0.088,32.1
0.095,0.091,32.1
0.0,0.11,32.1
0.0,0.147,32.1
0.0,0.189,32.1
0.0,0.222,32.1
0.0,0.241,32.1
0.0,0.249,32.1
0.0,0.249,32.1
0.0,0.237,32.1
0.0,0.22,32.1
0.0,0.205,32.1
0.0,0.204,32.1
0.0,0.207,32.1
0.0,0.219,32.1
0.0,0.237,32.1
0.0,0.258,32.1
0.007,0.261,32.1
0.07,0.192,32.1
0.11,0.114,32.1
0.135,0.088,32.1
0.142,0.095,32.1
0.174,0.124,32.1
0.168,0.14,32.1
0.102,0.148,32.1
0.028,0.194,32.1
0.0,0.251,32.1
0.0,0.297,32.1
0.0,0.324,32.1
0.0,0.332,32.1
0.0,0.328,32.1
0.0,0.32,32.1
0.0,0.312,32.1
0.0,0.305,32.1
0.0,0.302,32.1
0.0,0.303,32.1
0.0,0.302,32.1
0.0,0.303,32.1
0.0,0.3,32.1
0.0,0.286,32.1
0.0,0.274,32.1
0.015,0.255,32.1
0.116,0.152,32.1
0.265,0.076,32.1
0.388,0.055,32.1
0.48,0.057,32.1
0.497,0.058,32.1
0.435,0.048,32.1
0.304,0.035,32.1
0.125,0.025,32.1
0.0,0.027,32.1
0.0,0.043,32.1
0.0,0.065,32.1
0.0,0.087,32.1
0.0,0.108,32.1
0.0,0.135,32.1
0.0,0.163,32.1
0.0,0.185,32.1
0.0,0.196,32.1
0.0,0.199,32.1
0.0,0.201,32.1
0.0,0.194,32.1
0.0,0.182,32.1
0.0,0.172,32.1
0.0,0.164,32.1
0.016,0.167,32.1
0.145,0.131,32.1
0.281,0.065,32.1
0.252,0.041,32.1
0.226,0.043,32.1
0.186,0.045,32.1
0.139,0.043,32.1
0.07,0.039,32.1
0.017,0.04,32.1
0.0,0.047,32.1
0.0,0.061,32.1
0.0,0.082,32.1
0.0,0.105,32.1
0.0,0.13,32.1
0.0,0.135,32.1
0.0,0.119,32.1
0.0,0.113,32.1
0.0,0.126,32.1
0.0,0.133,32.1
0.0,0.126,32.1
0.0,0.13,32.1
0.0,0.166,32.1
0.0,0.212,32.1
0.0,0.244,32.1
0.006,0.255,32.1
0.075,0.187,32.1
0.147,0.132,32.1
0.228,0.133,32.1
0.28,0.148,32.1
0.249,0.17,32.1
0.151,0.187,32.1
0.06,0.169,32.1
0.018,0.199,32.1
0.0,0.301,32.1
0.0,0.358,32.1
0.0,0.369,32.1
0.0,0.41,32.1
0.0,0.444,32.1
0.0,0.472,32.1
0.0,0.502,32.1
0.0,0.513,32.1
0.0,0.536,32.1
0.0,0.57,32.1
0.0,0.605,32.1
0.0,0.63,32.1
0.0,0.68,32.1
0.0,0.678,32.1
0.0,0.572,32.1
0.006,0.513,32.1
0.074,0.505,32.1
0.121,0.526,32.1
0.2,0.566,32.1
0.344,0.593,32.1
0.388,0.561,32.1
0.323,0.504,32.1
0.205,0.403,32.1
0.06,0.352,32.1
0.0,0.388,32.1
0.0,0.41,32.1
0.0,0.415,32.1
0.0,0.416,32.1
0.0,0.403,32.1
0.0,0.396,32.1
0.0,0.392,32.1
0.0,0.389,32.1
0.0,0.39,32.1
0.0,0.391,32.1
0.0,0.38,32.1
0.0,0.356,32.1
0.0,0.338,32.1
0.0,0.336,32.1
0.0,0.368,32.1
0.0,0.397,32.1
0.014,0.454,32.1
0.045,0.531,32.1
0.073,0.564,32.1
0.098,0.604,32.1
0.084,0.644,32.1
0.081,0.583,32.1
0.051,0.544,32.1
0.009,0.546,32.1
0.0,0.544,32.1
0.0,0.436,32.1
0.0,0.379,32.1
0.0,0.316,32.1
0.0,0.25,32.1
0.0,0.227,32.1
0.0,0.236,32.1
0.0,0.251,32.1
0.0,0.266,32.1
0.0,0.274,32.1
0.0,0.271,32.1
0.0,0.255,32.1
0.0,0.266,32.1
0.0,0.297,32.1
0.0,0.343,32.1
0.0,0.423,32.1
0.062,0.469,32.1
0.216,0.426,32.1
0.354,0.484,32.1
0.41,0.525,32.1
0.412,0.563,32.1
0.266,0.55,32.1
0.143,0.535,32.1
0.025,0.583,32.1
0.0,0.586,32.1
0.0,0.599,32.1
0.0,0.622,32.1
0.0,0.657,32.1
0.0,0.678,32.1
0.0,0.683,32.1
0.0,0.686,32.1
0.0,0.695,32.1
0.0,0.679,32.1
0.0,0.668,32.1
0.0,0.748,32.1
0.0,0.697,32.1
0.0,0.726,32.1
0.0,0.752,32.1
0.0,0.786,32.1
0.0,0.806,32.1
0.055,0.841,32.1
0.082,0.885,32.1
0.08,0.911,32.1
0.054,0.943,32.1
0.036,0.964,32.1
0.014,0.97,32.1
0.003,0.953,32.1
0.0,0.898,32.1
0.0,0.781,32.1
0.0,0.765,32.1
0.0,0.739,32.1
0.0,0.728,32.1
0.0,0.746,32.1
0.0,0.792,32.1
0.0,0.831,32.1
0.0,0.863,32.1
0.0,0.829,32.1
0.0,0.762,32.1
0.0,0.774,32.1
0.0,0.757,32.1
0.0,0.672,32.1
0.0,0.624,32.1
0.0,0.566,32.1
0.0,0.516,32.1
0.025,0.538,32.1
0.072,0.587,32.1
0.137,0.635,32.1
0.17,0.686,32.1
0.198,0.668,32.1
0.139,0.607,32.1
0.044,0.543,32.1
0.001,0.504,32.1
0.0,0.476,32.1
0.0,0.462,32.1
0.0,0.448,32.1
0.0,0.474,32.1
0.0,0.494,32.1
0.0,0.503,32.1
0.0,0.523,32.1
0.0,0.531,32.1
0.0,0.556,32.1
0.0,0.59,32.1
0.0,0.69,32.1
0.0,0.715,32.1
0.0,0.72,32.1
0.0,0.668,32.1
0.0,0.673,32.1
0.0,0.62,32.1
0.027,0.598,32.1
0.044,0.583,32.1
0.05,0.575,32.1
0.087,0.597,32.1
0.124,0.619,32.1
0.071,0.586,32.1
0.034,0.529,32.1
0.002,0.503,32.1
0.0,0.488,32.1
0.0,0.471,32.1
0.0,0.446,32.1
0.0,0.4,32.1
0.0,0.386,32.1
0.0,0.38,32.1
0.0,0.379,32.1
0.0,0.373,32.1
0.0,0.362,32.1
0.0,0.359,32.1
0.0,0.362,32.1
0.0,0.386,32.1
0.0,0.401,32.1
0.0,0.416,32.1
0.0,0.399,32.1
0.0,0.402,32.1
0.072,0.387,32.1
0.25,0.501,32.1
0.467,0.535,32.1
0.529,0.566,32.1
0.522,0.592,32.1
0.446,0.586,32.1
0.298,0.59,32.1
0.089,0.663,32.1
0.0,0.701,32.1
0.0,0.718,32.1
0.0,0.73,32.1
0.0,0.736,32.1
0.0,0.727,32.1
0.0,0.7,32.1
0.0,0.713,32.1
0.0,0.71,32.1
0.0,0.648,32.1
0.0,0.638,32.1
0.0,0.67,32.1
0.0,0.685,32.1
0.0,0.697,32.1
0.0,0.712,32.1
0.0,0.711,32.1
0.0,0.73,32.1
0.036,0.701,32.1
0.07,0.675,32.1
0.102,0.661,32.1
0.122,0.635,32.1
0.074,0.538,32.1
0.054,0.444,32.1
0.029,0.39,32.1
0.0,0.401,32.1
0.0,0.479,32.1
0.0,0.472,32.1
0.0,0.302,32.1
0.0,0.182,32.1
0.0,0.21,32.1
0.0,0.348,32.1
0.0,0.35,32.1
0.0,0.296,32.1
0.0,0.312,32.1
0.0,0.326,32.1
0.0,0.344,32.1
0.0,0.345,32.1
0.0,0.285,32.1
0.0,0.249,32.1
0.0,0.282,32.1
0.002,0.256,32.1
0.132,0.18,32.1
0.275,0.119,32.1
0.322,0.084,32.1
0.433,0.061,32.1
0.428,0.061,32.1
0.375,0.09,32.1
0.162,0.137,32.1
0.037,0.216,32.1
0.0,0.297,32.1
0.0,0.346,32.1
0.0,0.401,32.1
0.0,0.432,32.1
0.0,0.438,32.1
0.0,0.44,32.1
0.0,0.441,32.1
0.0,0.447,32.1
0.0,0.489,32.1
0.0,0.558,32.1
0.0,0.599,32.1
0.0,0.629,32.1
0.0,0.638,32.1
0.0,0.666,32.1
0.0,0.666,32.1
0.0,0.648,32.1
0.006,0.648,32.1
0.037,0.633,32.1
0.061,0.618,32.1
0.077,0.619,32.1
0.064,0.601,32.1
0.033,0.573,32.1
0.009,0.568,32.1
0.0,0.586,32.1
0.0,0.633,32.1
0.0,0.593,32.1
0.0,0.567,32.1
0.0,0.571,32.1
0.0,0.56,32.1
0.0,0.557,32.1
0.0,0.58,32.1
0.0,0.557,32.1
0.0,0.527,32.1
0.0,0.545,32.1
0.0,0.562,32.1
0.0,0.566,32.1
0.0,0.588,32.1
0.0,0.553,32.1
0.0,0.522,32.1
0.0,0.469,32.1
0.001,0.395,32.1
0.019,0.316,32.1
0.042,0.241,32.1
0.06,0.187,32.1
0.046,0.146,32.1
0.035,0.123,32.1
0.021,0.116,32.1
0.0,0.12,32.1
0.0,0.137,32.1
0.0,0.155,32.1
0.0,0.175,32.1
0.0,0.185,32.1
0.0,0.199,32.1
0.0,0.212,32.1
0.0,0.233,32.1
0.0,0.242,32.1
0.0,0.245,32.1
0.0,0.247,32.1
0.0,0.237,32.1
0.0,0.201,32.1
0.0,0.156,32.1
0.0,0.118,32.1
0.0,0.078,32.1
0.0,0.046,32.1
0.058,0.028,32.1
0.159,0.025,32.1
0.349,0.021,32.1
0.488,0.028,32.1
0.48,0.044,32.1
0.407,0.065,32.1
0.264,0.088,32.1
0.056,0.119,32.1
0.0,0.15,32.1
0.0,0.204,32.1
0.0,0.291,32.1
0.0,0.35,32.1
0.0,0.376,32.1
0.0,0.381,32.1
0.0,0.355,32.1
0.0,0.304,32.1
0.0,0.285,32.1
0.0,0.291,32.1
0.0,0.284,32.1
0.0,0.27,32.1
0.0,0.262,32.1
0.0,0.254,32.1
0.0,0.261,32.1
0.0,0.262,32.1
0.008,0.278,32.1
0.064,0.277,32.1
0.155,0.305,32.1
0.248,0.33,32.1
0.255,0.355,32.1
0.174,0.334,32.1
0.078,0.299,32.1
0.011,0.348,32.1
0.0,0.434,32.1
0.0,0.442,32.1
0.0,0.434,32.1
0.0,0.424,32.1
0.0,0.404,32.1
0.0,0.375,32.1
0.0,0.374,32.1
0.0,0.392,32.1
0.0,0.402,32.1
0.0,0.395,32.1
0.0,0.386,32.1
0.0,0.395,32.1
0.0,0.41,32.1
0.0,0.411,32.1
0.0,0.391,32.1
0.0,0.367,32.1
0.025,0.352,32.1
0.09,0.337,32.1
0.138,0.418,32.1
0.128,0.456,32.1
0.089,0.436,32.1
0.064,0.37,32.1
0.025,0.294,32.1
0.0,0.295,32.1
0.0,0.334,32.1
0.0,0.351,32.1
0.0,0.367,32.1
0.0,0.357,32.1
0.0,0.343,32.1
0.0,0.325,32.1
0.0,0.304,32.1
0.0,0.287,32.1
0.0,0.253,32.1
0.0,0.212,32.1
0.0,0.172,32.1
0.0,0.14,32.1
0.0,0.117,32.1
0.0,0.101,32.1
0.0,0.09,32.1
0.0,0.084,32.1
0.012,0.066,32.1
0.048,0.048,32.1
0.077,0.042,32.1
0.091,0.03,32.1
0.086,0.017,32.1
0.062,0.007,32.1
0.028,0.004,32.1
0.0,0.004,32.1
0.0,0.007,32.1
0.0,0.013,32.1
0.0,0.02,32.1
0.0,0.024,32.1
0.0,0.023,32.1
0.0,0.018,32.1
0.0,0.013,32.1
0.0,0.011,32.1
0.0,0.01,32.1
0.0,0.011,32.1
0.0,0.016,32.1
0.0,0.022,32.1
0.0,0.029,32.1
0.0,0.037,32.1
0.0,0.045,32.1
0.0,0.053,32.1
0.014,0.051,32.1
0.066,0.039,32.1
0.12,0.034,32.1
0.145,0.027,32.1
0.173,0.029,32.1
0.155,0.036,32.1
0.089,0.046,32.1
0.009,0.082,32.1
0.0,0.135,32.1
0.0,0.179,32.1
0.0,0.203,32.1
0.0,0.202,32.1
0.0,0.184,32.1
0.0,0.158,32.1
0.0,0.14,32.1
0.0,0.126,32.1
0.0,0.124,32.1
0.0,0.123,32.1
0.0,0.134,32.1
0.0,0.133,32.1
0.0,0.132,32.1
0.0,0.131,32.1
0.0,0.119,32.1
0.0,0.105,32.1
0.073,0.083,32.1
0.265,0.053,32.1
0.427,0.057,32.1
0.477,0.084,32.1
0.453,0.111,32.1
0.369,0.146,32.1
0.22,0.201,32.1
0.027,0.327,32.1
0.0,0.442,32.1
0.0,0.459,32.1
0.0,0.422,32.1
0.0,0.376,32.1
0.0,0.311,32.1
0.0,0.251,32.1
0.0,0.193,32.1
0.0,0.147,32.1
0.0,0.142,32.1
0.0,0.159,32.1
0.0,0.155,32.1
0.0,0.147,32.1
0.0,0.144,32.1
0.0,0.145,32.1
0.0,0.149,32.1
0.0,0.155,32.1
0.025,0.143,32.1
0.113,0.11,32.1
0.223,0.081,32.1
0.418,0.054,32.1
0.489,0.042,32.1
0.417,0.044,32.1
0.259,0.057,32.1
0.035,0.089,32.1
0.0,0.118,32.1
0.0,0.132,32.1
0.0,0.127,32.1
0.0,0.107,32.1
0.0,0.074,32.1
0.0,0.044,32.1
0.0,0.028,32.1
0.0,0.028,32.1
0.0,0.046,32.1
0.0,0.079,32.1
0.0,0.12,32.1
0.0,0.147,32.1
0.0,0.145,32.1
0.0,0.136,32.1
0.0,0.152,32.1
0.0,0.182,32.1
0.022,0.212,32.1
0.091,0.231,32.1
0.098,0.294,32.1
0.1,0.343,32.1
0.053,0.402,32.1
0.008,0.472,32.1
0.0,0.529,32.1
0.0,0.566,32.1
0.0,0.534,32.1
0.0,0.544,32.1
0.0,0.539,32.1
0.0,0.534,32.1
0.0,0.512,32.1
0.0,0.515,32.1
0.0,0.563,32.1
0.0,0.592,32.1
0.0,0.615,32.1
0.0,0.61,32.1
0.0,0.619,32.1
0.0,0.633,32.1
0.0,0.685,32.1
0.0,0.744,32.1
0.0,0.778,32.1
0.0,0.772,32.1
0.039,0.756,32.1
0.167,0.721,32.1
0.209,0.699,32.1
0.25,0.706,32.1
0.246,0.692,32.1
0.193,0.674,32.1
0.094,0.642,32.1
0.003,0.637,32.1
0.0,0.619,32.1
0.0,0.58,32.1
0.0,0.534,32.1
0.0,0.466,32.1
0.0,0.388,32.1
0.0,0.333,32.1
0.0,0.289,32.1
0.0,0.22,32.1
0.0,0.154,32.1
0.0,0.112,32.1
0.0,0.083,32.1
0.0,0.064,32.1
0.0,0.058,32.1
0.0,0.047,32.1
0.0,0.035,32.1
0.0,0.025,32.1
0.004,0.013,32.1
0.03,0.005,32.1
0.057,0.001,32.1
0.076,0.004,32.1
0.075,0.018,32.1
0.046,0.036,32.1
0.014,0.044,32.1
0.0,0.05,32.1
0.0,0.068,32.1
0.0,0.104,32.1
0.0,0.148,32.1
0.0,0.189,32.1
0.0,0.235,32.1
0.0,0.275,32.1
0.0,0.289,32.1
0.0,0.283,32.1
0.0,0.3,32.1
0.0,0.325,32.1
0.0,0.307,32.1
0.0,0.267,32.1
0.0,0.264,32.1
0.0,0.316,32.1
0.0,0.323,32.1
0.0,0.317,32.1
0.0,0.362,32.1
0.008,0.415,32.1
0.018,0.432,32.1
0.029,0.498,32.1
0.043,0.539,32.1
0.016,0.55,32.1
0.002,0.592,32.1
0.0,0.635,32.1
0.0,0.672,32.1
0.0,0.714,32.1
0.0,0.753,32.1
0.0,0.829,32.1
0.0,0.847,32.1
0.0,0.824,32.1
0.0,0.755,32.1
0.0,0.725,32.1
0.0,0.72,32.1
0.0,0.72,32.1
0.0,0.78,32.1
0.0,0.827,32.1
0.0,0.865,32.1
0.0,0.898,32.1
0.0,0.918,32.1
0.0,0.921,32.1
0.028,0.898,32.1
0.155,0.867,32.1
0.219,0.847,32.1
0.379,0.812,32.1
0.406,0.756,32.1
0.348,0.722,32.1
0.189,0.692,32.1
0.015,0.633,32.1
0.0,0.541,32.1
0.0,0.501,32.1
0.0,0.484,32.1
0.0,0.462,32.1
0.0,0.434,32.1
0.0,0.371,32.1
0.0,0.317,32.1
0.0,0.315,32.1
0.0,0.254,32.1
0.0,0.163,32.1
0.0,0.133,32.1
0.0,0.137,32.1
0.0,0.167,32.1
0.0,0.192,32.1
0.0,0.229,32.1
0.0,0.27,32.1
0.009,0.292,32.1
0.067,0.309,32.1
0.222,0.331,32.1
0.355,0.331,32.1
0.345,0.294,32.1
0.286,0.248,32.1
0.122,0.243,32.1
0.003,0.308,32.1
0.0,0.361,32.1
0.0,0.377,32.1
0.0,0.388,32.1
0.0,0.367,32.1
0.0,0.32,32.1
0.0,0.274,32.1
0.0,0.28,32.1
0.0,0.294,32.1
0.0,0.279,32.1
0.0,0.244,32.1
0.0,0.199,32.1
0.0,0.154,32.1
0.0,0.106,32.1
0.0,0.075,32.1
0.0,0.061,32.1
0.0,0.049,32.1
0.009,0.031,32.1
0.04,0.021,32.1
0.07,0.017,32.1
0.091,0.01,32.1
0.077,0.007,32.1
0.048,0.008,32.1
0.047,0.016,32.1
0.0,0.037,32.1
0.0,0.05,32.1
0.0,0.059,32.1
0.0,0.053,32.1
0.0,0.025,32.1
0.0,0.013,32.1
0.0,0.024,32.1
0.0,0.049,32.1
0.0,0.077,32.1
0.0,0.111,32.1
0.0,0.139,32.1
0.0,0.155,32.1
0.0,0.176,32.1
0.0,0.206,32.1
0.0,0.228,32.1
0.0,0.248,32.1
0.0,0.264,32.1
0.0,0.252,32.1
0.015,0.241,32.1
0.046,0.231,32.1
0.097,0.225,32.1
0.143,0.197,32.1
0.14,0.166,32.1
0.068,0.144,32.1
0.0,0.158,32.1
0.0,0.179,32.1
0.0,0.204,32.1
0.0,0.213,32.1
0.0,0.204,32.1
0.0,0.176,32.1
0.0,0.148,32.1
0.0,0.124,32.1
0.0,0.099,32.1
0.0,0.084,32.1
0.0,0.075,32.1
0.0,0.07,32.1
0.0,0.069,32.1
0.0,0.076,32.1
0.0,0.084,32.1
0.0,0.086,32.1
0.0,0.086,32.1
0.019,0.074,32.1
0.077,0.041,32.1
0.134,0.017,32.1
0.162,0.007,32.1
0.159,0.003,32.1
0.147,0.005,32.1
0.1,0.012,32.1
0.005,0.018,32.1
0.0,0.013,32.1
0.0,0.007,32.1
0.0,0.005,32.1
0.0,0.013,32.1
0.0,0.037,32.1
0.0,0.068,32.1
0.0,0.099,32.1
0.0,0.115,32.1
0.0,0.104,32.1
0.0,0.087,32.1
0.0,0.073,32.1
0.0,0.076,32.1
0.0,0.096,32.1
0.0,0.125,32.1
0.0,0.154,32.1
0.0,0.18,32.1
0.022,0.192,32.1
0.099,0.176,32.1
0.122,0.2,32.1
0.124,0.225,32.1
0.084,0.237,32.1
0.036,0.238,32.1
0.007,0.255,32.1
0.0,0.278,32.1
0.0,0.281,32.1
0.0,0.286,32.1
0.0,0.272,32.1
0.0,0.266,32.1
0.0,0.253,32.1
0.0,0.244,32.1
0.0,0.243,32.1
0.0,0.236,32.1
0.0,0.238,32.1
0.0,0.233,32.1
0.0,0.225,32.1
0.0,0.209,32.1
0.0,0.21,32.1
0.0,0.217,32.1
0.0,0.226,32.1
0.0,0.236,32.1
0.005,0.233,32.1
0.05,0.172,32.1
0.116,0.108,32.1
0.144,0.09,32.1
0.139,0.098,32.1
0.19,0.102,32.1
0.172,0.125,32.1
0.01,0.218,32.1
0.0,0.349,32.1
0.0,0.45,32.1
0.0,0.447,32.1
0.0,0.383,32.1
0.0,0.351,32.1
0.0,0.376,32.1
0.0,0.447,32.1
0.0,0.499,32.1
0.0,0.495,32.1
0.0,0.519,32.1
0.0,0.532,32.1
0.0,0.571,32.1
0.0,0.59,32.1
0.0,0.529,32.1
0.0,0.525,32.1
0.0,0.514,32.1
0.0,0.583,32.1
0.008,0.54,32.1
0.023,0.444,32.1
0.028,0.427,32.1
0.021,0.406,32.1
0.008,0.434,32.1
0.0,0.374,32.1
0.0,0.312,32.1
0.0,0.294,32.1
0.0,0.311,32.1
0.0,0.326,32.1
0.0,0.332,32.1
0.0,0.341,32.1
0.0,0.332,32.1
0.0,0.319,32.1
0.0,0.306,32.1
0.0,0.266,32.1
0.0,0.232,32.1
0.0,0.208,32.1
0.0,0.204,32.1
0.0,0.205,32.1
0.0,0.209,32.1
0.0,0.22,32.1
0.0,0.228,32.1
0.0,0.229,32.1
0.022,0.208,32.1
0.04,0.192,32.1
0.051,0.183,32.1
0.045,0.191,32.1
0.031,0.224,32.1
0.008,0.26,32.1
0.0,0.29,32.1
0.0,0.284,32.1
0.0,0.27,32.1
0.0,0.252,32.1
0.0,0.243,32.1
0.0,0.255,32.1
0.0,0.272,32.1
0.0,0.282,32.1
0.0,0.265,32.1
0.0,0.288,32.1
0.0,0.328,32.1
0.0,0.343,32.1
0.0,0.354,32.1
0.0,0.317,32.1
0.0,0.266,32.1
0.0,0.245,32.1
0.0,0.252,32.1
0.009,0.26,32.1
0.102,0.251,32.1
0.217,0.268,32.1
0.326,0.306,32.1
0.22,0.36,32.1
0.077,0.374,32.1
0.017,0.42,32.1
0.0,0.51,32.1
0.0,0.598,32.1
0.0,0.646,32.1
0.0,0.68,32.1
0.0,0.739,32.1
0.0,0.762,32.1
0.0,0.79,32.1
0.0,0.794,32.1
0.0,0.793,32.1
0.0,0.773,32.1
0.0,0.728,32.1
0.0,0.711,32.1
0.0,0.666,32.1
0.0,0.69,32.1
0.0,0.746,32.1
0.0,0.748,32.1
0.0,0.784,32.1
0.03,0.72,32.1
0.134,0.668,32.1
0.247,0.54,32.1
0.33,0.507,32.1
0.336,0.501,32.1
0.264,0.425,32.1
0.117,0.43,32.1
0.001,0.498,32.1
0.0,0.535,32.1
0.0,0.519,32.1
0.0,0.529,32.1
0.0,0.512,32.1
0.0,0.47,32.1
0.0,0.447,32.1
0.0,0.454,32.1
0.0,0.425,32.1
0.0,0.435,32.1
0.0,0.472,32.1
0.0,0.473,32.1
0.0,0.416,32.1
0.0,0.395,32.1
0.0,0.373,32.1
0.0,0.351,32.1
0.0,0.32,32.1
0.0,0.291,32.1
0.038,0.227,32.1
0.061,0.192,32.1
0.073,0.213,32.1
0.086,0.202,32.1
0.124,0.171,32.1
0.076,0.179,32.1
0.0,0.22,32.1
0.0,0.264,32.1
0.0,0.325,32.1
0.0,0.37,32.1
0.0,0.405,32.1
0.0,0.414,32.1
0.0,0.379,32.1
0.0,0.338,32.1
0.0,0.276,32.1
0.0,0.201,32.1
0.0,0.172,32.1
0.0,0.193,32.1
0.0,0.22,32.1
0.0,0.251,32.1
0.0,0.301,32.1
0.0,0.315,32.1
0.0,0.304,32.1
0.011,0.309,32.1
0.064,0.31,32.1
0.138,0.255,32.1
0.152,0.212,32.1
0.155,0.204,32.1
0.246,0.252,32.1
0.125,0.349,32.1
0.0,0.457,32.1
0.0,0.501,32.1
0.0,0.493,32.1
0.0,0.494,32.1
0.0,0.522,32.1
0.0,0.519,32.1
0.0,0.498,32.1
0.0,0.513,32.1
0.0,0.511,32.1
0.0,0.519,32.1
0.0,0.522,32.1
0.0,0.494,32.1
0.0,0.449,32.1
0.0,0.501,32.1
0.0,0.447,32.1
0.0,0.451,32.1
0.0,0.459,32.1
0.016,0.442,32.1
0.051,0.395,32.1
0.068,0.491,32.1
0.066,0.51,32.1
0.05,0.489,32.1
0.031,0.455,32.1
0.013,0.422,32.1
0.0,0.433,32.1
0.0,0.45,32.1
0.0,0.444,32.1
0.0,0.444,32.1
0.0,0.437,32.1
0.0,0.438,32.1
0.0,0.444,32.1
0.0,0.413,32.1
0.0,0.413,32.1
0.0,0.371,32.1
0.0,0.394,32.1
0.0,0.391,32.1
0.0,0.413,32.1
0.0,0.466,32.1
0.0,0.491,32.1
0.0,0.519,32.1
0.0,0.549,32.1
0.023,0.552,32.1
0.062,0.584,32.1
0.102,0.615,32.1
0.221,0.651,32.1
0.353,0.642,32.1
0.287,0.633,32.1
0.127,0.623,32.1
0.0,0.638,32.1
0.0,0.639,32.1
0.0,0.635,32.1
0.0,0.618,32.1
0.0,0.603,32.1
0.0,0.58,32.1
0.0,0.568,32.1
0.0,0.557,32.1
0.0,0.549,32.1
0.0,0.559,32.1
0.0,0.533,32.1
0.0,0.508,32.1
0.0,0.506,32.1
0.0,0.515,32.1
0.0,0.485,32.1
0.0,0.532,32.1
0.0,0.581,32.1
0.009,0.602,32.1
0.054,0.591,32.1
0.059,0.633,32.1
0.044,0.654,32.1
0.047,0.602,32.1
0.055,0.592,32.1
0.056,0.593,32.1
0.0,0.586,32.1
0.0,0.578,32.1
0.0,0.592,32.1
0.0,0.616,32.1
0.0,0.599,32.1
0.0,0.595,32.1
0.0,0.589,32.1
0.0,0.599,32.1
0.0,0.533,32.1
0.0,0.496,32.1
0.0,0.45,32.1
0.0,0.407,32.1
0.0,0.379,32.1
0.0,0.371,32.1
0.0,0.357,32.1
0.0,0.332,32.1
0.0,0.316,32.1
0.0,0.305,32.1
0.016,0.343,32.1
0.043,0.364,32.1
0.086,0.377,32.1
0.091,0.398,32.1
0.074,0.396,32.1
0.039,0.433,32.1
0.0,0.506,32.1
0.0,0.546,32.1
0.0,0.572,32.1
0.0,0.601,32.1
0.0,0.616,32.1
0.0,0.574,32.1
0.0,0.517,32.1
0.0,0.477,32.1
0.0,0.459,32.1
0.0,0.369,32.1
0.0,0.362,32.1
0.0,0.33,32.1
0.0,0.315,32.1
0.0,0.335,32.1
0.0,0.358,32.1
0.0,0.369,32.1
0.0,0.405,32.1
0.0,0.447,32.1
0.006,0.523,32.1
0.02,0.655,32.1
0.022,0.801,32.1
0.015,0.877,32.1
0.003,0.906,32.1
0.0,0.852,32.1
0.0,0.794,32.1
0.0,0.765,32.1
0.0,0.773,32.1
0.0,0.79,32.1
0.0,0.786,32.1
0.0,0.785,32.1
0.0,0.802,32.1
0.0,0.839,32.1
0.0,0.884,32.1
0.0,0.91,32.1
0.0,0.914,32.1
0.0,0.922,32.1
0.0,0.924,32.1
0.0,0.91,32.1
0.0,0.869,32.1
0.0,0.829,32.1
0.0,0.79,32.1
0.0,0.744,32.1
0.016,0.672,32.1
0.027,0.59,32.1
0.039,0.466,32.1
0.07,0.379,32.1
0.02,0.3,32.1
0.008,0.234,32.1
0.0,0.177,32.1
0.0,0.141,32.1
0.0,0.117,32.1
0.0,0.094,32.1
0.0,0.117,32.1
0.0,0.145,32.1
0.0,0.167,32.1
0.0,0.181,32.1
0.0,0.201,32.1
0.0,0.219,32.1
0.0,0.238,32.1
0.0,0.249,32.1
0.0,0.265,32.1
0.0,0.299,32.1
0.0,0.343,32.1
0.0,0.389,32.1
0.0,0.468,32.1
0.0,0.498,32.1
0.0,0.455,32.1
0.007,0.409,32.1
0.01,0.568,32.1
0.014,0.587,32.1
0.018,0.583,32.1
0.027,0.586,32.1
0.0,0.618,32.1
0.0,0.618,32.1
0.0,0.613,32.1
0.0,0.62,32.1
0.0,0.655,32.1
0.0,0.672,32.1
0.0,0.644,32.1
0.0,0.599,32.1
0.0,0.571,32.1
0.0,0.505,32.1
0.0,0.417,32.1
0.0,0.348,32.1
0.0,0.243,32.1
0.0,0.244,32.1
0.0,0.398,32.1
0.0,0.55,32.1
0.0,0.539,32.1
0.012,0.412,32.1
0.022,0.296,32.1
0.019,0.305,32.1
0.021,0.344,32.1
0.034,0.379,32.1
0.034,0.407,32.1
0.013,0.425,32.1
0.0,0.448,32.1
0.0,0.479,32.1
0.0,0.451,32.1
0.0,0.467,32.1
0.0,0.466,32.1
0.0,0.475,32.1
0.0,0.483,32.1
0.0,0.467,32.1
0.0,0.399,32.1
0.0,0.345,32.1
0.0,0.337,32.1
0.0,0.325,32.1
0.0,0.324,32.1
0.0,0.323,32.1
0.0,0.333,32.1
0.0,0.332,32.1
0.0,0.341,32.1
0.016,0.293,32.1
0.099,0.207,32.1
0.142,0.192,32.1
0.172,0.27,32.1
0.205,0.311,32.1
0.131,0.294,32.1
0.052,0.267,32.1
0.0,0.323,32.1
0.0,0.354,32.1
0.0,0.351,32.1
0.0,0.318,32.1
0.0,0.283,32.1
0.0,0.251,32.1
0.0,0.231,32.1
0.0,0.237,32.1
0.0,0.271,32.1
0.0,0.33,32.1
0.0,0.364,32.1
0.0,0.369,32.1
0.0,0.38,32.1
0.0,0.391,32.1
0.0,0.416,32.1
0.0,0.454,32.1
0.0,0.46,32.1
0.011,0.448,32.1
0.056,0.434,32.1
0.154,0.441,32.1
0.203,0.566,32.1
0.125,0.622,32.1
0.037,0.654,32.1
0.001,0.712,32.1
0.0,0.757,32.1
0.0,0.802,32.1
0.0,0.845,32.1
0.0,0.873,32.1
0.0,0.887,32.1
0.0,0.901,32.1
0.0,0.913,32.1
0.0,0.926,32.1
0.0,0.947,32.1
0.0,0.958,32.1
0.0,0.965,32.1
0.0,0.974,32.1
0.0,0.981,32.1
0.0,0.986,32.1
0.0,0.99,32.1
0.0,0.991,32.1
0.0,0.991,32.1
0.0,0.989,32.1
0.0,0.988,32.1
0.004,0.989,32.1
0.009,0.991,32.1
0.011,0.983,32.1
0.006,0.947,32.1
0.0,0.833,32.1
0.0,0.643,32.1
0.0,0.523,32.1
0.0,0.429,32.1
0.0,0.326,32.1
0.0,0.332,32.1
0.0,0.319,32.1
0.0,0.297,32.1
0.0,0.284,32.1
0.0,0.261,32.1
0.0,0.228,32.1
0.0,0.214,32.1
0.0,0.251,32.1
0.0,0.247,32.1
0.0,0.232,32.1
0.0,0.225,32.1
0.0,0.27,32.1
0.0,0.294,32.1
0.002,0.308,32.1
0.026,0.286,32.1
0.062,0.278,32.1
0.107,0.251,32.1
0.112,0.225,32.1
0.071,0.196,32.1
0.024,0.187,32.1
0.0,0.245,32.1
0.0,0.274,32.1
0.0,0.253,32.1
0.0,0.225,32.1
0.0,0.186,32.1
0.0,0.128,32.1
0.0,0.073,32.1
0.0,0.041,32.1
0.0,0.024,32.1
0.0,0.013,32.1
0.0,0.011,32.1
0.0,0.026,32.1
0.0,0.063,32.1
0.0,0.125,32.1
0.0,0.204,32.1
0.0,0.274,32.1
0.0,0.346,32.1
0.0,0.441,32.1
0.035,0.45,32.1
0.062,0.432,32.1
0.1,0.438,32.1
0.12,0.4,32.1
0.087,0.33,32.1
0.036,0.302,32.1
0.0,0.316,32.1
0.0,0.32,32.1
0.0,0.294,32.1
0.0,0.261,32.1
0.0,0.236,32.1
0.0,0.225,32.1
0.0,0.219,32.1
0.0,0.219,32.1
0.0,0.223,32.1
0.0,0.234,32.1
0.0,0.254,32.1
0.0,0.281,32.1
0.0,0.313,32.1
0.0,0.343,32.1
0.0,0.359,32.1
0.0,0.368,32.1
0.0,0.381,32.1
0.001,0.379,32.1
0.035,0.348,32.1
0.081,0.3,32.1
0.112,0.329,32.1
0.104,0.355,32.1
0.078,0.35,32.1
0.025,0.336,32.1
0.0,0.358,32.1
0.0,0.364,32.1
0.0,0.35,32.1
0.0,0.329,32.1
0.0,0.297,32.1
0.0,0.259,32.1
0.0,0.237,32.1
0.0,0.225,32.1
0.0,0.206,32.1
