solar_cf,wind_cf,price
0.0,0.337,30.5
0.0,0.32,30.5
0.0,0.302,30.5
0.0,0.287,30.5
0.0,0.275,30.5
0.0,0.272,30.5
0.0,0.27,30.5
0.0,0.271,30.5
0.137,0.245,30.5
0.357,0.194,30.5
0.508,0.188,30.5
0.541,0.167,30.5
0.502,0.146,30.5
0.389,0.125,30.5
0.193,0.144,30.5
0.0,0.203,30.5
0.0,0.274,30.5
0.0,0.348,30.5
0.0,0.397,30.5
0.0,0.398,30.5
0.0,0.365,30.5
0.0,0.3,30.5
0.0,0.227,30.5
0.0,0.167,30.5
0.0,0.14,30.5
0.0,0.14,30.5
0.0,0.142,30.5
0.0,0.149,30.5
0.0,0.157,30.5
0.0,0.176,30.5
0.0,0.204,30.5
0.0,0.233,30.5
0.081,0.239,30.5
0.207,0.228,30.5
0.29,0.229,30.5
0.301,0.251,30.5
0.194,0.262,30.5
0.111,0.296,30.5
0.045,0.355,30.5
0.0,0.451,30.5
0.0,0.484,30.5
0.0,0.476,30.5
0.0,0.476,30.5
0.0,0.473,30.5
0.0,0.475,30.5
0.0,0.49,30.5
0.0,0.504,30.5
0.0,0.503,30.5
0.0,0.537,30.5
0.0,0.585,30.5
0.0,0.535,30.5
0.0,0.547,30.5
0.0,0.541,30.5
0.0,0.553,30.5
0.0,0.556,30.5
0.0,0.557,30.5
0.01,0.558,30.5
0.043,0.568,30.5
0.061,0.654,30.5
0.05,0.714,30.5
0.055,0.751,30.5
0.047,0.748,30.5
0.012,0.739,30.5
0.0,0.732,30.5
0.0,0.705,30.5
0.0,0.613,30.5
0.0,0.544,30.5
0.0,0.457,30.5
0.0,0.347,30.5
0.0,0.27,30.5
0.0,0.243,30.5
0.0,0.245,30.5
0.0,0.289,30.5
0.0,0.341,30.5
0.0,0.387,30.5
0.0,0.413,30.5
0.0,0.394,30.5
0.0,0.41,30.5
0.0,0.433,30.5
0.0,0.432,30.5
0.018,0.438,30.5
0.039,0.451,30.5
0.096,0.516,30.5
0.175,0.556,30.5
0.183,0.578,30.5
0.099,0.591,30.5
0.02,0.593,30.5
0.0,0.615,30.5
0.0,0.571,30.5
0.0,0.547,30.5
0.0,0.523,30.5
0.0,0.473,30.5
0.0,0.403,30.5
0.0,0.349,30.5
0.0,0.312,30.5
0.0,0.272,30.5
0.0,0.235,30.5
0.0,0.202,30.5
0.0,0.186,30.5
0.0,0.179,30.5
0.0,0.167,30.5
0.0,0.136,30.5
0.0,0.109,30.5
0.0,0.099,30.5
0.008,0.095,30.5
0.059,0.093,30.5
0.118,0.106,30.5
0.263,0.13,30.5
0.311,0.144,30.5
0.25,0.149,30.5
0.104,0.157,30.5
0.0,0.209,30.5
0.0,0.259,30.5
0.0,0.294,30.5
0.0,0.309,30.5
0.0,0.314,30.5
0.0,0.308,30.5
0.0,0.288,30.5
0.0,0.266,30.5
0.0,0.251,30.5
0.0,0.235,30.5
0.0,0.231,30.5
0.0,0.227,30.5
0.0,0.22,30.5
0.0,0.21,30.5
0.0,0.204,30.5
0.0,0.218,30.5
0.0,0.251,30.5
0.19,0.248,30.5
0.383,0.176,30.5
0.51,0.177,30.5
0.546,0.214,30.5
0.511,0.223,30.5
0.406,0.222,30.5
0.214,0.259,30.5
0.006,0.434,30.5
0.0,0.523,30.5
0.0,0.516,30.5
0.0,0.498,30.5
0.0,0.48,30.5
0.0,0.439,30.5
0.0,0.413,30.5
0.0,0.398,30.5
0.0,0.378,30.5
0.0,0.376,30.5
0.0,0.459,30.5
0.0,0.391,30.5
0.0,0.396,30.5
0.0,0.399,30.5
0.0,0.374,30.5
0.0,0.343,30.5
0.0,0.294,30.5
0.001,0.231,30.5
0.012,0.208,30.5
0.039,0.236,30.5
0.089,0.264,30.5
0.197,0.264,30.5
0.283,0.245,30.5
0.122,0.245,30.5
0.0,0.267,30.5
0.0,0.364,30.5
0.0,0.47,30.5
0.0,0.487,30.5
0.0,0.505,30.5
0.0,0.519,30.5
0.0,0.498,30.5
0.0,0.461,30.5
0.0,0.454,30.5
0.0,0.459,30.5
0.0,0.462,30.5
0.0,0.463,30.5
0.0,0.461,30.5
0.0,0.459,30.5
0.0,0.445,30.5
0.0,0.448,30.5
0.0,0.488,30.5
0.002,0.474,30.5
0.029,0.441,30.5
0.052,0.423,30.5
0.062,0.398,30.5
0.057,0.388,30.5
0.026,0.337,30.5
0.003,0.328,30.5
0.0,0.329,30.5
0.0,0.325,30.5
0.0,0.302,30.5
0.0,0.289,30.5
0.0,0.258,30.5
0.0,0.249,30.5
0.0,0.248,30.5
0.0,0.254,30.5
0.0,0.285,30.5
0.0,0.321,30.5
0.0,0.373,30.5
0.0,0.391,30.5
0.0,0.42,30.5
0.0,0.424,30.5
0.0,0.451,30.5
0.0,0.498,30.5
0.0,0.555,30.5
0.0,0.571,30.5
0.011,0.586,30.5
0.026,0.583,30.5
0.034,0.606,30.5
0.036,0.599,30.5
0.026,0.586,30.5
0.01,0.644,30.5
0.0,0.642,30.5
0.0,0.642,30.5
0.0,0.624,30.5
0.0,0.603,30.5
0.0,0.605,30.5
0.0,0.546,30.5
0.0,0.457,30.5
0.0,0.431,30.5
0.0,0.429,30.5
0.0,0.473,30.5
0.0,0.489,30.5
0.0,0.493,30.5
0.0,0.55,30.5
0.0,0.568,30.5
0.0,0.502,30.5
0.0,0.398,30.5
0.0,0.334,30.5
0.01,0.268,30.5
0.045,0.238,30.5
0.112,0.266,30.5
0.266,0.32,30.5
0.289,0.407,30.5
0.147,0.44,30.5
0.017,0.407,30.5
0.0,0.42,30.5
0.0,0.42,30.5
0.0,0.347,30.5
0.0,0.266,30.5
0.0,0.22,30.5
0.0,0.183,30.5
0.0,0.161,30.5
0.0,0.149,30.5
0.0,0.123,30.5
0.0,0.107,30.5
0.0,0.096,30.5
0.0,0.091,30.5
0.0,0.095,30.5
0.0,0.104,30.5
0.0,0.1,30.5
0.0,0.112,30.5
0.0,0.149,30.5
0.015,0.181,30.5
0.085,0.212,30.5
0.23,0.239,30.5
0.193,0.271,30.5
0.116,0.297,30.5
0.086,0.313,30.5
0.043,0.333,30.5
0.0,0.388,30.5
0.0,0.426,30.5
0.0,0.432,30.5
0.0,0.436,30.5
0.0,0.433,30.5
0.0,0.441,30.5
0.0,0.452,30.5
0.0,0.457,30.5
0.0,0.456,30.5
0.0,0.428,30.5
0.0,0.41,30.5
0.0,0.415,30.5
0.0,0.425,30.5
0.0,0.446,30.5
0.0,0.468,30.5
0.0,0.481,30.5
0.0,0.503,30.5
0.045,0.505,30.5
0.125,0.522,30.5
0.138,0.647,30.5
0.067,0.674,30.5
0.041,0.663,30.5
0.025,0.647,30.5
0.004,0.625,30.5
0.0,0.615,30.5
0.0,0.623,30.5
0.0,0.636,30.5
0.0,0.604,30.5
0.0,0.58,30.5
0.0,0.562,30.5
0.0,0.571,30.5
0.0,0.504,30.5
0.0,0.438,30.5
0.0,0.373,30.5
0.0,0.334,30.5
0.0,0.311,30.5
0.0,0.312,30.5
0.0,0.323,30.5
0.0,0.325,30.5
0.0,0.325,30.5
0.0,0.321,30.5
0.025,0.3,30.5
0.128,0.245,30.5
0.264,0.227,30.5
0.294,0.267,30.5
0.31,0.317,30.5
0.284,0.34,30.5
0.084,0.346,30.5
0.0,0.424,30.5
0.0,0.525,30.5
0.0,0.595,30.5
0.0,0.666,30.5
0.0,0.727,30.5
0.0,0.716,30.5
0.0,0.72,30.5
0.0,0.725,30.5
0.0,0.743,30.5
0.0,0.74,30.5
0.0,0.734,30.5
0.0,0.724,30.5
0.0,0.724,30.5
0.0,0.746,30.5
0.0,0.753,30.5
0.0,0.759,30.5
0.0,0.808,30.5
0.03,0.84,30.5
0.089,0.858,30.5
0.116,0.849,30.5
0.1,0.845,30.5
0.079,0.842,30.5
0.051,0.847,30.5
0.014,0.86,30.5
0.0,0.876,30.5
0.0,0.89,30.5
0.0,0.899,30.5
0.0,0.899,30.5
0.0,0.892,30.5
0.0,0.881,30.5
0.0,0.872,30.5
0.0,0.86,30.5
0.0,0.841,30.5
0.0,0.819,30.5
0.0,0.791,30.5
0.0,0.742,30.5
0.0,0.728,30.5
0.0,0.731,30.5
0.0,0.74,30.5
0.0,0.74,30.5
0.0,0.74,30.5
0.071,0.734,30.5
0.162,0.739,30.5
0.228,0.75,30.5
0.225,0.788,30.5
0.204,0.785,30.5
0.141,0.791,30.5
0.061,0.792,30.5
0.0,0.802,30.5
0.0,0.794,30.5
0.0,0.756,30.5
0.0,0.669,30.5
0.0,0.547,30.5
0.0,0.432,30.5
0.0,0.374,30.5
0.0,0.337,30.5
0.0,0.273,30.5
0.0,0.187,30.5
0.0,0.118,30.5
0.0,0.071,30.5
0.0,0.063,30.5
0.0,0.076,30.5
0.0,0.097,30.5
0.0,0.126,30.5
0.0,0.163,30.5
0.07,0.188,30.5
0.329,0.179,30.5
0.469,0.215,30.5
0.525,0.285,30.5
0.479,0.305,30.5
0.329,0.32,30.5
0.15,0.362,30.5
0.01,0.476,30.5
0.0,0.55,30.5
0.0,0.566,30.5
0.0,0.586,30.5
0.0,0.601,30.5
0.0,0.597,30.5
0.0,0.588,30.5
0.0,0.578,30.5
0.0,0.56,30.5
0.0,0.538,30.5
0.0,0.516,30.5
0.0,0.489,30.5
0.0,0.479,30.5
0.0,0.457,30.5
0.0,0.419,30.5
0.0,0.386,30.5
0.0,0.391,30.5
0.026,0.388,30.5
0.07,0.365,30.5
0.076,0.322,30.5
0.074,0.345,30.5
0.07,0.349,30.5
0.043,0.355,30.5
0.007,0.408,30.5
0.0,0.41,30.5
0.0,0.398,30.5
0.0,0.413,30.5
0.0,0.45,30.5
0.0,0.484,30.5
0.0,0.551,30.5
0.0,0.516,30.5
0.0,0.473,30.5
0.0,0.42,30.5
0.0,0.39,30.5
0.0,0.349,30.5
0.0,0.347,30.5
0.0,0.356,30.5
0.0,0.367,30.5
0.0,0.391,30.5
0.0,0.379,30.5
0.0,0.379,30.5
0.011,0.345,30.5
0.051,0.316,30.5
0.115,0.358,30.5
0.217,0.42,30.5
0.192,0.421,30.5
0.166,0.381,30.5
0.091,0.323,30.5
0.005,0.343,30.5
0.0,0.379,30.5
0.0,0.366,30.5
0.0,0.341,30.5
0.0,0.328,30.5
0.0,0.31,30.5
0.0,0.272,30.5
0.0,0.229,30.5
0.0,0.196,30.5
0.0,0.192,30.5
0.0,0.181,30.5
0.0,0.176,30.5
0.0,0.158,30.5
0.0,0.153,30.5
0.0,0.151,30.5
0.0,0.167,30.5
0.0,0.173,30.5
0.006,0.135,30.5
0.027,0.1,30.5
0.052,0.105,30.5
0.068,0.135,30.5
0.08,0.17,30.5
0.084,0.186,30.5
0.043,0.155,30.5
0.0,0.16,30.5
0.0,0.209,30.5
0.0,0.247,30.5
0.0,0.278,30.5
0.0,0.272,30.5
0.0,0.193,30.5
0.0,0.133,30.5
0.0,0.094,30.5
0.0,0.079,30.5
0.0,0.061,30.5
0.0,0.047,30.5
0.0,0.046,30.5
0.0,0.051,30.5
0.0,0.043,30.5
0.0,0.025,30.5
0.0,0.013,30.5
0.0,0.006,30.5
0.022,0.003,30.5
0.064,0.002,30.5
0.136,0.005,30.5
0.156,0.007,30.5
0.195,0.007,30.5
0.236,0.006,30.5
0.116,0.005,30.5
0.008,0.008,30.5
0.0,0.011,30.5
0.0,0.014,30.5
0.0,0.018,30.5
0.0,0.025,30.5
0.0,0.038,30.5
0.0,0.055,30.5
0.0,0.07,30.5
0.0,0.084,30.5
0.0,0.095,30.5
0.0,0.102,30.5
0.0,0.106,30.5
0.0,0.106,30.5
0.0,0.099,30.5
0.0,0.099,30.5
0.0,0.118,30.5
0.037,0.142,30.5
0.31,0.121,30.5
0.485,0.06,30.5
0.578,0.043,30.5
0.605,0.029,30.5
0.567,0.015,30.5
0.462,0.008,30.5
0.278,0.011,30.5
0.051,0.017,30.5
0.0,0.016,30.5
0.0,0.008,30.5
0.0,0.003,30.5
0.0,0.006,30.5
0.0,0.013,30.5
0.0,0.017,30.5
0.0,0.02,30.5
0.0,0.027,30.5
0.0,0.036,30.5
0.0,0.036,30.5
0.0,0.025,30.5
0.0,0.016,30.5
0.0,0.017,30.5
0.0,0.021,30.5
0.0,0.026,30.5
0.001,0.026,30.5
0.087,0.021,30.5
0.183,0.015,30.5
0.231,0.011,30.5
0.244,0.01,30.5
0.139,0.01,30.5
0.061,0.01,30.5
0.008,0.011,30.5
0.0,0.013,30.5
0.0,0.017,30.5
0.0,0.019,30.5
0.0,0.015,30.5
0.0,0.01,30.5
0.0,0.009,30.5
0.0,0.015,30.5
0.0,0.031,30.5
0.0,0.052,30.5
0.0,0.07,30.5
0.0,0.083,30.5
0.0,0.086,30.5
0.0,0.087,30.5
0.0,0.093,30.5
0.0,0.106,30.5
0.0,0.124,30.5
0.006,0.14,30.5
0.093,0.118,30.5
0.195,0.093,30.5
0.291,0.085,30.5
0.352,0.072,30.5
0.338,0.061,30.5
0.281,0.054,30.5
0.173,0.049,30.5
0.027,0.05,30.5
0.0,0.056,30.5
0.0,0.067,30.5
0.0,0.084,30.5
0.0,0.112,30.5
0.0,0.142,30.5
0.0,0.171,30.5
0.0,0.198,30.5
0.0,0.201,30.5
0.0,0.18,30.5
0.0,0.154,30.5
0.0,0.132,30.5
0.0,0.121,30.5
0.0,0.118,30.5
0.0,0.12,30.5
0.0,0.119,30.5
0.032,0.106,30.5
0.247,0.072,30.5
0.434,0.045,30.5
0.516,0.04,30.5
0.555,0.041,30.5
0.507,0.034,30.5
0.379,0.022,30.5
0.182,0.014,30.5
0.019,0.012,30.5
0.0,0.024,30.5
0.0,0.038,30.5
0.0,0.041,30.5
0.0,0.039,30.5
0.0,0.046,30.5
0.0,0.05,30.5
0.0,0.049,30.5
0.0,0.052,30.5
0.0,0.053,30.5
0.0,0.045,30.5
0.0,0.031,30.5
0.0,0.024,30.5
0.0,0.025,30.5
0.0,0.034,30.5
0.0,0.051,30.5
0.0,0.074,30.5
0.042,0.079,30.5
0.09,0.068,30.5
0.123,0.06,30.5
0.13,0.057,30.5
0.118,0.05,30.5
0.083,0.044,30.5
0.034,0.042,30.5
0.0,0.054,30.5
0.0,0.076,30.5
0.0,0.102,30.5
0.0,0.13,30.5
0.0,0.15,30.5
0.0,0.163,30.5
0.0,0.178,30.5
0.0,0.203,30.5
0.0,0.231,30.5
0.0,0.221,30.5
0.0,0.209,30.5
0.0,0.22,30.5
0.0,0.243,30.5
0.0,0.272,30.5
0.0,0.291,30.5
0.0,0.311,30.5
0.0,0.318,30.5
0.024,0.303,30.5
0.064,0.295,30.5
0.111,0.273,30.5
0.145,0.291,30.5
0.162,0.291,30.5
0.132,0.273,30.5
0.064,0.294,30.5
0.005,0.362,30.5
0.0,0.432,30.5
0.0,0.46,30.5
0.0,0.466,30.5
0.0,0.484,30.5
0.0,0.51,30.5
0.0,0.516,30.5
0.0,0.508,30.5
0.0,0.501,30.5
0.0,0.494,30.5
0.0,0.468,30.5
0.0,0.454,30.5
0.0,0.469,30.5
0.0,0.484,30.5
0.0,0.505,30.5
0.0,0.559,30.5
0.0,0.55,30.5
0.02,0.624,30.5
0.047,0.559,30.5
0.043,0.51,30.5
0.027,0.479,30.5
0.021,0.481,30.5
0.015,0.504,30.5
0.005,0.476,30.5
0.0,0.459,30.5
0.0,0.449,30.5
0.0,0.449,30.5
0.0,0.478,30.5
0.0,0.493,30.5
0.0,0.557,30.5
0.0,0.638,30.5
0.0,0.751,30.5
0.0,0.842,30.5
0.0,0.832,30.5
0.0,0.806,30.5
0.0,0.748,30.5
0.0,0.673,30.5
0.0,0.635,30.5
0.0,0.601,30.5
0.0,0.539,30.5
0.0,0.468,30.5
0.001,0.599,30.5
0.031,0.794,30.5
0.09,0.872,30.5
0.157,0.897,30.5
0.176,0.89,30.5
0.154,0.866,30.5
0.11,0.841,30.5
0.023,0.799,30.5
0.0,0.756,30.5
0.0,0.721,30.5
0.0,0.678,30.5
0.0,0.641,30.5
0.0,0.618,30.5
0.0,0.544,30.5
0.0,0.494,30.5
0.0,0.511,30.5
0.0,0.51,30.5
0.0,0.537,30.5
0.0,0.54,30.5
0.0,0.578,30.5
0.0,0.619,30.5
0.0,0.643,30.5
0.0,0.611,30.5
0.01,0.549,30.5
0.121,0.535,30.5
0.179,0.571,30.5
0.184,0.657,30.5
0.199,0.715,30.5
0.26,0.741,30.5
0.178,0.718,30.5
0.09,0.66,30.5
0.018,0.642,30.5
0.0,0.604,30.5
0.0,0.521,30.5
0.0,0.448,30.5
0.0,0.459,30.5
0.0,0.494,30.5
0.0,0.513,30.5
0.0,0.494,30.5
0.0,0.53,30.5
0.0,0.566,30.5
0.0,0.602,30.5
0.0,0.571,30.5
0.0,0.568,30.5
0.0,0.523,30.5
0.0,0.51,30.5
0.0,0.485,30.5
0.013,0.474,30.5
0.093,0.442,30.5
0.25,0.401,30.5
0.237,0.468,30.5
0.183,0.472,30.5
0.158,0.474,30.5
0.11,0.502,30.5
0.044,0.594,30.5
0.001,0.681,30.5
0.0,0.703,30.5
0.0,0.695,30.5
0.0,0.711,30.5
0.0,0.741,30.5
0.0,0.786,30.5
0.0,0.835,30.5
0.0,0.871,30.5
0.0,0.87,30.5
0.0,0.852,30.5
0.0,0.815,30.5
0.0,0.765,30.5
0.0,0.704,30.5
0.0,0.679,30.5
0.0,0.66,30.5
0.0,0.603,30.5
0.0,0.549,30.5
0.034,0.469,30.5
0.081,0.554,30.5
0.113,0.618,30.5
0.169,0.618,30.5
0.164,0.596,30.5
0.111,0.556,30.5
0.079,0.526,30.5
0.018,0.562,30.5
0.0,0.586,30.5
0.0,0.606,30.5
0.0,0.63,30.5
0.0,0.654,30.5
0.0,0.666,30.5
0.0,0.668,30.5
0.0,0.659,30.5
0.0,0.647,30.5
0.0,0.656,30.5
0.0,0.666,30.5
0.0,0.661,30.5
0.0,0.661,30.5
0.0,0.677,30.5
0.0,0.7,30.5
0.0,0.733,30.5
0.0,0.78,30.5
0.006,0.77,30.5
0.021,0.7,30.5
0.036,0.633,30.5
0.048,0.615,30.5
0.063,0.619,30.5
0.09,0.657,30.5
0.042,0.703,30.5
0.006,0.729,30.5
0.0,0.74,30.5
0.0,0.778,30.5
0.0,0.795,30.5
0.0,0.806,30.5
0.0,0.791,30.5
0.0,0.788,30.5
0.0,0.759,30.5
0.0,0.718,30.5
0.0,0.644,30.5
0.0,0.538,30.5
0.0,0.468,30.5
0.0,0.451,30.5
0.0,0.377,30.5
0.0,0.298,30.5
0.0,0.233,30.5
0.0,0.186,30.5
0.005,0.179,30.5
0.019,0.325,30.5
0.066,0.527,30.5
0.071,0.675,30.5
0.037,0.849,30.5
0.021,0.917,30.5
0.016,0.928,30.5
0.001,0.889,30.5
0.0,0.857,30.5
0.0,0.816,30.5
0.0,0.759,30.5
0.0,0.722,30.5
0.0,0.718,30.5
0.0,0.693,30.5
0.0,0.685,30.5
0.0,0.69,30.5
0.0,0.697,30.5
0.0,0.702,30.5
0.0,0.704,30.5
0.0,0.714,30.5
0.0,0.732,30.5
0.0,0.743,30.5
0.0,0.758,30.5
0.017,0.726,30.5
0.125,0.724,30.5
0.261,0.751,30.5
0.293,0.773,30.5
0.362,0.774,30.5
0.287,0.727,30.5
0.186,0.646,30.5
0.054,0.525,30.5
0.006,0.471,30.5
0.0,0.43,30.5
0.0,0.434,30.5
0.0,0.4,30.5
0.0,0.367,30.5
0.0,0.254,30.5
0.0,0.184,30.5
0.0,0.187,30.5
0.0,0.295,30.5
0.0,0.433,30.5
0.0,0.519,30.5
0.0,0.593,30.5
0.0,0.658,30.5
0.0,0.629,30.5
0.0,0.652,30.5
0.0,0.689,30.5
0.018,0.7,30.5
0.085,0.615,30.5
0.112,0.62,30.5
0.123,0.657,30.5
0.121,0.633,30.5
0.141,0.602,30.5
0.129,0.547,30.5
0.032,0.404,30.5
0.001,0.342,30.5
0.0,0.325,30.5
0.0,0.32,30.5
0.0,0.346,30.5
0.0,0.305,30.5
0.0,0.266,30.5
0.0,0.256,30.5
0.0,0.24,30.5
0.0,0.235,30.5
0.0,0.224,30.5
0.0,0.209,30.5
0.0,0.218,30.5
0.0,0.225,30.5
0.0,0.233,30.5
0.0,0.218,30.5
0.0,0.182,30.5
0.013,0.115,30.5
0.099,0.066,30.5
0.28,0.065,30.5
0.587,0.066,30.5
0.639,0.062,30.5
0.605,0.052,30.5
0.509,0.04,30.5
0.341,0.035,30.5
0.104,0.042,30.5
0.0,0.047,30.5
0.0,0.058,30.5
0.0,0.083,30.5
0.0,0.114,30.5
0.0,0.14,30.5
0.0,0.153,30.5
0.0,0.145,30.5
0.0,0.132,30.5
0.0,0.123,30.5
0.0,0.126,30.5
0.0,0.136,30.5
0.0,0.146,30.5
0.0,0.155,30.5
0.0,0.153,30.5
0.0,0.144,30.5
0.12,0.121,30.5
0.29,0.062,30.5
0.444,0.032,30.5
0.592,0.027,30.5
0.619,0.018,30.5
0.577,0.015,30.5
0.486,0.015,30.5
0.321,0.014,30.5
0.093,0.01,30.5
0.0,0.005,30.5
0.0,0.006,30.5
0.0,0.011,30.5
0.0,0.018,30.5
0.0,0.024,30.5
0.0,0.031,30.5
0.0,0.046,30.5
0.0,0.079,30.5
0.0,0.133,30.5
0.0,0.2,30.5
0.0,0.256,30.5
0.0,0.289,30.5
0.0,0.311,30.5
0.0,0.325,30.5
0.0,0.317,30.5
0.093,0.282,30.5
0.294,0.248,30.5
0.508,0.314,30.5
0.602,0.323,30.5
0.63,0.313,30.5
0.599,0.312,30.5
0.507,0.321,30.5
0.346,0.302,30.5
0.12,0.372,30.5
0.0,0.512,30.5
0.0,0.556,30.5
0.0,0.56,30.5
0.0,0.558,30.5
0.0,0.545,30.5
0.0,0.535,30.5
0.0,0.522,30.5
0.0,0.508,30.5
0.0,0.494,30.5
0.0,0.484,30.5
0.0,0.476,30.5
0.0,0.467,30.5
0.0,0.447,30.5
0.0,0.425,30.5
0.0,0.436,30.5
0.032,0.414,30.5
0.146,0.363,30.5
0.325,0.331,30.5
0.432,0.334,30.5
0.453,0.356,30.5
0.397,0.368,30.5
0.307,0.355,30.5
0.193,0.34,30.5
0.047,0.37,30.5
0.0,0.451,30.5
0.0,0.448,30.5
0.0,0.401,30.5
0.0,0.351,30.5
0.0,0.313,30.5
0.0,0.319,30.5
0.0,0.334,30.5
0.0,0.342,30.5
0.0,0.364,30.5
0.0,0.406,30.5
0.0,0.468,30.5
0.0,0.503,30.5
0.0,0.573,30.5
0.0,0.654,30.5
0.0,0.713,30.5
0.01,0.773,30.5
0.054,0.846,30.5
0.09,0.885,30.5
0.108,0.913,30.5
0.195,0.954,30.5
0.303,0.976,30.5
0.228,0.985,30.5
0.078,0.989,30.5
0.015,0.991,30.5
0.0,0.99,30.5
0.0,0.987,30.5
0.0,0.989,30.5
0.0,0.991,30.5
0.0,0.991,30.5
0.0,0.99,30.5
0.0,0.989,30.5
0.0,0.978,30.5
0.0,0.957,30.5
0.0,0.956,30.5
0.0,0.97,30.5
0.0,0.971,30.5
0.0,0.969,30.5
0.0,0.972,30.5
0.0,0.97,30.5
0.005,0.969,30.5
0.123,0.969,30.5
0.29,0.973,30.5
0.37,0.976,30.5
0.399,0.977,30.5
0.378,0.972,30.5
0.285,0.958,30.5
0.152,0.932,30.5
0.016,0.905,30.5
0.0,0.841,30.5
0.0,0.839,30.5
0.0,0.936,30.5
0.0,0.964,30.5
0.0,0.961,30.5
0.0,0.962,30.5
0.0,0.97,30.5
0.0,0.943,30.5
0.0,0.903,30.5
0.0,0.922,30.5
0.0,0.938,30.5
0.0,0.934,30.5
0.0,0.929,30.5
0.0,0.928,30.5
0.0,0.917,30.5
0.091,0.907,30.5
0.275,0.908,30.5
0.416,0.926,30.5
0.475,0.94,30.5
0.454,0.949,30.5
0.293,0.945,30.5
0.213,0.923,30.5
0.103,0.899,30.5
0.009,0.882,30.5
0.0,0.876,30.5
0.0,0.871,30.5
0.0,0.861,30.5
0.0,0.851,30.5
0.0,0.846,30.5
0.0,0.819,30.5
0.0,0.811,30.5
0.0,0.796,30.5
0.0,0.778,30.5
0.0,0.757,30.5
0.0,0.746,30.5
0.0,0.768,30.5
0.0,0.765,30.5
0.0,0.75,30.5
0.0,0.755,30.5
0.05,0.744,30.5
0.164,0.727,30.5
0.355,0.777,30.5
0.318,0.793,30.5
0.232,0.777,30.5
0.208,0.751,30.5
0.194,0.717,30.5
0.131,0.625,30.5
0.04,0.565,30.5
0.0,0.578,30.5
0.0,0.552,30.5
0.0,0.51,30.5
0.0,0.491,30.5
0.0,0.464,30.5
0.0,0.477,30.5
0.0,0.456,30.5
0.0,0.407,30.5
0.0,0.38,30.5
0.0,0.387,30.5
0.0,0.391,30.5
0.0,0.425,30.5
0.0,0.473,30.5
0.0,0.501,30.5
0.0,0.552,30.5
0.013,0.62,30.5
0.043,0.688,30.5
0.044,0.831,30.5
0.046,0.889,30.5
0.056,0.866,30.5
0.091,0.812,30.5
0.246,0.692,30.5
0.163,0.615,30.5
0.033,0.626,30.5
0.0,0.657,30.5
0.0,0.678,30.5
0.0,0.656,30.5
0.0,0.526,30.5
0.0,0.44,30.5
0.0,0.407,30.5
0.0,0.504,30.5
0.0,0.543,30.5
0.0,0.555,30.5
0.0,0.573,30.5
0.0,0.57,30.5
0.0,0.524,30.5
0.0,0.471,30.5
0.0,0.453,30.5
0.0,0.407,30.5
0.019,0.363,30.5
0.092,0.346,30.5
0.211,0.425,30.5
0.395,0.398,30.5
0.547,0.339,30.5
0.455,0.3,30.5
0.355,0.261,30.5
0.208,0.201,30.5
0.084,0.153,30.5
0.0,0.157,30.5
0.0,0.219,30.5
0.0,0.312,30.5
0.0,0.395,30.5
0.0,0.438,30.5
0.0,0.432,30.5
0.0,0.427,30.5
0.0,0.428,30.5
0.0,0.426,30.5
0.0,0.426,30.5
0.0,0.435,30.5
0.0,0.444,30.5
0.0,0.445,30.5
0.0,0.442,30.5
0.0,0.438,30.5
0.011,0.441,30.5
0.059,0.43,30.5
0.131,0.413,30.5
0.21,0.528,30.5
0.338,0.612,30.5
0.548,0.63,30.5
0.481,0.627,30.5
0.345,0.61,30.5
0.142,0.623,30.5
0.0,0.697,30.5
0.0,0.717,30.5
0.0,0.741,30.5
0.0,0.752,30.5
0.0,0.788,30.5
0.0,0.82,30.5
0.0,0.839,30.5
0.0,0.87,30.5
0.0,0.888,30.5
0.0,0.896,30.5
0.0,0.895,30.5
0.0,0.896,30.5
0.0,0.906,30.5
0.0,0.929,30.5
0.0,0.948,30.5
0.014,0.959,30.5
0.077,0.967,30.5
0.18,0.974,30.5
0.208,0.975,30.5
0.174,0.975,30.5
0.175,0.974,30.5
0.186,0.978,30.5
0.2,0.982,30.5
0.057,0.983,30.5
0.0,0.983,30.5
0.0,0.984,30.5
0.0,0.985,30.5
0.0,0.971,30.5
0.0,0.92,30.5
0.0,0.846,30.5
0.0,0.802,30.5
0.0,0.772,30.5
0.0,0.764,30.5
0.0,0.758,30.5
0.0,0.75,30.5
0.0,0.728,30.5
0.0,0.694,30.5
0.0,0.652,30.5
0.0,0.627,30.5
0.02,0.558,30.5
0.089,0.532,30.5
0.221,0.618,30.5
0.39,0.687,30.5
0.499,0.724,30.5
0.576,0.756,30.5
0.512,0.763,30.5
0.311,0.732,30.5
0.092,0.682,30.5
0.0,0.672,30.5
0.0,0.682,30.5
0.0,0.697,30.5
0.0,0.713,30.5
0.0,0.757,30.5
0.0,0.829,30.5
0.0,0.82,30.5
0.0,0.753,30.5
0.0,0.731,30.5
0.0,0.746,30.5
0.0,0.754,30.5
0.0,0.72,30.5
0.0,0.659,30.5
0.0,0.631,30.5
0.0,0.62,30.5
0.14,0.586,30.5
0.316,0.635,30.5
0.451,0.755,30.5
0.536,0.778,30.5
0.513,0.791,30.5
0.441,0.798,30.5
0.344,0.792,30.5
0.196,0.738,30.5
0.049,0.65,30.5
0.0,0.636,30.5
0.0,0.646,30.5
0.0,0.663,30.5
0.0,0.661,30.5
0.0,0.68,30.5
0.0,0.725,30.5
0.0,0.791,30.5
0.0,0.828,30.5
0.0,0.831,30.5
0.0,0.82,30.5
0.0,0.759,30.5
0.0,0.701,30.5
0.0,0.635,30.5
0.0,0.574,30.5
0.0,0.555,30.5
0.076,0.516,30.5
0.245,0.607,30.5
0.445,0.675,30.5
0.521,0.67,30.5
0.543,0.69,30.5
0.543,0.697,30.5
0.464,0.683,30.5
0.34,0.628,30.5
0.107,0.535,30.5
0.0,0.462,30.5
0.0,0.432,30.5
0.0,0.42,30.5
0.0,0.433,30.5
0.0,0.432,30.5
0.0,0.413,30.5
0.0,0.395,30.5
0.0,0.393,30.5
0.0,0.391,30.5
0.0,0.391,30.5
0.0,0.411,30.5
0.0,0.42,30.5
0.0,0.434,30.5
0.0,0.449,30.5
0.0,0.466,30.5
0.021,0.471,30.5
0.083,0.444,30.5
0.194,0.564,30.5
0.367,0.687,30.5
0.483,0.78,30.5
0.379,0.795,30.5
0.304,0.789,30.5
0.156,0.765,30.5
0.069,0.785,30.5
0.0,0.844,30.5
0.0,0.883,30.5
0.0,0.912,30.5
0.0,0.921,30.5
0.0,0.917,30.5
0.0,0.868,30.5
0.0,0.813,30.5
0.0,0.781,30.5
0.0,0.723,30.5
0.0,0.63,30.5
0.0,0.513,30.5
0.0,0.494,30.5
0.0,0.494,30.5
0.0,0.52,30.5
0.0,0.48,30.5
0.085,0.41,30.5
0.211,0.402,30.5
0.291,0.476,30.5
0.421,0.54,30.5
0.642,0.578,30.5
0.572,0.59,30.5
0.368,0.604,30.5
0.152,0.586,30.5
0.04,0.544,30.5
0.0,0.555,30.5
0.0,0.559,30.5
0.0,0.558,30.5
0.0,0.568,30.5
0.0,0.538,30.5
0.0,0.512,30.5
0.0,0.515,30.5
0.0,0.552,30.5
0.0,0.566,30.5
0.0,0.56,30.5
0.0,0.564,30.5
0.0,0.586,30.5
0.0,0.644,30.5
0.0,0.729,30.5
0.001,0.724,30.5
0.145,0.728,30.5
0.363,0.819,30.5
0.216,0.874,30.5
0.147,0.86,30.5
0.147,0.845,30.5
0.122,0.86,30.5
0.065,0.858,30.5
0.015,0.841,30.5
0.0,0.821,30.5
0.0,0.812,30.5
0.0,0.816,30.5
0.0,0.829,30.5
0.0,0.831,30.5
0.0,0.827,30.5
0.0,0.814,30.5
0.0,0.801,30.5
0.0,0.739,30.5
0.0,0.674,30.5
0.0,0.616,30.5
0.0,0.578,30.5
0.0,0.523,30.5
0.0,0.519,30.5
0.0,0.58,30.5
0.0,0.768,30.5
0.004,0.939,30.5
0.024,0.986,30.5
0.046,0.991,30.5
0.044,0.991,30.5
0.062,0.99,30.5
0.075,0.988,30.5
0.051,0.984,30.5
0.032,0.982,30.5
0.011,0.975,30.5
0.0,0.962,30.5
0.0,0.921,30.5
0.0,0.827,30.5
0.0,0.711,30.5
0.0,0.556,30.5
0.0,0.426,30.5
0.0,0.364,30.5
0.0,0.317,30.5
0.0,0.24,30.5
0.0,0.168,30.5
0.0,0.126,30.5
0.0,0.114,30.5
0.0,0.138,30.5
0.0,0.171,30.5
0.0,0.17,30.5
0.012,0.169,30.5
0.038,0.258,30.5
0.026,0.432,30.5
0.012,0.573,30.5
0.017,0.646,30.5
0.042,0.692,30.5
0.11,0.758,30.5
0.08,0.831,30.5
0.015,0.88,30.5
0.0,0.893,30.5
0.0,0.892,30.5
0.0,0.883,30.5
0.0,0.877,30.5
0.0,0.871,30.5
0.0,0.857,30.5
0.0,0.834,30.5
0.0,0.802,30.5
0.0,0.756,30.5
0.0,0.697,30.5
0.0,0.625,30.5
0.0,0.563,30.5
0.0,0.542,30.5
0.0,0.501,30.5
0.0,0.468,30.5
0.123,0.435,30.5
0.339,0.523,30.5
0.469,0.674,30.5
0.539,0.725,30.5
0.528,0.725,30.5
0.471,0.696,30.5
0.401,0.652,30.5
0.209,0.556,30.5
0.069,0.413,30.5
0.0,0.41,30.5
0.0,0.459,30.5
0.0,0.472,30.5
0.0,0.444,30.5
0.0,0.403,30.5
0.0,0.379,30.5
0.0,0.358,30.5
0.0,0.481,30.5
0.0,0.724,30.5
0.0,0.786,30.5
0.0,0.806,30.5
0.0,0.831,30.5
0.0,0.852,30.5
0.0,0.827,30.5
0.0,0.756,30.5
0.014,0.672,30.5
0.056,0.599,30.5
0.099,0.574,30.5
0.111,0.537,30.5
0.125,0.566,30.5
0.158,0.638,30.5
0.167,0.672,30.5
0.144,0.626,30.5
0.079,0.533,30.5
0.005,0.502,30.5
0.0,0.457,30.5
0.0,0.441,30.5
0.0,0.432,30.5
0.0,0.379,30.5
0.0,0.358,30.5
0.0,0.343,30.5
0.0,0.342,30.5
0.0,0.334,30.5
0.0,0.352,30.5
0.0,0.297,30.5
0.0,0.259,30.5
0.0,0.238,30.5
0.0,0.249,30.5
0.0,0.274,30.5
0.021,0.278,30.5
0.048,0.28,30.5
0.071,0.294,30.5
0.086,0.346,30.5
0.089,0.367,30.5
0.094,0.413,30.5
0.1,0.425,30.5
0.061,0.363,30.5
0.019,0.21,30.5
0.0,0.166,30.5
0.0,0.206,30.5
0.0,0.224,30.5
0.0,0.27,30.5
0.0,0.374,30.5
0.0,0.526,30.5
0.0,0.544,30.5
0.0,0.555,30.5
0.0,0.535,30.5
0.0,0.476,30.5
0.0,0.395,30.5
0.0,0.368,30.5
0.0,0.312,30.5
0.0,0.305,30.5
0.005,0.289,30.5
0.098,0.253,30.5
0.178,0.251,30.5
0.262,0.267,30.5
0.343,0.297,30.5
0.353,0.335,30.5
0.292,0.366,30.5
0.228,0.382,30.5
0.195,0.422,30.5
0.054,0.493,30.5
0.0,0.586,30.5
0.0,0.694,30.5
0.0,0.791,30.5
0.0,0.846,30.5
0.0,0.877,30.5
0.0,0.846,30.5
0.0,0.774,30.5
0.0,0.711,30.5
0.0,0.754,30.5
0.0,0.772,30.5
0.0,0.766,30.5
0.0,0.756,30.5
0.0,0.738,30.5
0.0,0.709,30.5
0.0,0.667,30.5
0.039,0.664,30.5
0.092,0.718,30.5
0.14,0.783,30.5
0.256,0.827,30.5
0.325,0.907,30.5
0.124,0.924,30.5
0.094,0.929,30.5
0.092,0.923,30.5
0.024,0.89,30.5
0.004,0.718,30.5
0.0,0.638,30.5
0.0,0.631,30.5
0.0,0.571,30.5
0.0,0.598,30.5
0.0,0.637,30.5
0.0,0.631,30.5
0.0,0.623,30.5
0.0,0.599,30.5
0.0,0.586,30.5
0.0,0.586,30.5
0.0,0.684,30.5
0.0,0.737,30.5
0.0,0.75,30.5
0.006,0.731,30.5
0.118,0.695,30.5
0.253,0.712,30.5
0.39,0.772,30.5
0.525,0.768,30.5
0.447,0.737,30.5
0.322,0.682,30.5
0.204,0.55,30.5
0.143,0.413,30.5
0.056,0.249,30.5
0.002,0.179,30.5
0.0,0.188,30.5
0.0,0.201,30.5
0.0,0.135,30.5
0.0,0.048,30.5
0.0,0.236,30.5
0.0,0.442,30.5
0.0,0.5,30.5
0.0,0.497,30.5
0.0,0.441,30.5
0.0,0.395,30.5
0.0,0.395,30.5
0.0,0.396,30.5
0.0,0.413,30.5
0.004,0.419,30.5
0.058,0.422,30.5
0.14,0.46,30.5
0.184,0.484,30.5
0.165,0.447,30.5
0.135,0.422,30.5
0.143,0.425,30.5
0.077,0.358,30.5
0.033,0.223,30.5
0.009,0.139,30.5
0.0,0.1,30.5
0.0,0.078,30.5
0.0,0.074,30.5
0.0,0.093,30.5
0.0,0.151,30.5
0.0,0.225,30.5
0.0,0.295,30.5
0.0,0.395,30.5
0.0,0.436,30.5
0.0,0.407,30.5
0.0,0.309,30.5
0.0,0.207,30.5
0.0,0.179,30.5
0.0,0.203,30.5
0.0,0.251,30.5
0.068,0.307,30.5
0.373,0.334,30.5
0.575,0.362,30.5
0.658,0.337,30.5
0.615,0.291,30.5
0.562,0.257,30.5
0.438,0.239,30.5
0.289,0.219,30.5
0.123,0.167,30.5
0.013,0.136,30.5
0.0,0.156,30.5
0.0,0.201,30.5
0.0,0.247,30.5
0.0,0.275,30.5
0.0,0.294,30.5
0.0,0.311,30.5
0.0,0.314,30.5
0.0,0.295,30.5
0.0,0.287,30.5
0.0,0.311,30.5
0.0,0.31,30.5
0.0,0.305,30.5
0.0,0.283,30.5
0.007,0.269,30.5
0.071,0.264,30.5
0.233,0.292,30.5
0.39,0.291,30.5
0.569,0.296,30.5
0.551,0.314,30.5
0.434,0.319,30.5
0.307,0.289,30.5
0.254,0.236,30.5
0.134,0.167,30.5
0.02,0.133,30.5
0.0,0.155,30.5
0.0,0.208,30.5
0.0,0.272,30.5
0.0,0.305,30.5
0.0,0.292,30.5
0.0,0.278,30.5
0.0,0.28,30.5
0.0,0.32,30.5
0.0,0.394,30.5
0.0,0.403,30.5
0.0,0.395,30.5
0.0,0.369,30.5
0.0,0.371,30.5
0.002,0.329,30.5
0.017,0.297,30.5
0.041,0.341,30.5
0.079,0.323,30.5
0.075,0.305,30.5
0.088,0.328,30.5
0.083,0.386,30.5
0.06,0.436,30.5
0.034,0.46,30.5
0.01,0.491,30.5
0.0,0.497,30.5
0.0,0.46,30.5
0.0,0.394,30.5
0.0,0.323,30.5
0.0,0.288,30.5
0.0,0.296,30.5
0.0,0.297,30.5
0.0,0.279,30.5
0.0,0.219,30.5
0.0,0.134,30.5
0.0,0.084,30.5
0.0,0.103,30.5
0.0,0.219,30.5
0.0,0.365,30.5
0.0,0.423,30.5
0.006,0.459,30.5
0.018,0.479,30.5
0.038,0.499,30.5
0.055,0.51,30.5
0.08,0.539,30.5
0.101,0.558,30.5
0.192,0.615,30.5
0.168,0.624,30.5
0.079,0.527,30.5
0.014,0.484,30.5
0.0,0.485,30.5
0.0,0.477,30.5
0.0,0.43,30.5
0.0,0.387,30.5
0.0,0.359,30.5
0.0,0.328,30.5
0.0,0.305,30.5
0.0,0.303,30.5
0.0,0.302,30.5
0.0,0.281,30.5
0.0,0.25,30.5
0.0,0.224,30.5
0.0,0.201,30.5
0.001,0.17,30.5
0.041,0.136,30.5
0.115,0.161,30.5
0.249,0.194,30.5
0.584,0.227,30.5
0.627,0.22,30.5
0.584,0.199,30.5
0.514,0.196,30.5
0.402,0.202,30.5
0.203,0.177,30.5
0.047,0.175,30.5
0.0,0.235,30.5
0.0,0.332,30.5
0.0,0.428,30.5
0.0,0.471,30.5
0.0,0.484,30.5
0.0,0.481,30.5
0.0,0.482,30.5
0.0,0.481,30.5
0.0,0.439,30.5
0.0,0.444,30.5
0.0,0.476,30.5
0.0,0.52,30.5
0.0,0.532,30.5
0.029,0.527,30.5
0.107,0.481,30.5
0.169,0.512,30.5
0.293,0.654,30.5
0.406,0.732,30.5
0.422,0.749,30.5
0.327,0.728,30.5
0.22,0.683,30.5
0.1,0.62,30.5
0.046,0.568,30.5
0.002,0.559,30.5
0.0,0.573,30.5
0.0,0.556,30.5
0.0,0.523,30.5
0.0,0.468,30.5
0.0,0.41,30.5
0.0,0.361,30.5
0.0,0.352,30.5
0.0,0.343,30.5
0.0,0.341,30.5
0.0,0.329,30.5
0.0,0.314,30.5
0.0,0.3,30.5
0.0,0.318,30.5
0.0,0.328,30.5
0.028,0.308,30.5
0.076,0.329,30.5
0.234,0.312,30.5
0.49,0.291,30.5
0.609,0.306,30.5
0.574,0.349,30.5
0.498,0.362,30.5
0.383,0.342,30.5
0.201,0.295,30.5
0.033,0.25,30.5
0.0,0.316,30.5
0.0,0.386,30.5
0.0,0.379,30.5
0.0,0.394,30.5
0.0,0.407,30.5
0.0,0.43,30.5
0.0,0.413,30.5
0.0,0.446,30.5
0.0,0.549,30.5
0.0,0.675,30.5
0.0,0.824,30.5
0.0,0.869,30.5
0.0,0.845,30.5
0.0,0.788,30.5
0.006,0.728,30.5
0.023,0.678,30.5
0.049,0.638,30.5
0.059,0.674,30.5
0.06,0.683,30.5
0.059,0.712,30.5
0.055,0.765,30.5
0.043,0.819,30.5
0.03,0.865,30.5
0.004,0.866,30.5
0.0,0.875,30.5
0.0,0.884,30.5
0.0,0.882,30.5
0.0,0.875,30.5
0.0,0.856,30.5
0.0,0.841,30.5
0.0,0.831,30.5
0.0,0.802,30.5
0.0,0.756,30.5
0.0,0.705,30.5
0.0,0.652,30.5
0.0,0.59,30.5
0.0,0.537,30.5
0.0,0.481,30.5
0.02,0.409,30.5
0.04,0.459,30.5
0.061,0.512,30.5
0.103,0.504,30.5
0.221,0.584,30.5
0.283,0.644,30.5
0.2,0.619,30.5
0.186,0.561,30.5
0.114,0.475,30.5
0.046,0.503,30.5
0.0,0.571,30.5
0.0,0.624,30.5
0.0,0.666,30.5
0.0,0.672,30.5
0.0,0.744,30.5
0.0,0.788,30.5
0.0,0.822,30.5
0.0,0.849,30.5
0.0,0.866,30.5
0.0,0.871,30.5
0.0,0.862,30.5
0.0,0.849,30.5
0.0,0.849,30.5
0.015,0.852,30.5
0.115,0.844,30.5
0.385,0.837,30.5
0.562,0.821,30.5
0.654,0.777,30.5
0.666,0.715,30.5
0.608,0.685,30.5
0.493,0.686,30.5
0.337,0.676,30.5
0.179,0.648,30.5
0.048,0.618,30.5
0.0,0.615,30.5
0.0,0.603,30.5
0.0,0.62,30.5
0.0,0.615,30.5
0.0,0.621,30.5
0.0,0.679,30.5
0.0,0.687,30.5
0.0,0.711,30.5
0.0,0.73,30.5
0.0,0.751,30.5
0.0,0.75,30.5
0.0,0.74,30.5
0.0,0.737,30.5
0.034,0.735,30.5
0.249,0.737,30.5
0.454,0.814,30.5
0.546,0.843,30.5
0.597,0.829,30.5
0.565,0.791,30.5
0.521,0.737,30.5
0.427,0.668,30.5
0.304,0.583,30.5
0.185,0.456,30.5
0.048,0.323,30.5
0.0,0.3,30.5
0.0,0.269,30.5
0.0,0.209,30.5
0.0,0.146,30.5
0.0,0.093,30.5
0.0,0.05,30.5
0.0,0.019,30.5
0.0,0.005,30.5
0.0,0.007,30.5
0.0,0.02,30.5
0.0,0.045,30.5
0.0,0.078,30.5
0.0,0.116,30.5
0.024,0.136,30.5
0.064,0.118,30.5
0.106,0.103,30.5
0.175,0.117,30.5
0.277,0.145,30.5
0.515,0.146,30.5
0.503,0.147,30.5
0.386,0.162,30.5
0.295,0.192,30.5
0.186,0.233,30.5
0.06,0.302,30.5
0.0,0.409,30.5
0.0,0.463,30.5
0.0,0.469,30.5
0.0,0.532,30.5
0.0,0.538,30.5
0.0,0.521,30.5
0.0,0.534,30.5
0.0,0.523,30.5
0.0,0.52,30.5
0.0,0.514,30.5
0.0,0.496,30.5
0.0,0.477,30.5
0.0,0.477,30.5
0.059,0.466,30.5
0.239,0.355,30.5
0.383,0.413,30.5
0.53,0.565,30.5
0.645,0.584,30.5
0.683,0.581,30.5
0.661,0.562,30.5
0.584,0.522,30.5
0.45,0.478,30.5
0.247,0.43,30.5
0.063,0.404,30.5
0.0,0.416,30.5
0.0,0.393,30.5
0.0,0.369,30.5
0.0,0.353,30.5
0.0,0.343,30.5
0.0,0.334,30.5
0.0,0.324,30.5
0.0,0.286,30.5
0.0,0.229,30.5
0.0,0.225,30.5
0.0,0.233,30.5
0.0,0.181,30.5
0.0,0.134,30.5
0.057,0.1,30.5
0.17,0.042,30.5
0.404,0.021,30.5
0.597,0.016,30.5
0.66,0.017,30.5
0.656,0.021,30.5
0.588,0.024,30.5
0.502,0.026,30.5
0.39,0.027,30.5
0.177,0.034,30.5
0.047,0.06,30.5
0.0,0.089,30.5
0.0,0.101,30.5
0.0,0.118,30.5
0.0,0.141,30.5
0.0,0.15,30.5
0.0,0.137,30.5
0.0,0.124,30.5
0.0,0.12,30.5
0.0,0.119,30.5
0.0,0.102,30.5
0.0,0.077,30.5
0.0,0.073,30.5
0.0,0.097,30.5
0.083,0.101,30.5
0.279,0.063,30.5
0.493,0.077,30.5
0.63,0.095,30.5
0.704,0.111,30.5
0.73,0.128,30.5
0.706,0.141,30.5
0.633,0.146,30.5
0.506,0.144,30.5
0.324,0.133,30.5
0.111,0.117,30.5
0.0,0.098,30.5
0.0,0.091,30.5
0.0,0.118,30.5
0.0,0.165,30.5
0.0,0.196,30.5
0.0,0.212,30.5
0.0,0.251,30.5
0.0,0.3,30.5
0.0,0.329,30.5
0.0,0.34,30.5
0.0,0.355,30.5
0.0,0.355,30.5
0.0,0.323,30.5
0.046,0.245,30.5
0.155,0.181,30.5
0.403,0.213,30.5
0.521,0.281,30.5
0.642,0.302,30.5
0.681,0.279,30.5
0.674,0.252,30.5
0.597,0.229,30.5
0.467,0.211,30.5
0.289,0.189,30.5
0.093,0.178,30.5
0.0,0.192,30.5
0.0,0.199,30.5
0.0,0.197,30.5
0.0,0.186,30.5
0.0,0.17,30.5
0.0,0.158,30.5
0.0,0.142,30.5
0.0,0.115,30.5
0.0,0.085,30.5
0.0,0.061,30.5
0.0,0.043,30.5
0.0,0.034,30.5
0.0,0.031,30.5
0.089,0.035,30.5
0.247,0.025,30.5
0.376,0.009,30.5
0.462,0.008,30.5
0.51,0.008,30.5
0.529,0.007,30.5
0.506,0.008,30.5
0.392,0.01,30.5
0.314,0.019,30.5
0.161,0.054,30.5
0.047,0.14,30.5
0.0,0.259,30.5
0.0,0.311,30.5
0.0,0.294,30.5
0.0,0.256,30.5
0.0,0.213,30.5
0.0,0.178,30.5
0.0,0.151,30.5
0.0,0.133,30.5
0.0,0.125,30.5
0.0,0.128,30.5
0.0,0.137,30.5
0.0,0.144,30.5
0.0,0.165,30.5
0.033,0.15,30.5
0.125,0.139,30.5
0.233,0.156,30.5
0.307,0.162,30.5
0.323,0.161,30.5
0.296,0.18,30.5
0.237,0.223,30.5
0.13,0.28,30.5
0.066,0.335,30.5
0.028,0.39,30.5
0.006,0.425,30.5
0.0,0.429,30.5
0.0,0.426,30.5
0.0,0.435,30.5
0.0,0.43,30.5
0.0,0.417,30.5
0.0,0.395,30.5
0.0,0.371,30.5
0.0,0.334,30.5
0.0,0.289,30.5
0.0,0.261,30.5
0.0,0.253,30.5
0.0,0.257,30.5
0.0,0.278,30.5
0.062,0.314,30.5
0.232,0.418,30.5
0.513,0.51,30.5
0.665,0.564,30.5
0.739,0.586,30.5
0.761,0.601,30.5
0.734,0.621,30.5
0.649,0.638,30.5
0.513,0.65,30.5
0.337,0.645,30.5
0.124,0.602,30.5
0.0,0.584,30.5
0.0,0.583,30.5
0.0,0.556,30.5
0.0,0.522,30.5
0.0,0.513,30.5
0.0,0.51,30.5
0.0,0.442,30.5
0.0,0.428,30.5
0.0,0.416,30.5
0.0,0.403,30.5
0.0,0.388,30.5
0.0,0.38,30.5
0.0,0.379,30.5
0.158,0.293,30.5
0.392,0.468,30.5
0.581,0.63,30.5
0.711,0.613,30.5
0.784,0.601,30.5
0.804,0.596,30.5
0.773,0.594,30.5
0.696,0.595,30.5
0.567,0.597,30.5
0.386,0.601,30.5
0.166,0.588,30.5
0.002,0.594,30.5
0.0,0.552,30.5
0.0,0.547,30.5
0.0,0.531,30.5
0.0,0.526,30.5
0.0,0.535,30.5
0.0,0.552,30.5
0.0,0.51,30.5
0.0,0.501,30.5
0.0,0.489,30.5
0.0,0.473,30.5
0.0,0.459,30.5
0.0,0.448,30.5
0.147,0.379,30.5
0.376,0.607,30.5
0.568,0.73,30.5
0.7,0.711,30.5
0.778,0.676,30.5
0.802,0.627,30.5
0.776,0.563,30.5
0.7,0.507,30.5
0.571,0.473,30.5
0.387,0.454,30.5
0.167,0.431,30.5
0.003,0.479,30.5
0.0,0.532,30.5
0.0,0.518,30.5
0.0,0.499,30.5
0.0,0.499,30.5
0.0,0.501,30.5
0.0,0.498,30.5
0.0,0.481,30.5
0.0,0.447,30.5
0.0,0.413,30.5
0.0,0.396,30.5
0.0,0.394,30.5
0.0,0.383,30.5
0.153,0.279,30.5
0.383,0.291,30.5
0.573,0.454,30.5
0.703,0.457,30.5
0.778,0.454,30.5
0.8,0.454,30.5
0.774,0.444,30.5
0.698,0.416,30.5
0.569,0.364,30.5
0.388,0.31,30.5
0.17,0.29,30.5
0.005,0.355,30.5
0.0,0.422,30.5
0.0,0.469,30.5
0.0,0.497,30.5
0.0,0.51,30.5
0.0,0.504,30.5
0.0,0.494,30.5
0.0,0.468,30.5
0.0,0.438,30.5
0.0,0.406,30.5
0.0,0.374,30.5
0.0,0.348,30.5
0.0,0.328,30.5
0.168,0.207,30.5
0.4,0.139,30.5
0.584,0.256,30.5
0.709,0.243,30.5
0.781,0.22,30.5
0.801,0.225,30.5
0.77,0.248,30.5
0.692,0.294,30.5
0.561,0.355,30.5
0.37,0.386,30.5
0.148,0.374,30.5
0.003,0.419,30.5
0.0,0.482,30.5
0.0,0.503,30.5
0.0,0.503,30.5
0.0,0.477,30.5
0.0,0.436,30.5
0.0,0.408,30.5
0.0,0.401,30.5
0.0,0.379,30.5
0.0,0.381,30.5
0.0,0.386,30.5
0.0,0.384,30.5
0.0,0.374,30.5
0.154,0.26,30.5
0.373,0.262,30.5
0.555,0.459,30.5
0.686,0.48,30.5
0.762,0.449,30.5
0.781,0.4,30.5
0.748,0.36,30.5
0.665,0.332,30.5
0.533,0.312,30.5
0.337,0.312,30.5
0.133,0.304,30.5
0.004,0.347,30.5
0.0,0.407,30.5
0.0,0.413,30.5
0.0,0.386,30.5
0.0,0.355,30.5
0.0,0.341,30.5
0.0,0.334,30.5
0.0,0.325,30.5
0.0,0.31,30.5
0.0,0.293,30.5
0.0,0.267,30.5
0.0,0.249,30.5
0.0,0.237,30.5
0.115,0.162,30.5
0.313,0.082,30.5
0.49,0.101,30.5
0.618,0.233,30.5
0.688,0.282,30.5
0.71,0.3,30.5
0.682,0.306,30.5
0.606,0.3,30.5
0.48,0.291,30.5
0.293,0.273,30.5
0.11,0.292,30.5
0.003,0.379,30.5
0.0,0.457,30.5
0.0,0.484,30.5
0.0,0.449,30.5
0.0,0.425,30.5
0.0,0.401,30.5
0.0,0.359,30.5
0.0,0.312,30.5
0.0,0.259,30.5
0.0,0.207,30.5
0.0,0.153,30.5
0.0,0.114,30.5
0.0,0.114,30.5
0.098,0.104,30.5
0.277,0.101,30.5
0.486,0.176,30.5
0.613,0.275,30.5
0.688,0.311,30.5
0.715,0.31,30.5
0.697,0.315,30.5
0.626,0.341,30.5
0.504,0.379,30.5
0.334,0.429,30.5
0.14,0.461,30.5
0.006,0.525,30.5
0.0,0.601,30.5
0.0,0.593,30.5
0.0,0.516,30.5
0.0,0.473,30.5
0.0,0.44,30.5
0.0,0.4,30.5
0.0,0.367,30.5
0.0,0.368,30.5
0.0,0.358,30.5
0.0,0.335,30.5
0.0,0.36,30.5
0.003,0.381,30.5
0.135,0.371,30.5
0.292,0.533,30.5
0.363,0.649,30.5
0.392,0.706,30.5
0.451,0.733,30.5
0.485,0.755,30.5
0.394,0.781,30.5
0.339,0.8,30.5
0.263,0.804,30.5
0.164,0.781,30.5
0.074,0.695,30.5
0.003,0.62,30.5
0.0,0.578,30.5
0.0,0.538,30.5
0.0,0.472,30.5
0.0,0.379,30.5
0.0,0.337,30.5
0.0,0.319,30.5
0.0,0.308,30.5
0.0,0.266,30.5
0.0,0.22,30.5
0.0,0.163,30.5
0.0,0.108,30.5
0.004,0.068,30.5
0.179,0.025,30.5
0.4,0.035,30.5
0.557,0.061,30.5
0.613,0.054,30.5
0.605,0.054,30.5
0.591,0.067,30.5
0.562,0.093,30.5
0.502,0.126,30.5
0.403,0.148,30.5
0.244,0.152,30.5
0.099,0.141,30.5
0.004,0.159,30.5
0.0,0.2,30.5
0.0,0.228,30.5
0.0,0.249,30.5
0.0,0.233,30.5
0.0,0.195,30.5
0.0,0.172,30.5
0.0,0.154,30.5
0.0,0.132,30.5
0.0,0.119,30.5
0.0,0.112,30.5
0.0,0.11,30.5
0.002,0.101,30.5
0.11,0.096,30.5
0.351,0.106,30.5
0.576,0.148,30.5
0.701,0.145,30.5
0.774,0.128,30.5
0.798,0.115,30.5
0.771,0.11,30.5
0.696,0.112,30.5
0.571,0.116,30.5
0.397,0.121,30.5
0.187,0.134,30.5
0.014,0.18,30.5
0.0,0.231,30.5
0.0,0.23,30.5
0.0,0.195,30.5
0.0,0.149,30.5
0.0,0.107,30.5
0.0,0.079,30.5
0.0,0.063,30.5
0.0,0.061,30.5
0.0,0.072,30.5
0.0,0.084,30.5
0.0,0.084,30.5
0.005,0.079,30.5
0.173,0.045,30.5
0.388,0.01,30.5
0.564,0.01,30.5
0.688,0.011,30.5
0.761,0.011,30.5
0.783,0.013,30.5
0.758,0.018,30.5
0.683,0.028,30.5
0.559,0.04,30.5
0.388,0.052,30.5
0.183,0.07,30.5
0.015,0.109,30.5
0.0,0.142,30.5
0.0,0.164,30.5
0.0,0.174,30.5
0.0,0.151,30.5
0.0,0.112,30.5
0.0,0.075,30.5
0.0,0.045,30.5
0.0,0.024,30.5
0.0,0.012,30.5
0.0,0.009,30.5
0.0,0.013,30.5
0.006,0.02,30.5
0.126,0.019,30.5
0.318,0.021,30.5
0.521,0.034,30.5
0.631,0.058,30.5
0.695,0.095,30.5
0.719,0.137,30.5
0.706,0.178,30.5
0.624,0.214,30.5
0.482,0.255,30.5
0.298,0.288,30.5
0.119,0.289,30.5
0.011,0.313,30.5
0.0,0.352,30.5
0.0,0.352,30.5
0.0,0.368,30.5
0.0,0.407,30.5
0.0,0.444,30.5
0.0,0.432,30.5
0.0,0.398,30.5
0.0,0.362,30.5
0.0,0.33,30.5
0.0,0.291,30.5
0.0,0.251,30.5
0.0,0.212,30.5
0.028,0.158,30.5
0.079,0.133,30.5
0.124,0.159,30.5
0.225,0.202,30.5
0.327,0.248,30.5
0.489,0.268,30.5
0.494,0.291,30.5
0.38,0.311,30.5
0.31,0.317,30.5
0.245,0.32,30.5
0.085,0.311,30.5
0.014,0.314,30.5
0.0,0.34,30.5
0.0,0.31,30.5
0.0,0.248,30.5
0.0,0.173,30.5
0.0,0.108,30.5
0.0,0.061,30.5
0.0,0.031,30.5
0.0,0.013,30.5
0.0,0.007,30.5
0.0,0.009,30.5
0.0,0.017,30.5
0.008,0.035,30.5
0.184,0.046,30.5
0.388,0.028,30.5
0.564,0.029,30.5
0.691,0.032,30.5
0.762,0.029,30.5
0.783,0.025,30.5
0.756,0.026,30.5
0.684,0.029,30.5
0.564,0.036,30.5
0.396,0.05,30.5
0.194,0.071,30.5
0.023,0.114,30.5
0.0,0.183,30.5
0.0,0.264,30.5
0.0,0.334,30.5
0.0,0.386,30.5
0.0,0.425,30.5
0.0,0.46,30.5
0.0,0.484,30.5
0.0,0.49,30.5
0.0,0.481,30.5
0.0,0.474,30.5
0.0,0.467,30.5
0.012,0.432,30.5
0.179,0.303,30.5
0.391,0.231,30.5
0.56,0.394,30.5
0.677,0.606,30.5
0.747,0.653,30.5
0.769,0.618,30.5
0.744,0.561,30.5
0.674,0.506,30.5
0.556,0.468,30.5
0.391,0.449,30.5
0.194,0.45,30.5
0.024,0.527,30.5
0.0,0.594,30.5
0.0,0.615,30.5
0.0,0.618,30.5
0.0,0.622,30.5
0.0,0.617,30.5
0.0,0.606,30.5
0.0,0.599,30.5
0.0,0.587,30.5
0.0,0.568,30.5
0.0,0.552,30.5
0.0,0.554,30.5
0.013,0.533,30.5
0.175,0.398,30.5
0.376,0.258,30.5
0.54,0.27,30.5
0.655,0.31,30.5
0.72,0.29,30.5
0.742,0.289,30.5
0.72,0.315,30.5
0.655,0.355,30.5
0.542,0.379,30.5
0.379,0.337,30.5
0.185,0.267,30.5
0.024,0.271,30.5
0.0,0.291,30.5
0.0,0.291,30.5
0.0,0.291,30.5
0.0,0.288,30.5
0.0,0.267,30.5
0.0,0.239,30.5
0.0,0.201,30.5
0.0,0.158,30.5
0.0,0.118,30.5
0.0,0.085,30.5
0.0,0.063,30.5
0.013,0.057,30.5
0.128,0.039,30.5
0.306,0.035,30.5
0.469,0.036,30.5
0.593,0.03,30.5
0.683,0.028,30.5
0.696,0.028,30.5
0.684,0.03,30.5
0.609,0.035,30.5
0.504,0.043,30.5
0.34,0.057,30.5
0.146,0.084,30.5
0.02,0.142,30.5
0.0,0.229,30.5
0.0,0.3,30.5
0.0,0.329,30.5
0.0,0.341,30.5
0.0,0.35,30.5
0.0,0.345,30.5
0.0,0.343,30.5
0.0,0.346,30.5
0.0,0.349,30.5
0.0,0.332,30.5
0.0,0.302,30.5
0.017,0.264,30.5
0.172,0.167,30.5
0.365,0.077,30.5
0.527,0.038,30.5
0.636,0.018,30.5
0.702,0.011,30.5
0.724,0.01,30.5
0.698,0.007,30.5
0.63,0.003,30.5
0.516,0.001,30.5
0.353,0.001,30.5
0.166,0.003,30.5
0.025,0.007,30.5
0.0,0.013,30.5
0.0,0.021,30.5
0.0,0.03,30.5
0.0,0.032,30.5
0.0,0.027,30.5
0.0,0.017,30.5
0.0,0.009,30.5
0.0,0.005,30.5
0.0,0.007,30.5
0.0,0.016,30.5
0.0,0.032,30.5
0.019,0.053,30.5
0.159,0.054,30.5
0.343,0.041,30.5
0.504,0.046,30.5
0.613,0.053,30.5
0.681,0.059,30.5
0.692,0.078,30.5
0.664,0.111,30.5
0.599,0.144,30.5
0.505,0.177,30.5
0.359,0.208,30.5
0.181,0.233,30.5
0.03,0.296,30.5
0.0,0.365,30.5
0.0,0.384,30.5
0.0,0.383,30.5
0.0,0.37,30.5
0.0,0.341,30.5
0.0,0.31,30.5
0.0,0.278,30.5
0.0,0.252,30.5
0.0,0.227,30.5
0.0,0.201,30.5
0.0,0.175,30.5
0.021,0.139,30.5
0.18,0.059,30.5
0.385,0.02,30.5
0.544,0.049,30.5
0.657,0.067,30.5
0.723,0.069,30.5
0.745,0.073,30.5
0.724,0.086,30.5
0.657,0.108,30.5
0.546,0.137,30.5
0.388,0.181,30.5
0.2,0.241,30.5
0.033,0.328,30.5
0.0,0.41,30.5
0.0,0.405,30.5
0.0,0.374,30.5
0.0,0.334,30.5
0.0,0.291,30.5
0.0,0.262,30.5
0.0,0.247,30.5
0.0,0.242,30.5
0.0,0.249,30.5
0.0,0.261,30.5
0.0,0.277,30.5
0.023,0.278,30.5
0.201,0.163,30.5
0.404,0.076,30.5
0.566,0.088,30.5
0.678,0.071,30.5
0.74,0.051,30.5
0.757,0.033,30.5
0.728,0.02,30.5
0.656,0.012,30.5
0.539,0.008,30.5
0.377,0.005,30.5
0.17,0.005,30.5
0.03,0.006,30.5
0.0,0.017,30.5
0.0,0.044,30.5
0.0,0.076,30.5
0.0,0.112,30.5
0.0,0.149,30.5
0.0,0.179,30.5
0.0,0.203,30.5
0.0,0.227,30.5
0.0,0.249,30.5
0.0,0.249,30.5
0.0,0.238,30.5
0.025,0.213,30.5
0.178,0.134,30.5
0.368,0.053,30.5
0.527,0.048,30.5
0.644,0.07,30.5
0.712,0.08,30.5
0.733,0.084,30.5
0.711,0.082,30.5
0.642,0.076,30.5
0.527,0.069,30.5
0.368,0.065,30.5
0.179,0.064,30.5
0.033,0.059,30.5
0.0,0.054,30.5
0.0,0.051,30.5
0.0,0.057,30.5
0.0,0.068,30.5
0.0,0.081,30.5
0.0,0.096,30.5
0.0,0.119,30.5
0.0,0.165,30.5
0.0,0.252,30.5
0.0,0.371,30.5
0.0,0.448,30.5
0.015,0.476,30.5
0.087,0.55,30.5
0.173,0.529,30.5
0.287,0.465,30.5
0.457,0.439,30.5
0.528,0.465,30.5
0.604,0.488,30.5
0.665,0.476,30.5
0.68,0.454,30.5
0.584,0.451,30.5
0.423,0.469,30.5
0.222,0.519,30.5
0.042,0.513,30.5
0.0,0.502,30.5
0.0,0.457,30.5
0.0,0.402,30.5
0.0,0.313,30.5
0.0,0.274,30.5
0.0,0.268,30.5
0.0,0.294,30.5
0.0,0.278,30.5
0.0,0.269,30.5
0.0,0.27,30.5
0.0,0.271,30.5
0.029,0.223,30.5
0.176,0.185,30.5
0.395,0.219,30.5
0.532,0.192,30.5
0.647,0.17,30.5
0.732,0.144,30.5
0.736,0.131,30.5
0.726,0.126,30.5
0.68,0.096,30.5
0.571,0.065,30.5
0.415,0.059,30.5
0.217,0.06,30.5
0.041,0.063,30.5
0.0,0.077,30.5
0.0,0.093,30.5
0.0,0.102,30.5
0.0,0.086,30.5
0.0,0.069,30.5
0.0,0.067,30.5
0.0,0.055,30.5
0.0,0.042,30.5
0.0,0.041,30.5
0.0,0.05,30.5
0.0,0.07,30.5
0.032,0.095,30.5
0.208,0.063,30.5
0.406,0.028,30.5
0.559,0.019,30.5
0.645,0.018,30.5
0.716,0.016,30.5
0.756,0.015,30.5
0.743,0.013,30.5
0.674,0.015,30.5
0.56,0.017,30.5
0.402,0.02,30.5
0.213,0.027,30.5
0.041,0.042,30.5
0.0,0.063,30.5
0.0,0.093,30.5
0.0,0.128,30.5
0.0,0.172,30.5
0.0,0.221,30.5
0.0,0.263,30.5
0.0,0.302,30.5
0.0,0.343,30.5
0.0,0.376,30.5
0.0,0.391,30.5
0.0,0.392,30.5
0.035,0.347,30.5
0.207,0.183,30.5
0.403,0.074,30.5
0.559,0.029,30.5
0.662,0.017,30.5
0.719,0.021,30.5
0.732,0.036,30.5
0.702,0.056,30.5
0.596,0.082,30.5
0.454,0.112,30.5
0.267,0.128,30.5
0.128,0.129,30.5
0.03,0.133,30.5
0.0,0.126,30.5
0.0,0.1,30.5
0.0,0.08,30.5
0.0,0.076,30.5
0.0,0.08,30.5
0.0,0.085,30.5
0.0,0.09,30.5
0.0,0.098,30.5
0.0,0.107,30.5
0.0,0.124,30.5
0.0,0.136,30.5
0.034,0.108,30.5
0.178,0.062,30.5
0.381,0.046,30.5
0.537,0.05,30.5
0.643,0.05,30.5
0.707,0.045,30.5
0.726,0.038,30.5
0.696,0.032,30.5
0.627,0.033,30.5
0.514,0.042,30.5
0.349,0.079,30.5
0.176,0.153,30.5
0.041,0.278,30.5
0.0,0.383,30.5
0.0,0.392,30.5
0.0,0.349,30.5
0.0,0.301,30.5
0.0,0.27,30.5
0.0,0.259,30.5
0.0,0.249,30.5
0.0,0.243,30.5
0.0,0.249,30.5
0.0,0.241,30.5
0.0,0.198,30.5
0.015,0.139,30.5
0.053,0.086,30.5
0.093,0.052,30.5
0.137,0.032,30.5
0.201,0.032,30.5
0.275,0.046,30.5
0.306,0.074,30.5
0.304,0.104,30.5
0.273,0.121,30.5
0.235,0.129,30.5
0.208,0.132,30.5
0.115,0.124,30.5
0.033,0.118,30.5
0.0,0.137,30.5
0.0,0.146,30.5
0.0,0.145,30.5
0.0,0.132,30.5
0.0,0.11,30.5
0.0,0.085,30.5
0.0,0.065,30.5
0.0,0.068,30.5
0.0,0.08,30.5
0.0,0.083,30.5
0.0,0.078,30.5
0.014,0.065,30.5
0.089,0.057,30.5
0.179,0.074,30.5
0.275,0.117,30.5
0.395,0.166,30.5
0.527,0.195,30.5
0.622,0.211,30.5
0.625,0.228,30.5
0.552,0.255,30.5
0.466,0.289,30.5
0.325,0.337,30.5
0.178,0.391,30.5
0.051,0.466,30.5
0.0,0.556,30.5
0.0,0.54,30.5
0.0,0.488,30.5
0.0,0.488,30.5
0.0,0.491,30.5
0.0,0.484,30.5
0.0,0.466,30.5
0.0,0.451,30.5
0.0,0.44,30.5
0.0,0.422,30.5
0.0,0.407,30.5
0.041,0.334,30.5
0.221,0.253,30.5
0.418,0.449,30.5
0.581,0.57,30.5
0.696,0.623,30.5
0.764,0.656,30.5
0.785,0.684,30.5
0.761,0.713,30.5
0.692,0.735,30.5
0.578,0.744,30.5
0.42,0.747,30.5
0.228,0.728,30.5
0.049,0.711,30.5
0.0,0.722,30.5
0.0,0.649,30.5
0.0,0.612,30.5
0.0,0.585,30.5
0.0,0.561,30.5
0.0,0.539,30.5
0.0,0.516,30.5
0.0,0.497,30.5
0.0,0.483,30.5
0.0,0.472,30.5
0.0,0.467,30.5
0.043,0.389,30.5
0.232,0.325,30.5
0.432,0.585,30.5
0.593,0.668,30.5
0.703,0.68,30.5
0.765,0.69,30.5
0.782,0.71,30.5
0.757,0.726,30.5
0.688,0.731,30.5
0.574,0.718,30.5
0.417,0.694,30.5
0.227,0.646,30.5
0.05,0.626,30.5
0.0,0.609,30.5
0.0,0.612,30.5
0.0,0.566,30.5
0.0,0.528,30.5
0.0,0.509,30.5
0.0,0.508,30.5
0.0,0.498,30.5
0.0,0.488,30.5
0.0,0.481,30.5
0.0,0.471,30.5
0.0,0.462,30.5
0.044,0.364,30.5
0.233,0.231,30.5
0.431,0.337,30.5
0.588,0.475,30.5
0.695,0.485,30.5
0.758,0.485,30.5
0.776,0.485,30.5
0.751,0.472,30.5
0.684,0.447,30.5
0.573,0.414,30.5
0.419,0.407,30.5
0.231,0.406,30.5
0.051,0.466,30.5
0.0,0.569,30.5
0.0,0.618,30.5
0.0,0.595,30.5
0.0,0.556,30.5
0.0,0.51,30.5
0.0,0.476,30.5
0.0,0.448,30.5
0.0,0.432,30.5
0.0,0.425,30.5
0.0,0.401,30.5
0.0,0.373,30.5
0.046,0.28,30.5
0.23,0.126,30.5
0.424,0.086,30.5
0.578,0.144,30.5
0.686,0.136,30.5
0.749,0.122,30.5
0.768,0.103,30.5
0.743,0.079,30.5
0.676,0.056,30.5
0.564,0.037,30.5
0.408,0.027,30.5
0.222,0.02,30.5
0.052,0.014,30.5
0.0,0.011,30.5
0.0,0.014,30.5
0.0,0.023,30.5
0.0,0.046,30.5
0.0,0.086,30.5
0.0,0.138,30.5
0.0,0.195,30.5
0.0,0.247,30.5
0.0,0.278,30.5
0.0,0.291,30.5
0.0,0.304,30.5
0.04,0.286,30.5
0.162,0.189,30.5
0.361,0.14,30.5
0.54,0.169,30.5
0.624,0.233,30.5
0.693,0.257,30.5
0.721,0.258,30.5
0.698,0.261,30.5
0.639,0.267,30.5
0.536,0.273,30.5
0.383,0.291,30.5
0.21,0.308,30.5
0.056,0.358,30.5
0.0,0.447,30.5
0.0,0.484,30.5
0.0,0.468,30.5
0.0,0.422,30.5
0.0,0.343,30.5
0.0,0.289,30.5
0.0,0.246,30.5
0.0,0.22,30.5
0.0,0.199,30.5
0.0,0.16,30.5
0.0,0.107,30.5
0.028,0.076,30.5
0.179,0.071,30.5
0.412,0.052,30.5
0.59,0.041,30.5
0.705,0.035,30.5
0.77,0.033,30.5
0.789,0.031,30.5
0.765,0.032,30.5
0.695,0.034,30.5
0.581,0.037,30.5
0.423,0.043,30.5
0.234,0.053,30.5
0.058,0.073,30.5
0.0,0.111,30.5
0.0,0.141,30.5
0.0,0.156,30.5
0.0,0.155,30.5
0.0,0.139,30.5
0.0,0.121,30.5
0.0,0.1,30.5
0.0,0.073,30.5
0.0,0.052,30.5
0.0,0.035,30.5
0.0,0.021,30.5
0.052,0.01,30.5
0.225,0.002,30.5
0.42,0.003,30.5
0.575,0.007,30.5
0.684,0.003,30.5
0.748,0.001,30.5
0.767,0.001,30.5
0.744,0.004,30.5
0.676,0.009,30.5
0.564,0.019,30.5
0.409,0.03,30.5
0.224,0.045,30.5
0.058,0.079,30.5
0.0,0.131,30.5
0.0,0.157,30.5
0.0,0.157,30.5
0.0,0.139,30.5
0.0,0.118,30.5
0.0,0.103,30.5
0.0,0.101,30.5
0.0,0.106,30.5
0.0,0.125,30.5
0.0,0.155,30.5
0.0,0.185,30.5
0.054,0.19,30.5
0.211,0.097,30.5
0.397,0.054,30.5
0.553,0.059,30.5
0.664,0.077,30.5
0.727,0.108,30.5
0.733,0.144,30.5
0.674,0.168,30.5
0.593,0.168,30.5
0.515,0.147,30.5
0.388,0.122,30.5
0.214,0.095,30.5
0.058,0.071,30.5
0.0,0.041,30.5
0.0,0.02,30.5
0.0,0.014,30.5
0.0,0.016,30.5
0.0,0.022,30.5
0.0,0.03,30.5
0.0,0.044,30.5
0.0,0.061,30.5
0.0,0.076,30.5
0.0,0.096,30.5
0.0,0.126,30.5
0.058,0.136,30.5
0.18,0.079,30.5
0.308,0.056,30.5
0.367,0.057,30.5
0.304,0.072,30.5
0.214,0.08,30.5
0.161,0.084,30.5
0.139,0.117,30.5
0.22,0.224,30.5
0.175,0.319,30.5
0.175,0.347,30.5
0.11,0.319,30.5
0.044,0.284,30.5
0.0,0.253,30.5
0.0,0.249,30.5
0.0,0.277,30.5
0.0,0.308,30.5
0.0,0.321,30.5
0.0,0.344,30.5
0.0,0.328,30.5
0.0,0.297,30.5
0.0,0.273,30.5
0.0,0.268,30.5
0.0,0.25,30.5
0.05,0.201,30.5
0.141,0.208,30.5
0.266,0.372,30.5
0.468,0.479,30.5
0.521,0.528,30.5
0.488,0.525,30.5
0.525,0.491,30.5
0.515,0.443,30.5
0.465,0.382,30.5
0.392,0.337,30.5
0.289,0.305,30.5
0.147,0.237,30.5
0.05,0.219,30.5
0.0,0.295,30.5
0.0,0.382,30.5
0.0,0.407,30.5
0.0,0.46,30.5
0.0,0.494,30.5
0.0,0.469,30.5
0.0,0.424,30.5
0.0,0.379,30.5
0.0,0.357,30.5
0.0,0.349,30.5
0.0,0.382,30.5
0.043,0.407,30.5
0.129,0.522,30.5
0.328,0.644,30.5
0.538,0.617,30.5
0.661,0.516,30.5
0.71,0.441,30.5
0.699,0.395,30.5
0.61,0.389,30.5
0.475,0.433,30.5
0.282,0.502,30.5
0.147,0.475,30.5
0.072,0.386,30.5
0.032,0.343,30.5
0.0,0.429,30.5
0.0,0.522,30.5
0.0,0.578,30.5
0.0,0.547,30.5
0.0,0.519,30.5
0.0,0.492,30.5
0.0,0.444,30.5
0.0,0.392,30.5
0.0,0.345,30.5
0.0,0.325,30.5
0.0,0.345,30.5
0.048,0.339,30.5
0.146,0.38,30.5
0.335,0.458,30.5
0.492,0.491,30.5
0.572,0.513,30.5
0.593,0.516,30.5
0.572,0.51,30.5
0.538,0.519,30.5
0.464,0.532,30.5
0.363,0.523,30.5
0.224,0.479,30.5
0.106,0.367,30.5
0.049,0.281,30.5
0.0,0.279,30.5
0.0,0.292,30.5
0.0,0.296,30.5
0.0,0.294,30.5
0.0,0.318,30.5
0.0,0.356,30.5
0.0,0.352,30.5
0.0,0.367,30.5
0.0,0.337,30.5
0.0,0.329,30.5
0.0,0.337,30.5
0.056,0.343,30.5
0.14,0.429,30.5
0.244,0.506,30.5
0.368,0.565,30.5
0.34,0.558,30.5
0.281,0.532,30.5
0.247,0.498,30.5
0.306,0.48,30.5
0.307,0.476,30.5
0.314,0.459,30.5
0.309,0.455,30.5
0.185,0.412,30.5
0.058,0.304,30.5
0.003,0.272,30.5
0.0,0.272,30.5
0.0,0.254,30.5
0.0,0.233,30.5
0.0,0.208,30.5
0.0,0.185,30.5
0.0,0.185,30.5
0.0,0.207,30.5
0.0,0.214,30.5
0.0,0.21,30.5
0.002,0.206,30.5
0.07,0.162,30.5
0.239,0.097,30.5
0.42,0.101,30.5
0.551,0.08,30.5
0.529,0.073,30.5
0.415,0.063,30.5
0.419,0.047,30.5
0.435,0.039,30.5
0.356,0.035,30.5
0.297,0.031,30.5
0.241,0.027,30.5
0.166,0.023,30.5
0.065,0.016,30.5
0.003,0.009,30.5
0.0,0.007,30.5
0.0,0.01,30.5
0.0,0.018,30.5
0.0,0.034,30.5
0.0,0.055,30.5
0.0,0.084,30.5
0.0,0.114,30.5
0.0,0.124,30.5
0.0,0.101,30.5
0.0,0.053,30.5
0.003,0.017,30.5
0.032,0.046,30.5
0.107,0.114,30.5
0.269,0.187,30.5
0.362,0.209,30.5
0.41,0.207,30.5
0.505,0.211,30.5
0.539,0.218,30.5
0.536,0.207,30.5
0.471,0.197,30.5
0.381,0.201,30.5
0.227,0.218,30.5
0.078,0.217,30.5
0.007,0.261,30.5
0.0,0.331,30.5
0.0,0.35,30.5
0.0,0.346,30.5
0.0,0.361,30.5
0.0,0.364,30.5
0.0,0.352,30.5
0.0,0.334,30.5
0.0,0.272,30.5
0.0,0.22,30.5
0.003,0.186,30.5
0.065,0.158,30.5
0.236,0.178,30.5
0.441,0.144,30.5
0.606,0.119,30.5
0.717,0.118,30.5
0.782,0.124,30.5
0.803,0.139,30.5
0.78,0.155,30.5
0.714,0.182,30.5
0.603,0.229,30.5
0.449,0.268,30.5
0.258,0.241,30.5
0.069,0.182,30.5
0.005,0.225,30.5
0.0,0.32,30.5
0.0,0.376,30.5
0.0,0.38,30.5
0.0,0.352,30.5
0.0,0.313,30.5
0.0,0.28,30.5
0.0,0.25,30.5
0.0,0.233,30.5
0.0,0.214,30.5
0.003,0.191,30.5
0.069,0.125,30.5
0.254,0.046,30.5
0.44,0.052,30.5
0.592,0.042,30.5
0.701,0.034,30.5
0.764,0.026,30.5
0.782,0.021,30.5
0.759,0.022,30.5
0.693,0.029,30.5
0.584,0.04,30.5
0.433,0.052,30.5
0.25,0.067,30.5
0.071,0.088,30.5
0.008,0.122,30.5
0.0,0.147,30.5
0.0,0.162,30.5
0.0,0.167,30.5
0.0,0.154,30.5
0.0,0.127,30.5
0.0,0.095,30.5
0.0,0.068,30.5
0.0,0.054,30.5
0.0,0.055,30.5
0.006,0.068,30.5
0.072,0.073,30.5
0.251,0.035,30.5
0.433,0.01,30.5
0.58,0.008,30.5
0.686,0.006,30.5
0.747,0.004,30.5
0.764,0.003,30.5
0.741,0.002,30.5
0.676,0.001,30.5
0.56,0.001,30.5
0.385,0.001,30.5
0.231,0.001,30.5
0.074,0.003,30.5
0.007,0.011,30.5
0.0,0.027,30.5
0.0,0.032,30.5
0.0,0.027,30.5
0.0,0.021,30.5
0.0,0.015,30.5
0.0,0.007,30.5
0.0,0.003,30.5
0.0,0.002,30.5
0.0,0.006,30.5
0.005,0.009,30.5
0.072,0.012,30.5
0.23,0.009,30.5
0.408,0.04,30.5
0.556,0.053,30.5
0.654,0.042,30.5
0.706,0.032,30.5
0.717,0.024,30.5
0.67,0.017,30.5
0.584,0.013,30.5
0.456,0.014,30.5
0.311,0.024,30.5
0.17,0.047,30.5
0.063,0.101,30.5
0.005,0.214,30.5
0.0,0.292,30.5
0.0,0.319,30.5
0.0,0.311,30.5
0.0,0.296,30.5
0.0,0.284,30.5
0.0,0.264,30.5
0.0,0.252,30.5
0.0,0.259,30.5
0.0,0.245,30.5
0.001,0.205,30.5
0.042,0.154,30.5
0.112,0.076,30.5
0.196,0.032,30.5
0.299,0.034,30.5
0.415,0.032,30.5
0.447,0.026,30.5
0.463,0.025,30.5
0.437,0.025,30.5
0.458,0.028,30.5
0.415,0.031,30.5
0.316,0.04,30.5
0.204,0.054,30.5
0.082,0.068,30.5
0.012,0.093,30.5
0.0,0.127,30.5
0.0,0.156,30.5
0.0,0.177,30.5
0.0,0.192,30.5
0.0,0.18,30.5
0.0,0.145,30.5
0.0,0.144,30.5
0.0,0.18,30.5
0.0,0.18,30.5
0.005,0.138,30.5
0.048,0.089,30.5
0.087,0.043,30.5
0.114,0.018,30.5
0.138,0.008,30.5
0.147,0.015,30.5
0.278,0.038,30.5
0.343,0.035,30.5
0.269,0.016,30.5
0.222,0.005,30.5
0.181,0.017,30.5
0.154,0.045,30.5
0.131,0.076,30.5
0.053,0.142,30.5
0.003,0.285,30.5
0.0,0.458,30.5
0.0,0.522,30.5
0.0,0.573,30.5
0.0,0.59,30.5
0.0,0.592,30.5
0.0,0.603,30.5
0.0,0.619,30.5
0.0,0.623,30.5
0.0,0.611,30.5
0.0,0.615,30.5
0.026,0.624,30.5
0.086,0.689,30.5
0.187,0.763,30.5
0.332,0.791,30.5
0.433,0.788,30.5
0.528,0.801,30.5
0.63,0.828,30.5
0.681,0.847,30.5
0.654,0.852,30.5
0.574,0.837,30.5
0.438,0.812,30.5
0.257,0.77,30.5
0.087,0.672,30.5
0.016,0.541,30.5
0.0,0.476,30.5
0.0,0.447,30.5
0.0,0.402,30.5
0.0,0.347,30.5
0.0,0.296,30.5
0.0,0.235,30.5
0.0,0.179,30.5
0.0,0.124,30.5
0.0,0.074,30.5
0.011,0.038,30.5
0.08,0.017,30.5
0.259,0.017,30.5
0.419,0.021,30.5
0.56,0.033,30.5
0.664,0.042,30.5
0.729,0.042,30.5
0.767,0.037,30.5
0.746,0.031,30.5
0.683,0.027,30.5
0.574,0.027,30.5
0.435,0.028,30.5
0.259,0.031,30.5
0.082,0.037,30.5
0.015,0.051,30.5
0.0,0.067,30.5
0.0,0.071,30.5
0.0,0.061,30.5
0.0,0.05,30.5
0.0,0.046,30.5
0.0,0.042,30.5
0.0,0.035,30.5
0.0,0.028,30.5
0.0,0.025,30.5
0.013,0.021,30.5
0.084,0.013,30.5
0.238,0.021,30.5
0.411,0.03,30.5
0.562,0.023,30.5
0.665,0.019,30.5
0.75,0.024,30.5
0.766,0.042,30.5
0.697,0.046,30.5
0.565,0.061,30.5
0.418,0.102,30.5
0.278,0.142,30.5
0.14,0.196,30.5
0.06,0.282,30.5
0.008,0.355,30.5
0.0,0.406,30.5
0.0,0.417,30.5
0.0,0.384,30.5
0.0,0.33,30.5
0.0,0.284,30.5
0.0,0.251,30.5
0.0,0.226,30.5
0.0,0.211,30.5
0.0,0.188,30.5
0.013,0.142,30.5
0.083,0.101,30.5
0.261,0.178,30.5
0.441,0.25,30.5
0.576,0.252,30.5
0.677,0.233,30.5
0.734,0.21,30.5
0.768,0.201,30.5
0.763,0.21,30.5
0.695,0.235,30.5
0.589,0.269,30.5
0.44,0.286,30.5
0.26,0.285,30.5
0.083,0.269,30.5
0.017,0.291,30.5
0.0,0.374,30.5
0.0,0.407,30.5
0.0,0.41,30.5
0.0,0.396,30.5
0.0,0.367,30.5
0.0,0.338,30.5
0.0,0.317,30.5
0.0,0.32,30.5
0.0,0.294,30.5
0.013,0.243,30.5
0.083,0.173,30.5
0.269,0.201,30.5
0.454,0.221,30.5
0.604,0.186,30.5
0.711,0.153,30.5
0.774,0.137,30.5
0.793,0.138,30.5
0.77,0.153,30.5
0.705,0.161,30.5
0.596,0.154,30.5
0.444,0.138,30.5
0.259,0.122,30.5
0.083,0.114,30.5
0.017,0.13,30.5
0.0,0.167,30.5
0.0,0.19,30.5
0.0,0.195,30.5
0.0,0.186,30.5
0.0,0.155,30.5
0.0,0.102,30.5
0.0,0.054,30.5
0.0,0.028,30.5
0.0,0.02,30.5
0.015,0.019,30.5
0.087,0.018,30.5
0.263,0.005,30.5
0.441,0.013,30.5
0.587,0.017,30.5
0.682,0.021,30.5
0.714,0.031,30.5
0.708,0.045,30.5
0.587,0.064,30.5
0.363,0.093,30.5
0.228,0.126,30.5
0.206,0.149,30.5
0.195,0.175,30.5
0.091,0.195,30.5
0.017,0.264,30.5
0.0,0.341,30.5
0.0,0.341,30.5
0.0,0.309,30.5
0.0,0.278,30.5
0.0,0.251,30.5
0.0,0.201,30.5
0.0,0.169,30.5
0.0,0.139,30.5
0.0,0.106,30.5
0.014,0.061,30.5
0.079,0.03,30.5
0.265,0.045,30.5
0.441,0.046,30.5
0.578,0.043,30.5
0.67,0.036,30.5
0.744,0.031,30.5
0.768,0.03,30.5
0.747,0.038,30.5
0.682,0.041,30.5
0.576,0.045,30.5
0.426,0.05,30.5
0.227,0.056,30.5
0.084,0.063,30.5
0.02,0.059,30.5
0.0,0.044,30.5
0.0,0.03,30.5
0.0,0.022,30.5
0.0,0.021,30.5
0.0,0.039,30.5
0.0,0.084,30.5
0.0,0.146,30.5
0.0,0.202,30.5
0.0,0.23,30.5
0.015,0.222,30.5
0.086,0.139,30.5
0.244,0.11,30.5
0.394,0.154,30.5
0.525,0.17,30.5
0.645,0.16,30.5
0.699,0.147,30.5
0.71,0.15,30.5
0.711,0.159,30.5
0.656,0.161,30.5
0.556,0.16,30.5
0.418,0.168,30.5
0.251,0.187,30.5
0.086,0.209,30.5
0.02,0.288,30.5
0.0,0.364,30.5
0.0,0.342,30.5
0.0,0.251,30.5
0.0,0.144,30.5
0.0,0.065,30.5
0.0,0.037,30.5
0.0,0.046,30.5
0.0,0.072,30.5
0.0,0.101,30.5
0.018,0.119,30.5
0.089,0.09,30.5
0.225,0.061,30.5
0.326,0.068,30.5
0.455,0.072,30.5
0.624,0.091,30.5
0.709,0.11,30.5
0.726,0.128,30.5
0.691,0.146,30.5
0.584,0.155,30.5
0.457,0.153,30.5
0.317,0.161,30.5
0.197,0.184,30.5
0.08,0.204,30.5
0.02,0.27,30.5
0.0,0.358,30.5
0.0,0.375,30.5
0.0,0.32,30.5
0.0,0.252,30.5
0.0,0.192,30.5
0.0,0.141,30.5
0.0,0.111,30.5
0.0,0.085,30.5
0.0,0.077,30.5
0.018,0.087,30.5
0.087,0.069,30.5
0.249,0.088,30.5
0.41,0.093,30.5
0.484,0.094,30.5
0.564,0.096,30.5
0.628,0.101,30.5
0.612,0.112,30.5
0.598,0.122,30.5
0.551,0.126,30.5
0.488,0.13,30.5
0.385,0.133,30.5
0.236,0.13,30.5
0.089,0.127,30.5
0.023,0.145,30.5
0.0,0.187,30.5
0.0,0.21,30.5
0.0,0.22,30.5
0.0,0.222,30.5
0.0,0.22,30.5
0.0,0.218,30.5
0.0,0.225,30.5
0.0,0.235,30.5
0.0,0.239,30.5
0.018,0.219,30.5
0.087,0.115,30.5
0.248,0.061,30.5
0.41,0.046,30.5
0.547,0.028,30.5
0.643,0.018,30.5
0.708,0.013,30.5
0.731,0.01,30.5
0.709,0.006,30.5
0.644,0.004,30.5
0.54,0.002,30.5
0.378,0.001,30.5
0.202,0.001,30.5
0.084,0.002,30.5
0.022,0.002,30.5
0.0,0.005,30.5
0.0,0.005,30.5
0.0,0.033,30.5
0.0,0.101,30.5
0.0,0.152,30.5
0.0,0.185,30.5
0.0,0.195,30.5
0.0,0.193,30.5
0.0,0.21,30.5
0.008,0.245,30.5
0.053,0.251,30.5
0.099,0.206,30.5
0.126,0.177,30.5
0.168,0.177,30.5
0.222,0.22,30.5
0.247,0.266,30.5
0.227,0.255,30.5
0.243,0.249,30.5
0.24,0.278,30.5
0.184,0.315,30.5
0.117,0.358,30.5
0.052,0.355,30.5
0.026,0.274,30.5
0.005,0.188,30.5
0.0,0.175,30.5
0.0,0.202,30.5
0.0,0.219,30.5
0.0,0.221,30.5
0.0,0.2,30.5
0.0,0.188,30.5
0.0,0.21,30.5
0.0,0.239,30.5
0.0,0.261,30.5
0.002,0.278,30.5
0.027,0.307,30.5
0.067,0.341,30.5
0.112,0.311,30.5
0.171,0.286,30.5
0.251,0.336,30.5
0.347,0.391,30.5
0.424,0.407,30.5
0.461,0.395,30.5
0.471,0.381,30.5
0.476,0.415,30.5
0.368,0.484,30.5
0.239,0.528,30.5
0.103,0.516,30.5
0.029,0.539,30.5
0.0,0.566,30.5
0.0,0.527,30.5
0.0,0.448,30.5
0.0,0.413,30.5
0.0,0.416,30.5
0.0,0.436,30.5
0.0,0.442,30.5
0.0,0.408,30.5
0.0,0.38,30.5
0.014,0.296,30.5
0.092,0.294,30.5
0.249,0.358,30.5
0.409,0.357,30.5
0.538,0.389,30.5
0.628,0.424,30.5
0.663,0.459,30.5
0.631,0.501,30.5
0.494,0.539,30.5
0.357,0.565,30.5
0.279,0.571,30.5
0.209,0.548,30.5
0.131,0.492,30.5
0.074,0.379,30.5
0.024,0.309,30.5
0.0,0.323,30.5
0.0,0.323,30.5
0.0,0.302,30.5
0.0,0.287,30.5
0.0,0.261,30.5
0.0,0.27,30.5
0.0,0.272,30.5
0.0,0.279,30.5
0.0,0.285,30.5
0.02,0.243,30.5
0.088,0.195,30.5
0.205,0.225,30.5
0.386,0.276,30.5
0.543,0.305,30.5
0.623,0.306,30.5
0.678,0.312,30.5
0.678,0.328,30.5
0.624,0.344,30.5
0.592,0.354,30.5
0.476,0.362,30.5
0.362,0.364,30.5
0.241,0.36,30.5
0.096,0.333,30.5
0.024,0.31,30.5
0.0,0.322,30.5
0.0,0.306,30.5
0.0,0.271,30.5
0.0,0.223,30.5
0.0,0.169,30.5
0.0,0.118,30.5
0.0,0.075,30.5
0.0,0.042,30.5
0.0,0.022,30.5
0.023,0.013,30.5
0.09,0.006,30.5
0.21,0.024,30.5
0.315,0.046,30.5
0.412,0.055,30.5
0.481,0.059,30.5
0.56,0.06,30.5
0.66,0.064,30.5
0.681,0.077,30.5
0.638,0.099,30.5
0.548,0.116,30.5
0.403,0.125,30.5
0.257,0.124,30.5
0.096,0.118,30.5
0.027,0.121,30.5
0.0,0.13,30.5
0.0,0.122,30.5
0.0,0.114,30.5
0.0,0.118,30.5
0.0,0.128,30.5
0.0,0.144,30.5
0.0,0.158,30.5
0.0,0.167,30.5
0.0,0.155,30.5
0.023,0.133,30.5
0.092,0.081,30.5
0.241,0.031,30.5
0.401,0.008,30.5
0.543,0.006,30.5
0.652,0.011,30.5
0.713,0.019,30.5
0.732,0.028,30.5
0.714,0.04,30.5
0.653,0.061,30.5
0.547,0.094,30.5
0.394,0.138,30.5
0.236,0.201,30.5
0.094,0.267,30.5
0.026,0.37,30.5
0.0,0.468,30.5
0.0,0.47,30.5
0.0,0.404,30.5
0.0,0.325,30.5
0.0,0.298,30.5
0.0,0.302,30.5
0.0,0.314,30.5
0.0,0.3,30.5
0.0,0.295,30.5
0.021,0.241,30.5
0.091,0.249,30.5
0.265,0.279,30.5
0.435,0.273,30.5
0.579,0.271,30.5
0.68,0.264,30.5
0.75,0.255,30.5
0.77,0.252,30.5
0.749,0.249,30.5
0.688,0.246,30.5
0.586,0.248,30.5
0.444,0.261,30.5
0.271,0.283,30.5
0.093,0.289,30.5
0.021,0.318,30.5
0.0,0.398,30.5
0.0,0.434,30.5
0.0,0.42,30.5
0.0,0.383,30.5
0.0,0.347,30.5
0.0,0.316,30.5
0.0,0.294,30.5
0.0,0.267,30.5
0.0,0.234,30.5
0.019,0.168,30.5
0.091,0.067,30.5
0.269,0.039,30.5
0.44,0.041,30.5
0.579,0.036,30.5
0.679,0.045,30.5
0.736,0.058,30.5
0.753,0.077,30.5
0.732,0.099,30.5
0.672,0.124,30.5
0.572,0.151,30.5
0.434,0.177,30.5
0.265,0.193,30.5
0.093,0.195,30.5
0.023,0.225,30.5
0.0,0.283,30.5
0.0,0.318,30.5
0.0,0.354,30.5
0.0,0.386,30.5
0.0,0.401,30.5
0.0,0.403,30.5
0.0,0.386,30.5
0.0,0.362,30.5
0.0,0.323,30.5
0.02,0.251,30.5
0.091,0.108,30.5
0.263,0.063,30.5
0.43,0.144,30.5
0.567,0.169,30.5
0.665,0.196,30.5
0.724,0.23,30.5
0.743,0.261,30.5
0.724,0.274,30.5
0.666,0.274,30.5
0.568,0.274,30.5
0.431,0.29,30.5
0.264,0.316,30.5
0.095,0.328,30.5
0.025,0.345,30.5
0.0,0.398,30.5
0.0,0.4,30.5
0.0,0.362,30.5
0.0,0.311,30.5
0.0,0.264,30.5
0.0,0.233,30.5
0.0,0.21,30.5
0.0,0.167,30.5
0.0,0.135,30.5
0.022,0.115,30.5
0.093,0.068,30.5
0.263,0.134,30.5
0.42,0.184,30.5
0.579,0.201,30.5
0.681,0.206,30.5
0.735,0.208,30.5
0.749,0.201,30.5
0.716,0.188,30.5
0.627,0.185,30.5
0.49,0.189,30.5
0.35,0.196,30.5
0.23,0.202,30.5
0.099,0.206,30.5
0.029,0.225,30.5
0.0,0.266,30.5
0.0,0.275,30.5
0.0,0.256,30.5
0.0,0.224,30.5
0.0,0.192,30.5
0.0,0.164,30.5
0.0,0.148,30.5
0.0,0.145,30.5
0.0,0.156,30.5
0.022,0.157,30.5
0.091,0.078,30.5
0.261,0.041,30.5
0.428,0.051,30.5
0.565,0.063,30.5
0.666,0.079,30.5
0.723,0.092,30.5
0.741,0.096,30.5
0.721,0.095,30.5
0.661,0.091,30.5
0.563,0.087,30.5
0.427,0.088,30.5
0.262,0.09,30.5
0.095,0.102,30.5
0.025,0.137,30.5
0.0,0.194,30.5
0.0,0.219,30.5
0.0,0.229,30.5
0.0,0.252,30.5
0.0,0.282,30.5
0.0,0.308,30.5
0.0,0.316,30.5
0.0,0.31,30.5
0.0,0.281,30.5
0.025,0.232,30.5
0.092,0.127,30.5
0.237,0.05,30.5
0.397,0.025,30.5
0.524,0.018,30.5
0.606,0.025,30.5
0.651,0.028,30.5
0.683,0.024,30.5
0.69,0.017,30.5
0.639,0.008,30.5
0.538,0.002,30.5
0.404,0.002,30.5
0.251,0.005,30.5
0.097,0.011,30.5
0.029,0.028,30.5
0.0,0.046,30.5
0.0,0.051,30.5
0.0,0.056,30.5
0.0,0.083,30.5
0.0,0.139,30.5
0.0,0.192,30.5
0.0,0.201,30.5
0.0,0.185,30.5
0.0,0.162,30.5
0.019,0.119,30.5
0.077,0.068,30.5
0.175,0.058,30.5
0.314,0.077,30.5
0.414,0.086,30.5
0.498,0.096,30.5
0.533,0.112,30.5
0.519,0.133,30.5
0.481,0.141,30.5
0.447,0.129,30.5
0.393,0.112,30.5
0.28,0.11,30.5
0.151,0.113,30.5
0.06,0.087,30.5
0.017,0.041,30.5
0.0,0.022,30.5
0.0,0.02,30.5
0.0,0.04,30.5
0.0,0.096,30.5
0.0,0.164,30.5
0.0,0.181,30.5
0.0,0.155,30.5
0.0,0.126,30.5
0.0,0.132,30.5
0.008,0.114,30.5
0.04,0.076,30.5
0.088,0.061,30.5
0.136,0.062,30.5
0.171,0.07,30.5
0.188,0.085,30.5
0.247,0.11,30.5
0.329,0.153,30.5
0.33,0.197,30.5
0.205,0.259,30.5
0.133,0.328,30.5
0.086,0.389,30.5
0.048,0.386,30.5
0.028,0.323,30.5
0.011,0.266,30.5
0.0,0.264,30.5
0.0,0.302,30.5
0.0,0.296,30.5
0.0,0.27,30.5
0.0,0.249,30.5
0.0,0.22,30.5
0.0,0.202,30.5
0.0,0.192,30.5
0.0,0.171,30.5
0.023,0.152,30.5
0.087,0.158,30.5
0.147,0.261,30.5
0.183,0.388,30.5
0.263,0.482,30.5
0.312,0.533,30.5
0.334,0.603,30.5
0.344,0.72,30.5
0.353,0.778,30.5
0.216,0.778,30.5
0.201,0.777,30.5
0.282,0.768,30.5
0.204,0.742,30.5
0.078,0.636,30.5
0.025,0.433,30.5
0.0,0.274,30.5
0.0,0.241,30.5
0.0,0.294,30.5
0.0,0.367,30.5
0.0,0.385,30.5
0.0,0.367,30.5
0.0,0.37,30.5
0.0,0.405,30.5
0.0,0.383,30.5
0.031,0.352,30.5
0.1,0.347,30.5
0.234,0.417,30.5
0.337,0.484,30.5
0.394,0.545,30.5
0.43,0.562,30.5
0.551,0.537,30.5
0.632,0.51,30.5
0.597,0.518,30.5
0.554,0.532,30.5
0.502,0.528,30.5
0.39,0.519,30.5
0.25,0.5,30.5
0.108,0.454,30.5
0.033,0.395,30.5
0.0,0.364,30.5
0.0,0.34,30.5
0.0,0.32,30.5
0.0,0.328,30.5
0.0,0.341,30.5
0.0,0.374,30.5
0.0,0.381,30.5
0.0,0.386,30.5
0.0,0.382,30.5
0.03,0.343,30.5
0.1,0.281,30.5
0.224,0.348,30.5
0.413,0.348,30.5
0.545,0.322,30.5
0.647,0.294,30.5
0.69,0.265,30.5
0.704,0.233,30.5
0.674,0.212,30.5
0.569,0.198,30.5
0.475,0.185,30.5
0.368,0.172,30.5
0.24,0.157,30.5
0.104,0.135,30.5
0.029,0.115,30.5
0.0,0.112,30.5
0.0,0.112,30.5
0.0,0.108,30.5
0.0,0.093,30.5
0.0,0.078,30.5
0.0,0.071,30.5
0.0,0.07,30.5
0.0,0.07,30.5
0.0,0.071,30.5
0.032,0.057,30.5
0.101,0.037,30.5
0.234,0.041,30.5
0.377,0.053,30.5
0.508,0.063,30.5
0.517,0.065,30.5
0.495,0.061,30.5
0.511,0.05,30.5
0.479,0.041,30.5
0.428,0.031,30.5
0.384,0.023,30.5
0.309,0.021,30.5
0.201,0.024,30.5
0.092,0.034,30.5
0.032,0.059,30.5
0.0,0.1,30.5
0.0,0.126,30.5
0.0,0.124,30.5
0.0,0.109,30.5
0.0,0.094,30.5
0.0,0.086,30.5
0.0,0.087,30.5
0.0,0.102,30.5
0.0,0.119,30.5
0.032,0.103,30.5
0.102,0.082,30.5
0.214,0.103,30.5
0.328,0.1,30.5
0.428,0.088,30.5
0.483,0.076,30.5
0.415,0.065,30.5
0.337,0.061,30.5
0.236,0.077,30.5
0.23,0.095,30.5
0.23,0.106,30.5
0.167,0.12,30.5
0.125,0.134,30.5
0.071,0.142,30.5
0.017,0.168,30.5
0.0,0.212,30.5
0.0,0.223,30.5
0.0,0.202,30.5
0.0,0.167,30.5
0.0,0.134,30.5
0.0,0.11,30.5
0.0,0.088,30.5
0.0,0.069,30.5
0.0,0.058,30.5
0.02,0.047,30.5
0.081,0.035,30.5
0.157,0.043,30.5
0.228,0.053,30.5
0.297,0.054,30.5
0.302,0.05,30.5
0.28,0.041,30.5
0.344,0.035,30.5
0.333,0.031,30.5
0.251,0.033,30.5
0.151,0.037,30.5
0.148,0.044,30.5
0.137,0.053,30.5
0.074,0.062,30.5
0.022,0.083,30.5
0.0,0.118,30.5
0.0,0.14,30.5
0.0,0.141,30.5
0.0,0.132,30.5
0.0,0.136,30.5
0.0,0.138,30.5
0.0,0.124,30.5
0.0,0.098,30.5
0.0,0.076,30.5
0.006,0.054,30.5
0.034,0.029,30.5
0.084,0.017,30.5
0.171,0.023,30.5
0.353,0.031,30.5
0.538,0.032,30.5
0.562,0.025,30.5
0.503,0.017,30.5
0.432,0.017,30.5
0.399,0.019,30.5
0.364,0.026,30.5
0.265,0.037,30.5
0.141,0.058,30.5
0.087,0.076,30.5
0.036,0.088,30.5
0.0,0.116,30.5
0.0,0.141,30.5
0.0,0.162,30.5
0.0,0.181,30.5
0.0,0.201,30.5
0.0,0.213,30.5
0.0,0.213,30.5
0.0,0.203,30.5
0.0,0.192,30.5
0.029,0.155,30.5
0.097,0.112,30.5
0.256,0.153,30.5
0.393,0.186,30.5
0.509,0.223,30.5
0.609,0.249,30.5
0.633,0.253,30.5
0.613,0.238,30.5
0.605,0.227,30.5
0.583,0.225,30.5
0.466,0.213,30.5
0.346,0.202,30.5
0.247,0.204,30.5
0.105,0.196,30.5
0.034,0.207,30.5
0.0,0.203,30.5
0.0,0.163,30.5
0.0,0.12,30.5
0.0,0.113,30.5
0.0,0.126,30.5
0.0,0.1,30.5
0.0,0.083,30.5
0.0,0.174,30.5
0.0,0.201,30.5
0.03,0.106,30.5
0.091,0.035,30.5
0.167,0.022,30.5
0.237,0.016,30.5
0.314,0.009,30.5
0.39,0.011,30.5
0.447,0.012,30.5
0.499,0.01,30.5
0.51,0.005,30.5
0.469,0.002,30.5
0.384,0.002,30.5
0.281,0.004,30.5
0.189,0.01,30.5
0.097,0.02,30.5
0.029,0.037,30.5
0.0,0.066,30.5
0.0,0.109,30.5
0.0,0.17,30.5
0.0,0.212,30.5
0.0,0.215,30.5
0.0,0.218,30.5
0.0,0.301,30.5
0.0,0.367,30.5
0.0,0.368,30.5
0.032,0.307,30.5
0.099,0.265,30.5
0.213,0.385,30.5
0.326,0.443,30.5
0.449,0.478,30.5
0.573,0.476,30.5
0.643,0.479,30.5
0.653,0.481,30.5
0.61,0.466,30.5
0.504,0.432,30.5
0.415,0.392,30.5
0.276,0.369,30.5
0.178,0.355,30.5
0.083,0.348,30.5
0.03,0.32,30.5
0.0,0.309,30.5
0.0,0.301,30.5
0.0,0.255,30.5
0.0,0.206,30.5
0.0,0.182,30.5
0.0,0.168,30.5
0.0,0.175,30.5
0.0,0.195,30.5
0.0,0.213,30.5
0.026,0.184,30.5
0.081,0.121,30.5
0.159,0.121,30.5
0.225,0.129,30.5
0.269,0.133,30.5
0.309,0.131,30.5
0.357,0.115,30.5
0.336,0.092,30.5
0.306,0.069,30.5
0.265,0.051,30.5
0.216,0.036,30.5
0.156,0.023,30.5
0.099,0.015,30.5
0.049,0.009,30.5
0.012,0.004,30.5
0.0,0.002,30.5
0.0,0.005,30.5
0.0,0.01,30.5
0.0,0.014,30.5
0.0,0.022,30.5
0.0,0.036,30.5
0.0,0.054,30.5
0.0,0.07,30.5
0.0,0.079,30.5
0.007,0.083,30.5
0.029,0.067,30.5
0.058,0.044,30.5
0.097,0.037,30.5
0.154,0.035,30.5
0.235,0.025,30.5
0.25,0.014,30.5
0.246,0.01,30.5
0.206,0.01,30.5
0.169,0.008,30.5
0.153,0.008,30.5
0.148,0.007,30.5
0.142,0.007,30.5
0.086,0.01,30.5
0.029,0.018,30.5
0.0,0.029,30.5
0.0,0.038,30.5
0.0,0.039,30.5
0.0,0.032,30.5
0.0,0.024,30.5
0.0,0.018,30.5
0.0,0.012,30.5
0.0,0.006,30.5
0.0,0.004,30.5
0.035,0.004,30.5
0.109,0.005,30.5
0.229,0.024,30.5
0.351,0.045,30.5
0.465,0.065,30.5
0.455,0.073,30.5
0.351,0.067,30.5
0.307,0.056,30.5
0.277,0.045,30.5
0.217,0.036,30.5
0.181,0.034,30.5
0.104,0.03,30.5
0.039,0.02,30.5
0.015,0.014,30.5
0.002,0.025,30.5
0.0,0.054,30.5
0.0,0.086,30.5
0.0,0.099,30.5
0.0,0.112,30.5
0.0,0.137,30.5
0.0,0.168,30.5
0.0,0.214,30.5
0.0,0.239,30.5
0.0,0.233,30.5
0.019,0.208,30.5
0.063,0.187,30.5
0.174,0.232,30.5
0.339,0.246,30.5
0.515,0.204,30.5
0.626,0.151,30.5
0.642,0.105,30.5
0.589,0.071,30.5
0.542,0.048,30.5
0.491,0.036,30.5
0.407,0.029,30.5
0.304,0.025,30.5
0.192,0.022,30.5
0.079,0.023,30.5
0.024,0.027,30.5
0.0,0.034,30.5
0.0,0.04,30.5
0.0,0.054,30.5
0.0,0.076,30.5
0.0,0.103,30.5
0.0,0.144,30.5
0.0,0.187,30.5
0.0,0.217,30.5
0.0,0.22,30.5
0.033,0.171,30.5
0.101,0.093,30.5
0.252,0.109,30.5
0.404,0.121,30.5
0.506,0.111,30.5
0.551,0.108,30.5
0.587,0.112,30.5
0.587,0.122,30.5
0.533,0.134,30.5
0.446,0.141,30.5
0.334,0.147,30.5
0.214,0.153,30.5
0.133,0.151,30.5
0.085,0.141,30.5
0.033,0.157,30.5
0.0,0.208,30.5
0.0,0.251,30.5
0.0,0.256,30.5
0.0,0.233,30.5
0.0,0.199,30.5
0.0,0.168,30.5
0.0,0.146,30.5
0.0,0.133,30.5
0.0,0.113,30.5
0.032,0.077,30.5
0.098,0.05,30.5
0.234,0.049,30.5
0.401,0.068,30.5
0.517,0.09,30.5
0.579,0.107,30.5
0.631,0.117,30.5
0.67,0.121,30.5
0.664,0.123,30.5
0.616,0.12,30.5
0.494,0.118,30.5
0.383,0.113,30.5
0.245,0.104,30.5
0.108,0.097,30.5
0.036,0.102,30.5
0.0,0.117,30.5
0.0,0.112,30.5
0.0,0.092,30.5
0.0,0.065,30.5
0.0,0.039,30.5
0.0,0.021,30.5
0.0,0.015,30.5
0.0,0.024,30.5
0.0,0.053,30.5
0.028,0.093,30.5
0.094,0.077,30.5
0.257,0.077,30.5
0.419,0.089,30.5
0.552,0.078,30.5
0.627,0.07,30.5
0.64,0.072,30.5
0.67,0.084,30.5
0.677,0.087,30.5
0.624,0.092,30.5
0.531,0.109,30.5
0.346,0.14,30.5
0.167,0.174,30.5
0.076,0.206,30.5
0.024,0.261,30.5
0.0,0.306,30.5
0.0,0.282,30.5
0.0,0.201,30.5
0.0,0.155,30.5
0.0,0.151,30.5
0.0,0.177,30.5
0.0,0.206,30.5
0.0,0.201,30.5
0.0,0.186,30.5
0.027,0.157,30.5
0.096,0.122,30.5
0.255,0.083,30.5
0.427,0.066,30.5
0.565,0.063,30.5
0.659,0.068,30.5
0.716,0.065,30.5
0.736,0.068,30.5
0.715,0.074,30.5
0.654,0.075,30.5
0.551,0.072,30.5
0.406,0.067,30.5
0.25,0.059,30.5
0.109,0.054,30.5
0.032,0.063,30.5
0.0,0.084,30.5
0.0,0.093,30.5
0.0,0.093,30.5
0.0,0.085,30.5
0.0,0.073,30.5
0.0,0.053,30.5
0.0,0.031,30.5
0.0,0.017,30.5
0.0,0.014,30.5
0.026,0.02,30.5
0.089,0.016,30.5
0.253,0.007,30.5
0.414,0.004,30.5
0.548,0.005,30.5
0.643,0.008,30.5
0.699,0.013,30.5
0.716,0.019,30.5
0.695,0.027,30.5
0.638,0.035,30.5
0.544,0.045,30.5
0.415,0.058,30.5
0.26,0.077,30.5
0.106,0.108,30.5
0.029,0.156,30.5
0.0,0.225,30.5
0.0,0.272,30.5
0.0,0.29,30.5
0.0,0.302,30.5
0.0,0.311,30.5
0.0,0.313,30.5
0.0,0.305,30.5
0.0,0.292,30.5
0.0,0.274,30.5
0.023,0.22,30.5
0.087,0.102,30.5
0.255,0.047,30.5
0.417,0.065,30.5
0.55,0.086,30.5
0.646,0.112,30.5
0.701,0.134,30.5
0.717,0.151,30.5
0.698,0.158,30.5
0.641,0.158,30.5
0.548,0.153,30.5
0.421,0.152,30.5
0.265,0.171,30.5
0.105,0.211,30.5
0.026,0.278,30.5
0.0,0.367,30.5
0.0,0.407,30.5
0.0,0.425,30.5
0.0,0.422,30.5
0.0,0.424,30.5
0.0,0.402,30.5
0.0,0.382,30.5
0.0,0.365,30.5
0.0,0.326,30.5
0.026,0.216,30.5
0.09,0.124,30.5
0.251,0.208,30.5
0.412,0.22,30.5
0.544,0.218,30.5
0.636,0.21,30.5
0.687,0.185,30.5
0.697,0.152,30.5
0.671,0.124,30.5
0.605,0.111,30.5
0.493,0.108,30.5
0.347,0.115,30.5
0.222,0.127,30.5
0.099,0.153,30.5
0.034,0.19,30.5
0.0,0.285,30.5
0.0,0.382,30.5
0.0,0.395,30.5
0.0,0.37,30.5
0.0,0.347,30.5
0.0,0.33,30.5
0.0,0.328,30.5
0.0,0.332,30.5
0.0,0.328,30.5
0.028,0.265,30.5
0.092,0.173,30.5
0.252,0.201,30.5
0.411,0.262,30.5
0.542,0.247,30.5
0.636,0.2,30.5
0.69,0.151,30.5
0.706,0.108,30.5
0.685,0.075,30.5
0.625,0.049,30.5
0.508,0.034,30.5
0.29,0.034,30.5
0.114,0.054,30.5
0.037,0.085,30.5
0.002,0.107,30.5
0.0,0.115,30.5
0.0,0.106,30.5
0.0,0.09,30.5
0.0,0.079,30.5
0.0,0.092,30.5
0.0,0.121,30.5
0.0,0.164,30.5
0.0,0.219,30.5
0.0,0.28,30.5
0.034,0.243,30.5
0.098,0.149,30.5
0.181,0.107,30.5
0.268,0.152,30.5
0.381,0.309,30.5
0.292,0.432,30.5
0.273,0.43,30.5
0.272,0.442,30.5
0.355,0.446,30.5
0.484,0.457,30.5
0.475,0.47,30.5
0.372,0.484,30.5
0.247,0.471,30.5
0.111,0.426,30.5
0.037,0.364,30.5
0.0,0.353,30.5
0.0,0.367,30.5
0.0,0.352,30.5
0.0,0.329,30.5
0.0,0.348,30.5
0.0,0.368,30.5
0.0,0.332,30.5
0.0,0.286,30.5
0.0,0.277,30.5
0.019,0.249,30.5
0.058,0.228,30.5
0.101,0.282,30.5
0.131,0.32,30.5
0.161,0.371,30.5
0.197,0.38,30.5
0.244,0.365,30.5
0.396,0.371,30.5
0.607,0.358,30.5
0.569,0.337,30.5
0.422,0.323,30.5
0.339,0.315,30.5
0.226,0.317,30.5
0.098,0.283,30.5
0.028,0.223,30.5
0.0,0.192,30.5
0.0,0.162,30.5
0.0,0.16,30.5
0.0,0.178,30.5
0.0,0.197,30.5
0.0,0.215,30.5
0.0,0.218,30.5
0.0,0.2,30.5
0.0,0.165,30.5
0.029,0.111,30.5
0.094,0.069,30.5
0.253,0.086,30.5
0.403,0.14,30.5
0.434,0.213,30.5
0.381,0.266,30.5
0.602,0.305,30.5
0.696,0.362,30.5
0.701,0.422,30.5
0.658,0.459,30.5
0.561,0.477,30.5
0.429,0.501,30.5
0.271,0.534,30.5
0.112,0.538,30.5
0.034,0.519,30.5
0.0,0.486,30.5
0.0,0.453,30.5
0.0,0.402,30.5
0.0,0.352,30.5
0.0,0.337,30.5
0.0,0.352,30.5
0.0,0.328,30.5
0.0,0.346,30.5
0.0,0.368,30.5
0.028,0.306,30.5
0.092,0.394,30.5
0.255,0.52,30.5
0.418,0.602,30.5
0.525,0.625,30.5
0.644,0.599,30.5
0.685,0.568,30.5
0.674,0.54,30.5
0.595,0.521,30.5
0.466,0.513,30.5
0.35,0.501,30.5
0.24,0.505,30.5
0.146,0.497,30.5
0.076,0.458,30.5
0.026,0.431,30.5
0.0,0.418,30.5
0.0,0.413,30.5
0.0,0.388,30.5
0.0,0.403,30.5
0.0,0.428,30.5
0.0,0.382,30.5
0.0,0.349,30.5
0.0,0.369,30.5
0.0,0.352,30.5
0.024,0.301,30.5
0.075,0.251,30.5
0.139,0.305,30.5
0.223,0.392,30.5
0.337,0.466,30.5
0.415,0.538,30.5
0.421,0.561,30.5
0.463,0.558,30.5
0.443,0.546,30.5
0.411,0.527,30.5
0.332,0.486,30.5
0.263,0.428,30.5
0.18,0.368,30.5
0.088,0.268,30.5
0.026,0.204,30.5
0.0,0.182,30.5
0.0,0.174,30.5
0.0,0.176,30.5
0.0,0.181,30.5
0.0,0.188,30.5
0.0,0.193,30.5
0.0,0.198,30.5
0.0,0.208,30.5
0.0,0.212,30.5
0.029,0.157,30.5
0.093,0.13,30.5
0.245,0.171,30.5
0.398,0.188,30.5
0.521,0.193,30.5
0.581,0.206,30.5
0.521,0.219,30.5
0.537,0.234,30.5
0.391,0.243,30.5
0.272,0.25,30.5
0.267,0.248,30.5
0.209,0.254,30.5
0.151,0.255,30.5
0.104,0.222,30.5
0.036,0.178,30.5
0.0,0.237,30.5
0.0,0.293,30.5
0.0,0.296,30.5
0.0,0.286,30.5
0.0,0.278,30.5
0.0,0.26,30.5
0.0,0.236,30.5
0.0,0.241,30.5
0.0,0.25,30.5
0.028,0.2,30.5
0.091,0.214,30.5
0.248,0.219,30.5
0.398,0.203,30.5
0.47,0.206,30.5
0.466,0.22,30.5
0.582,0.235,30.5
0.698,0.249,30.5
0.681,0.26,30.5
0.61,0.275,30.5
0.482,0.286,30.5
0.351,0.296,30.5
0.206,0.311,30.5
0.098,0.314,30.5
0.027,0.294,30.5
0.0,0.282,30.5
0.0,0.277,30.5
0.0,0.274,30.5
0.0,0.286,30.5
0.0,0.295,30.5
0.0,0.297,30.5
0.0,0.298,30.5
0.0,0.296,30.5
0.0,0.289,30.5
0.029,0.248,30.5
0.092,0.2,30.5
0.16,0.346,30.5
0.238,0.501,30.5
0.363,0.58,30.5
0.516,0.618,30.5
0.54,0.63,30.5
0.375,0.633,30.5
0.211,0.608,30.5
0.287,0.596,30.5
0.35,0.615,30.5
0.265,0.63,30.5
0.145,0.613,30.5
0.044,0.554,30.5
0.016,0.529,30.5
0.0,0.557,30.5
0.0,0.565,30.5
0.0,0.564,30.5
0.0,0.568,30.5
0.0,0.59,30.5
0.0,0.58,30.5
0.0,0.57,30.5
0.0,0.572,30.5
0.0,0.566,30.5
0.029,0.547,30.5
0.09,0.62,30.5
0.234,0.724,30.5
0.395,0.737,30.5
0.49,0.75,30.5
0.496,0.774,30.5
0.597,0.806,30.5
0.648,0.831,30.5
0.635,0.841,30.5
0.583,0.838,30.5
0.42,0.818,30.5
0.262,0.777,30.5
0.198,0.745,30.5
0.106,0.695,30.5
0.033,0.635,30.5
0.0,0.612,30.5
0.0,0.59,30.5
0.0,0.621,30.5
0.0,0.607,30.5
0.0,0.569,30.5
0.0,0.526,30.5
0.0,0.488,30.5
0.0,0.457,30.5
0.0,0.413,30.5
0.026,0.343,30.5
0.087,0.505,30.5
0.248,0.522,30.5
0.414,0.501,30.5
0.547,0.528,30.5
0.62,0.583,30.5
0.647,0.628,30.5
0.643,0.65,30.5
0.565,0.666,30.5
0.533,0.656,30.5
0.488,0.617,30.5
0.386,0.581,30.5
0.248,0.547,30.5
0.109,0.488,30.5
0.031,0.379,30.5
0.0,0.294,30.5
0.0,0.272,30.5
0.0,0.254,30.5
0.0,0.241,30.5
0.0,0.21,30.5
0.0,0.172,30.5
0.0,0.128,30.5
0.0,0.093,30.5
0.0,0.066,30.5
0.025,0.041,30.5
0.087,0.016,30.5
0.26,0.014,30.5
0.426,0.027,30.5
0.557,0.061,30.5
0.638,0.118,30.5
0.651,0.194,30.5
0.636,0.274,30.5
0.562,0.337,30.5
0.421,0.371,30.5
0.365,0.352,30.5
0.241,0.294,30.5
0.211,0.248,30.5
0.085,0.205,30.5
0.019,0.137,30.5
0.0,0.092,30.5
0.0,0.056,30.5
0.0,0.028,30.5
0.0,0.01,30.5
0.0,0.006,30.5
0.0,0.021,30.5
0.0,0.057,30.5
0.0,0.11,30.5
0.0,0.147,30.5
0.011,0.127,30.5
0.054,0.117,30.5
0.119,0.134,30.5
0.185,0.138,30.5
0.21,0.138,30.5
0.218,0.145,30.5
0.242,0.161,30.5
0.239,0.179,30.5
0.17,0.185,30.5
0.126,0.168,30.5
0.079,0.118,30.5
0.074,0.081,30.5
0.109,0.085,30.5
0.068,0.076,30.5
0.021,0.055,30.5
0.0,0.069,30.5
0.0,0.11,30.5
0.0,0.15,30.5
0.0,0.174,30.5
0.0,0.183,30.5
0.0,0.188,30.5
0.0,0.202,30.5
0.0,0.236,30.5
0.0,0.272,30.5
0.01,0.274,30.5
0.072,0.241,30.5
0.173,0.316,30.5
0.221,0.398,30.5
0.271,0.456,30.5
0.318,0.477,30.5
0.358,0.495,30.5
0.467,0.51,30.5
0.501,0.51,30.5
0.431,0.488,30.5
0.326,0.447,30.5
0.286,0.407,30.5
0.213,0.349,30.5
0.108,0.261,30.5
0.031,0.192,30.5
0.0,0.138,30.5
0.0,0.064,30.5
0.0,0.024,30.5
0.0,0.007,30.5
0.0,0.002,30.5
0.0,0.012,30.5
0.0,0.033,30.5
0.0,0.074,30.5
0.0,0.145,30.5
0.015,0.195,30.5
0.096,0.292,30.5
0.184,0.442,30.5
0.242,0.567,30.5
0.322,0.622,30.5
0.372,0.643,30.5
0.239,0.621,30.5
0.152,0.601,30.5
0.281,0.585,30.5
0.411,0.512,30.5
0.319,0.416,30.5
0.323,0.325,30.5
0.239,0.272,30.5
0.11,0.232,30.5
0.034,0.186,30.5
0.0,0.179,30.5
0.0,0.18,30.5
0.0,0.158,30.5
0.0,0.123,30.5
0.0,0.088,30.5
0.0,0.061,30.5
0.0,0.044,30.5
0.0,0.033,30.5
0.0,0.025,30.5
0.024,0.016,30.5
0.083,0.014,30.5
0.251,0.03,30.5
0.416,0.04,30.5
0.552,0.046,30.5
0.643,0.051,30.5
0.698,0.06,30.5
0.712,0.07,30.5
0.683,0.082,30.5
0.605,0.093,30.5
0.493,0.102,30.5
0.367,0.107,30.5
0.206,0.107,30.5
0.084,0.105,30.5
0.023,0.102,30.5
0.0,0.112,30.5
0.0,0.114,30.5
0.0,0.113,30.5
0.0,0.109,30.5
0.0,0.099,30.5
0.0,0.085,30.5
0.0,0.07,30.5
0.0,0.054,30.5
0.0,0.041,30.5
0.022,0.031,30.5
0.079,0.021,30.5
0.248,0.027,30.5
0.412,0.025,30.5
0.548,0.026,30.5
0.65,0.031,30.5
0.713,0.036,30.5
0.742,0.043,30.5
0.722,0.054,30.5
0.664,0.063,30.5
0.567,0.067,30.5
0.433,0.066,30.5
0.27,0.068,30.5
0.106,0.079,30.5
0.027,0.125,30.5
0.0,0.215,30.5
0.0,0.27,30.5
0.0,0.272,30.5
0.0,0.255,30.5
0.0,0.234,30.5
0.0,0.222,30.5
0.0,0.223,30.5
0.0,0.227,30.5
0.0,0.205,30.5
0.024,0.144,30.5
0.087,0.057,30.5
0.207,0.018,30.5
0.335,0.004,30.5
0.459,0.001,30.5
0.552,0.001,30.5
0.609,0.001,30.5
0.627,0.001,30.5
0.603,0.004,30.5
0.567,0.008,30.5
0.508,0.018,30.5
0.394,0.036,30.5
0.242,0.055,30.5
0.103,0.083,30.5
0.029,0.142,30.5
0.0,0.207,30.5
0.0,0.212,30.5
0.0,0.175,30.5
0.0,0.125,30.5
0.0,0.079,30.5
0.0,0.045,30.5
0.0,0.03,30.5
0.0,0.032,30.5
0.0,0.038,30.5
0.021,0.039,30.5
0.082,0.023,30.5
0.173,0.015,30.5
0.288,0.018,30.5
0.413,0.027,30.5
0.482,0.039,30.5
0.518,0.056,30.5
0.509,0.084,30.5
0.428,0.12,30.5
0.307,0.162,30.5
0.23,0.186,30.5
0.152,0.184,30.5
0.069,0.148,30.5
0.026,0.087,30.5
0.001,0.037,30.5
0.0,0.017,30.5
0.0,0.011,30.5
0.0,0.013,30.5
0.0,0.025,30.5
0.0,0.041,30.5
0.0,0.065,30.5
0.0,0.102,30.5
0.0,0.141,30.5
0.0,0.158,30.5
0.023,0.131,30.5
0.084,0.122,30.5
0.245,0.104,30.5
0.417,0.091,30.5
0.564,0.098,30.5
0.665,0.112,30.5
0.727,0.134,30.5
0.743,0.155,30.5
0.721,0.167,30.5
0.659,0.167,30.5
0.551,0.158,30.5
0.404,0.139,30.5
0.238,0.121,30.5
0.097,0.104,30.5
0.02,0.085,30.5
0.0,0.076,30.5
0.0,0.071,30.5
0.0,0.074,30.5
0.0,0.084,30.5
0.0,0.087,30.5
0.0,0.083,30.5
0.0,0.08,30.5
0.0,0.083,30.5
0.0,0.082,30.5
0.008,0.068,30.5
0.047,0.059,30.5
0.096,0.07,30.5
0.148,0.083,30.5
0.164,0.096,30.5
0.187,0.11,30.5
0.217,0.118,30.5
0.261,0.124,30.5
0.288,0.136,30.5
0.315,0.147,30.5
0.309,0.155,30.5
0.266,0.165,30.5
0.185,0.172,30.5
0.077,0.162,30.5
0.02,0.134,30.5
0.0,0.155,30.5
0.0,0.169,30.5
0.0,0.172,30.5
0.0,0.167,30.5
0.0,0.163,30.5
0.0,0.145,30.5
0.0,0.133,30.5
0.0,0.125,30.5
0.0,0.122,30.5
0.015,0.106,30.5
0.081,0.071,30.5
0.186,0.051,30.5
0.331,0.028,30.5
0.489,0.014,30.5
0.534,0.01,30.5
0.557,0.012,30.5
0.595,0.02,30.5
0.531,0.034,30.5
0.459,0.048,30.5
0.383,0.058,30.5
0.247,0.064,30.5
0.176,0.062,30.5
0.1,0.052,30.5
0.027,0.043,30.5
0.0,0.035,30.5
0.0,0.022,30.5
0.0,0.01,30.5
0.0,0.003,30.5
0.0,0.003,30.5
0.0,0.005,30.5
0.0,0.011,30.5
0.0,0.018,30.5
0.0,0.023,30.5
0.023,0.023,30.5
0.083,0.012,30.5
0.212,0.006,30.5
0.34,0.003,30.5
0.431,0.002,30.5
0.518,0.002,30.5
0.551,0.002,30.5
0.607,0.002,30.5
0.6,0.002,30.5
0.519,0.002,30.5
0.437,0.006,30.5
0.331,0.011,30.5
0.205,0.014,30.5
0.094,0.018,30.5
0.024,0.035,30.5
0.0,0.055,30.5
0.0,0.059,30.5
0.0,0.063,30.5
0.0,0.07,30.5
0.0,0.081,30.5
0.0,0.082,30.5
0.0,0.076,30.5
0.0,0.076,30.5
0.0,0.076,30.5
0.022,0.071,30.5
0.08,0.041,30.5
0.22,0.031,30.5
0.337,0.042,30.5
0.425,0.063,30.5
0.45,0.08,30.5
0.401,0.094,30.5
0.325,0.108,30.5
0.325,0.118,30.5
0.427,0.112,30.5
0.533,0.101,30.5
0.415,0.101,30.5
0.252,0.113,30.5
0.103,0.141,30.5
0.024,0.212,30.5
0.0,0.296,30.5
0.0,0.311,30.5
0.0,0.258,30.5
0.0,0.186,30.5
0.0,0.143,30.5
0.0,0.124,30.5
0.0,0.133,30.5
0.0,0.168,30.5
0.0,0.209,30.5
0.02,0.202,30.5
0.077,0.22,30.5
0.144,0.228,30.5
0.244,0.206,30.5
0.381,0.177,30.5
0.505,0.151,30.5
0.582,0.125,30.5
0.588,0.108,30.5
0.659,0.1,30.5
0.635,0.099,30.5
0.558,0.108,30.5
0.42,0.124,30.5
0.241,0.144,30.5
0.099,0.172,30.5
0.025,0.223,30.5
0.0,0.316,30.5
0.0,0.343,30.5
0.0,0.325,30.5
0.0,0.289,30.5
0.0,0.251,30.5
0.0,0.21,30.5
0.0,0.168,30.5
0.0,0.13,30.5
0.0,0.098,30.5
0.016,0.068,30.5
0.068,0.048,30.5
0.247,0.062,30.5
0.424,0.068,30.5
0.569,0.082,30.5
0.672,0.094,30.5
0.732,0.103,30.5
0.751,0.114,30.5
0.729,0.122,30.5
0.67,0.126,30.5
0.571,0.129,30.5
0.434,0.134,30.5
0.267,0.141,30.5
0.1,0.144,30.5
0.02,0.167,30.5
0.0,0.229,30.5
0.0,0.259,30.5
0.0,0.247,30.5
0.0,0.22,30.5
0.0,0.185,30.5
0.0,0.141,30.5
0.0,0.098,30.5
0.0,0.061,30.5
0.0,0.043,30.5
0.02,0.037,30.5
0.076,0.027,30.5
0.239,0.027,30.5
0.402,0.02,30.5
0.545,0.019,30.5
0.644,0.02,30.5
0.642,0.028,30.5
0.472,0.048,30.5
0.347,0.07,30.5
0.29,0.084,30.5
0.316,0.084,30.5
0.291,0.084,30.5
0.204,0.093,30.5
0.098,0.112,30.5
0.023,0.167,30.5
0.0,0.259,30.5
0.0,0.291,30.5
0.0,0.279,30.5
0.0,0.253,30.5
0.0,0.212,30.5
0.0,0.161,30.5
0.0,0.107,30.5
0.0,0.069,30.5
0.0,0.041,30.5
0.016,0.024,30.5
0.068,0.008,30.5
0.241,0.007,30.5
0.412,0.012,30.5
0.551,0.013,30.5
0.65,0.012,30.5
0.708,0.011,30.5
0.725,0.014,30.5
0.704,0.019,30.5
0.643,0.025,30.5
0.542,0.027,30.5
0.406,0.025,30.5
0.24,0.021,30.5
0.093,0.02,30.5
0.02,0.031,30.5
0.0,0.038,30.5
0.0,0.031,30.5
0.0,0.026,30.5
0.0,0.019,30.5
0.0,0.004,30.5
0.0,0.012,30.5
0.0,0.106,30.5
0.0,0.219,30.5
0.0,0.232,30.5
0.016,0.19,30.5
0.075,0.136,30.5
0.231,0.185,30.5
0.401,0.228,30.5
0.54,0.247,30.5
0.637,0.251,30.5
0.694,0.238,30.5
0.707,0.231,30.5
0.647,0.232,30.5
0.542,0.231,30.5
0.446,0.218,30.5
0.289,0.212,30.5
0.175,0.21,30.5
0.088,0.195,30.5
0.017,0.158,30.5
0.0,0.144,30.5
0.0,0.133,30.5
0.0,0.116,30.5
0.0,0.113,30.5
0.0,0.123,30.5
0.0,0.139,30.5
0.0,0.151,30.5
0.0,0.159,30.5
0.0,0.171,30.5
0.016,0.169,30.5
0.077,0.115,30.5
0.172,0.175,30.5
0.286,0.231,30.5
0.451,0.269,30.5
0.584,0.295,30.5
0.575,0.311,30.5
0.498,0.323,30.5
0.394,0.3,30.5
0.316,0.243,30.5
0.3,0.192,30.5
0.231,0.176,30.5
0.15,0.17,30.5
0.063,0.142,30.5
0.004,0.12,30.5
0.0,0.124,30.5
0.0,0.163,30.5
0.0,0.219,30.5
0.0,0.265,30.5
0.0,0.309,30.5
0.0,0.341,30.5
0.0,0.316,30.5
0.0,0.338,30.5
0.0,0.375,30.5
0.014,0.362,30.5
0.071,0.335,30.5
0.188,0.296,30.5
0.378,0.253,30.5
0.549,0.264,30.5
0.651,0.294,30.5
0.706,0.328,30.5
0.715,0.359,30.5
0.607,0.382,30.5
0.366,0.395,30.5
0.288,0.371,30.5
0.249,0.284,30.5
0.187,0.213,30.5
0.09,0.162,30.5
0.018,0.108,30.5
0.0,0.072,30.5
0.0,0.06,30.5
0.0,0.074,30.5
0.0,0.103,30.5
0.0,0.122,30.5
0.0,0.109,30.5
0.0,0.085,30.5
0.0,0.055,30.5
0.0,0.066,30.5
0.016,0.131,30.5
0.076,0.133,30.5
0.212,0.196,30.5
0.267,0.278,30.5
0.261,0.312,30.5
0.23,0.287,30.5
0.251,0.229,30.5
0.349,0.213,30.5
0.476,0.253,30.5
0.504,0.31,30.5
0.414,0.356,30.5
0.34,0.404,30.5
0.219,0.43,30.5
0.092,0.399,30.5
0.018,0.394,30.5
0.0,0.4,30.5
0.0,0.381,30.5
0.0,0.362,30.5
0.0,0.362,30.5
0.0,0.368,30.5
0.0,0.367,30.5
0.0,0.334,30.5
0.0,0.311,30.5
0.0,0.291,30.5
0.011,0.259,30.5
0.063,0.311,30.5
0.128,0.378,30.5
0.256,0.428,30.5
0.422,0.484,30.5
0.5,0.503,30.5
0.618,0.488,30.5
0.679,0.459,30.5
0.673,0.459,30.5
0.619,0.481,30.5
0.445,0.506,30.5
0.318,0.522,30.5
0.231,0.506,30.5
0.088,0.466,30.5
0.012,0.379,30.5
0.0,0.308,30.5
0.0,0.245,30.5
0.0,0.218,30.5
0.0,0.217,30.5
0.0,0.233,30.5
0.0,0.258,30.5
0.0,0.264,30.5
0.0,0.266,30.5
0.0,0.245,30.5
0.012,0.185,30.5
0.063,0.132,30.5
0.236,0.133,30.5
0.413,0.136,30.5
0.557,0.152,30.5
0.657,0.156,30.5
0.713,0.157,30.5
0.738,0.158,30.5
0.718,0.157,30.5
0.658,0.154,30.5
0.559,0.148,30.5
0.421,0.143,30.5
0.252,0.14,30.5
0.091,0.14,30.5
0.015,0.165,30.5
0.0,0.212,30.5
0.0,0.22,30.5
0.0,0.196,30.5
0.0,0.163,30.5
0.0,0.134,30.5
0.0,0.114,30.5
0.0,0.103,30.5
0.0,0.104,30.5
0.0,0.104,30.5
0.012,0.099,30.5
0.07,0.053,30.5
0.197,0.022,30.5
0.307,0.007,30.5
0.382,0.003,30.5
0.401,0.002,30.5
0.557,0.003,30.5
0.641,0.003,30.5
0.68,0.003,30.5
0.63,0.003,30.5
0.534,0.01,30.5
0.403,0.019,30.5
0.244,0.032,30.5
0.086,0.077,30.5
0.014,0.201,30.5
0.0,0.311,30.5
0.0,0.338,30.5
0.0,0.311,30.5
0.0,0.264,30.5
0.0,0.233,30.5
0.0,0.217,30.5
0.0,0.211,30.5
0.0,0.206,30.5
0.0,0.203,30.5
0.01,0.206,30.5
0.059,0.139,30.5
0.227,0.061,30.5
0.394,0.047,30.5
0.53,0.057,30.5
0.626,0.052,30.5
0.682,0.044,30.5
0.698,0.037,30.5
0.678,0.035,30.5
0.62,0.037,30.5
0.526,0.042,30.5
0.397,0.048,30.5
0.239,0.054,30.5
0.084,0.061,30.5
0.012,0.116,30.5
0.0,0.22,30.5
0.0,0.341,30.5
0.0,0.463,30.5
0.0,0.543,30.5
0.0,0.562,30.5
0.0,0.539,30.5
0.0,0.498,30.5
0.0,0.432,30.5
0.0,0.313,30.5
0.003,0.207,30.5
0.052,0.108,30.5
0.14,0.085,30.5
0.258,0.109,30.5
0.385,0.113,30.5
0.502,0.105,30.5
0.548,0.109,30.5
0.557,0.125,30.5
0.568,0.134,30.5
0.553,0.13,30.5
0.433,0.124,30.5
0.276,0.137,30.5
0.158,0.178,30.5
0.063,0.253,30.5
0.01,0.302,30.5
0.0,0.283,30.5
0.0,0.225,30.5
0.0,0.169,30.5
0.0,0.118,30.5
0.0,0.096,30.5
0.0,0.085,30.5
0.0,0.077,30.5
0.0,0.074,30.5
0.0,0.082,30.5
0.002,0.102,30.5
0.041,0.087,30.5
0.093,0.094,30.5
0.151,0.105,30.5
0.231,0.128,30.5
0.354,0.156,30.5
0.425,0.179,30.5
0.443,0.2,30.5
0.485,0.192,30.5
0.487,0.172,30.5
0.411,0.162,30.5
0.279,0.178,30.5
0.139,0.201,30.5
0.053,0.223,30.5
0.007,0.224,30.5
0.0,0.26,30.5
0.0,0.263,30.5
0.0,0.22,30.5
0.0,0.154,30.5
0.0,0.102,30.5
0.0,0.064,30.5
0.0,0.035,30.5
0.0,0.018,30.5
0.0,0.011,30.5
0.01,0.009,30.5
0.071,0.005,30.5
0.15,0.013,30.5
0.224,0.017,30.5
0.309,0.014,30.5
0.358,0.017,30.5
0.402,0.028,30.5
0.484,0.041,30.5
0.531,0.051,30.5
0.47,0.057,30.5
0.315,0.069,30.5
0.164,0.099,30.5
0.078,0.152,30.5
0.032,0.208,30.5
0.002,0.275,30.5
0.0,0.315,30.5
0.0,0.271,30.5
0.0,0.225,30.5
0.0,0.214,30.5
0.0,0.201,30.5
0.0,0.178,30.5
0.0,0.149,30.5
0.0,0.138,30.5
0.0,0.128,30.5
0.004,0.102,30.5
0.056,0.062,30.5
0.18,0.068,30.5
0.383,0.073,30.5
0.515,0.07,30.5
0.615,0.068,30.5
0.668,0.074,30.5
0.702,0.081,30.5
0.696,0.088,30.5
0.645,0.091,30.5
0.55,0.083,30.5
0.418,0.07,30.5
0.25,0.06,30.5
0.085,0.041,30.5
0.01,0.031,30.5
0.0,0.018,30.5
0.0,0.008,30.5
0.0,0.009,30.5
0.0,0.018,30.5
0.0,0.041,30.5
0.0,0.089,30.5
0.0,0.148,30.5
0.0,0.2,30.5
0.0,0.241,30.5
0.005,0.279,30.5
0.055,0.206,30.5
0.226,0.119,30.5
0.398,0.128,30.5
0.539,0.112,30.5
0.639,0.097,30.5
0.697,0.085,30.5
0.715,0.077,30.5
0.694,0.067,30.5
0.635,0.054,30.5
0.538,0.04,30.5
0.402,0.034,30.5
0.239,0.031,30.5
0.079,0.034,30.5
0.008,0.054,30.5
0.0,0.124,30.5
0.0,0.25,30.5
0.0,0.361,30.5
0.0,0.407,30.5
0.0,0.433,30.5
0.0,0.437,30.5
0.0,0.428,30.5
0.0,0.407,30.5
0.0,0.379,30.5
0.004,0.348,30.5
0.055,0.22,30.5
0.212,0.114,30.5
0.364,0.107,30.5
0.511,0.091,30.5
0.621,0.079,30.5
0.678,0.068,30.5
0.693,0.056,30.5
0.67,0.043,30.5
0.601,0.034,30.5
0.502,0.028,30.5
0.372,0.029,30.5
0.223,0.034,30.5
0.077,0.048,30.5
0.008,0.074,30.5
0.0,0.102,30.5
0.0,0.127,30.5
0.0,0.146,30.5
0.0,0.162,30.5
0.0,0.172,30.5
0.0,0.174,30.5
0.0,0.167,30.5
0.0,0.155,30.5
0.0,0.152,30.5
0.003,0.156,30.5
0.051,0.131,30.5
0.213,0.058,30.5
0.378,0.023,30.5
0.513,0.019,30.5
0.609,0.02,30.5
0.667,0.019,30.5
0.685,0.016,30.5
0.666,0.014,30.5
0.609,0.013,30.5
0.515,0.014,30.5
0.383,0.016,30.5
0.225,0.019,30.5
0.073,0.037,30.5
0.005,0.09,30.5
0.0,0.139,30.5
0.0,0.153,30.5
0.0,0.148,30.5
0.0,0.144,30.5
0.0,0.152,30.5
0.0,0.163,30.5
0.0,0.16,30.5
0.0,0.141,30.5
0.0,0.117,30.5
0.002,0.093,30.5
0.05,0.068,30.5
0.207,0.025,30.5
0.37,0.003,30.5
0.502,0.001,30.5
0.598,0.002,30.5
0.655,0.003,30.5
0.673,0.005,30.5
0.652,0.008,30.5
0.595,0.016,30.5
0.501,0.037,30.5
0.37,0.068,30.5
0.214,0.118,30.5
0.069,0.225,30.5
0.004,0.368,30.5
0.0,0.43,30.5
0.0,0.393,30.5
0.0,0.34,30.5
0.0,0.286,30.5
0.0,0.233,30.5
0.0,0.177,30.5
0.0,0.13,30.5
0.0,0.101,30.5
0.0,0.073,30.5
0.0,0.055,30.5
0.047,0.045,30.5
0.134,0.024,30.5
0.236,0.012,30.5
0.315,0.008,30.5
0.361,0.004,30.5
0.382,0.009,30.5
0.406,0.019,30.5
0.426,0.034,30.5
0.418,0.045,30.5
0.329,0.053,30.5
0.229,0.048,30.5
0.136,0.03,30.5
0.053,0.018,30.5
0.001,0.032,30.5
0.0,0.063,30.5
0.0,0.091,30.5
0.0,0.112,30.5
0.0,0.124,30.5
0.0,0.117,30.5
0.0,0.101,30.5
0.0,0.09,30.5
0.0,0.1,30.5
0.0,0.128,30.5
0.0,0.158,30.5
0.054,0.127,30.5
0.176,0.108,30.5
0.312,0.101,30.5
0.433,0.057,30.5
0.525,0.028,30.5
0.581,0.014,30.5
0.607,0.008,30.5
0.607,0.007,30.5
0.543,0.009,30.5
0.4,0.014,30.5
0.245,0.024,30.5
0.113,0.038,30.5
0.035,0.071,30.5
0.0,0.122,30.5
0.0,0.158,30.5
0.0,0.175,30.5
0.0,0.193,30.5
0.0,0.201,30.5
0.0,0.18,30.5
0.0,0.156,30.5
0.0,0.143,30.5
0.0,0.144,30.5
0.0,0.155,30.5
0.0,0.173,30.5
0.04,0.147,30.5
0.129,0.099,30.5
0.221,0.094,30.5
0.306,0.087,30.5
0.396,0.088,30.5
0.469,0.093,30.5
0.508,0.086,30.5
0.505,0.07,30.5
0.469,0.055,30.5
0.348,0.047,30.5
0.206,0.05,30.5
0.087,0.07,30.5
0.023,0.112,30.5
0.0,0.193,30.5
0.0,0.302,30.5
0.0,0.376,30.5
0.0,0.352,30.5
0.0,0.291,30.5
0.0,0.233,30.5
0.0,0.199,30.5
0.0,0.183,30.5
0.0,0.181,30.5
0.0,0.188,30.5
0.0,0.185,30.5
0.049,0.127,30.5
0.161,0.103,30.5
0.296,0.086,30.5
0.431,0.073,30.5
0.574,0.071,30.5
0.631,0.076,30.5
0.643,0.08,30.5
0.616,0.075,30.5
0.548,0.063,30.5
0.441,0.052,30.5
0.272,0.048,30.5
0.15,0.053,30.5
0.05,0.066,30.5
0.0,0.092,30.5
0.0,0.128,30.5
0.0,0.159,30.5
0.0,0.187,30.5
0.0,0.194,30.5
0.0,0.176,30.5
0.0,0.172,30.5
0.0,0.183,30.5
0.0,0.186,30.5
0.0,0.171,30.5
0.0,0.157,30.5
0.051,0.102,30.5
0.17,0.061,30.5
0.328,0.05,30.5
0.427,0.03,30.5
0.425,0.024,30.5
0.36,0.029,30.5
0.352,0.049,30.5
0.341,0.1,30.5
0.227,0.151,30.5
0.135,0.169,30.5
0.096,0.149,30.5
0.072,0.11,30.5
0.03,0.084,30.5
0.0,0.068,30.5
0.0,0.068,30.5
0.0,0.076,30.5
0.0,0.095,30.5
0.0,0.126,30.5
0.0,0.152,30.5
0.0,0.159,30.5
0.0,0.155,30.5
0.0,0.152,30.5
0.0,0.152,30.5
0.0,0.153,30.5
0.041,0.108,30.5
0.139,0.104,30.5
0.258,0.113,30.5
0.335,0.088,30.5
0.359,0.074,30.5
0.357,0.072,30.5
0.316,0.079,30.5
0.306,0.088,30.5
0.253,0.088,30.5
0.195,0.083,30.5
0.141,0.069,30.5
0.088,0.045,30.5
0.033,0.024,30.5
0.0,0.01,30.5
0.0,0.004,30.5
0.0,0.005,30.5
0.0,0.009,30.5
0.0,0.013,30.5
0.0,0.016,30.5
0.0,0.02,30.5
0.0,0.027,30.5
0.0,0.036,30.5
0.0,0.046,30.5
0.0,0.053,30.5
0.039,0.036,30.5
0.125,0.023,30.5
0.225,0.015,30.5
0.331,0.01,30.5
0.434,0.007,30.5
0.453,0.007,30.5
0.387,0.012,30.5
0.339,0.022,30.5
0.275,0.04,30.5
0.256,0.058,30.5
0.194,0.071,30.5
0.121,0.079,30.5
0.047,0.089,30.5
0.0,0.113,30.5
0.0,0.136,30.5
0.0,0.136,30.5
0.0,0.138,30.5
0.0,0.152,30.5
0.0,0.167,30.5
0.0,0.179,30.5
0.0,0.19,30.5
0.0,0.196,30.5
0.0,0.194,30.5
0.0,0.183,30.5
0.049,0.121,30.5
0.168,0.069,30.5
0.304,0.068,30.5
0.384,0.066,30.5
0.382,0.06,30.5
0.303,0.058,30.5
0.24,0.06,30.5
0.19,0.067,30.5
0.152,0.071,30.5
0.127,0.072,30.5
0.1,0.066,30.5
0.083,0.056,30.5
0.034,0.054,30.5
0.0,0.058,30.5
0.0,0.063,30.5
0.0,0.065,30.5
0.0,0.054,30.5
0.0,0.047,30.5
0.0,0.058,30.5
0.0,0.087,30.5
0.0,0.113,30.5
0.0,0.124,30.5
0.0,0.117,30.5
0.0,0.093,30.5
0.022,0.057,30.5
0.055,0.047,30.5
0.071,0.078,30.5
0.117,0.12,30.5
0.144,0.122,30.5
0.174,0.087,30.5
0.238,0.045,30.5
0.301,0.022,30.5
0.325,0.017,30.5
0.334,0.028,30.5
0.254,0.041,30.5
0.138,0.053,30.5
0.042,0.065,30.5
0.0,0.101,30.5
0.0,0.156,30.5
0.0,0.201,30.5
0.0,0.222,30.5
0.0,0.179,30.5
0.0,0.12,30.5
0.0,0.101,30.5
0.0,0.121,30.5
0.0,0.151,30.5
0.0,0.168,30.5
0.0,0.168,30.5
0.033,0.119,30.5
0.112,0.097,30.5
0.222,0.112,30.5
0.367,0.107,30.5
0.479,0.115,30.5
0.529,0.122,30.5
0.503,0.122,30.5
0.434,0.121,30.5
0.352,0.122,30.5
0.275,0.118,30.5
0.184,0.109,30.5
0.098,0.098,30.5
0.034,0.076,30.5
0.0,0.063,30.5
0.0,0.051,30.5
0.0,0.045,30.5
0.0,0.048,30.5
0.0,0.053,30.5
0.0,0.061,30.5
0.0,0.069,30.5
0.0,0.071,30.5
0.0,0.083,30.5
0.0,0.1,30.5
0.0,0.126,30.5
0.045,0.126,30.5
0.203,0.073,30.5
0.378,0.077,30.5
0.511,0.076,30.5
0.444,0.084,30.5
0.357,0.095,30.5
0.405,0.098,30.5
0.491,0.097,30.5
0.363,0.098,30.5
0.243,0.112,30.5
0.157,0.128,30.5
0.073,0.142,30.5
0.019,0.177,30.5
0.0,0.217,30.5
0.0,0.241,30.5
0.0,0.269,30.5
0.0,0.318,30.5
0.0,0.355,30.5
0.0,0.363,30.5
0.0,0.362,30.5
0.0,0.379,30.5
0.0,0.395,30.5
0.0,0.348,30.5
0.0,0.286,30.5
0.042,0.206,30.5
0.194,0.144,30.5
0.363,0.124,30.5
0.48,0.071,30.5
0.567,0.04,30.5
0.642,0.038,30.5
0.618,0.053,30.5
0.556,0.078,30.5
0.467,0.115,30.5
0.342,0.163,30.5
0.196,0.208,30.5
0.096,0.234,30.5
0.029,0.344,30.5
0.0,0.495,30.5
0.0,0.571,30.5
0.0,0.59,30.5
0.0,0.595,30.5
0.0,0.601,30.5
0.0,0.599,30.5
0.0,0.615,30.5
0.0,0.606,30.5
0.0,0.549,30.5
0.0,0.391,30.5
0.0,0.285,30.5
0.006,0.241,30.5
0.06,0.135,30.5
0.146,0.063,30.5
0.238,0.072,30.5
0.35,0.123,30.5
0.401,0.18,30.5
0.324,0.233,30.5
0.329,0.281,30.5
0.311,0.341,30.5
0.2,0.4,30.5
0.139,0.407,30.5
0.098,0.37,30.5
0.039,0.365,30.5
0.0,0.362,30.5
0.0,0.35,30.5
0.0,0.343,30.5
0.0,0.347,30.5
0.0,0.358,30.5
0.0,0.347,30.5
0.0,0.328,30.5
0.0,0.305,30.5
0.0,0.275,30.5
0.0,0.274,30.5
0.0,0.277,30.5
0.014,0.222,30.5
0.065,0.191,30.5
0.239,0.28,30.5
0.513,0.362,30.5
0.617,0.439,30.5
0.672,0.506,30.5
0.695,0.547,30.5
0.677,0.561,30.5
0.621,0.568,30.5
0.476,0.576,30.5
0.255,0.571,30.5
0.104,0.525,30.5
0.011,0.429,30.5
0.0,0.29,30.5
0.0,0.206,30.5
0.0,0.182,30.5
0.0,0.209,30.5
0.0,0.253,30.5
0.0,0.272,30.5
0.0,0.272,30.5
0.0,0.291,30.5
0.0,0.285,30.5
0.0,0.296,30.5
0.0,0.311,30.5
0.037,0.289,30.5
0.197,0.41,30.5
0.38,0.471,30.5
0.522,0.5,30.5
0.625,0.511,30.5
0.685,0.519,30.5
0.704,0.52,30.5
0.631,0.511,30.5
0.571,0.495,30.5
0.49,0.479,30.5
0.321,0.454,30.5
0.132,0.397,30.5
0.034,0.291,30.5
0.0,0.227,30.5
0.0,0.209,30.5
0.0,0.195,30.5
0.0,0.203,30.5
0.0,0.22,30.5
0.0,0.225,30.5
0.0,0.225,30.5
0.0,0.218,30.5
0.0,0.214,30.5
0.0,0.207,30.5
0.0,0.225,30.5
0.02,0.217,30.5
0.104,0.289,30.5
0.276,0.325,30.5
0.475,0.344,30.5
0.578,0.364,30.5
0.612,0.388,30.5
0.634,0.379,30.5
0.646,0.343,30.5
0.608,0.314,30.5
0.512,0.306,30.5
0.36,0.311,30.5
0.179,0.297,30.5
0.043,0.241,30.5
0.0,0.219,30.5
0.0,0.229,30.5
0.0,0.227,30.5
0.0,0.209,30.5
0.0,0.193,30.5
0.0,0.174,30.5
0.0,0.142,30.5
0.0,0.125,30.5
0.0,0.133,30.5
0.0,0.155,30.5
0.0,0.177,30.5
0.019,0.166,30.5
0.073,0.139,30.5
0.228,0.227,30.5
0.371,0.284,30.5
0.563,0.347,30.5
0.592,0.413,30.5
0.621,0.497,30.5
0.507,0.578,30.5
0.301,0.584,30.5
0.162,0.569,30.5
0.133,0.631,30.5
0.088,0.692,30.5
0.027,0.7,30.5
0.0,0.707,30.5
0.0,0.692,30.5
0.0,0.621,30.5
0.0,0.582,30.5
0.0,0.642,30.5
0.0,0.69,30.5
0.0,0.778,30.5
0.0,0.838,30.5
0.0,0.878,30.5
0.0,0.904,30.5
0.0,0.923,30.5
0.032,0.931,30.5
0.124,0.938,30.5
0.285,0.955,30.5
0.402,0.958,30.5
0.513,0.957,30.5
0.554,0.953,30.5
0.618,0.948,30.5
0.513,0.945,30.5
0.446,0.935,30.5
0.347,0.917,30.5
0.242,0.894,30.5
0.126,0.846,30.5
0.033,0.744,30.5
0.0,0.61,30.5
0.0,0.497,30.5
0.0,0.422,30.5
0.0,0.349,30.5
0.0,0.301,30.5
0.0,0.254,30.5
0.0,0.233,30.5
0.0,0.206,30.5
0.0,0.17,30.5
0.0,0.139,30.5
0.0,0.122,30.5
0.032,0.072,30.5
0.111,0.028,30.5
0.123,0.025,30.5
0.147,0.034,30.5
0.166,0.042,30.5
0.217,0.035,30.5
0.513,0.028,30.5
0.661,0.029,30.5
0.618,0.035,30.5
0.508,0.035,30.5
0.332,0.039,30.5
0.158,0.054,30.5
0.036,0.069,30.5
0.0,0.127,30.5
0.0,0.258,30.5
0.0,0.425,30.5
0.0,0.484,30.5
0.0,0.392,30.5
0.0,0.323,30.5
0.0,0.396,30.5
0.0,0.396,30.5
0.0,0.391,30.5
0.0,0.396,30.5
0.0,0.385,30.5
0.021,0.341,30.5
0.121,0.368,30.5
0.31,0.391,30.5
0.432,0.379,30.5
0.487,0.35,30.5
0.423,0.327,30.5
0.378,0.315,30.5
0.348,0.311,30.5
0.274,0.305,30.5
0.198,0.292,30.5
0.156,0.275,30.5
0.117,0.249,30.5
0.031,0.205,30.5
0.0,0.243,30.5
0.0,0.295,30.5
0.0,0.32,30.5
0.0,0.295,30.5
0.0,0.27,30.5
0.0,0.261,30.5
0.0,0.251,30.5
0.0,0.245,30.5
0.0,0.239,30.5
0.0,0.248,30.5
0.0,0.245,30.5
0.028,0.204,30.5
0.182,0.207,30.5
0.36,0.26,30.5
0.502,0.274,30.5
0.595,0.272,30.5
0.628,0.259,30.5
0.631,0.25,30.5
0.619,0.237,30.5
0.562,0.217,30.5
0.43,0.183,30.5
0.308,0.152,30.5
0.13,0.123,30.5
0.024,0.103,30.5
0.0,0.102,30.5
0.0,0.111,30.5
0.0,0.114,30.5
0.0,0.13,30.5
0.0,0.13,30.5
0.0,0.109,30.5
0.0,0.087,30.5
0.0,0.067,30.5
0.0,0.052,30.5
0.0,0.049,30.5
0.0,0.061,30.5
0.027,0.059,30.5
0.157,0.027,30.5
0.272,0.013,30.5
0.361,0.014,30.5
0.463,0.015,30.5
0.571,0.014,30.5
0.602,0.015,30.5
0.585,0.019,30.5
0.526,0.025,30.5
0.465,0.042,30.5
0.318,0.051,30.5
0.122,0.045,30.5
0.02,0.051,30.5
0.0,0.082,30.5
0.0,0.12,30.5
0.0,0.141,30.5
0.0,0.14,30.5
0.0,0.139,30.5
0.0,0.144,30.5
0.0,0.142,30.5
0.0,0.143,30.5
0.0,0.149,30.5
0.0,0.174,30.5
0.0,0.178,30.5
0.005,0.171,30.5
0.042,0.17,30.5
0.088,0.187,30.5
0.134,0.201,30.5
0.174,0.199,30.5
0.26,0.179,30.5
0.367,0.131,30.5
0.442,0.101,30.5
0.483,0.093,30.5
0.404,0.094,30.5
0.287,0.111,30.5
0.156,0.134,30.5
0.024,0.164,30.5
0.0,0.211,30.5
0.0,0.237,30.5
0.0,0.243,30.5
0.0,0.224,30.5
0.0,0.182,30.5
0.0,0.137,30.5
0.0,0.1,30.5
0.0,0.073,30.5
0.0,0.057,30.5
0.0,0.051,30.5
0.0,0.058,30.5
0.012,0.061,30.5
0.072,0.044,30.5
0.159,0.061,30.5
0.296,0.068,30.5
0.483,0.061,30.5
0.5,0.058,30.5
0.526,0.059,30.5
0.558,0.066,30.5
0.497,0.075,30.5
0.383,0.083,30.5
0.246,0.093,30.5
0.112,0.102,30.5
0.019,0.12,30.5
0.0,0.161,30.5
0.0,0.171,30.5
0.0,0.157,30.5
0.0,0.123,30.5
0.0,0.083,30.5
0.0,0.048,30.5
0.0,0.024,30.5
0.0,0.013,30.5
0.0,0.016,30.5
0.0,0.027,30.5
0.0,0.035,30.5
0.022,0.034,30.5
0.167,0.019,30.5
0.347,0.022,30.5
0.496,0.028,30.5
0.581,0.022,30.5
0.626,0.014,30.5
0.647,0.011,30.5
0.636,0.013,30.5
0.579,0.02,30.5
0.47,0.029,30.5
0.333,0.037,30.5
0.165,0.045,30.5
0.026,0.062,30.5
0.0,0.071,30.5
0.0,0.063,30.5
0.0,0.043,30.5
0.0,0.02,30.5
0.0,0.008,30.5
0.0,0.011,30.5
0.0,0.035,30.5
0.0,0.069,30.5
0.0,0.103,30.5
0.0,0.127,30.5
0.0,0.147,30.5
0.014,0.17,30.5
0.081,0.12,30.5
0.138,0.095,30.5
0.166,0.136,30.5
0.167,0.201,30.5
0.137,0.262,30.5
0.135,0.319,30.5
0.149,0.37,30.5
0.139,0.403,30.5
0.115,0.406,30.5
0.128,0.396,30.5
0.077,0.384,30.5
0.01,0.41,30.5
0.0,0.417,30.5
0.0,0.402,30.5
0.0,0.42,30.5
0.0,0.432,30.5
0.0,0.425,30.5
0.0,0.432,30.5
0.0,0.422,30.5
0.0,0.431,30.5
0.0,0.435,30.5
0.0,0.364,30.5
0.0,0.291,30.5
0.011,0.241,30.5
0.096,0.152,30.5
0.222,0.203,30.5
0.341,0.279,30.5
0.436,0.348,30.5
0.476,0.395,30.5
0.383,0.403,30.5
0.4,0.379,30.5
0.384,0.337,30.5
0.295,0.294,30.5
0.158,0.261,30.5
0.045,0.194,30.5
0.006,0.115,30.5
0.0,0.099,30.5
0.0,0.085,30.5
0.0,0.079,30.5
0.0,0.074,30.5
0.0,0.071,30.5
0.0,0.062,30.5
0.0,0.054,30.5
0.0,0.069,30.5
0.0,0.117,30.5
0.0,0.126,30.5
0.0,0.088,30.5
0.005,0.068,30.5
0.093,0.079,30.5
0.176,0.133,30.5
0.276,0.199,30.5
0.346,0.233,30.5
0.497,0.236,30.5
0.597,0.236,30.5
0.614,0.234,30.5
0.604,0.235,30.5
0.488,0.245,30.5
0.316,0.261,30.5
0.131,0.272,30.5
0.014,0.255,30.5
0.0,0.271,30.5
0.0,0.247,30.5
0.0,0.194,30.5
0.0,0.124,30.5
0.0,0.078,30.5
0.0,0.072,30.5
0.0,0.093,30.5
0.0,0.13,30.5
0.0,0.162,30.5
0.0,0.175,30.5
0.0,0.168,30.5
0.016,0.152,30.5
0.167,0.076,30.5
0.349,0.05,30.5
0.499,0.05,30.5
0.592,0.054,30.5
0.647,0.056,30.5
0.666,0.058,30.5
0.644,0.061,30.5
0.584,0.068,30.5
0.47,0.076,30.5
0.319,0.083,30.5
0.129,0.09,30.5
0.015,0.114,30.5
0.0,0.125,30.5
0.0,0.093,30.5
0.0,0.05,30.5
0.0,0.02,30.5
0.0,0.009,30.5
0.0,0.012,30.5
0.0,0.016,30.5
0.0,0.018,30.5
0.0,0.025,30.5
0.0,0.031,30.5
0.0,0.032,30.5
0.013,0.036,30.5
0.164,0.024,30.5
0.353,0.019,30.5
0.507,0.024,30.5
0.62,0.026,30.5
0.684,0.03,30.5
0.699,0.034,30.5
0.677,0.038,30.5
0.613,0.045,30.5
0.502,0.053,30.5
0.351,0.06,30.5
0.168,0.048,30.5
0.015,0.031,30.5
0.0,0.02,30.5
0.0,0.015,30.5
0.0,0.022,30.5
0.0,0.041,30.5
0.0,0.082,30.5
0.0,0.133,30.5
0.0,0.176,30.5
0.0,0.212,30.5
0.0,0.234,30.5
0.0,0.247,30.5
0.0,0.255,30.5
0.004,0.249,30.5
0.073,0.156,30.5
0.193,0.182,30.5
0.413,0.251,30.5
0.574,0.238,30.5
0.621,0.213,30.5
0.612,0.199,30.5
0.546,0.19,30.5
0.471,0.181,30.5
0.356,0.169,30.5
0.23,0.151,30.5
0.113,0.126,30.5
0.014,0.103,30.5
0.0,0.084,30.5
0.0,0.054,30.5
0.0,0.035,30.5
0.0,0.028,30.5
0.0,0.027,30.5
0.0,0.035,30.5
0.0,0.054,30.5
0.0,0.077,30.5
0.0,0.107,30.5
0.0,0.144,30.5
0.0,0.187,30.5
0.009,0.207,30.5
0.136,0.136,30.5
0.297,0.162,30.5
0.434,0.195,30.5
0.524,0.22,30.5
0.538,0.235,30.5
0.503,0.242,30.5
0.514,0.242,30.5
0.485,0.244,30.5
0.39,0.252,30.5
0.251,0.264,30.5
0.097,0.261,30.5
0.007,0.255,30.5
0.0,0.31,30.5
0.0,0.313,30.5
0.0,0.291,30.5
0.0,0.282,30.5
0.0,0.245,30.5
0.0,0.204,30.5
0.0,0.157,30.5
0.0,0.099,30.5
0.0,0.07,30.5
0.0,0.059,30.5
0.0,0.049,30.5
0.007,0.038,30.5
0.145,0.022,30.5
0.344,0.033,30.5
0.512,0.036,30.5
0.635,0.031,30.5
0.703,0.022,30.5
0.723,0.015,30.5
0.698,0.011,30.5
0.626,0.009,30.5
0.507,0.016,30.5
0.343,0.03,30.5
0.155,0.056,30.5
0.011,0.139,30.5
0.0,0.222,30.5
0.0,0.23,30.5
0.0,0.2,30.5
0.0,0.149,30.5
0.0,0.098,30.5
0.0,0.059,30.5
0.0,0.04,30.5
0.0,0.033,30.5
0.0,0.028,30.5
0.0,0.028,30.5
0.0,0.031,30.5
0.007,0.032,30.5
0.144,0.025,30.5
0.329,0.011,30.5
0.486,0.011,30.5
0.599,0.023,30.5
0.666,0.034,30.5
0.686,0.044,30.5
0.66,0.049,30.5
0.59,0.048,30.5
0.474,0.043,30.5
0.316,0.038,30.5
0.138,0.029,30.5
0.008,0.016,30.5
0.0,0.007,30.5
0.0,0.016,30.5
0.0,0.053,30.5
0.0,0.113,30.5
0.0,0.187,30.5
0.0,0.237,30.5
0.0,0.257,30.5
0.0,0.266,30.5
0.0,0.264,30.5
0.0,0.234,30.5
0.0,0.192,30.5
0.004,0.161,30.5
0.104,0.103,30.5
0.275,0.114,30.5
0.45,0.161,30.5
0.567,0.175,30.5
0.647,0.193,30.5
0.675,0.226,30.5
0.648,0.256,30.5
0.586,0.252,30.5
0.477,0.23,30.5
0.319,0.223,30.5
0.138,0.206,30.5
0.008,0.179,30.5
0.0,0.138,30.5
0.0,0.115,30.5
0.0,0.074,30.5
0.0,0.025,30.5
0.0,0.003,30.5
0.0,0.007,30.5
0.0,0.024,30.5
0.0,0.053,30.5
0.0,0.094,30.5
0.0,0.12,30.5
0.0,0.134,30.5
0.004,0.144,30.5
0.125,0.095,30.5
0.304,0.055,30.5
0.463,0.059,30.5
0.586,0.053,30.5
0.654,0.048,30.5
0.677,0.045,30.5
0.656,0.038,30.5
0.588,0.027,30.5
0.474,0.018,30.5
0.316,0.01,30.5
0.137,0.005,30.5
0.006,0.008,30.5
0.0,0.021,30.5
0.0,0.042,30.5
0.0,0.073,30.5
0.0,0.106,30.5
0.0,0.142,30.5
0.0,0.186,30.5
0.0,0.234,30.5
0.0,0.272,30.5
0.0,0.289,30.5
0.0,0.3,30.5
0.0,0.311,30.5
0.004,0.322,30.5
0.138,0.259,30.5
0.322,0.119,30.5
0.474,0.073,30.5
0.577,0.128,30.5
0.637,0.138,30.5
0.656,0.149,30.5
0.624,0.164,30.5
0.558,0.177,30.5
0.452,0.184,30.5
0.303,0.186,30.5
0.13,0.193,30.5
0.005,0.248,30.5
0.0,0.31,30.5
0.0,0.349,30.5
0.0,0.362,30.5
0.0,0.351,30.5
0.0,0.325,30.5
0.0,0.302,30.5
0.0,0.288,30.5
0.0,0.274,30.5
0.0,0.257,30.5
0.0,0.244,30.5
0.0,0.234,30.5
0.002,0.226,30.5
0.107,0.193,30.5
0.266,0.089,30.5
0.426,0.031,30.5
0.543,0.005,30.5
0.614,0.002,30.5
0.635,0.001,30.5
0.614,0.002,30.5
0.548,0.004,30.5
0.441,0.006,30.5
0.296,0.01,30.5
0.126,0.03,30.5
0.004,0.083,30.5
0.0,0.139,30.5
0.0,0.175,30.5
0.0,0.18,30.5
0.0,0.176,30.5
0.0,0.17,30.5
0.0,0.16,30.5
0.0,0.139,30.5
0.0,0.117,30.5
0.0,0.1,30.5
0.0,0.103,30.5
0.0,0.118,30.5
0.0,0.133,30.5
0.07,0.114,30.5
0.202,0.082,30.5
0.321,0.091,30.5
0.43,0.116,30.5
0.506,0.145,30.5
0.529,0.177,30.5
0.48,0.219,30.5
0.393,0.266,30.5
0.299,0.312,30.5
0.181,0.352,30.5
0.075,0.369,30.5
0.0,0.385,30.5
0.0,0.421,30.5
0.0,0.4,30.5
0.0,0.374,30.5
0.0,0.368,30.5
0.0,0.37,30.5
0.0,0.34,30.5
0.0,0.264,30.5
0.0,0.212,30.5
0.0,0.203,30.5
0.0,0.212,30.5
0.0,0.212,30.5
0.0,0.21,30.5
0.126,0.196,30.5
0.34,0.232,30.5
0.514,0.254,30.5
0.632,0.25,30.5
0.7,0.241,30.5
0.72,0.236,30.5
0.693,0.244,30.5
0.622,0.264,30.5
0.504,0.279,30.5
0.339,0.296,30.5
0.141,0.31,30.5
0.002,0.37,30.5
0.0,0.424,30.5
0.0,0.388,30.5
0.0,0.344,30.5
0.0,0.332,30.5
0.0,0.343,30.5
0.0,0.361,30.5
0.0,0.363,30.5
0.0,0.352,30.5
0.0,0.337,30.5
0.0,0.311,30.5
0.0,0.278,30.5
0.0,0.245,30.5
0.05,0.177,30.5
0.185,0.207,30.5
0.44,0.291,30.5
0.608,0.305,30.5
0.674,0.269,30.5
0.694,0.236,30.5
0.671,0.225,30.5
0.603,0.22,30.5
0.488,0.219,30.5
0.328,0.23,30.5
0.138,0.251,30.5
0.002,0.351,30.5
0.0,0.46,30.5
0.0,0.494,30.5
0.0,0.479,30.5
0.0,0.459,30.5
0.0,0.447,30.5
0.0,0.437,30.5
0.0,0.43,30.5
0.0,0.417,30.5
0.0,0.408,30.5
0.0,0.395,30.5
0.0,0.383,30.5
0.0,0.367,30.5
0.135,0.25,30.5
0.336,0.189,30.5
0.501,0.252,30.5
0.612,0.21,30.5
0.675,0.149,30.5
0.69,0.097,30.5
0.661,0.06,30.5
0.589,0.043,30.5
0.473,0.046,30.5
0.311,0.07,30.5
0.115,0.142,30.5
0.0,0.245,30.5
0.0,0.299,30.5
0.0,0.304,30.5
0.0,0.291,30.5
0.0,0.278,30.5
0.0,0.261,30.5
0.0,0.237,30.5
0.0,0.209,30.5
0.0,0.179,30.5
0.0,0.151,30.5
0.0,0.125,30.5
0.0,0.104,30.5
0.0,0.089,30.5
0.111,0.067,30.5
0.297,0.022,30.5
0.466,0.022,30.5
0.585,0.053,30.5
0.654,0.043,30.5
0.673,0.041,30.5
0.648,0.05,30.5
0.578,0.064,30.5
0.461,0.079,30.5
0.302,0.099,30.5
0.12,0.139,30.5
0.0,0.213,30.5
0.0,0.274,30.5
0.0,0.289,30.5
0.0,0.286,30.5
0.0,0.278,30.5
0.0,0.261,30.5
0.0,0.235,30.5
0.0,0.207,30.5
0.0,0.181,30.5
0.0,0.149,30.5
0.0,0.111,30.5
0.0,0.077,30.5
0.0,0.051,30.5
0.119,0.032,30.5
0.316,0.014,30.5
0.482,0.011,30.5
0.594,0.028,30.5
0.658,0.021,30.5
0.679,0.007,30.5
0.655,0.001,30.5
0.585,0.001,30.5
0.469,0.005,30.5
0.308,0.011,30.5
0.121,0.034,30.5
0.0,0.077,30.5
0.0,0.099,30.5
0.0,0.078,30.5
0.0,0.037,30.5
0.0,0.009,30.5
0.0,0.003,30.5
0.0,0.012,30.5
0.0,0.028,30.5
0.0,0.043,30.5
0.0,0.05,30.5
0.0,0.049,30.5
0.0,0.044,30.5
0.0,0.045,30.5
0.106,0.051,30.5
0.299,0.031,30.5
0.465,0.013,30.5
0.578,0.016,30.5
0.643,0.031,30.5
0.663,0.043,30.5
0.64,0.047,30.5
0.572,0.045,30.5
0.457,0.039,30.5
0.295,0.034,30.5
0.112,0.042,30.5
0.0,0.057,30.5
0.0,0.055,30.5
0.0,0.041,30.5
0.0,0.024,30.5
0.0,0.008,30.5
0.0,0.015,30.5
0.0,0.057,30.5
0.0,0.118,30.5
0.0,0.18,30.5
0.0,0.225,30.5
0.0,0.243,30.5
0.0,0.261,30.5
0.0,0.283,30.5
0.093,0.249,30.5
0.277,0.122,30.5
0.437,0.16,30.5
0.549,0.194,30.5
0.619,0.225,30.5
0.623,0.285,30.5
0.572,0.36,30.5
0.488,0.398,30.5
0.343,0.396,30.5
0.172,0.367,30.5
0.048,0.311,30.5
0.0,0.311,30.5
0.0,0.347,30.5
0.0,0.39,30.5
0.0,0.425,30.5
0.0,0.466,30.5
0.0,0.532,30.5
0.0,0.566,30.5
0.0,0.517,30.5
0.0,0.547,30.5
0.0,0.531,30.5
0.0,0.466,30.5
0.0,0.388,30.5
0.0,0.341,30.5
0.06,0.276,30.5
0.296,0.323,30.5
0.484,0.367,30.5
0.599,0.386,30.5
0.58,0.428,30.5
0.557,0.479,30.5
0.463,0.502,30.5
0.323,0.483,30.5
0.209,0.453,30.5
0.104,0.429,30.5
0.019,0.388,30.5
0.0,0.369,30.5
0.0,0.368,30.5
0.0,0.367,30.5
0.0,0.361,30.5
0.0,0.386,30.5
0.0,0.376,30.5
0.0,0.358,30.5
0.0,0.36,30.5
0.0,0.353,30.5
0.0,0.332,30.5
0.0,0.4,30.5
0.0,0.452,30.5
0.0,0.415,30.5
0.117,0.294,30.5
0.322,0.388,30.5
0.472,0.51,30.5
0.571,0.476,30.5
0.632,0.442,30.5
0.642,0.432,30.5
0.589,0.42,30.5
0.493,0.406,30.5
0.357,0.374,30.5
0.219,0.367,30.5
0.039,0.367,30.5
0.0,0.345,30.5
0.0,0.404,30.5
0.0,0.484,30.5
0.0,0.528,30.5
0.0,0.52,30.5
0.0,0.562,30.5
0.0,0.62,30.5
0.0,0.652,30.5
0.0,0.62,30.5
0.0,0.498,30.5
0.0,0.334,30.5
0.0,0.212,30.5
0.0,0.235,30.5
0.0,0.307,30.5
0.009,0.401,30.5
0.04,0.43,30.5
0.102,0.413,30.5
0.136,0.394,30.5
0.184,0.367,30.5
0.207,0.348,30.5
0.177,0.327,30.5
0.079,0.297,30.5
0.025,0.227,30.5
0.004,0.187,30.5
0.0,0.22,30.5
0.0,0.22,30.5
0.0,0.212,30.5
0.0,0.27,30.5
0.0,0.352,30.5
0.0,0.425,30.5
0.0,0.453,30.5
0.0,0.404,30.5
0.0,0.242,30.5
0.0,0.056,30.5
0.0,0.046,30.5
0.0,0.144,30.5
0.0,0.232,30.5
0.038,0.228,30.5
0.172,0.265,30.5
0.355,0.278,30.5
0.465,0.231,30.5
0.491,0.178,30.5
0.499,0.131,30.5
0.355,0.088,30.5
0.175,0.055,30.5
0.093,0.036,30.5
0.054,0.03,30.5
0.02,0.031,30.5
0.0,0.038,30.5
0.0,0.049,30.5
0.0,0.076,30.5
0.0,0.119,30.5
0.0,0.148,30.5
0.0,0.161,30.5
0.0,0.167,30.5
0.0,0.16,30.5
0.0,0.154,30.5
0.0,0.149,30.5
0.0,0.154,30.5
0.0,0.167,30.5
0.0,0.177,30.5
0.048,0.143,30.5
0.17,0.093,30.5
0.282,0.106,30.5
0.316,0.11,30.5
0.306,0.105,30.5
0.296,0.102,30.5
0.269,0.099,30.5
0.204,0.091,30.5
0.128,0.083,30.5
0.064,0.08,30.5
0.015,0.088,30.5
0.0,0.122,30.5
0.0,0.161,30.5
0.0,0.186,30.5
0.0,0.196,30.5
0.0,0.192,30.5
0.0,0.175,30.5
0.0,0.152,30.5
0.0,0.118,30.5
0.0,0.083,30.5
0.0,0.063,30.5
0.0,0.061,30.5
0.0,0.076,30.5
0.0,0.093,30.5
0.019,0.101,30.5
0.076,0.087,30.5
0.109,0.112,30.5
0.13,0.152,30.5
0.165,0.167,30.5
0.203,0.162,30.5
0.26,0.143,30.5
0.32,0.114,30.5
0.278,0.08,30.5
0.197,0.05,30.5
0.07,0.02,30.5
0.0,0.009,30.5
0.0,0.031,30.5
0.0,0.087,30.5
0.0,0.141,30.5
0.0,0.158,30.5
0.0,0.147,30.5
0.0,0.137,30.5
0.0,0.132,30.5
0.0,0.132,30.5
0.0,0.126,30.5
0.0,0.113,30.5
0.0,0.101,30.5
0.0,0.093,30.5
0.035,0.089,30.5
0.144,0.06,30.5
0.268,0.053,30.5
0.399,0.06,30.5
0.48,0.065,30.5
0.465,0.067,30.5
0.486,0.068,30.5
0.434,0.069,30.5
0.276,0.074,30.5
0.166,0.084,30.5
0.04,0.102,30.5
0.0,0.144,30.5
0.0,0.197,30.5
0.0,0.268,30.5
0.0,0.314,30.5
0.0,0.317,30.5
0.0,0.321,30.5
0.0,0.312,30.5
0.0,0.3,30.5
0.0,0.303,30.5
0.0,0.302,30.5
0.0,0.279,30.5
0.0,0.281,30.5
0.0,0.291,30.5
0.033,0.271,30.5
0.129,0.259,30.5
0.177,0.279,30.5
0.169,0.324,30.5
0.191,0.388,30.5
0.163,0.459,30.5
0.107,0.475,30.5
0.066,0.467,30.5
0.04,0.48,30.5
0.02,0.475,30.5
0.006,0.403,30.5
0.0,0.368,30.5
0.0,0.325,30.5
0.0,0.262,30.5
0.0,0.236,30.5
0.0,0.208,30.5
0.0,0.19,30.5
0.0,0.174,30.5
0.0,0.195,30.5
0.0,0.227,30.5
0.0,0.25,30.5
0.0,0.27,30.5
0.0,0.294,30.5
0.0,0.334,30.5
0.043,0.344,30.5
0.13,0.319,30.5
0.207,0.413,30.5
0.215,0.488,30.5
0.181,0.481,30.5
0.145,0.471,30.5
0.199,0.556,30.5
0.186,0.638,30.5
0.103,0.665,30.5
0.045,0.682,30.5
0.004,0.697,30.5
0.0,0.672,30.5
0.0,0.638,30.5
0.0,0.566,30.5
0.0,0.516,30.5
0.0,0.469,30.5
0.0,0.424,30.5
0.0,0.386,30.5
0.0,0.342,30.5
0.0,0.26,30.5
0.0,0.208,30.5
0.0,0.175,30.5
0.0,0.107,30.5
0.0,0.071,30.5
0.017,0.091,30.5
0.093,0.122,30.5
0.089,0.224,30.5
0.119,0.238,30.5
0.105,0.243,30.5
0.082,0.307,30.5
0.114,0.343,30.5
0.128,0.301,30.5
0.189,0.251,30.5
0.23,0.26,30.5
0.067,0.321,30.5
0.0,0.436,30.5
0.0,0.507,30.5
0.0,0.532,30.5
0.0,0.513,30.5
0.0,0.559,30.5
0.0,0.575,30.5
0.0,0.596,30.5
0.0,0.58,30.5
0.0,0.686,30.5
0.0,0.794,30.5
0.0,0.768,30.5
0.0,0.731,30.5
0.0,0.687,30.5
0.032,0.691,30.5
0.105,0.716,30.5
0.114,0.768,30.5
0.26,0.815,30.5
0.486,0.827,30.5
0.623,0.812,30.5
0.636,0.781,30.5
0.562,0.725,30.5
0.432,0.659,30.5
0.245,0.601,30.5
0.048,0.504,30.5
0.0,0.484,30.5
0.0,0.479,30.5
0.0,0.469,30.5
0.0,0.448,30.5
0.0,0.476,30.5
0.0,0.504,30.5
0.0,0.508,30.5
0.0,0.514,30.5
0.0,0.494,30.5
0.0,0.513,30.5
0.0,0.484,30.5
0.0,0.484,30.5
0.0,0.484,30.5
0.002,0.492,30.5
0.039,0.494,30.5
0.126,0.616,30.5
0.219,0.7,30.5
0.246,0.703,30.5
0.266,0.654,30.5
0.326,0.589,30.5
0.287,0.529,30.5
0.213,0.481,30.5
0.072,0.388,30.5
0.013,0.359,30.5
0.0,0.395,30.5
0.0,0.374,30.5
0.0,0.39,30.5
0.0,0.398,30.5
0.0,0.413,30.5
0.0,0.432,30.5
0.0,0.464,30.5
0.0,0.563,30.5
0.0,0.626,30.5
0.0,0.637,30.5
0.0,0.642,30.5
0.0,0.656,30.5
0.0,0.625,30.5
0.025,0.599,30.5
0.108,0.556,30.5
0.133,0.608,30.5
0.094,0.68,30.5
0.135,0.662,30.5
0.305,0.661,30.5
0.396,0.674,30.5
0.272,0.677,30.5
0.142,0.592,30.5
0.047,0.531,30.5
0.006,0.573,30.5
0.0,0.602,30.5
0.0,0.591,30.5
0.0,0.578,30.5
0.0,0.523,30.5
0.0,0.498,30.5
0.0,0.498,30.5
0.0,0.509,30.5
0.0,0.5,30.5
0.0,0.471,30.5
0.0,0.461,30.5
0.0,0.481,30.5
0.0,0.54,30.5
0.0,0.571,30.5
0.012,0.54,30.5
0.084,0.487,30.5
0.209,0.556,30.5
0.407,0.622,30.5
0.473,0.607,30.5
0.541,0.62,30.5
0.524,0.663,30.5
0.431,0.65,30.5
0.27,0.605,30.5
0.145,0.489,30.5
0.025,0.401,30.5
0.0,0.397,30.5
0.0,0.371,30.5
0.0,0.346,30.5
0.0,0.333,30.5
0.0,0.337,30.5
0.0,0.345,30.5
0.0,0.355,30.5
0.0,0.341,30.5
0.0,0.341,30.5
0.0,0.343,30.5
0.0,0.331,30.5
0.0,0.366,30.5
0.0,0.405,30.5
0.0,0.487,30.5
0.026,0.634,30.5
0.109,0.704,30.5
0.247,0.731,30.5
0.375,0.803,30.5
0.46,0.85,30.5
0.475,0.859,30.5
0.344,0.849,30.5
0.11,0.827,30.5
0.047,0.809,30.5
0.001,0.815,30.5
0.0,0.823,30.5
0.0,0.79,30.5
0.0,0.69,30.5
0.0,0.524,30.5
0.0,0.327,30.5
0.0,0.207,30.5
0.0,0.139,30.5
0.0,0.096,30.5
0.0,0.068,30.5
0.0,0.045,30.5
0.0,0.02,30.5
0.0,0.003,30.5
0.0,0.003,30.5
0.006,0.016,30.5
0.062,0.027,30.5
0.138,0.029,30.5
0.222,0.039,30.5
0.238,0.061,30.5
0.275,0.093,30.5
0.208,0.118,30.5
0.184,0.144,30.5
0.124,0.163,30.5
0.053,0.154,30.5
0.008,0.178,30.5
0.0,0.227,30.5
0.0,0.261,30.5
0.0,0.278,30.5
0.0,0.284,30.5
0.0,0.293,30.5
0.0,0.284,30.5
0.0,0.284,30.5
0.0,0.237,30.5
0.0,0.203,30.5
0.0,0.242,30.5
0.0,0.285,30.5
0.0,0.235,30.5
0.0,0.253,30.5
0.03,0.277,30.5
0.179,0.27,30.5
0.438,0.361,30.5
0.567,0.442,30.5
0.626,0.459,30.5
0.612,0.474,30.5
0.526,0.47,30.5
0.422,0.447,30.5
0.212,0.413,30.5
0.057,0.365,30.5
0.006,0.352,30.5
0.0,0.396,30.5
0.0,0.394,30.5
0.0,0.391,30.5
0.0,0.391,30.5
0.0,0.395,30.5
0.0,0.334,30.5
0.0,0.284,30.5
0.0,0.218,30.5
0.0,0.193,30.5
0.0,0.171,30.5
0.0,0.134,30.5
0.0,0.09,30.5
0.0,0.068,30.5
0.0,0.062,30.5
0.044,0.07,30.5
0.19,0.104,30.5
0.48,0.119,30.5
0.54,0.134,30.5
0.546,0.16,30.5
0.487,0.193,30.5
0.405,0.213,30.5
0.233,0.22,30.5
0.094,0.208,30.5
0.003,0.22,30.5
0.0,0.261,30.5
0.0,0.272,30.5
0.0,0.251,30.5
0.0,0.235,30.5
0.0,0.194,30.5
0.0,0.199,30.5
0.0,0.203,30.5
0.0,0.206,30.5
0.0,0.215,30.5
0.0,0.203,30.5
0.0,0.185,30.5
0.0,0.17,30.5
0.0,0.144,30.5
0.0,0.109,30.5
0.051,0.079,30.5
0.166,0.076,30.5
0.501,0.083,30.5
0.587,0.091,30.5
0.59,0.099,30.5
0.545,0.1,30.5
0.469,0.102,30.5
0.299,0.101,30.5
0.108,0.079,30.5
0.007,0.054,30.5
0.0,0.028,30.5
0.0,0.012,30.5
0.0,0.02,30.5
0.0,0.052,30.5
0.0,0.086,30.5
0.0,0.105,30.5
0.0,0.118,30.5
0.0,0.126,30.5
0.0,0.132,30.5
0.0,0.133,30.5
0.0,0.14,30.5
0.0,0.161,30.5
0.0,0.181,30.5
0.0,0.181,30.5
0.042,0.136,30.5
0.104,0.119,30.5
0.174,0.131,30.5
0.229,0.125,30.5
0.26,0.118,30.5
0.261,0.116,30.5
0.243,0.121,30.5
0.179,0.122,30.5
0.085,0.103,30.5
0.009,0.107,30.5
0.0,0.14,30.5
0.0,0.168,30.5
0.0,0.182,30.5
0.0,0.201,30.5
0.0,0.232,30.5
0.0,0.251,30.5
0.0,0.251,30.5
0.0,0.233,30.5
0.0,0.205,30.5
0.0,0.179,30.5
0.0,0.15,30.5
0.0,0.138,30.5
0.0,0.161,30.5
0.0,0.168,30.5
0.015,0.125,30.5
0.043,0.101,30.5
0.076,0.147,30.5
0.107,0.199,30.5
0.12,0.245,30.5
0.114,0.272,30.5
0.083,0.284,30.5
0.044,0.264,30.5
0.013,0.265,30.5
0.0,0.276,30.5
0.0,0.264,30.5
0.0,0.254,30.5
0.0,0.248,30.5
0.0,0.248,30.5
0.0,0.236,30.5
0.0,0.232,30.5
0.0,0.236,30.5
0.0,0.226,30.5
0.0,0.225,30.5
0.0,0.241,30.5
0.0,0.245,30.5
0.0,0.242,30.5
0.0,0.243,30.5
0.0,0.223,30.5
0.045,0.199,30.5
0.126,0.234,30.5
0.178,0.254,30.5
0.166,0.253,30.5
0.153,0.258,30.5
0.136,0.27,30.5
0.103,0.276,30.5
0.062,0.261,30.5
0.028,0.231,30.5
0.0,0.223,30.5
0.0,0.242,30.5
0.0,0.249,30.5
0.0,0.245,30.5
0.0,0.23,30.5
0.0,0.22,30.5
0.0,0.21,30.5
0.0,0.203,30.5
0.0,0.197,30.5
0.0,0.183,30.5
0.0,0.163,30.5
0.0,0.144,30.5
0.0,0.123,30.5
0.0,0.104,30.5
0.0,0.095,30.5
0.049,0.072,30.5
0.157,0.084,30.5
0.252,0.101,30.5
0.268,0.108,30.5
0.237,0.101,30.5
0.207,0.098,30.5
0.209,0.104,30.5
0.18,0.118,30.5
0.071,0.132,30.5
0.0,0.155,30.5
0.0,0.183,30.5
0.0,0.178,30.5
0.0,0.147,30.5
0.0,0.114,30.5
0.0,0.091,30.5
0.0,0.067,30.5
0.0,0.047,30.5
0.0,0.035,30.5
0.0,0.026,30.5
0.0,0.021,30.5
0.0,0.019,30.5
0.0,0.017,30.5
0.0,0.017,30.5
0.012,0.015,30.5
0.161,0.01,30.5
0.338,0.015,30.5
0.462,0.021,30.5
0.401,0.018,30.5
0.44,0.016,30.5
0.405,0.017,30.5
0.361,0.02,30.5
0.226,0.022,30.5
0.09,0.022,30.5
0.004,0.02,30.5
0.0,0.014,30.5
0.0,0.01,30.5
0.0,0.011,30.5
0.0,0.019,30.5
0.0,0.028,30.5
0.0,0.041,30.5
0.0,0.058,30.5
0.0,0.085,30.5
0.0,0.118,30.5
0.0,0.15,30.5
0.0,0.178,30.5
0.0,0.192,30.5
0.0,0.189,30.5
0.0,0.162,30.5
0.057,0.113,30.5
0.152,0.083,30.5
0.343,0.093,30.5
0.399,0.106,30.5
0.457,0.125,30.5
0.448,0.138,30.5
0.416,0.139,30.5
0.29,0.13,30.5
0.075,0.118,30.5
0.0,0.141,30.5
0.0,0.173,30.5
0.0,0.194,30.5
0.0,0.2,30.5
0.0,0.197,30.5
0.0,0.192,30.5
0.0,0.186,30.5
0.0,0.18,30.5
0.0,0.177,30.5
0.0,0.162,30.5
0.0,0.141,30.5
0.0,0.105,30.5
0.0,0.076,30.5
0.0,0.078,30.5
0.0,0.084,30.5
0.051,0.064,30.5
0.123,0.048,30.5
0.343,0.059,30.5
0.54,0.065,30.5
0.583,0.074,30.5
0.527,0.074,30.5
0.435,0.064,30.5
0.374,0.068,30.5
0.193,0.102,30.5
0.012,0.208,30.5
0.0,0.337,30.5
0.0,0.442,30.5
0.0,0.482,30.5
0.0,0.471,30.5
0.0,0.453,30.5
0.0,0.451,30.5
0.0,0.471,30.5
0.0,0.494,30.5
0.0,0.507,30.5
0.0,0.511,30.5
0.0,0.526,30.5
0.0,0.532,30.5
0.0,0.529,30.5
0.0,0.514,30.5
0.053,0.466,30.5
0.146,0.449,30.5
0.16,0.456,30.5
0.123,0.448,30.5
0.07,0.384,30.5
0.056,0.367,30.5
0.046,0.413,30.5
0.038,0.42,30.5
0.02,0.431,30.5
0.0,0.46,30.5
0.0,0.472,30.5
0.0,0.476,30.5
0.0,0.467,30.5
0.0,0.457,30.5
0.0,0.432,30.5
0.0,0.433,30.5
0.0,0.422,30.5
0.0,0.402,30.5
0.0,0.405,30.5
0.0,0.439,30.5
0.0,0.513,30.5
0.0,0.58,30.5
0.0,0.558,30.5
0.0,0.593,30.5
0.004,0.61,30.5
0.047,0.656,30.5
0.11,0.724,30.5
0.171,0.757,30.5
0.24,0.774,30.5
0.418,0.875,30.5
0.484,0.888,30.5
0.354,0.894,30.5
0.159,0.884,30.5
0.004,0.862,30.5
0.0,0.841,30.5
0.0,0.82,30.5
0.0,0.783,30.5
0.0,0.712,30.5
0.0,0.646,30.5
0.0,0.593,30.5
0.0,0.539,30.5
0.0,0.477,30.5
0.0,0.442,30.5
0.0,0.443,30.5
0.0,0.41,30.5
0.0,0.41,30.5
0.0,0.429,30.5
0.0,0.439,30.5
0.109,0.367,30.5
0.27,0.284,30.5
0.4,0.335,30.5
0.492,0.387,30.5
0.508,0.432,30.5
0.44,0.474,30.5
0.312,0.448,30.5
0.219,0.38,30.5
0.088,0.332,30.5
0.0,0.378,30.5
0.0,0.398,30.5
0.0,0.391,30.5
0.0,0.367,30.5
0.0,0.316,30.5
0.0,0.278,30.5
0.0,0.26,30.5
0.0,0.23,30.5
0.0,0.184,30.5
0.0,0.14,30.5
0.0,0.089,30.5
0.0,0.044,30.5
0.0,0.019,30.5
0.0,0.014,30.5
0.0,0.022,30.5
0.018,0.047,30.5
0.072,0.064,30.5
0.139,0.048,30.5
0.271,0.065,30.5
0.253,0.111,30.5
0.122,0.131,30.5
0.06,0.136,30.5
0.053,0.136,30.5
0.05,0.14,30.5
0.0,0.209,30.5
0.0,0.259,30.5
0.0,0.325,30.5
0.0,0.369,30.5
0.0,0.369,30.5
0.0,0.38,30.5
0.0,0.409,30.5
0.0,0.442,30.5
0.0,0.457,30.5
0.0,0.447,30.5
0.0,0.395,30.5
0.0,0.345,30.5
0.0,0.349,30.5
0.0,0.361,30.5
0.0,0.379,30.5
0.081,0.364,30.5
0.192,0.398,30.5
0.294,0.536,30.5
0.338,0.586,30.5
0.324,0.613,30.5
0.291,0.635,30.5
0.296,0.654,30.5
0.217,0.62,30.5
0.079,0.568,30.5
0.0,0.619,30.5
0.0,0.656,30.5
0.0,0.682,30.5
0.0,0.7,30.5
0.0,0.714,30.5
0.0,0.727,30.5
0.0,0.733,30.5
0.0,0.722,30.5
0.0,0.718,30.5
0.0,0.701,30.5
0.0,0.685,30.5
0.0,0.682,30.5
0.0,0.68,30.5
0.0,0.634,30.5
0.0,0.61,30.5
0.032,0.568,30.5
0.102,0.508,30.5
0.173,0.501,30.5
0.2,0.484,30.5
0.187,0.424,30.5
0.135,0.372,30.5
0.071,0.265,30.5
0.038,0.228,30.5
0.002,0.259,30.5
0.0,0.25,30.5
0.0,0.253,30.5
0.0,0.294,30.5
0.0,0.323,30.5
0.0,0.341,30.5
0.0,0.337,30.5
0.0,0.34,30.5
0.0,0.337,30.5
0.0,0.334,30.5
0.0,0.328,30.5
0.0,0.318,30.5
0.0,0.303,30.5
0.0,0.294,30.5
0.0,0.274,30.5
0.0,0.294,30.5
0.015,0.284,30.5
0.082,0.259,30.5
0.179,0.35,30.5
0.287,0.428,30.5
0.486,0.472,30.5
0.561,0.494,30.5
0.496,0.469,30.5
0.373,0.432,30.5
0.178,0.391,30.5
0.0,0.425,30.5
0.0,0.481,30.5
0.0,0.481,30.5
0.0,0.519,30.5
0.0,0.525,30.5
0.0,0.519,30.5
0.0,0.519,30.5
0.0,0.516,30.5
0.0,0.486,30.5
0.0,0.447,30.5
0.0,0.425,30.5
0.0,0.425,30.5
0.0,0.417,30.5
0.0,0.43,30.5
0.0,0.395,30.5
0.06,0.407,30.5
0.16,0.373,30.5
0.238,0.487,30.5
0.3,0.55,30.5
0.257,0.59,30.5
0.204,0.61,30.5
0.126,0.61,30.5
0.097,0.606,30.5
0.071,0.61,30.5
0.0,0.651,30.5
0.0,0.702,30.5
0.0,0.763,30.5
0.0,0.809,30.5
0.0,0.84,30.5
0.0,0.851,30.5
0.0,0.823,30.5
0.0,0.77,30.5
0.0,0.668,30.5
0.0,0.552,30.5
0.0,0.43,30.5
0.0,0.372,30.5
0.0,0.319,30.5
0.0,0.311,30.5
0.0,0.379,30.5
0.079,0.379,30.5
0.137,0.332,30.5
0.253,0.41,30.5
0.457,0.557,30.5
0.561,0.62,30.5
0.469,0.647,30.5
0.22,0.645,30.5
0.242,0.635,30.5
0.057,0.589,30.5
0.0,0.618,30.5
0.0,0.683,30.5
0.0,0.734,30.5
0.0,0.755,30.5
0.0,0.746,30.5
0.0,0.739,30.5
0.0,0.734,30.5
0.0,0.732,30.5
0.0,0.752,30.5
0.0,0.726,30.5
0.0,0.677,30.5
0.0,0.603,30.5
0.0,0.544,30.5
0.0,0.488,30.5
0.0,0.437,30.5
0.059,0.417,30.5
0.168,0.372,30.5
0.272,0.43,30.5
0.245,0.485,30.5
0.149,0.476,30.5
0.088,0.437,30.5
0.057,0.415,30.5
0.025,0.38,30.5
0.002,0.354,30.5
0.0,0.397,30.5
0.0,0.479,30.5
0.0,0.531,30.5
0.0,0.535,30.5
0.0,0.571,30.5
0.0,0.601,30.5
0.0,0.628,30.5
0.0,0.626,30.5
0.0,0.628,30.5
0.0,0.633,30.5
0.0,0.639,30.5
0.0,0.625,30.5
0.0,0.616,30.5
0.0,0.613,30.5
0.0,0.61,30.5
0.011,0.58,30.5
0.049,0.546,30.5
0.101,0.54,30.5
0.169,0.587,30.5
0.135,0.605,30.5
0.078,0.54,30.5
0.072,0.504,30.5
0.051,0.477,30.5
0.017,0.491,30.5
0.0,0.519,30.5
0.0,0.522,30.5
0.0,0.471,30.5
0.0,0.438,30.5
0.0,0.415,30.5
0.0,0.384,30.5
0.0,0.347,30.5
0.0,0.314,30.5
0.0,0.278,30.5
0.0,0.247,30.5
0.0,0.225,30.5
0.0,0.209,30.5
0.0,0.209,30.5
0.0,0.249,30.5
0.0,0.297,30.5
0.079,0.291,30.5
0.266,0.233,30.5
0.436,0.296,30.5
0.55,0.368,30.5
0.593,0.368,30.5
0.575,0.374,30.5
0.498,0.379,30.5
0.363,0.355,30.5
0.175,0.425,30.5
0.0,0.55,30.5
0.0,0.541,30.5
0.0,0.507,30.5
0.0,0.544,30.5
0.0,0.481,30.5
0.0,0.519,30.5
0.0,0.495,30.5
0.0,0.35,30.5
0.0,0.251,30.5
0.0,0.195,30.5
0.0,0.154,30.5
0.0,0.134,30.5
0.0,0.207,30.5
0.0,0.314,30.5
0.0,0.376,30.5
0.037,0.367,30.5
0.101,0.341,30.5
0.17,0.376,30.5
0.076,0.563,30.5
0.158,0.664,30.5
0.208,0.663,30.5
0.095,0.706,30.5
0.025,0.74,30.5
0.002,0.732,30.5
0.0,0.697,30.5
0.0,0.645,30.5
0.0,0.598,30.5
0.0,0.61,30.5
0.0,0.625,30.5
0.0,0.623,30.5
0.0,0.635,30.5
0.0,0.679,30.5
0.0,0.741,30.5
0.0,0.744,30.5
0.0,0.75,30.5
0.0,0.759,30.5
0.0,0.772,30.5
0.0,0.804,30.5
0.0,0.826,30.5
0.049,0.837,30.5
0.149,0.849,30.5
0.237,0.868,30.5
0.295,0.882,30.5
0.359,0.882,30.5
0.36,0.863,30.5
0.237,0.829,30.5
0.145,0.775,30.5
0.077,0.718,30.5
0.0,0.61,30.5
0.0,0.501,30.5
0.0,0.459,30.5
0.0,0.459,30.5
0.0,0.352,30.5
0.0,0.358,30.5
0.0,0.408,30.5
0.0,0.434,30.5
0.0,0.425,30.5
0.0,0.42,30.5
0.0,0.386,30.5
0.0,0.318,30.5
0.0,0.289,30.5
0.0,0.27,30.5
0.0,0.249,30.5
0.067,0.203,30.5
0.227,0.15,30.5
0.411,0.2,30.5
0.581,0.291,30.5
0.606,0.37,30.5
0.573,0.444,30.5
0.471,0.505,30.5
0.298,0.538,30.5
0.081,0.528,30.5
0.0,0.544,30.5
0.0,0.523,30.5
0.0,0.454,30.5
0.0,0.352,30.5
0.0,0.307,30.5
0.0,0.311,30.5
0.0,0.322,30.5
0.0,0.336,30.5
0.0,0.323,30.5
0.0,0.292,30.5
0.0,0.27,30.5
0.0,0.229,30.5
0.0,0.175,30.5
0.0,0.122,30.5
0.0,0.078,30.5
0.001,0.054,30.5
0.038,0.039,30.5
0.087,0.031,30.5
0.244,0.029,30.5
0.491,0.036,30.5
0.501,0.037,30.5
0.469,0.035,30.5
0.325,0.033,30.5
0.134,0.031,30.5
0.0,0.025,30.5
0.0,0.03,30.5
0.0,0.049,30.5
0.0,0.06,30.5
0.0,0.038,30.5
0.0,0.012,30.5
0.0,0.004,30.5
0.0,0.002,30.5
0.0,0.006,30.5
0.0,0.011,30.5
0.0,0.014,30.5
0.0,0.012,30.5
0.0,0.008,30.5
0.0,0.005,30.5
0.0,0.003,30.5
0.008,0.004,30.5
0.051,0.007,30.5
0.127,0.011,30.5
0.319,0.007,30.5
0.573,0.002,30.5
0.573,0.004,30.5
0.5,0.009,30.5
0.353,0.015,30.5
0.167,0.025,30.5
0.0,0.031,30.5
0.0,0.035,30.5
0.0,0.038,30.5
0.0,0.043,30.5
0.0,0.055,30.5
0.0,0.068,30.5
0.0,0.079,30.5
0.0,0.09,30.5
0.0,0.103,30.5
0.0,0.118,30.5
0.0,0.131,30.5
0.0,0.141,30.5
0.0,0.153,30.5
0.0,0.165,30.5
0.0,0.18,30.5
0.079,0.188,30.5
0.282,0.113,30.5
0.439,0.066,30.5
0.544,0.122,30.5
0.611,0.137,30.5
0.597,0.154,30.5
0.528,0.175,30.5
0.392,0.179,30.5
0.204,0.238,30.5
0.0,0.364,30.5
0.0,0.459,30.5
0.0,0.501,30.5
0.0,0.506,30.5
0.0,0.501,30.5
0.0,0.486,30.5
0.0,0.457,30.5
0.0,0.425,30.5
0.0,0.393,30.5
0.0,0.374,30.5
0.0,0.366,30.5
0.0,0.359,30.5
0.0,0.358,30.5
0.0,0.357,30.5
0.0,0.362,30.5
0.015,0.355,30.5
0.159,0.315,30.5
0.346,0.303,30.5
0.437,0.284,30.5
0.464,0.235,30.5
0.397,0.204,30.5
0.238,0.187,30.5
0.119,0.21,30.5
0.04,0.304,30.5
0.0,0.386,30.5
0.0,0.405,30.5
0.0,0.411,30.5
0.0,0.4,30.5
0.0,0.387,30.5
0.0,0.381,30.5
0.0,0.379,30.5
0.0,0.374,30.5
0.0,0.369,30.5
0.0,0.373,30.5
0.0,0.376,30.5
0.0,0.371,30.5
0.0,0.367,30.5
0.0,0.358,30.5
0.0,0.327,30.5
0.006,0.277,30.5
0.052,0.2,30.5
0.152,0.133,30.5
0.209,0.101,30.5
0.221,0.081,30.5
0.185,0.072,30.5
0.124,0.083,30.5
0.059,0.13,30.5
0.009,0.211,30.5
0.0,0.285,30.5
0.0,0.305,30.5
0.0,0.297,30.5
0.0,0.279,30.5
0.0,0.233,30.5
0.0,0.185,30.5
0.0,0.142,30.5
0.0,0.113,30.5
0.0,0.101,30.5
0.0,0.108,30.5
0.0,0.132,30.5
0.0,0.162,30.5
0.0,0.181,30.5
0.0,0.175,30.5
0.0,0.152,30.5
0.0,0.124,30.5
0.011,0.101,30.5
0.072,0.068,30.5
0.169,0.046,30.5
0.222,0.045,30.5
0.229,0.051,30.5
0.214,0.049,30.5
0.158,0.054,30.5
0.049,0.074,30.5
0.0,0.102,30.5
0.0,0.139,30.5
0.0,0.184,30.5
0.0,0.221,30.5
0.0,0.249,30.5
0.0,0.264,30.5
0.0,0.274,30.5
0.0,0.277,30.5
0.0,0.274,30.5
0.0,0.265,30.5
0.0,0.245,30.5
0.0,0.209,30.5
0.0,0.182,30.5
0.0,0.167,30.5
0.0,0.143,30.5
0.011,0.097,30.5
0.079,0.067,30.5
0.187,0.049,30.5
0.312,0.039,30.5
0.411,0.035,30.5
0.42,0.03,30.5
0.299,0.024,30.5
0.137,0.017,30.5
0.023,0.021,30.5
0.0,0.036,30.5
0.0,0.057,30.5
0.0,0.073,30.5
0.0,0.077,30.5
0.0,0.064,30.5
0.0,0.057,30.5
0.0,0.058,30.5
0.0,0.059,30.5
0.0,0.06,30.5
0.0,0.059,30.5
0.0,0.054,30.5
0.0,0.045,30.5
0.0,0.031,30.5
0.0,0.034,30.5
0.0,0.067,30.5
0.005,0.108,30.5
0.062,0.1,30.5
0.131,0.084,30.5
0.224,0.093,30.5
0.229,0.1,30.5
0.205,0.099,30.5
0.151,0.101,30.5
0.093,0.112,30.5
0.02,0.153,30.5
0.0,0.22,30.5
0.0,0.257,30.5
0.0,0.272,30.5
0.0,0.279,30.5
0.0,0.288,30.5
0.0,0.311,30.5
0.0,0.334,30.5
0.0,0.363,30.5
0.0,0.41,30.5
0.0,0.43,30.5
0.0,0.441,30.5
0.0,0.458,30.5
0.0,0.491,30.5
0.0,0.491,30.5
0.0,0.466,30.5
0.009,0.398,30.5
0.028,0.352,30.5
0.069,0.323,30.5
0.283,0.379,30.5
0.417,0.403,30.5
0.44,0.41,30.5
0.341,0.394,30.5
0.134,0.328,30.5
0.02,0.32,30.5
0.0,0.339,30.5
0.0,0.343,30.5
0.0,0.334,30.5
0.0,0.333,30.5
0.0,0.323,30.5
0.0,0.305,30.5
0.0,0.286,30.5
0.0,0.276,30.5
0.0,0.273,30.5
0.0,0.29,30.5
0.0,0.332,30.5
0.0,0.37,30.5
0.0,0.369,30.5
0.0,0.334,30.5
0.0,0.312,30.5
0.0,0.313,30.5
0.032,0.305,30.5
0.099,0.3,30.5
0.215,0.307,30.5
0.23,0.332,30.5
0.147,0.379,30.5
0.062,0.419,30.5
0.016,0.459,30.5
0.0,0.55,30.5
0.0,0.533,30.5
0.0,0.469,30.5
0.0,0.479,30.5
0.0,0.455,30.5
0.0,0.427,30.5
0.0,0.395,30.5
0.0,0.368,30.5
0.0,0.362,30.5
0.0,0.347,30.5
0.0,0.332,30.5
0.0,0.32,30.5
0.0,0.304,30.5
0.0,0.291,30.5
0.0,0.294,30.5
0.0,0.3,30.5
0.0,0.289,30.5
0.033,0.274,30.5
0.098,0.294,30.5
0.218,0.301,30.5
0.373,0.344,30.5
0.415,0.383,30.5
0.317,0.362,30.5
0.197,0.33,30.5
0.042,0.385,30.5
0.0,0.475,30.5
0.0,0.523,30.5
0.0,0.535,30.5
0.0,0.538,30.5
0.0,0.526,30.5
0.0,0.516,30.5
0.0,0.503,30.5
0.0,0.484,30.5
0.0,0.469,30.5
0.0,0.475,30.5
0.0,0.494,30.5
0.0,0.507,30.5
0.0,0.52,30.5
0.0,0.528,30.5
0.0,0.539,30.5
0.013,0.563,30.5
0.088,0.553,30.5
0.08,0.556,30.5
0.112,0.597,30.5
0.159,0.692,30.5
0.107,0.742,30.5
0.056,0.806,30.5
0.021,0.86,30.5
0.0,0.883,30.5
0.0,0.88,30.5
0.0,0.847,30.5
0.0,0.772,30.5
0.0,0.644,30.5
0.0,0.525,30.5
0.0,0.547,30.5
0.0,0.599,30.5
0.0,0.632,30.5
0.0,0.656,30.5
0.0,0.643,30.5
0.0,0.612,30.5
0.0,0.599,30.5
0.0,0.599,30.5
0.0,0.595,30.5
0.0,0.574,30.5
0.014,0.502,30.5
0.165,0.494,30.5
0.265,0.47,30.5
0.163,0.519,30.5
0.146,0.557,30.5
0.19,0.535,30.5
0.176,0.486,30.5
0.1,0.433,30.5
0.02,0.421,30.5
0.0,0.416,30.5
0.0,0.404,30.5
0.0,0.382,30.5
0.0,0.379,30.5
0.0,0.352,30.5
0.0,0.356,30.5
0.0,0.346,30.5
0.0,0.369,30.5
0.0,0.403,30.5
0.0,0.422,30.5
0.0,0.439,30.5
0.0,0.413,30.5
0.0,0.43,30.5
0.0,0.466,30.5
0.0,0.539,30.5
0.0,0.513,30.5
0.023,0.525,30.5
0.066,0.454,30.5
0.09,0.432,30.5
0.074,0.441,30.5
0.061,0.418,30.5
0.076,0.413,30.5
0.075,0.373,30.5
0.004,0.367,30.5
0.0,0.347,30.5
0.0,0.343,30.5
0.0,0.337,30.5
0.0,0.299,30.5
0.0,0.282,30.5
0.0,0.279,30.5
0.0,0.268,30.5
0.0,0.264,30.5
0.0,0.249,30.5
0.0,0.236,30.5
0.0,0.233,30.5
0.0,0.245,30.5
0.0,0.266,30.5
0.0,0.297,30.5
0.0,0.313,30.5
0.01,0.32,30.5
0.12,0.27,30.5
0.295,0.289,30.5
0.46,0.347,30.5
0.507,0.362,30.5
0.504,0.362,30.5
0.443,0.332,30.5
0.301,0.328,30.5
0.061,0.475,30.5
0.0,0.575,30.5
0.0,0.578,30.5
0.0,0.572,30.5
0.0,0.556,30.5
0.0,0.533,30.5
0.0,0.549,30.5
0.0,0.583,30.5
0.0,0.562,30.5
0.0,0.557,30.5
0.0,0.656,30.5
0.0,0.619,30.5
0.0,0.528,30.5
0.0,0.454,30.5
0.0,0.51,30.5
0.0,0.494,30.5
0.027,0.457,30.5
0.212,0.432,30.5
0.323,0.501,30.5
0.222,0.62,30.5
0.149,0.682,30.5
0.198,0.638,30.5
0.077,0.525,30.5
0.019,0.425,30.5
0.0,0.367,30.5
0.0,0.344,30.5
0.0,0.403,30.5
0.0,0.374,30.5
0.0,0.249,30.5
0.0,0.155,30.5
0.0,0.207,30.5
0.0,0.328,30.5
0.0,0.305,30.5
0.0,0.253,30.5
0.0,0.233,30.5
0.0,0.23,30.5
0.0,0.236,30.5
0.0,0.234,30.5
0.0,0.197,30.5
0.0,0.167,30.5
0.0,0.17,30.5
0.074,0.139,30.5
0.166,0.101,30.5
0.26,0.121,30.5
0.369,0.145,30.5
0.416,0.133,30.5
0.337,0.105,30.5
0.213,0.083,30.5
0.032,0.074,30.5
0.0,0.086,30.5
0.0,0.118,30.5
0.0,0.144,30.5
0.0,0.167,30.5
0.0,0.214,30.5
0.0,0.285,30.5
0.0,0.35,30.5
0.0,0.404,30.5
0.0,0.411,30.5
0.0,0.41,30.5
0.0,0.401,30.5
0.0,0.41,30.5
0.0,0.425,30.5
0.0,0.407,30.5
0.0,0.413,30.5
0.0,0.439,30.5
0.012,0.411,30.5
0.066,0.386,30.5
0.159,0.424,30.5
0.241,0.425,30.5
0.256,0.424,30.5
0.179,0.403,30.5
0.068,0.38,30.5
0.0,0.414,30.5
0.0,0.446,30.5
0.0,0.432,30.5
0.0,0.423,30.5
0.0,0.413,30.5
0.0,0.438,30.5
0.0,0.429,30.5
0.0,0.437,30.5
0.0,0.398,30.5
0.0,0.42,30.5
0.0,0.389,30.5
0.0,0.346,30.5
0.0,0.377,30.5
0.0,0.376,30.5
0.0,0.427,30.5
0.0,0.466,30.5
0.0,0.443,30.5
0.006,0.442,30.5
0.022,0.386,30.5
0.043,0.347,30.5
0.04,0.302,30.5
0.022,0.261,30.5
0.009,0.228,30.5
0.0,0.205,30.5
0.0,0.185,30.5
0.0,0.185,30.5
0.0,0.201,30.5
0.0,0.2,30.5
0.0,0.191,30.5
0.0,0.188,30.5
0.0,0.183,30.5
0.0,0.178,30.5
0.0,0.171,30.5
0.0,0.178,30.5
0.0,0.182,30.5
0.0,0.183,30.5
0.0,0.18,30.5
0.0,0.167,30.5
0.0,0.148,30.5
0.0,0.121,30.5
0.0,0.09,30.5
0.041,0.05,30.5
0.124,0.03,30.5
0.352,0.03,30.5
0.469,0.021,30.5
0.474,0.014,30.5
0.398,0.017,30.5
0.244,0.026,30.5
0.027,0.042,30.5
0.0,0.067,30.5
0.0,0.106,30.5
0.0,0.163,30.5
0.0,0.231,30.5
0.0,0.266,30.5
0.0,0.269,30.5
0.0,0.272,30.5
0.0,0.283,30.5
0.0,0.302,30.5
0.0,0.313,30.5
0.0,0.311,30.5
0.0,0.284,30.5
0.0,0.269,30.5
0.0,0.254,30.5
0.0,0.217,30.5
0.0,0.201,30.5
0.029,0.178,30.5
0.105,0.148,30.5
0.184,0.183,30.5
0.242,0.197,30.5
0.22,0.201,30.5
0.16,0.209,30.5
0.072,0.22,30.5
0.001,0.251,30.5
0.0,0.297,30.5
0.0,0.328,30.5
0.0,0.352,30.5
0.0,0.381,30.5
0.0,0.395,30.5
0.0,0.403,30.5
0.0,0.413,30.5
0.0,0.413,30.5
0.0,0.407,30.5
0.0,0.425,30.5
0.0,0.431,30.5
0.0,0.426,30.5
0.0,0.428,30.5
0.0,0.425,30.5
0.0,0.424,30.5
0.0,0.402,30.5
0.033,0.404,30.5
0.11,0.391,30.5
0.276,0.374,30.5
0.3,0.314,30.5
0.256,0.266,30.5
0.165,0.228,30.5
0.06,0.207,30.5
0.0,0.248,30.5
0.0,0.294,30.5
0.0,0.302,30.5
0.0,0.314,30.5
0.0,0.326,30.5
0.0,0.32,30.5
0.0,0.296,30.5
0.0,0.273,30.5
0.0,0.236,30.5
0.0,0.217,30.5
0.0,0.201,30.5
0.0,0.179,30.5
0.0,0.167,30.5
0.0,0.147,30.5
0.0,0.135,30.5
0.0,0.131,30.5
0.0,0.139,30.5
0.027,0.131,30.5
0.089,0.113,30.5
0.159,0.104,30.5
0.215,0.097,30.5
0.235,0.085,30.5
0.196,0.075,30.5
0.105,0.079,30.5
0.002,0.11,30.5
0.0,0.145,30.5
0.0,0.147,30.5
0.0,0.149,30.5
0.0,0.151,30.5
0.0,0.151,30.5
0.0,0.137,30.5
0.0,0.124,30.5
0.0,0.113,30.5
0.0,0.101,30.5
0.0,0.083,30.5
0.0,0.068,30.5
0.0,0.062,30.5
0.0,0.07,30.5
0.0,0.076,30.5
0.0,0.084,30.5
0.0,0.09,30.5
0.038,0.083,30.5
0.105,0.067,30.5
0.187,0.059,30.5
0.259,0.059,30.5
0.258,0.058,30.5
0.206,0.065,30.5
0.108,0.084,30.5
0.002,0.13,30.5
0.0,0.173,30.5
0.0,0.184,30.5
0.0,0.187,30.5
0.0,0.184,30.5
0.0,0.176,30.5
0.0,0.177,30.5
0.0,0.191,30.5
0.0,0.196,30.5
0.0,0.193,30.5
0.0,0.191,30.5
0.0,0.195,30.5
0.0,0.185,30.5
0.0,0.178,30.5
0.0,0.183,30.5
0.0,0.187,30.5
0.002,0.179,30.5
0.117,0.151,30.5
0.367,0.114,30.5
0.489,0.112,30.5
0.526,0.094,30.5
0.497,0.075,30.5
0.402,0.064,30.5
0.226,0.076,30.5
0.011,0.123,30.5
0.0,0.185,30.5
0.0,0.239,30.5
0.0,0.244,30.5
0.0,0.213,30.5
0.0,0.165,30.5
0.0,0.126,30.5
0.0,0.118,30.5
0.0,0.135,30.5
0.0,0.144,30.5
0.0,0.154,30.5
0.0,0.161,30.5
0.0,0.16,30.5
0.0,0.163,30.5
0.0,0.168,30.5
0.0,0.174,30.5
0.006,0.176,30.5
0.138,0.134,30.5
0.297,0.122,30.5
0.437,0.114,30.5
0.517,0.085,30.5
0.495,0.06,30.5
0.396,0.046,30.5
0.228,0.044,30.5
0.014,0.049,30.5
0.0,0.055,30.5
0.0,0.059,30.5
0.0,0.06,30.5
0.0,0.06,30.5
0.0,0.058,30.5
0.0,0.056,30.5
0.0,0.058,30.5
0.0,0.062,30.5
0.0,0.068,30.5
0.0,0.079,30.5
0.0,0.099,30.5
0.0,0.119,30.5
0.0,0.133,30.5
0.0,0.142,30.5
0.0,0.146,30.5
0.005,0.148,30.5
0.18,0.117,30.5
0.371,0.105,30.5
0.455,0.117,30.5
0.448,0.133,30.5
0.339,0.152,30.5
0.165,0.176,30.5
0.037,0.259,30.5
0.0,0.359,30.5
0.0,0.41,30.5
0.0,0.373,30.5
0.0,0.374,30.5
0.0,0.423,30.5
0.0,0.46,30.5
0.0,0.484,30.5
0.0,0.491,30.5
0.0,0.464,30.5
0.0,0.413,30.5
0.0,0.334,30.5
0.0,0.316,30.5
0.0,0.34,30.5
0.0,0.321,30.5
0.0,0.302,30.5
0.0,0.278,30.5
0.0,0.249,30.5
0.0,0.231,30.5
0.0,0.22,30.5
0.014,0.195,30.5
0.022,0.176,30.5
0.019,0.155,30.5
0.01,0.141,30.5
0.0,0.119,30.5
0.0,0.105,30.5
0.0,0.088,30.5
0.0,0.072,30.5
0.0,0.08,30.5
0.0,0.077,30.5
0.0,0.073,30.5
0.0,0.073,30.5
0.0,0.076,30.5
0.0,0.074,30.5
0.0,0.062,30.5
0.0,0.047,30.5
0.0,0.035,30.5
0.0,0.027,30.5
0.0,0.027,30.5
0.0,0.032,30.5
0.0,0.039,30.5
0.0,0.045,30.5
0.053,0.053,30.5
0.14,0.046,30.5
0.226,0.042,30.5
0.271,0.04,30.5
0.236,0.03,30.5
0.159,0.023,30.5
0.058,0.024,30.5
0.0,0.031,30.5
0.0,0.046,30.5
0.0,0.079,30.5
0.0,0.136,30.5
0.0,0.178,30.5
0.0,0.192,30.5
0.0,0.203,30.5
0.0,0.213,30.5
0.0,0.213,30.5
0.0,0.221,30.5
0.0,0.233,30.5
0.0,0.26,30.5
0.0,0.286,30.5
0.0,0.296,30.5
0.0,0.343,30.5
0.0,0.381,30.5
0.0,0.413,30.5
0.055,0.401,30.5
0.137,0.383,30.5
0.178,0.395,30.5
0.144,0.439,30.5
0.086,0.491,30.5
0.067,0.527,30.5
0.028,0.58,30.5
0.0,0.656,30.5
0.0,0.719,30.5
0.0,0.751,30.5
0.0,0.762,30.5
0.0,0.77,30.5
0.0,0.8,30.5
0.0,0.84,30.5
0.0,0.866,30.5
0.0,0.866,30.5
0.0,0.857,30.5
0.0,0.858,30.5
0.0,0.831,30.5
0.0,0.834,30.5
0.0,0.844,30.5
0.0,0.806,30.5
0.0,0.781,30.5
0.0,0.791,30.5
0.013,0.746,30.5
0.097,0.652,30.5
0.3,0.565,30.5
0.388,0.534,30.5
0.147,0.484,30.5
0.044,0.407,30.5
0.01,0.31,30.5
0.0,0.329,30.5
0.0,0.337,30.5
0.0,0.309,30.5
0.0,0.288,30.5
0.0,0.296,30.5
0.0,0.233,30.5
0.0,0.147,30.5
0.0,0.173,30.5
0.0,0.137,30.5
0.0,0.1,30.5
0.0,0.092,30.5
0.0,0.103,30.5
0.0,0.128,30.5
0.0,0.189,30.5
0.0,0.245,30.5
0.0,0.291,30.5
0.0,0.374,30.5
0.112,0.332,30.5
0.299,0.22,30.5
0.437,0.223,30.5
0.335,0.179,30.5
0.276,0.142,30.5
0.213,0.165,30.5
0.104,0.235,30.5
0.001,0.339,30.5
0.0,0.387,30.5
0.0,0.386,30.5
0.0,0.335,30.5
0.0,0.274,30.5
0.0,0.196,30.5
0.0,0.167,30.5
0.0,0.144,30.5
0.0,0.127,30.5
0.0,0.112,30.5
0.0,0.099,30.5
0.0,0.086,30.5
0.0,0.059,30.5
0.0,0.028,30.5
0.0,0.014,30.5
0.0,0.005,30.5
0.0,0.003,30.5
0.007,0.01,30.5
0.035,0.021,30.5
0.055,0.027,30.5
0.063,0.035,30.5
0.055,0.054,30.5
0.053,0.084,30.5
0.01,0.088,30.5
0.0,0.157,30.5
0.0,0.165,30.5
0.0,0.151,30.5
0.0,0.096,30.5
0.0,0.074,30.5
0.0,0.076,30.5
0.0,0.106,30.5
0.0,0.135,30.5
0.0,0.17,30.5
0.0,0.179,30.5
0.0,0.144,30.5
0.0,0.137,30.5
0.0,0.166,30.5
0.0,0.192,30.5
0.0,0.22,30.5
0.0,0.243,30.5
0.0,0.254,30.5
0.0,0.258,30.5
0.013,0.245,30.5
0.037,0.225,30.5
0.069,0.2,30.5
0.088,0.168,30.5
0.083,0.156,30.5
0.041,0.191,30.5
0.0,0.23,30.5
0.0,0.284,30.5
0.0,0.328,30.5
0.0,0.341,30.5
0.0,0.34,30.5
0.0,0.337,30.5
0.0,0.343,30.5
0.0,0.357,30.5
0.0,0.367,30.5
0.0,0.365,30.5
0.0,0.35,30.5
0.0,0.332,30.5
0.0,0.305,30.5
0.0,0.28,30.5
0.0,0.261,30.5
0.0,0.244,30.5
0.0,0.231,30.5
0.031,0.192,30.5
0.078,0.125,30.5
0.148,0.078,30.5
0.276,0.057,30.5
0.283,0.034,30.5
0.192,0.02,30.5
0.079,0.024,30.5
0.0,0.03,30.5
0.0,0.028,30.5
0.0,0.015,30.5
0.0,0.008,30.5
0.0,0.009,30.5
0.0,0.019,30.5
0.0,0.04,30.5
0.0,0.072,30.5
0.0,0.099,30.5
0.0,0.104,30.5
0.0,0.105,30.5
0.0,0.115,30.5
0.0,0.112,30.5
0.0,0.099,30.5
0.0,0.079,30.5
0.0,0.064,30.5
0.0,0.061,30.5
0.047,0.053,30.5
0.162,0.036,30.5
0.299,0.031,30.5
0.398,0.034,30.5
0.403,0.037,30.5
0.318,0.031,30.5
0.16,0.021,30.5
0.0,0.019,30.5
0.0,0.032,30.5
0.0,0.061,30.5
0.0,0.094,30.5
0.0,0.121,30.5
0.0,0.137,30.5
0.0,0.148,30.5
0.0,0.16,30.5
0.0,0.161,30.5
0.0,0.155,30.5
0.0,0.142,30.5
0.0,0.132,30.5
0.0,0.119,30.5
0.0,0.113,30.5
0.0,0.118,30.5
0.0,0.125,30.5
0.0,0.126,30.5
0.045,0.108,30.5
0.123,0.076,30.5
0.171,0.07,30.5
0.168,0.075,30.5
0.14,0.072,30.5
0.094,0.071,30.5
0.038,0.085,30.5
0.0,0.128,30.5
0.0,0.201,30.5
0.0,0.273,30.5
0.0,0.337,30.5
0.0,0.374,30.5
0.0,0.37,30.5
0.0,0.338,30.5
0.0,0.325,30.5
0.0,0.352,30.5
0.0,0.405,30.5
0.0,0.448,30.5
0.0,0.462,30.5
0.0,0.467,30.5
0.0,0.494,30.5
0.0,0.51,30.5
0.0,0.522,30.5
0.0,0.516,30.5
0.013,0.519,30.5
0.028,0.535,30.5
0.03,0.553,30.5
0.034,0.491,30.5
0.032,0.509,30.5
0.023,0.505,30.5
0.006,0.523,30.5
0.0,0.53,30.5
0.0,0.505,30.5
0.0,0.469,30.5
0.0,0.422,30.5
0.0,0.391,30.5
0.0,0.388,30.5
0.0,0.354,30.5
0.0,0.345,30.5
0.0,0.345,30.5
0.0,0.35,30.5
0.0,0.352,30.5
0.0,0.352,30.5
0.0,0.328,30.5
0.0,0.294,30.5
0.0,0.255,30.5
0.0,0.221,30.5
0.0,0.194,30.5
0.006,0.172,30.5
0.034,0.149,30.5
0.053,0.122,30.5
0.058,0.106,30.5
0.054,0.106,30.5
0.034,0.124,30.5
0.008,0.155,30.5
0.0,0.187,30.5
0.0,0.212,30.5
0.0,0.238,30.5
0.0,0.257,30.5
0.0,0.264,30.5
0.0,0.264,30.5
0.0,0.267,30.5
0.0,0.259,30.5
0.0,0.254,30.5
0.0,0.251,30.5
0.0,0.245,30.5
0.0,0.27,30.5
0.0,0.288,30.5
0.0,0.279,30.5
0.0,0.278,30.5
0.0,0.279,30.5
0.0,0.27,30.5
0.007,0.251,30.5
0.056,0.214,30.5
0.118,0.187,30.5
0.19,0.189,30.5
0.27,0.175,30.5
0.247,0.161,30.5
0.127,0.207,30.5
0.0,0.31,30.5
0.0,0.383,30.5
0.0,0.402,30.5
0.0,0.401,30.5
0.0,0.413,30.5
0.0,0.454,30.5
0.0,0.454,30.5
0.0,0.502,30.5
0.0,0.494,30.5
0.0,0.538,30.5
0.0,0.613,30.5
0.0,0.624,30.5
0.0,0.645,30.5
0.0,0.614,30.5
0.0,0.556,30.5
0.0,0.547,30.5
0.0,0.599,30.5
0.007,0.599,30.5
0.026,0.583,30.5
0.044,0.542,30.5
0.063,0.507,30.5
0.085,0.502,30.5
0.072,0.464,30.5
0.023,0.447,30.5
0.0,0.438,30.5
0.0,0.445,30.5
0.0,0.46,30.5
0.0,0.471,30.5
0.0,0.447,30.5
0.0,0.435,30.5
0.0,0.432,30.5
0.0,0.425,30.5
0.0,0.441,30.5
0.0,0.501,30.5
0.0,0.504,30.5
0.0,0.442,30.5
0.0,0.387,30.5
0.0,0.368,30.5
0.0,0.364,30.5
0.0,0.363,30.5
0.0,0.348,30.5
0.0,0.315,30.5
0.012,0.284,30.5
0.011,0.263,30.5
0.01,0.233,30.5
0.011,0.202,30.5
0.01,0.183,30.5
0.002,0.161,30.5
0.0,0.153,30.5
0.0,0.159,30.5
0.0,0.181,30.5
0.0,0.178,30.5
0.0,0.171,30.5
0.0,0.217,30.5
0.0,0.223,30.5
0.0,0.167,30.5
0.0,0.106,30.5
0.0,0.046,30.5
0.0,0.027,30.5
0.0,0.069,30.5
0.0,0.155,30.5
0.0,0.228,30.5
0.0,0.27,30.5
0.0,0.305,30.5
0.0,0.364,30.5
0.061,0.376,30.5
0.18,0.3,30.5
0.246,0.256,30.5
0.221,0.286,30.5
0.193,0.3,30.5
0.108,0.319,30.5
0.033,0.367,30.5
0.0,0.459,30.5
0.0,0.489,30.5
0.0,0.523,30.5
0.0,0.553,30.5
0.0,0.551,30.5
0.0,0.516,30.5
0.0,0.495,30.5
0.0,0.494,30.5
0.0,0.495,30.5
0.0,0.51,30.5
0.0,0.494,30.5
0.0,0.488,30.5
0.0,0.459,30.5
0.0,0.435,30.5
0.0,0.39,30.5
0.0,0.367,30.5
0.0,0.352,30.5
0.002,0.334,30.5
0.083,0.322,30.5
0.329,0.286,30.5
0.453,0.325,30.5
0.441,0.35,30.5
0.335,0.367,30.5
0.145,0.4,30.5
0.0,0.453,30.5
0.0,0.441,30.5
0.0,0.428,30.5
0.0,0.391,30.5
0.0,0.357,30.5
0.0,0.329,30.5
0.0,0.317,30.5
0.0,0.317,30.5
0.0,0.309,30.5
0.0,0.311,30.5
0.0,0.326,30.5
0.0,0.335,30.5
0.0,0.339,30.5
0.0,0.348,30.5
0.0,0.356,30.5
0.0,0.36,30.5
0.0,0.379,30.5
0.036,0.386,30.5
0.123,0.364,30.5
0.177,0.335,30.5
0.309,0.327,30.5
0.307,0.337,30.5
0.26,0.377,30.5
0.151,0.404,30.5
0.0,0.463,30.5
0.0,0.493,30.5
0.0,0.469,30.5
0.0,0.488,30.5
0.0,0.499,30.5
0.0,0.504,30.5
0.0,0.501,30.5
0.0,0.509,30.5
0.0,0.503,30.5
0.0,0.476,30.5
0.0,0.473,30.5
0.0,0.465,30.5
0.0,0.474,30.5
0.0,0.484,30.5
0.0,0.49,30.5
0.0,0.507,30.5
0.0,0.517,30.5
0.031,0.528,30.5
0.133,0.525,30.5
0.294,0.538,30.5
0.397,0.538,30.5
0.3,0.525,30.5
0.121,0.522,30.5
0.024,0.528,30.5
0.0,0.519,30.5
0.0,0.488,30.5
0.0,0.488,30.5
0.0,0.434,30.5
0.0,0.402,30.5
0.0,0.39,30.5
0.0,0.391,30.5
0.0,0.368,30.5
0.0,0.347,30.5
0.0,0.331,30.5
0.0,0.323,30.5
0.0,0.314,30.5
0.0,0.31,30.5
0.0,0.326,30.5
0.0,0.328,30.5
0.0,0.329,30.5
0.0,0.325,30.5
0.001,0.308,30.5
0.019,0.274,30.5
0.05,0.24,30.5
0.086,0.201,30.5
0.075,0.193,30.5
0.042,0.215,30.5
0.008,0.25,30.5
0.0,0.29,30.5
0.0,0.323,30.5
0.0,0.358,30.5
0.0,0.386,30.5
0.0,0.388,30.5
0.0,0.381,30.5
0.0,0.369,30.5
0.0,0.352,30.5
0.0,0.347,30.5
0.0,0.35,30.5
0.0,0.367,30.5
0.0,0.365,30.5
0.0,0.377,30.5
0.0,0.402,30.5
0.0,0.431,30.5
0.0,0.445,30.5
0.0,0.446,30.5
0.001,0.442,30.5
0.015,0.41,30.5
0.02,0.416,30.5
0.027,0.425,30.5
0.026,0.458,30.5
0.016,0.547,30.5
0.0,0.601,30.5
0.0,0.747,30.5
0.0,0.812,30.5
0.0,0.791,30.5
0.0,0.7,30.5
0.0,0.679,30.5
0.0,0.691,30.5
0.0,0.668,30.5
0.0,0.684,30.5
0.0,0.729,30.5
0.0,0.752,30.5
0.0,0.8,30.5
0.0,0.835,30.5
0.0,0.856,30.5
0.0,0.85,30.5
0.0,0.849,30.5
0.0,0.842,30.5
0.0,0.816,30.5
0.009,0.778,30.5
0.061,0.735,30.5
0.153,0.7,30.5
0.222,0.661,30.5
0.264,0.633,30.5
0.152,0.547,30.5
0.026,0.436,30.5
0.0,0.348,30.5
0.0,0.301,30.5
0.0,0.269,30.5
0.0,0.24,30.5
0.0,0.225,30.5
0.0,0.22,30.5
0.0,0.189,30.5
0.0,0.171,30.5
0.0,0.141,30.5
0.0,0.11,30.5
0.0,0.105,30.5
0.0,0.127,30.5
0.0,0.162,30.5
0.0,0.204,30.5
0.0,0.264,30.5
0.0,0.293,30.5
0.0,0.3,30.5
0.0,0.379,30.5
0.001,0.387,30.5
0.008,0.345,30.5
0.012,0.293,30.5
0.01,0.347,30.5
0.005,0.407,30.5
0.0,0.409,30.5
0.0,0.432,30.5
0.0,0.469,30.5
0.0,0.484,30.5
0.0,0.537,30.5
0.0,0.567,30.5
0.0,0.59,30.5
0.0,0.601,30.5
0.0,0.678,30.5
0.0,0.673,30.5
0.0,0.6,30.5
0.0,0.518,30.5
0.0,0.541,30.5
0.0,0.413,30.5
0.0,0.313,30.5
0.0,0.321,30.5
0.0,0.294,30.5
0.0,0.25,30.5
0.0,0.259,30.5
0.014,0.313,30.5
0.068,0.311,30.5
0.113,0.284,30.5
0.059,0.247,30.5
0.006,0.219,30.5
0.0,0.201,30.5
0.0,0.205,30.5
0.0,0.269,30.5
0.0,0.314,30.5
0.0,0.311,30.5
0.0,0.298,30.5
0.0,0.258,30.5
0.0,0.234,30.5
0.0,0.232,30.5
0.0,0.232,30.5
0.0,0.266,30.5
0.0,0.278,30.5
0.0,0.248,30.5
0.0,0.212,30.5
0.0,0.196,30.5
0.0,0.179,30.5
0.0,0.156,30.5
0.0,0.126,30.5
0.016,0.114,30.5
0.045,0.093,30.5
0.052,0.112,30.5
0.06,0.153,30.5
0.061,0.195,30.5
0.051,0.21,30.5
0.022,0.229,30.5
0.0,0.278,30.5
0.0,0.293,30.5
0.0,0.274,30.5
0.0,0.228,30.5
0.0,0.168,30.5
0.0,0.102,30.5
0.0,0.067,30.5
0.0,0.061,30.5
0.0,0.07,30.5
0.0,0.09,30.5
0.0,0.114,30.5
0.0,0.135,30.5
0.0,0.163,30.5
0.0,0.194,30.5
0.0,0.205,30.5
0.0,0.252,30.5
0.0,0.271,30.5
0.038,0.256,30.5
0.101,0.231,30.5
0.201,0.285,30.5
0.36,0.415,30.5
0.425,0.501,30.5
0.307,0.503,30.5
0.096,0.51,30.5
0.0,0.585,30.5
0.0,0.633,30.5
0.0,0.654,30.5
0.0,0.686,30.5
0.0,0.711,30.5
0.0,0.75,30.5
0.0,0.779,30.5
0.0,0.792,30.5
0.0,0.816,30.5
0.0,0.849,30.5
0.0,0.868,30.5
0.0,0.877,30.5
0.0,0.891,30.5
0.0,0.91,30.5
0.0,0.924,30.5
0.0,0.941,30.5
0.0,0.955,30.5
0.0,0.961,30.5
0.011,0.966,30.5
0.02,0.969,30.5
0.021,0.971,30.5
0.02,0.972,30.5
0.01,0.971,30.5
0.0,0.968,30.5
0.0,0.962,30.5
0.0,0.943,30.5
0.0,0.91,30.5
0.0,0.879,30.5
0.0,0.845,30.5
0.0,0.751,30.5
0.0,0.635,30.5
0.0,0.54,30.5
0.0,0.441,30.5
0.0,0.374,30.5
0.0,0.32,30.5
0.0,0.296,30.5
0.0,0.284,30.5
0.0,0.304,30.5
0.0,0.313,30.5
0.0,0.333,30.5
0.0,0.372,30.5
0.08,0.332,30.5
0.221,0.243,30.5
0.307,0.201,30.5
0.343,0.201,30.5
0.247,0.2,30.5
0.105,0.187,30.5
0.061,0.214,30.5
0.0,0.272,30.5
0.0,0.278,30.5
0.0,0.286,30.5
0.0,0.283,30.5
0.0,0.266,30.5
0.0,0.218,30.5
0.0,0.168,30.5
0.0,0.193,30.5
0.0,0.251,30.5
0.0,0.265,30.5
0.0,0.223,30.5
0.0,0.139,30.5
0.0,0.06,30.5
0.0,0.041,30.5
0.0,0.102,30.5
0.0,0.189,30.5
0.0,0.249,30.5
0.053,0.246,30.5
0.126,0.241,30.5
0.112,0.337,30.5
0.074,0.449,30.5
0.089,0.555,30.5
0.128,0.583,30.5
0.083,0.539,30.5
0.0,0.498,30.5
0.0,0.448,30.5
0.0,0.409,30.5
0.0,0.379,30.5
0.0,0.36,30.5
0.0,0.34,30.5
0.0,0.312,30.5
0.0,0.276,30.5
0.0,0.251,30.5
0.0,0.226,30.5
0.0,0.21,30.5
0.0,0.201,30.5
0.0,0.203,30.5
0.0,0.217,30.5
0.0,0.233,30.5
0.0,0.25,30.5
0.0,0.267,30.5
0.043,0.261,30.5
0.126,0.231,30.5
0.172,0.233,30.5
0.203,0.241,30.5
0.115,0.278,30.5
0.065,0.298,30.5
0.022,0.332,30.5
0.0,0.377,30.5
0.0,0.401,30.5
0.0,0.405,30.5
0.0,0.389,30.5
0.0,0.366,30.5
0.0,0.364,30.5
0.0,0.369,30.5
0.0,0.369,30.5
0.0,0.369,30.5
