solar_cf,wind_cf,price
0.0,0.085,97.3
0.0,0.096,97.3
0.0,0.111,97.3
0.0,0.123,97.3
0.0,0.133,97.3
0.0,0.144,97.3
0.0,0.156,97.3
0.0,0.179,97.3
0.019,0.209,97.3
0.088,0.211,97.3
0.136,0.165,97.3
0.144,0.162,97.3
0.14,0.174,97.3
0.085,0.169,97.3
0.03,0.193,97.3
0.0,0.253,97.3
0.0,0.289,97.3
0.0,0.3,97.3
0.0,0.3,97.3
0.0,0.296,97.3
0.0,0.294,97.3
0.0,0.294,97.3
0.0,0.296,97.3
0.0,0.291,97.3
0.0,0.289,97.3
0.0,0.286,97.3
0.0,0.256,97.3
0.0,0.218,97.3
0.0,0.183,97.3
0.0,0.141,97.3
0.0,0.102,97.3
0.0,0.075,97.3
0.0,0.051,97.3
0.02,0.033,97.3
0.044,0.018,97.3
0.061,0.012,97.3
0.06,0.01,97.3
0.04,0.008,97.3
0.011,0.009,97.3
0.0,0.01,97.3
0.0,0.008,97.3
0.0,0.006,97.3
0.0,0.004,97.3
0.0,0.004,97.3
0.0,0.007,97.3
0.0,0.016,97.3
0.0,0.025,97.3
0.0,0.026,97.3
0.0,0.024,97.3
0.0,0.028,97.3
0.0,0.036,97.3
0.0,0.044,97.3
0.0,0.065,97.3
0.0,0.091,97.3
0.0,0.119,97.3
0.0,0.147,97.3
0.017,0.166,97.3
0.104,0.159,97.3
0.209,0.173,97.3
0.219,0.208,97.3
0.196,0.291,97.3
0.165,0.312,97.3
0.08,0.35,97.3
0.001,0.427,97.3
0.0,0.451,97.3
0.0,0.422,97.3
0.0,0.432,97.3
0.0,0.38,97.3
0.0,0.361,97.3
0.0,0.348,97.3
0.0,0.367,97.3
0.0,0.394,97.3
0.0,0.39,97.3
0.0,0.379,97.3
0.0,0.375,97.3
0.0,0.38,97.3
0.0,0.388,97.3
0.0,0.398,97.3
0.0,0.441,97.3
0.0,0.432,97.3
0.01,0.41,97.3
0.05,0.441,97.3
0.088,0.506,97.3
0.122,0.535,97.3
0.106,0.52,97.3
0.063,0.481,97.3
0.023,0.438,97.3
0.0,0.488,97.3
0.0,0.532,97.3
0.0,0.525,97.3
0.0,0.488,97.3
0.0,0.454,97.3
0.0,0.429,97.3
0.0,0.403,97.3
0.0,0.388,97.3
0.0,0.372,97.3
0.0,0.359,97.3
0.0,0.379,97.3
0.0,0.334,97.3
0.0,0.321,97.3
0.0,0.332,97.3
0.0,0.328,97.3
0.0,0.337,97.3
0.0,0.325,97.3
0.028,0.291,97.3
0.112,0.245,97.3
0.2,0.258,97.3
0.203,0.234,97.3
0.159,0.225,97.3
0.102,0.235,97.3
0.039,0.222,97.3
0.0,0.243,97.3
0.0,0.311,97.3
0.0,0.341,97.3
0.0,0.34,97.3
0.0,0.303,97.3
0.0,0.304,97.3
0.0,0.32,97.3
0.0,0.332,97.3
0.0,0.328,97.3
0.0,0.343,97.3
0.0,0.358,97.3
0.0,0.314,97.3
0.0,0.314,97.3
0.0,0.274,97.3
0.0,0.27,97.3
0.0,0.277,97.3
0.0,0.276,97.3
0.025,0.245,97.3
0.11,0.177,97.3
0.18,0.141,97.3
0.201,0.125,97.3
0.14,0.106,97.3
0.077,0.094,97.3
0.023,0.093,97.3
0.0,0.107,97.3
0.0,0.117,97.3
0.0,0.117,97.3
0.0,0.112,97.3
0.0,0.112,97.3
0.0,0.115,97.3
0.0,0.116,97.3
0.0,0.115,97.3
0.0,0.118,97.3
0.0,0.124,97.3
0.0,0.136,97.3
0.0,0.154,97.3
0.0,0.17,97.3
0.0,0.18,97.3
0.0,0.183,97.3
0.0,0.186,97.3
0.0,0.188,97.3
0.0,0.18,97.3
0.014,0.169,97.3
0.029,0.16,97.3
0.033,0.168,97.3
0.029,0.192,97.3
0.018,0.223,97.3
0.004,0.256,97.3
0.0,0.289,97.3
0.0,0.295,97.3
0.0,0.293,97.3
0.0,0.292,97.3
0.0,0.293,97.3
0.0,0.296,97.3
0.0,0.308,97.3
0.0,0.313,97.3
0.0,0.325,97.3
0.0,0.332,97.3
0.0,0.328,97.3
0.0,0.33,97.3
0.0,0.325,97.3
0.0,0.321,97.3
0.0,0.311,97.3
0.0,0.286,97.3
0.0,0.254,97.3
0.001,0.216,97.3
0.029,0.159,97.3
0.065,0.105,97.3
0.094,0.084,97.3
0.094,0.075,97.3
0.069,0.058,97.3
0.027,0.049,97.3
0.0,0.058,97.3
0.0,0.07,97.3
0.0,0.08,97.3
0.0,0.086,97.3
0.0,0.087,97.3
0.0,0.078,97.3
0.0,0.058,97.3
0.0,0.039,97.3
0.0,0.026,97.3
0.0,0.018,97.3
0.0,0.012,97.3
0.0,0.007,97.3
0.0,0.005,97.3
0.0,0.01,97.3
0.0,0.017,97.3
0.0,0.027,97.3
0.0,0.038,97.3
0.041,0.038,97.3
0.107,0.027,97.3
0.182,0.026,97.3
0.296,0.032,97.3
0.28,0.039,97.3
0.202,0.055,97.3
0.086,0.079,97.3
0.002,0.107,97.3
0.0,0.128,97.3
0.0,0.149,97.3
0.0,0.171,97.3
0.0,0.19,97.3
0.0,0.192,97.3
0.0,0.155,97.3
0.0,0.11,97.3
0.0,0.084,97.3
0.0,0.064,97.3
0.0,0.05,97.3
0.0,0.047,97.3
0.0,0.049,97.3
0.0,0.055,97.3
0.0,0.067,97.3
0.0,0.081,97.3
0.0,0.099,97.3
0.045,0.114,97.3
0.122,0.103,97.3
0.195,0.085,97.3
0.246,0.088,97.3
0.278,0.102,97.3
0.262,0.114,97.3
0.183,0.142,97.3
0.017,0.2,97.3
0.0,0.245,97.3
0.0,0.256,97.3
0.0,0.255,97.3
0.0,0.259,97.3
0.0,0.264,97.3
0.0,0.268,97.3
0.0,0.289,97.3
0.0,0.298,97.3
0.0,0.304,97.3
0.0,0.308,97.3
0.0,0.322,97.3
0.0,0.337,97.3
0.0,0.341,97.3
0.0,0.364,97.3
0.0,0.413,97.3
0.0,0.467,97.3
0.008,0.476,97.3
0.028,0.452,97.3
0.033,0.5,97.3
0.032,0.492,97.3
0.038,0.484,97.3
0.022,0.537,97.3
0.007,0.617,97.3
0.0,0.642,97.3
0.0,0.69,97.3
0.0,0.663,97.3
0.0,0.703,97.3
0.0,0.778,97.3
0.0,0.795,97.3
0.0,0.788,97.3
0.0,0.798,97.3
0.0,0.811,97.3
0.0,0.828,97.3
0.0,0.839,97.3
0.0,0.857,97.3
0.0,0.888,97.3
0.0,0.894,97.3
0.0,0.87,97.3
0.0,0.809,97.3
0.0,0.678,97.3
0.006,0.529,97.3
0.072,0.405,97.3
0.148,0.42,97.3
0.112,0.428,97.3
0.14,0.447,97.3
0.187,0.466,97.3
0.089,0.459,97.3
0.001,0.481,97.3
0.0,0.479,97.3
0.0,0.46,97.3
0.0,0.44,97.3
0.0,0.402,97.3
0.0,0.356,97.3
0.0,0.323,97.3
0.0,0.317,97.3
0.0,0.334,97.3
0.0,0.389,97.3
0.0,0.444,97.3
0.0,0.464,97.3
0.0,0.473,97.3
0.0,0.473,97.3
0.0,0.473,97.3
0.0,0.463,97.3
0.0,0.448,97.3
0.09,0.386,97.3
0.23,0.299,97.3
0.325,0.263,97.3
0.29,0.347,97.3
0.26,0.355,97.3
0.195,0.302,97.3
0.091,0.227,97.3
0.005,0.243,97.3
0.0,0.274,97.3
0.0,0.289,97.3
0.0,0.301,97.3
0.0,0.311,97.3
0.0,0.322,97.3
0.0,0.328,97.3
0.0,0.305,97.3
0.0,0.264,97.3
0.0,0.197,97.3
0.0,0.16,97.3
0.0,0.149,97.3
0.0,0.152,97.3
0.0,0.133,97.3
0.0,0.137,97.3
0.0,0.156,97.3
0.0,0.184,97.3
0.002,0.207,97.3
0.029,0.202,97.3
0.073,0.219,97.3
0.109,0.288,97.3
0.096,0.343,97.3
0.061,0.305,97.3
0.024,0.292,97.3
0.0,0.362,97.3
0.0,0.417,97.3
0.0,0.436,97.3
0.0,0.447,97.3
0.0,0.448,97.3
0.0,0.442,97.3
0.0,0.433,97.3
0.0,0.422,97.3
0.0,0.41,97.3
0.0,0.391,97.3
0.0,0.374,97.3
0.0,0.363,97.3
0.0,0.349,97.3
0.0,0.309,97.3
0.0,0.258,97.3
0.0,0.231,97.3
0.0,0.221,97.3
0.118,0.176,97.3
0.353,0.111,97.3
0.447,0.122,97.3
0.451,0.111,97.3
0.387,0.107,97.3
0.285,0.095,97.3
0.151,0.073,97.3
0.023,0.058,97.3
0.0,0.047,97.3
0.0,0.041,97.3
0.0,0.037,97.3
0.0,0.039,97.3
0.0,0.052,97.3
0.0,0.078,97.3
0.0,0.104,97.3
0.0,0.133,97.3
0.0,0.159,97.3
0.0,0.183,97.3
0.0,0.203,97.3
0.0,0.204,97.3
0.0,0.223,97.3
0.0,0.251,97.3
0.0,0.272,97.3
0.0,0.291,97.3
0.007,0.303,97.3
0.024,0.317,97.3
0.034,0.311,97.3
0.038,0.318,97.3
0.036,0.415,97.3
0.021,0.468,97.3
0.002,0.446,97.3
0.0,0.451,97.3
0.0,0.464,97.3
0.0,0.451,97.3
0.0,0.375,97.3
0.0,0.305,97.3
0.0,0.194,97.3
0.0,0.149,97.3
0.0,0.131,97.3
0.0,0.137,97.3
0.0,0.155,97.3
0.0,0.233,97.3
0.0,0.391,97.3
0.0,0.513,97.3
0.0,0.574,97.3
0.0,0.562,97.3
0.0,0.532,97.3
0.0,0.528,97.3
0.016,0.484,97.3
0.065,0.413,97.3
0.186,0.346,97.3
0.256,0.316,97.3
0.277,0.332,97.3
0.22,0.385,97.3
0.078,0.437,97.3
0.003,0.476,97.3
0.0,0.486,97.3
0.0,0.451,97.3
0.0,0.42,97.3
0.0,0.39,97.3
0.0,0.358,97.3
0.0,0.328,97.3
0.0,0.315,97.3
0.0,0.33,97.3
0.0,0.359,97.3
0.0,0.379,97.3
0.0,0.384,97.3
0.0,0.374,97.3
0.0,0.356,97.3
0.0,0.371,97.3
0.0,0.36,97.3
0.0,0.383,97.3
0.009,0.386,97.3
0.03,0.375,97.3
0.067,0.376,97.3
0.121,0.447,97.3
0.153,0.536,97.3
0.106,0.56,97.3
0.03,0.58,97.3
0.0,0.59,97.3
0.0,0.575,97.3
0.0,0.547,97.3
0.0,0.552,97.3
0.0,0.566,97.3
0.0,0.53,97.3
0.0,0.554,97.3
0.0,0.657,97.3
0.0,0.686,97.3
0.0,0.701,97.3
0.0,0.775,97.3
0.0,0.799,97.3
0.0,0.845,97.3
0.0,0.89,97.3
0.0,0.917,97.3
0.0,0.925,97.3
0.0,0.933,97.3
0.0,0.914,97.3
0.0,0.886,97.3
0.013,0.868,97.3
0.035,0.857,97.3
0.062,0.891,97.3
0.034,0.891,97.3
0.008,0.868,97.3
0.0,0.853,97.3
0.0,0.839,97.3
0.0,0.831,97.3
0.0,0.833,97.3
0.0,0.84,97.3
0.0,0.836,97.3
0.0,0.842,97.3
0.0,0.857,97.3
0.0,0.874,97.3
0.0,0.868,97.3
0.0,0.846,97.3
0.0,0.866,97.3
0.0,0.857,97.3
0.0,0.847,97.3
0.0,0.812,97.3
0.0,0.818,97.3
0.0,0.826,97.3
0.014,0.82,97.3
0.064,0.817,97.3
0.212,0.799,97.3
0.307,0.816,97.3
0.249,0.812,97.3
0.126,0.812,97.3
0.108,0.839,97.3
0.014,0.86,97.3
0.0,0.86,97.3
0.0,0.871,97.3
0.0,0.897,97.3
0.0,0.919,97.3
0.0,0.944,97.3
0.0,0.958,97.3
0.0,0.968,97.3
0.0,0.98,97.3
0.0,0.99,97.3
0.0,0.989,97.3
0.0,0.983,97.3
0.0,0.991,97.3
0.0,0.977,97.3
0.0,0.907,97.3
0.0,0.871,97.3
0.001,0.831,97.3
0.143,0.811,97.3
0.22,0.847,97.3
0.236,0.894,97.3
0.251,0.921,97.3
0.187,0.923,97.3
0.114,0.909,97.3
0.117,0.883,97.3
0.006,0.834,97.3
0.0,0.722,97.3
0.0,0.566,97.3
0.0,0.426,97.3
0.0,0.334,97.3
0.0,0.343,97.3
0.0,0.325,97.3
0.0,0.401,97.3
0.0,0.508,97.3
0.0,0.439,97.3
0.0,0.374,97.3
0.0,0.37,97.3
0.0,0.378,97.3
0.0,0.379,97.3
0.0,0.346,97.3
0.0,0.311,97.3
0.0,0.275,97.3
0.036,0.245,97.3
0.158,0.223,97.3
0.284,0.23,97.3
0.366,0.261,97.3
0.376,0.264,97.3
0.311,0.248,97.3
0.188,0.225,97.3
0.038,0.24,97.3
0.0,0.247,97.3
0.0,0.241,97.3
0.0,0.249,97.3
0.0,0.292,97.3
0.0,0.358,97.3
0.0,0.414,97.3
0.0,0.426,97.3
0.0,0.417,97.3
0.0,0.398,97.3
0.0,0.413,97.3
0.0,0.439,97.3
0.0,0.494,97.3
0.0,0.466,97.3
0.0,0.42,97.3
0.0,0.379,97.3
0.0,0.328,97.3
0.003,0.279,97.3
0.026,0.225,97.3
0.064,0.173,97.3
0.093,0.133,97.3
0.107,0.085,97.3
0.079,0.037,97.3
0.025,0.006,97.3
0.0,0.006,97.3
0.0,0.027,97.3
0.0,0.058,97.3
0.0,0.103,97.3
0.0,0.175,97.3
0.0,0.255,97.3
0.0,0.303,97.3
0.0,0.347,97.3
0.0,0.358,97.3
0.0,0.352,97.3
0.0,0.383,97.3
0.0,0.41,97.3
0.0,0.433,97.3
0.0,0.454,97.3
0.0,0.457,97.3
0.0,0.442,97.3
0.003,0.367,97.3
0.19,0.238,97.3
0.389,0.126,97.3
0.51,0.099,97.3
0.532,0.096,97.3
0.427,0.133,97.3
0.273,0.199,97.3
0.078,0.21,97.3
0.003,0.201,97.3
0.0,0.261,97.3
0.0,0.32,97.3
0.0,0.344,97.3
0.0,0.332,97.3
0.0,0.305,97.3
0.0,0.251,97.3
0.0,0.179,97.3
0.0,0.118,97.3
0.0,0.055,97.3
0.0,0.041,97.3
0.0,0.094,97.3
0.0,0.177,97.3
0.0,0.266,97.3
0.0,0.302,97.3
0.0,0.305,97.3
0.01,0.278,97.3
0.219,0.173,97.3
0.396,0.082,97.3
0.517,0.106,97.3
0.552,0.113,97.3
0.507,0.14,97.3
0.424,0.189,97.3
0.256,0.217,97.3
0.058,0.294,97.3
0.0,0.45,97.3
0.0,0.555,97.3
0.0,0.584,97.3
0.0,0.566,97.3
0.0,0.568,97.3
0.0,0.568,97.3
0.0,0.574,97.3
0.0,0.658,97.3
0.0,0.708,97.3
0.0,0.699,97.3
0.0,0.69,97.3
0.0,0.654,97.3
0.0,0.609,97.3
0.0,0.552,97.3
0.0,0.478,97.3
0.0,0.404,97.3
0.029,0.347,97.3
0.126,0.265,97.3
0.223,0.274,97.3
0.315,0.308,97.3
0.285,0.313,97.3
0.165,0.278,97.3
0.111,0.231,97.3
0.018,0.287,97.3
0.0,0.352,97.3
0.0,0.37,97.3
0.0,0.376,97.3
0.0,0.376,97.3
0.0,0.363,97.3
0.0,0.377,97.3
0.0,0.433,97.3
0.0,0.454,97.3
0.0,0.476,97.3
0.0,0.504,97.3
0.0,0.587,97.3
0.0,0.646,97.3
0.0,0.606,97.3
0.0,0.523,97.3
0.0,0.434,97.3
0.0,0.391,97.3
0.0,0.364,97.3
0.001,0.323,97.3
0.031,0.289,97.3
0.06,0.251,97.3
0.066,0.255,97.3
0.046,0.274,97.3
0.017,0.27,97.3
0.0,0.268,97.3
0.0,0.289,97.3
0.0,0.266,97.3
0.0,0.257,97.3
0.0,0.263,97.3
0.0,0.24,97.3
0.0,0.213,97.3
0.0,0.16,97.3
0.0,0.112,97.3
0.0,0.099,97.3
0.0,0.093,97.3
0.0,0.089,97.3
0.0,0.136,97.3
0.0,0.191,97.3
0.0,0.227,97.3
0.0,0.192,97.3
0.0,0.169,97.3
0.0,0.185,97.3
0.007,0.252,97.3
0.017,0.338,97.3
0.02,0.506,97.3
0.046,0.582,97.3
0.041,0.556,97.3
0.023,0.476,97.3
0.0,0.371,97.3
0.0,0.278,97.3
0.0,0.219,97.3
0.0,0.231,97.3
0.0,0.279,97.3
0.0,0.323,97.3
0.0,0.332,97.3
0.0,0.398,97.3
0.0,0.391,97.3
0.0,0.397,97.3
0.0,0.479,97.3
0.0,0.566,97.3
0.0,0.703,97.3
0.0,0.819,97.3
0.0,0.895,97.3
0.0,0.911,97.3
0.007,0.875,97.3
0.169,0.803,97.3
0.332,0.724,97.3
0.418,0.781,97.3
0.452,0.831,97.3
0.288,0.794,97.3
0.157,0.665,97.3
0.095,0.551,97.3
0.042,0.55,97.3
0.0,0.574,97.3
0.0,0.583,97.3
0.0,0.552,97.3
0.0,0.484,97.3
0.0,0.422,97.3
0.0,0.38,97.3
0.0,0.317,97.3
0.0,0.251,97.3
0.0,0.179,97.3
0.0,0.139,97.3
0.0,0.116,97.3
0.0,0.143,97.3
0.0,0.238,97.3
0.0,0.308,97.3
0.0,0.355,97.3
0.0,0.404,97.3
0.01,0.444,97.3
0.028,0.501,97.3
0.052,0.56,97.3
0.083,0.613,97.3
0.127,0.649,97.3
0.111,0.674,97.3
0.054,0.684,97.3
0.005,0.674,97.3
0.0,0.68,97.3
0.0,0.672,97.3
0.0,0.638,97.3
0.0,0.61,97.3
0.0,0.583,97.3
0.0,0.583,97.3
0.0,0.577,97.3
0.0,0.519,97.3
0.0,0.476,97.3
0.0,0.453,97.3
0.0,0.432,97.3
0.0,0.42,97.3
0.0,0.377,97.3
0.0,0.344,97.3
0.0,0.306,97.3
0.015,0.269,97.3
0.15,0.241,97.3
0.319,0.233,97.3
0.423,0.277,97.3
0.435,0.344,97.3
0.425,0.362,97.3
0.44,0.338,97.3
0.28,0.286,97.3
0.041,0.305,97.3
0.0,0.37,97.3
0.0,0.377,97.3
0.0,0.358,97.3
0.0,0.317,97.3
0.0,0.31,97.3
0.0,0.306,97.3
0.0,0.328,97.3
0.0,0.286,97.3
0.0,0.254,97.3
0.0,0.238,97.3
0.0,0.217,97.3
0.0,0.201,97.3
0.0,0.182,97.3
0.0,0.155,97.3
0.0,0.133,97.3
0.0,0.108,97.3
0.026,0.069,97.3
0.066,0.049,97.3
0.107,0.059,97.3
0.136,0.075,97.3
0.13,0.084,97.3
0.078,0.097,97.3
0.018,0.11,97.3
0.0,0.141,97.3
0.0,0.176,97.3
0.0,0.164,97.3
0.0,0.136,97.3
0.0,0.131,97.3
0.0,0.103,97.3
0.0,0.029,97.3
0.0,0.074,97.3
0.0,0.157,97.3
0.0,0.085,97.3
0.0,0.074,97.3
0.0,0.187,97.3
0.0,0.194,97.3
0.0,0.2,97.3
0.0,0.284,97.3
0.0,0.39,97.3
0.0,0.407,97.3
0.0,0.351,97.3
0.01,0.362,97.3
0.032,0.417,97.3
0.061,0.468,97.3
0.071,0.541,97.3
0.045,0.545,97.3
0.036,0.586,97.3
0.014,0.551,97.3
0.0,0.532,97.3
0.0,0.556,97.3
0.0,0.576,97.3
0.0,0.596,97.3
0.0,0.586,97.3
0.0,0.571,97.3
0.0,0.607,97.3
0.0,0.613,97.3
0.0,0.737,97.3
0.0,0.778,97.3
0.0,0.73,97.3
0.0,0.633,97.3
0.0,0.546,97.3
0.0,0.504,97.3
0.0,0.453,97.3
0.0,0.426,97.3
0.009,0.442,97.3
0.014,0.481,97.3
0.019,0.488,97.3
0.062,0.467,97.3
0.124,0.508,97.3
0.067,0.592,97.3
0.032,0.61,97.3
0.008,0.627,97.3
0.0,0.626,97.3
0.0,0.678,97.3
0.0,0.718,97.3
0.0,0.637,97.3
0.0,0.569,97.3
0.0,0.547,97.3
0.0,0.58,97.3
0.0,0.53,97.3
0.0,0.527,97.3
0.0,0.491,97.3
0.0,0.424,97.3
0.0,0.382,97.3
0.0,0.303,97.3
0.0,0.241,97.3
0.0,0.198,97.3
0.0,0.179,97.3
0.015,0.158,97.3
0.045,0.136,97.3
0.087,0.103,97.3
0.141,0.107,97.3
0.148,0.111,97.3
0.164,0.093,97.3
0.098,0.101,97.3
0.027,0.153,97.3
0.0,0.233,97.3
0.0,0.294,97.3
0.0,0.325,97.3
0.0,0.343,97.3
0.0,0.342,97.3
0.0,0.323,97.3
0.0,0.301,97.3
0.0,0.282,97.3
0.0,0.259,97.3
0.0,0.241,97.3
0.0,0.22,97.3
0.0,0.198,97.3
0.0,0.186,97.3
0.0,0.185,97.3
0.0,0.187,97.3
0.0,0.185,97.3
0.014,0.167,97.3
0.063,0.146,97.3
0.128,0.179,97.3
0.197,0.192,97.3
0.266,0.174,97.3
0.289,0.141,97.3
0.103,0.097,97.3
0.014,0.073,97.3
0.0,0.059,97.3
0.0,0.04,97.3
0.0,0.026,97.3
0.0,0.033,97.3
0.0,0.055,97.3
0.0,0.078,97.3
0.0,0.09,97.3
0.0,0.09,97.3
0.0,0.085,97.3
0.0,0.08,97.3
0.0,0.076,97.3
0.0,0.07,97.3
0.0,0.074,97.3
0.0,0.091,97.3
0.0,0.124,97.3
0.0,0.179,97.3
0.029,0.184,97.3
0.081,0.179,97.3
0.14,0.265,97.3
0.169,0.385,97.3
0.161,0.47,97.3
0.096,0.518,97.3
0.036,0.549,97.3
0.003,0.578,97.3
0.0,0.646,97.3
0.0,0.719,97.3
0.0,0.744,97.3
0.0,0.727,97.3
0.0,0.727,97.3
0.0,0.764,97.3
0.0,0.795,97.3
0.0,0.805,97.3
0.0,0.818,97.3
0.0,0.831,97.3
0.0,0.843,97.3
0.0,0.833,97.3
0.0,0.816,97.3
0.0,0.8,97.3
0.0,0.788,97.3
0.0,0.779,97.3
0.026,0.773,97.3
0.061,0.752,97.3
0.083,0.725,97.3
0.078,0.655,97.3
0.068,0.596,97.3
0.056,0.572,97.3
0.034,0.555,97.3
0.006,0.529,97.3
0.0,0.501,97.3
0.0,0.48,97.3
0.0,0.466,97.3
0.0,0.454,97.3
0.0,0.454,97.3
0.0,0.474,97.3
0.0,0.504,97.3
0.0,0.535,97.3
0.0,0.54,97.3
0.0,0.558,97.3
0.0,0.574,97.3
0.0,0.59,97.3
0.0,0.606,97.3
0.0,0.605,97.3
0.0,0.601,97.3
0.01,0.62,97.3
0.079,0.662,97.3
0.138,0.68,97.3
0.152,0.666,97.3
0.146,0.63,97.3
0.132,0.583,97.3
0.084,0.538,97.3
0.046,0.506,97.3
0.008,0.486,97.3
0.0,0.476,97.3
0.0,0.475,97.3
0.0,0.469,97.3
0.0,0.454,97.3
0.0,0.431,97.3
0.0,0.413,97.3
0.0,0.411,97.3
0.0,0.413,97.3
0.0,0.416,97.3
0.0,0.411,97.3
0.0,0.412,97.3
0.0,0.408,97.3
0.0,0.372,97.3
0.0,0.339,97.3
0.0,0.326,97.3
0.06,0.291,97.3
0.249,0.361,97.3
0.413,0.401,97.3
0.513,0.466,97.3
0.536,0.481,97.3
0.524,0.464,97.3
0.467,0.433,97.3
0.328,0.425,97.3
0.115,0.422,97.3
0.0,0.401,97.3
0.0,0.423,97.3
0.0,0.433,97.3
0.0,0.429,97.3
0.0,0.411,97.3
0.0,0.389,97.3
0.0,0.376,97.3
0.0,0.368,97.3
0.0,0.343,97.3
0.0,0.332,97.3
0.0,0.331,97.3
0.0,0.379,97.3
0.0,0.401,97.3
0.0,0.402,97.3
0.0,0.404,97.3
0.054,0.364,97.3
0.178,0.313,97.3
0.318,0.394,97.3
0.473,0.388,97.3
0.416,0.345,97.3
0.395,0.309,97.3
0.351,0.284,97.3
0.231,0.273,97.3
0.097,0.248,97.3
0.0,0.231,97.3
0.0,0.228,97.3
0.0,0.218,97.3
0.0,0.202,97.3
0.0,0.186,97.3
0.0,0.179,97.3
0.0,0.179,97.3
0.0,0.174,97.3
0.0,0.164,97.3
0.0,0.149,97.3
0.0,0.136,97.3
0.0,0.136,97.3
0.0,0.147,97.3
0.0,0.162,97.3
0.0,0.181,97.3
0.133,0.192,97.3
0.362,0.144,97.3
0.535,0.109,97.3
0.642,0.119,97.3
0.685,0.118,97.3
0.664,0.157,97.3
0.586,0.185,97.3
0.432,0.207,97.3
0.201,0.218,97.3
0.005,0.275,97.3
0.0,0.365,97.3
0.0,0.398,97.3
0.0,0.391,97.3
0.0,0.379,97.3
0.0,0.368,97.3
0.0,0.346,97.3
0.0,0.335,97.3
0.0,0.329,97.3
0.0,0.336,97.3
0.0,0.333,97.3
0.0,0.335,97.3
0.0,0.341,97.3
0.0,0.347,97.3
0.0,0.361,97.3
0.14,0.376,97.3
0.393,0.34,97.3
0.573,0.374,97.3
0.673,0.495,97.3
0.703,0.604,97.3
0.672,0.675,97.3
0.565,0.722,97.3
0.408,0.73,97.3
0.181,0.683,97.3
0.004,0.662,97.3
0.0,0.653,97.3
0.0,0.626,97.3
0.0,0.61,97.3
0.0,0.61,97.3
0.0,0.601,97.3
0.0,0.586,97.3
0.0,0.584,97.3
0.0,0.587,97.3
0.0,0.621,97.3
0.0,0.601,97.3
0.0,0.522,97.3
0.0,0.447,97.3
0.0,0.432,97.3
0.0,0.459,97.3
0.206,0.444,97.3
0.442,0.334,97.3
0.609,0.323,97.3
0.703,0.398,97.3
0.735,0.469,97.3
0.708,0.519,97.3
0.623,0.563,97.3
0.471,0.574,97.3
0.242,0.538,97.3
0.015,0.547,97.3
0.0,0.544,97.3
0.0,0.505,97.3
0.0,0.481,97.3
0.0,0.514,97.3
0.0,0.491,97.3
0.0,0.355,97.3
0.0,0.346,97.3
0.0,0.42,97.3
0.0,0.425,97.3
0.0,0.371,97.3
0.0,0.343,97.3
0.0,0.354,97.3
0.0,0.407,97.3
0.0,0.439,97.3
0.169,0.43,97.3
0.364,0.358,97.3
0.343,0.347,97.3
0.331,0.459,97.3
0.227,0.535,97.3
0.161,0.541,97.3
0.147,0.563,97.3
0.217,0.59,97.3
0.1,0.647,97.3
0.0,0.698,97.3
0.0,0.68,97.3
0.0,0.663,97.3
0.0,0.665,97.3
0.0,0.663,97.3
0.0,0.666,97.3
0.0,0.653,97.3
0.0,0.603,97.3
0.0,0.574,97.3
0.0,0.559,97.3
0.0,0.58,97.3
0.0,0.571,97.3
0.0,0.586,97.3
0.0,0.596,97.3
0.0,0.611,97.3
0.002,0.663,97.3
0.016,0.718,97.3
0.03,0.769,97.3
0.037,0.764,97.3
0.036,0.75,97.3
0.044,0.733,97.3
0.065,0.686,97.3
0.049,0.672,97.3
0.017,0.637,97.3
0.0,0.571,97.3
0.0,0.491,97.3
0.0,0.458,97.3
0.0,0.43,97.3
0.0,0.401,97.3
0.0,0.395,97.3
0.0,0.397,97.3
0.0,0.39,97.3
0.0,0.43,97.3
0.0,0.48,97.3
0.0,0.503,97.3
0.0,0.513,97.3
0.0,0.537,97.3
0.0,0.562,97.3
0.0,0.576,97.3
0.018,0.563,97.3
0.067,0.595,97.3
0.201,0.59,97.3
0.222,0.59,97.3
0.197,0.601,97.3
0.174,0.605,97.3
0.115,0.613,97.3
0.056,0.643,97.3
0.022,0.708,97.3
0.0,0.765,97.3
0.0,0.773,97.3
0.0,0.709,97.3
0.0,0.692,97.3
0.0,0.647,97.3
0.0,0.574,97.3
0.0,0.55,97.3
0.0,0.59,97.3
0.0,0.605,97.3
0.0,0.585,97.3
0.0,0.546,97.3
0.0,0.521,97.3
0.0,0.491,97.3
0.0,0.457,97.3
0.0,0.463,97.3
0.0,0.46,97.3
0.022,0.478,97.3
0.06,0.472,97.3
0.12,0.571,97.3
0.272,0.638,97.3
0.415,0.681,97.3
0.339,0.674,97.3
0.201,0.641,97.3
0.025,0.618,97.3
0.0,0.596,97.3
0.0,0.624,97.3
0.0,0.623,97.3
0.0,0.613,97.3
0.0,0.582,97.3
0.0,0.553,97.3
0.0,0.523,97.3
0.0,0.505,97.3
0.0,0.507,97.3
0.0,0.531,97.3
0.0,0.552,97.3
0.0,0.553,97.3
0.0,0.568,97.3
0.0,0.648,97.3
0.0,0.732,97.3
0.041,0.791,97.3
0.126,0.72,97.3
0.143,0.664,97.3
0.167,0.763,97.3
0.087,0.746,97.3
0.056,0.735,97.3
0.069,0.73,97.3
0.046,0.706,97.3
0.005,0.676,97.3
0.0,0.724,97.3
0.0,0.772,97.3
0.0,0.686,97.3
0.0,0.617,97.3
0.0,0.52,97.3
0.0,0.484,97.3
0.0,0.513,97.3
0.0,0.445,97.3
0.0,0.406,97.3
0.0,0.369,97.3
0.0,0.362,97.3
0.0,0.314,97.3
0.0,0.309,97.3
0.0,0.321,97.3
0.0,0.314,97.3
0.006,0.334,97.3
0.041,0.314,97.3
0.095,0.386,97.3
0.168,0.449,97.3
0.361,0.513,97.3
0.365,0.547,97.3
0.271,0.532,97.3
0.157,0.495,97.3
0.056,0.486,97.3
0.0,0.521,97.3
0.0,0.55,97.3
0.0,0.571,97.3
0.0,0.599,97.3
0.0,0.572,97.3
0.0,0.556,97.3
0.0,0.525,97.3
0.0,0.527,97.3
0.0,0.544,97.3
0.0,0.578,97.3
0.0,0.598,97.3
0.0,0.556,97.3
0.0,0.552,97.3
0.0,0.555,97.3
0.0,0.538,97.3
0.079,0.523,97.3
0.239,0.538,97.3
0.453,0.614,97.3
0.556,0.666,97.3
0.598,0.718,97.3
0.574,0.721,97.3
0.38,0.685,97.3
0.217,0.668,97.3
0.153,0.699,97.3
0.02,0.728,97.3
0.0,0.751,97.3
0.0,0.75,97.3
0.0,0.728,97.3
0.0,0.713,97.3
0.0,0.702,97.3
0.0,0.705,97.3
0.0,0.655,97.3
0.0,0.679,97.3
0.0,0.663,97.3
0.0,0.591,97.3
0.0,0.554,97.3
0.0,0.529,97.3
0.0,0.489,97.3
0.0,0.436,97.3
0.031,0.45,97.3
0.297,0.395,97.3
0.479,0.435,97.3
0.578,0.395,97.3
0.612,0.368,97.3
0.602,0.328,97.3
0.53,0.291,97.3
0.4,0.261,97.3
0.215,0.303,97.3
0.03,0.429,97.3
0.0,0.503,97.3
0.0,0.526,97.3
0.0,0.532,97.3
0.0,0.57,97.3
0.0,0.624,97.3
0.0,0.621,97.3
0.0,0.618,97.3
0.0,0.61,97.3
0.0,0.613,97.3
0.0,0.618,97.3
0.0,0.612,97.3
0.0,0.578,97.3
0.0,0.577,97.3
0.0,0.561,97.3
0.016,0.535,97.3
0.11,0.467,97.3
0.282,0.377,97.3
0.368,0.375,97.3
0.355,0.352,97.3
0.267,0.323,97.3
0.216,0.301,97.3
0.145,0.294,97.3
0.062,0.34,97.3
0.0,0.383,97.3
0.0,0.485,97.3
0.0,0.521,97.3
0.0,0.432,97.3
0.0,0.339,97.3
0.0,0.361,97.3
0.0,0.367,97.3
0.0,0.405,97.3
0.0,0.476,97.3
0.0,0.498,97.3
0.0,0.496,97.3
0.0,0.494,97.3
0.0,0.498,97.3
0.0,0.504,97.3
0.0,0.493,97.3
0.072,0.435,97.3
0.212,0.398,97.3
0.335,0.476,97.3
0.428,0.579,97.3
0.524,0.676,97.3
0.522,0.733,97.3
0.464,0.748,97.3
0.338,0.744,97.3
0.139,0.722,97.3
0.013,0.698,97.3
0.0,0.687,97.3
0.0,0.685,97.3
0.0,0.668,97.3
0.0,0.623,97.3
0.0,0.625,97.3
0.0,0.616,97.3
0.0,0.607,97.3
0.0,0.655,97.3
0.0,0.663,97.3
0.0,0.658,97.3
0.0,0.599,97.3
0.0,0.59,97.3
0.0,0.587,97.3
0.0,0.582,97.3
0.153,0.506,97.3
0.36,0.4,97.3
0.517,0.449,97.3
0.608,0.553,97.3
0.641,0.577,97.3
0.622,0.574,97.3
0.548,0.544,97.3
0.415,0.488,97.3
0.224,0.435,97.3
0.034,0.464,97.3
0.0,0.568,97.3
0.0,0.607,97.3
0.0,0.581,97.3
0.0,0.549,97.3
0.0,0.525,97.3
0.0,0.526,97.3
0.0,0.529,97.3
0.0,0.479,97.3
0.0,0.444,97.3
0.0,0.447,97.3
0.0,0.478,97.3
0.0,0.494,97.3
0.0,0.491,97.3
0.0,0.468,97.3
0.081,0.347,97.3
0.216,0.213,97.3
0.329,0.18,97.3
0.388,0.2,97.3
0.398,0.168,97.3
0.305,0.144,97.3
0.177,0.128,97.3
0.09,0.118,97.3
0.029,0.131,97.3
0.0,0.169,97.3
0.0,0.207,97.3
0.0,0.217,97.3
0.0,0.209,97.3
0.0,0.19,97.3
0.0,0.176,97.3
0.0,0.161,97.3
0.0,0.142,97.3
0.0,0.122,97.3
0.0,0.121,97.3
0.0,0.15,97.3
0.0,0.179,97.3
0.0,0.187,97.3
0.0,0.183,97.3
0.0,0.18,97.3
0.115,0.142,97.3
0.413,0.118,97.3
0.57,0.177,97.3
0.662,0.188,97.3
0.698,0.195,97.3
0.678,0.224,97.3
0.605,0.277,97.3
0.472,0.325,97.3
0.278,0.335,97.3
0.054,0.3,97.3
0.0,0.313,97.3
0.0,0.302,97.3
0.0,0.27,97.3
0.0,0.233,97.3
0.0,0.198,97.3
0.0,0.155,97.3
0.0,0.105,97.3
0.0,0.062,97.3
0.0,0.037,97.3
0.0,0.024,97.3
0.0,0.018,97.3
0.0,0.013,97.3
0.0,0.013,97.3
0.0,0.017,97.3
0.023,0.017,97.3
0.08,0.018,97.3
0.157,0.018,97.3
0.235,0.027,97.3
0.548,0.056,97.3
0.628,0.065,97.3
0.561,0.071,97.3
0.445,0.081,97.3
0.255,0.099,97.3
0.052,0.146,97.3
0.0,0.243,97.3
0.0,0.313,97.3
0.0,0.344,97.3
0.0,0.352,97.3
0.0,0.352,97.3
0.0,0.325,97.3
0.0,0.272,97.3
0.0,0.209,97.3
0.0,0.15,97.3
0.0,0.106,97.3
0.0,0.078,97.3
0.0,0.072,97.3
0.0,0.077,97.3
0.0,0.087,97.3
0.035,0.092,97.3
0.177,0.124,97.3
0.342,0.156,97.3
0.511,0.174,97.3
0.567,0.182,97.3
0.58,0.211,97.3
0.561,0.247,97.3
0.45,0.278,97.3
0.267,0.272,97.3
0.059,0.311,97.3
0.0,0.442,97.3
0.0,0.494,97.3
0.0,0.476,97.3
0.0,0.437,97.3
0.0,0.394,97.3
0.0,0.328,97.3
0.0,0.249,97.3
0.0,0.188,97.3
0.0,0.136,97.3
0.0,0.116,97.3
0.0,0.112,97.3
0.0,0.133,97.3
0.0,0.14,97.3
0.0,0.138,97.3
0.029,0.137,97.3
0.097,0.133,97.3
0.252,0.131,97.3
0.349,0.136,97.3
0.498,0.155,97.3
0.644,0.163,97.3
0.596,0.175,97.3
0.467,0.192,97.3
0.277,0.192,97.3
0.066,0.261,97.3
0.0,0.391,97.3
0.0,0.459,97.3
0.0,0.462,97.3
0.0,0.433,97.3
0.0,0.403,97.3
0.0,0.371,97.3
0.0,0.337,97.3
0.0,0.311,97.3
0.0,0.295,97.3
0.0,0.281,97.3
0.0,0.259,97.3
0.0,0.234,97.3
0.0,0.204,97.3
0.0,0.157,97.3
0.057,0.088,97.3
0.237,0.049,97.3
0.543,0.044,97.3
0.652,0.045,97.3
0.685,0.061,97.3
0.659,0.065,97.3
0.585,0.057,97.3
0.455,0.049,97.3
0.268,0.038,97.3
0.061,0.025,97.3
0.0,0.02,97.3
0.0,0.023,97.3
0.0,0.032,97.3
0.0,0.046,97.3
0.0,0.07,97.3
0.0,0.108,97.3
0.0,0.149,97.3
0.0,0.184,97.3
0.0,0.211,97.3
0.0,0.217,97.3
0.0,0.18,97.3
0.0,0.133,97.3
0.0,0.105,97.3
0.0,0.098,97.3
0.05,0.088,97.3
0.152,0.054,97.3
0.26,0.036,97.3
0.35,0.037,97.3
0.398,0.061,97.3
0.452,0.088,97.3
0.447,0.103,97.3
0.354,0.107,97.3
0.171,0.104,97.3
0.025,0.127,97.3
0.0,0.141,97.3
0.0,0.118,97.3
0.0,0.09,97.3
0.0,0.063,97.3
0.0,0.044,97.3
0.0,0.035,97.3
0.0,0.034,97.3
0.0,0.039,97.3
0.0,0.044,97.3
0.0,0.049,97.3
0.0,0.06,97.3
0.0,0.088,97.3
0.0,0.124,97.3
0.0,0.151,97.3
0.026,0.154,97.3
0.076,0.132,97.3
0.115,0.113,97.3
0.176,0.112,97.3
0.214,0.116,97.3
0.198,0.128,97.3
0.172,0.159,97.3
0.163,0.195,97.3
0.091,0.233,97.3
0.02,0.247,97.3
0.0,0.271,97.3
0.0,0.289,97.3
0.0,0.295,97.3
0.0,0.295,97.3
0.0,0.276,97.3
0.0,0.273,97.3
0.0,0.257,97.3
0.0,0.286,97.3
0.0,0.334,97.3
0.0,0.355,97.3
0.0,0.391,97.3
0.0,0.411,97.3
0.0,0.428,97.3
0.026,0.396,97.3
0.25,0.279,97.3
0.474,0.43,97.3
0.623,0.465,97.3
0.715,0.402,97.3
0.75,0.345,97.3
0.733,0.309,97.3
0.661,0.289,97.3
0.531,0.283,97.3
0.341,0.286,97.3
0.109,0.296,97.3
0.0,0.364,97.3
0.0,0.398,97.3
0.0,0.402,97.3
0.0,0.391,97.3
0.0,0.374,97.3
0.0,0.346,97.3
0.0,0.304,97.3
0.0,0.264,97.3
0.0,0.23,97.3
0.0,0.206,97.3
0.0,0.195,97.3
0.0,0.187,97.3
0.0,0.179,97.3
0.023,0.162,97.3
0.205,0.1,97.3
0.46,0.1,97.3
0.606,0.146,97.3
0.695,0.135,97.3
0.727,0.118,97.3
0.71,0.1,97.3
0.64,0.086,97.3
0.511,0.082,97.3
0.324,0.088,97.3
0.098,0.126,97.3
0.0,0.198,97.3
0.0,0.248,97.3
0.0,0.261,97.3
0.0,0.251,97.3
0.0,0.245,97.3
0.0,0.243,97.3
0.0,0.235,97.3
0.0,0.225,97.3
0.0,0.209,97.3
0.0,0.185,97.3
0.0,0.15,97.3
0.0,0.118,97.3
0.0,0.09,97.3
0.015,0.069,97.3
0.156,0.049,97.3
0.438,0.068,97.3
0.593,0.083,97.3
0.685,0.077,97.3
0.717,0.073,97.3
0.697,0.074,97.3
0.597,0.083,97.3
0.448,0.095,97.3
0.23,0.111,97.3
0.061,0.146,97.3
0.0,0.211,97.3
0.0,0.241,97.3
0.0,0.233,97.3
0.0,0.204,97.3
0.0,0.17,97.3
0.0,0.134,97.3
0.0,0.096,97.3
0.0,0.066,97.3
0.0,0.043,97.3
0.0,0.031,97.3
0.0,0.028,97.3
0.0,0.031,97.3
0.0,0.034,97.3
0.019,0.032,97.3
0.16,0.023,97.3
0.345,0.019,97.3
0.448,0.012,97.3
0.572,0.008,97.3
0.613,0.009,97.3
0.561,0.008,97.3
0.409,0.007,97.3
0.285,0.01,97.3
0.106,0.024,97.3
0.018,0.055,97.3
0.0,0.081,97.3
0.0,0.085,97.3
0.0,0.077,97.3
0.0,0.068,97.3
0.0,0.067,97.3
0.0,0.093,97.3
0.0,0.151,97.3
0.0,0.22,97.3
0.0,0.289,97.3
0.0,0.325,97.3
0.0,0.314,97.3
0.0,0.295,97.3
0.0,0.28,97.3
0.0,0.28,97.3
0.027,0.252,97.3
0.088,0.22,97.3
0.187,0.253,97.3
0.28,0.308,97.3
0.34,0.31,97.3
0.427,0.301,97.3
0.443,0.333,97.3
0.337,0.362,97.3
0.18,0.316,97.3
0.023,0.207,97.3
0.0,0.146,97.3
0.0,0.093,97.3
0.0,0.04,97.3
0.0,0.011,97.3
0.0,0.011,97.3
0.0,0.035,97.3
0.0,0.083,97.3
0.0,0.147,97.3
0.0,0.193,97.3
0.0,0.203,97.3
0.0,0.184,97.3
0.0,0.176,97.3
0.0,0.195,97.3
0.0,0.252,97.3
0.035,0.323,97.3
0.075,0.295,97.3
0.073,0.347,97.3
0.106,0.395,97.3
0.126,0.537,97.3
0.127,0.705,97.3
0.128,0.778,97.3
0.057,0.796,97.3
0.022,0.808,97.3
0.002,0.827,97.3
0.0,0.858,97.3
0.0,0.886,97.3
0.0,0.914,97.3
0.0,0.933,97.3
0.0,0.948,97.3
0.0,0.955,97.3
0.0,0.954,97.3
0.0,0.948,97.3
0.0,0.939,97.3
0.0,0.931,97.3
0.0,0.928,97.3
0.0,0.936,97.3
0.0,0.943,97.3
0.0,0.953,97.3
0.049,0.976,97.3
0.225,0.991,97.3
0.324,0.99,97.3
0.298,0.989,97.3
0.331,0.991,97.3
0.387,0.988,97.3
0.381,0.972,97.3
0.208,0.943,97.3
0.101,0.907,97.3
0.041,0.884,97.3
0.0,0.868,97.3
0.0,0.864,97.3
0.0,0.883,97.3
0.0,0.896,97.3
0.0,0.882,97.3
0.0,0.86,97.3
0.0,0.846,97.3
0.0,0.826,97.3
0.0,0.799,97.3
0.0,0.74,97.3
0.0,0.625,97.3
0.0,0.508,97.3
0.0,0.491,97.3
0.005,0.55,97.3
0.062,0.635,97.3
0.207,0.714,97.3
0.407,0.839,97.3
0.385,0.898,97.3
0.264,0.927,97.3
0.121,0.93,97.3
0.072,0.909,97.3
0.072,0.893,97.3
0.042,0.865,97.3
0.009,0.847,97.3
0.0,0.832,97.3
0.0,0.788,97.3
0.0,0.77,97.3
0.0,0.711,97.3
0.0,0.688,97.3
0.0,0.705,97.3
0.0,0.725,97.3
0.0,0.768,97.3
0.0,0.837,97.3
0.0,0.897,97.3
0.0,0.945,97.3
0.0,0.96,97.3
0.0,0.971,97.3
0.0,0.96,97.3
0.082,0.955,97.3
0.28,0.971,97.3
0.383,0.982,97.3
0.333,0.985,97.3
0.296,0.987,97.3
0.27,0.986,97.3
0.28,0.979,97.3
0.293,0.964,97.3
0.187,0.928,97.3
0.048,0.861,97.3
0.0,0.799,97.3
0.0,0.74,97.3
0.0,0.683,97.3
0.0,0.618,97.3
0.0,0.556,97.3
0.0,0.543,97.3
0.0,0.54,97.3
0.0,0.527,97.3
0.0,0.522,97.3
0.0,0.503,97.3
0.0,0.459,97.3
0.0,0.448,97.3
0.0,0.491,97.3
0.0,0.501,97.3
0.033,0.452,97.3
0.145,0.544,97.3
0.337,0.61,97.3
0.553,0.642,97.3
0.617,0.652,97.3
0.608,0.661,97.3
0.502,0.668,97.3
0.303,0.676,97.3
0.109,0.558,97.3
0.025,0.448,97.3
0.0,0.474,97.3
0.0,0.501,97.3
0.0,0.55,97.3
0.0,0.552,97.3
0.0,0.527,97.3
0.0,0.488,97.3
0.0,0.41,97.3
0.0,0.331,97.3
0.0,0.278,97.3
0.0,0.297,97.3
0.0,0.358,97.3
0.0,0.379,97.3
0.0,0.358,97.3
0.022,0.305,97.3
0.132,0.28,97.3
0.399,0.43,97.3
0.541,0.525,97.3
0.6,0.602,97.3
0.621,0.668,97.3
0.592,0.715,97.3
0.527,0.748,97.3
0.421,0.768,97.3
0.26,0.762,97.3
0.092,0.69,97.3
0.0,0.631,97.3
0.0,0.59,97.3
0.0,0.538,97.3
0.0,0.46,97.3
0.0,0.428,97.3
0.0,0.413,97.3
0.0,0.386,97.3
0.0,0.363,97.3
0.0,0.337,97.3
0.0,0.32,97.3
0.0,0.309,97.3
0.0,0.309,97.3
0.0,0.305,97.3
0.008,0.281,97.3
0.05,0.201,97.3
0.083,0.178,97.3
0.102,0.139,97.3
0.112,0.093,97.3
0.116,0.078,97.3
0.1,0.084,97.3
0.075,0.082,97.3
0.049,0.068,97.3
0.032,0.054,97.3
0.011,0.028,97.3
0.0,0.009,97.3
0.0,0.014,97.3
0.0,0.059,97.3
0.0,0.119,97.3
0.0,0.164,97.3
0.0,0.204,97.3
0.0,0.238,97.3
0.0,0.259,97.3
0.0,0.273,97.3
0.0,0.311,97.3
0.0,0.362,97.3
0.0,0.401,97.3
0.0,0.407,97.3
0.007,0.376,97.3
0.047,0.347,97.3
0.086,0.352,97.3
0.18,0.42,97.3
0.482,0.51,97.3
0.603,0.59,97.3
0.547,0.63,97.3
0.485,0.638,97.3
0.382,0.647,97.3
0.242,0.646,97.3
0.061,0.525,97.3
0.0,0.428,97.3
0.0,0.418,97.3
0.0,0.395,97.3
0.0,0.343,97.3
0.0,0.296,97.3
0.0,0.262,97.3
0.0,0.201,97.3
0.0,0.157,97.3
0.0,0.102,97.3
0.0,0.065,97.3
0.0,0.059,97.3
0.0,0.046,97.3
0.0,0.034,97.3
0.006,0.03,97.3
0.058,0.03,97.3
0.135,0.036,97.3
0.22,0.046,97.3
0.216,0.068,97.3
0.194,0.101,97.3
0.151,0.141,97.3
0.141,0.192,97.3
0.138,0.264,97.3
0.064,0.309,97.3
0.027,0.294,97.3
0.0,0.3,97.3
0.0,0.3,97.3
0.0,0.283,97.3
0.0,0.286,97.3
0.0,0.31,97.3
0.0,0.341,97.3
0.0,0.347,97.3
0.0,0.341,97.3
0.0,0.352,97.3
0.0,0.329,97.3
0.0,0.323,97.3
0.0,0.294,97.3
0.0,0.295,97.3
0.057,0.305,97.3
0.303,0.323,97.3
0.503,0.439,97.3
0.64,0.512,97.3
0.723,0.491,97.3
0.751,0.464,97.3
0.693,0.434,97.3
0.581,0.403,97.3
0.461,0.37,97.3
0.306,0.361,97.3
0.133,0.351,97.3
0.003,0.435,97.3
0.0,0.519,97.3
0.0,0.488,97.3
0.0,0.432,97.3
0.0,0.394,97.3
0.0,0.367,97.3
0.0,0.337,97.3
0.0,0.294,97.3
0.0,0.21,97.3
0.0,0.139,97.3
0.0,0.1,97.3
0.0,0.083,97.3
0.0,0.075,97.3
0.032,0.068,97.3
0.186,0.054,97.3
0.425,0.055,97.3
0.629,0.053,97.3
0.717,0.053,97.3
0.749,0.06,97.3
0.723,0.073,97.3
0.633,0.092,97.3
0.474,0.119,97.3
0.264,0.146,97.3
0.107,0.162,97.3
0.002,0.192,97.3
0.0,0.223,97.3
0.0,0.215,97.3
0.0,0.207,97.3
0.0,0.202,97.3
0.0,0.18,97.3
0.0,0.183,97.3
0.0,0.209,97.3
0.0,0.241,97.3
0.0,0.284,97.3
0.0,0.321,97.3
0.0,0.364,97.3
0.0,0.391,97.3
0.021,0.343,97.3
0.123,0.391,97.3
0.379,0.527,97.3
0.531,0.555,97.3
0.637,0.55,97.3
0.704,0.526,97.3
0.618,0.529,97.3
0.447,0.552,97.3
0.426,0.568,97.3
0.272,0.563,97.3
0.086,0.521,97.3
0.0,0.444,97.3
0.0,0.42,97.3
0.0,0.367,97.3
0.0,0.315,97.3
0.0,0.291,97.3
0.0,0.282,97.3
0.0,0.277,97.3
0.0,0.274,97.3
0.0,0.278,97.3
0.0,0.274,97.3
0.0,0.261,97.3
0.0,0.25,97.3
0.0,0.237,97.3
0.04,0.184,97.3
0.158,0.16,97.3
0.354,0.137,97.3
0.544,0.108,97.3
0.643,0.094,97.3
0.697,0.089,97.3
0.704,0.09,97.3
0.648,0.098,97.3
0.521,0.108,97.3
0.366,0.112,97.3
0.158,0.111,97.3
0.01,0.114,97.3
0.0,0.089,97.3
0.0,0.036,97.3
0.0,0.005,97.3
0.0,0.009,97.3
0.0,0.043,97.3
0.0,0.121,97.3
0.0,0.22,97.3
0.0,0.304,97.3
0.0,0.343,97.3
0.0,0.316,97.3
0.0,0.254,97.3
0.0,0.217,97.3
0.009,0.186,97.3
0.057,0.18,97.3
0.158,0.186,97.3
0.344,0.199,97.3
0.601,0.201,97.3
0.713,0.192,97.3
0.697,0.185,97.3
0.636,0.179,97.3
0.522,0.162,97.3
0.357,0.141,97.3
0.16,0.112,97.3
0.011,0.085,97.3
0.0,0.062,97.3
0.0,0.061,97.3
0.0,0.091,97.3
0.0,0.139,97.3
0.0,0.189,97.3
0.0,0.228,97.3
0.0,0.262,97.3
0.0,0.31,97.3
0.0,0.366,97.3
0.0,0.394,97.3
0.0,0.362,97.3
0.0,0.278,97.3
0.022,0.194,97.3
0.174,0.155,97.3
0.471,0.16,97.3
0.623,0.196,97.3
0.702,0.257,97.3
0.73,0.291,97.3
0.7,0.313,97.3
0.608,0.317,97.3
0.489,0.297,97.3
0.328,0.259,97.3
0.153,0.19,97.3
0.012,0.179,97.3
0.0,0.175,97.3
0.0,0.158,97.3
0.0,0.121,97.3
0.0,0.078,97.3
0.0,0.047,97.3
0.0,0.041,97.3
0.0,0.057,97.3
0.0,0.083,97.3
0.0,0.113,97.3
0.0,0.158,97.3
0.0,0.21,97.3
0.0,0.243,97.3
0.027,0.222,97.3
0.11,0.168,97.3
0.201,0.17,97.3
0.283,0.186,97.3
0.389,0.203,97.3
0.4,0.233,97.3
0.332,0.27,97.3
0.355,0.305,97.3
0.345,0.328,97.3
0.271,0.317,97.3
0.118,0.251,97.3
0.013,0.231,97.3
0.0,0.234,97.3
0.0,0.243,97.3
0.0,0.255,97.3
0.0,0.274,97.3
0.0,0.311,97.3
0.0,0.379,97.3
0.0,0.46,97.3
0.0,0.512,97.3
0.0,0.521,97.3
0.0,0.491,97.3
0.0,0.485,97.3
0.0,0.453,97.3
0.061,0.395,97.3
0.286,0.38,97.3
0.475,0.457,97.3
0.607,0.629,97.3
0.683,0.692,97.3
0.714,0.72,97.3
0.679,0.733,97.3
0.587,0.732,97.3
0.413,0.709,97.3
0.212,0.652,97.3
0.092,0.586,97.3
0.008,0.62,97.3
0.0,0.668,97.3
0.0,0.654,97.3
0.0,0.627,97.3
0.0,0.662,97.3
0.0,0.644,97.3
0.0,0.55,97.3
0.0,0.542,97.3
0.0,0.592,97.3
0.0,0.603,97.3
0.0,0.618,97.3
0.0,0.682,97.3
0.0,0.723,97.3
0.063,0.666,97.3
0.089,0.645,97.3
0.124,0.655,97.3
0.306,0.714,97.3
0.4,0.735,97.3
0.486,0.733,97.3
0.511,0.703,97.3
0.505,0.673,97.3
0.41,0.642,97.3
0.272,0.596,97.3
0.143,0.501,97.3
0.015,0.423,97.3
0.0,0.411,97.3
0.0,0.426,97.3
0.0,0.442,97.3
0.0,0.434,97.3
0.0,0.432,97.3
0.0,0.434,97.3
0.0,0.442,97.3
0.0,0.446,97.3
0.0,0.446,97.3
0.0,0.451,97.3
0.0,0.477,97.3
0.0,0.531,97.3
0.059,0.494,97.3
0.172,0.431,97.3
0.261,0.724,97.3
0.289,0.832,97.3
0.31,0.849,97.3
0.346,0.845,97.3
0.274,0.827,97.3
0.227,0.799,97.3
0.194,0.75,97.3
0.122,0.646,97.3
0.05,0.526,97.3
0.011,0.48,97.3
0.0,0.484,97.3
0.0,0.495,97.3
0.0,0.502,97.3
0.0,0.498,97.3
0.0,0.501,97.3
0.0,0.529,97.3
0.0,0.55,97.3
0.0,0.544,97.3
0.0,0.534,97.3
0.0,0.524,97.3
0.0,0.516,97.3
0.0,0.491,97.3
0.08,0.418,97.3
0.303,0.367,97.3
0.478,0.486,97.3
0.599,0.513,97.3
0.691,0.506,97.3
0.735,0.494,97.3
0.723,0.47,97.3
0.661,0.442,97.3
0.55,0.401,97.3
0.391,0.313,97.3
0.195,0.236,97.3
0.025,0.259,97.3
0.0,0.283,97.3
0.0,0.304,97.3
0.0,0.32,97.3
0.0,0.33,97.3
0.0,0.328,97.3
0.0,0.313,97.3
0.0,0.291,97.3
0.0,0.261,97.3
0.0,0.228,97.3
0.0,0.203,97.3
0.0,0.194,97.3
0.0,0.208,97.3
0.086,0.229,97.3
0.277,0.144,97.3
0.469,0.054,97.3
0.601,0.047,97.3
0.677,0.086,97.3
0.707,0.103,97.3
0.691,0.112,97.3
0.635,0.118,97.3
0.528,0.121,97.3
0.375,0.121,97.3
0.189,0.114,97.3
0.027,0.104,97.3
0.0,0.1,97.3
0.0,0.1,97.3
0.0,0.101,97.3
0.0,0.107,97.3
0.0,0.127,97.3
0.0,0.167,97.3
0.0,0.212,97.3
0.0,0.245,97.3
0.0,0.252,97.3
0.0,0.245,97.3
0.0,0.238,97.3
0.0,0.235,97.3
0.116,0.205,97.3
0.313,0.102,97.3
0.489,0.048,97.3
0.613,0.039,97.3
0.683,0.037,97.3
0.707,0.037,97.3
0.686,0.036,97.3
0.621,0.03,97.3
0.509,0.021,97.3
0.352,0.019,97.3
0.166,0.024,97.3
0.022,0.041,97.3
0.0,0.062,97.3
0.0,0.083,97.3
0.0,0.094,97.3
0.0,0.089,97.3
0.0,0.068,97.3
0.0,0.04,97.3
0.0,0.017,97.3
0.0,0.006,97.3
0.0,0.009,97.3
0.0,0.03,97.3
0.0,0.073,97.3
0.0,0.119,97.3
0.054,0.132,97.3
0.196,0.096,97.3
0.377,0.139,97.3
0.513,0.237,97.3
0.607,0.289,97.3
0.653,0.314,97.3
0.621,0.332,97.3
0.573,0.362,97.3
0.477,0.412,97.3
0.336,0.464,97.3
0.165,0.495,97.3
0.026,0.494,97.3
0.0,0.498,97.3
0.0,0.484,97.3
0.0,0.444,97.3
0.0,0.403,97.3
0.0,0.369,97.3
0.0,0.341,97.3
0.0,0.335,97.3
0.0,0.317,97.3
0.0,0.27,97.3
0.0,0.252,97.3
0.0,0.252,97.3
0.0,0.237,97.3
0.075,0.27,97.3
0.297,0.352,97.3
0.481,0.361,97.3
0.63,0.325,97.3
0.731,0.291,97.3
0.767,0.289,97.3
0.753,0.355,97.3
0.689,0.462,97.3
0.577,0.522,97.3
0.399,0.547,97.3
0.194,0.547,97.3
0.026,0.492,97.3
0.0,0.42,97.3
0.0,0.382,97.3
0.0,0.348,97.3
0.0,0.354,97.3
0.0,0.379,97.3
0.0,0.415,97.3
0.0,0.418,97.3
0.0,0.395,97.3
0.0,0.354,97.3
0.0,0.342,97.3
0.0,0.323,97.3
0.0,0.302,97.3
0.092,0.249,97.3
0.279,0.294,97.3
0.461,0.282,97.3
0.567,0.259,97.3
0.679,0.231,97.3
0.718,0.213,97.3
0.733,0.216,97.3
0.669,0.237,97.3
0.554,0.265,97.3
0.382,0.309,97.3
0.183,0.371,97.3
0.031,0.426,97.3
0.0,0.449,97.3
0.0,0.431,97.3
0.0,0.38,97.3
0.0,0.354,97.3
0.0,0.321,97.3
0.0,0.28,97.3
0.0,0.24,97.3
0.0,0.195,97.3
0.0,0.155,97.3
0.0,0.121,97.3
0.0,0.093,97.3
0.0,0.07,97.3
0.075,0.051,97.3
0.201,0.057,97.3
0.331,0.052,97.3
0.494,0.048,97.3
0.58,0.046,97.3
0.627,0.045,97.3
0.664,0.041,97.3
0.621,0.043,97.3
0.523,0.059,97.3
0.35,0.085,97.3
0.175,0.121,97.3
0.033,0.161,97.3
0.0,0.208,97.3
0.0,0.266,97.3
0.0,0.379,97.3
0.0,0.493,97.3
0.0,0.525,97.3
0.0,0.516,97.3
0.0,0.507,97.3
0.0,0.491,97.3
0.0,0.464,97.3
0.0,0.422,97.3
0.0,0.416,97.3
0.0,0.447,97.3
0.01,0.574,97.3
0.087,0.714,97.3
0.23,0.818,97.3
0.284,0.842,97.3
0.402,0.852,97.3
0.468,0.853,97.3
0.451,0.837,97.3
0.407,0.826,97.3
0.296,0.821,97.3
0.19,0.8,97.3
0.102,0.744,97.3
0.021,0.665,97.3
0.0,0.63,97.3
0.0,0.645,97.3
0.0,0.665,97.3
0.0,0.682,97.3
0.0,0.668,97.3
0.0,0.644,97.3
0.0,0.606,97.3
0.0,0.578,97.3
0.0,0.538,97.3
0.0,0.515,97.3
0.0,0.502,97.3
0.0,0.469,97.3
0.054,0.407,97.3
0.146,0.502,97.3
0.224,0.593,97.3
0.292,0.608,97.3
0.271,0.616,97.3
0.257,0.635,97.3
0.259,0.648,97.3
0.207,0.666,97.3
0.153,0.697,97.3
0.086,0.696,97.3
0.037,0.601,97.3
0.004,0.482,97.3
0.0,0.454,97.3
0.0,0.431,97.3
0.0,0.401,97.3
0.0,0.341,97.3
0.0,0.343,97.3
0.0,0.404,97.3
0.0,0.486,97.3
0.0,0.517,97.3
0.0,0.502,97.3
0.0,0.528,97.3
0.0,0.602,97.3
0.0,0.663,97.3
0.033,0.686,97.3
0.103,0.751,97.3
0.204,0.829,97.3
0.283,0.835,97.3
0.362,0.807,97.3
0.411,0.777,97.3
0.44,0.742,97.3
0.482,0.71,97.3
0.464,0.683,97.3
0.29,0.657,97.3
0.109,0.571,97.3
0.029,0.432,97.3
0.0,0.344,97.3
0.0,0.322,97.3
0.0,0.299,97.3
0.0,0.277,97.3
0.0,0.249,97.3
0.0,0.231,97.3
0.0,0.215,97.3
0.0,0.213,97.3
0.0,0.22,97.3
0.0,0.22,97.3
0.0,0.225,97.3
0.005,0.242,97.3
0.1,0.211,97.3
0.232,0.178,97.3
0.393,0.225,97.3
0.538,0.245,97.3
0.733,0.257,97.3
0.769,0.268,97.3
0.75,0.275,97.3
0.689,0.278,97.3
0.582,0.286,97.3
0.421,0.289,97.3
0.223,0.272,97.3
0.047,0.262,97.3
0.0,0.336,97.3
0.0,0.407,97.3
0.0,0.451,97.3
0.0,0.459,97.3
0.0,0.435,97.3
0.0,0.415,97.3
0.0,0.388,97.3
0.0,0.358,97.3
0.0,0.352,97.3
0.0,0.352,97.3
0.0,0.349,97.3
0.003,0.332,97.3
0.069,0.251,97.3
0.171,0.206,97.3
0.308,0.28,97.3
0.457,0.286,97.3
0.533,0.294,97.3
0.563,0.297,97.3
0.555,0.278,97.3
0.498,0.261,97.3
0.366,0.235,97.3
0.22,0.183,97.3
0.103,0.11,97.3
0.019,0.07,97.3
0.0,0.068,97.3
0.0,0.106,97.3
0.0,0.167,97.3
0.0,0.182,97.3
0.0,0.169,97.3
0.0,0.153,97.3
0.0,0.125,97.3
0.0,0.11,97.3
0.0,0.108,97.3
0.0,0.115,97.3
0.0,0.119,97.3
0.0,0.11,97.3
0.02,0.111,97.3
0.049,0.135,97.3
0.091,0.174,97.3
0.115,0.215,97.3
0.119,0.24,97.3
0.111,0.245,97.3
0.095,0.241,97.3
0.081,0.216,97.3
0.068,0.188,97.3
0.052,0.184,97.3
0.023,0.189,97.3
0.0,0.21,97.3
0.0,0.272,97.3
0.0,0.326,97.3
0.0,0.359,97.3
0.0,0.368,97.3
0.0,0.361,97.3
0.0,0.343,97.3
0.0,0.346,97.3
0.0,0.355,97.3
0.0,0.38,97.3
0.0,0.4,97.3
0.0,0.4,97.3
0.003,0.388,97.3
0.063,0.439,97.3
0.142,0.54,97.3
0.21,0.572,97.3
0.35,0.568,97.3
0.437,0.532,97.3
0.453,0.503,97.3
0.451,0.501,97.3
0.419,0.506,97.3
0.38,0.494,97.3
0.31,0.461,97.3
0.206,0.418,97.3
0.058,0.361,97.3
0.0,0.36,97.3
0.0,0.337,97.3
0.0,0.284,97.3
0.0,0.242,97.3
0.0,0.216,97.3
0.0,0.213,97.3
0.0,0.237,97.3
0.0,0.262,97.3
0.0,0.27,97.3
0.0,0.251,97.3
0.0,0.221,97.3
0.011,0.191,97.3
0.109,0.129,97.3
0.234,0.132,97.3
0.308,0.159,97.3
0.353,0.194,97.3
0.37,0.223,97.3
0.413,0.237,97.3
0.417,0.233,97.3
0.427,0.22,97.3
0.353,0.204,97.3
0.304,0.181,97.3
0.205,0.16,97.3
0.06,0.143,97.3
0.0,0.144,97.3
0.0,0.134,97.3
0.0,0.115,97.3
0.0,0.099,97.3
0.0,0.09,97.3
0.0,0.091,97.3
0.0,0.101,97.3
0.0,0.116,97.3
0.0,0.133,97.3
0.0,0.139,97.3
0.0,0.138,97.3
0.015,0.127,97.3
0.165,0.082,97.3
0.367,0.076,97.3
0.512,0.066,97.3
0.529,0.058,97.3
0.534,0.051,97.3
0.577,0.053,97.3
0.574,0.065,97.3
0.542,0.083,97.3
0.465,0.103,97.3
0.325,0.122,97.3
0.177,0.13,97.3
0.048,0.121,97.3
0.0,0.112,97.3
0.0,0.082,97.3
0.0,0.05,97.3
0.0,0.03,97.3
0.0,0.021,97.3
0.0,0.018,97.3
0.0,0.014,97.3
0.0,0.011,97.3
0.0,0.006,97.3
0.0,0.004,97.3
0.0,0.003,97.3
0.017,0.003,97.3
0.159,0.004,97.3
0.348,0.022,97.3
0.512,0.041,97.3
0.592,0.046,97.3
0.536,0.058,97.3
0.487,0.082,97.3
0.473,0.108,97.3
0.448,0.137,97.3
0.329,0.179,97.3
0.228,0.233,97.3
0.121,0.281,97.3
0.039,0.302,97.3
0.0,0.343,97.3
0.0,0.386,97.3
0.0,0.378,97.3
0.0,0.355,97.3
0.0,0.332,97.3
0.0,0.305,97.3
0.0,0.27,97.3
0.0,0.22,97.3
0.0,0.171,97.3
0.0,0.137,97.3
0.0,0.118,97.3
0.011,0.09,97.3
0.089,0.072,97.3
0.252,0.093,97.3
0.464,0.101,97.3
0.582,0.097,97.3
0.623,0.099,97.3
0.661,0.101,97.3
0.622,0.103,97.3
0.549,0.107,97.3
0.468,0.114,97.3
0.347,0.127,97.3
0.196,0.147,97.3
0.053,0.177,97.3
0.0,0.261,97.3
0.0,0.344,97.3
0.0,0.376,97.3
0.0,0.369,97.3
0.0,0.357,97.3
0.0,0.358,97.3
0.0,0.349,97.3
0.0,0.343,97.3
0.0,0.328,97.3
0.0,0.295,97.3
0.0,0.257,97.3
0.019,0.209,97.3
0.162,0.113,97.3
0.351,0.168,97.3
0.537,0.235,97.3
0.645,0.236,97.3
0.709,0.214,97.3
0.74,0.192,97.3
0.678,0.185,97.3
0.543,0.19,97.3
0.382,0.204,97.3
0.255,0.233,97.3
0.166,0.273,97.3
0.061,0.314,97.3
0.0,0.43,97.3
0.0,0.501,97.3
0.0,0.474,97.3
0.0,0.459,97.3
0.0,0.444,97.3
0.0,0.425,97.3
0.0,0.413,97.3
0.0,0.382,97.3
0.0,0.346,97.3
0.0,0.302,97.3
0.0,0.271,97.3
0.019,0.266,97.3
0.167,0.243,97.3
0.36,0.332,97.3
0.525,0.334,97.3
0.666,0.272,97.3
0.748,0.214,97.3
0.778,0.192,97.3
0.757,0.196,97.3
0.695,0.22,97.3
0.585,0.264,97.3
0.43,0.323,97.3
0.239,0.381,97.3
0.066,0.421,97.3
0.0,0.451,97.3
0.0,0.447,97.3
0.0,0.407,97.3
0.0,0.381,97.3
0.0,0.341,97.3
0.0,0.277,97.3
0.0,0.235,97.3
0.0,0.196,97.3
0.0,0.145,97.3
0.0,0.093,97.3
0.0,0.049,97.3
0.009,0.024,97.3
0.069,0.016,97.3
0.178,0.023,97.3
0.468,0.035,97.3
0.584,0.04,97.3
0.684,0.046,97.3
0.744,0.05,97.3
0.736,0.054,97.3
0.677,0.061,97.3
0.566,0.074,97.3
0.413,0.093,97.3
0.213,0.124,97.3
0.062,0.197,97.3
0.0,0.325,97.3
0.0,0.367,97.3
0.0,0.322,97.3
0.0,0.265,97.3
0.0,0.209,97.3
0.0,0.169,97.3
0.0,0.143,97.3
0.0,0.119,97.3
0.0,0.098,97.3
0.0,0.088,97.3
0.0,0.093,97.3
0.014,0.082,97.3
0.097,0.074,97.3
0.271,0.073,97.3
0.446,0.07,97.3
0.488,0.06,97.3
0.526,0.041,97.3
0.465,0.033,97.3
0.327,0.035,97.3
0.237,0.038,97.3
0.236,0.037,97.3
0.147,0.037,97.3
0.07,0.035,97.3
0.023,0.034,97.3
0.0,0.033,97.3
0.0,0.032,97.3
0.0,0.032,97.3
0.0,0.035,97.3
0.0,0.038,97.3
0.0,0.037,97.3
0.0,0.034,97.3
0.0,0.029,97.3
0.0,0.027,97.3
0.0,0.025,97.3
0.0,0.024,97.3
0.026,0.023,97.3
0.159,0.013,97.3
0.335,0.006,97.3
0.494,0.013,97.3
0.575,0.015,97.3
0.623,0.01,97.3
0.665,0.006,97.3
0.641,0.004,97.3
0.581,0.005,97.3
0.467,0.012,97.3
0.336,0.025,97.3
0.164,0.045,97.3
0.054,0.093,97.3
0.0,0.185,97.3
0.0,0.274,97.3
0.0,0.311,97.3
0.0,0.303,97.3
0.0,0.266,97.3
0.0,0.219,97.3
0.0,0.168,97.3
0.0,0.124,97.3
0.0,0.098,97.3
0.0,0.093,97.3
0.0,0.102,97.3
0.021,0.103,97.3
0.118,0.074,97.3
0.264,0.082,97.3
0.406,0.153,97.3
0.499,0.213,97.3
0.547,0.246,97.3
0.625,0.269,97.3
0.633,0.296,97.3
0.544,0.336,97.3
0.467,0.39,97.3
0.34,0.442,97.3
0.192,0.488,97.3
0.071,0.513,97.3
0.0,0.499,97.3
0.0,0.498,97.3
0.0,0.479,97.3
0.0,0.457,97.3
0.0,0.426,97.3
0.0,0.391,97.3
0.0,0.344,97.3
0.0,0.295,97.3
0.0,0.269,97.3
0.0,0.252,97.3
0.0,0.249,97.3
0.028,0.207,97.3
0.17,0.169,97.3
0.349,0.22,97.3
0.502,0.194,97.3
0.613,0.173,97.3
0.686,0.153,97.3
0.729,0.142,97.3
0.759,0.146,97.3
0.711,0.158,97.3
0.604,0.173,97.3
0.453,0.191,97.3
0.266,0.212,97.3
0.079,0.26,97.3
0.001,0.367,97.3
0.0,0.445,97.3
0.0,0.414,97.3
0.0,0.379,97.3
0.0,0.362,97.3
0.0,0.334,97.3
0.0,0.296,97.3
0.0,0.26,97.3
0.0,0.229,97.3
0.0,0.199,97.3
0.0,0.171,97.3
0.028,0.131,97.3
0.184,0.104,97.3
0.403,0.126,97.3
0.574,0.128,97.3
0.696,0.126,97.3
0.768,0.123,97.3
0.793,0.125,97.3
0.774,0.131,97.3
0.711,0.135,97.3
0.604,0.141,97.3
0.451,0.156,97.3
0.264,0.188,97.3
0.079,0.249,97.3
0.001,0.395,97.3
0.0,0.503,97.3
0.0,0.499,97.3
0.0,0.473,97.3
0.0,0.444,97.3
0.0,0.432,97.3
0.0,0.421,97.3
0.0,0.394,97.3
0.0,0.376,97.3
0.0,0.352,97.3
0.0,0.323,97.3
0.03,0.241,97.3
0.154,0.185,97.3
0.367,0.309,97.3
0.543,0.325,97.3
0.663,0.308,97.3
0.714,0.29,97.3
0.706,0.283,97.3
0.676,0.293,97.3
0.608,0.314,97.3
0.505,0.345,97.3
0.361,0.38,97.3
0.203,0.41,97.3
0.07,0.42,97.3
0.002,0.473,97.3
0.0,0.538,97.3
0.0,0.51,97.3
0.0,0.498,97.3
0.0,0.488,97.3
0.0,0.464,97.3
0.0,0.438,97.3
0.0,0.41,97.3
0.0,0.391,97.3
0.0,0.355,97.3
0.0,0.3,97.3
0.031,0.247,97.3
0.174,0.346,97.3
0.372,0.379,97.3
0.544,0.341,97.3
0.681,0.302,97.3
0.765,0.276,97.3
0.787,0.264,97.3
0.757,0.262,97.3
0.699,0.268,97.3
0.602,0.289,97.3
0.453,0.325,97.3
0.258,0.366,97.3
0.081,0.373,97.3
0.003,0.409,97.3
0.0,0.476,97.3
0.0,0.464,97.3
0.0,0.45,97.3
0.0,0.441,97.3
0.0,0.415,97.3
0.0,0.401,97.3
0.0,0.369,97.3
0.0,0.337,97.3
0.0,0.283,97.3
0.0,0.261,97.3
0.033,0.207,97.3
0.206,0.179,97.3
0.407,0.233,97.3
0.575,0.252,97.3
0.697,0.234,97.3
0.77,0.232,97.3
0.798,0.246,97.3
0.779,0.267,97.3
0.718,0.275,97.3
0.612,0.274,97.3
0.461,0.278,97.3
0.264,0.283,97.3
0.079,0.297,97.3
0.003,0.401,97.3
0.0,0.494,97.3
0.0,0.494,97.3
0.0,0.478,97.3
0.0,0.432,97.3
0.0,0.391,97.3
0.0,0.376,97.3
0.0,0.357,97.3
0.0,0.328,97.3
0.0,0.278,97.3
0.0,0.231,97.3
0.034,0.145,97.3
0.202,0.054,97.3
0.397,0.045,97.3
0.559,0.067,97.3
0.674,0.076,97.3
0.745,0.069,97.3
0.771,0.054,97.3
0.75,0.043,97.3
0.684,0.041,97.3
0.574,0.046,97.3
0.421,0.061,97.3
0.258,0.084,97.3
0.084,0.137,97.3
0.004,0.267,97.3
0.0,0.424,97.3
0.0,0.498,97.3
0.0,0.495,97.3
0.0,0.464,97.3
0.0,0.416,97.3
0.0,0.364,97.3
0.0,0.311,97.3
0.0,0.265,97.3
0.0,0.217,97.3
0.0,0.174,97.3
0.042,0.108,97.3
0.163,0.044,97.3
0.284,0.041,97.3
0.415,0.098,97.3
0.542,0.133,97.3
0.635,0.104,97.3
0.67,0.065,97.3
0.686,0.036,97.3
0.643,0.024,97.3
0.497,0.022,97.3
0.257,0.026,97.3
0.128,0.088,97.3
0.045,0.188,97.3
0.0,0.249,97.3
0.0,0.294,97.3
0.0,0.301,97.3
0.0,0.232,97.3
0.0,0.117,97.3
0.0,0.133,97.3
0.0,0.177,97.3
0.0,0.18,97.3
0.0,0.241,97.3
0.0,0.301,97.3
0.0,0.328,97.3
0.03,0.332,97.3
0.062,0.384,97.3
0.067,0.447,97.3
0.084,0.527,97.3
0.198,0.606,97.3
0.335,0.651,97.3
0.483,0.667,97.3
0.584,0.652,97.3
0.586,0.625,97.3
0.521,0.59,97.3
0.399,0.539,97.3
0.252,0.477,97.3
0.094,0.398,97.3
0.01,0.342,97.3
0.0,0.355,97.3
0.0,0.346,97.3
0.0,0.334,97.3
0.0,0.316,97.3
0.0,0.286,97.3
0.0,0.25,97.3
0.0,0.214,97.3
0.0,0.192,97.3
0.0,0.172,97.3
0.0,0.144,97.3
0.043,0.108,97.3
0.156,0.054,97.3
0.297,0.027,97.3
0.401,0.019,97.3
0.473,0.025,97.3
0.547,0.034,97.3
0.61,0.042,97.3
0.599,0.049,97.3
0.535,0.055,97.3
0.44,0.063,97.3
0.297,0.081,97.3
0.17,0.104,97.3
0.071,0.123,97.3
0.009,0.156,97.3
0.0,0.179,97.3
0.0,0.158,97.3
0.0,0.128,97.3
0.0,0.11,97.3
0.0,0.103,97.3
0.0,0.106,97.3
0.0,0.112,97.3
0.0,0.119,97.3
0.0,0.11,97.3
0.0,0.089,97.3
0.046,0.073,97.3
0.17,0.053,97.3
0.364,0.049,97.3
0.511,0.058,97.3
0.593,0.076,97.3
0.604,0.089,97.3
0.592,0.106,97.3
0.579,0.13,97.3
0.541,0.155,97.3
0.456,0.169,97.3
0.347,0.179,97.3
0.21,0.2,97.3
0.086,0.231,97.3
0.012,0.281,97.3
0.0,0.348,97.3
0.0,0.352,97.3
0.0,0.323,97.3
0.0,0.286,97.3
0.0,0.248,97.3
0.0,0.21,97.3
0.0,0.187,97.3
0.0,0.174,97.3
0.0,0.165,97.3
0.0,0.158,97.3
0.047,0.133,97.3
0.203,0.134,97.3
0.366,0.139,97.3
0.44,0.155,97.3
0.486,0.185,97.3
0.502,0.216,97.3
0.513,0.235,97.3
0.526,0.245,97.3
0.506,0.246,97.3
0.45,0.24,97.3
0.352,0.228,97.3
0.229,0.212,97.3
0.094,0.184,97.3
0.014,0.154,97.3
0.0,0.112,97.3
0.0,0.061,97.3
0.0,0.034,97.3
0.0,0.033,97.3
0.0,0.071,97.3
0.0,0.152,97.3
0.0,0.247,97.3
0.0,0.32,97.3
0.0,0.358,97.3
0.0,0.374,97.3
0.05,0.315,97.3
0.153,0.25,97.3
0.276,0.358,97.3
0.457,0.417,97.3
0.594,0.437,97.3
0.556,0.444,97.3
0.28,0.454,97.3
0.215,0.452,97.3
0.216,0.457,97.3
0.179,0.459,97.3
0.139,0.424,97.3
0.086,0.379,97.3
0.03,0.422,97.3
0.0,0.556,97.3
0.0,0.674,97.3
0.0,0.739,97.3
0.0,0.803,97.3
0.0,0.812,97.3
0.0,0.91,97.3
0.0,0.962,97.3
0.0,0.973,97.3
0.0,0.973,97.3
0.0,0.972,97.3
0.0,0.97,97.3
0.014,0.965,97.3
0.07,0.966,97.3
0.149,0.971,97.3
0.291,0.976,97.3
0.601,0.981,97.3
0.682,0.982,97.3
0.708,0.98,97.3
0.638,0.976,97.3
0.534,0.971,97.3
0.443,0.965,97.3
0.316,0.951,97.3
0.197,0.913,97.3
0.085,0.84,97.3
0.013,0.736,97.3
0.0,0.657,97.3
0.0,0.586,97.3
0.0,0.538,97.3
0.0,0.512,97.3
0.0,0.476,97.3
0.0,0.434,97.3
0.0,0.433,97.3
0.0,0.438,97.3
0.0,0.432,97.3
0.0,0.401,97.3
0.028,0.402,97.3
0.093,0.484,97.3
0.177,0.57,97.3
0.291,0.603,97.3
0.413,0.621,97.3
0.469,0.633,97.3
0.47,0.635,97.3
0.485,0.607,97.3
0.469,0.544,97.3
0.451,0.458,97.3
0.359,0.386,97.3
0.225,0.329,97.3
0.09,0.241,97.3
0.014,0.179,97.3
0.0,0.182,97.3
0.0,0.231,97.3
0.0,0.304,97.3
0.0,0.358,97.3
0.0,0.381,97.3
0.0,0.343,97.3
0.0,0.302,97.3
0.0,0.279,97.3
0.0,0.25,97.3
0.0,0.202,97.3
0.025,0.133,97.3
0.088,0.099,97.3
0.176,0.093,97.3
0.215,0.081,97.3
0.326,0.075,97.3
0.409,0.06,97.3
0.485,0.045,97.3
0.504,0.039,97.3
0.404,0.034,97.3
0.282,0.044,97.3
0.161,0.076,97.3
0.098,0.113,97.3
0.057,0.137,97.3
0.01,0.151,97.3
0.0,0.183,97.3
0.0,0.206,97.3
0.0,0.224,97.3
0.0,0.232,97.3
0.0,0.231,97.3
0.0,0.231,97.3
0.0,0.233,97.3
0.0,0.233,97.3
0.0,0.211,97.3
0.0,0.176,97.3
0.036,0.135,97.3
0.137,0.128,97.3
0.32,0.163,97.3
0.485,0.171,97.3
0.641,0.16,97.3
0.731,0.155,97.3
0.789,0.158,97.3
0.776,0.174,97.3
0.719,0.207,97.3
0.615,0.244,97.3
0.464,0.253,97.3
0.286,0.243,97.3
0.103,0.193,97.3
0.017,0.154,97.3
0.0,0.101,97.3
0.0,0.031,97.3
0.0,0.011,97.3
0.0,0.02,97.3
0.0,0.066,97.3
0.0,0.152,97.3
0.0,0.276,97.3
0.0,0.395,97.3
0.0,0.444,97.3
0.0,0.441,97.3
0.01,0.38,97.3
0.039,0.356,97.3
0.077,0.328,97.3
0.117,0.366,97.3
0.215,0.589,97.3
0.22,0.726,97.3
0.233,0.774,97.3
0.216,0.775,97.3
0.202,0.761,97.3
0.248,0.744,97.3
0.24,0.703,97.3
0.179,0.642,97.3
0.1,0.573,97.3
0.021,0.591,97.3
0.0,0.63,97.3
0.0,0.626,97.3
0.0,0.595,97.3
0.0,0.568,97.3
0.0,0.553,97.3
0.0,0.516,97.3
0.0,0.488,97.3
0.0,0.469,97.3
0.0,0.439,97.3
0.0,0.41,97.3
0.021,0.424,97.3
0.118,0.489,97.3
0.085,0.512,97.3
0.083,0.411,97.3
0.145,0.374,97.3
0.37,0.502,97.3
0.566,0.634,97.3
0.61,0.7,97.3
0.501,0.693,97.3
0.381,0.62,97.3
0.214,0.48,97.3
0.079,0.408,97.3
0.03,0.481,97.3
0.0,0.584,97.3
0.0,0.666,97.3
0.0,0.672,97.3
0.0,0.536,97.3
0.0,0.502,97.3
0.0,0.501,97.3
0.0,0.453,97.3
0.0,0.547,97.3
0.0,0.715,97.3
0.0,0.802,97.3
0.0,0.821,97.3
0.036,0.776,97.3
0.028,0.816,97.3
0.06,0.71,97.3
0.443,0.642,97.3
0.628,0.681,97.3
0.695,0.686,97.3
0.717,0.684,97.3
0.676,0.677,97.3
0.594,0.622,97.3
0.481,0.534,97.3
0.31,0.475,97.3
0.1,0.341,97.3
0.051,0.217,97.3
0.007,0.169,97.3
0.0,0.152,97.3
0.0,0.179,97.3
0.0,0.22,97.3
0.0,0.225,97.3
0.0,0.21,97.3
0.0,0.186,97.3
0.0,0.171,97.3
0.0,0.137,97.3
0.0,0.096,97.3
0.0,0.074,97.3
0.035,0.047,97.3
0.083,0.018,97.3
0.154,0.007,97.3
0.245,0.007,97.3
0.336,0.009,97.3
0.301,0.013,97.3
0.289,0.023,97.3
0.25,0.031,97.3
0.2,0.035,97.3
0.193,0.044,97.3
0.152,0.049,97.3
0.113,0.069,97.3
0.087,0.108,97.3
0.017,0.167,97.3
0.0,0.248,97.3
0.0,0.293,97.3
0.0,0.253,97.3
0.0,0.186,97.3
0.0,0.161,97.3
0.0,0.208,97.3
0.0,0.272,97.3
0.0,0.302,97.3
0.0,0.291,97.3
0.004,0.245,97.3
0.061,0.148,97.3
0.218,0.157,97.3
0.393,0.167,97.3
0.536,0.145,97.3
0.625,0.126,97.3
0.643,0.108,97.3
0.607,0.092,97.3
0.552,0.079,97.3
0.479,0.067,97.3
0.371,0.051,97.3
0.278,0.032,97.3
0.182,0.017,97.3
0.088,0.009,97.3
0.022,0.013,97.3
0.0,0.039,97.3
0.0,0.094,97.3
0.0,0.151,97.3
0.0,0.194,97.3
0.0,0.22,97.3
0.0,0.228,97.3
0.0,0.219,97.3
0.0,0.19,97.3
0.0,0.162,97.3
0.006,0.152,97.3
0.067,0.111,97.3
0.15,0.061,97.3
0.224,0.071,97.3
0.324,0.08,97.3
0.415,0.08,97.3
0.409,0.07,97.3
0.321,0.063,97.3
0.228,0.059,97.3
0.176,0.055,97.3
0.132,0.051,97.3
0.091,0.048,97.3
0.068,0.045,97.3
0.04,0.039,97.3
0.008,0.035,97.3
0.0,0.028,97.3
0.0,0.019,97.3
0.0,0.01,97.3
0.0,0.005,97.3
0.0,0.003,97.3
0.0,0.006,97.3
0.0,0.014,97.3
0.0,0.024,97.3
0.0,0.035,97.3
0.007,0.045,97.3
0.068,0.035,97.3
0.192,0.016,97.3
0.342,0.015,97.3
0.493,0.015,97.3
0.559,0.015,97.3
0.509,0.017,97.3
0.409,0.019,97.3
0.387,0.019,97.3
0.354,0.018,97.3
0.308,0.019,97.3
0.217,0.024,97.3
0.122,0.033,97.3
0.076,0.045,97.3
0.019,0.07,97.3
0.0,0.104,97.3
0.0,0.108,97.3
0.0,0.088,97.3
0.0,0.066,97.3
0.0,0.054,97.3
0.0,0.047,97.3
0.0,0.041,97.3
0.0,0.033,97.3
0.0,0.025,97.3
0.0,0.015,97.3
0.053,0.02,97.3
0.164,0.042,97.3
0.298,0.095,97.3
0.31,0.17,97.3
0.293,0.259,97.3
0.287,0.328,97.3
0.333,0.348,97.3
0.364,0.348,97.3
0.302,0.323,97.3
0.201,0.268,97.3
0.135,0.214,97.3
0.117,0.201,97.3
0.071,0.205,97.3
0.028,0.268,97.3
0.0,0.337,97.3
0.0,0.374,97.3
0.0,0.415,97.3
0.0,0.432,97.3
0.0,0.425,97.3
0.0,0.413,97.3
0.0,0.398,97.3
0.0,0.37,97.3
0.0,0.343,97.3
0.003,0.306,97.3
0.051,0.27,97.3
0.162,0.315,97.3
0.379,0.394,97.3
0.489,0.415,97.3
0.525,0.404,97.3
0.483,0.377,97.3
0.393,0.329,97.3
0.4,0.287,97.3
0.379,0.278,97.3
0.32,0.272,97.3
0.238,0.254,97.3
0.145,0.195,97.3
0.081,0.126,97.3
0.018,0.115,97.3
0.0,0.161,97.3
0.0,0.234,97.3
0.0,0.286,97.3
0.0,0.335,97.3
0.0,0.374,97.3
0.0,0.397,97.3
0.0,0.391,97.3
0.0,0.408,97.3
0.0,0.464,97.3
0.0,0.489,97.3
0.022,0.438,97.3
0.065,0.424,97.3
0.147,0.391,97.3
0.357,0.368,97.3
0.342,0.4,97.3
0.326,0.464,97.3
0.439,0.549,97.3
0.497,0.618,97.3
0.489,0.642,97.3
0.479,0.602,97.3
0.382,0.491,97.3
0.25,0.362,97.3
0.096,0.246,97.3
0.021,0.158,97.3
0.0,0.114,97.3
0.0,0.086,97.3
0.0,0.101,97.3
0.0,0.143,97.3
0.0,0.194,97.3
0.0,0.236,97.3
0.0,0.284,97.3
0.0,0.294,97.3
0.0,0.294,97.3
0.0,0.274,97.3
0.041,0.234,97.3
0.109,0.185,97.3
0.221,0.191,97.3
0.386,0.209,97.3
0.511,0.236,97.3
0.561,0.25,97.3
0.548,0.248,97.3
0.534,0.234,97.3
0.466,0.217,97.3
0.417,0.192,97.3
0.357,0.161,97.3
0.221,0.124,97.3
0.111,0.092,97.3
0.03,0.08,97.3
0.0,0.082,97.3
0.0,0.103,97.3
0.0,0.163,97.3
0.0,0.238,97.3
0.0,0.283,97.3
0.0,0.278,97.3
0.0,0.268,97.3
0.0,0.249,97.3
0.0,0.227,97.3
0.004,0.206,97.3
0.048,0.171,97.3
0.134,0.174,97.3
0.195,0.192,97.3
0.262,0.228,97.3
0.342,0.244,97.3
0.245,0.233,97.3
0.228,0.194,97.3
0.235,0.152,97.3
0.19,0.125,97.3
0.205,0.12,97.3
0.173,0.139,97.3
0.146,0.162,97.3
0.094,0.162,97.3
0.036,0.178,97.3
0.0,0.221,97.3
0.0,0.22,97.3
0.0,0.178,97.3
0.0,0.138,97.3
0.0,0.124,97.3
0.0,0.116,97.3
0.0,0.116,97.3
0.0,0.12,97.3
0.0,0.119,97.3
0.01,0.103,97.3
0.065,0.083,97.3
0.169,0.096,97.3
0.358,0.133,97.3
0.497,0.163,97.3
0.562,0.243,97.3
0.559,0.329,97.3
0.407,0.401,97.3
0.267,0.444,97.3
0.233,0.491,97.3
0.306,0.58,97.3
0.245,0.638,97.3
0.122,0.633,97.3
0.096,0.599,97.3
0.018,0.659,97.3
0.0,0.713,97.3
0.0,0.719,97.3
0.0,0.722,97.3
0.0,0.739,97.3
0.0,0.743,97.3
0.0,0.74,97.3
0.0,0.741,97.3
0.0,0.748,97.3
0.0,0.746,97.3
0.012,0.737,97.3
0.068,0.737,97.3
0.214,0.814,97.3
0.385,0.886,97.3
0.526,0.916,97.3
0.622,0.934,97.3
0.706,0.943,97.3
0.734,0.948,97.3
0.692,0.95,97.3
0.627,0.951,97.3
0.537,0.949,97.3
0.418,0.943,97.3
0.273,0.929,97.3
0.117,0.909,97.3
0.029,0.871,97.3
0.0,0.845,97.3
0.0,0.836,97.3
0.0,0.849,97.3
0.0,0.87,97.3
0.0,0.882,97.3
0.0,0.89,97.3
0.0,0.896,97.3
0.0,0.902,97.3
0.0,0.9,97.3
0.0,0.897,97.3
0.03,0.895,97.3
0.071,0.897,97.3
0.125,0.898,97.3
0.2,0.902,97.3
0.184,0.879,97.3
0.242,0.851,97.3
0.238,0.803,97.3
0.19,0.716,97.3
0.205,0.599,97.3
0.195,0.473,97.3
0.207,0.355,97.3
0.17,0.253,97.3
0.089,0.165,97.3
0.02,0.121,97.3
0.0,0.134,97.3
0.0,0.167,97.3
0.0,0.225,97.3
0.0,0.272,97.3
0.0,0.302,97.3
0.0,0.332,97.3
0.0,0.35,97.3
0.0,0.384,97.3
0.0,0.42,97.3
0.012,0.403,97.3
0.078,0.398,97.3
0.23,0.452,97.3
0.4,0.552,97.3
0.503,0.58,97.3
0.562,0.574,97.3
0.523,0.571,97.3
0.475,0.55,97.3
0.356,0.519,97.3
0.527,0.507,97.3
0.45,0.494,97.3
0.238,0.464,97.3
0.099,0.367,97.3
0.048,0.286,97.3
0.015,0.323,97.3
0.0,0.463,97.3
0.0,0.559,97.3
0.0,0.589,97.3
0.0,0.601,97.3
0.0,0.613,97.3
0.0,0.615,97.3
0.0,0.571,97.3
0.0,0.558,97.3
0.0,0.513,97.3
0.003,0.503,97.3
0.028,0.574,97.3
0.049,0.633,97.3
0.066,0.635,97.3
0.109,0.605,97.3
0.15,0.584,97.3
0.195,0.556,97.3
0.175,0.527,97.3
0.299,0.501,97.3
0.312,0.476,97.3
0.287,0.443,97.3
0.214,0.379,97.3
0.131,0.323,97.3
0.066,0.303,97.3
0.02,0.317,97.3
0.0,0.345,97.3
0.0,0.399,97.3
0.0,0.423,97.3
0.0,0.413,97.3
0.0,0.384,97.3
0.0,0.402,97.3
0.0,0.358,97.3
0.0,0.324,97.3
0.0,0.311,97.3
0.008,0.297,97.3
0.049,0.331,97.3
0.116,0.501,97.3
0.243,0.653,97.3
0.371,0.714,97.3
0.542,0.726,97.3
0.579,0.73,97.3
0.448,0.742,97.3
0.272,0.705,97.3
0.216,0.647,97.3
0.212,0.62,97.3
0.254,0.622,97.3
0.217,0.574,97.3
0.117,0.437,97.3
0.04,0.4,97.3
0.0,0.422,97.3
0.0,0.442,97.3
0.0,0.434,97.3
0.0,0.414,97.3
0.0,0.397,97.3
0.0,0.379,97.3
0.0,0.368,97.3
0.0,0.344,97.3
0.0,0.299,97.3
0.004,0.229,97.3
0.051,0.183,97.3
0.127,0.158,97.3
0.222,0.145,97.3
0.409,0.187,97.3
0.54,0.276,97.3
0.572,0.374,97.3
0.547,0.447,97.3
0.594,0.494,97.3
0.559,0.533,97.3
0.507,0.556,97.3
0.419,0.574,97.3
0.28,0.59,97.3
0.122,0.543,97.3
0.038,0.454,97.3
0.0,0.431,97.3
0.0,0.413,97.3
0.0,0.374,97.3
0.0,0.374,97.3
0.0,0.374,97.3
0.0,0.37,97.3
0.0,0.381,97.3
0.0,0.38,97.3
0.0,0.384,97.3
0.012,0.349,97.3
0.065,0.32,97.3
0.155,0.38,97.3
0.263,0.471,97.3
0.355,0.502,97.3
0.5,0.509,97.3
0.631,0.508,97.3
0.69,0.516,97.3
0.697,0.523,97.3
0.652,0.516,97.3
0.566,0.495,97.3
0.444,0.454,97.3
0.291,0.399,97.3
0.126,0.338,97.3
0.038,0.267,97.3
0.0,0.223,97.3
0.0,0.203,97.3
0.0,0.172,97.3
0.0,0.143,97.3
0.0,0.112,97.3
0.0,0.083,97.3
0.0,0.061,97.3
0.0,0.048,97.3
0.0,0.039,97.3
0.019,0.035,97.3
0.081,0.03,97.3
0.175,0.037,97.3
0.301,0.045,97.3
0.421,0.055,97.3
0.372,0.077,97.3
0.368,0.093,97.3
0.609,0.094,97.3
0.703,0.095,97.3
0.591,0.09,97.3
0.436,0.082,97.3
0.343,0.07,97.3
0.212,0.065,97.3
0.12,0.07,97.3
0.039,0.106,97.3
0.0,0.198,97.3
0.0,0.302,97.3
0.0,0.362,97.3
0.0,0.368,97.3
0.0,0.343,97.3
0.0,0.313,97.3
0.0,0.294,97.3
0.0,0.282,97.3
0.0,0.253,97.3
0.016,0.2,97.3
0.069,0.113,97.3
0.234,0.098,97.3
0.408,0.103,97.3
0.554,0.086,97.3
0.66,0.078,97.3
0.72,0.082,97.3
0.744,0.088,97.3
0.735,0.102,97.3
0.685,0.121,97.3
0.59,0.144,97.3
0.46,0.177,97.3
0.296,0.211,97.3
0.122,0.248,97.3
0.028,0.309,97.3
0.0,0.42,97.3
0.0,0.461,97.3
0.0,0.442,97.3
0.0,0.417,97.3
0.0,0.372,97.3
0.0,0.351,97.3
0.0,0.335,97.3
0.0,0.317,97.3
0.0,0.288,97.3
0.016,0.205,97.3
0.069,0.109,97.3
0.239,0.103,97.3
0.415,0.105,97.3
0.561,0.106,97.3
0.666,0.109,97.3
0.729,0.119,97.3
0.752,0.132,97.3
0.735,0.146,97.3
0.681,0.167,97.3
0.587,0.191,97.3
0.455,0.219,97.3
0.292,0.238,97.3
0.121,0.227,97.3
0.028,0.264,97.3
0.0,0.388,97.3
0.0,0.488,97.3
0.0,0.513,97.3
0.0,0.484,97.3
0.0,0.442,97.3
0.0,0.401,97.3
0.0,0.356,97.3
0.0,0.309,97.3
0.0,0.257,97.3
0.017,0.185,97.3
0.069,0.083,97.3
0.234,0.039,97.3
0.404,0.038,97.3
0.545,0.058,97.3
0.648,0.089,97.3
0.712,0.11,97.3
0.737,0.117,97.3
0.722,0.116,97.3
0.668,0.114,97.3
0.576,0.115,97.3
0.446,0.124,97.3
0.286,0.138,97.3
0.121,0.155,97.3
0.033,0.203,97.3
0.0,0.31,97.3
0.0,0.394,97.3
0.0,0.432,97.3
0.0,0.42,97.3
0.0,0.368,97.3
0.0,0.312,97.3
0.0,0.278,97.3
0.0,0.256,97.3
0.0,0.237,97.3
0.016,0.218,97.3
0.066,0.133,97.3
0.238,0.06,97.3
0.412,0.074,97.3
0.554,0.204,97.3
0.659,0.253,97.3
0.722,0.278,97.3
0.746,0.287,97.3
0.73,0.294,97.3
0.677,0.305,97.3
0.583,0.309,97.3
0.453,0.311,97.3
0.291,0.301,97.3
0.121,0.264,97.3
0.028,0.316,97.3
0.0,0.416,97.3
0.0,0.469,97.3
0.0,0.473,97.3
0.0,0.447,97.3
0.0,0.407,97.3
0.0,0.367,97.3
0.0,0.326,97.3
0.0,0.294,97.3
0.0,0.261,97.3
0.017,0.225,97.3
0.069,0.125,97.3
0.236,0.054,97.3
0.406,0.049,97.3
0.545,0.115,97.3
0.645,0.137,97.3
0.706,0.14,97.3
0.728,0.131,97.3
0.712,0.112,97.3
0.659,0.088,97.3
0.566,0.068,97.3
0.436,0.059,97.3
0.256,0.059,97.3
0.091,0.069,97.3
0.023,0.098,97.3
0.0,0.154,97.3
0.0,0.234,97.3
0.0,0.32,97.3
0.0,0.351,97.3
0.0,0.341,97.3
0.0,0.306,97.3
0.0,0.273,97.3
0.0,0.255,97.3
0.0,0.242,97.3
0.018,0.203,97.3
0.071,0.133,97.3
0.137,0.112,97.3
0.192,0.13,97.3
0.257,0.149,97.3
0.364,0.158,97.3
0.462,0.179,97.3
0.526,0.202,97.3
0.56,0.209,97.3
0.528,0.188,97.3
0.435,0.152,97.3
0.319,0.123,97.3
0.215,0.112,97.3
0.112,0.114,97.3
0.039,0.128,97.3
0.0,0.155,97.3
0.0,0.167,97.3
0.0,0.142,97.3
0.0,0.11,97.3
0.0,0.079,97.3
0.0,0.057,97.3
0.0,0.039,97.3
0.0,0.028,97.3
0.0,0.031,97.3
0.023,0.038,97.3
0.088,0.014,97.3
0.209,0.006,97.3
0.325,0.006,97.3
0.397,0.011,97.3
0.436,0.026,97.3
0.464,0.042,97.3
0.439,0.049,97.3
0.335,0.043,97.3
0.215,0.031,97.3
0.129,0.025,97.3
0.071,0.031,97.3
0.039,0.058,97.3
0.017,0.122,97.3
0.002,0.205,97.3
0.0,0.249,97.3
0.0,0.265,97.3
0.0,0.267,97.3
0.0,0.256,97.3
0.0,0.255,97.3
0.0,0.265,97.3
0.0,0.272,97.3
0.0,0.248,97.3
0.0,0.217,97.3
0.013,0.195,97.3
0.077,0.191,97.3
0.177,0.231,97.3
0.304,0.257,97.3
0.396,0.264,97.3
0.446,0.283,97.3
0.469,0.316,97.3
0.507,0.342,97.3
0.511,0.362,97.3
0.479,0.368,97.3
0.412,0.353,97.3
0.322,0.332,97.3
0.202,0.321,97.3
0.111,0.305,97.3
0.043,0.27,97.3
0.0,0.223,97.3
0.0,0.201,97.3
0.0,0.187,97.3
0.0,0.179,97.3
0.0,0.179,97.3
0.0,0.187,97.3
0.0,0.196,97.3
0.0,0.201,97.3
0.0,0.192,97.3
0.019,0.155,97.3
0.071,0.096,97.3
0.234,0.074,97.3
0.404,0.064,97.3
0.547,0.065,97.3
0.651,0.074,97.3
0.713,0.085,97.3
0.736,0.095,97.3
0.719,0.106,97.3
0.663,0.119,97.3
0.569,0.133,97.3
0.439,0.145,97.3
0.278,0.156,97.3
0.123,0.17,97.3
0.039,0.2,97.3
0.0,0.27,97.3
0.0,0.318,97.3
0.0,0.315,97.3
0.0,0.295,97.3
0.0,0.264,97.3
0.0,0.238,97.3
0.0,0.212,97.3
0.0,0.185,97.3
0.0,0.155,97.3
0.019,0.112,97.3
0.07,0.054,97.3
0.232,0.072,97.3
0.402,0.073,97.3
0.544,0.08,97.3
0.645,0.087,97.3
0.708,0.089,97.3
0.732,0.089,97.3
0.719,0.09,97.3
0.667,0.092,97.3
0.576,0.095,97.3
0.448,0.101,97.3
0.29,0.113,97.3
0.126,0.129,97.3
0.032,0.164,97.3
0.0,0.24,97.3
0.0,0.302,97.3
0.0,0.32,97.3
0.0,0.308,97.3
0.0,0.272,97.3
0.0,0.232,97.3
0.0,0.198,97.3
0.0,0.176,97.3
0.0,0.147,97.3
0.02,0.101,97.3
0.07,0.03,97.3
0.231,0.008,97.3
0.395,0.018,97.3
0.535,0.021,97.3
0.638,0.021,97.3
0.702,0.019,97.3
0.726,0.018,97.3
0.709,0.019,97.3
0.657,0.022,97.3
0.566,0.027,97.3
0.44,0.035,97.3
0.285,0.045,97.3
0.125,0.068,97.3
0.034,0.129,97.3
0.0,0.231,97.3
0.0,0.289,97.3
0.0,0.291,97.3
0.0,0.262,97.3
0.0,0.22,97.3
0.0,0.171,97.3
0.0,0.127,97.3
0.0,0.093,97.3
0.0,0.076,97.3
0.023,0.07,97.3
0.079,0.05,97.3
0.211,0.045,97.3
0.312,0.046,97.3
0.383,0.042,97.3
0.402,0.045,97.3
0.523,0.052,97.3
0.605,0.062,97.3
0.647,0.073,97.3
0.639,0.087,97.3
0.563,0.103,97.3
0.443,0.112,97.3
0.292,0.108,97.3
0.13,0.094,97.3
0.034,0.079,97.3
0.001,0.065,97.3
0.0,0.045,97.3
0.0,0.028,97.3
0.0,0.015,97.3
0.0,0.009,97.3
0.0,0.009,97.3
0.0,0.019,97.3
0.0,0.046,97.3
0.0,0.093,97.3
0.02,0.132,97.3
0.071,0.086,97.3
0.228,0.066,97.3
0.393,0.083,97.3
0.531,0.092,97.3
0.633,0.09,97.3
0.696,0.084,97.3
0.72,0.081,97.3
0.706,0.078,97.3
0.656,0.074,97.3
0.568,0.069,97.3
0.443,0.068,97.3
0.289,0.074,97.3
0.126,0.094,97.3
0.037,0.141,97.3
0.0,0.204,97.3
0.0,0.228,97.3
0.0,0.201,97.3
0.0,0.164,97.3
0.0,0.133,97.3
0.0,0.104,97.3
0.0,0.086,97.3
0.0,0.094,97.3
0.0,0.133,97.3
0.021,0.144,97.3
0.072,0.093,97.3
0.229,0.077,97.3
0.393,0.071,97.3
0.531,0.078,97.3
0.63,0.089,97.3
0.691,0.103,97.3
0.709,0.118,97.3
0.683,0.13,97.3
0.626,0.146,97.3
0.524,0.175,97.3
0.404,0.21,97.3
0.229,0.243,97.3
0.117,0.251,97.3
0.041,0.227,97.3
0.001,0.225,97.3
0.0,0.263,97.3
0.0,0.272,97.3
0.0,0.261,97.3
0.0,0.248,97.3
0.0,0.259,97.3
0.0,0.252,97.3
0.0,0.244,97.3
0.0,0.233,97.3
0.02,0.2,97.3
0.058,0.167,97.3
0.124,0.147,97.3
0.234,0.163,97.3
0.346,0.192,97.3
0.413,0.234,97.3
0.486,0.279,97.3
0.589,0.323,97.3
0.617,0.347,97.3
0.628,0.358,97.3
0.567,0.371,97.3
0.455,0.384,97.3
0.301,0.376,97.3
0.138,0.344,97.3
0.037,0.295,97.3
0.002,0.258,97.3
0.0,0.251,97.3
0.0,0.225,97.3
0.0,0.193,97.3
0.0,0.159,97.3
0.0,0.128,97.3
0.0,0.098,97.3
0.0,0.069,97.3
0.0,0.044,97.3
0.019,0.025,97.3
0.069,0.018,97.3
0.236,0.025,97.3
0.406,0.031,97.3
0.547,0.034,97.3
0.65,0.031,97.3
0.713,0.029,97.3
0.737,0.029,97.3
0.721,0.03,97.3
0.669,0.032,97.3
0.579,0.033,97.3
0.452,0.033,97.3
0.295,0.035,97.3
0.129,0.043,97.3
0.031,0.069,97.3
0.001,0.13,97.3
0.0,0.197,97.3
0.0,0.235,97.3
0.0,0.243,97.3
0.0,0.236,97.3
0.0,0.233,97.3
0.0,0.242,97.3
0.0,0.252,97.3
0.0,0.256,97.3
0.02,0.234,97.3
0.068,0.125,97.3
0.233,0.054,97.3
0.4,0.081,97.3
0.537,0.118,97.3
0.637,0.096,97.3
0.697,0.073,97.3
0.719,0.056,97.3
0.705,0.05,97.3
0.654,0.052,97.3
0.566,0.057,97.3
0.442,0.069,97.3
0.289,0.093,97.3
0.128,0.144,97.3
0.033,0.228,97.3
0.001,0.316,97.3
0.0,0.342,97.3
0.0,0.316,97.3
0.0,0.297,97.3
0.0,0.285,97.3
0.0,0.272,97.3
0.0,0.266,97.3
0.0,0.27,97.3
0.0,0.28,97.3
0.023,0.236,97.3
0.084,0.222,97.3
0.187,0.218,97.3
0.282,0.182,97.3
0.371,0.145,97.3
0.459,0.12,97.3
0.603,0.101,97.3
0.678,0.082,97.3
0.667,0.069,97.3
0.615,0.064,97.3
0.521,0.067,97.3
0.37,0.074,97.3
0.235,0.089,97.3
0.126,0.112,97.3
0.044,0.169,97.3
0.0,0.27,97.3
0.0,0.328,97.3
0.0,0.314,97.3
0.0,0.291,97.3
0.0,0.285,97.3
0.0,0.297,97.3
0.0,0.279,97.3
0.0,0.264,97.3
0.0,0.241,97.3
0.023,0.184,97.3
0.075,0.087,97.3
0.221,0.039,97.3
0.377,0.058,97.3
0.507,0.053,97.3
0.609,0.049,97.3
0.669,0.051,97.3
0.692,0.052,97.3
0.681,0.047,97.3
0.632,0.041,97.3
0.546,0.041,97.3
0.426,0.04,97.3
0.28,0.042,97.3
0.127,0.05,97.3
0.036,0.047,97.3
0.001,0.019,97.3
0.0,0.011,97.3
0.0,0.052,97.3
0.0,0.148,97.3
0.0,0.248,97.3
0.0,0.325,97.3
0.0,0.424,97.3
0.0,0.494,97.3
0.0,0.448,97.3
0.025,0.306,97.3
0.083,0.117,97.3
0.202,0.044,97.3
0.34,0.072,97.3
0.413,0.15,97.3
0.412,0.265,97.3
0.546,0.382,97.3
0.594,0.422,97.3
0.543,0.381,97.3
0.429,0.3,97.3
0.436,0.214,97.3
0.376,0.139,97.3
0.212,0.091,97.3
0.09,0.058,97.3
0.016,0.051,97.3
0.0,0.089,97.3
0.0,0.167,97.3
0.0,0.223,97.3
0.0,0.239,97.3
0.0,0.253,97.3
0.0,0.278,97.3
0.0,0.279,97.3
0.0,0.265,97.3
0.0,0.285,97.3
0.004,0.311,97.3
0.023,0.241,97.3
0.085,0.145,97.3
0.238,0.14,97.3
0.409,0.178,97.3
0.521,0.203,97.3
0.623,0.251,97.3
0.63,0.334,97.3
0.566,0.401,97.3
0.488,0.438,97.3
0.437,0.441,97.3
0.379,0.432,97.3
0.238,0.4,97.3
0.123,0.388,97.3
0.046,0.453,97.3
0.001,0.476,97.3
0.0,0.454,97.3
0.0,0.425,97.3
0.0,0.395,97.3
0.0,0.358,97.3
0.0,0.344,97.3
0.0,0.323,97.3
0.0,0.294,97.3
0.0,0.303,97.3
0.025,0.261,97.3
0.076,0.228,97.3
0.224,0.199,97.3
0.382,0.17,97.3
0.479,0.154,97.3
0.569,0.122,97.3
0.662,0.074,97.3
0.696,0.045,97.3
0.669,0.026,97.3
0.604,0.006,97.3
0.5,0.002,97.3
0.347,0.001,97.3
0.167,0.031,97.3
0.082,0.125,97.3
0.016,0.282,97.3
0.0,0.425,97.3
0.0,0.488,97.3
0.0,0.501,97.3
0.0,0.552,97.3
0.0,0.621,97.3
0.0,0.354,97.3
0.0,0.136,97.3
0.0,0.255,97.3
0.0,0.484,97.3
0.027,0.348,97.3
0.082,0.24,97.3
0.2,0.278,97.3
0.333,0.299,97.3
0.487,0.307,97.3
0.61,0.294,97.3
0.66,0.236,97.3
0.598,0.167,97.3
0.646,0.108,97.3
0.595,0.059,97.3
0.493,0.029,97.3
0.341,0.014,97.3
0.156,0.012,97.3
0.045,0.034,97.3
0.016,0.153,97.3
0.0,0.286,97.3
0.0,0.342,97.3
0.0,0.328,97.3
0.0,0.289,97.3
0.0,0.346,97.3
0.0,0.387,97.3
0.0,0.385,97.3
0.0,0.401,97.3
0.0,0.368,97.3
0.02,0.339,97.3
0.055,0.341,97.3
0.1,0.33,97.3
0.172,0.309,97.3
0.259,0.281,97.3
0.358,0.256,97.3
0.38,0.243,97.3
0.382,0.249,97.3
0.361,0.267,97.3
0.271,0.291,97.3
0.189,0.32,97.3
0.121,0.347,97.3
0.088,0.385,97.3
0.057,0.412,97.3
0.027,0.466,97.3
0.0,0.524,97.3
0.0,0.499,97.3
0.0,0.47,97.3
0.0,0.471,97.3
0.0,0.434,97.3
0.0,0.404,97.3
0.0,0.4,97.3
0.0,0.42,97.3
0.0,0.388,97.3
0.001,0.382,97.3
0.02,0.375,97.3
0.049,0.417,97.3
0.096,0.458,97.3
0.163,0.461,97.3
0.238,0.441,97.3
0.3,0.432,97.3
0.321,0.436,97.3
0.278,0.449,97.3
0.242,0.452,97.3
0.192,0.43,97.3
0.144,0.389,97.3
0.083,0.344,97.3
0.032,0.334,97.3
0.006,0.352,97.3
0.0,0.379,97.3
0.0,0.386,97.3
0.0,0.37,97.3
0.0,0.346,97.3
0.0,0.308,97.3
0.0,0.278,97.3
0.0,0.253,97.3
0.0,0.237,97.3
0.0,0.237,97.3
0.007,0.212,97.3
0.045,0.187,97.3
0.109,0.206,97.3
0.202,0.196,97.3
0.297,0.163,97.3
0.363,0.132,97.3
0.37,0.109,97.3
0.361,0.098,97.3
0.305,0.096,97.3
0.272,0.104,97.3
0.226,0.114,97.3
0.183,0.118,97.3
0.14,0.126,97.3
0.09,0.145,97.3
0.034,0.18,97.3
0.0,0.251,97.3
0.0,0.3,97.3
0.0,0.296,97.3
0.0,0.268,97.3
0.0,0.235,97.3
0.0,0.209,97.3
0.0,0.189,97.3
0.0,0.177,97.3
0.0,0.169,97.3
0.018,0.138,97.3
0.074,0.11,97.3
0.15,0.098,97.3
0.259,0.083,97.3
0.415,0.063,97.3
0.552,0.054,97.3
0.477,0.065,97.3
0.45,0.083,97.3
0.449,0.094,97.3
0.406,0.104,97.3
0.36,0.117,97.3
0.311,0.121,97.3
0.24,0.125,97.3
0.138,0.14,97.3
0.045,0.161,97.3
0.003,0.194,97.3
0.0,0.188,97.3
0.0,0.137,97.3
0.0,0.089,97.3
0.0,0.064,97.3
0.0,0.076,97.3
0.0,0.127,97.3
0.0,0.214,97.3
0.0,0.294,97.3
0.025,0.28,97.3
0.073,0.214,97.3
0.152,0.231,97.3
0.244,0.293,97.3
0.332,0.343,97.3
0.43,0.367,97.3
0.502,0.36,97.3
0.522,0.332,97.3
0.5,0.293,97.3
0.495,0.259,97.3
0.343,0.22,97.3
0.246,0.186,97.3
0.16,0.148,97.3
0.085,0.104,97.3
0.023,0.065,97.3
0.0,0.042,97.3
0.0,0.023,97.3
0.0,0.009,97.3
0.0,0.002,97.3
0.0,0.002,97.3
0.0,0.008,97.3
0.0,0.02,97.3
0.0,0.035,97.3
0.0,0.047,97.3
0.014,0.061,97.3
0.062,0.054,97.3
0.14,0.052,97.3
0.261,0.066,97.3
0.379,0.085,97.3
0.454,0.095,97.3
0.509,0.091,97.3
0.495,0.076,97.3
0.472,0.054,97.3
0.441,0.035,97.3
0.419,0.02,97.3
0.329,0.013,97.3
0.21,0.008,97.3
0.105,0.006,97.3
0.033,0.007,97.3
0.0,0.034,97.3
0.0,0.093,97.3
0.0,0.165,97.3
0.0,0.23,97.3
0.0,0.275,97.3
0.0,0.311,97.3
0.0,0.322,97.3
0.0,0.291,97.3
0.0,0.268,97.3
0.013,0.257,97.3
0.052,0.213,97.3
0.181,0.14,97.3
0.314,0.115,97.3
0.38,0.122,97.3
0.394,0.137,97.3
0.429,0.161,97.3
0.449,0.183,97.3
0.375,0.187,97.3
0.265,0.182,97.3
0.169,0.169,97.3
0.1,0.127,97.3
0.06,0.081,97.3
0.048,0.067,97.3
0.018,0.068,97.3
0.0,0.084,97.3
0.0,0.104,97.3
0.0,0.119,97.3
0.0,0.118,97.3
0.0,0.119,97.3
0.0,0.132,97.3
0.0,0.137,97.3
0.0,0.093,97.3
0.0,0.108,97.3
0.01,0.09,97.3
0.039,0.036,97.3
0.09,0.017,97.3
0.146,0.01,97.3
0.179,0.011,97.3
0.269,0.011,97.3
0.325,0.006,97.3
0.345,0.005,97.3
0.3,0.005,97.3
0.191,0.012,97.3
0.128,0.041,97.3
0.106,0.069,97.3
0.086,0.103,97.3
0.059,0.124,97.3
0.018,0.107,97.3
0.0,0.169,97.3
0.0,0.214,97.3
0.0,0.179,97.3
0.0,0.128,97.3
0.0,0.116,97.3
0.0,0.089,97.3
0.0,0.078,97.3
0.0,0.086,97.3
0.0,0.1,97.3
0.009,0.088,97.3
0.053,0.046,97.3
0.117,0.026,97.3
0.206,0.025,97.3
0.317,0.033,97.3
0.4,0.051,97.3
0.424,0.078,97.3
0.371,0.118,97.3
0.359,0.154,97.3
0.324,0.179,97.3
0.253,0.187,97.3
0.154,0.176,97.3
0.081,0.177,97.3
0.039,0.218,97.3
0.011,0.274,97.3
0.0,0.308,97.3
0.0,0.317,97.3
0.0,0.324,97.3
0.0,0.3,97.3
0.0,0.28,97.3
0.0,0.27,97.3
0.0,0.25,97.3
0.0,0.242,97.3
0.0,0.235,97.3
0.0,0.219,97.3
0.033,0.205,97.3
0.117,0.217,97.3
0.215,0.214,97.3
0.274,0.23,97.3
0.312,0.244,97.3
0.314,0.246,97.3
0.289,0.262,97.3
0.262,0.293,97.3
0.225,0.334,97.3
0.175,0.376,97.3
0.102,0.403,97.3
0.071,0.405,97.3
0.041,0.363,97.3
0.014,0.281,97.3
0.0,0.232,97.3
0.0,0.216,97.3
0.0,0.21,97.3
0.0,0.205,97.3
0.0,0.213,97.3
0.0,0.227,97.3
0.0,0.231,97.3
0.0,0.231,97.3
0.0,0.23,97.3
0.004,0.214,97.3
0.031,0.202,97.3
0.08,0.23,97.3
0.149,0.249,97.3
0.248,0.248,97.3
0.337,0.237,97.3
0.345,0.232,97.3
0.378,0.233,97.3
0.394,0.237,97.3
0.375,0.234,97.3
0.333,0.223,97.3
0.296,0.207,97.3
0.181,0.189,97.3
0.082,0.167,97.3
0.025,0.144,97.3
0.0,0.13,97.3
0.0,0.114,97.3
0.0,0.095,97.3
0.0,0.086,97.3
0.0,0.101,97.3
0.0,0.127,97.3
0.0,0.156,97.3
0.0,0.175,97.3
0.0,0.161,97.3
0.019,0.133,97.3
0.078,0.086,97.3
0.191,0.07,97.3
0.357,0.07,97.3
0.5,0.077,97.3
0.581,0.078,97.3
0.657,0.073,97.3
0.691,0.07,97.3
0.692,0.068,97.3
0.648,0.061,97.3
0.567,0.045,97.3
0.447,0.032,97.3
0.292,0.021,97.3
0.134,0.011,97.3
0.039,0.005,97.3
0.0,0.015,97.3
0.0,0.049,97.3
0.0,0.117,97.3
0.0,0.209,97.3
0.0,0.279,97.3
0.0,0.323,97.3
0.0,0.328,97.3
0.0,0.316,97.3
0.0,0.317,97.3
0.023,0.289,97.3
0.082,0.202,97.3
0.153,0.155,97.3
0.229,0.161,97.3
0.3,0.182,97.3
0.391,0.196,97.3
0.441,0.196,97.3
0.462,0.19,97.3
0.301,0.178,97.3
0.162,0.148,97.3
0.11,0.112,97.3
0.078,0.076,97.3
0.044,0.042,97.3
0.018,0.025,97.3
0.002,0.019,97.3
0.0,0.024,97.3
0.0,0.038,97.3
0.0,0.071,97.3
0.0,0.107,97.3
0.0,0.123,97.3
0.0,0.117,97.3
0.0,0.101,97.3
0.0,0.075,97.3
0.0,0.045,97.3
0.025,0.023,97.3
0.083,0.011,97.3
0.171,0.013,97.3
0.231,0.018,97.3
0.222,0.018,97.3
0.199,0.017,97.3
0.188,0.016,97.3
0.206,0.019,97.3
0.208,0.031,97.3
0.215,0.052,97.3
0.257,0.077,97.3
0.289,0.09,97.3
0.223,0.091,97.3
0.124,0.085,97.3
0.047,0.083,97.3
0.0,0.101,97.3
0.0,0.155,97.3
0.0,0.223,97.3
0.0,0.249,97.3
0.0,0.281,97.3
0.0,0.295,97.3
0.0,0.28,97.3
0.0,0.251,97.3
0.0,0.235,97.3
0.018,0.212,97.3
0.079,0.164,97.3
0.2,0.179,97.3
0.349,0.161,97.3
0.475,0.149,97.3
0.546,0.132,97.3
0.603,0.12,97.3
0.625,0.111,97.3
0.638,0.102,97.3
0.601,0.089,97.3
0.474,0.072,97.3
0.319,0.063,97.3
0.192,0.053,97.3
0.101,0.037,97.3
0.037,0.035,97.3
0.0,0.09,97.3
0.0,0.227,97.3
0.0,0.337,97.3
0.0,0.383,97.3
0.0,0.429,97.3
0.0,0.526,97.3
0.0,0.614,97.3
0.0,0.494,97.3
0.0,0.464,97.3
0.008,0.454,97.3
0.052,0.447,97.3
0.214,0.633,97.3
0.392,0.839,97.3
0.526,0.878,97.3
0.553,0.895,97.3
0.533,0.908,97.3
0.636,0.916,97.3
0.674,0.923,97.3
0.618,0.924,97.3
0.503,0.915,97.3
0.409,0.893,97.3
0.281,0.835,97.3
0.136,0.718,97.3
0.036,0.516,97.3
0.0,0.329,97.3
0.0,0.224,97.3
0.0,0.233,97.3
0.0,0.261,97.3
0.0,0.297,97.3
0.0,0.329,97.3
0.0,0.354,97.3
0.0,0.36,97.3
0.0,0.346,97.3
0.023,0.283,97.3
0.071,0.216,97.3
0.218,0.319,97.3
0.378,0.374,97.3
0.507,0.403,97.3
0.594,0.397,97.3
0.618,0.375,97.3
0.563,0.356,97.3
0.494,0.328,97.3
0.396,0.286,97.3
0.294,0.247,97.3
0.222,0.204,97.3
0.199,0.163,97.3
0.102,0.118,97.3
0.041,0.077,97.3
0.0,0.052,97.3
0.0,0.031,97.3
0.0,0.018,97.3
0.0,0.012,97.3
0.0,0.01,97.3
0.0,0.008,97.3
0.0,0.007,97.3
0.0,0.006,97.3
0.0,0.008,97.3
0.021,0.012,97.3
0.066,0.015,97.3
0.213,0.021,97.3
0.325,0.029,97.3
0.459,0.031,97.3
0.603,0.036,97.3
0.651,0.038,97.3
0.612,0.039,97.3
0.556,0.031,97.3
0.549,0.026,97.3
0.436,0.035,97.3
0.28,0.053,97.3
0.185,0.078,97.3
0.117,0.098,97.3
0.041,0.103,97.3
0.0,0.132,97.3
0.0,0.152,97.3
0.0,0.155,97.3
0.0,0.156,97.3
0.0,0.136,97.3
0.0,0.1,97.3
0.0,0.073,97.3
0.0,0.059,97.3
0.0,0.075,97.3
0.02,0.099,97.3
0.064,0.072,97.3
0.216,0.064,97.3
0.379,0.066,97.3
0.519,0.068,97.3
0.622,0.074,97.3
0.686,0.086,97.3
0.707,0.097,97.3
0.684,0.1,97.3
0.629,0.101,97.3
0.537,0.092,97.3
0.382,0.075,97.3
0.209,0.059,97.3
0.115,0.047,97.3
0.038,0.046,97.3
0.0,0.058,97.3
0.0,0.072,97.3
0.0,0.098,97.3
0.0,0.105,97.3
0.0,0.076,97.3
0.0,0.043,97.3
0.0,0.023,97.3
0.0,0.014,97.3
0.0,0.009,97.3
0.002,0.013,97.3
0.035,0.019,97.3
0.09,0.015,97.3
0.12,0.014,97.3
0.164,0.013,97.3
0.222,0.012,97.3
0.263,0.01,97.3
0.28,0.01,97.3
0.25,0.012,97.3
0.169,0.013,97.3
0.116,0.01,97.3
0.082,0.009,97.3
0.047,0.01,97.3
0.022,0.014,97.3
0.017,0.013,97.3
0.0,0.013,97.3
0.0,0.017,97.3
0.0,0.026,97.3
0.0,0.047,97.3
0.0,0.093,97.3
0.0,0.124,97.3
0.0,0.129,97.3
0.0,0.12,97.3
0.0,0.105,97.3
0.013,0.107,97.3
0.063,0.104,97.3
0.14,0.104,97.3
0.241,0.097,97.3
0.389,0.083,97.3
0.541,0.07,97.3
0.63,0.054,97.3
0.688,0.036,97.3
0.638,0.037,97.3
0.517,0.044,97.3
0.433,0.04,97.3
0.369,0.035,97.3
0.245,0.032,97.3
0.112,0.025,97.3
0.039,0.014,97.3
0.0,0.006,97.3
0.0,0.008,97.3
0.0,0.024,97.3
0.0,0.043,97.3
0.0,0.075,97.3
0.0,0.122,97.3
0.0,0.152,97.3
0.0,0.164,97.3
0.0,0.167,97.3
0.006,0.157,97.3
0.041,0.113,97.3
0.108,0.075,97.3
0.216,0.088,97.3
0.13,0.124,97.3
0.173,0.068,97.3
0.212,0.053,97.3
0.216,0.071,97.3
0.272,0.092,97.3
0.398,0.099,97.3
0.384,0.092,97.3
0.316,0.075,97.3
0.223,0.055,97.3
0.131,0.031,97.3
0.043,0.013,97.3
0.0,0.003,97.3
0.0,0.002,97.3
0.0,0.005,97.3
0.0,0.014,97.3
0.0,0.046,97.3
0.0,0.094,97.3
0.0,0.109,97.3
0.0,0.124,97.3
0.0,0.161,97.3
0.001,0.162,97.3
0.029,0.164,97.3
0.085,0.172,97.3
0.092,0.217,97.3
0.097,0.264,97.3
0.12,0.297,97.3
0.15,0.34,97.3
0.191,0.425,97.3
0.259,0.521,97.3
0.37,0.583,97.3
0.377,0.604,97.3
0.261,0.604,97.3
0.142,0.579,97.3
0.061,0.546,97.3
0.013,0.498,97.3
0.0,0.462,97.3
0.0,0.439,97.3
0.0,0.43,97.3
0.0,0.422,97.3
0.0,0.433,97.3
0.0,0.432,97.3
0.0,0.428,97.3
0.0,0.434,97.3
0.0,0.413,97.3
0.003,0.4,97.3
0.032,0.388,97.3
0.078,0.405,97.3
0.129,0.454,97.3
0.165,0.498,97.3
0.187,0.547,97.3
0.202,0.604,97.3
0.197,0.654,97.3
0.161,0.685,97.3
0.126,0.689,97.3
0.111,0.672,97.3
0.101,0.657,97.3
0.088,0.651,97.3
0.056,0.64,97.3
0.023,0.645,97.3
0.0,0.663,97.3
0.0,0.659,97.3
0.0,0.666,97.3
0.0,0.703,97.3
0.0,0.745,97.3
0.0,0.785,97.3
0.0,0.789,97.3
0.0,0.749,97.3
0.0,0.718,97.3
0.0,0.701,97.3
0.023,0.68,97.3
0.057,0.651,97.3
0.106,0.635,97.3
0.18,0.665,97.3
0.255,0.684,97.3
0.274,0.7,97.3
0.252,0.697,97.3
0.236,0.685,97.3
0.22,0.654,97.3
0.193,0.613,97.3
0.156,0.57,97.3
0.119,0.545,97.3
0.074,0.525,97.3
0.025,0.501,97.3
0.0,0.461,97.3
0.0,0.426,97.3
0.0,0.447,97.3
0.0,0.444,97.3
0.0,0.404,97.3
0.0,0.36,97.3
0.0,0.324,97.3
0.0,0.308,97.3
0.0,0.298,97.3
0.01,0.281,97.3
0.062,0.249,97.3
0.151,0.264,97.3
0.285,0.239,97.3
0.496,0.211,97.3
0.597,0.209,97.3
0.673,0.231,97.3
0.68,0.259,97.3
0.659,0.283,97.3
0.612,0.309,97.3
0.537,0.327,97.3
0.412,0.336,97.3
0.28,0.329,97.3
0.129,0.311,97.3
0.036,0.282,97.3
0.0,0.291,97.3
0.0,0.311,97.3
0.0,0.294,97.3
0.0,0.283,97.3
0.0,0.282,97.3
0.0,0.29,97.3
0.0,0.297,97.3
0.0,0.305,97.3
0.0,0.311,97.3
0.015,0.294,97.3
0.055,0.218,97.3
0.209,0.259,97.3
0.38,0.264,97.3
0.526,0.264,97.3
0.631,0.25,97.3
0.695,0.233,97.3
0.719,0.231,97.3
0.702,0.249,97.3
0.649,0.283,97.3
0.559,0.325,97.3
0.432,0.374,97.3
0.28,0.407,97.3
0.125,0.396,97.3
0.031,0.388,97.3
0.0,0.405,97.3
0.0,0.403,97.3
0.0,0.364,97.3
0.0,0.32,97.3
0.0,0.282,97.3
0.0,0.255,97.3
0.0,0.236,97.3
0.0,0.223,97.3
0.0,0.203,97.3
0.014,0.165,97.3
0.052,0.074,97.3
0.208,0.041,97.3
0.373,0.066,97.3
0.512,0.083,97.3
0.614,0.102,97.3
0.677,0.124,97.3
0.702,0.155,97.3
0.691,0.192,97.3
0.642,0.233,97.3
0.555,0.276,97.3
0.432,0.314,97.3
0.281,0.329,97.3
0.125,0.302,97.3
0.029,0.284,97.3
0.0,0.328,97.3
0.0,0.348,97.3
0.0,0.328,97.3
0.0,0.294,97.3
0.0,0.259,97.3
0.0,0.225,97.3
0.0,0.194,97.3
0.0,0.168,97.3
0.0,0.155,97.3
0.015,0.139,97.3
0.058,0.08,97.3
0.205,0.072,97.3
0.368,0.073,97.3
0.508,0.078,97.3
0.61,0.083,97.3
0.663,0.082,97.3
0.669,0.078,97.3
0.653,0.079,97.3
0.596,0.087,97.3
0.504,0.104,97.3
0.38,0.123,97.3
0.228,0.135,97.3
0.112,0.144,97.3
0.032,0.167,97.3
0.0,0.231,97.3
0.0,0.278,97.3
0.0,0.28,97.3
0.0,0.264,97.3
0.0,0.243,97.3
0.0,0.219,97.3
0.0,0.195,97.3
0.0,0.174,97.3
0.0,0.159,97.3
0.014,0.133,97.3
0.059,0.068,97.3
0.2,0.05,97.3
0.361,0.043,97.3
0.504,0.04,97.3
0.611,0.038,97.3
0.678,0.038,97.3
0.705,0.041,97.3
0.691,0.046,97.3
0.641,0.053,97.3
0.552,0.059,97.3
0.428,0.064,97.3
0.276,0.067,97.3
0.123,0.073,97.3
0.03,0.101,97.3
0.0,0.152,97.3
0.0,0.188,97.3
0.0,0.206,97.3
0.0,0.208,97.3
0.0,0.192,97.3
0.0,0.165,97.3
0.0,0.133,97.3
0.0,0.101,97.3
0.0,0.07,97.3
0.013,0.048,97.3
0.055,0.023,97.3
0.202,0.008,97.3
0.364,0.018,97.3
0.504,0.026,97.3
0.609,0.023,97.3
0.673,0.019,97.3
0.698,0.02,97.3
0.68,0.025,97.3
0.627,0.031,97.3
0.537,0.036,97.3
0.411,0.041,97.3
0.26,0.046,97.3
0.118,0.058,97.3
0.03,0.088,97.3
0.0,0.134,97.3
0.0,0.172,97.3
0.0,0.191,97.3
0.0,0.184,97.3
0.0,0.154,97.3
0.0,0.112,97.3
0.0,0.071,97.3
0.0,0.039,97.3
0.0,0.018,97.3
0.012,0.016,97.3
0.056,0.021,97.3
0.197,0.034,97.3
0.36,0.057,97.3
0.503,0.059,97.3
0.607,0.059,97.3
0.675,0.068,97.3
0.704,0.088,97.3
0.69,0.114,97.3
0.642,0.142,97.3
0.555,0.168,97.3
0.432,0.192,97.3
0.28,0.212,97.3
0.123,0.235,97.3
0.028,0.283,97.3
0.0,0.372,97.3
0.0,0.402,97.3
0.0,0.381,97.3
0.0,0.347,97.3
0.0,0.317,97.3
0.0,0.294,97.3
0.0,0.274,97.3
0.0,0.261,97.3
0.0,0.241,97.3
0.012,0.203,97.3
0.051,0.106,97.3
0.206,0.111,97.3
0.376,0.14,97.3
0.52,0.126,97.3
0.626,0.123,97.3
0.692,0.127,97.3
0.717,0.133,97.3
0.698,0.137,97.3
0.644,0.143,97.3
0.558,0.157,97.3
0.431,0.189,97.3
0.276,0.257,97.3
0.119,0.364,97.3
0.028,0.317,97.3
0.0,0.331,97.3
0.0,0.434,97.3
0.0,0.375,97.3
0.0,0.316,97.3
0.0,0.412,97.3
0.0,0.407,97.3
0.0,0.283,97.3
0.0,0.294,97.3
0.0,0.306,97.3
0.003,0.107,97.3
0.02,0.049,97.3
0.039,0.058,97.3
0.063,0.087,97.3
0.099,0.1,97.3
0.245,0.037,97.3
0.514,0.028,97.3
0.629,0.031,97.3
0.584,0.027,97.3
0.44,0.028,97.3
0.327,0.034,97.3
0.218,0.032,97.3
0.137,0.025,97.3
0.061,0.027,97.3
0.011,0.043,97.3
0.0,0.046,97.3
0.0,0.016,97.3
0.0,0.008,97.3
0.0,0.008,97.3
0.0,0.016,97.3
0.0,0.031,97.3
0.0,0.052,97.3
0.0,0.078,97.3
0.0,0.106,97.3
0.007,0.132,97.3
0.059,0.104,97.3
0.16,0.074,97.3
0.268,0.08,97.3
0.349,0.085,97.3
0.454,0.088,97.3
0.52,0.092,97.3
0.558,0.1,97.3
0.525,0.111,97.3
0.447,0.115,97.3
0.378,0.117,97.3
0.289,0.106,97.3
0.216,0.088,97.3
0.102,0.068,97.3
0.026,0.054,97.3
0.0,0.049,97.3
0.0,0.064,97.3
0.0,0.1,97.3
0.0,0.142,97.3
0.0,0.174,97.3
0.0,0.188,97.3
0.0,0.192,97.3
0.0,0.192,97.3
0.0,0.196,97.3
0.01,0.192,97.3
0.062,0.134,97.3
0.186,0.122,97.3
0.331,0.155,97.3
0.435,0.181,97.3
0.493,0.203,97.3
0.509,0.209,97.3
0.513,0.212,97.3
0.471,0.22,97.3
0.385,0.225,97.3
0.265,0.222,97.3
0.183,0.213,97.3
0.12,0.192,97.3
0.07,0.165,97.3
0.02,0.158,97.3
0.0,0.191,97.3
0.0,0.199,97.3
0.0,0.188,97.3
0.0,0.187,97.3
0.0,0.194,97.3
0.0,0.207,97.3
0.0,0.22,97.3
0.0,0.233,97.3
0.0,0.244,97.3
0.003,0.238,97.3
0.039,0.2,97.3
0.09,0.171,97.3
0.159,0.2,97.3
0.217,0.27,97.3
0.23,0.294,97.3
0.249,0.276,97.3
0.377,0.27,97.3
0.487,0.311,97.3
0.407,0.352,97.3
0.19,0.343,97.3
0.104,0.313,97.3
0.073,0.261,97.3
0.044,0.248,97.3
0.016,0.243,97.3
0.0,0.288,97.3
0.0,0.336,97.3
0.0,0.352,97.3
0.0,0.352,97.3
0.0,0.351,97.3
0.0,0.351,97.3
0.0,0.343,97.3
0.0,0.345,97.3
0.0,0.336,97.3
0.003,0.325,97.3
0.055,0.326,97.3
0.191,0.441,97.3
0.36,0.574,97.3
0.51,0.663,97.3
0.619,0.712,97.3
0.681,0.734,97.3
0.695,0.737,97.3
0.67,0.733,97.3
0.573,0.732,97.3
0.453,0.73,97.3
0.359,0.725,97.3
0.186,0.683,97.3
0.111,0.62,97.3
0.026,0.593,97.3
0.0,0.597,97.3
0.0,0.613,97.3
0.0,0.623,97.3
0.0,0.626,97.3
0.0,0.624,97.3
0.0,0.626,97.3
0.0,0.613,97.3
0.0,0.583,97.3
0.0,0.531,97.3
0.004,0.486,97.3
0.052,0.449,97.3
0.201,0.592,97.3
0.369,0.673,97.3
0.504,0.686,97.3
0.612,0.682,97.3
0.685,0.671,97.3
0.712,0.661,97.3
0.668,0.649,97.3
0.628,0.63,97.3
0.546,0.599,97.3
0.422,0.574,97.3
0.253,0.523,97.3
0.105,0.438,97.3
0.025,0.334,97.3
0.0,0.285,97.3
0.0,0.272,97.3
0.0,0.255,97.3
0.0,0.243,97.3
0.0,0.223,97.3
0.0,0.203,97.3
0.0,0.211,97.3
0.0,0.254,97.3
0.0,0.308,97.3
0.002,0.309,97.3
0.036,0.243,97.3
0.086,0.206,97.3
0.135,0.241,97.3
0.216,0.362,97.3
0.263,0.436,97.3
0.241,0.503,97.3
0.231,0.54,97.3
0.331,0.565,97.3
0.406,0.621,97.3
0.468,0.7,97.3
0.353,0.753,97.3
0.246,0.778,97.3
0.116,0.773,97.3
0.028,0.782,97.3
0.0,0.8,97.3
0.0,0.822,97.3
0.0,0.838,97.3
0.0,0.827,97.3
0.0,0.8,97.3
0.0,0.767,97.3
0.0,0.729,97.3
0.0,0.672,97.3
0.0,0.627,97.3
0.003,0.582,97.3
0.054,0.513,97.3
0.173,0.591,97.3
0.344,0.654,97.3
0.494,0.645,97.3
0.598,0.606,97.3
0.643,0.544,97.3
0.65,0.469,97.3
0.619,0.395,97.3
0.557,0.328,97.3
0.447,0.274,97.3
0.334,0.231,97.3
0.239,0.19,97.3
0.106,0.144,97.3
0.023,0.112,97.3
0.0,0.111,97.3
0.0,0.126,97.3
0.0,0.181,97.3
0.0,0.256,97.3
0.0,0.286,97.3
0.0,0.286,97.3
0.0,0.302,97.3
0.0,0.317,97.3
0.0,0.315,97.3
0.004,0.291,97.3
0.055,0.202,97.3
0.176,0.187,97.3
0.299,0.239,97.3
0.385,0.27,97.3
0.42,0.281,97.3
0.379,0.281,97.3
0.365,0.267,97.3
0.433,0.259,97.3
0.429,0.249,97.3
0.342,0.227,97.3
0.278,0.195,97.3
0.185,0.167,97.3
0.088,0.139,97.3
0.019,0.128,97.3
0.0,0.139,97.3
0.0,0.138,97.3
0.0,0.129,97.3
0.0,0.115,97.3
0.0,0.101,97.3
0.0,0.09,97.3
0.0,0.082,97.3
0.0,0.073,97.3
0.0,0.064,97.3
0.001,0.054,97.3
0.05,0.037,97.3
0.145,0.03,97.3
0.263,0.028,97.3
0.377,0.028,97.3
0.481,0.031,97.3
0.619,0.039,97.3
0.674,0.053,97.3
0.638,0.066,97.3
0.585,0.072,97.3
0.481,0.071,97.3
0.352,0.065,97.3
0.186,0.058,97.3
0.083,0.049,97.3
0.017,0.056,97.3
0.0,0.078,97.3
0.0,0.107,97.3
0.0,0.136,97.3
0.0,0.145,97.3
0.0,0.129,97.3
0.0,0.101,97.3
0.0,0.069,97.3
0.0,0.059,97.3
0.0,0.086,97.3
0.0,0.125,97.3
0.021,0.131,97.3
0.073,0.137,97.3
0.113,0.157,97.3
0.183,0.17,97.3
0.232,0.168,97.3
0.387,0.148,97.3
0.404,0.126,97.3
0.305,0.116,97.3
0.247,0.112,97.3
0.211,0.104,97.3
0.184,0.095,97.3
0.143,0.084,97.3
0.079,0.074,97.3
0.017,0.077,97.3
0.0,0.086,97.3
0.0,0.101,97.3
0.0,0.111,97.3
0.0,0.112,97.3
0.0,0.101,97.3
0.0,0.081,97.3
0.0,0.061,97.3
0.0,0.045,97.3
0.0,0.036,97.3
0.001,0.03,97.3
0.049,0.019,97.3
0.184,0.008,97.3
0.341,0.007,97.3
0.468,0.008,97.3
0.555,0.01,97.3
0.589,0.01,97.3
0.567,0.008,97.3
0.404,0.007,97.3
0.351,0.005,97.3
0.355,0.002,97.3
0.245,0.001,97.3
0.176,0.003,97.3
0.087,0.005,97.3
0.016,0.012,97.3
0.0,0.024,97.3
0.0,0.033,97.3
0.0,0.039,97.3
0.0,0.041,97.3
0.0,0.039,97.3
0.0,0.031,97.3
0.0,0.021,97.3
0.0,0.012,97.3
0.0,0.007,97.3
0.0,0.008,97.3
0.03,0.009,97.3
0.1,0.006,97.3
0.223,0.005,97.3
0.396,0.01,97.3
0.496,0.023,97.3
0.473,0.041,97.3
0.446,0.057,97.3
0.47,0.068,97.3
0.477,0.079,97.3
0.466,0.093,97.3
0.359,0.109,97.3
0.198,0.12,97.3
0.1,0.128,97.3
0.018,0.191,97.3
0.0,0.328,97.3
0.0,0.425,97.3
0.0,0.422,97.3
0.0,0.402,97.3
0.0,0.436,97.3
0.0,0.467,97.3
0.0,0.506,97.3
0.0,0.451,97.3
0.0,0.396,97.3
0.0,0.407,97.3
0.045,0.395,97.3
0.147,0.467,97.3
0.295,0.568,97.3
0.462,0.667,97.3
0.555,0.73,97.3
0.646,0.768,97.3
0.632,0.783,97.3
0.599,0.79,97.3
0.536,0.801,97.3
0.486,0.791,97.3
0.382,0.748,97.3
0.249,0.669,97.3
0.103,0.566,97.3
0.017,0.476,97.3
0.0,0.415,97.3
0.0,0.369,97.3
0.0,0.343,97.3
0.0,0.318,97.3
0.0,0.302,97.3
0.0,0.279,97.3
0.0,0.261,97.3
0.0,0.256,97.3
0.0,0.259,97.3
0.0,0.266,97.3
0.047,0.22,97.3
0.18,0.21,97.3
0.341,0.337,97.3
0.481,0.415,97.3
0.564,0.445,97.3
0.578,0.459,97.3
0.493,0.474,97.3
0.348,0.519,97.3
0.282,0.568,97.3
0.238,0.532,97.3
0.221,0.468,97.3
0.169,0.407,97.3
0.082,0.376,97.3
0.014,0.41,97.3
0.0,0.413,97.3
0.0,0.415,97.3
0.0,0.468,97.3
0.0,0.578,97.3
0.0,0.663,97.3
0.0,0.699,97.3
0.0,0.716,97.3
0.0,0.72,97.3
0.0,0.704,97.3
0.0,0.653,97.3
0.043,0.632,97.3
0.158,0.65,97.3
0.303,0.692,97.3
0.468,0.692,97.3
0.594,0.703,97.3
0.655,0.713,97.3
0.658,0.729,97.3
0.631,0.748,97.3
0.572,0.755,97.3
0.488,0.756,97.3
0.376,0.746,97.3
0.235,0.703,97.3
0.094,0.584,97.3
0.013,0.513,97.3
0.0,0.512,97.3
0.0,0.483,97.3
0.0,0.442,97.3
0.0,0.424,97.3
0.0,0.404,97.3
0.0,0.382,97.3
0.0,0.362,97.3
0.0,0.362,97.3
0.0,0.373,97.3
0.0,0.36,97.3
0.027,0.28,97.3
0.084,0.261,97.3
0.152,0.364,97.3
0.23,0.508,97.3
0.256,0.59,97.3
0.349,0.623,97.3
0.434,0.664,97.3
0.516,0.7,97.3
0.43,0.704,97.3
0.355,0.648,97.3
0.354,0.56,97.3
0.246,0.449,97.3
0.102,0.314,97.3
0.013,0.277,97.3
0.0,0.311,97.3
0.0,0.338,97.3
0.0,0.349,97.3
0.0,0.36,97.3
0.0,0.352,97.3
0.0,0.355,97.3
0.0,0.367,97.3
0.0,0.38,97.3
0.0,0.374,97.3
0.0,0.344,97.3
0.039,0.245,97.3
0.088,0.169,97.3
0.139,0.166,97.3
0.22,0.186,97.3
0.358,0.201,97.3
0.515,0.209,97.3
0.59,0.234,97.3
0.571,0.249,97.3
0.534,0.241,97.3
0.459,0.214,97.3
0.33,0.181,97.3
0.212,0.139,97.3
0.096,0.096,97.3
0.013,0.074,97.3
0.0,0.054,97.3
0.0,0.035,97.3
0.0,0.022,97.3
0.0,0.021,97.3
0.0,0.033,97.3
0.0,0.059,97.3
0.0,0.093,97.3
0.0,0.126,97.3
0.0,0.152,97.3
0.0,0.169,97.3
0.033,0.153,97.3
0.138,0.1,97.3
0.337,0.115,97.3
0.466,0.133,97.3
0.595,0.136,97.3
0.654,0.131,97.3
0.667,0.114,97.3
0.691,0.092,97.3
0.631,0.072,97.3
0.55,0.066,97.3
0.42,0.063,97.3
0.256,0.058,97.3
0.096,0.051,97.3
0.011,0.039,97.3
0.0,0.023,97.3
0.0,0.011,97.3
0.0,0.009,97.3
0.0,0.013,97.3
0.0,0.02,97.3
0.0,0.036,97.3
0.0,0.057,97.3
0.0,0.069,97.3
0.0,0.081,97.3
0.0,0.098,97.3
0.04,0.104,97.3
0.131,0.059,97.3
0.206,0.05,97.3
0.238,0.051,97.3
0.255,0.047,97.3
0.333,0.045,97.3
0.286,0.048,97.3
0.259,0.042,97.3
0.287,0.037,97.3
0.226,0.034,97.3
0.122,0.028,97.3
0.123,0.028,97.3
0.089,0.022,97.3
0.01,0.019,97.3
0.0,0.039,97.3
0.0,0.061,97.3
0.0,0.07,97.3
0.0,0.058,97.3
0.0,0.036,97.3
0.0,0.027,97.3
0.0,0.039,97.3
0.0,0.079,97.3
0.0,0.137,97.3
0.0,0.194,97.3
0.031,0.172,97.3
0.101,0.136,97.3
0.277,0.21,97.3
0.494,0.279,97.3
0.594,0.332,97.3
0.619,0.37,97.3
0.56,0.388,97.3
0.512,0.376,97.3
0.579,0.346,97.3
0.453,0.338,97.3
0.381,0.312,97.3
0.253,0.281,97.3
0.093,0.216,97.3
0.009,0.185,97.3
0.0,0.185,97.3
0.0,0.201,97.3
0.0,0.22,97.3
0.0,0.227,97.3
0.0,0.218,97.3
0.0,0.218,97.3
0.0,0.236,97.3
0.0,0.266,97.3
0.0,0.289,97.3
0.0,0.292,97.3
0.029,0.22,97.3
0.172,0.142,97.3
0.348,0.148,97.3
0.502,0.167,97.3
0.616,0.186,97.3
0.687,0.202,97.3
0.716,0.211,97.3
0.703,0.208,97.3
0.649,0.195,97.3
0.553,0.176,97.3
0.419,0.146,97.3
0.253,0.11,97.3
0.089,0.076,97.3
0.005,0.056,97.3
0.0,0.033,97.3
0.0,0.013,97.3
0.0,0.005,97.3
0.0,0.011,97.3
0.0,0.037,97.3
0.0,0.077,97.3
0.0,0.123,97.3
0.0,0.174,97.3
0.0,0.222,97.3
0.0,0.259,97.3
0.027,0.245,97.3
0.139,0.153,97.3
0.334,0.144,97.3
0.503,0.192,97.3
0.613,0.22,97.3
0.666,0.241,97.3
0.647,0.274,97.3
0.582,0.294,97.3
0.466,0.301,97.3
0.352,0.303,97.3
0.324,0.321,97.3
0.228,0.364,97.3
0.084,0.42,97.3
0.005,0.491,97.3
0.0,0.523,97.3
0.0,0.49,97.3
0.0,0.47,97.3
0.0,0.486,97.3
0.0,0.491,97.3
0.0,0.435,97.3
0.0,0.433,97.3
0.0,0.457,97.3
0.0,0.479,97.3
0.0,0.491,97.3
0.029,0.468,97.3
0.069,0.464,97.3
0.137,0.511,97.3
0.24,0.594,97.3
0.42,0.63,97.3
0.485,0.647,97.3
0.405,0.665,97.3
0.256,0.666,97.3
0.16,0.644,97.3
0.134,0.565,97.3
0.178,0.5,97.3
0.2,0.519,97.3
0.09,0.491,97.3
0.005,0.429,97.3
0.0,0.381,97.3
0.0,0.346,97.3
0.0,0.365,97.3
0.0,0.368,97.3
0.0,0.362,97.3
0.0,0.355,97.3
0.0,0.362,97.3
0.0,0.397,97.3
0.0,0.415,97.3
0.0,0.397,97.3
0.035,0.325,97.3
0.133,0.288,97.3
0.203,0.364,97.3
0.276,0.486,97.3
0.338,0.556,97.3
0.332,0.566,97.3
0.236,0.554,97.3
0.173,0.51,97.3
0.17,0.45,97.3
0.159,0.404,97.3
0.116,0.362,97.3
0.083,0.296,97.3
0.05,0.225,97.3
0.002,0.223,97.3
0.0,0.282,97.3
0.0,0.306,97.3
0.0,0.306,97.3
0.0,0.308,97.3
0.0,0.306,97.3
0.0,0.314,97.3
0.0,0.311,97.3
0.0,0.291,97.3
0.0,0.272,97.3
0.0,0.263,97.3
0.03,0.225,97.3
0.115,0.163,97.3
0.206,0.176,97.3
0.322,0.207,97.3
0.471,0.259,97.3
0.543,0.3,97.3
0.542,0.34,97.3
0.533,0.379,97.3
0.471,0.413,97.3
0.372,0.424,97.3
0.306,0.416,97.3
0.142,0.362,97.3
0.052,0.292,97.3
0.0,0.314,97.3
0.0,0.391,97.3
0.0,0.42,97.3
0.0,0.438,97.3
0.0,0.466,97.3
0.0,0.446,97.3
0.0,0.407,97.3
0.0,0.384,97.3
0.0,0.358,97.3
0.0,0.346,97.3
0.0,0.33,97.3
0.023,0.293,97.3
0.111,0.291,97.3
0.23,0.358,97.3
0.319,0.38,97.3
0.453,0.372,97.3
0.534,0.352,97.3
0.633,0.337,97.3
0.602,0.332,97.3
0.522,0.332,97.3
0.393,0.326,97.3
0.32,0.312,97.3
0.141,0.286,97.3
0.041,0.249,97.3
0.0,0.229,97.3
0.0,0.229,97.3
0.0,0.232,97.3
0.0,0.248,97.3
0.0,0.268,97.3
0.0,0.271,97.3
0.0,0.266,97.3
0.0,0.261,97.3
0.0,0.284,97.3
0.0,0.298,97.3
0.0,0.299,97.3
0.027,0.254,97.3
0.14,0.198,97.3
0.293,0.255,97.3
0.471,0.274,97.3
0.588,0.285,97.3
0.653,0.288,97.3
0.672,0.274,97.3
0.658,0.249,97.3
0.597,0.218,97.3
0.488,0.186,97.3
0.309,0.155,97.3
0.144,0.123,97.3
0.053,0.092,97.3
0.0,0.074,97.3
0.0,0.05,97.3
0.0,0.026,97.3
0.0,0.011,97.3
0.0,0.005,97.3
0.0,0.004,97.3
0.0,0.009,97.3
0.0,0.021,97.3
0.0,0.038,97.3
0.0,0.061,97.3
0.0,0.089,97.3
0.026,0.105,97.3
0.126,0.066,97.3
0.264,0.055,97.3
0.41,0.065,97.3
0.488,0.065,97.3
0.417,0.069,97.3
0.336,0.075,97.3
0.285,0.075,97.3
0.273,0.072,97.3
0.222,0.065,97.3
0.137,0.058,97.3
0.067,0.053,97.3
0.011,0.051,97.3
0.0,0.073,97.3
0.0,0.12,97.3
0.0,0.187,97.3
0.0,0.231,97.3
0.0,0.245,97.3
0.0,0.32,97.3
0.0,0.389,97.3
0.0,0.396,97.3
0.0,0.394,97.3
0.0,0.378,97.3
0.0,0.381,97.3
0.026,0.367,97.3
0.139,0.305,97.3
0.283,0.378,97.3
0.341,0.434,97.3
0.362,0.432,97.3
0.316,0.42,97.3
0.291,0.403,97.3
0.327,0.397,97.3
0.326,0.409,97.3
0.257,0.429,97.3
0.15,0.43,97.3
0.084,0.401,97.3
0.023,0.4,97.3
0.0,0.454,97.3
0.0,0.485,97.3
0.0,0.513,97.3
0.0,0.533,97.3
0.0,0.532,97.3
0.0,0.526,97.3
0.0,0.503,97.3
0.0,0.476,97.3
0.0,0.452,97.3
0.0,0.468,97.3
0.0,0.472,97.3
0.017,0.45,97.3
0.1,0.411,97.3
0.22,0.416,97.3
0.363,0.457,97.3
0.507,0.449,97.3
0.625,0.414,97.3
0.653,0.386,97.3
0.594,0.376,97.3
0.493,0.379,97.3
0.417,0.385,97.3
0.281,0.389,97.3
0.163,0.367,97.3
0.058,0.349,97.3
0.0,0.394,97.3
0.0,0.415,97.3
0.0,0.379,97.3
0.0,0.37,97.3
0.0,0.354,97.3
0.0,0.349,97.3
0.0,0.364,97.3
0.0,0.358,97.3
0.0,0.362,97.3
0.0,0.376,97.3
0.0,0.395,97.3
0.02,0.346,97.3
0.161,0.242,97.3
0.341,0.228,97.3
0.498,0.284,97.3
0.611,0.331,97.3
0.679,0.359,97.3
0.705,0.391,97.3
0.694,0.429,97.3
0.638,0.446,97.3
0.525,0.443,97.3
0.362,0.455,97.3
0.216,0.458,97.3
0.067,0.395,97.3
0.0,0.375,97.3
0.0,0.404,97.3
0.0,0.4,97.3
0.0,0.379,97.3
0.0,0.352,97.3
0.0,0.307,97.3
0.0,0.286,97.3
0.0,0.286,97.3
0.0,0.274,97.3
0.0,0.257,97.3
0.0,0.237,97.3
0.018,0.181,97.3
0.164,0.074,97.3
0.345,0.051,97.3
0.497,0.093,97.3
0.61,0.087,97.3
0.68,0.073,97.3
0.709,0.072,97.3
0.694,0.087,97.3
0.639,0.115,97.3
0.538,0.154,97.3
0.392,0.201,97.3
0.217,0.259,97.3
0.061,0.32,97.3
0.0,0.361,97.3
0.0,0.329,97.3
0.0,0.281,97.3
0.0,0.264,97.3
0.0,0.263,97.3
0.0,0.278,97.3
0.0,0.296,97.3
0.0,0.317,97.3
0.0,0.354,97.3
0.0,0.349,97.3
0.0,0.359,97.3
0.012,0.332,97.3
0.072,0.28,97.3
0.141,0.332,97.3
0.244,0.388,97.3
0.32,0.395,97.3
0.263,0.401,97.3
0.268,0.416,97.3
0.294,0.457,97.3
0.312,0.502,97.3
0.226,0.529,97.3
0.182,0.51,97.3
0.111,0.444,97.3
0.033,0.367,97.3
0.0,0.367,97.3
0.0,0.367,97.3
0.0,0.343,97.3
0.0,0.327,97.3
0.0,0.312,97.3
0.0,0.293,97.3
0.0,0.277,97.3
0.0,0.272,97.3
0.0,0.285,97.3
0.0,0.291,97.3
0.0,0.285,97.3
0.017,0.279,97.3
0.119,0.2,97.3
0.26,0.248,97.3
0.437,0.316,97.3
0.591,0.341,97.3
0.658,0.376,97.3
0.683,0.434,97.3
0.659,0.49,97.3
0.604,0.538,97.3
0.51,0.574,97.3
0.356,0.593,97.3
0.19,0.571,97.3
0.059,0.484,97.3
0.0,0.422,97.3
0.0,0.388,97.3
0.0,0.364,97.3
0.0,0.355,97.3
0.0,0.356,97.3
0.0,0.353,97.3
0.0,0.349,97.3
0.0,0.341,97.3
0.0,0.337,97.3
0.0,0.335,97.3
0.0,0.329,97.3
0.018,0.3,97.3
0.126,0.223,97.3
0.259,0.286,97.3
0.379,0.344,97.3
0.469,0.367,97.3
0.552,0.376,97.3
0.633,0.4,97.3
0.588,0.434,97.3
0.53,0.47,97.3
0.389,0.516,97.3
0.3,0.571,97.3
0.126,0.571,97.3
0.038,0.547,97.3
0.0,0.513,97.3
0.0,0.46,97.3
0.0,0.422,97.3
0.0,0.385,97.3
0.0,0.364,97.3
0.0,0.334,97.3
0.0,0.313,97.3
0.0,0.316,97.3
0.0,0.336,97.3
0.0,0.36,97.3
0.0,0.379,97.3
0.012,0.367,97.3
0.1,0.328,97.3
0.222,0.4,97.3
0.331,0.432,97.3
0.422,0.452,97.3
0.418,0.494,97.3
0.282,0.539,97.3
0.209,0.568,97.3
0.207,0.583,97.3
0.205,0.583,97.3
0.164,0.561,97.3
0.098,0.496,97.3
0.033,0.407,97.3
0.0,0.413,97.3
0.0,0.359,97.3
0.0,0.326,97.3
0.0,0.341,97.3
0.0,0.356,97.3
0.0,0.381,97.3
0.0,0.336,97.3
0.0,0.348,97.3
0.0,0.313,97.3
0.0,0.317,97.3
0.0,0.323,97.3
0.012,0.286,97.3
0.099,0.2,97.3
0.214,0.245,97.3
0.344,0.323,97.3
0.516,0.323,97.3
0.585,0.316,97.3
0.635,0.332,97.3
0.626,0.376,97.3
0.573,0.432,97.3
0.443,0.479,97.3
0.323,0.508,97.3
0.172,0.519,97.3
0.046,0.516,97.3
0.0,0.494,97.3
0.0,0.447,97.3
0.0,0.364,97.3
0.0,0.349,97.3
0.0,0.319,97.3
0.0,0.294,97.3
0.0,0.296,97.3
0.0,0.298,97.3
0.0,0.305,97.3
0.0,0.289,97.3
0.0,0.264,97.3
0.011,0.222,97.3
0.111,0.145,97.3
0.263,0.142,97.3
0.43,0.155,97.3
0.559,0.159,97.3
0.657,0.168,97.3
0.695,0.188,97.3
0.679,0.21,97.3
0.626,0.243,97.3
0.521,0.289,97.3
0.354,0.344,97.3
0.161,0.379,97.3
0.039,0.401,97.3
0.0,0.413,97.3
0.0,0.395,97.3
0.0,0.35,97.3
0.0,0.317,97.3
0.0,0.281,97.3
0.0,0.259,97.3
0.0,0.243,97.3
0.0,0.22,97.3
0.0,0.201,97.3
0.0,0.167,97.3
0.0,0.131,97.3
0.004,0.101,97.3
0.072,0.076,97.3
0.182,0.097,97.3
0.372,0.095,97.3
0.565,0.083,97.3
0.654,0.072,97.3
0.707,0.069,97.3
0.685,0.074,97.3
0.632,0.084,97.3
0.529,0.092,97.3
0.384,0.101,97.3
0.203,0.111,97.3
0.043,0.126,97.3
0.0,0.175,97.3
0.0,0.213,97.3
0.0,0.223,97.3
0.0,0.209,97.3
0.0,0.179,97.3
0.0,0.148,97.3
0.0,0.125,97.3
0.0,0.113,97.3
0.0,0.114,97.3
0.0,0.128,97.3
0.0,0.155,97.3
0.008,0.163,97.3
0.116,0.103,97.3
0.298,0.131,97.3
0.46,0.142,97.3
0.596,0.131,97.3
0.672,0.118,97.3
0.703,0.112,97.3
0.679,0.113,97.3
0.621,0.121,97.3
0.519,0.133,97.3
0.373,0.152,97.3
0.2,0.168,97.3
0.046,0.209,97.3
0.0,0.318,97.3
0.0,0.391,97.3
0.0,0.399,97.3
0.0,0.379,97.3
0.0,0.352,97.3
0.0,0.328,97.3
0.0,0.309,97.3
0.0,0.3,97.3
0.0,0.3,97.3
0.0,0.292,97.3
0.0,0.281,97.3
0.008,0.251,97.3
0.138,0.136,97.3
0.322,0.101,97.3
0.483,0.138,97.3
0.598,0.167,97.3
0.668,0.14,97.3
0.695,0.107,97.3
0.68,0.088,97.3
0.622,0.084,97.3
0.52,0.097,97.3
0.375,0.12,97.3
0.201,0.159,97.3
0.044,0.249,97.3
0.0,0.39,97.3
0.0,0.451,97.3
0.0,0.433,97.3
0.0,0.419,97.3
0.0,0.413,97.3
0.0,0.398,97.3
0.0,0.367,97.3
0.0,0.348,97.3
0.0,0.376,97.3
0.0,0.357,97.3
0.0,0.343,97.3
0.005,0.312,97.3
0.133,0.243,97.3
0.315,0.233,97.3
0.478,0.218,97.3
0.593,0.201,97.3
0.666,0.174,97.3
0.69,0.138,97.3
0.666,0.106,97.3
0.604,0.083,97.3
0.499,0.073,97.3
0.354,0.083,97.3
0.184,0.114,97.3
0.038,0.195,97.3
0.0,0.337,97.3
0.0,0.402,97.3
0.0,0.386,97.3
0.0,0.348,97.3
0.0,0.314,97.3
0.0,0.278,97.3
0.0,0.264,97.3
0.0,0.257,97.3
0.0,0.246,97.3
0.0,0.228,97.3
0.0,0.207,97.3
0.004,0.178,97.3
0.126,0.091,97.3
0.304,0.047,97.3
0.465,0.066,97.3
0.582,0.067,97.3
0.653,0.053,97.3
0.68,0.034,97.3
0.67,0.019,97.3
0.613,0.013,97.3
0.512,0.015,97.3
0.368,0.023,97.3
0.194,0.041,97.3
0.039,0.09,97.3
0.0,0.181,97.3
0.0,0.264,97.3
0.0,0.3,97.3
0.0,0.291,97.3
0.0,0.252,97.3
0.0,0.199,97.3
0.0,0.141,97.3
0.0,0.093,97.3
0.0,0.058,97.3
0.0,0.036,97.3
0.0,0.026,97.3
0.004,0.025,97.3
0.132,0.023,97.3
0.315,0.013,97.3
0.474,0.012,97.3
0.583,0.017,97.3
0.65,0.014,97.3
0.673,0.011,97.3
0.652,0.008,97.3
0.591,0.006,97.3
0.463,0.007,97.3
0.274,0.015,97.3
0.096,0.045,97.3
0.013,0.096,97.3
0.0,0.151,97.3
0.0,0.192,97.3
0.0,0.215,97.3
0.0,0.228,97.3
0.0,0.237,97.3
0.0,0.228,97.3
0.0,0.207,97.3
0.0,0.184,97.3
0.0,0.162,97.3
0.0,0.141,97.3
0.0,0.121,97.3
0.002,0.103,97.3
0.114,0.074,97.3
0.283,0.033,97.3
0.44,0.025,97.3
0.567,0.057,97.3
0.641,0.064,97.3
0.667,0.073,97.3
0.654,0.084,97.3
0.596,0.097,97.3
0.494,0.113,97.3
0.352,0.141,97.3
0.182,0.18,97.3
0.033,0.245,97.3
0.0,0.352,97.3
0.0,0.414,97.3
0.0,0.425,97.3
0.0,0.424,97.3
0.0,0.414,97.3
0.0,0.392,97.3
0.0,0.358,97.3
0.0,0.321,97.3
0.0,0.294,97.3
0.0,0.274,97.3
0.0,0.27,97.3
0.001,0.277,97.3
0.122,0.188,97.3
0.303,0.1,97.3
0.464,0.089,97.3
0.578,0.187,97.3
0.648,0.21,97.3
0.676,0.212,97.3
0.663,0.228,97.3
0.608,0.259,97.3
0.508,0.288,97.3
0.362,0.287,97.3
0.186,0.27,97.3
0.032,0.328,97.3
0.0,0.429,97.3
0.0,0.483,97.3
0.0,0.494,97.3
0.0,0.485,97.3
0.0,0.464,97.3
0.0,0.44,97.3
0.0,0.44,97.3
0.0,0.422,97.3
0.0,0.37,97.3
0.0,0.305,97.3
0.0,0.28,97.3
0.001,0.285,97.3
0.094,0.229,97.3
0.205,0.214,97.3
0.308,0.238,97.3
0.415,0.234,97.3
0.505,0.231,97.3
0.496,0.214,97.3
0.443,0.179,97.3
0.359,0.158,97.3
0.18,0.158,97.3
0.065,0.158,97.3
0.021,0.186,97.3
0.0,0.242,97.3
0.0,0.295,97.3
0.0,0.326,97.3
0.0,0.331,97.3
0.0,0.319,97.3
0.0,0.315,97.3
0.0,0.317,97.3
0.0,0.323,97.3
0.0,0.328,97.3
0.0,0.297,97.3
0.0,0.27,97.3
0.0,0.256,97.3
0.0,0.251,97.3
0.063,0.202,97.3
0.184,0.161,97.3
0.329,0.231,97.3
0.393,0.295,97.3
0.298,0.311,97.3
0.249,0.297,97.3
0.234,0.274,97.3
0.213,0.243,97.3
0.204,0.214,97.3
0.197,0.191,97.3
0.118,0.144,97.3
0.021,0.135,97.3
0.0,0.182,97.3
0.0,0.241,97.3
0.0,0.294,97.3
0.0,0.316,97.3
0.0,0.301,97.3
0.0,0.305,97.3
0.0,0.328,97.3
0.0,0.357,97.3
0.0,0.376,97.3
0.0,0.379,97.3
0.0,0.378,97.3
0.0,0.391,97.3
0.083,0.341,97.3
0.184,0.362,97.3
0.247,0.421,97.3
0.333,0.442,97.3
0.463,0.43,97.3
0.596,0.41,97.3
0.583,0.365,97.3
0.424,0.321,97.3
0.217,0.285,97.3
0.209,0.272,97.3
0.095,0.238,97.3
0.013,0.241,97.3
0.0,0.278,97.3
0.0,0.289,97.3
0.0,0.311,97.3
0.0,0.313,97.3
0.0,0.297,97.3
0.0,0.261,97.3
0.0,0.251,97.3
0.0,0.267,97.3
0.0,0.294,97.3
0.0,0.308,97.3
0.0,0.311,97.3
0.0,0.299,97.3
0.063,0.216,97.3
0.171,0.167,97.3
0.303,0.167,97.3
0.433,0.124,97.3
0.511,0.092,97.3
0.562,0.075,97.3
0.558,0.072,97.3
0.381,0.08,97.3
0.271,0.093,97.3
0.175,0.106,97.3
0.071,0.133,97.3
0.015,0.178,97.3
0.0,0.238,97.3
0.0,0.256,97.3
0.0,0.232,97.3
0.0,0.2,97.3
0.0,0.171,97.3
0.0,0.148,97.3
0.0,0.135,97.3
0.0,0.127,97.3
0.0,0.113,97.3
0.0,0.09,97.3
0.0,0.072,97.3
0.0,0.072,97.3
0.076,0.058,97.3
0.202,0.051,97.3
0.273,0.049,97.3
0.34,0.051,97.3
0.35,0.058,97.3
0.356,0.063,97.3
0.351,0.076,97.3
0.322,0.086,97.3
0.251,0.093,97.3
0.162,0.104,97.3
0.095,0.121,97.3
0.013,0.185,97.3
0.0,0.293,97.3
0.0,0.367,97.3
0.0,0.388,97.3
0.0,0.375,97.3
0.0,0.352,97.3
0.0,0.328,97.3
0.0,0.302,97.3
0.0,0.278,97.3
0.0,0.252,97.3
0.0,0.254,97.3
0.0,0.267,97.3
0.0,0.278,97.3
0.091,0.192,97.3
0.246,0.102,97.3
0.294,0.084,97.3
0.258,0.106,97.3
0.223,0.124,97.3
0.187,0.126,97.3
0.178,0.122,97.3
0.176,0.123,97.3
0.119,0.133,97.3
0.058,0.134,97.3
0.017,0.143,97.3
0.0,0.193,97.3
0.0,0.249,97.3
0.0,0.277,97.3
0.0,0.28,97.3
0.0,0.279,97.3
0.0,0.264,97.3
0.0,0.249,97.3
0.0,0.22,97.3
0.0,0.179,97.3
0.0,0.135,97.3
0.0,0.088,97.3
0.0,0.057,97.3
0.0,0.048,97.3
0.057,0.055,97.3
0.175,0.062,97.3
0.352,0.088,97.3
0.49,0.112,97.3
0.574,0.136,97.3
0.629,0.177,97.3
0.606,0.225,97.3
0.574,0.272,97.3
0.472,0.312,97.3
0.322,0.337,97.3
0.136,0.341,97.3
0.01,0.32,97.3
0.0,0.301,97.3
0.0,0.272,97.3
0.0,0.256,97.3
0.0,0.249,97.3
0.0,0.222,97.3
0.0,0.17,97.3
0.0,0.144,97.3
0.0,0.159,97.3
0.0,0.201,97.3
0.0,0.245,97.3
0.0,0.264,97.3
0.0,0.256,97.3
0.097,0.188,97.3
0.284,0.133,97.3
0.44,0.139,97.3
0.542,0.143,97.3
0.583,0.149,97.3
0.619,0.153,97.3
0.645,0.147,97.3
0.59,0.146,97.3
0.485,0.146,97.3
0.333,0.134,97.3
0.146,0.106,97.3
0.013,0.085,97.3
0.0,0.067,97.3
0.0,0.051,97.3
0.0,0.045,97.3
0.0,0.05,97.3
0.0,0.073,97.3
0.0,0.108,97.3
0.0,0.148,97.3
0.0,0.182,97.3
0.0,0.204,97.3
0.0,0.209,97.3
0.0,0.202,97.3
0.0,0.201,97.3
0.089,0.175,97.3
0.268,0.111,97.3
0.441,0.119,97.3
0.561,0.118,97.3
0.618,0.109,97.3
0.609,0.096,97.3
0.582,0.079,97.3
0.518,0.059,97.3
0.412,0.038,97.3
0.258,0.022,97.3
0.106,0.013,97.3
0.008,0.009,97.3
0.0,0.007,97.3
0.0,0.006,97.3
0.0,0.006,97.3
0.0,0.007,97.3
0.0,0.008,97.3
0.0,0.011,97.3
0.0,0.013,97.3
0.0,0.017,97.3
0.0,0.021,97.3
0.0,0.031,97.3
0.0,0.047,97.3
0.0,0.068,97.3
0.064,0.083,97.3
0.223,0.053,97.3
0.398,0.047,97.3
0.511,0.069,97.3
0.589,0.067,97.3
0.618,0.063,97.3
0.595,0.063,97.3
0.509,0.07,97.3
0.392,0.086,97.3
0.186,0.111,97.3
0.065,0.147,97.3
0.003,0.248,97.3
0.0,0.355,97.3
0.0,0.374,97.3
0.0,0.358,97.3
0.0,0.343,97.3
0.0,0.318,97.3
0.0,0.283,97.3
0.0,0.257,97.3
0.0,0.233,97.3
0.0,0.227,97.3
0.0,0.219,97.3
0.0,0.214,97.3
0.0,0.21,97.3
0.043,0.145,97.3
0.148,0.079,97.3
0.297,0.069,97.3
0.433,0.064,97.3
0.517,0.056,97.3
0.54,0.048,97.3
0.488,0.034,97.3
0.387,0.023,97.3
0.263,0.017,97.3
0.145,0.015,97.3
0.05,0.019,97.3
0.0,0.038,97.3
0.0,0.071,97.3
0.0,0.093,97.3
0.0,0.103,97.3
0.0,0.097,97.3
0.0,0.078,97.3
0.0,0.065,97.3
0.0,0.062,97.3
0.0,0.065,97.3
0.0,0.072,97.3
0.0,0.087,97.3
0.0,0.107,97.3
0.0,0.125,97.3
0.034,0.121,97.3
0.119,0.121,97.3
0.235,0.138,97.3
0.349,0.118,97.3
0.434,0.097,97.3
0.506,0.103,97.3
0.531,0.122,97.3
0.529,0.144,97.3
0.42,0.169,97.3
0.297,0.195,97.3
0.133,0.219,97.3
0.007,0.274,97.3
0.0,0.354,97.3
0.0,0.375,97.3
0.0,0.352,97.3
0.0,0.324,97.3
0.0,0.288,97.3
0.0,0.258,97.3
0.0,0.233,97.3
0.0,0.195,97.3
0.0,0.158,97.3
0.0,0.133,97.3
0.0,0.111,97.3
0.0,0.092,97.3
0.093,0.065,97.3
0.287,0.024,97.3
0.457,0.036,97.3
0.545,0.052,97.3
0.476,0.041,97.3
0.453,0.028,97.3
0.526,0.012,97.3
0.494,0.012,97.3
0.398,0.019,97.3
0.194,0.019,97.3
0.087,0.014,97.3
0.004,0.009,97.3
0.0,0.015,97.3
0.0,0.028,97.3
0.0,0.04,97.3
0.0,0.047,97.3
0.0,0.058,97.3
0.0,0.082,97.3
0.0,0.109,97.3
0.0,0.123,97.3
0.0,0.126,97.3
0.0,0.131,97.3
0.0,0.143,97.3
0.0,0.161,97.3
0.058,0.169,97.3
0.166,0.108,97.3
0.274,0.066,97.3
0.429,0.062,97.3
0.572,0.058,97.3
0.653,0.058,97.3
0.669,0.06,97.3
0.613,0.061,97.3
0.504,0.063,97.3
0.348,0.068,97.3
0.156,0.08,97.3
0.006,0.112,97.3
0.0,0.144,97.3
0.0,0.174,97.3
0.0,0.208,97.3
0.0,0.259,97.3
0.0,0.331,97.3
0.0,0.395,97.3
0.0,0.431,97.3
0.0,0.444,97.3
0.0,0.449,97.3
0.0,0.459,97.3
0.0,0.467,97.3
0.0,0.478,97.3
0.078,0.428,97.3
0.273,0.311,97.3
0.45,0.454,97.3
0.574,0.551,97.3
0.655,0.541,97.3
0.687,0.525,97.3
0.667,0.51,97.3
0.586,0.498,97.3
0.418,0.481,97.3
0.236,0.457,97.3
0.071,0.372,97.3
0.0,0.352,97.3
0.0,0.367,97.3
0.0,0.352,97.3
0.0,0.33,97.3
0.0,0.306,97.3
0.0,0.276,97.3
0.0,0.27,97.3
0.0,0.278,97.3
0.0,0.284,97.3
0.0,0.308,97.3
0.0,0.331,97.3
0.0,0.346,97.3
0.0,0.365,97.3
0.059,0.337,97.3
0.214,0.283,97.3
0.355,0.341,97.3
0.469,0.38,97.3
0.577,0.387,97.3
0.578,0.401,97.3
0.596,0.41,97.3
0.544,0.407,97.3
0.448,0.4,97.3
0.272,0.388,97.3
0.114,0.361,97.3
0.002,0.345,97.3
0.0,0.381,97.3
0.0,0.395,97.3
0.0,0.379,97.3
0.0,0.358,97.3
0.0,0.35,97.3
0.0,0.352,97.3
0.0,0.341,97.3
0.0,0.362,97.3
0.0,0.352,97.3
0.0,0.328,97.3
0.0,0.32,97.3
0.0,0.321,97.3
0.063,0.261,97.3
0.246,0.175,97.3
0.422,0.16,97.3
0.531,0.136,97.3
0.588,0.115,97.3
0.594,0.093,97.3
0.565,0.071,97.3
0.514,0.057,97.3
0.434,0.056,97.3
0.312,0.064,97.3
0.136,0.071,97.3
0.001,0.077,97.3
0.0,0.093,97.3
0.0,0.127,97.3
0.0,0.168,97.3
0.0,0.196,97.3
0.0,0.204,97.3
0.0,0.193,97.3
0.0,0.167,97.3
0.0,0.149,97.3
0.0,0.189,97.3
0.0,0.277,97.3
0.0,0.278,97.3
0.0,0.268,97.3
0.039,0.249,97.3
0.15,0.161,97.3
0.327,0.156,97.3
0.476,0.251,97.3
0.506,0.264,97.3
0.448,0.251,97.3
0.4,0.233,97.3
0.349,0.227,97.3
0.226,0.229,97.3
0.096,0.241,97.3
0.039,0.274,97.3
0.0,0.328,97.3
0.0,0.384,97.3
0.0,0.376,97.3
0.0,0.338,97.3
0.0,0.292,97.3
0.0,0.272,97.3
0.0,0.286,97.3
0.0,0.309,97.3
0.0,0.323,97.3
0.0,0.328,97.3
0.0,0.343,97.3
0.0,0.364,97.3
0.0,0.398,97.3
0.0,0.432,97.3
0.022,0.413,97.3
0.122,0.422,97.3
0.222,0.674,97.3
0.162,0.777,97.3
0.175,0.792,97.3
0.151,0.771,97.3
0.157,0.729,97.3
0.253,0.771,97.3
0.278,0.704,97.3
0.133,0.555,97.3
0.0,0.476,97.3
0.0,0.458,97.3
0.0,0.444,97.3
0.0,0.416,97.3
0.0,0.41,97.3
0.0,0.412,97.3
0.0,0.408,97.3
0.0,0.376,97.3
0.0,0.324,97.3
0.0,0.311,97.3
0.0,0.337,97.3
0.0,0.339,97.3
0.0,0.311,97.3
0.022,0.261,97.3
0.1,0.176,97.3
0.187,0.149,97.3
0.239,0.239,97.3
0.254,0.289,97.3
0.305,0.326,97.3
0.448,0.352,97.3
0.533,0.364,97.3
0.444,0.368,97.3
0.273,0.364,97.3
0.091,0.328,97.3
0.0,0.384,97.3
0.0,0.459,97.3
0.0,0.47,97.3
0.0,0.457,97.3
0.0,0.46,97.3
0.0,0.463,97.3
0.0,0.51,97.3
0.0,0.512,97.3
0.0,0.511,97.3
0.0,0.561,97.3
0.0,0.601,97.3
0.0,0.555,97.3
0.0,0.501,97.3
0.007,0.476,97.3
0.098,0.498,97.3
0.225,0.593,97.3
0.363,0.666,97.3
0.446,0.686,97.3
0.44,0.697,97.3
0.493,0.713,97.3
0.435,0.715,97.3
0.331,0.722,97.3
0.164,0.682,97.3
0.04,0.578,97.3
0.0,0.51,97.3
0.0,0.516,97.3
0.0,0.526,97.3
0.0,0.501,97.3
0.0,0.468,97.3
0.0,0.447,97.3
0.0,0.43,97.3
0.0,0.431,97.3
0.0,0.439,97.3
0.0,0.437,97.3
0.0,0.422,97.3
0.0,0.413,97.3
0.0,0.407,97.3
0.022,0.367,97.3
0.105,0.261,97.3
0.314,0.298,97.3
0.512,0.407,97.3
0.592,0.466,97.3
0.611,0.538,97.3
0.571,0.591,97.3
0.456,0.628,97.3
0.172,0.622,97.3
0.078,0.581,97.3
0.017,0.57,97.3
0.0,0.574,97.3
0.0,0.568,97.3
0.0,0.552,97.3
0.0,0.578,97.3
0.0,0.58,97.3
0.0,0.58,97.3
0.0,0.561,97.3
0.0,0.59,97.3
0.0,0.628,97.3
0.0,0.663,97.3
0.0,0.679,97.3
0.0,0.666,97.3
0.0,0.676,97.3
0.02,0.637,97.3
0.102,0.599,97.3
0.152,0.711,97.3
0.172,0.758,97.3
0.218,0.769,97.3
0.268,0.785,97.3
0.179,0.77,97.3
0.107,0.739,97.3
0.059,0.678,97.3
0.019,0.658,97.3
0.0,0.668,97.3
0.0,0.682,97.3
0.0,0.679,97.3
0.0,0.647,97.3
0.0,0.58,97.3
0.0,0.54,97.3
0.0,0.468,97.3
0.0,0.413,97.3
0.0,0.378,97.3
0.0,0.346,97.3
0.0,0.341,97.3
0.0,0.322,97.3
0.0,0.316,97.3
0.0,0.329,97.3
0.008,0.302,97.3
0.049,0.256,97.3
0.079,0.255,97.3
0.083,0.277,97.3
0.087,0.331,97.3
0.092,0.42,97.3
0.084,0.523,97.3
0.073,0.603,97.3
0.057,0.697,97.3
0.06,0.817,97.3
0.019,0.889,97.3
0.0,0.924,97.3
0.0,0.951,97.3
0.0,0.958,97.3
0.0,0.975,97.3
0.0,0.985,97.3
0.0,0.978,97.3
0.0,0.958,97.3
0.0,0.92,97.3
0.0,0.899,97.3
0.0,0.863,97.3
0.0,0.794,97.3
0.0,0.795,97.3
0.0,0.822,97.3
0.0,0.815,97.3
0.004,0.72,97.3
0.024,0.5,97.3
0.047,0.488,97.3
0.134,0.395,97.3
0.125,0.264,97.3
0.13,0.266,97.3
0.12,0.358,97.3
0.087,0.403,97.3
0.056,0.388,97.3
0.024,0.394,97.3
0.0,0.456,97.3
0.0,0.491,97.3
0.0,0.516,97.3
0.0,0.5,97.3
0.0,0.509,97.3
0.0,0.538,97.3
0.0,0.537,97.3
0.0,0.511,97.3
0.0,0.495,97.3
0.0,0.481,97.3
0.0,0.446,97.3
0.0,0.432,97.3
0.0,0.459,97.3
0.037,0.475,97.3
0.234,0.398,97.3
0.416,0.527,97.3
0.525,0.651,97.3
0.571,0.695,97.3
0.592,0.712,97.3
0.602,0.704,97.3
0.549,0.693,97.3
0.433,0.672,97.3
0.272,0.625,97.3
0.09,0.539,97.3
0.0,0.501,97.3
0.0,0.518,97.3
0.0,0.556,97.3
0.0,0.583,97.3
0.0,0.571,97.3
0.0,0.556,97.3
0.0,0.544,97.3
0.0,0.538,97.3
0.0,0.537,97.3
0.0,0.601,97.3
0.0,0.615,97.3
0.0,0.539,97.3
0.0,0.54,97.3
0.03,0.604,97.3
0.202,0.599,97.3
0.281,0.728,97.3
0.315,0.858,97.3
0.22,0.87,97.3
0.125,0.811,97.3
0.101,0.701,97.3
0.222,0.535,97.3
0.366,0.526,97.3
0.251,0.516,97.3
0.047,0.506,97.3
0.0,0.556,97.3
0.0,0.615,97.3
0.0,0.623,97.3
0.0,0.646,97.3
0.0,0.646,97.3
0.0,0.663,97.3
0.0,0.642,97.3
0.0,0.655,97.3
0.0,0.676,97.3
0.0,0.682,97.3
0.0,0.734,97.3
0.0,0.804,97.3
0.0,0.858,97.3
0.0,0.867,97.3
0.03,0.842,97.3
0.099,0.789,97.3
0.238,0.774,97.3
0.201,0.725,97.3
0.2,0.683,97.3
0.241,0.674,97.3
0.219,0.648,97.3
0.161,0.577,97.3
0.112,0.496,97.3
0.05,0.492,97.3
0.0,0.494,97.3
0.0,0.497,97.3
0.0,0.476,97.3
0.0,0.432,97.3
0.0,0.379,97.3
0.0,0.342,97.3
0.0,0.285,97.3
0.0,0.253,97.3
0.0,0.249,97.3
0.0,0.237,97.3
0.0,0.2,97.3
0.0,0.149,97.3
0.0,0.097,97.3
0.005,0.052,97.3
0.09,0.021,97.3
0.211,0.01,97.3
0.372,0.005,97.3
0.491,0.003,97.3
0.527,0.002,97.3
0.517,0.002,97.3
0.418,0.001,97.3
0.303,0.002,97.3
0.164,0.002,97.3
0.038,0.003,97.3
0.0,0.009,97.3
0.0,0.022,97.3
0.0,0.041,97.3
0.0,0.061,97.3
0.0,0.077,97.3
0.0,0.096,97.3
0.0,0.113,97.3
0.0,0.12,97.3
0.0,0.107,97.3
0.0,0.08,97.3
0.0,0.058,97.3
0.0,0.045,97.3
0.0,0.039,97.3
0.027,0.037,97.3
0.212,0.028,97.3
0.412,0.016,97.3
0.55,0.052,97.3
0.634,0.074,97.3
0.667,0.078,97.3
0.651,0.083,97.3
0.584,0.093,97.3
0.465,0.111,97.3
0.293,0.128,97.3
0.098,0.171,97.3
0.0,0.265,97.3
0.0,0.343,97.3
0.0,0.379,97.3
0.0,0.376,97.3
0.0,0.355,97.3
0.0,0.334,97.3
0.0,0.317,97.3
0.0,0.302,97.3
0.0,0.28,97.3
0.0,0.251,97.3
0.0,0.218,97.3
0.0,0.196,97.3
0.0,0.187,97.3
0.014,0.172,97.3
0.145,0.095,97.3
0.394,0.05,97.3
0.541,0.052,97.3
0.627,0.064,97.3
0.661,0.06,97.3
0.644,0.05,97.3
0.579,0.042,97.3
0.46,0.04,97.3
0.289,0.046,97.3
0.093,0.081,97.3
0.0,0.144,97.3
0.0,0.204,97.3
0.0,0.227,97.3
0.0,0.211,97.3
0.0,0.165,97.3
0.0,0.11,97.3
0.0,0.072,97.3
0.0,0.059,97.3
0.0,0.06,97.3
0.0,0.068,97.3
0.0,0.077,97.3
0.0,0.091,97.3
0.0,0.102,97.3
0.004,0.083,97.3
0.068,0.034,97.3
0.18,0.012,97.3
0.388,0.005,97.3
0.541,0.005,97.3
0.614,0.007,97.3
0.551,0.013,97.3
0.477,0.027,97.3
0.348,0.059,97.3
0.17,0.108,97.3
0.02,0.164,97.3
0.0,0.224,97.3
0.0,0.261,97.3
0.0,0.273,97.3
0.0,0.243,97.3
0.0,0.2,97.3
0.0,0.225,97.3
0.0,0.259,97.3
0.0,0.257,97.3
0.0,0.288,97.3
0.0,0.328,97.3
0.0,0.32,97.3
0.0,0.245,97.3
0.0,0.199,97.3
0.004,0.189,97.3
0.081,0.165,97.3
0.141,0.116,97.3
0.167,0.138,97.3
0.183,0.164,97.3
0.227,0.192,97.3
0.264,0.217,97.3
0.24,0.251,97.3
0.222,0.291,97.3
0.132,0.309,97.3
0.026,0.314,97.3
0.0,0.341,97.3
0.0,0.316,97.3
0.0,0.275,97.3
0.0,0.259,97.3
0.0,0.253,97.3
0.0,0.275,97.3
0.0,0.257,97.3
0.0,0.223,97.3
0.0,0.225,97.3
0.0,0.234,97.3
0.0,0.278,97.3
0.0,0.318,97.3
0.0,0.343,97.3
0.0,0.35,97.3
0.036,0.33,97.3
0.088,0.278,97.3
0.177,0.356,97.3
0.266,0.442,97.3
0.24,0.441,97.3
0.176,0.404,97.3
0.145,0.367,97.3
0.137,0.346,97.3
0.14,0.339,97.3
0.047,0.391,97.3
0.0,0.429,97.3
0.0,0.42,97.3
0.0,0.392,97.3
0.0,0.36,97.3
0.0,0.313,97.3
0.0,0.268,97.3
0.0,0.225,97.3
0.0,0.19,97.3
0.0,0.173,97.3
0.0,0.16,97.3
0.0,0.162,97.3
0.0,0.165,97.3
0.0,0.165,97.3
0.001,0.157,97.3
0.095,0.137,97.3
0.223,0.089,97.3
0.41,0.088,97.3
0.538,0.092,97.3
0.568,0.095,97.3
0.523,0.108,97.3
0.457,0.127,97.3
0.36,0.147,97.3
0.183,0.151,97.3
0.043,0.149,97.3
0.0,0.161,97.3
0.0,0.163,97.3
0.0,0.176,97.3
0.0,0.212,97.3
0.0,0.272,97.3
0.0,0.318,97.3
0.0,0.342,97.3
0.0,0.346,97.3
0.0,0.34,97.3
0.0,0.331,97.3
0.0,0.316,97.3
0.0,0.33,97.3
0.0,0.342,97.3
0.0,0.335,97.3
0.054,0.331,97.3
0.156,0.305,97.3
0.26,0.353,97.3
0.368,0.413,97.3
0.341,0.434,97.3
0.264,0.433,97.3
0.171,0.414,97.3
0.105,0.39,97.3
0.048,0.334,97.3
0.005,0.377,97.3
0.0,0.451,97.3
0.0,0.482,97.3
0.0,0.506,97.3
0.0,0.504,97.3
0.0,0.513,97.3
0.0,0.511,97.3
0.0,0.51,97.3
0.0,0.516,97.3
0.0,0.525,97.3
0.0,0.523,97.3
0.0,0.484,97.3
0.0,0.436,97.3
0.0,0.425,97.3
0.0,0.381,97.3
0.016,0.3,97.3
0.087,0.205,97.3
0.196,0.179,97.3
0.294,0.235,97.3
0.292,0.235,97.3
0.4,0.2,97.3
0.443,0.167,97.3
0.413,0.147,97.3
0.25,0.14,97.3
0.057,0.167,97.3
0.0,0.202,97.3
0.0,0.208,97.3
0.0,0.192,97.3
0.0,0.165,97.3
0.0,0.136,97.3
0.0,0.106,97.3
0.0,0.076,97.3
0.0,0.05,97.3
0.0,0.03,97.3
0.0,0.019,97.3
0.0,0.02,97.3
0.0,0.03,97.3
0.0,0.045,97.3
0.003,0.069,97.3
0.148,0.087,97.3
0.349,0.059,97.3
0.487,0.041,97.3
0.589,0.03,97.3
0.635,0.023,97.3
0.626,0.019,97.3
0.558,0.016,97.3
0.449,0.012,97.3
0.265,0.012,97.3
0.061,0.021,97.3
0.0,0.045,97.3
0.0,0.093,97.3
0.0,0.157,97.3
0.0,0.21,97.3
0.0,0.241,97.3
0.0,0.26,97.3
0.0,0.269,97.3
0.0,0.267,97.3
0.0,0.266,97.3
0.0,0.261,97.3
0.0,0.255,97.3
0.0,0.266,97.3
0.0,0.289,97.3
0.0,0.308,97.3
0.059,0.255,97.3
0.151,0.18,97.3
0.236,0.155,97.3
0.304,0.193,97.3
0.294,0.201,97.3
0.214,0.191,97.3
0.144,0.18,97.3
0.077,0.16,97.3
0.023,0.152,97.3
0.002,0.177,97.3
0.0,0.223,97.3
0.0,0.279,97.3
0.0,0.332,97.3
0.0,0.358,97.3
0.0,0.352,97.3
0.0,0.352,97.3
0.0,0.37,97.3
0.0,0.375,97.3
0.0,0.348,97.3
0.0,0.343,97.3
0.0,0.347,97.3
0.0,0.361,97.3
0.0,0.37,97.3
0.0,0.387,97.3
0.11,0.296,97.3
0.147,0.196,97.3
0.146,0.182,97.3
0.126,0.229,97.3
0.131,0.284,97.3
0.13,0.296,97.3
0.134,0.312,97.3
0.088,0.33,97.3
0.035,0.4,97.3
0.002,0.467,97.3
0.0,0.484,97.3
0.0,0.476,97.3
0.0,0.481,97.3
0.0,0.494,97.3
0.0,0.507,97.3
0.0,0.523,97.3
0.0,0.495,97.3
0.0,0.502,97.3
0.0,0.553,97.3
0.0,0.592,97.3
0.0,0.583,97.3
0.0,0.538,97.3
0.0,0.509,97.3
0.0,0.484,97.3
0.006,0.456,97.3
0.044,0.459,97.3
0.129,0.538,97.3
0.25,0.576,97.3
0.362,0.661,97.3
0.443,0.704,97.3
0.423,0.671,97.3
0.278,0.599,97.3
0.106,0.601,97.3
0.012,0.615,97.3
0.0,0.626,97.3
0.0,0.624,97.3
0.0,0.626,97.3
0.0,0.63,97.3
0.0,0.635,97.3
0.0,0.638,97.3
0.0,0.64,97.3
0.0,0.633,97.3
0.0,0.626,97.3
0.0,0.631,97.3
0.0,0.655,97.3
0.0,0.693,97.3
0.0,0.714,97.3
0.0,0.761,97.3
0.0,0.876,97.3
0.054,0.836,97.3
0.146,0.81,97.3
0.388,0.855,97.3
0.506,0.884,97.3
0.38,0.868,97.3
0.203,0.846,97.3
0.193,0.849,97.3
0.136,0.844,97.3
0.019,0.828,97.3
0.0,0.8,97.3
0.0,0.708,97.3
0.0,0.562,97.3
0.0,0.578,97.3
0.0,0.765,97.3
0.0,0.871,97.3
0.0,0.923,97.3
0.0,0.95,97.3
0.0,0.948,97.3
0.0,0.923,97.3
0.0,0.826,97.3
0.0,0.93,97.3
0.0,0.973,97.3
0.0,0.943,97.3
0.026,0.925,97.3
0.087,0.906,97.3
0.196,0.897,97.3
0.107,0.874,97.3
0.143,0.827,97.3
0.197,0.755,97.3
0.213,0.669,97.3
0.099,0.571,97.3
0.077,0.531,97.3
0.005,0.559,97.3
0.0,0.552,97.3
0.0,0.509,97.3
0.0,0.464,97.3
0.0,0.42,97.3
0.0,0.404,97.3
0.0,0.438,97.3
0.0,0.517,97.3
0.0,0.566,97.3
0.0,0.568,97.3
0.0,0.555,97.3
0.0,0.556,97.3
0.0,0.567,97.3
0.0,0.568,97.3
0.0,0.58,97.3
0.056,0.625,97.3
0.271,0.613,97.3
0.443,0.751,97.3
0.53,0.811,97.3
0.514,0.803,97.3
0.502,0.772,97.3
0.341,0.725,97.3
0.146,0.63,97.3
0.035,0.494,97.3
0.0,0.414,97.3
0.0,0.359,97.3
0.0,0.293,97.3
0.0,0.23,97.3
0.0,0.176,97.3
0.0,0.14,97.3
0.0,0.128,97.3
0.0,0.125,97.3
0.0,0.107,97.3
0.0,0.077,97.3
0.0,0.058,97.3
0.0,0.045,97.3
0.0,0.042,97.3
0.0,0.057,97.3
0.0,0.089,97.3
0.054,0.114,97.3
0.166,0.085,97.3
0.287,0.076,97.3
0.314,0.078,97.3
0.351,0.084,97.3
0.376,0.088,97.3
0.396,0.088,97.3
0.331,0.087,97.3
0.121,0.099,97.3
0.01,0.144,97.3
0.0,0.203,97.3
0.0,0.264,97.3
0.0,0.322,97.3
0.0,0.367,97.3
0.0,0.386,97.3
0.0,0.381,97.3
0.0,0.379,97.3
0.0,0.378,97.3
0.0,0.372,97.3
0.0,0.369,97.3
0.0,0.384,97.3
0.0,0.398,97.3
0.0,0.401,97.3
0.0,0.393,97.3
0.135,0.29,97.3
0.365,0.158,97.3
0.528,0.179,97.3
0.624,0.278,97.3
0.663,0.285,97.3
0.648,0.289,97.3
0.579,0.304,97.3
0.454,0.325,97.3
0.272,0.309,97.3
0.027,0.367,97.3
0.0,0.488,97.3
0.0,0.515,97.3
0.0,0.498,97.3
0.0,0.481,97.3
0.0,0.471,97.3
0.0,0.467,97.3
0.0,0.466,97.3
0.0,0.44,97.3
0.0,0.447,97.3
0.0,0.471,97.3
0.0,0.466,97.3
0.0,0.484,97.3
0.0,0.465,97.3
0.0,0.429,97.3
0.0,0.406,97.3
0.035,0.357,97.3
0.1,0.362,97.3
0.22,0.379,97.3
0.488,0.372,97.3
0.53,0.375,97.3
0.475,0.367,97.3
0.293,0.362,97.3
0.103,0.332,97.3
0.0,0.407,97.3
0.0,0.479,97.3
0.0,0.438,97.3
0.0,0.42,97.3
0.0,0.41,97.3
0.0,0.414,97.3
0.0,0.42,97.3
0.0,0.422,97.3
0.0,0.42,97.3
0.0,0.407,97.3
0.0,0.391,97.3
0.0,0.374,97.3
0.0,0.347,97.3
0.0,0.32,97.3
0.0,0.305,97.3
0.013,0.313,97.3
0.118,0.309,97.3
0.275,0.364,97.3
0.359,0.473,97.3
0.463,0.562,97.3
0.473,0.592,97.3
0.293,0.581,97.3
0.194,0.533,97.3
0.053,0.489,97.3
0.0,0.538,97.3
0.0,0.55,97.3
0.0,0.533,97.3
0.0,0.539,97.3
0.0,0.509,97.3
0.0,0.519,97.3
0.0,0.552,97.3
0.0,0.532,97.3
0.0,0.525,97.3
0.0,0.514,97.3
0.0,0.508,97.3
0.0,0.508,97.3
0.0,0.509,97.3
0.0,0.503,97.3
0.0,0.513,97.3
0.071,0.488,97.3
0.246,0.484,97.3
0.417,0.532,97.3
0.532,0.579,97.3
0.569,0.595,97.3
0.482,0.591,97.3
0.366,0.566,97.3
0.204,0.523,97.3
0.066,0.456,97.3
0.0,0.443,97.3
0.0,0.464,97.3
0.0,0.431,97.3
0.0,0.41,97.3
0.0,0.408,97.3
0.0,0.403,97.3
0.0,0.4,97.3
0.0,0.395,97.3
0.0,0.386,97.3
0.0,0.374,97.3
0.0,0.352,97.3
0.0,0.329,97.3
0.0,0.313,97.3
0.0,0.3,97.3
0.0,0.311,97.3
0.049,0.328,97.3
0.316,0.32,97.3
0.484,0.382,97.3
0.579,0.43,97.3
0.615,0.48,97.3
0.598,0.492,97.3
0.527,0.519,97.3
0.4,0.539,97.3
0.215,0.526,97.3
0.007,0.573,97.3
0.0,0.59,97.3
0.0,0.6,97.3
0.0,0.604,97.3
0.0,0.607,97.3
0.0,0.62,97.3
0.0,0.63,97.3
0.0,0.59,97.3
0.0,0.561,97.3
0.0,0.575,97.3
0.0,0.591,97.3
0.0,0.599,97.3
0.0,0.602,97.3
0.0,0.61,97.3
0.0,0.62,97.3
0.069,0.613,97.3
0.252,0.628,97.3
0.42,0.728,97.3
0.517,0.785,97.3
0.541,0.777,97.3
0.38,0.761,97.3
0.145,0.748,97.3
0.042,0.755,97.3
0.007,0.737,97.3
0.0,0.659,97.3
0.0,0.612,97.3
0.0,0.58,97.3
0.0,0.535,97.3
0.0,0.464,97.3
0.0,0.472,97.3
0.0,0.398,97.3
0.0,0.401,97.3
0.0,0.429,97.3
0.0,0.419,97.3
0.0,0.43,97.3
0.0,0.432,97.3
0.0,0.468,97.3
0.0,0.563,97.3
0.0,0.667,97.3
0.0,0.766,97.3
0.008,0.846,97.3
0.02,0.881,97.3
0.034,0.864,97.3
0.156,0.825,97.3
0.266,0.75,97.3
0.18,0.648,97.3
0.052,0.568,97.3
0.026,0.55,97.3
0.0,0.525,97.3
0.0,0.417,97.3
0.0,0.372,97.3
0.0,0.386,97.3
0.0,0.388,97.3
0.0,0.388,97.3
0.0,0.383,97.3
0.0,0.37,97.3
0.0,0.363,97.3
0.0,0.368,97.3
0.0,0.384,97.3
0.0,0.402,97.3
0.0,0.414,97.3
0.0,0.425,97.3
0.0,0.445,97.3
0.012,0.446,97.3
0.056,0.437,97.3
0.099,0.512,97.3
0.114,0.602,97.3
0.13,0.691,97.3
0.191,0.817,97.3
0.073,0.872,97.3
0.056,0.885,97.3
0.011,0.867,97.3
0.0,0.792,97.3
0.0,0.78,97.3
0.0,0.546,97.3
0.0,0.53,97.3
0.0,0.558,97.3
0.0,0.574,97.3
0.0,0.599,97.3
0.0,0.618,97.3
0.0,0.644,97.3
0.0,0.639,97.3
0.0,0.626,97.3
0.0,0.633,97.3
0.0,0.63,97.3
0.0,0.618,97.3
0.0,0.619,97.3
0.012,0.622,97.3
0.066,0.672,97.3
0.153,0.683,97.3
0.281,0.707,97.3
0.366,0.729,97.3
0.425,0.727,97.3
0.311,0.69,97.3
0.166,0.611,97.3
0.056,0.541,97.3
0.0,0.486,97.3
0.0,0.493,97.3
0.0,0.481,97.3
0.0,0.451,97.3
0.0,0.413,97.3
0.0,0.388,97.3
0.0,0.373,97.3
0.0,0.348,97.3
0.0,0.3,97.3
0.0,0.254,97.3
0.0,0.204,97.3
0.0,0.199,97.3
0.0,0.201,97.3
0.0,0.22,97.3
0.0,0.248,97.3
0.0,0.236,97.3
0.015,0.223,97.3
0.042,0.233,97.3
0.088,0.241,97.3
0.205,0.232,97.3
0.268,0.235,97.3
0.288,0.251,97.3
0.211,0.241,97.3
0.072,0.215,97.3
0.0,0.212,97.3
0.0,0.179,97.3
0.0,0.144,97.3
0.0,0.125,97.3
0.0,0.115,97.3
0.0,0.102,97.3
0.0,0.088,97.3
0.0,0.084,97.3
0.0,0.077,97.3
0.0,0.059,97.3
0.0,0.033,97.3
0.0,0.016,97.3
0.0,0.009,97.3
0.0,0.007,97.3
0.0,0.009,97.3
0.002,0.012,97.3
0.041,0.012,97.3
0.102,0.015,97.3
0.204,0.025,97.3
0.27,0.045,97.3
0.24,0.064,97.3
0.172,0.073,97.3
0.097,0.065,97.3
0.028,0.057,97.3
0.0,0.043,97.3
0.0,0.025,97.3
0.0,0.014,97.3
0.0,0.017,97.3
0.0,0.035,97.3
0.0,0.063,97.3
0.0,0.089,97.3
0.0,0.118,97.3
0.0,0.16,97.3
0.0,0.216,97.3
0.0,0.263,97.3
0.0,0.284,97.3
0.0,0.296,97.3
0.0,0.287,97.3
0.0,0.247,97.3
0.009,0.212,97.3
0.077,0.196,97.3
0.117,0.181,97.3
0.102,0.215,97.3
0.107,0.249,97.3
0.107,0.259,97.3
0.106,0.242,97.3
0.089,0.233,97.3
0.035,0.277,97.3
0.0,0.355,97.3
0.0,0.398,97.3
0.0,0.376,97.3
0.0,0.359,97.3
0.0,0.321,97.3
0.0,0.291,97.3
0.0,0.272,97.3
0.0,0.268,97.3
0.0,0.264,97.3
0.0,0.259,97.3
0.0,0.255,97.3
0.0,0.249,97.3
0.0,0.225,97.3
0.0,0.199,97.3
0.0,0.207,97.3
0.004,0.227,97.3
0.058,0.214,97.3
0.115,0.179,97.3
0.182,0.188,97.3
0.398,0.249,97.3
0.475,0.278,97.3
0.31,0.291,97.3
0.114,0.262,97.3
0.058,0.261,97.3
0.0,0.302,97.3
0.0,0.328,97.3
0.0,0.358,97.3
0.0,0.399,97.3
0.0,0.428,97.3
0.0,0.436,97.3
0.0,0.436,97.3
0.0,0.439,97.3
0.0,0.432,97.3
0.0,0.416,97.3
0.0,0.395,97.3
0.0,0.368,97.3
0.0,0.374,97.3
0.0,0.374,97.3
0.0,0.386,97.3
0.0,0.444,97.3
0.025,0.47,97.3
0.039,0.469,97.3
0.056,0.454,97.3
0.07,0.47,97.3
0.093,0.542,97.3
0.093,0.566,97.3
0.039,0.563,97.3
0.005,0.595,97.3
0.0,0.634,97.3
0.0,0.691,97.3
0.0,0.736,97.3
0.0,0.8,97.3
0.0,0.834,97.3
0.0,0.842,97.3
0.0,0.823,97.3
0.0,0.821,97.3
0.0,0.804,97.3
0.0,0.75,97.3
0.0,0.71,97.3
0.0,0.652,97.3
0.0,0.577,97.3
0.0,0.556,97.3
0.0,0.566,97.3
0.003,0.551,97.3
0.131,0.506,97.3
0.366,0.503,97.3
0.507,0.663,97.3
0.524,0.701,97.3
0.518,0.699,97.3
0.439,0.677,97.3
0.294,0.626,97.3
0.058,0.549,97.3
0.0,0.514,97.3
0.0,0.479,97.3
0.0,0.454,97.3
0.0,0.449,97.3
0.0,0.449,97.3
0.0,0.437,97.3
0.0,0.416,97.3
0.0,0.385,97.3
0.0,0.331,97.3
0.0,0.276,97.3
0.0,0.258,97.3
0.0,0.248,97.3
0.0,0.235,97.3
0.0,0.216,97.3
0.0,0.187,97.3
0.044,0.171,97.3
0.241,0.146,97.3
0.404,0.096,97.3
0.508,0.093,97.3
0.533,0.087,97.3
0.518,0.082,97.3
0.465,0.069,97.3
0.323,0.058,97.3
0.122,0.071,97.3
0.0,0.085,97.3
0.0,0.091,97.3
0.0,0.104,97.3
0.0,0.118,97.3
0.0,0.137,97.3
0.0,0.171,97.3
0.0,0.224,97.3
0.0,0.28,97.3
0.0,0.322,97.3
0.0,0.334,97.3
0.0,0.325,97.3
0.0,0.291,97.3
0.0,0.26,97.3
0.0,0.255,97.3
0.0,0.281,97.3
0.011,0.3,97.3
0.118,0.27,97.3
0.331,0.288,97.3
0.464,0.291,97.3
0.49,0.258,97.3
0.449,0.204,97.3
0.348,0.153,97.3
0.203,0.114,97.3
0.069,0.127,97.3
0.0,0.186,97.3
0.0,0.221,97.3
0.0,0.209,97.3
0.0,0.201,97.3
0.0,0.23,97.3
0.0,0.27,97.3
0.0,0.278,97.3
0.0,0.267,97.3
0.0,0.27,97.3
0.0,0.296,97.3
0.0,0.364,97.3
0.0,0.407,97.3
0.0,0.386,97.3
0.0,0.339,97.3
0.0,0.293,97.3
0.007,0.233,97.3
0.102,0.155,97.3
0.316,0.114,97.3
0.419,0.101,97.3
0.47,0.098,97.3
0.447,0.083,97.3
0.349,0.068,97.3
0.217,0.064,97.3
0.07,0.08,97.3
0.0,0.106,97.3
0.0,0.141,97.3
0.0,0.174,97.3
0.0,0.188,97.3
0.0,0.191,97.3
0.0,0.193,97.3
0.0,0.195,97.3
0.0,0.195,97.3
0.0,0.192,97.3
0.0,0.183,97.3
0.0,0.175,97.3
0.0,0.163,97.3
0.0,0.147,97.3
0.0,0.13,97.3
0.0,0.119,97.3
0.0,0.119,97.3
0.029,0.107,97.3
0.07,0.082,97.3
0.095,0.061,97.3
0.116,0.047,97.3
0.114,0.046,97.3
0.089,0.055,97.3
0.037,0.068,97.3
0.004,0.093,97.3
0.0,0.131,97.3
0.0,0.155,97.3
0.0,0.165,97.3
0.0,0.167,97.3
0.0,0.187,97.3
0.0,0.218,97.3
0.0,0.226,97.3
0.0,0.201,97.3
0.0,0.161,97.3
0.0,0.126,97.3
0.0,0.106,97.3
0.0,0.115,97.3
0.0,0.162,97.3
0.0,0.209,97.3
0.0,0.223,97.3
0.003,0.207,97.3
0.107,0.248,97.3
0.36,0.312,97.3
0.457,0.367,97.3
0.429,0.391,97.3
0.322,0.457,97.3
0.172,0.467,97.3
0.09,0.466,97.3
0.047,0.55,97.3
0.0,0.625,97.3
0.0,0.645,97.3
0.0,0.685,97.3
0.0,0.701,97.3
0.0,0.661,97.3
0.0,0.635,97.3
0.0,0.662,97.3
0.0,0.652,97.3
0.0,0.667,97.3
0.0,0.644,97.3
0.0,0.618,97.3
0.0,0.541,97.3
0.0,0.484,97.3
0.0,0.425,97.3
0.0,0.397,97.3
0.0,0.358,97.3
0.041,0.314,97.3
0.123,0.242,97.3
0.246,0.225,97.3
0.373,0.243,97.3
0.399,0.266,97.3
0.239,0.251,97.3
0.106,0.202,97.3
0.032,0.223,97.3
0.0,0.252,97.3
0.0,0.231,97.3
0.0,0.193,97.3
0.0,0.162,97.3
0.0,0.139,97.3
0.0,0.112,97.3
0.0,0.094,97.3
0.0,0.087,97.3
0.0,0.096,97.3
0.0,0.125,97.3
0.0,0.173,97.3
0.0,0.205,97.3
0.0,0.222,97.3
0.0,0.236,97.3
0.0,0.235,97.3
0.0,0.218,97.3
0.045,0.168,97.3
0.171,0.14,97.3
0.307,0.197,97.3
0.327,0.209,97.3
0.237,0.21,97.3
0.125,0.22,97.3
0.059,0.233,97.3
0.01,0.261,97.3
0.0,0.32,97.3
0.0,0.325,97.3
0.0,0.31,97.3
0.0,0.296,97.3
0.0,0.286,97.3
0.0,0.273,97.3
0.0,0.26,97.3
0.0,0.243,97.3
0.0,0.207,97.3
0.0,0.157,97.3
0.0,0.12,97.3
0.0,0.099,97.3
0.0,0.083,97.3
0.0,0.072,97.3
0.0,0.072,97.3
0.0,0.074,97.3
0.026,0.058,97.3
0.075,0.061,97.3
0.11,0.076,97.3
0.119,0.076,97.3
0.109,0.076,97.3
0.082,0.077,97.3
0.042,0.08,97.3
0.004,0.089,97.3
0.0,0.108,97.3
0.0,0.12,97.3
0.0,0.121,97.3
0.0,0.119,97.3
0.0,0.109,97.3
0.0,0.094,97.3
0.0,0.076,97.3
0.0,0.06,97.3
0.0,0.05,97.3
0.0,0.047,97.3
0.0,0.043,97.3
0.0,0.035,97.3
0.0,0.025,97.3
0.0,0.02,97.3
0.0,0.014,97.3
0.0,0.007,97.3
0.044,0.002,97.3
0.138,0.003,97.3
0.262,0.008,97.3
0.33,0.015,97.3
0.396,0.022,97.3
0.271,0.03,97.3
0.09,0.035,97.3
0.01,0.039,97.3
0.0,0.041,97.3
0.0,0.048,97.3
0.0,0.081,97.3
0.0,0.147,97.3
0.0,0.226,97.3
0.0,0.273,97.3
0.0,0.273,97.3
0.0,0.256,97.3
0.0,0.259,97.3
0.0,0.259,97.3
0.0,0.265,97.3
0.0,0.282,97.3
0.0,0.305,97.3
0.0,0.329,97.3
0.0,0.337,97.3
0.0,0.328,97.3
0.024,0.284,97.3
0.056,0.241,97.3
0.099,0.221,97.3
0.173,0.261,97.3
0.306,0.264,97.3
0.26,0.266,97.3
0.156,0.278,97.3
0.062,0.288,97.3
0.0,0.336,97.3
0.0,0.365,97.3
0.0,0.358,97.3
0.0,0.362,97.3
0.0,0.379,97.3
0.0,0.367,97.3
0.0,0.367,97.3
0.0,0.381,97.3
0.0,0.397,97.3
0.0,0.423,97.3
0.0,0.422,97.3
0.0,0.367,97.3
0.0,0.317,97.3
0.0,0.316,97.3
0.0,0.334,97.3
0.0,0.341,97.3
0.033,0.314,97.3
0.111,0.312,97.3
0.274,0.41,97.3
0.428,0.463,97.3
0.428,0.494,97.3
0.312,0.481,97.3
0.17,0.435,97.3
0.032,0.446,97.3
0.0,0.477,97.3
0.0,0.479,97.3
0.0,0.442,97.3
0.0,0.404,97.3
0.0,0.376,97.3
0.0,0.365,97.3
0.0,0.364,97.3
0.0,0.358,97.3
0.0,0.352,97.3
0.0,0.347,97.3
0.0,0.341,97.3
0.0,0.334,97.3
0.0,0.338,97.3
0.0,0.343,97.3
0.0,0.357,97.3
0.0,0.367,97.3
0.048,0.319,97.3
0.113,0.252,97.3
0.178,0.241,97.3
0.191,0.245,97.3
0.192,0.233,97.3
0.087,0.206,97.3
0.051,0.183,97.3
0.005,0.205,97.3
0.0,0.234,97.3
0.0,0.227,97.3
0.0,0.209,97.3
0.0,0.193,97.3
0.0,0.18,97.3
0.0,0.173,97.3
0.0,0.17,97.3
0.0,0.175,97.3
0.0,0.184,97.3
0.0,0.196,97.3
0.0,0.212,97.3
0.0,0.225,97.3
0.0,0.238,97.3
0.0,0.253,97.3
0.0,0.263,97.3
0.0,0.262,97.3
0.016,0.228,97.3
0.043,0.203,97.3
0.066,0.215,97.3
0.084,0.233,97.3
0.093,0.251,97.3
0.073,0.247,97.3
0.042,0.225,97.3
0.002,0.214,97.3
0.0,0.233,97.3
0.0,0.24,97.3
0.0,0.249,97.3
0.0,0.27,97.3
0.0,0.267,97.3
0.0,0.264,97.3
0.0,0.289,97.3
0.0,0.278,97.3
0.0,0.293,97.3
0.0,0.294,97.3
0.0,0.291,97.3
0.0,0.267,97.3
0.0,0.233,97.3
0.0,0.237,97.3
0.0,0.243,97.3
0.0,0.278,97.3
0.053,0.284,97.3
0.157,0.245,97.3
0.269,0.248,97.3
0.333,0.32,97.3
0.337,0.338,97.3
0.287,0.341,97.3
0.139,0.337,97.3
0.017,0.362,97.3
0.0,0.398,97.3
0.0,0.41,97.3
0.0,0.441,97.3
0.0,0.453,97.3
0.0,0.419,97.3
0.0,0.402,97.3
0.0,0.404,97.3
0.0,0.422,97.3
0.0,0.422,97.3
0.0,0.401,97.3
0.0,0.395,97.3
0.0,0.382,97.3
0.0,0.359,97.3
0.0,0.278,97.3
0.0,0.237,97.3
0.0,0.22,97.3
0.036,0.209,97.3
0.19,0.186,97.3
0.344,0.159,97.3
0.554,0.177,97.3
0.539,0.192,97.3
0.447,0.188,97.3
0.292,0.158,97.3
0.069,0.16,97.3
0.0,0.177,97.3
0.0,0.171,97.3
0.0,0.155,97.3
0.0,0.14,97.3
0.0,0.12,97.3
0.0,0.092,97.3
0.0,0.057,97.3
0.0,0.029,97.3
0.0,0.012,97.3
0.0,0.005,97.3
0.0,0.003,97.3
0.0,0.004,97.3
0.0,0.005,97.3
0.0,0.005,97.3
0.0,0.009,97.3
0.0,0.012,97.3
0.025,0.013,97.3
0.06,0.009,97.3
0.089,0.005,97.3
0.113,0.004,97.3
0.138,0.005,97.3
0.137,0.006,97.3
0.105,0.008,97.3
0.021,0.01,97.3
0.0,0.014,97.3
0.0,0.019,97.3
0.0,0.025,97.3
0.0,0.034,97.3
0.0,0.047,97.3
0.0,0.061,97.3
0.0,0.068,97.3
0.0,0.071,97.3
0.0,0.063,97.3
0.0,0.048,97.3
0.0,0.035,97.3
0.0,0.025,97.3
0.0,0.021,97.3
0.0,0.025,97.3
0.0,0.035,97.3
0.0,0.055,97.3
0.046,0.078,97.3
0.135,0.07,97.3
0.216,0.057,97.3
0.25,0.043,97.3
0.235,0.026,97.3
0.135,0.017,97.3
0.063,0.016,97.3
0.004,0.021,97.3
0.0,0.028,97.3
0.0,0.037,97.3
0.0,0.045,97.3
0.0,0.048,97.3
0.0,0.041,97.3
0.0,0.03,97.3
0.0,0.022,97.3
0.0,0.023,97.3
0.0,0.031,97.3
0.0,0.041,97.3
0.0,0.048,97.3
0.0,0.054,97.3
0.0,0.058,97.3
0.0,0.055,97.3
0.0,0.049,97.3
0.0,0.047,97.3
0.035,0.053,97.3
0.094,0.053,97.3
0.115,0.057,97.3
0.127,0.086,97.3
0.165,0.14,97.3
0.21,0.228,97.3
0.131,0.32,97.3
0.013,0.362,97.3
0.0,0.352,97.3
0.0,0.297,97.3
0.0,0.24,97.3
0.0,0.22,97.3
0.0,0.231,97.3
0.0,0.251,97.3
0.0,0.3,97.3
0.0,0.362,97.3
0.0,0.4,97.3
0.0,0.389,97.3
0.0,0.351,97.3
0.0,0.341,97.3
0.0,0.355,97.3
0.0,0.382,97.3
0.0,0.413,97.3
0.0,0.442,97.3
0.025,0.474,97.3
0.066,0.494,97.3
0.052,0.612,97.3
0.036,0.822,97.3
0.026,0.876,97.3
0.014,0.853,97.3
0.0,0.763,97.3
0.0,0.638,97.3
0.0,0.526,97.3
0.0,0.447,97.3
0.0,0.402,97.3
0.0,0.388,97.3
0.0,0.379,97.3
0.0,0.376,97.3
0.0,0.341,97.3
0.0,0.287,97.3
0.0,0.246,97.3
0.0,0.249,97.3
0.0,0.254,97.3
0.0,0.254,97.3
0.0,0.233,97.3
0.0,0.192,97.3
0.0,0.146,97.3
0.0,0.113,97.3
0.04,0.09,97.3
0.117,0.093,97.3
0.378,0.105,97.3
0.387,0.121,97.3
0.274,0.139,97.3
0.14,0.168,97.3
0.041,0.233,97.3
0.0,0.289,97.3
0.0,0.325,97.3
0.0,0.317,97.3
0.0,0.253,97.3
0.0,0.169,97.3
0.0,0.104,97.3
0.0,0.094,97.3
0.0,0.113,97.3
0.0,0.156,97.3
0.0,0.225,97.3
0.0,0.279,97.3
0.0,0.268,97.3
0.0,0.227,97.3
0.0,0.212,97.3
0.0,0.201,97.3
0.0,0.165,97.3
0.0,0.124,97.3
0.016,0.113,97.3
0.039,0.127,97.3
0.039,0.178,97.3
0.03,0.229,97.3
0.028,0.263,97.3
0.027,0.277,97.3
0.013,0.274,97.3
0.0,0.264,97.3
0.0,0.235,97.3
0.0,0.204,97.3
0.0,0.183,97.3
0.0,0.176,97.3
0.0,0.175,97.3
0.0,0.171,97.3
0.0,0.156,97.3
0.0,0.157,97.3
0.0,0.192,97.3
0.0,0.231,97.3
0.0,0.279,97.3
0.0,0.323,97.3
0.0,0.369,97.3
0.0,0.42,97.3
0.0,0.476,97.3
0.0,0.519,97.3
0.052,0.535,97.3
0.125,0.501,97.3
0.15,0.528,97.3
0.117,0.532,97.3
0.124,0.516,97.3
0.082,0.525,97.3
0.037,0.55,97.3
0.001,0.575,97.3
0.0,0.574,97.3
0.0,0.539,97.3
0.0,0.512,97.3
0.0,0.506,97.3
0.0,0.51,97.3
0.0,0.523,97.3
0.0,0.502,97.3
0.0,0.528,97.3
0.0,0.601,97.3
0.0,0.656,97.3
0.0,0.695,97.3
0.0,0.713,97.3
0.0,0.727,97.3
0.0,0.734,97.3
0.0,0.72,97.3
0.0,0.714,97.3
0.0,0.716,97.3
0.011,0.708,97.3
0.023,0.695,97.3
0.022,0.671,97.3
0.03,0.637,97.3
0.036,0.592,97.3
0.02,0.558,97.3
0.0,0.541,97.3
0.0,0.506,97.3
0.0,0.516,97.3
0.0,0.536,97.3
0.0,0.558,97.3
0.0,0.613,97.3
0.0,0.659,97.3
0.0,0.697,97.3
0.0,0.753,97.3
0.0,0.818,97.3
0.0,0.847,97.3
0.0,0.926,97.3
0.0,0.933,97.3
0.0,0.951,97.3
0.0,0.948,97.3
0.0,0.928,97.3
0.0,0.851,97.3
0.017,0.806,97.3
0.096,0.833,97.3
0.082,0.847,97.3
0.083,0.85,97.3
0.046,0.795,97.3
0.02,0.72,97.3
0.008,0.683,97.3
0.0,0.657,97.3
0.0,0.6,97.3
0.0,0.523,97.3
0.0,0.447,97.3
0.0,0.376,97.3
0.0,0.355,97.3
0.0,0.313,97.3
0.0,0.288,97.3
0.0,0.358,97.3
0.0,0.443,97.3
0.0,0.532,97.3
0.0,0.61,97.3
0.0,0.606,97.3
0.0,0.562,97.3
0.0,0.556,97.3
0.0,0.468,97.3
0.0,0.488,97.3
0.002,0.483,97.3
0.02,0.433,97.3
0.035,0.383,97.3
0.062,0.35,97.3
0.092,0.325,97.3
0.092,0.328,97.3
0.031,0.315,97.3
0.0,0.305,97.3
0.0,0.26,97.3
0.0,0.2,97.3
0.0,0.113,97.3
0.0,0.048,97.3
0.0,0.034,97.3
0.0,0.048,97.3
0.0,0.085,97.3
0.0,0.155,97.3
0.0,0.228,97.3
0.0,0.305,97.3
0.0,0.381,97.3
0.0,0.401,97.3
0.0,0.425,97.3
0.0,0.429,97.3
0.0,0.431,97.3
0.0,0.448,97.3
0.009,0.527,97.3
0.051,0.613,97.3
0.072,0.702,97.3
0.075,0.775,97.3
0.048,0.847,97.3
0.012,0.859,97.3
0.0,0.838,97.3
0.0,0.788,97.3
0.0,0.737,97.3
0.0,0.69,97.3
0.0,0.626,97.3
0.0,0.568,97.3
0.0,0.484,97.3
0.0,0.397,97.3
0.0,0.327,97.3
0.0,0.294,97.3
0.0,0.283,97.3
0.0,0.261,97.3
0.0,0.24,97.3
0.0,0.227,97.3
0.0,0.211,97.3
0.0,0.19,97.3
0.0,0.179,97.3
0.0,0.149,97.3
0.005,0.088,97.3
0.021,0.018,97.3
0.032,0.026,97.3
0.051,0.055,97.3
0.052,0.148,97.3
0.021,0.35,97.3
0.005,0.47,97.3
0.0,0.532,97.3
0.0,0.561,97.3
0.0,0.618,97.3
0.0,0.615,97.3
0.0,0.616,97.3
0.0,0.571,97.3
0.0,0.548,97.3
0.0,0.526,97.3
0.0,0.547,97.3
0.0,0.536,97.3
0.0,0.505,97.3
0.0,0.503,97.3
0.0,0.484,97.3
0.0,0.484,97.3
0.0,0.43,97.3
0.0,0.337,97.3
0.0,0.274,97.3
0.0,0.233,97.3
0.018,0.152,97.3
0.048,0.09,97.3
0.074,0.043,97.3
0.092,0.017,97.3
0.056,0.01,97.3
0.02,0.015,97.3
0.0,0.031,97.3
0.0,0.042,97.3
0.0,0.042,97.3
0.0,0.043,97.3
0.0,0.053,97.3
0.0,0.067,97.3
0.0,0.078,97.3
0.0,0.084,97.3
0.0,0.098,97.3
0.0,0.097,97.3
0.0,0.056,97.3
0.0,0.027,97.3
0.0,0.018,97.3
0.0,0.017,97.3
0.0,0.018,97.3
0.0,0.031,97.3
0.0,0.087,97.3
0.041,0.161,97.3
0.151,0.17,97.3
0.379,0.234,97.3
0.289,0.351,97.3
0.103,0.406,97.3
0.055,0.418,97.3
0.029,0.476,97.3
0.0,0.553,97.3
0.0,0.58,97.3
0.0,0.661,97.3
0.0,0.7,97.3
0.0,0.656,97.3
0.0,0.542,97.3
0.0,0.625,97.3
0.0,0.74,97.3
0.0,0.709,97.3
0.0,0.66,97.3
0.0,0.58,97.3
0.0,0.484,97.3
0.0,0.398,97.3
0.0,0.352,97.3
0.0,0.334,97.3
0.0,0.336,97.3
0.0,0.324,97.3
0.009,0.323,97.3
0.055,0.325,97.3
0.165,0.353,97.3
0.227,0.41,97.3
0.173,0.456,97.3
0.115,0.566,97.3
0.064,0.682,97.3
0.0,0.728,97.3
0.0,0.777,97.3
0.0,0.806,97.3
0.0,0.866,97.3
0.0,0.891,97.3
0.0,0.893,97.3
0.0,0.866,97.3
0.0,0.791,97.3
0.0,0.672,97.3
0.0,0.65,97.3
0.0,0.661,97.3
0.0,0.662,97.3
0.0,0.676,97.3
0.0,0.702,97.3
0.0,0.702,97.3
0.0,0.672,97.3
0.0,0.708,97.3
0.009,0.698,97.3
0.062,0.669,97.3
0.102,0.683,97.3
0.103,0.69,97.3
0.076,0.667,97.3
0.05,0.633,97.3
0.031,0.611,97.3
0.0,0.597,97.3
0.0,0.571,97.3
0.0,0.539,97.3
0.0,0.488,97.3
0.0,0.434,97.3
0.0,0.431,97.3
0.0,0.368,97.3
0.0,0.337,97.3
0.0,0.337,97.3
0.0,0.329,97.3
0.0,0.323,97.3
0.0,0.312,97.3
0.0,0.305,97.3
0.0,0.32,97.3
0.0,0.348,97.3
0.0,0.38,97.3
0.0,0.386,97.3
0.0,0.374,97.3
0.029,0.391,97.3
0.046,0.344,97.3
0.042,0.302,97.3
0.031,0.323,97.3
0.035,0.347,97.3
0.023,0.388,97.3
0.0,0.432,97.3
0.0,0.454,97.3
0.0,0.427,97.3
0.0,0.425,97.3
0.0,0.441,97.3
0.0,0.444,97.3
0.0,0.436,97.3
0.0,0.488,97.3
0.0,0.545,97.3
0.0,0.62,97.3
0.0,0.707,97.3
0.0,0.791,97.3
0.0,0.812,97.3
0.0,0.793,97.3
0.0,0.758,97.3
0.0,0.684,97.3
0.0,0.56,97.3
0.0,0.385,97.3
0.003,0.203,97.3
0.017,0.104,97.3
0.029,0.062,97.3
0.029,0.056,97.3
0.017,0.107,97.3
0.001,0.194,97.3
0.0,0.276,97.3
0.0,0.28,97.3
0.0,0.238,97.3
0.0,0.186,97.3
0.0,0.144,97.3
0.0,0.124,97.3
0.0,0.124,97.3
0.0,0.14,97.3
0.0,0.167,97.3
0.0,0.204,97.3
0.0,0.251,97.3
0.0,0.297,97.3
0.0,0.328,97.3
0.0,0.332,97.3
0.0,0.359,97.3
0.0,0.399,97.3
0.0,0.417,97.3
0.014,0.417,97.3
0.114,0.369,97.3
0.218,0.305,97.3
0.25,0.312,97.3
0.251,0.278,97.3
0.201,0.233,97.3
0.064,0.225,97.3
0.0,0.263,97.3
0.0,0.304,97.3
0.0,0.333,97.3
0.0,0.37,97.3
0.0,0.385,97.3
0.0,0.403,97.3
0.0,0.401,97.3
0.0,0.423,97.3
0.0,0.46,97.3
0.0,0.509,97.3
0.0,0.552,97.3
0.0,0.587,97.3
0.0,0.613,97.3
0.0,0.615,97.3
0.0,0.599,97.3
0.0,0.578,97.3
0.0,0.55,97.3
0.001,0.531,97.3
0.025,0.484,97.3
0.051,0.488,97.3
0.065,0.501,97.3
0.045,0.494,97.3
0.029,0.513,97.3
0.008,0.532,97.3
0.0,0.527,97.3
0.0,0.516,97.3
0.0,0.491,97.3
0.0,0.476,97.3
0.0,0.469,97.3
0.0,0.476,97.3
0.0,0.471,97.3
0.0,0.45,97.3
0.0,0.459,97.3
0.0,0.492,97.3
0.0,0.478,97.3
0.0,0.457,97.3
0.0,0.436,97.3
0.0,0.41,97.3
0.0,0.401,97.3
0.0,0.396,97.3
0.0,0.395,97.3
0.005,0.364,97.3
0.046,0.328,97.3
0.095,0.318,97.3
0.131,0.308,97.3
0.188,0.291,97.3
0.157,0.294,97.3
0.088,0.311,97.3
0.001,0.39,97.3
0.0,0.46,97.3
0.0,0.463,97.3
0.0,0.436,97.3
0.0,0.415,97.3
0.0,0.374,97.3
0.0,0.318,97.3
0.0,0.294,97.3
0.0,0.3,97.3
0.0,0.328,97.3
0.0,0.341,97.3
0.0,0.323,97.3
0.0,0.291,97.3
0.0,0.28,97.3
0.0,0.278,97.3
0.0,0.305,97.3
0.0,0.311,97.3
0.0,0.294,97.3
0.006,0.272,97.3
0.034,0.251,97.3
0.051,0.256,97.3
0.045,0.223,97.3
0.025,0.231,97.3
0.005,0.255,97.3
0.0,0.294,97.3
0.0,0.343,97.3
0.0,0.348,97.3
0.0,0.366,97.3
0.0,0.359,97.3
0.0,0.385,97.3
0.0,0.393,97.3
0.0,0.376,97.3
0.0,0.36,97.3
0.0,0.341,97.3
0.0,0.337,97.3
0.0,0.349,97.3
0.0,0.375,97.3
0.0,0.368,97.3
0.0,0.362,97.3
0.0,0.364,97.3
0.0,0.376,97.3
0.0,0.364,97.3
0.015,0.355,97.3
0.023,0.345,97.3
0.027,0.352,97.3
0.025,0.338,97.3
0.012,0.323,97.3
0.001,0.289,97.3
0.0,0.298,97.3
0.0,0.29,97.3
0.0,0.284,97.3
0.0,0.29,97.3
0.0,0.294,97.3
0.0,0.3,97.3
0.0,0.289,97.3
0.0,0.278,97.3
0.0,0.27,97.3
0.0,0.267,97.3
0.0,0.255,97.3
0.0,0.237,97.3
0.0,0.223,97.3
0.0,0.216,97.3
0.0,0.2,97.3
0.0,0.176,97.3
0.0,0.148,97.3
0.015,0.117,97.3
0.087,0.082,97.3
0.135,0.043,97.3
0.199,0.025,97.3
0.252,0.017,97.3
0.26,0.013,97.3
0.151,0.014,97.3
0.002,0.018,97.3
0.0,0.025,97.3
0.0,0.032,97.3
0.0,0.039,97.3
0.0,0.042,97.3
0.0,0.042,97.3
0.0,0.04,97.3
0.0,0.037,97.3
0.0,0.035,97.3
0.0,0.028,97.3
0.0,0.019,97.3
0.0,0.013,97.3
0.0,0.011,97.3
0.0,0.013,97.3
0.0,0.019,97.3
0.0,0.027,97.3
0.0,0.039,97.3
0.0,0.054,97.3
0.01,0.058,97.3
0.025,0.059,97.3
0.032,0.06,97.3
0.03,0.066,97.3
0.02,0.072,97.3
0.004,0.094,97.3
0.0,0.132,97.3
0.0,0.165,97.3
0.0,0.197,97.3
0.0,0.218,97.3
0.0,0.207,97.3
0.0,0.19,97.3
0.0,0.17,97.3
0.0,0.161,97.3
0.0,0.159,97.3
0.0,0.16,97.3
0.0,0.155,97.3
0.0,0.143,97.3
0.0,0.129,97.3
0.0,0.131,97.3
0.0,0.128,97.3
0.0,0.117,97.3
0.0,0.101,97.3
0.0,0.083,97.3
0.018,0.058,97.3
0.046,0.057,97.3
0.074,0.068,97.3
0.076,0.071,97.3
0.061,0.07,97.3
0.025,0.071,97.3
0.0,0.098,97.3
0.0,0.121,97.3
0.0,0.119,97.3
0.0,0.105,97.3
0.0,0.092,97.3
0.0,0.076,97.3
0.0,0.059,97.3
0.0,0.046,97.3
0.0,0.032,97.3
0.0,0.021,97.3
0.0,0.017,97.3
0.0,0.019,97.3
0.0,0.027,97.3
0.0,0.041,97.3
0.0,0.058,97.3
0.0,0.071,97.3
0.0,0.082,97.3
0.001,0.078,97.3
0.025,0.068,97.3
0.048,0.075,97.3
0.065,0.101,97.3
0.058,0.124,97.3
0.041,0.133,97.3
0.012,0.126,97.3
0.0,0.152,97.3
0.0,0.18,97.3
0.0,0.182,97.3
0.0,0.18,97.3
0.0,0.178,97.3
0.0,0.167,97.3
0.0,0.164,97.3
0.0,0.158,97.3
0.0,0.157,97.3
0.0,0.155,97.3
0.0,0.157,97.3
0.0,0.159,97.3
0.0,0.158,97.3
0.0,0.144,97.3
0.0,0.128,97.3
0.0,0.11,97.3
0.0,0.09,97.3
0.02,0.069,97.3
0.088,0.039,97.3
0.17,0.028,97.3
0.228,0.045,97.3
0.172,0.047,97.3
0.128,0.047,97.3
0.058,0.058,97.3
0.0,0.078,97.3
0.0,0.106,97.3
0.0,0.144,97.3
0.0,0.187,97.3
0.0,0.227,97.3
0.0,0.248,97.3
0.0,0.243,97.3
0.0,0.219,97.3
0.0,0.181,97.3
0.0,0.134,97.3
0.0,0.094,97.3
0.0,0.069,97.3
0.0,0.054,97.3
0.0,0.05,97.3
0.0,0.053,97.3
0.0,0.058,97.3
0.0,0.061,97.3
0.098,0.058,97.3
0.308,0.035,97.3
0.47,0.015,97.3
0.521,0.016,97.3
0.498,0.02,97.3
0.402,0.022,97.3
0.223,0.038,97.3
0.009,0.073,97.3
0.0,0.123,97.3
0.0,0.168,97.3
0.0,0.194,97.3
0.0,0.201,97.3
0.0,0.195,97.3
0.0,0.185,97.3
0.0,0.175,97.3
0.0,0.163,97.3
0.0,0.152,97.3
0.0,0.134,97.3
0.0,0.116,97.3
0.0,0.11,97.3
0.0,0.138,97.3
0.0,0.184,97.3
0.0,0.213,97.3
0.0,0.225,97.3
0.065,0.194,97.3
0.203,0.111,97.3
0.217,0.112,97.3
0.316,0.156,97.3
0.364,0.161,97.3
0.138,0.141,97.3
0.031,0.155,97.3
0.0,0.225,97.3
0.0,0.303,97.3
0.0,0.346,97.3
0.0,0.341,97.3
0.0,0.328,97.3
0.0,0.311,97.3
0.0,0.289,97.3
0.0,0.277,97.3
0.0,0.276,97.3
0.0,0.269,97.3
0.0,0.343,97.3
0.0,0.367,97.3
0.0,0.358,97.3
0.0,0.3,97.3
0.0,0.259,97.3
0.0,0.264,97.3
0.0,0.329,97.3
0.002,0.422,97.3
0.009,0.388,97.3
0.018,0.365,97.3
0.024,0.379,97.3
0.025,0.398,97.3
0.019,0.416,97.3
0.004,0.44,97.3
0.0,0.481,97.3
0.0,0.523,97.3
0.0,0.561,97.3
0.0,0.594,97.3
0.0,0.614,97.3
0.0,0.633,97.3
0.0,0.71,97.3
0.0,0.734,97.3
0.0,0.718,97.3
0.0,0.646,97.3
0.0,0.615,97.3
0.0,0.601,97.3
0.0,0.607,97.3
0.0,0.552,97.3
0.0,0.523,97.3
0.0,0.462,97.3
0.0,0.407,97.3
0.0,0.385,97.3
0.016,0.376,97.3
0.039,0.361,97.3
0.043,0.337,97.3
0.035,0.297,97.3
0.028,0.262,97.3
0.01,0.223,97.3
0.0,0.223,97.3
0.0,0.195,97.3
0.0,0.144,97.3
0.0,0.097,97.3
0.0,0.059,97.3
0.0,0.033,97.3
0.0,0.042,97.3
0.0,0.059,97.3
0.0,0.101,97.3
0.0,0.146,97.3
0.0,0.173,97.3
0.0,0.176,97.3
0.0,0.181,97.3
0.0,0.258,97.3
0.0,0.354,97.3
0.0,0.42,97.3
0.0,0.454,97.3
0.002,0.499,97.3
0.037,0.488,97.3
0.099,0.459,97.3
0.191,0.432,97.3
0.236,0.432,97.3
0.198,0.42,97.3
0.099,0.394,97.3
0.0,0.433,97.3
0.0,0.448,97.3
0.0,0.434,97.3
0.0,0.401,97.3
0.0,0.355,97.3
0.0,0.309,97.3
0.0,0.264,97.3
0.0,0.233,97.3
0.0,0.206,97.3
0.0,0.18,97.3
0.0,0.183,97.3
0.0,0.189,97.3
0.0,0.205,97.3
0.0,0.223,97.3
0.0,0.233,97.3
0.0,0.244,97.3
0.0,0.254,97.3
0.004,0.261,97.3
0.036,0.227,97.3
0.059,0.214,97.3
0.062,0.192,97.3
0.062,0.177,97.3
0.046,0.176,97.3
0.017,0.209,97.3
0.0,0.26,97.3
0.0,0.3,97.3
0.0,0.308,97.3
0.0,0.3,97.3
0.0,0.288,97.3
0.0,0.267,97.3
0.0,0.251,97.3
0.0,0.259,97.3
0.0,0.281,97.3
0.0,0.299,97.3
0.0,0.291,97.3
0.0,0.31,97.3
0.0,0.317,97.3
0.0,0.317,97.3
0.0,0.292,97.3
0.0,0.291,97.3
0.0,0.314,97.3
0.002,0.309,97.3
0.026,0.303,97.3
0.046,0.315,97.3
0.042,0.352,97.3
0.033,0.373,97.3
0.025,0.339,97.3
0.009,0.379,97.3
0.0,0.464,97.3
0.0,0.484,97.3
0.0,0.481,97.3
0.0,0.459,97.3
0.0,0.47,97.3
0.0,0.586,97.3
0.0,0.61,97.3
0.0,0.58,97.3
0.0,0.552,97.3
0.0,0.576,97.3
0.0,0.601,97.3
0.0,0.621,97.3
0.0,0.606,97.3
0.0,0.618,97.3
0.0,0.602,97.3
0.0,0.617,97.3
0.0,0.663,97.3
0.003,0.725,97.3
0.039,0.804,97.3
0.028,0.932,97.3
0.135,0.953,97.3
0.104,0.949,97.3
0.02,0.933,97.3
0.0,0.933,97.3
0.0,0.917,97.3
0.0,0.881,97.3
0.0,0.863,97.3
0.0,0.849,97.3
0.0,0.828,97.3
0.0,0.792,97.3
0.0,0.772,97.3
0.0,0.711,97.3
0.0,0.702,97.3
0.0,0.624,97.3
0.0,0.557,97.3
0.0,0.484,97.3
0.0,0.41,97.3
0.0,0.365,97.3
0.0,0.295,97.3
0.0,0.257,97.3
0.0,0.243,97.3
0.0,0.253,97.3
0.021,0.27,97.3
0.032,0.316,97.3
0.019,0.382,97.3
0.01,0.476,97.3
0.007,0.488,97.3
0.0,0.561,97.3
0.0,0.791,97.3
0.0,0.797,97.3
0.0,0.801,97.3
0.0,0.78,97.3
0.0,0.768,97.3
0.0,0.705,97.3
0.0,0.628,97.3
0.0,0.566,97.3
0.0,0.531,97.3
0.0,0.55,97.3
0.0,0.582,97.3
0.0,0.722,97.3
0.0,0.759,97.3
0.0,0.751,97.3
0.0,0.744,97.3
0.0,0.748,97.3
0.0,0.763,97.3
0.015,0.75,97.3
0.063,0.755,97.3
0.084,0.746,97.3
0.092,0.737,97.3
0.102,0.754,97.3
0.083,0.752,97.3
0.022,0.752,97.3
0.0,0.75,97.3
0.0,0.748,97.3
0.0,0.737,97.3
0.0,0.733,97.3
0.0,0.702,97.3
0.0,0.722,97.3
0.0,0.698,97.3
0.0,0.72,97.3
0.0,0.732,97.3
0.0,0.705,97.3
0.0,0.679,97.3
0.0,0.607,97.3
0.0,0.606,97.3
0.0,0.643,97.3
0.0,0.667,97.3
0.0,0.675,97.3
0.0,0.676,97.3
0.011,0.655,97.3
0.039,0.615,97.3
0.078,0.63,97.3
0.123,0.673,97.3
0.15,0.606,97.3
0.159,0.663,97.3
0.048,0.708,97.3
0.0,0.701,97.3
0.0,0.675,97.3
0.0,0.644,97.3
0.0,0.601,97.3
0.0,0.583,97.3
0.0,0.569,97.3
0.0,0.547,97.3
0.0,0.531,97.3
0.0,0.503,97.3
