solar_cf,wind_cf,price
0.0,0.17,39.5
0.0,0.176,39.5
0.0,0.201,39.5
0.0,0.261,39.5
0.0,0.332,39.5
0.0,0.375,39.5
0.0,0.38,39.5
0.0,0.379,39.5
0.004,0.374,39.5
0.051,0.332,39.5
0.089,0.297,39.5
0.108,0.305,39.5
0.086,0.302,39.5
0.049,0.297,39.5
0.015,0.283,39.5
0.0,0.308,39.5
0.0,0.368,39.5
0.0,0.442,39.5
0.0,0.497,39.5
0.0,0.523,39.5
0.0,0.556,39.5
0.0,0.618,39.5
0.0,0.664,39.5
0.0,0.65,39.5
0.0,0.618,39.5
0.0,0.618,39.5
0.0,0.652,39.5
0.0,0.67,39.5
0.0,0.644,39.5
0.0,0.587,39.5
0.0,0.552,39.5
0.0,0.525,39.5
0.019,0.491,39.5
0.088,0.398,39.5
0.154,0.341,39.5
0.187,0.302,39.5
0.184,0.273,39.5
0.141,0.275,39.5
0.072,0.28,39.5
0.016,0.305,39.5
0.0,0.348,39.5
0.0,0.369,39.5
0.0,0.359,39.5
0.0,0.328,39.5
0.0,0.287,39.5
0.0,0.249,39.5
0.0,0.215,39.5
0.0,0.192,39.5
0.0,0.18,39.5
0.0,0.178,39.5
0.0,0.169,39.5
0.0,0.162,39.5
0.0,0.157,39.5
0.0,0.155,39.5
0.0,0.154,39.5
0.0,0.154,39.5
0.02,0.153,39.5
0.098,0.132,39.5
0.164,0.108,39.5
0.318,0.112,39.5
0.313,0.141,39.5
0.17,0.191,39.5
0.078,0.229,39.5
0.016,0.281,39.5
0.0,0.338,39.5
0.0,0.363,39.5
0.0,0.366,39.5
0.0,0.354,39.5
0.0,0.337,39.5
0.0,0.319,39.5
0.0,0.279,39.5
0.0,0.151,39.5
0.0,0.077,39.5
0.0,0.106,39.5
0.0,0.179,39.5
0.0,0.164,39.5
0.0,0.096,39.5
0.0,0.051,39.5
0.0,0.051,39.5
0.0,0.06,39.5
0.045,0.046,39.5
0.132,0.03,39.5
0.179,0.024,39.5
0.19,0.026,39.5
0.166,0.019,39.5
0.123,0.018,39.5
0.068,0.035,39.5
0.016,0.071,39.5
0.0,0.116,39.5
0.0,0.162,39.5
0.0,0.204,39.5
0.0,0.24,39.5
0.0,0.264,39.5
0.0,0.266,39.5
0.0,0.264,39.5
0.0,0.262,39.5
0.0,0.251,39.5
0.0,0.241,39.5
0.0,0.225,39.5
0.0,0.208,39.5
0.0,0.208,39.5
0.0,0.22,39.5
0.0,0.234,39.5
0.0,0.254,39.5
0.024,0.267,39.5
0.105,0.243,39.5
0.225,0.218,39.5
0.227,0.218,39.5
0.215,0.235,39.5
0.166,0.266,39.5
0.088,0.285,39.5
0.018,0.302,39.5
0.0,0.328,39.5
0.0,0.345,39.5
0.0,0.355,39.5
0.0,0.364,39.5
0.0,0.37,39.5
0.0,0.367,39.5
0.0,0.367,39.5
0.0,0.375,39.5
0.0,0.388,39.5
0.0,0.382,39.5
0.0,0.355,39.5
0.0,0.337,39.5
0.0,0.333,39.5
0.0,0.323,39.5
0.0,0.294,39.5
0.0,0.265,39.5
0.011,0.249,39.5
0.068,0.233,39.5
0.134,0.187,39.5
0.184,0.183,39.5
0.203,0.207,39.5
0.184,0.232,39.5
0.08,0.245,39.5
0.014,0.318,39.5
0.0,0.398,39.5
0.0,0.441,39.5
0.0,0.452,39.5
0.0,0.444,39.5
0.0,0.436,39.5
0.0,0.425,39.5
0.0,0.4,39.5
0.0,0.376,39.5
0.0,0.35,39.5
0.0,0.332,39.5
0.0,0.281,39.5
0.0,0.22,39.5
0.0,0.192,39.5
0.0,0.172,39.5
0.0,0.179,39.5
0.0,0.207,39.5
0.006,0.239,39.5
0.075,0.277,39.5
0.135,0.295,39.5
0.172,0.404,39.5
0.124,0.505,39.5
0.045,0.532,39.5
0.011,0.538,39.5
0.0,0.622,39.5
0.0,0.697,39.5
0.0,0.702,39.5
0.0,0.731,39.5
0.0,0.726,39.5
0.0,0.749,39.5
0.0,0.782,39.5
0.0,0.831,39.5
0.0,0.863,39.5
0.0,0.863,39.5
0.0,0.9,39.5
0.0,0.897,39.5
0.0,0.854,39.5
0.0,0.814,39.5
0.0,0.792,39.5
0.0,0.762,39.5
0.0,0.73,39.5
0.045,0.739,39.5
0.09,0.718,39.5
0.104,0.698,39.5
0.141,0.75,39.5
0.155,0.762,39.5
0.303,0.758,39.5
0.236,0.72,39.5
0.062,0.661,39.5
0.0,0.674,39.5
0.0,0.711,39.5
0.0,0.722,39.5
0.0,0.698,39.5
0.0,0.665,39.5
0.0,0.657,39.5
0.0,0.678,39.5
0.0,0.731,39.5
0.0,0.794,39.5
0.0,0.812,39.5
0.0,0.82,39.5
0.0,0.829,39.5
0.0,0.83,39.5
0.0,0.834,39.5
0.0,0.849,39.5
0.0,0.877,39.5
0.088,0.87,39.5
0.3,0.84,39.5
0.424,0.865,39.5
0.453,0.862,39.5
0.429,0.842,39.5
0.337,0.831,39.5
0.186,0.805,39.5
0.028,0.779,39.5
0.0,0.8,39.5
0.0,0.804,39.5
0.0,0.808,39.5
0.0,0.822,39.5
0.0,0.803,39.5
0.0,0.794,39.5
0.0,0.78,39.5
0.0,0.756,39.5
0.0,0.714,39.5
0.0,0.651,39.5
0.0,0.644,39.5
0.0,0.618,39.5
0.0,0.586,39.5
0.0,0.574,39.5
0.0,0.544,39.5
0.0,0.498,39.5
0.059,0.459,39.5
0.161,0.371,39.5
0.248,0.32,39.5
0.322,0.309,39.5
0.315,0.285,39.5
0.222,0.269,39.5
0.11,0.269,39.5
0.022,0.297,39.5
0.0,0.329,39.5
0.0,0.311,39.5
0.0,0.278,39.5
0.0,0.243,39.5
0.0,0.204,39.5
0.0,0.161,39.5
0.0,0.132,39.5
0.0,0.127,39.5
0.0,0.148,39.5
0.0,0.185,39.5
0.0,0.225,39.5
0.0,0.27,39.5
0.0,0.328,39.5
0.0,0.398,39.5
0.0,0.458,39.5
0.0,0.488,39.5
0.0,0.482,39.5
0.019,0.405,39.5
0.025,0.311,39.5
0.024,0.264,39.5
0.021,0.256,39.5
0.016,0.243,39.5
0.003,0.231,39.5
0.0,0.227,39.5
0.0,0.211,39.5
0.0,0.189,39.5
0.0,0.179,39.5
0.0,0.171,39.5
0.0,0.18,39.5
0.0,0.207,39.5
0.0,0.233,39.5
0.0,0.266,39.5
0.0,0.314,39.5
0.0,0.342,39.5
0.0,0.382,39.5
0.0,0.431,39.5
0.0,0.498,39.5
0.0,0.586,39.5
0.0,0.644,39.5
0.0,0.663,39.5
0.003,0.66,39.5
0.024,0.695,39.5
0.034,0.746,39.5
0.012,0.82,39.5
0.01,0.855,39.5
0.019,0.832,39.5
0.027,0.866,39.5
0.004,0.879,39.5
0.0,0.884,39.5
0.0,0.871,39.5
0.0,0.872,39.5
0.0,0.85,39.5
0.0,0.831,39.5
0.0,0.84,39.5
0.0,0.871,39.5
0.0,0.872,39.5
0.0,0.87,39.5
0.0,0.873,39.5
0.0,0.899,39.5
0.0,0.887,39.5
0.0,0.877,39.5
0.0,0.88,39.5
0.0,0.91,39.5
0.0,0.926,39.5
0.002,0.923,39.5
0.012,0.938,39.5
0.057,0.954,39.5
0.06,0.969,39.5
0.059,0.972,39.5
0.056,0.968,39.5
0.028,0.968,39.5
0.0,0.967,39.5
0.0,0.955,39.5
0.0,0.943,39.5
0.0,0.936,39.5
0.0,0.936,39.5
0.0,0.938,39.5
0.0,0.933,39.5
0.0,0.931,39.5
0.0,0.917,39.5
0.0,0.907,39.5
0.0,0.913,39.5
0.0,0.911,39.5
0.0,0.902,39.5
0.0,0.885,39.5
0.0,0.868,39.5
0.0,0.849,39.5
0.0,0.821,39.5
0.083,0.787,39.5
0.249,0.722,39.5
0.378,0.684,39.5
0.473,0.651,39.5
0.511,0.623,39.5
0.44,0.558,39.5
0.292,0.467,39.5
0.082,0.39,39.5
0.0,0.37,39.5
0.0,0.34,39.5
0.0,0.303,39.5
0.0,0.267,39.5
0.0,0.243,39.5
0.0,0.22,39.5
0.0,0.208,39.5
0.0,0.23,39.5
0.0,0.26,39.5
0.0,0.285,39.5
0.0,0.312,39.5
0.0,0.334,39.5
0.0,0.344,39.5
0.0,0.348,39.5
0.0,0.379,39.5
0.0,0.415,39.5
0.018,0.414,39.5
0.072,0.367,39.5
0.143,0.353,39.5
0.152,0.414,39.5
0.093,0.432,39.5
0.067,0.415,39.5
0.047,0.396,39.5
0.006,0.422,39.5
0.0,0.447,39.5
0.0,0.476,39.5
0.0,0.495,39.5
0.0,0.525,39.5
0.0,0.549,39.5
0.0,0.565,39.5
0.0,0.58,39.5
0.0,0.603,39.5
0.0,0.593,39.5
0.0,0.568,39.5
0.0,0.553,39.5
0.0,0.558,39.5
0.0,0.591,39.5
0.0,0.615,39.5
0.0,0.621,39.5
0.0,0.615,39.5
0.019,0.613,39.5
0.048,0.605,39.5
0.065,0.697,39.5
0.066,0.748,39.5
0.057,0.777,39.5
0.032,0.791,39.5
0.017,0.821,39.5
0.0,0.856,39.5
0.0,0.893,39.5
0.0,0.886,39.5
0.0,0.874,39.5
0.0,0.794,39.5
0.0,0.686,39.5
0.0,0.622,39.5
0.0,0.59,39.5
0.0,0.631,39.5
0.0,0.726,39.5
0.0,0.783,39.5
0.0,0.821,39.5
0.0,0.823,39.5
0.0,0.864,39.5
0.0,0.858,39.5
0.0,0.869,39.5
0.0,0.867,39.5
0.013,0.856,39.5
0.072,0.788,39.5
0.113,0.736,39.5
0.102,0.753,39.5
0.175,0.804,39.5
0.354,0.788,39.5
0.312,0.717,39.5
0.132,0.668,39.5
0.0,0.672,39.5
0.0,0.64,39.5
0.0,0.574,39.5
0.0,0.487,39.5
0.0,0.372,39.5
0.0,0.248,39.5
0.0,0.133,39.5
0.0,0.048,39.5
0.0,0.01,39.5
0.0,0.008,39.5
0.0,0.026,39.5
0.0,0.067,39.5
0.0,0.126,39.5
0.0,0.185,39.5
0.0,0.237,39.5
0.0,0.292,39.5
0.071,0.343,39.5
0.187,0.33,39.5
0.381,0.378,39.5
0.513,0.467,39.5
0.484,0.529,39.5
0.34,0.593,39.5
0.165,0.644,39.5
0.06,0.674,39.5
0.0,0.746,39.5
0.0,0.78,39.5
0.0,0.792,39.5
0.0,0.8,39.5
0.0,0.813,39.5
0.0,0.802,39.5
0.0,0.786,39.5
0.0,0.746,39.5
0.0,0.73,39.5
0.0,0.72,39.5
0.0,0.715,39.5
0.0,0.727,39.5
0.0,0.724,39.5
0.0,0.701,39.5
0.0,0.68,39.5
0.0,0.735,39.5
0.001,0.716,39.5
0.024,0.686,39.5
0.062,0.612,39.5
0.084,0.54,39.5
0.081,0.466,39.5
0.063,0.408,39.5
0.036,0.398,39.5
0.002,0.4,39.5
0.0,0.406,39.5
0.0,0.388,39.5
0.0,0.341,39.5
0.0,0.284,39.5
0.0,0.227,39.5
0.0,0.161,39.5
0.0,0.114,39.5
0.0,0.103,39.5
0.0,0.118,39.5
0.0,0.162,39.5
0.0,0.213,39.5
0.0,0.243,39.5
0.0,0.251,39.5
0.0,0.25,39.5
0.0,0.254,39.5
0.0,0.274,39.5
0.021,0.278,39.5
0.084,0.259,39.5
0.159,0.249,39.5
0.245,0.248,39.5
0.268,0.257,39.5
0.379,0.288,39.5
0.296,0.325,39.5
0.116,0.392,39.5
0.0,0.491,39.5
0.0,0.538,39.5
0.0,0.55,39.5
0.0,0.54,39.5
0.0,0.513,39.5
0.0,0.456,39.5
0.0,0.391,39.5
0.0,0.344,39.5
0.0,0.325,39.5
0.0,0.324,39.5
0.0,0.317,39.5
0.0,0.316,39.5
0.0,0.3,39.5
0.0,0.272,39.5
0.0,0.236,39.5
0.0,0.201,39.5
0.238,0.145,39.5
0.466,0.071,39.5
0.603,0.037,39.5
0.665,0.015,39.5
0.658,0.006,39.5
0.583,0.014,39.5
0.429,0.032,39.5
0.184,0.067,39.5
0.0,0.124,39.5
0.0,0.195,39.5
0.0,0.291,39.5
0.0,0.432,39.5
0.0,0.595,39.5
0.0,0.678,39.5
0.0,0.691,39.5
0.0,0.734,39.5
0.0,0.791,39.5
0.0,0.833,39.5
0.0,0.909,39.5
0.0,0.939,39.5
0.0,0.884,39.5
0.0,0.718,39.5
0.0,0.517,39.5
0.0,0.392,39.5
0.009,0.343,39.5
0.075,0.361,39.5
0.231,0.364,39.5
0.324,0.334,39.5
0.372,0.295,39.5
0.219,0.297,39.5
0.07,0.355,39.5
0.007,0.457,39.5
0.0,0.5,39.5
0.0,0.52,39.5
0.0,0.502,39.5
0.0,0.479,39.5
0.0,0.451,39.5
0.0,0.482,39.5
0.0,0.556,39.5
0.0,0.642,39.5
0.0,0.725,39.5
0.0,0.744,39.5
0.0,0.759,39.5
0.0,0.773,39.5
0.0,0.774,39.5
0.0,0.785,39.5
0.0,0.799,39.5
0.0,0.827,39.5
0.055,0.863,39.5
0.129,0.896,39.5
0.246,0.927,39.5
0.294,0.942,39.5
0.347,0.944,39.5
0.244,0.933,39.5
0.127,0.902,39.5
0.034,0.853,39.5
0.0,0.788,39.5
0.0,0.73,39.5
0.0,0.654,39.5
0.0,0.58,39.5
0.0,0.501,39.5
0.0,0.414,39.5
0.0,0.344,39.5
0.0,0.301,39.5
0.0,0.272,39.5
0.0,0.245,39.5
0.0,0.194,39.5
0.0,0.146,39.5
0.0,0.126,39.5
0.0,0.107,39.5
0.0,0.072,39.5
0.0,0.049,39.5
0.075,0.051,39.5
0.231,0.071,39.5
0.432,0.099,39.5
0.515,0.143,39.5
0.404,0.2,39.5
0.263,0.243,39.5
0.148,0.289,39.5
0.048,0.364,39.5
0.0,0.401,39.5
0.0,0.378,39.5
0.0,0.301,39.5
0.0,0.225,39.5
0.0,0.183,39.5
0.0,0.184,39.5
0.0,0.189,39.5
0.0,0.179,39.5
0.0,0.182,39.5
0.0,0.189,39.5
0.0,0.162,39.5
0.0,0.114,39.5
0.0,0.068,39.5
0.0,0.038,39.5
0.0,0.021,39.5
0.0,0.027,39.5
0.001,0.073,39.5
0.01,0.163,39.5
0.034,0.232,39.5
0.067,0.282,39.5
0.11,0.32,39.5
0.122,0.371,39.5
0.092,0.446,39.5
0.034,0.568,39.5
0.0,0.675,39.5
0.0,0.704,39.5
0.0,0.71,39.5
0.0,0.722,39.5
0.0,0.692,39.5
0.0,0.672,39.5
0.0,0.662,39.5
0.0,0.657,39.5
0.0,0.667,39.5
0.0,0.687,39.5
0.0,0.705,39.5
0.0,0.718,39.5
0.0,0.725,39.5
0.0,0.707,39.5
0.0,0.722,39.5
0.0,0.78,39.5
0.022,0.814,39.5
0.052,0.826,39.5
0.096,0.802,39.5
0.129,0.8,39.5
0.104,0.846,39.5
0.075,0.855,39.5
0.049,0.877,39.5
0.017,0.903,39.5
0.0,0.926,39.5
0.0,0.945,39.5
0.0,0.963,39.5
0.0,0.971,39.5
0.0,0.975,39.5
0.0,0.976,39.5
0.0,0.977,39.5
0.0,0.976,39.5
0.0,0.976,39.5
0.0,0.978,39.5
0.0,0.98,39.5
0.0,0.98,39.5
0.0,0.965,39.5
0.0,0.931,39.5
0.0,0.914,39.5
0.0,0.977,39.5
0.002,0.991,39.5
0.055,0.991,39.5
0.188,0.986,39.5
0.284,0.989,39.5
0.275,0.99,39.5
0.219,0.991,39.5
0.133,0.991,39.5
0.034,0.99,39.5
0.0,0.991,39.5
0.0,0.991,39.5
0.0,0.989,39.5
0.0,0.983,39.5
0.0,0.971,39.5
0.0,0.963,39.5
0.0,0.953,39.5
0.0,0.936,39.5
0.0,0.926,39.5
0.0,0.906,39.5
0.0,0.879,39.5
0.0,0.859,39.5
0.0,0.861,39.5
0.0,0.863,39.5
0.0,0.853,39.5
0.004,0.847,39.5
0.257,0.82,39.5
0.461,0.788,39.5
0.584,0.792,39.5
0.624,0.772,39.5
0.615,0.768,39.5
0.55,0.724,39.5
0.426,0.643,39.5
0.211,0.572,39.5
0.004,0.58,39.5
0.0,0.539,39.5
0.0,0.509,39.5
0.0,0.417,39.5
0.0,0.325,39.5
0.0,0.211,39.5
0.0,0.111,39.5
0.0,0.035,39.5
0.0,0.009,39.5
0.0,0.047,39.5
0.0,0.167,39.5
0.0,0.306,39.5
0.0,0.393,39.5
0.0,0.429,39.5
0.0,0.46,39.5
0.0,0.519,39.5
0.041,0.527,39.5
0.042,0.501,39.5
0.037,0.586,39.5
0.041,0.593,39.5
0.033,0.566,39.5
0.024,0.568,39.5
0.011,0.586,39.5
0.0,0.634,39.5
0.0,0.711,39.5
0.0,0.72,39.5
0.0,0.619,39.5
0.0,0.491,39.5
0.0,0.46,39.5
0.0,0.591,39.5
0.0,0.796,39.5
0.0,0.921,39.5
0.0,0.968,39.5
0.0,0.981,39.5
0.0,0.979,39.5
0.0,0.953,39.5
0.0,0.89,39.5
0.0,0.808,39.5
0.0,0.711,39.5
0.0,0.601,39.5
0.034,0.51,39.5
0.071,0.435,39.5
0.11,0.371,39.5
0.127,0.365,39.5
0.131,0.352,39.5
0.101,0.279,39.5
0.064,0.213,39.5
0.019,0.228,39.5
0.0,0.281,39.5
0.0,0.31,39.5
0.0,0.3,39.5
0.0,0.249,39.5
0.0,0.183,39.5
0.0,0.133,39.5
0.0,0.097,39.5
0.0,0.066,39.5
0.0,0.035,39.5
0.0,0.022,39.5
0.0,0.042,39.5
0.0,0.062,39.5
0.0,0.084,39.5
0.0,0.16,39.5
0.0,0.3,39.5
0.0,0.464,39.5
0.065,0.59,39.5
0.101,0.668,39.5
0.118,0.763,39.5
0.109,0.813,39.5
0.086,0.868,39.5
0.064,0.913,39.5
0.045,0.945,39.5
0.019,0.96,39.5
0.0,0.964,39.5
0.0,0.938,39.5
0.0,0.849,39.5
0.0,0.692,39.5
0.0,0.64,39.5
0.0,0.741,39.5
0.0,0.805,39.5
0.0,0.732,39.5
0.0,0.692,39.5
0.0,0.711,39.5
0.0,0.69,39.5
0.0,0.654,39.5
0.0,0.602,39.5
0.0,0.502,39.5
0.0,0.479,39.5
0.0,0.441,39.5
0.004,0.386,39.5
0.022,0.291,39.5
0.036,0.171,39.5
0.069,0.084,39.5
0.076,0.047,39.5
0.064,0.041,39.5
0.041,0.058,39.5
0.012,0.092,39.5
0.0,0.121,39.5
0.0,0.133,39.5
0.0,0.127,39.5
0.0,0.12,39.5
0.0,0.131,39.5
0.0,0.201,39.5
0.0,0.341,39.5
0.0,0.505,39.5
0.0,0.668,39.5
0.0,0.788,39.5
0.0,0.855,39.5
0.0,0.877,39.5
0.0,0.883,39.5
0.0,0.87,39.5
0.0,0.871,39.5
0.0,0.89,39.5
0.075,0.894,39.5
0.21,0.885,39.5
0.328,0.897,39.5
0.35,0.898,39.5
0.316,0.9,39.5
0.255,0.896,39.5
0.171,0.887,39.5
0.07,0.879,39.5
0.0,0.877,39.5
0.0,0.879,39.5
0.0,0.871,39.5
0.0,0.865,39.5
0.0,0.854,39.5
0.0,0.844,39.5
0.0,0.839,39.5
0.0,0.838,39.5
0.0,0.841,39.5
0.0,0.821,39.5
0.0,0.778,39.5
0.0,0.732,39.5
0.0,0.692,39.5
0.0,0.652,39.5
0.0,0.607,39.5
0.008,0.54,39.5
0.22,0.42,39.5
0.488,0.289,39.5
0.617,0.192,39.5
0.685,0.144,39.5
0.698,0.131,39.5
0.63,0.134,39.5
0.489,0.105,39.5
0.264,0.09,39.5
0.027,0.133,39.5
0.0,0.231,39.5
0.0,0.343,39.5
0.0,0.442,39.5
0.0,0.545,39.5
0.0,0.679,39.5
0.0,0.75,39.5
0.0,0.764,39.5
0.0,0.744,39.5
0.0,0.759,39.5
0.0,0.796,39.5
0.0,0.812,39.5
0.0,0.819,39.5
0.0,0.856,39.5
0.0,0.872,39.5
0.0,0.91,39.5
0.003,0.926,39.5
0.027,0.944,39.5
0.047,0.956,39.5
0.043,0.959,39.5
0.033,0.941,39.5
0.023,0.922,39.5
0.009,0.888,39.5
0.0,0.849,39.5
0.0,0.801,39.5
0.0,0.772,39.5
0.0,0.729,39.5
0.0,0.69,39.5
0.0,0.635,39.5
0.0,0.581,39.5
0.0,0.538,39.5
0.0,0.504,39.5
0.0,0.471,39.5
0.0,0.454,39.5
0.0,0.444,39.5
0.0,0.419,39.5
0.0,0.382,39.5
0.0,0.345,39.5
0.0,0.318,39.5
0.0,0.311,39.5
0.049,0.311,39.5
0.166,0.376,39.5
0.317,0.457,39.5
0.494,0.494,39.5
0.539,0.493,39.5
0.475,0.493,39.5
0.347,0.506,39.5
0.155,0.546,39.5
0.006,0.646,39.5
0.0,0.724,39.5
0.0,0.751,39.5
0.0,0.746,39.5
0.0,0.744,39.5
0.0,0.726,39.5
0.0,0.74,39.5
0.0,0.714,39.5
0.0,0.698,39.5
0.0,0.658,39.5
0.0,0.651,39.5
0.0,0.652,39.5
0.0,0.653,39.5
0.0,0.666,39.5
0.0,0.668,39.5
0.0,0.645,39.5
0.006,0.645,39.5
0.037,0.67,39.5
0.044,0.68,39.5
0.041,0.668,39.5
0.053,0.647,39.5
0.071,0.624,39.5
0.078,0.599,39.5
0.034,0.668,39.5
0.0,0.722,39.5
0.0,0.786,39.5
0.0,0.827,39.5
0.0,0.874,39.5
0.0,0.938,39.5
0.0,0.965,39.5
0.0,0.974,39.5
0.0,0.977,39.5
0.0,0.967,39.5
0.0,0.948,39.5
0.0,0.963,39.5
0.0,0.973,39.5
0.0,0.972,39.5
0.0,0.956,39.5
0.0,0.941,39.5
0.019,0.911,39.5
0.219,0.88,39.5
0.329,0.901,39.5
0.373,0.938,39.5
0.373,0.957,39.5
0.337,0.959,39.5
0.236,0.942,39.5
0.142,0.913,39.5
0.043,0.888,39.5
0.0,0.875,39.5
0.0,0.82,39.5
0.0,0.748,39.5
0.0,0.762,39.5
0.0,0.768,39.5
0.0,0.757,39.5
0.0,0.76,39.5
0.0,0.772,39.5
0.0,0.791,39.5
0.0,0.806,39.5
0.0,0.836,39.5
0.0,0.864,39.5
0.0,0.877,39.5
0.0,0.893,39.5
0.0,0.906,39.5
0.0,0.927,39.5
0.014,0.94,39.5
0.041,0.952,39.5
0.101,0.976,39.5
0.12,0.985,39.5
0.124,0.989,39.5
0.105,0.991,39.5
0.066,0.991,39.5
0.026,0.989,39.5
0.0,0.987,39.5
0.0,0.987,39.5
0.0,0.99,39.5
0.0,0.991,39.5
0.0,0.984,39.5
0.0,0.977,39.5
0.0,0.984,39.5
0.0,0.99,39.5
0.0,0.991,39.5
0.0,0.989,39.5
0.0,0.985,39.5
0.0,0.98,39.5
0.0,0.975,39.5
0.0,0.972,39.5
0.0,0.97,39.5
0.007,0.965,39.5
0.084,0.959,39.5
0.291,0.961,39.5
0.452,0.962,39.5
0.557,0.971,39.5
0.534,0.971,39.5
0.475,0.957,39.5
0.283,0.927,39.5
0.058,0.888,39.5
0.0,0.862,39.5
0.0,0.809,39.5
0.0,0.767,39.5
0.0,0.76,39.5
0.0,0.762,39.5
0.0,0.844,39.5
0.0,0.978,39.5
0.0,0.977,39.5
0.0,0.949,39.5
0.0,0.986,39.5
0.0,0.982,39.5
0.0,0.952,39.5
0.0,0.906,39.5
0.0,0.84,39.5
0.0,0.811,39.5
0.0,0.839,39.5
0.035,0.874,39.5
0.076,0.886,39.5
0.099,0.925,39.5
0.122,0.97,39.5
0.167,0.99,39.5
0.102,0.991,39.5
0.053,0.989,39.5
0.03,0.986,39.5
0.001,0.978,39.5
0.0,0.967,39.5
0.0,0.959,39.5
0.0,0.949,39.5
0.0,0.926,39.5
0.0,0.89,39.5
0.0,0.851,39.5
0.0,0.853,39.5
0.0,0.85,39.5
0.0,0.866,39.5
0.0,0.882,39.5
0.0,0.86,39.5
0.0,0.88,39.5
0.0,0.859,39.5
0.0,0.792,39.5
0.027,0.72,39.5
0.212,0.654,39.5
0.369,0.672,39.5
0.378,0.635,39.5
0.427,0.541,39.5
0.611,0.41,39.5
0.615,0.316,39.5
0.493,0.294,39.5
0.285,0.258,39.5
0.053,0.193,39.5
0.0,0.125,39.5
0.0,0.084,39.5
0.0,0.065,39.5
0.0,0.058,39.5
0.0,0.047,39.5
0.0,0.054,39.5
0.0,0.079,39.5
0.0,0.133,39.5
0.0,0.216,39.5
0.0,0.302,39.5
0.0,0.328,39.5
0.0,0.291,39.5
0.0,0.261,39.5
0.0,0.251,39.5
0.001,0.248,39.5
0.042,0.211,39.5
0.128,0.185,39.5
0.22,0.172,39.5
0.259,0.148,39.5
0.279,0.125,39.5
0.348,0.101,39.5
0.405,0.085,39.5
0.218,0.074,39.5
0.028,0.064,39.5
0.0,0.066,39.5
0.0,0.088,39.5
0.0,0.131,39.5
0.0,0.188,39.5
0.0,0.238,39.5
0.0,0.274,39.5
0.0,0.305,39.5
0.0,0.334,39.5
0.0,0.362,39.5
0.0,0.384,39.5
0.0,0.415,39.5
0.0,0.447,39.5
0.0,0.464,39.5
0.0,0.466,39.5
0.066,0.447,39.5
0.283,0.317,39.5
0.452,0.21,39.5
0.546,0.27,39.5
0.605,0.295,39.5
0.618,0.255,39.5
0.573,0.218,39.5
0.464,0.196,39.5
0.284,0.184,39.5
0.063,0.233,39.5
0.0,0.337,39.5
0.0,0.453,39.5
0.0,0.534,39.5
0.0,0.57,39.5
0.0,0.571,39.5
0.0,0.544,39.5
0.0,0.503,39.5
0.0,0.466,39.5
0.0,0.439,39.5
0.0,0.415,39.5
0.0,0.41,39.5
0.0,0.421,39.5
0.0,0.437,39.5
0.0,0.461,39.5
0.101,0.471,39.5
0.368,0.34,39.5
0.562,0.207,39.5
0.679,0.17,39.5
0.729,0.217,39.5
0.718,0.278,39.5
0.654,0.328,39.5
0.526,0.355,39.5
0.326,0.379,39.5
0.08,0.498,39.5
0.0,0.604,39.5
0.0,0.641,39.5
0.0,0.623,39.5
0.0,0.592,39.5
0.0,0.561,39.5
0.0,0.532,39.5
0.0,0.511,39.5
0.0,0.501,39.5
0.0,0.496,39.5
0.0,0.494,39.5
0.0,0.501,39.5
0.0,0.507,39.5
0.0,0.506,39.5
0.0,0.494,39.5
0.113,0.473,39.5
0.373,0.387,39.5
0.56,0.236,39.5
0.675,0.2,39.5
0.726,0.253,39.5
0.717,0.346,39.5
0.651,0.393,39.5
0.524,0.386,39.5
0.323,0.38,39.5
0.073,0.455,39.5
0.0,0.539,39.5
0.0,0.597,39.5
0.0,0.623,39.5
0.0,0.626,39.5
0.0,0.644,39.5
0.0,0.663,39.5
0.0,0.657,39.5
0.0,0.632,39.5
0.0,0.596,39.5
0.0,0.569,39.5
0.0,0.56,39.5
0.0,0.568,39.5
0.0,0.591,39.5
0.0,0.588,39.5
0.024,0.494,39.5
0.159,0.343,39.5
0.495,0.241,39.5
0.628,0.259,39.5
0.681,0.27,39.5
0.657,0.265,39.5
0.586,0.257,39.5
0.464,0.242,39.5
0.275,0.225,39.5
0.055,0.272,39.5
0.0,0.378,39.5
0.0,0.491,39.5
0.0,0.566,39.5
0.0,0.599,39.5
0.0,0.622,39.5
0.0,0.645,39.5
0.0,0.652,39.5
0.0,0.628,39.5
0.0,0.586,39.5
0.0,0.563,39.5
0.0,0.592,39.5
0.0,0.672,39.5
0.0,0.737,39.5
0.0,0.756,39.5
0.063,0.74,39.5
0.283,0.672,39.5
0.497,0.635,39.5
0.626,0.72,39.5
0.676,0.67,39.5
0.658,0.647,39.5
0.58,0.611,39.5
0.441,0.571,39.5
0.258,0.52,39.5
0.049,0.556,39.5
0.0,0.639,39.5
0.0,0.718,39.5
0.0,0.756,39.5
0.0,0.755,39.5
0.0,0.739,39.5
0.0,0.707,39.5
0.0,0.661,39.5
0.0,0.601,39.5
0.0,0.526,39.5
0.0,0.454,39.5
0.0,0.391,39.5
0.0,0.341,39.5
0.0,0.3,39.5
0.0,0.281,39.5
0.013,0.285,39.5
0.094,0.301,39.5
0.259,0.305,39.5
0.397,0.265,39.5
0.456,0.244,39.5
0.401,0.254,39.5
0.293,0.287,39.5
0.166,0.323,39.5
0.047,0.32,39.5
0.0,0.296,39.5
0.0,0.329,39.5
0.0,0.342,39.5
0.0,0.332,39.5
0.0,0.336,39.5
0.0,0.349,39.5
0.0,0.388,39.5
0.0,0.407,39.5
0.0,0.374,39.5
0.0,0.325,39.5
0.0,0.273,39.5
0.0,0.224,39.5
0.0,0.192,39.5
0.0,0.167,39.5
0.0,0.149,39.5
0.009,0.146,39.5
0.06,0.155,39.5
0.148,0.172,39.5
0.419,0.19,39.5
0.61,0.208,39.5
0.623,0.241,39.5
0.496,0.262,39.5
0.347,0.258,39.5
0.199,0.228,39.5
0.038,0.22,39.5
0.0,0.247,39.5
0.0,0.293,39.5
0.0,0.349,39.5
0.0,0.406,39.5
0.0,0.457,39.5
0.0,0.5,39.5
0.0,0.539,39.5
0.0,0.568,39.5
0.0,0.556,39.5
0.0,0.501,39.5
0.0,0.422,39.5
0.0,0.368,39.5
0.0,0.328,39.5
0.0,0.309,39.5
0.007,0.305,39.5
0.062,0.278,39.5
0.158,0.283,39.5
0.521,0.322,39.5
0.65,0.407,39.5
0.677,0.432,39.5
0.563,0.447,39.5
0.335,0.453,39.5
0.111,0.419,39.5
0.022,0.414,39.5
0.0,0.463,39.5
0.0,0.494,39.5
0.0,0.504,39.5
0.0,0.523,39.5
0.0,0.544,39.5
0.0,0.539,39.5
0.0,0.51,39.5
0.0,0.46,39.5
0.0,0.403,39.5
0.0,0.315,39.5
0.0,0.235,39.5
0.0,0.186,39.5
0.0,0.171,39.5
0.0,0.193,39.5
0.004,0.222,39.5
0.042,0.243,39.5
0.109,0.245,39.5
0.245,0.195,39.5
0.434,0.158,39.5
0.637,0.128,39.5
0.618,0.093,39.5
0.501,0.057,39.5
0.317,0.027,39.5
0.087,0.008,39.5
0.0,0.003,39.5
0.0,0.008,39.5
0.0,0.017,39.5
0.0,0.025,39.5
0.0,0.029,39.5
0.0,0.032,39.5
0.0,0.047,39.5
0.0,0.07,39.5
0.0,0.103,39.5
0.0,0.124,39.5
0.0,0.132,39.5
0.0,0.13,39.5
0.0,0.123,39.5
0.0,0.142,39.5
0.016,0.18,39.5
0.099,0.196,39.5
0.318,0.19,39.5
0.647,0.192,39.5
0.719,0.181,39.5
0.706,0.171,39.5
0.639,0.151,39.5
0.512,0.118,39.5
0.323,0.102,39.5
0.093,0.126,39.5
0.0,0.211,39.5
0.0,0.362,39.5
0.0,0.532,39.5
0.0,0.667,39.5
0.0,0.731,39.5
0.0,0.72,39.5
0.0,0.665,39.5
0.0,0.594,39.5
0.0,0.501,39.5
0.0,0.431,39.5
0.0,0.422,39.5
0.0,0.425,39.5
0.0,0.404,39.5
0.0,0.374,39.5
0.052,0.348,39.5
0.325,0.284,39.5
0.552,0.292,39.5
0.671,0.323,39.5
0.722,0.303,39.5
0.715,0.227,39.5
0.655,0.164,39.5
0.535,0.148,39.5
0.351,0.162,39.5
0.116,0.227,39.5
0.0,0.32,39.5
0.0,0.387,39.5
0.0,0.407,39.5
0.0,0.395,39.5
0.0,0.376,39.5
0.0,0.373,39.5
0.0,0.386,39.5
0.0,0.41,39.5
0.0,0.444,39.5
0.0,0.476,39.5
0.0,0.487,39.5
0.0,0.479,39.5
0.0,0.464,39.5
0.0,0.44,39.5
0.096,0.395,39.5
0.382,0.246,39.5
0.6,0.133,39.5
0.715,0.106,39.5
0.764,0.151,39.5
0.754,0.195,39.5
0.688,0.255,39.5
0.564,0.301,39.5
0.372,0.323,39.5
0.127,0.403,39.5
0.0,0.504,39.5
0.0,0.561,39.5
0.0,0.568,39.5
0.0,0.532,39.5
0.0,0.472,39.5
0.0,0.427,39.5
0.0,0.41,39.5
0.0,0.41,39.5
0.0,0.401,39.5
0.0,0.368,39.5
0.0,0.327,39.5
0.0,0.297,39.5
0.0,0.291,39.5
0.0,0.311,39.5
0.177,0.332,39.5
0.413,0.23,39.5
0.592,0.132,39.5
0.702,0.101,39.5
0.749,0.167,39.5
0.739,0.22,39.5
0.675,0.204,39.5
0.553,0.197,39.5
0.369,0.219,39.5
0.131,0.334,39.5
0.0,0.494,39.5
0.0,0.62,39.5
0.0,0.684,39.5
0.0,0.691,39.5
0.0,0.668,39.5
0.0,0.623,39.5
0.0,0.558,39.5
0.0,0.497,39.5
0.0,0.446,39.5
0.0,0.395,39.5
0.0,0.331,39.5
0.0,0.265,39.5
0.0,0.213,39.5
0.0,0.192,39.5
0.175,0.223,39.5
0.411,0.21,39.5
0.591,0.175,39.5
0.702,0.202,39.5
0.75,0.345,39.5
0.743,0.425,39.5
0.684,0.425,39.5
0.566,0.376,39.5
0.381,0.3,39.5
0.14,0.311,39.5
0.0,0.381,39.5
0.0,0.446,39.5
0.0,0.475,39.5
0.0,0.47,39.5
0.0,0.458,39.5
0.0,0.444,39.5
0.0,0.42,39.5
0.0,0.396,39.5
0.0,0.372,39.5
0.0,0.346,39.5
0.0,0.329,39.5
0.0,0.315,39.5
0.0,0.299,39.5
0.0,0.278,39.5
0.175,0.245,39.5
0.405,0.155,39.5
0.581,0.076,39.5
0.69,0.041,39.5
0.737,0.04,39.5
0.731,0.045,39.5
0.67,0.048,39.5
0.551,0.044,39.5
0.369,0.031,39.5
0.136,0.026,39.5
0.0,0.048,39.5
0.0,0.108,39.5
0.0,0.212,39.5
0.0,0.346,39.5
0.0,0.494,39.5
0.0,0.63,39.5
0.0,0.733,39.5
0.0,0.763,39.5
0.0,0.75,39.5
0.0,0.753,39.5
0.0,0.744,39.5
0.0,0.718,39.5
0.0,0.677,39.5
0.0,0.672,39.5
0.033,0.684,39.5
0.082,0.75,39.5
0.117,0.858,39.5
0.118,0.91,39.5
0.195,0.938,39.5
0.325,0.954,39.5
0.421,0.964,39.5
0.396,0.954,39.5
0.224,0.943,39.5
0.079,0.95,39.5
0.0,0.933,39.5
0.0,0.925,39.5
0.0,0.929,39.5
0.0,0.923,39.5
0.0,0.926,39.5
0.0,0.93,39.5
0.0,0.927,39.5
0.0,0.924,39.5
0.0,0.918,39.5
0.0,0.906,39.5
0.0,0.876,39.5
0.0,0.823,39.5
0.0,0.777,39.5
0.0,0.718,39.5
0.012,0.661,39.5
0.06,0.571,39.5
0.107,0.538,39.5
0.196,0.494,39.5
0.239,0.444,39.5
0.258,0.388,39.5
0.135,0.325,39.5
0.088,0.261,39.5
0.046,0.191,39.5
0.012,0.162,39.5
0.0,0.171,39.5
0.0,0.192,39.5
0.0,0.3,39.5
0.0,0.47,39.5
0.0,0.593,39.5
0.0,0.661,39.5
0.0,0.668,39.5
0.0,0.684,39.5
0.0,0.737,39.5
0.0,0.794,39.5
0.0,0.799,39.5
0.0,0.806,39.5
0.0,0.849,39.5
0.0,0.876,39.5
0.047,0.881,39.5
0.301,0.851,39.5
0.559,0.84,39.5
0.689,0.834,39.5
0.75,0.835,39.5
0.745,0.854,39.5
0.679,0.851,39.5
0.545,0.816,39.5
0.364,0.791,39.5
0.136,0.77,39.5
0.0,0.833,39.5
0.0,0.888,39.5
0.0,0.884,39.5
0.0,0.891,39.5
0.0,0.894,39.5
0.0,0.918,39.5
0.0,0.958,39.5
0.0,0.96,39.5
0.0,0.959,39.5
0.0,0.956,39.5
0.0,0.957,39.5
0.0,0.966,39.5
0.0,0.96,39.5
0.0,0.954,39.5
0.005,0.965,39.5
0.067,0.982,39.5
0.194,0.983,39.5
0.306,0.986,39.5
0.452,0.99,39.5
0.412,0.991,39.5
0.392,0.991,39.5
0.22,0.986,39.5
0.104,0.979,39.5
0.024,0.965,39.5
0.0,0.97,39.5
0.0,0.976,39.5
0.0,0.985,39.5
0.0,0.991,39.5
0.0,0.99,39.5
0.0,0.986,39.5
0.0,0.978,39.5
0.0,0.982,39.5
0.0,0.989,39.5
0.0,0.988,39.5
0.0,0.978,39.5
0.0,0.985,39.5
0.0,0.991,39.5
0.0,0.957,39.5
0.0,0.927,39.5
0.077,0.889,39.5
0.295,0.845,39.5
0.424,0.895,39.5
0.413,0.954,39.5
0.252,0.982,39.5
0.207,0.986,39.5
0.217,0.983,39.5
0.154,0.978,39.5
0.081,0.966,39.5
0.0,0.946,39.5
0.0,0.913,39.5
0.0,0.878,39.5
0.0,0.868,39.5
0.0,0.876,39.5
0.0,0.882,39.5
0.0,0.866,39.5
0.0,0.844,39.5
0.0,0.84,39.5
0.0,0.862,39.5
0.0,0.889,39.5
0.0,0.893,39.5
0.0,0.851,39.5
0.0,0.845,39.5
0.006,0.802,39.5
0.053,0.763,39.5
0.151,0.794,39.5
0.306,0.768,39.5
0.215,0.718,39.5
0.147,0.668,39.5
0.122,0.607,39.5
0.104,0.532,39.5
0.084,0.523,39.5
0.031,0.648,39.5
0.0,0.732,39.5
0.0,0.718,39.5
0.0,0.722,39.5
0.0,0.752,39.5
0.0,0.791,39.5
0.0,0.86,39.5
0.0,0.93,39.5
0.0,0.984,39.5
0.0,0.983,39.5
0.0,0.98,39.5
0.0,0.967,39.5
0.0,0.957,39.5
0.0,0.925,39.5
0.0,0.899,39.5
0.009,0.895,39.5
0.032,0.857,39.5
0.057,0.865,39.5
0.068,0.854,39.5
0.102,0.865,39.5
0.337,0.903,39.5
0.282,0.923,39.5
0.228,0.914,39.5
0.067,0.857,39.5
0.01,0.78,39.5
0.0,0.816,39.5
0.0,0.845,39.5
0.0,0.73,39.5
0.0,0.756,39.5
0.0,0.731,39.5
0.0,0.677,39.5
0.0,0.671,39.5
0.0,0.751,39.5
0.0,0.819,39.5
0.0,0.854,39.5
0.0,0.872,39.5
0.0,0.855,39.5
0.0,0.851,39.5
0.0,0.87,39.5
0.068,0.881,39.5
0.197,0.927,39.5
0.404,0.974,39.5
0.478,0.986,39.5
0.377,0.988,39.5
0.273,0.988,39.5
0.232,0.986,39.5
0.187,0.98,39.5
0.127,0.973,39.5
0.085,0.966,39.5
0.0,0.961,39.5
0.0,0.957,39.5
0.0,0.956,39.5
0.0,0.948,39.5
0.0,0.935,39.5
0.0,0.924,39.5
0.0,0.907,39.5
0.0,0.876,39.5
0.0,0.839,39.5
0.0,0.787,39.5
0.0,0.713,39.5
0.0,0.63,39.5
0.0,0.564,39.5
0.001,0.548,39.5
0.137,0.501,39.5
0.363,0.491,39.5
0.546,0.557,39.5
0.657,0.592,39.5
0.648,0.671,39.5
0.258,0.755,39.5
0.111,0.786,39.5
0.109,0.791,39.5
0.181,0.823,39.5
0.067,0.858,39.5
0.0,0.891,39.5
0.0,0.933,39.5
0.0,0.97,39.5
0.0,0.989,39.5
0.0,0.987,39.5
0.0,0.974,39.5
0.0,0.956,39.5
0.0,0.919,39.5
0.0,0.869,39.5
0.0,0.803,39.5
0.0,0.737,39.5
0.0,0.733,39.5
0.0,0.76,39.5
0.0,0.751,39.5
0.023,0.682,39.5
0.059,0.702,39.5
0.155,0.804,39.5
0.434,0.895,39.5
0.656,0.948,39.5
0.573,0.959,39.5
0.241,0.954,39.5
0.098,0.931,39.5
0.091,0.877,39.5
0.023,0.8,39.5
0.0,0.746,39.5
0.0,0.706,39.5
0.0,0.604,39.5
0.0,0.491,39.5
0.0,0.362,39.5
0.0,0.386,39.5
0.0,0.547,39.5
0.0,0.785,39.5
0.0,0.973,39.5
0.0,0.991,39.5
0.0,0.989,39.5
0.0,0.982,39.5
0.0,0.96,39.5
0.0,0.916,39.5
0.06,0.918,39.5
0.278,0.895,39.5
0.34,0.904,39.5
0.565,0.927,39.5
0.724,0.951,39.5
0.711,0.962,39.5
0.663,0.982,39.5
0.553,0.991,39.5
0.381,0.987,39.5
0.166,0.97,39.5
0.006,0.955,39.5
0.0,0.954,39.5
0.0,0.949,39.5
0.0,0.955,39.5
0.0,0.964,39.5
0.0,0.969,39.5
0.0,0.966,39.5
0.0,0.966,39.5
0.0,0.979,39.5
0.0,0.982,39.5
0.0,0.986,39.5
0.0,0.988,39.5
0.0,0.986,39.5
0.002,0.981,39.5
0.149,0.97,39.5
0.392,0.962,39.5
0.596,0.954,39.5
0.722,0.931,39.5
0.785,0.909,39.5
0.783,0.895,39.5
0.723,0.893,39.5
0.604,0.873,39.5
0.412,0.816,39.5
0.203,0.659,39.5
0.013,0.484,39.5
0.0,0.403,39.5
0.0,0.369,39.5
0.0,0.441,39.5
0.0,0.59,39.5
0.0,0.668,39.5
0.0,0.712,39.5
0.0,0.707,39.5
0.0,0.729,39.5
0.0,0.772,39.5
0.0,0.82,39.5
0.0,0.851,39.5
0.0,0.898,39.5
0.0,0.894,39.5
0.068,0.958,39.5
0.143,0.972,39.5
0.19,0.987,39.5
0.243,0.991,39.5
0.304,0.99,39.5
0.235,0.97,39.5
0.103,0.954,39.5
0.061,0.987,39.5
0.048,0.989,39.5
0.104,0.962,39.5
0.0,0.918,39.5
0.0,0.886,39.5
0.0,0.9,39.5
0.0,0.923,39.5
0.0,0.953,39.5
0.0,0.973,39.5
0.0,0.974,39.5
0.0,0.974,39.5
0.0,0.976,39.5
0.0,0.977,39.5
0.0,0.975,39.5
0.0,0.971,39.5
0.0,0.969,39.5
0.007,0.968,39.5
0.154,0.973,39.5
0.279,0.982,39.5
0.453,0.99,39.5
0.462,0.991,39.5
0.607,0.991,39.5
0.693,0.99,39.5
0.64,0.989,39.5
0.538,0.987,39.5
0.375,0.982,39.5
0.134,0.967,39.5
0.002,0.943,39.5
0.0,0.93,39.5
0.0,0.914,39.5
0.0,0.863,39.5
0.0,0.822,39.5
0.0,0.841,39.5
0.0,0.85,39.5
0.0,0.864,39.5
0.0,0.897,39.5
0.0,0.924,39.5
0.0,0.935,39.5
0.0,0.967,39.5
0.0,0.983,39.5
0.0,0.99,39.5
0.014,0.991,39.5
0.022,0.984,39.5
0.041,0.976,39.5
0.058,0.969,39.5
0.089,0.966,39.5
0.078,0.972,39.5
0.06,0.98,39.5
0.049,0.987,39.5
0.034,0.991,39.5
0.039,0.988,39.5
0.0,0.975,39.5
0.0,0.935,39.5
0.0,0.879,39.5
0.0,0.845,39.5
0.0,0.853,39.5
0.0,0.873,39.5
0.0,0.923,39.5
0.0,0.966,39.5
0.0,0.973,39.5
0.0,0.975,39.5
0.0,0.975,39.5
0.0,0.978,39.5
0.0,0.988,39.5
0.0,0.99,39.5
0.016,0.99,39.5
0.043,0.989,39.5
0.063,0.99,39.5
0.08,0.99,39.5
0.087,0.989,39.5
0.099,0.988,39.5
0.098,0.988,39.5
0.101,0.987,39.5
0.095,0.986,39.5
0.033,0.982,39.5
0.0,0.979,39.5
0.0,0.975,39.5
0.0,0.971,39.5
0.0,0.962,39.5
0.0,0.952,39.5
0.0,0.942,39.5
0.0,0.935,39.5
0.0,0.931,39.5
0.0,0.931,39.5
0.0,0.929,39.5
0.0,0.924,39.5
0.0,0.919,39.5
0.0,0.915,39.5
0.001,0.924,39.5
0.065,0.933,39.5
0.172,0.961,39.5
0.33,0.98,39.5
0.454,0.987,39.5
0.474,0.989,39.5
0.609,0.99,39.5
0.622,0.991,39.5
0.569,0.99,39.5
0.416,0.989,39.5
0.208,0.988,39.5
0.022,0.987,39.5
0.0,0.988,39.5
0.0,0.99,39.5
0.0,0.99,39.5
0.0,0.99,39.5
0.0,0.99,39.5
0.0,0.989,39.5
0.0,0.977,39.5
0.0,0.959,39.5
0.0,0.897,39.5
0.0,0.819,39.5
0.0,0.825,39.5
0.0,0.851,39.5
0.011,0.858,39.5
0.116,0.872,39.5
0.206,0.91,39.5
0.222,0.901,39.5
0.289,0.885,39.5
0.305,0.876,39.5
0.232,0.865,39.5
0.221,0.857,39.5
0.275,0.859,39.5
0.226,0.871,39.5
0.098,0.842,39.5
0.006,0.803,39.5
0.0,0.803,39.5
0.0,0.788,39.5
0.0,0.785,39.5
0.0,0.783,39.5
0.0,0.806,39.5
0.0,0.815,39.5
0.0,0.815,39.5
0.0,0.779,39.5
0.0,0.739,39.5
0.0,0.718,39.5
0.0,0.678,39.5
0.0,0.635,39.5
0.016,0.556,39.5
0.074,0.444,39.5
0.145,0.404,39.5
0.245,0.365,39.5
0.427,0.388,39.5
0.324,0.456,39.5
0.185,0.494,39.5
0.147,0.491,39.5
0.114,0.444,39.5
0.07,0.366,39.5
0.026,0.277,39.5
0.0,0.218,39.5
0.0,0.191,39.5
0.0,0.17,39.5
0.0,0.158,39.5
0.0,0.145,39.5
0.0,0.13,39.5
0.0,0.115,39.5
0.0,0.096,39.5
0.0,0.07,39.5
0.0,0.05,39.5
0.0,0.041,39.5
0.0,0.047,39.5
0.0,0.064,39.5
0.002,0.08,39.5
0.053,0.083,39.5
0.142,0.083,39.5
0.276,0.078,39.5
0.59,0.07,39.5
0.661,0.07,39.5
0.712,0.075,39.5
0.623,0.085,39.5
0.554,0.1,39.5
0.407,0.112,39.5
0.161,0.118,39.5
0.029,0.109,39.5
0.0,0.087,39.5
0.0,0.07,39.5
0.0,0.061,39.5
0.0,0.07,39.5
0.0,0.088,39.5
0.0,0.122,39.5
0.0,0.144,39.5
0.0,0.169,39.5
0.0,0.192,39.5
0.0,0.173,39.5
0.0,0.135,39.5
0.0,0.117,39.5
0.0,0.124,39.5
0.03,0.13,39.5
0.101,0.12,39.5
0.226,0.124,39.5
0.379,0.125,39.5
0.44,0.105,39.5
0.436,0.087,39.5
0.509,0.076,39.5
0.454,0.066,39.5
0.332,0.063,39.5
0.175,0.065,39.5
0.024,0.076,39.5
0.0,0.073,39.5
0.0,0.062,39.5
0.0,0.058,39.5
0.0,0.064,39.5
0.0,0.066,39.5
0.0,0.06,39.5
0.0,0.055,39.5
0.0,0.051,39.5
0.0,0.045,39.5
0.0,0.035,39.5
0.0,0.033,39.5
0.0,0.035,39.5
0.0,0.03,39.5
0.044,0.019,39.5
0.109,0.01,39.5
0.177,0.017,39.5
0.228,0.023,39.5
0.262,0.023,39.5
0.277,0.022,39.5
0.267,0.021,39.5
0.26,0.017,39.5
0.278,0.017,39.5
0.177,0.024,39.5
0.025,0.058,39.5
0.0,0.113,39.5
0.0,0.152,39.5
0.0,0.172,39.5
0.0,0.192,39.5
0.0,0.208,39.5
0.0,0.206,39.5
0.0,0.188,39.5
0.0,0.158,39.5
0.0,0.12,39.5
0.0,0.095,39.5
0.0,0.09,39.5
0.0,0.089,39.5
0.005,0.075,39.5
0.06,0.067,39.5
0.185,0.059,39.5
0.34,0.039,39.5
0.58,0.029,39.5
0.775,0.021,39.5
0.771,0.022,39.5
0.719,0.028,39.5
0.616,0.038,39.5
0.452,0.048,39.5
0.24,0.061,39.5
0.041,0.113,39.5
0.0,0.17,39.5
0.0,0.201,39.5
0.0,0.208,39.5
0.0,0.17,39.5
0.0,0.113,39.5
0.0,0.068,39.5
0.0,0.035,39.5
0.0,0.029,39.5
0.0,0.03,39.5
0.0,0.021,39.5
0.0,0.01,39.5
0.0,0.007,39.5
0.006,0.008,39.5
0.07,0.009,39.5
0.167,0.008,39.5
0.308,0.012,39.5
0.438,0.022,39.5
0.617,0.043,39.5
0.478,0.073,39.5
0.497,0.101,39.5
0.348,0.132,39.5
0.241,0.176,39.5
0.078,0.236,39.5
0.006,0.313,39.5
0.0,0.388,39.5
0.0,0.406,39.5
0.0,0.386,39.5
0.0,0.355,39.5
0.0,0.343,39.5
0.0,0.338,39.5
0.0,0.323,39.5
0.0,0.334,39.5
0.0,0.345,39.5
0.0,0.372,39.5
0.0,0.392,39.5
0.0,0.39,39.5
0.021,0.335,39.5
0.194,0.238,39.5
0.409,0.201,39.5
0.56,0.21,39.5
0.609,0.272,39.5
0.652,0.347,39.5
0.754,0.392,39.5
0.742,0.368,39.5
0.645,0.306,39.5
0.479,0.255,39.5
0.264,0.242,39.5
0.051,0.233,39.5
0.0,0.264,39.5
0.0,0.332,39.5
0.0,0.407,39.5
0.0,0.486,39.5
0.0,0.552,39.5
0.0,0.59,39.5
0.0,0.573,39.5
0.0,0.508,39.5
0.0,0.494,39.5
0.0,0.563,39.5
0.0,0.649,39.5
0.0,0.728,39.5
0.046,0.762,39.5
0.244,0.75,39.5
0.468,0.764,39.5
0.644,0.723,39.5
0.772,0.65,39.5
0.83,0.577,39.5
0.83,0.52,39.5
0.775,0.512,39.5
0.665,0.532,39.5
0.498,0.494,39.5
0.282,0.393,39.5
0.061,0.258,39.5
0.0,0.195,39.5
0.0,0.179,39.5
0.0,0.175,39.5
0.0,0.189,39.5
0.0,0.233,39.5
0.0,0.275,39.5
0.0,0.291,39.5
0.0,0.278,39.5
0.0,0.245,39.5
0.0,0.191,39.5
0.0,0.121,39.5
0.0,0.066,39.5
0.063,0.034,39.5
0.286,0.011,39.5
0.497,0.021,39.5
0.651,0.043,39.5
0.716,0.054,39.5
0.743,0.074,39.5
0.775,0.116,39.5
0.756,0.18,39.5
0.652,0.245,39.5
0.487,0.281,39.5
0.274,0.272,39.5
0.061,0.238,39.5
0.0,0.208,39.5
0.0,0.155,39.5
0.0,0.108,39.5
0.0,0.081,39.5
0.0,0.062,39.5
0.0,0.048,39.5
0.0,0.04,39.5
0.0,0.035,39.5
0.0,0.035,39.5
0.0,0.035,39.5
0.0,0.031,39.5
0.0,0.027,39.5
0.047,0.023,39.5
0.22,0.019,39.5
0.407,0.05,39.5
0.523,0.084,39.5
0.521,0.1,39.5
0.569,0.122,39.5
0.569,0.162,39.5
0.575,0.213,39.5
0.595,0.259,39.5
0.441,0.292,39.5
0.242,0.316,39.5
0.054,0.322,39.5
0.0,0.338,39.5
0.0,0.325,39.5
0.0,0.299,39.5
0.0,0.291,39.5
0.0,0.289,39.5
0.0,0.277,39.5
0.0,0.256,39.5
0.0,0.228,39.5
0.0,0.201,39.5
0.0,0.176,39.5
0.0,0.142,39.5
0.0,0.113,39.5
0.039,0.098,39.5
0.225,0.088,39.5
0.454,0.145,39.5
0.599,0.176,39.5
0.727,0.205,39.5
0.713,0.234,39.5
0.645,0.259,39.5
0.577,0.266,39.5
0.475,0.263,39.5
0.324,0.262,39.5
0.166,0.278,39.5
0.039,0.337,39.5
0.0,0.436,39.5
0.0,0.464,39.5
0.0,0.449,39.5
0.0,0.45,39.5
0.0,0.457,39.5
0.0,0.436,39.5
0.0,0.41,39.5
0.0,0.388,39.5
0.0,0.352,39.5
0.0,0.304,39.5
0.0,0.248,39.5
0.0,0.19,39.5
0.027,0.149,39.5
0.161,0.13,39.5
0.481,0.121,39.5
0.643,0.098,39.5
0.742,0.143,39.5
0.785,0.174,39.5
0.779,0.191,39.5
0.724,0.195,39.5
0.618,0.188,39.5
0.46,0.179,39.5
0.259,0.178,39.5
0.063,0.22,39.5
0.0,0.281,39.5
0.0,0.318,39.5
0.0,0.329,39.5
0.0,0.333,39.5
0.0,0.328,39.5
0.0,0.316,39.5
0.0,0.296,39.5
0.0,0.276,39.5
0.0,0.266,39.5
0.0,0.287,39.5
0.0,0.328,39.5
0.0,0.352,39.5
0.027,0.332,39.5
0.144,0.201,39.5
0.326,0.102,39.5
0.516,0.068,39.5
0.66,0.06,39.5
0.715,0.067,39.5
0.705,0.064,39.5
0.653,0.05,39.5
0.523,0.034,39.5
0.354,0.021,39.5
0.175,0.021,39.5
0.041,0.037,39.5
0.0,0.069,39.5
0.0,0.108,39.5
0.0,0.133,39.5
0.0,0.138,39.5
0.0,0.127,39.5
0.0,0.11,39.5
0.0,0.093,39.5
0.0,0.085,39.5
0.0,0.099,39.5
0.0,0.147,39.5
0.0,0.223,39.5
0.0,0.309,39.5
0.063,0.373,39.5
0.238,0.314,39.5
0.424,0.272,39.5
0.582,0.352,39.5
0.694,0.398,39.5
0.74,0.447,39.5
0.703,0.504,39.5
0.623,0.559,39.5
0.496,0.623,39.5
0.346,0.691,39.5
0.188,0.724,39.5
0.047,0.777,39.5
0.0,0.814,39.5
0.0,0.799,39.5
0.0,0.785,39.5
0.0,0.755,39.5
0.0,0.714,39.5
0.0,0.644,39.5
0.0,0.644,39.5
0.0,0.633,39.5
0.0,0.592,39.5
0.0,0.525,39.5
0.0,0.485,39.5
0.0,0.442,39.5
0.038,0.378,39.5
0.141,0.316,39.5
0.258,0.271,39.5
0.446,0.241,39.5
0.704,0.22,39.5
0.774,0.197,39.5
0.766,0.181,39.5
0.709,0.159,39.5
0.596,0.125,39.5
0.435,0.089,39.5
0.24,0.058,39.5
0.06,0.031,39.5
0.0,0.021,39.5
0.0,0.015,39.5
0.0,0.014,39.5
0.0,0.039,39.5
0.0,0.073,39.5
0.0,0.107,39.5
0.0,0.124,39.5
0.0,0.142,39.5
0.0,0.191,39.5
0.0,0.276,39.5
0.0,0.374,39.5
0.0,0.498,39.5
0.061,0.552,39.5
0.243,0.565,39.5
0.392,0.752,39.5
0.446,0.827,39.5
0.489,0.856,39.5
0.473,0.88,39.5
0.384,0.898,39.5
0.326,0.893,39.5
0.279,0.865,39.5
0.259,0.822,39.5
0.165,0.777,39.5
0.047,0.705,39.5
0.0,0.628,39.5
0.0,0.569,39.5
0.0,0.541,39.5
0.0,0.513,39.5
0.0,0.489,39.5
0.0,0.46,39.5
0.0,0.419,39.5
0.0,0.387,39.5
0.0,0.348,39.5
0.0,0.31,39.5
0.0,0.29,39.5
0.0,0.294,39.5
0.021,0.309,39.5
0.056,0.3,39.5
0.105,0.26,39.5
0.157,0.22,39.5
0.208,0.183,39.5
0.239,0.167,39.5
0.237,0.162,39.5
0.22,0.16,39.5
0.18,0.148,39.5
0.146,0.125,39.5
0.1,0.104,39.5
0.036,0.087,39.5
0.0,0.084,39.5
0.0,0.096,39.5
0.0,0.138,39.5
0.0,0.195,39.5
0.0,0.255,39.5
0.0,0.328,39.5
0.0,0.402,39.5
0.0,0.482,39.5
0.0,0.552,39.5
0.0,0.592,39.5
0.0,0.613,39.5
0.0,0.639,39.5
0.07,0.655,39.5
0.254,0.666,39.5
0.428,0.748,39.5
0.566,0.814,39.5
0.67,0.84,39.5
0.683,0.846,39.5
0.577,0.855,39.5
0.396,0.864,39.5
0.339,0.872,39.5
0.227,0.867,39.5
0.121,0.84,39.5
0.032,0.803,39.5
0.0,0.757,39.5
0.0,0.734,39.5
0.0,0.746,39.5
0.0,0.758,39.5
0.0,0.777,39.5
0.0,0.795,39.5
0.0,0.812,39.5
0.0,0.819,39.5
0.0,0.818,39.5
0.0,0.811,39.5
0.0,0.797,39.5
0.0,0.785,39.5
0.045,0.757,39.5
0.134,0.643,39.5
0.203,0.664,39.5
0.231,0.746,39.5
0.226,0.762,39.5
0.199,0.75,39.5
0.191,0.718,39.5
0.192,0.682,39.5
0.16,0.652,39.5
0.096,0.63,39.5
0.042,0.601,39.5
0.008,0.592,39.5
0.0,0.578,39.5
0.0,0.563,39.5
0.0,0.544,39.5
0.0,0.587,39.5
0.0,0.637,39.5
0.0,0.667,39.5
0.0,0.674,39.5
0.0,0.654,39.5
0.0,0.622,39.5
0.0,0.578,39.5
0.0,0.535,39.5
0.0,0.498,39.5
0.042,0.402,39.5
0.125,0.328,39.5
0.263,0.406,39.5
0.476,0.683,39.5
0.693,0.748,39.5
0.792,0.748,39.5
0.789,0.727,39.5
0.715,0.711,39.5
0.592,0.695,39.5
0.409,0.64,39.5
0.18,0.568,39.5
0.04,0.586,39.5
0.0,0.657,39.5
0.0,0.713,39.5
0.0,0.71,39.5
0.0,0.651,39.5
0.0,0.578,39.5
0.0,0.509,39.5
0.0,0.422,39.5
0.0,0.341,39.5
0.0,0.245,39.5
0.0,0.179,39.5
0.0,0.144,39.5
0.0,0.125,39.5
0.015,0.102,39.5
0.069,0.075,39.5
0.147,0.066,39.5
0.209,0.067,39.5
0.269,0.068,39.5
0.322,0.068,39.5
0.377,0.061,39.5
0.471,0.046,39.5
0.458,0.031,39.5
0.338,0.021,39.5
0.191,0.013,39.5
0.062,0.01,39.5
0.0,0.024,39.5
0.0,0.037,39.5
0.0,0.046,39.5
0.0,0.068,39.5
0.0,0.113,39.5
0.0,0.157,39.5
0.0,0.184,39.5
0.0,0.202,39.5
0.0,0.208,39.5
0.0,0.207,39.5
0.0,0.186,39.5
0.0,0.159,39.5
0.03,0.118,39.5
0.123,0.092,39.5
0.37,0.083,39.5
0.649,0.082,39.5
0.759,0.063,39.5
0.798,0.046,39.5
0.772,0.031,39.5
0.64,0.017,39.5
0.415,0.004,39.5
0.207,0.012,39.5
0.091,0.048,39.5
0.023,0.124,39.5
0.0,0.192,39.5
0.0,0.261,39.5
0.0,0.311,39.5
0.0,0.317,39.5
0.0,0.281,39.5
0.0,0.226,39.5
0.0,0.167,39.5
0.0,0.112,39.5
0.0,0.07,39.5
0.0,0.042,39.5
0.0,0.037,39.5
0.0,0.046,39.5
0.071,0.056,39.5
0.17,0.066,39.5
0.252,0.104,39.5
0.313,0.134,39.5
0.39,0.144,39.5
0.436,0.145,39.5
0.464,0.141,39.5
0.522,0.145,39.5
0.506,0.17,39.5
0.391,0.212,39.5
0.228,0.264,39.5
0.075,0.311,39.5
0.0,0.386,39.5
0.0,0.424,39.5
0.0,0.407,39.5
0.0,0.368,39.5
0.0,0.316,39.5
0.0,0.28,39.5
0.0,0.269,39.5
0.0,0.266,39.5
0.0,0.272,39.5
0.0,0.305,39.5
0.0,0.355,39.5
0.0,0.432,39.5
0.01,0.513,39.5
0.041,0.593,39.5
0.081,0.623,39.5
0.116,0.59,39.5
0.195,0.603,39.5
0.292,0.658,39.5
0.319,0.71,39.5
0.315,0.762,39.5
0.331,0.799,39.5
0.368,0.812,39.5
0.261,0.813,39.5
0.094,0.814,39.5
0.0,0.816,39.5
0.0,0.804,39.5
0.0,0.781,39.5
0.0,0.759,39.5
0.0,0.741,39.5
0.0,0.73,39.5
0.0,0.726,39.5
0.0,0.702,39.5
0.0,0.678,39.5
0.0,0.682,39.5
0.0,0.672,39.5
0.0,0.642,39.5
0.105,0.592,39.5
0.344,0.58,39.5
0.553,0.613,39.5
0.709,0.585,39.5
0.809,0.523,39.5
0.857,0.489,39.5
0.851,0.488,39.5
0.798,0.519,39.5
0.693,0.552,39.5
0.534,0.59,39.5
0.329,0.62,39.5
0.11,0.626,39.5
0.0,0.669,39.5
0.0,0.697,39.5
0.0,0.69,39.5
0.0,0.679,39.5
0.0,0.672,39.5
0.0,0.663,39.5
0.0,0.62,39.5
0.0,0.57,39.5
0.0,0.532,39.5
0.0,0.503,39.5
0.0,0.488,39.5
0.0,0.481,39.5
0.11,0.434,39.5
0.331,0.411,39.5
0.534,0.425,39.5
0.687,0.37,39.5
0.787,0.327,39.5
0.835,0.321,39.5
0.826,0.344,39.5
0.775,0.379,39.5
0.671,0.42,39.5
0.515,0.463,39.5
0.316,0.501,39.5
0.104,0.518,39.5
0.0,0.584,39.5
0.0,0.648,39.5
0.0,0.645,39.5
0.0,0.644,39.5
0.0,0.647,39.5
0.0,0.636,39.5
0.0,0.59,39.5
0.0,0.521,39.5
0.0,0.481,39.5
0.0,0.444,39.5
0.0,0.413,39.5
0.0,0.398,39.5
0.107,0.302,39.5
0.312,0.265,39.5
0.513,0.42,39.5
0.67,0.447,39.5
0.774,0.448,39.5
0.83,0.433,39.5
0.831,0.41,39.5
0.779,0.417,39.5
0.671,0.479,39.5
0.51,0.547,39.5
0.312,0.59,39.5
0.108,0.615,39.5
0.0,0.645,39.5
0.0,0.686,39.5
0.0,0.671,39.5
0.0,0.627,39.5
0.0,0.59,39.5
0.0,0.561,39.5
0.0,0.525,39.5
0.0,0.526,39.5
0.0,0.5,39.5
0.0,0.481,39.5
0.0,0.46,39.5
0.001,0.425,39.5
0.108,0.352,39.5
0.309,0.337,39.5
0.494,0.329,39.5
0.583,0.289,39.5
0.578,0.259,39.5
0.468,0.259,39.5
0.337,0.293,39.5
0.42,0.313,39.5
0.524,0.213,39.5
0.404,0.28,39.5
0.297,0.484,39.5
0.107,0.503,39.5
0.0,0.568,39.5
0.0,0.677,39.5
0.0,0.697,39.5
0.0,0.722,39.5
0.0,0.695,39.5
0.0,0.606,39.5
0.0,0.561,39.5
0.0,0.586,39.5
0.0,0.62,39.5
0.0,0.635,39.5
0.0,0.627,39.5
0.002,0.617,39.5
0.117,0.55,39.5
0.326,0.542,39.5
0.515,0.831,39.5
0.632,0.894,39.5
0.7,0.91,39.5
0.734,0.907,39.5
0.748,0.898,39.5
0.713,0.889,39.5
0.574,0.879,39.5
0.348,0.847,39.5
0.156,0.791,39.5
0.043,0.755,39.5
0.0,0.714,39.5
0.0,0.695,39.5
0.0,0.643,39.5
0.0,0.6,39.5
0.0,0.544,39.5
0.0,0.457,39.5
0.0,0.324,39.5
0.0,0.2,39.5
0.0,0.109,39.5
0.0,0.101,39.5
0.0,0.163,39.5
0.0,0.225,39.5
0.045,0.227,39.5
0.13,0.181,39.5
0.205,0.154,39.5
0.265,0.127,39.5
0.31,0.12,39.5
0.297,0.144,39.5
0.228,0.188,39.5
0.206,0.23,39.5
0.227,0.259,39.5
0.213,0.259,39.5
0.151,0.227,39.5
0.073,0.163,39.5
0.003,0.118,39.5
0.0,0.075,39.5
0.0,0.052,39.5
0.0,0.059,39.5
0.0,0.079,39.5
0.0,0.095,39.5
0.0,0.091,39.5
0.0,0.053,39.5
0.0,0.017,39.5
0.0,0.012,39.5
0.0,0.038,39.5
0.001,0.092,39.5
0.067,0.119,39.5
0.189,0.135,39.5
0.472,0.165,39.5
0.633,0.166,39.5
0.701,0.135,39.5
0.779,0.113,39.5
0.792,0.119,39.5
0.734,0.158,39.5
0.583,0.227,39.5
0.428,0.313,39.5
0.289,0.387,39.5
0.105,0.457,39.5
0.003,0.628,39.5
0.0,0.73,39.5
0.0,0.737,39.5
0.0,0.715,39.5
0.0,0.689,39.5
0.0,0.663,39.5
0.0,0.633,39.5
0.0,0.595,39.5
0.0,0.574,39.5
0.0,0.573,39.5
0.0,0.586,39.5
0.002,0.576,39.5
0.063,0.45,39.5
0.192,0.289,39.5
0.395,0.317,39.5
0.558,0.394,39.5
0.633,0.503,39.5
0.647,0.55,39.5
0.636,0.544,39.5
0.617,0.516,39.5
0.559,0.499,39.5
0.435,0.498,39.5
0.285,0.464,39.5
0.113,0.523,39.5
0.005,0.686,39.5
0.0,0.781,39.5
0.0,0.796,39.5
0.0,0.772,39.5
0.0,0.728,39.5
0.0,0.687,39.5
0.0,0.642,39.5
0.0,0.603,39.5
0.0,0.58,39.5
0.0,0.578,39.5
0.0,0.58,39.5
0.005,0.566,39.5
0.124,0.439,39.5
0.328,0.308,39.5
0.517,0.263,39.5
0.66,0.295,39.5
0.747,0.335,39.5
0.778,0.304,39.5
0.775,0.27,39.5
0.73,0.26,39.5
0.633,0.282,39.5
0.485,0.343,39.5
0.286,0.432,39.5
0.097,0.555,39.5
0.005,0.663,39.5
0.0,0.697,39.5
0.0,0.656,39.5
0.0,0.623,39.5
0.0,0.636,39.5
0.0,0.641,39.5
0.0,0.652,39.5
0.0,0.632,39.5
0.0,0.605,39.5
0.0,0.571,39.5
0.0,0.527,39.5
0.006,0.466,39.5
0.114,0.34,39.5
0.326,0.264,39.5
0.514,0.243,39.5
0.651,0.256,39.5
0.746,0.299,39.5
0.789,0.358,39.5
0.784,0.422,39.5
0.735,0.481,39.5
0.639,0.532,39.5
0.495,0.568,39.5
0.313,0.554,39.5
0.119,0.61,39.5
0.006,0.707,39.5
0.0,0.751,39.5
0.0,0.724,39.5
0.0,0.661,39.5
0.0,0.622,39.5
0.0,0.568,39.5
0.0,0.533,39.5
0.0,0.501,39.5
0.0,0.439,39.5
0.0,0.388,39.5
0.0,0.341,39.5
0.008,0.297,39.5
0.125,0.194,39.5
0.333,0.12,39.5
0.523,0.105,39.5
0.665,0.138,39.5
0.754,0.159,39.5
0.796,0.155,39.5
0.788,0.14,39.5
0.737,0.133,39.5
0.638,0.14,39.5
0.492,0.164,39.5
0.308,0.207,39.5
0.117,0.265,39.5
0.007,0.364,39.5
0.0,0.46,39.5
0.0,0.51,39.5
0.0,0.511,39.5
0.0,0.484,39.5
0.0,0.447,39.5
0.0,0.419,39.5
0.0,0.407,39.5
0.0,0.404,39.5
0.0,0.438,39.5
0.0,0.494,39.5
0.007,0.521,39.5
0.106,0.46,39.5
0.281,0.3,39.5
0.458,0.245,39.5
0.624,0.293,39.5
0.724,0.245,39.5
0.763,0.17,39.5
0.697,0.119,39.5
0.379,0.102,39.5
0.261,0.066,39.5
0.331,0.02,39.5
0.232,0.019,39.5
0.104,0.087,39.5
0.008,0.27,39.5
0.0,0.531,39.5
0.0,0.672,39.5
0.0,0.705,39.5
0.0,0.7,39.5
0.0,0.65,39.5
0.0,0.546,39.5
0.0,0.412,39.5
0.0,0.294,39.5
0.0,0.223,39.5
0.0,0.173,39.5
0.009,0.128,39.5
0.088,0.11,39.5
0.208,0.088,39.5
0.398,0.093,39.5
0.527,0.119,39.5
0.516,0.096,39.5
0.408,0.078,39.5
0.329,0.074,39.5
0.27,0.07,39.5
0.206,0.064,39.5
0.12,0.068,39.5
0.071,0.078,39.5
0.029,0.09,39.5
0.0,0.095,39.5
0.0,0.089,39.5
0.0,0.089,39.5
0.0,0.115,39.5
0.0,0.154,39.5
0.0,0.163,39.5
0.0,0.185,39.5
0.0,0.278,39.5
0.0,0.419,39.5
0.0,0.583,39.5
0.0,0.654,39.5
0.01,0.678,39.5
0.066,0.697,39.5
0.066,0.805,39.5
0.194,0.839,39.5
0.588,0.799,39.5
0.739,0.775,39.5
0.632,0.738,39.5
0.473,0.708,39.5
0.431,0.695,39.5
0.319,0.697,39.5
0.182,0.674,39.5
0.131,0.608,39.5
0.091,0.535,39.5
0.013,0.571,39.5
0.0,0.663,39.5
0.0,0.71,39.5
0.0,0.734,39.5
0.0,0.825,39.5
0.0,0.896,39.5
0.0,0.917,39.5
0.0,0.835,39.5
0.0,0.71,39.5
0.0,0.68,39.5
0.0,0.682,39.5
0.015,0.669,39.5
0.114,0.661,39.5
0.275,0.695,39.5
0.378,0.725,39.5
0.386,0.71,39.5
0.327,0.75,39.5
0.29,0.77,39.5
0.316,0.791,39.5
0.308,0.836,39.5
0.301,0.847,39.5
0.246,0.814,39.5
0.185,0.739,39.5
0.098,0.594,39.5
0.015,0.513,39.5
0.0,0.513,39.5
0.0,0.529,39.5
0.0,0.533,39.5
0.0,0.528,39.5
0.0,0.52,39.5
0.0,0.511,39.5
0.0,0.494,39.5
0.0,0.468,39.5
0.0,0.437,39.5
0.0,0.383,39.5
0.009,0.337,39.5
0.098,0.343,39.5
0.296,0.329,39.5
0.464,0.348,39.5
0.529,0.36,39.5
0.576,0.357,39.5
0.647,0.376,39.5
0.669,0.416,39.5
0.669,0.468,39.5
0.595,0.537,39.5
0.392,0.618,39.5
0.184,0.669,39.5
0.057,0.608,39.5
0.006,0.475,39.5
0.0,0.456,39.5
0.0,0.629,39.5
0.0,0.797,39.5
0.0,0.872,39.5
0.0,0.911,39.5
0.0,0.932,39.5
0.0,0.916,39.5
0.0,0.941,39.5
0.0,0.936,39.5
0.0,0.944,39.5
0.018,0.943,39.5
0.102,0.943,39.5
0.179,0.966,39.5
0.28,0.981,39.5
0.422,0.986,39.5
0.55,0.987,39.5
0.682,0.986,39.5
0.721,0.987,39.5
0.677,0.988,39.5
0.546,0.989,39.5
0.347,0.991,39.5
0.178,0.988,39.5
0.075,0.976,39.5
0.014,0.963,39.5
0.0,0.945,39.5
0.0,0.926,39.5
0.0,0.908,39.5
0.0,0.902,39.5
0.0,0.895,39.5
0.0,0.881,39.5
0.0,0.865,39.5
0.0,0.852,39.5
0.0,0.849,39.5
0.0,0.843,39.5
0.012,0.835,39.5
0.064,0.821,39.5
0.159,0.823,39.5
0.412,0.844,39.5
0.548,0.835,39.5
0.593,0.817,39.5
0.648,0.794,39.5
0.746,0.778,39.5
0.744,0.765,39.5
0.644,0.739,39.5
0.499,0.686,39.5
0.319,0.594,39.5
0.136,0.449,39.5
0.019,0.325,39.5
0.0,0.294,39.5
0.0,0.241,39.5
0.0,0.197,39.5
0.0,0.163,39.5
0.0,0.133,39.5
0.0,0.108,39.5
0.0,0.088,39.5
0.0,0.07,39.5
0.0,0.051,39.5
0.0,0.037,39.5
0.013,0.034,39.5
0.101,0.035,39.5
0.281,0.038,39.5
0.494,0.041,39.5
0.641,0.042,39.5
0.744,0.034,39.5
0.811,0.024,39.5
0.816,0.027,39.5
0.772,0.049,39.5
0.675,0.082,39.5
0.525,0.118,39.5
0.341,0.166,39.5
0.142,0.224,39.5
0.019,0.348,39.5
0.0,0.454,39.5
0.0,0.471,39.5
0.0,0.447,39.5
0.0,0.413,39.5
0.0,0.367,39.5
0.0,0.326,39.5
0.0,0.291,39.5
0.0,0.259,39.5
0.0,0.231,39.5
0.0,0.201,39.5
0.018,0.156,39.5
0.131,0.106,39.5
0.36,0.069,39.5
0.545,0.034,39.5
0.684,0.022,39.5
0.777,0.034,39.5
0.821,0.066,39.5
0.817,0.107,39.5
0.769,0.141,39.5
0.673,0.16,39.5
0.529,0.167,39.5
0.343,0.174,39.5
0.143,0.197,39.5
0.02,0.269,39.5
0.0,0.344,39.5
0.0,0.35,39.5
0.0,0.321,39.5
0.0,0.28,39.5
0.0,0.24,39.5
0.0,0.201,39.5
0.0,0.164,39.5
0.0,0.128,39.5
0.0,0.093,39.5
0.0,0.068,39.5
0.007,0.053,39.5
0.058,0.035,39.5
0.147,0.019,39.5
0.258,0.002,39.5
0.395,0.004,39.5
0.505,0.024,39.5
0.51,0.051,39.5
0.436,0.076,39.5
0.278,0.089,39.5
0.18,0.094,39.5
0.113,0.099,39.5
0.069,0.103,39.5
0.035,0.106,39.5
0.003,0.121,39.5
0.0,0.144,39.5
0.0,0.169,39.5
0.0,0.205,39.5
0.0,0.25,39.5
0.0,0.301,39.5
0.0,0.343,39.5
0.0,0.349,39.5
0.0,0.33,39.5
0.0,0.319,39.5
0.0,0.313,39.5
0.006,0.32,39.5
0.097,0.33,39.5
0.218,0.371,39.5
0.297,0.416,39.5
0.395,0.471,39.5
0.517,0.51,39.5
0.598,0.505,39.5
0.488,0.491,39.5
0.404,0.507,39.5
0.314,0.532,39.5
0.26,0.552,39.5
0.231,0.567,39.5
0.126,0.555,39.5
0.025,0.463,39.5
0.0,0.413,39.5
0.0,0.413,39.5
0.0,0.436,39.5
0.0,0.44,39.5
0.0,0.388,39.5
0.0,0.341,39.5
0.0,0.311,39.5
0.0,0.278,39.5
0.0,0.235,39.5
0.0,0.193,39.5
0.026,0.16,39.5
0.14,0.098,39.5
0.317,0.057,39.5
0.517,0.051,39.5
0.647,0.068,39.5
0.731,0.103,39.5
0.742,0.149,39.5
0.56,0.196,39.5
0.36,0.233,39.5
0.259,0.259,39.5
0.334,0.317,39.5
0.296,0.379,39.5
0.142,0.41,39.5
0.027,0.375,39.5
0.0,0.367,39.5
0.0,0.374,39.5
0.0,0.411,39.5
0.0,0.466,39.5
0.0,0.454,39.5
0.0,0.404,39.5
0.0,0.382,39.5
0.0,0.447,39.5
0.0,0.544,39.5
0.0,0.674,39.5
0.0,0.773,39.5
0.048,0.808,39.5
0.128,0.77,39.5
0.221,0.718,39.5
0.29,0.705,39.5
0.453,0.748,39.5
0.603,0.8,39.5
0.608,0.831,39.5
0.513,0.844,39.5
0.447,0.854,39.5
0.343,0.864,39.5
0.206,0.862,39.5
0.104,0.833,39.5
0.026,0.788,39.5
0.0,0.788,39.5
0.0,0.79,39.5
0.0,0.782,39.5
0.0,0.777,39.5
0.0,0.727,39.5
0.0,0.714,39.5
0.0,0.702,39.5
0.0,0.686,39.5
0.0,0.668,39.5
0.0,0.649,39.5
0.028,0.604,39.5
0.146,0.564,39.5
0.312,0.544,39.5
0.464,0.521,39.5
0.602,0.492,39.5
0.699,0.462,39.5
0.754,0.444,39.5
0.768,0.43,39.5
0.73,0.414,39.5
0.645,0.39,39.5
0.513,0.352,39.5
0.34,0.295,39.5
0.15,0.225,39.5
0.027,0.163,39.5
0.0,0.12,39.5
0.0,0.076,39.5
0.0,0.049,39.5
0.0,0.044,39.5
0.0,0.051,39.5
0.0,0.065,39.5
0.0,0.093,39.5
0.0,0.147,39.5
0.0,0.213,39.5
0.0,0.275,39.5
0.03,0.32,39.5
0.15,0.289,39.5
0.354,0.246,39.5
0.488,0.225,39.5
0.594,0.202,39.5
0.649,0.187,39.5
0.668,0.178,39.5
0.703,0.156,39.5
0.686,0.13,39.5
0.613,0.106,39.5
0.472,0.09,39.5
0.298,0.08,39.5
0.111,0.082,39.5
0.019,0.117,39.5
0.0,0.153,39.5
0.0,0.171,39.5
0.0,0.178,39.5
0.0,0.18,39.5
0.0,0.2,39.5
0.0,0.219,39.5
0.0,0.235,39.5
0.0,0.253,39.5
0.0,0.281,39.5
0.0,0.323,39.5
0.024,0.33,39.5
0.124,0.239,39.5
0.258,0.206,39.5
0.413,0.314,39.5
0.452,0.328,39.5
0.439,0.355,39.5
0.418,0.384,39.5
0.437,0.395,39.5
0.527,0.386,39.5
0.484,0.391,39.5
0.334,0.407,39.5
0.212,0.395,39.5
0.082,0.413,39.5
0.006,0.501,39.5
0.0,0.544,39.5
0.0,0.578,39.5
0.0,0.599,39.5
0.0,0.649,39.5
0.0,0.706,39.5
0.0,0.771,39.5
0.0,0.785,39.5
0.0,0.786,39.5
0.0,0.75,39.5
0.0,0.767,39.5
0.005,0.795,39.5
0.022,0.851,39.5
0.154,0.857,39.5
0.365,0.867,39.5
0.59,0.881,39.5
0.692,0.879,39.5
0.722,0.846,39.5
0.644,0.838,39.5
0.57,0.842,39.5
0.486,0.851,39.5
0.27,0.817,39.5
0.155,0.724,39.5
0.069,0.711,39.5
0.014,0.764,39.5
0.0,0.778,39.5
0.0,0.73,39.5
0.0,0.702,39.5
0.0,0.696,39.5
0.0,0.678,39.5
0.0,0.431,39.5
0.0,0.168,39.5
0.0,0.031,39.5
0.0,0.203,39.5
0.0,0.51,39.5
0.026,0.596,39.5
0.13,0.636,39.5
0.314,0.756,39.5
0.503,0.834,39.5
0.641,0.875,39.5
0.72,0.905,39.5
0.707,0.931,39.5
0.715,0.95,39.5
0.711,0.958,39.5
0.651,0.954,39.5
0.527,0.937,39.5
0.349,0.903,39.5
0.156,0.844,39.5
0.03,0.734,39.5
0.0,0.638,39.5
0.0,0.566,39.5
0.0,0.52,39.5
0.0,0.501,39.5
0.0,0.479,39.5
0.0,0.429,39.5
0.0,0.343,39.5
0.0,0.253,39.5
0.0,0.185,39.5
0.0,0.134,39.5
0.037,0.104,39.5
0.154,0.082,39.5
0.349,0.088,39.5
0.532,0.099,39.5
0.66,0.093,39.5
0.712,0.087,39.5
0.734,0.089,39.5
0.605,0.093,39.5
0.438,0.077,39.5
0.303,0.042,39.5
0.211,0.012,39.5
0.107,0.011,39.5
0.059,0.023,39.5
0.013,0.093,39.5
0.0,0.212,39.5
0.0,0.264,39.5
0.0,0.264,39.5
0.0,0.254,39.5
0.0,0.249,39.5
0.0,0.251,39.5
0.0,0.248,39.5
0.0,0.254,39.5
0.0,0.248,39.5
0.0,0.238,39.5
0.009,0.252,39.5
0.069,0.259,39.5
0.202,0.306,39.5
0.458,0.352,39.5
0.584,0.386,39.5
0.624,0.426,39.5
0.616,0.481,39.5
0.598,0.52,39.5
0.589,0.527,39.5
0.589,0.529,39.5
0.508,0.505,39.5
0.351,0.462,39.5
0.16,0.406,39.5
0.036,0.294,39.5
0.0,0.231,39.5
0.0,0.16,39.5
0.0,0.113,39.5
0.0,0.091,39.5
0.0,0.072,39.5
0.0,0.051,39.5
0.0,0.035,39.5
0.0,0.027,39.5
0.0,0.03,39.5
0.0,0.049,39.5
0.031,0.072,39.5
0.166,0.094,39.5
0.375,0.127,39.5
0.557,0.165,39.5
0.69,0.193,39.5
0.773,0.214,39.5
0.822,0.258,39.5
0.83,0.291,39.5
0.786,0.354,39.5
0.693,0.398,39.5
0.55,0.442,39.5
0.368,0.484,39.5
0.163,0.495,39.5
0.024,0.508,39.5
0.0,0.622,39.5
0.0,0.672,39.5
0.0,0.685,39.5
0.0,0.704,39.5
0.0,0.695,39.5
0.0,0.666,39.5
0.0,0.644,39.5
0.0,0.633,39.5
0.0,0.607,39.5
0.0,0.581,39.5
0.025,0.476,39.5
0.181,0.344,39.5
0.389,0.503,39.5
0.57,0.491,39.5
0.707,0.484,39.5
0.796,0.525,39.5
0.837,0.586,39.5
0.832,0.645,39.5
0.783,0.704,39.5
0.688,0.755,39.5
0.546,0.788,39.5
0.364,0.799,39.5
0.161,0.759,39.5
0.026,0.709,39.5
0.0,0.756,39.5
0.0,0.775,39.5
0.0,0.762,39.5
0.0,0.748,39.5
0.0,0.727,39.5
0.0,0.702,39.5
0.0,0.674,39.5
0.0,0.644,39.5
0.0,0.631,39.5
0.0,0.617,39.5
0.024,0.511,39.5
0.181,0.38,39.5
0.386,0.449,39.5
0.565,0.615,39.5
0.699,0.655,39.5
0.785,0.69,39.5
0.824,0.733,39.5
0.822,0.764,39.5
0.777,0.79,39.5
0.684,0.832,39.5
0.545,0.84,39.5
0.364,0.811,39.5
0.162,0.74,39.5
0.026,0.7,39.5
0.0,0.746,39.5
0.0,0.756,39.5
0.0,0.733,39.5
0.0,0.71,39.5
0.0,0.682,39.5
0.0,0.645,39.5
0.0,0.603,39.5
0.0,0.561,39.5
0.0,0.515,39.5
0.0,0.471,39.5
0.026,0.341,39.5
0.181,0.192,39.5
0.383,0.16,39.5
0.56,0.331,39.5
0.694,0.337,39.5
0.782,0.316,39.5
0.824,0.323,39.5
0.822,0.366,39.5
0.774,0.425,39.5
0.68,0.469,39.5
0.539,0.502,39.5
0.359,0.527,39.5
0.161,0.51,39.5
0.03,0.532,39.5
0.0,0.625,39.5
0.0,0.642,39.5
0.0,0.586,39.5
0.0,0.55,39.5
0.0,0.532,39.5
0.0,0.492,39.5
0.0,0.435,39.5
0.0,0.379,39.5
0.0,0.37,39.5
0.0,0.414,39.5
0.039,0.362,39.5
0.148,0.215,39.5
0.314,0.178,39.5
0.523,0.376,39.5
0.662,0.457,39.5
0.739,0.465,39.5
0.815,0.468,39.5
0.822,0.51,39.5
0.775,0.547,39.5
0.679,0.566,39.5
0.529,0.587,39.5
0.325,0.618,39.5
0.143,0.601,39.5
0.039,0.602,39.5
0.0,0.644,39.5
0.0,0.651,39.5
0.0,0.63,39.5
0.0,0.603,39.5
0.0,0.538,39.5
0.0,0.467,39.5
0.0,0.425,39.5
0.0,0.404,39.5
0.0,0.388,39.5
0.0,0.347,39.5
0.032,0.305,39.5
0.112,0.276,39.5
0.209,0.274,39.5
0.333,0.302,39.5
0.467,0.272,39.5
0.585,0.204,39.5
0.619,0.161,39.5
0.562,0.144,39.5
0.477,0.137,39.5
0.423,0.141,39.5
0.334,0.151,39.5
0.227,0.155,39.5
0.139,0.159,39.5
0.045,0.182,39.5
0.0,0.228,39.5
0.0,0.233,39.5
0.0,0.208,39.5
0.0,0.184,39.5
0.0,0.166,39.5
0.0,0.151,39.5
0.0,0.141,39.5
0.0,0.136,39.5
0.0,0.127,39.5
0.0,0.121,39.5
0.034,0.108,39.5
0.093,0.082,39.5
0.17,0.076,39.5
0.246,0.076,39.5
0.329,0.075,39.5
0.401,0.077,39.5
0.335,0.085,39.5
0.294,0.096,39.5
0.273,0.112,39.5
0.224,0.134,39.5
0.16,0.167,39.5
0.145,0.202,39.5
0.078,0.226,39.5
0.016,0.265,39.5
0.0,0.302,39.5
0.0,0.312,39.5
0.0,0.291,39.5
0.0,0.282,39.5
0.0,0.278,39.5
0.0,0.275,39.5
0.0,0.278,39.5
0.0,0.284,39.5
0.0,0.278,39.5
0.0,0.266,39.5
0.013,0.236,39.5
0.062,0.205,39.5
0.139,0.207,39.5
0.239,0.223,39.5
0.356,0.242,39.5
0.46,0.252,39.5
0.468,0.264,39.5
0.431,0.284,39.5
0.394,0.302,39.5
0.371,0.312,39.5
0.335,0.294,39.5
0.235,0.259,39.5
0.134,0.224,39.5
0.041,0.197,39.5
0.0,0.202,39.5
0.0,0.196,39.5
0.0,0.186,39.5
0.0,0.183,39.5
0.0,0.189,39.5
0.0,0.204,39.5
0.0,0.22,39.5
0.0,0.227,39.5
0.0,0.225,39.5
0.0,0.207,39.5
0.044,0.165,39.5
0.156,0.104,39.5
0.305,0.093,39.5
0.455,0.099,39.5
0.574,0.109,39.5
0.636,0.124,39.5
0.673,0.137,39.5
0.66,0.153,39.5
0.622,0.164,39.5
0.542,0.163,39.5
0.437,0.153,39.5
0.291,0.137,39.5
0.151,0.123,39.5
0.045,0.122,39.5
0.0,0.134,39.5
0.0,0.133,39.5
0.0,0.143,39.5
0.0,0.16,39.5
0.0,0.172,39.5
0.0,0.186,39.5
0.0,0.204,39.5
0.0,0.229,39.5
0.0,0.255,39.5
0.0,0.278,39.5
0.043,0.262,39.5
0.147,0.188,39.5
0.318,0.167,39.5
0.45,0.142,39.5
0.619,0.12,39.5
0.712,0.112,39.5
0.751,0.108,39.5
0.744,0.121,39.5
0.715,0.147,39.5
0.641,0.178,39.5
0.52,0.195,39.5
0.348,0.206,39.5
0.167,0.22,39.5
0.036,0.223,39.5
0.0,0.215,39.5
0.0,0.184,39.5
0.0,0.166,39.5
0.0,0.151,39.5
0.0,0.128,39.5
0.0,0.103,39.5
0.0,0.083,39.5
0.0,0.073,39.5
0.0,0.065,39.5
0.0,0.053,39.5
0.046,0.046,39.5
0.172,0.044,39.5
0.337,0.045,39.5
0.402,0.055,39.5
0.417,0.054,39.5
0.426,0.048,39.5
0.433,0.041,39.5
0.444,0.031,39.5
0.468,0.022,39.5
0.486,0.012,39.5
0.434,0.005,39.5
0.31,0.002,39.5
0.157,0.008,39.5
0.047,0.032,39.5
0.0,0.096,39.5
0.0,0.193,39.5
0.0,0.303,39.5
0.0,0.421,39.5
0.0,0.518,39.5
0.0,0.565,39.5
0.0,0.568,39.5
0.0,0.56,39.5
0.0,0.54,39.5
0.0,0.517,39.5
0.041,0.444,39.5
0.117,0.328,39.5
0.179,0.252,39.5
0.272,0.194,39.5
0.383,0.211,39.5
0.515,0.221,39.5
0.688,0.212,39.5
0.688,0.201,39.5
0.61,0.201,39.5
0.373,0.21,39.5
0.228,0.231,39.5
0.141,0.265,39.5
0.074,0.274,39.5
0.017,0.267,39.5
0.0,0.233,39.5
0.0,0.187,39.5
0.0,0.163,39.5
0.0,0.165,39.5
0.0,0.18,39.5
0.0,0.201,39.5
0.0,0.213,39.5
0.0,0.216,39.5
0.0,0.218,39.5
0.0,0.215,39.5
0.034,0.191,39.5
0.184,0.166,39.5
0.376,0.184,39.5
0.547,0.199,39.5
0.677,0.223,39.5
0.762,0.268,39.5
0.802,0.3,39.5
0.799,0.333,39.5
0.751,0.343,39.5
0.659,0.352,39.5
0.523,0.34,39.5
0.354,0.323,39.5
0.168,0.329,39.5
0.039,0.309,39.5
0.0,0.329,39.5
0.0,0.381,39.5
0.0,0.389,39.5
0.0,0.379,39.5
0.0,0.37,39.5
0.0,0.355,39.5
0.0,0.34,39.5
0.0,0.311,39.5
0.0,0.281,39.5
0.0,0.256,39.5
0.045,0.216,39.5
0.166,0.161,39.5
0.333,0.159,39.5
0.476,0.179,39.5
0.591,0.21,39.5
0.653,0.246,39.5
0.68,0.294,39.5
0.676,0.342,39.5
0.676,0.381,39.5
0.623,0.413,39.5
0.489,0.436,39.5
0.338,0.444,39.5
0.161,0.432,39.5
0.044,0.388,39.5
0.0,0.386,39.5
0.0,0.444,39.5
0.0,0.479,39.5
0.0,0.485,39.5
0.0,0.484,39.5
0.0,0.484,39.5
0.0,0.485,39.5
0.0,0.488,39.5
0.0,0.519,39.5
0.001,0.535,39.5
0.047,0.408,39.5
0.185,0.38,39.5
0.331,0.454,39.5
0.403,0.532,39.5
0.466,0.577,39.5
0.373,0.591,39.5
0.433,0.59,39.5
0.435,0.578,39.5
0.415,0.571,39.5
0.396,0.559,39.5
0.295,0.571,39.5
0.212,0.608,39.5
0.084,0.605,39.5
0.016,0.56,39.5
0.0,0.539,39.5
0.0,0.587,39.5
0.0,0.599,39.5
0.0,0.575,39.5
0.0,0.537,39.5
0.0,0.504,39.5
0.0,0.468,39.5
0.0,0.459,39.5
0.0,0.44,39.5
0.0,0.413,39.5
0.05,0.352,39.5
0.145,0.312,39.5
0.218,0.311,39.5
0.287,0.316,39.5
0.578,0.354,39.5
0.758,0.4,39.5
0.793,0.42,39.5
0.781,0.484,39.5
0.746,0.6,39.5
0.638,0.665,39.5
0.513,0.692,39.5
0.299,0.734,39.5
0.135,0.734,39.5
0.025,0.675,39.5
0.0,0.663,39.5
0.0,0.675,39.5
0.0,0.691,39.5
0.0,0.722,39.5
0.0,0.727,39.5
0.0,0.718,39.5
0.0,0.707,39.5
0.0,0.725,39.5
0.0,0.697,39.5
0.001,0.668,39.5
0.046,0.595,39.5
0.171,0.618,39.5
0.325,0.614,39.5
0.461,0.598,39.5
0.563,0.596,39.5
0.639,0.603,39.5
0.679,0.618,39.5
0.683,0.621,39.5
0.671,0.607,39.5
0.61,0.586,39.5
0.508,0.542,39.5
0.354,0.489,39.5
0.175,0.441,39.5
0.04,0.362,39.5
0.001,0.312,39.5
0.0,0.308,39.5
0.0,0.309,39.5
0.0,0.316,39.5
0.0,0.322,39.5
0.0,0.304,39.5
0.0,0.295,39.5
0.0,0.267,39.5
0.0,0.215,39.5
0.002,0.21,39.5
0.059,0.207,39.5
0.127,0.178,39.5
0.255,0.208,39.5
0.442,0.273,39.5
0.487,0.317,39.5
0.339,0.307,39.5
0.34,0.289,39.5
0.424,0.343,39.5
0.366,0.444,39.5
0.238,0.528,39.5
0.16,0.581,39.5
0.13,0.607,39.5
0.076,0.587,39.5
0.022,0.629,39.5
0.0,0.652,39.5
0.0,0.611,39.5
0.0,0.613,39.5
0.0,0.592,39.5
0.0,0.633,39.5
0.0,0.615,39.5
0.0,0.605,39.5
0.0,0.592,39.5
0.0,0.575,39.5
0.0,0.573,39.5
0.042,0.528,39.5
0.107,0.488,39.5
0.21,0.615,39.5
0.394,0.658,39.5
0.623,0.624,39.5
0.737,0.578,39.5
0.776,0.558,39.5
0.772,0.553,39.5
0.722,0.538,39.5
0.637,0.519,39.5
0.506,0.491,39.5
0.336,0.448,39.5
0.163,0.392,39.5
0.048,0.315,39.5
0.002,0.271,39.5
0.0,0.231,39.5
0.0,0.187,39.5
0.0,0.16,39.5
0.0,0.141,39.5
0.0,0.128,39.5
0.0,0.12,39.5
0.0,0.114,39.5
0.0,0.101,39.5
0.0,0.081,39.5
0.047,0.055,39.5
0.132,0.032,39.5
0.257,0.031,39.5
0.45,0.046,39.5
0.545,0.054,39.5
0.657,0.053,39.5
0.716,0.053,39.5
0.743,0.051,39.5
0.699,0.045,39.5
0.632,0.039,39.5
0.505,0.036,39.5
0.339,0.034,39.5
0.17,0.039,39.5
0.044,0.053,39.5
0.003,0.071,39.5
0.0,0.064,39.5
0.0,0.041,39.5
0.0,0.027,39.5
0.0,0.025,39.5
0.0,0.03,39.5
0.0,0.045,39.5
0.0,0.076,39.5
0.0,0.127,39.5
0.002,0.195,39.5
0.049,0.223,39.5
0.165,0.145,39.5
0.322,0.101,39.5
0.483,0.148,39.5
0.624,0.182,39.5
0.722,0.196,39.5
0.772,0.198,39.5
0.772,0.193,39.5
0.727,0.187,39.5
0.641,0.182,39.5
0.514,0.168,39.5
0.337,0.136,39.5
0.163,0.139,39.5
0.046,0.16,39.5
0.0,0.213,39.5
0.0,0.322,39.5
0.0,0.471,39.5
0.0,0.613,39.5
0.0,0.694,39.5
0.0,0.716,39.5
0.0,0.711,39.5
0.0,0.708,39.5
0.0,0.714,39.5
0.003,0.714,39.5
0.053,0.63,39.5
0.176,0.447,39.5
0.357,0.337,39.5
0.529,0.457,39.5
0.658,0.523,39.5
0.735,0.532,39.5
0.755,0.547,39.5
0.709,0.626,39.5
0.517,0.725,39.5
0.336,0.73,39.5
0.177,0.516,39.5
0.112,0.312,39.5
0.097,0.369,39.5
0.033,0.313,39.5
0.0,0.243,39.5
0.0,0.285,39.5
0.0,0.354,39.5
0.0,0.401,39.5
0.0,0.413,39.5
0.0,0.388,39.5
0.0,0.409,39.5
0.0,0.397,39.5
0.0,0.358,39.5
0.0,0.341,39.5
0.008,0.259,39.5
0.037,0.215,39.5
0.15,0.201,39.5
0.336,0.247,39.5
0.534,0.289,39.5
0.711,0.301,39.5
0.77,0.307,39.5
0.759,0.329,39.5
0.701,0.379,39.5
0.617,0.391,39.5
0.482,0.355,39.5
0.319,0.299,39.5
0.177,0.208,39.5
0.054,0.121,39.5
0.004,0.093,39.5
0.0,0.107,39.5
0.0,0.177,39.5
0.0,0.282,39.5
0.0,0.378,39.5
0.0,0.439,39.5
0.0,0.458,39.5
0.0,0.444,39.5
0.0,0.443,39.5
0.003,0.457,39.5
0.062,0.41,39.5
0.164,0.358,39.5
0.26,0.341,39.5
0.237,0.276,39.5
0.216,0.214,39.5
0.248,0.18,39.5
0.248,0.133,39.5
0.296,0.147,39.5
0.324,0.234,39.5
0.304,0.332,39.5
0.277,0.386,39.5
0.198,0.398,39.5
0.097,0.395,39.5
0.04,0.507,39.5
0.002,0.599,39.5
0.0,0.574,39.5
0.0,0.578,39.5
0.0,0.595,39.5
0.0,0.572,39.5
0.0,0.521,39.5
0.0,0.505,39.5
0.0,0.491,39.5
0.0,0.444,39.5
0.001,0.379,39.5
0.049,0.303,39.5
0.136,0.282,39.5
0.27,0.245,39.5
0.364,0.223,39.5
0.372,0.204,39.5
0.39,0.174,39.5
0.198,0.104,39.5
0.334,0.072,39.5
0.365,0.062,39.5
0.27,0.064,39.5
0.201,0.089,39.5
0.108,0.126,39.5
0.058,0.132,39.5
0.021,0.128,39.5
0.0,0.142,39.5
0.0,0.163,39.5
0.0,0.188,39.5
0.0,0.222,39.5
0.0,0.302,39.5
0.0,0.349,39.5
0.0,0.341,39.5
0.0,0.31,39.5
0.0,0.278,39.5
0.006,0.255,39.5
0.049,0.216,39.5
0.191,0.177,39.5
0.376,0.163,39.5
0.542,0.155,39.5
0.658,0.151,39.5
0.727,0.146,39.5
0.757,0.143,39.5
0.736,0.137,39.5
0.659,0.133,39.5
0.543,0.137,39.5
0.414,0.134,39.5
0.242,0.172,39.5
0.086,0.21,39.5
0.044,0.262,39.5
0.0,0.393,39.5
0.0,0.544,39.5
0.0,0.625,39.5
0.0,0.669,39.5
0.0,0.727,39.5
0.0,0.827,39.5
0.0,0.9,39.5
0.0,0.964,39.5
0.0,0.961,39.5
0.0,0.955,39.5
0.014,0.92,39.5
0.096,0.876,39.5
0.194,0.849,39.5
0.261,0.857,39.5
0.246,0.871,39.5
0.35,0.869,39.5
0.559,0.887,39.5
0.594,0.94,39.5
0.353,0.965,39.5
0.326,0.963,39.5
0.309,0.948,39.5
0.186,0.912,39.5
0.132,0.901,39.5
0.057,0.967,39.5
0.001,0.988,39.5
0.0,0.989,39.5
0.0,0.971,39.5
0.0,0.967,39.5
0.0,0.979,39.5
0.0,0.99,39.5
0.0,0.99,39.5
0.0,0.984,39.5
0.0,0.977,39.5
0.006,0.968,39.5
0.058,0.965,39.5
0.169,0.969,39.5
0.319,0.973,39.5
0.469,0.968,39.5
0.627,0.961,39.5
0.705,0.952,39.5
0.712,0.943,39.5
0.676,0.93,39.5
0.637,0.913,39.5
0.584,0.892,39.5
0.491,0.857,39.5
0.351,0.801,39.5
0.18,0.706,39.5
0.057,0.531,39.5
0.001,0.379,39.5
0.0,0.289,39.5
0.0,0.213,39.5
0.0,0.149,39.5
0.0,0.104,39.5
0.0,0.067,39.5
0.0,0.041,39.5
0.0,0.023,39.5
0.0,0.018,39.5
0.004,0.027,39.5
0.055,0.034,39.5
0.148,0.035,39.5
0.277,0.039,39.5
0.436,0.032,39.5
0.52,0.017,39.5
0.627,0.016,39.5
0.713,0.022,39.5
0.591,0.013,39.5
0.245,0.025,39.5
0.223,0.053,39.5
0.204,0.086,39.5
0.147,0.108,39.5
0.095,0.146,39.5
0.03,0.192,39.5
0.0,0.214,39.5
0.0,0.219,39.5
0.0,0.235,39.5
0.0,0.271,39.5
0.0,0.294,39.5
0.0,0.317,39.5
0.0,0.347,39.5
0.0,0.368,39.5
0.0,0.376,39.5
0.0,0.383,39.5
0.012,0.387,39.5
0.045,0.4,39.5
0.092,0.413,39.5
0.153,0.425,39.5
0.241,0.445,39.5
0.286,0.454,39.5
0.313,0.466,39.5
0.316,0.478,39.5
0.245,0.481,39.5
0.237,0.454,39.5
0.217,0.426,39.5
0.206,0.416,39.5
0.126,0.416,39.5
0.047,0.395,39.5
0.0,0.401,39.5
0.0,0.434,39.5
0.0,0.494,39.5
0.0,0.544,39.5
0.0,0.539,39.5
0.0,0.476,39.5
0.0,0.407,39.5
0.0,0.395,39.5
0.0,0.416,39.5
0.004,0.402,39.5
0.058,0.314,39.5
0.163,0.294,39.5
0.293,0.319,39.5
0.513,0.32,39.5
0.65,0.282,39.5
0.724,0.251,39.5
0.747,0.241,39.5
0.699,0.241,39.5
0.557,0.226,39.5
0.325,0.188,39.5
0.196,0.155,39.5
0.136,0.14,39.5
0.1,0.139,39.5
0.049,0.155,39.5
0.002,0.192,39.5
0.0,0.219,39.5
0.0,0.214,39.5
0.0,0.201,39.5
0.0,0.192,39.5
0.0,0.184,39.5
0.0,0.186,39.5
0.0,0.188,39.5
0.0,0.179,39.5
0.009,0.167,39.5
0.056,0.122,39.5
0.192,0.122,39.5
0.368,0.157,39.5
0.527,0.179,39.5
0.639,0.167,39.5
0.699,0.139,39.5
0.726,0.106,39.5
0.614,0.07,39.5
0.558,0.041,39.5
0.465,0.028,39.5
0.297,0.022,39.5
0.123,0.02,39.5
0.064,0.028,39.5
0.027,0.05,39.5
0.0,0.102,39.5
0.0,0.187,39.5
0.0,0.296,39.5
0.0,0.41,39.5
0.0,0.498,39.5
0.0,0.538,39.5
0.0,0.566,39.5
0.0,0.595,39.5
0.0,0.601,39.5
0.009,0.598,39.5
0.056,0.624,39.5
0.179,0.729,39.5
0.335,0.751,39.5
0.503,0.768,39.5
0.629,0.788,39.5
0.695,0.812,39.5
0.723,0.837,39.5
0.695,0.853,39.5
0.567,0.857,39.5
0.412,0.836,39.5
0.33,0.78,39.5
0.258,0.695,39.5
0.152,0.562,39.5
0.057,0.444,39.5
0.005,0.399,39.5
0.0,0.358,39.5
0.0,0.352,39.5
0.0,0.391,39.5
0.0,0.432,39.5
0.0,0.444,39.5
0.0,0.476,39.5
0.0,0.499,39.5
0.0,0.505,39.5
0.009,0.484,39.5
0.042,0.379,39.5
0.195,0.447,39.5
0.385,0.529,39.5
0.55,0.522,39.5
0.673,0.466,39.5
0.754,0.383,39.5
0.787,0.345,39.5
0.777,0.323,39.5
0.726,0.278,39.5
0.584,0.231,39.5
0.468,0.19,39.5
0.252,0.158,39.5
0.107,0.128,39.5
0.034,0.131,39.5
0.0,0.159,39.5
0.0,0.13,39.5
0.0,0.114,39.5
0.0,0.086,39.5
0.0,0.041,39.5
0.0,0.013,39.5
0.0,0.021,39.5
0.0,0.084,39.5
0.0,0.198,39.5
0.009,0.326,39.5
0.042,0.33,39.5
0.195,0.409,39.5
0.381,0.511,39.5
0.539,0.572,39.5
0.643,0.618,39.5
0.719,0.646,39.5
0.75,0.676,39.5
0.71,0.704,39.5
0.601,0.71,39.5
0.428,0.718,39.5
0.298,0.711,39.5
0.244,0.697,39.5
0.16,0.678,39.5
0.06,0.644,39.5
0.006,0.695,39.5
0.0,0.739,39.5
0.0,0.734,39.5
0.0,0.682,39.5
0.0,0.662,39.5
0.0,0.69,39.5
0.0,0.682,39.5
0.0,0.644,39.5
0.0,0.627,39.5
0.007,0.604,39.5
0.059,0.568,39.5
0.183,0.682,39.5
0.36,0.718,39.5
0.495,0.693,39.5
0.631,0.663,39.5
0.716,0.637,39.5
0.753,0.611,39.5
0.741,0.578,39.5
0.694,0.533,39.5
0.44,0.467,39.5
0.362,0.389,39.5
0.233,0.299,39.5
0.126,0.211,39.5
0.058,0.161,39.5
0.008,0.157,39.5
0.0,0.16,39.5
0.0,0.18,39.5
0.0,0.2,39.5
0.0,0.208,39.5
0.0,0.207,39.5
0.0,0.192,39.5
0.0,0.167,39.5
0.0,0.137,39.5
0.009,0.117,39.5
0.039,0.083,39.5
0.189,0.046,39.5
0.376,0.067,39.5
0.542,0.103,39.5
0.668,0.118,39.5
0.749,0.111,39.5
0.781,0.1,39.5
0.77,0.093,39.5
0.732,0.087,39.5
0.643,0.088,39.5
0.503,0.085,39.5
0.334,0.09,39.5
0.171,0.144,39.5
0.052,0.223,39.5
0.009,0.313,39.5
0.0,0.355,39.5
0.0,0.332,39.5
0.0,0.305,39.5
0.0,0.299,39.5
0.0,0.286,39.5
0.0,0.264,39.5
0.0,0.254,39.5
0.0,0.294,39.5
0.0,0.317,39.5
0.048,0.255,39.5
0.15,0.192,39.5
0.227,0.162,39.5
0.279,0.206,39.5
0.365,0.225,39.5
0.468,0.261,39.5
0.629,0.315,39.5
0.675,0.361,39.5
0.623,0.333,39.5
0.489,0.223,39.5
0.295,0.123,39.5
0.133,0.08,39.5
0.077,0.069,39.5
0.028,0.124,39.5
0.0,0.213,39.5
0.0,0.294,39.5
0.0,0.323,39.5
0.0,0.311,39.5
0.0,0.291,39.5
0.0,0.253,39.5
0.0,0.236,39.5
0.0,0.341,39.5
0.0,0.415,39.5
0.0,0.379,39.5
0.055,0.398,39.5
0.174,0.45,39.5
0.351,0.523,39.5
0.507,0.513,39.5
0.617,0.459,39.5
0.666,0.428,39.5
0.674,0.425,39.5
0.601,0.448,39.5
0.39,0.438,39.5
0.384,0.417,39.5
0.322,0.395,39.5
0.218,0.364,39.5
0.115,0.337,39.5
0.054,0.307,39.5
0.003,0.311,39.5
0.0,0.328,39.5
0.0,0.335,39.5
0.0,0.358,39.5
0.0,0.386,39.5
0.0,0.422,39.5
0.0,0.444,39.5
0.0,0.464,39.5
0.0,0.489,39.5
0.009,0.484,39.5
0.04,0.45,39.5
0.189,0.463,39.5
0.382,0.442,39.5
0.553,0.428,39.5
0.685,0.444,39.5
0.769,0.476,39.5
0.809,0.513,39.5
0.797,0.539,39.5
0.742,0.547,39.5
0.649,0.536,39.5
0.522,0.51,39.5
0.362,0.48,39.5
0.186,0.45,39.5
0.044,0.404,39.5
0.009,0.362,39.5
0.0,0.362,39.5
0.0,0.358,39.5
0.0,0.361,39.5
0.0,0.355,39.5
0.0,0.344,39.5
0.0,0.326,39.5
0.0,0.297,39.5
0.0,0.267,39.5
0.009,0.248,39.5
0.038,0.199,39.5
0.189,0.163,39.5
0.377,0.154,39.5
0.543,0.157,39.5
0.666,0.159,39.5
0.745,0.14,39.5
0.781,0.109,39.5
0.77,0.087,39.5
0.719,0.083,39.5
0.637,0.092,39.5
0.511,0.124,39.5
0.354,0.172,39.5
0.181,0.206,39.5
0.045,0.204,39.5
0.009,0.199,39.5
0.0,0.179,39.5
0.0,0.136,39.5
0.0,0.089,39.5
0.0,0.072,39.5
0.0,0.077,39.5
0.0,0.093,39.5
0.0,0.114,39.5
0.0,0.136,39.5
0.009,0.172,39.5
0.034,0.165,39.5
0.191,0.127,39.5
0.383,0.122,39.5
0.55,0.067,39.5
0.677,0.052,39.5
0.759,0.067,39.5
0.799,0.09,39.5
0.796,0.113,39.5
0.753,0.149,39.5
0.666,0.201,39.5
0.538,0.271,39.5
0.371,0.32,39.5
0.186,0.369,39.5
0.043,0.467,39.5
0.008,0.586,39.5
0.0,0.644,39.5
0.0,0.63,39.5
0.0,0.605,39.5
0.0,0.6,39.5
0.0,0.587,39.5
0.0,0.546,39.5
0.0,0.537,39.5
0.0,0.565,39.5
0.004,0.533,39.5
0.063,0.448,39.5
0.151,0.344,39.5
0.256,0.315,39.5
0.386,0.418,39.5
0.464,0.491,39.5
0.558,0.515,39.5
0.54,0.501,39.5
0.288,0.467,39.5
0.181,0.409,39.5
0.24,0.439,39.5
0.376,0.516,39.5
0.228,0.442,39.5
0.096,0.337,39.5
0.035,0.388,39.5
0.002,0.541,39.5
0.0,0.666,39.5
0.0,0.71,39.5
0.0,0.697,39.5
0.0,0.654,39.5
0.0,0.623,39.5
0.0,0.566,39.5
0.0,0.459,39.5
0.0,0.366,39.5
0.011,0.355,39.5
0.063,0.435,39.5
0.167,0.566,39.5
0.237,0.525,39.5
0.309,0.331,39.5
0.475,0.22,39.5
0.646,0.178,39.5
0.597,0.091,39.5
0.359,0.028,39.5
0.165,0.013,39.5
0.156,0.028,39.5
0.155,0.094,39.5
0.152,0.146,39.5
0.1,0.194,39.5
0.034,0.243,39.5
0.0,0.296,39.5
0.0,0.332,39.5
0.0,0.418,39.5
0.0,0.449,39.5
0.0,0.364,39.5
0.0,0.375,39.5
0.0,0.478,39.5
0.0,0.557,39.5
0.0,0.527,39.5
0.007,0.399,39.5
0.055,0.22,39.5
0.174,0.111,39.5
0.329,0.054,39.5
0.482,0.064,39.5
0.605,0.126,39.5
0.654,0.187,39.5
0.662,0.209,39.5
0.686,0.191,39.5
0.655,0.153,39.5
0.591,0.112,39.5
0.477,0.083,39.5
0.332,0.068,39.5
0.175,0.076,39.5
0.059,0.12,39.5
0.005,0.183,39.5
0.0,0.209,39.5
0.0,0.199,39.5
0.0,0.196,39.5
0.0,0.2,39.5
0.0,0.22,39.5
0.0,0.279,39.5
0.0,0.363,39.5
0.0,0.447,39.5
0.008,0.49,39.5
0.053,0.454,39.5
0.173,0.526,39.5
0.288,0.643,39.5
0.438,0.714,39.5
0.594,0.741,39.5
0.679,0.752,39.5
0.724,0.774,39.5
0.731,0.808,39.5
0.691,0.845,39.5
0.61,0.872,39.5
0.489,0.882,39.5
0.338,0.882,39.5
0.177,0.876,39.5
0.054,0.874,39.5
0.007,0.862,39.5
0.0,0.851,39.5
0.0,0.824,39.5
0.0,0.827,39.5
0.0,0.831,39.5
0.0,0.823,39.5
0.0,0.816,39.5
0.0,0.809,39.5
0.0,0.793,39.5
0.008,0.763,39.5
0.051,0.756,39.5
0.175,0.795,39.5
0.342,0.788,39.5
0.497,0.797,39.5
0.623,0.819,39.5
0.704,0.834,39.5
0.743,0.856,39.5
0.743,0.864,39.5
0.7,0.868,39.5
0.616,0.865,39.5
0.497,0.857,39.5
0.344,0.84,39.5
0.179,0.823,39.5
0.049,0.841,39.5
0.008,0.856,39.5
0.0,0.849,39.5
0.0,0.833,39.5
0.0,0.814,39.5
0.0,0.798,39.5
0.0,0.788,39.5
0.0,0.77,39.5
0.0,0.751,39.5
0.0,0.749,39.5
0.009,0.729,39.5
0.054,0.657,39.5
0.179,0.574,39.5
0.345,0.671,39.5
0.492,0.675,39.5
0.561,0.721,39.5
0.563,0.759,39.5
0.558,0.751,39.5
0.532,0.695,39.5
0.495,0.622,39.5
0.447,0.565,39.5
0.373,0.514,39.5
0.282,0.5,39.5
0.169,0.537,39.5
0.058,0.619,39.5
0.007,0.699,39.5
0.0,0.743,39.5
0.0,0.731,39.5
0.0,0.689,39.5
0.0,0.635,39.5
0.0,0.574,39.5
0.0,0.52,39.5
0.0,0.484,39.5
0.0,0.469,39.5
0.004,0.457,39.5
0.055,0.388,39.5
0.173,0.302,39.5
0.346,0.255,39.5
0.506,0.249,39.5
0.63,0.365,39.5
0.709,0.444,39.5
0.747,0.494,39.5
0.749,0.511,39.5
0.706,0.488,39.5
0.621,0.433,39.5
0.498,0.394,39.5
0.341,0.337,39.5
0.176,0.27,39.5
0.049,0.414,39.5
0.007,0.669,39.5
0.0,0.658,39.5
0.0,0.615,39.5
0.0,0.56,39.5
0.0,0.554,39.5
0.0,0.574,39.5
0.0,0.582,39.5
0.0,0.571,39.5
0.0,0.535,39.5
0.008,0.5,39.5
0.049,0.48,39.5
0.172,0.388,39.5
0.343,0.287,39.5
0.505,0.198,39.5
0.55,0.096,39.5
0.554,0.127,39.5
0.719,0.25,39.5
0.769,0.27,39.5
0.732,0.302,39.5
0.649,0.303,39.5
0.525,0.325,39.5
0.364,0.344,39.5
0.187,0.356,39.5
0.046,0.351,39.5
0.008,0.346,39.5
0.0,0.364,39.5
0.0,0.394,39.5
0.0,0.429,39.5
0.0,0.449,39.5
0.0,0.459,39.5
0.0,0.464,39.5
0.0,0.453,39.5
0.0,0.374,39.5
0.008,0.314,39.5
0.037,0.278,39.5
0.181,0.336,39.5
0.371,0.339,39.5
0.54,0.323,39.5
0.668,0.289,39.5
0.753,0.275,39.5
0.795,0.295,39.5
0.791,0.33,39.5
0.752,0.358,39.5
0.669,0.368,39.5
0.544,0.374,39.5
0.38,0.358,39.5
0.194,0.325,39.5
0.036,0.285,39.5
0.008,0.266,39.5
0.0,0.279,39.5
0.0,0.302,39.5
0.0,0.317,39.5
0.0,0.315,39.5
0.0,0.259,39.5
0.0,0.184,39.5
0.0,0.178,39.5
0.0,0.23,39.5
0.008,0.31,39.5
0.039,0.318,39.5
0.18,0.3,39.5
0.368,0.246,39.5
0.535,0.179,39.5
0.663,0.154,39.5
0.745,0.17,39.5
0.787,0.202,39.5
0.786,0.24,39.5
0.745,0.278,39.5
0.666,0.317,39.5
0.529,0.361,39.5
0.369,0.4,39.5
0.192,0.425,39.5
0.036,0.438,39.5
0.007,0.444,39.5
0.0,0.493,39.5
0.0,0.528,39.5
0.0,0.566,39.5
0.0,0.599,39.5
0.0,0.618,39.5
0.0,0.635,39.5
0.0,0.668,39.5
0.0,0.658,39.5
0.007,0.621,39.5
0.038,0.571,39.5
0.181,0.635,39.5
0.372,0.686,39.5
0.54,0.685,39.5
0.67,0.663,39.5
0.757,0.648,39.5
0.801,0.645,39.5
0.8,0.654,39.5
0.757,0.668,39.5
0.671,0.679,39.5
0.542,0.69,39.5
0.375,0.705,39.5
0.189,0.719,39.5
0.04,0.71,39.5
0.007,0.745,39.5
0.0,0.763,39.5
0.0,0.772,39.5
0.0,0.778,39.5
0.0,0.775,39.5
0.0,0.715,39.5
0.0,0.691,39.5
0.0,0.666,39.5
0.0,0.645,39.5
0.007,0.586,39.5
0.032,0.481,39.5
0.183,0.535,39.5
0.378,0.504,39.5
0.546,0.507,39.5
0.673,0.471,39.5
0.755,0.42,39.5
0.794,0.361,39.5
0.791,0.305,39.5
0.747,0.279,39.5
0.662,0.286,39.5
0.535,0.309,39.5
0.372,0.347,39.5
0.189,0.395,39.5
0.034,0.442,39.5
0.007,0.503,39.5
0.0,0.522,39.5
0.0,0.46,39.5
0.0,0.375,39.5
0.0,0.297,39.5
0.0,0.236,39.5
0.0,0.182,39.5
0.0,0.141,39.5
0.0,0.129,39.5
0.005,0.127,39.5
0.033,0.1,39.5
0.177,0.061,39.5
0.353,0.092,39.5
0.512,0.115,39.5
0.644,0.089,39.5
0.744,0.053,39.5
0.785,0.034,39.5
0.784,0.04,39.5
0.742,0.067,39.5
0.658,0.104,39.5
0.533,0.137,39.5
0.37,0.167,39.5
0.188,0.199,39.5
0.037,0.222,39.5
0.006,0.23,39.5
0.0,0.211,39.5
0.0,0.174,39.5
0.0,0.132,39.5
0.0,0.093,39.5
0.0,0.069,39.5
0.0,0.047,39.5
0.0,0.023,39.5
0.0,0.007,39.5
0.005,0.007,39.5
0.048,0.012,39.5
0.175,0.022,39.5
0.352,0.048,39.5
0.516,0.083,39.5
0.646,0.1,39.5
0.728,0.093,39.5
0.768,0.089,39.5
0.769,0.113,39.5
0.72,0.161,39.5
0.619,0.211,39.5
0.471,0.251,39.5
0.315,0.27,39.5
0.166,0.251,39.5
0.055,0.193,39.5
0.001,0.147,39.5
0.0,0.127,39.5
0.0,0.112,39.5
0.0,0.104,39.5
0.0,0.092,39.5
0.0,0.068,39.5
0.0,0.038,39.5
0.0,0.018,39.5
0.0,0.014,39.5
0.004,0.02,39.5
0.054,0.026,39.5
0.172,0.027,39.5
0.353,0.025,39.5
0.508,0.033,39.5
0.627,0.063,39.5
0.715,0.086,39.5
0.748,0.109,39.5
0.738,0.135,39.5
0.693,0.162,39.5
0.587,0.202,39.5
0.469,0.241,39.5
0.331,0.278,39.5
0.172,0.311,39.5
0.057,0.332,39.5
0.0,0.349,39.5
0.0,0.365,39.5
0.0,0.379,39.5
0.0,0.382,39.5
0.0,0.367,39.5
0.0,0.347,39.5
0.0,0.342,39.5
0.0,0.348,39.5
0.0,0.352,39.5
0.004,0.345,39.5
0.04,0.31,39.5
0.176,0.398,39.5
0.362,0.402,39.5
0.525,0.401,39.5
0.664,0.395,39.5
0.75,0.358,39.5
0.792,0.324,39.5
0.788,0.314,39.5
0.741,0.334,39.5
0.649,0.356,39.5
0.521,0.373,39.5
0.366,0.395,39.5
0.187,0.415,39.5
0.037,0.442,39.5
0.004,0.543,39.5
0.0,0.62,39.5
0.0,0.601,39.5
0.0,0.562,39.5
0.0,0.581,39.5
0.0,0.538,39.5
0.0,0.483,39.5
0.0,0.429,39.5
0.0,0.376,39.5
0.004,0.328,39.5
0.04,0.211,39.5
0.173,0.238,39.5
0.357,0.241,39.5
0.52,0.217,39.5
0.654,0.194,39.5
0.737,0.167,39.5
0.777,0.148,39.5
0.777,0.156,39.5
0.734,0.199,39.5
0.65,0.257,39.5
0.525,0.291,39.5
0.365,0.29,39.5
0.186,0.274,39.5
0.038,0.254,39.5
0.004,0.252,39.5
0.0,0.242,39.5
0.0,0.192,39.5
0.0,0.144,39.5
0.0,0.117,39.5
0.0,0.105,39.5
0.0,0.106,39.5
0.0,0.108,39.5
0.0,0.108,39.5
0.005,0.1,39.5
0.054,0.067,39.5
0.165,0.028,39.5
0.283,0.023,39.5
0.368,0.025,39.5
0.375,0.026,39.5
0.367,0.025,39.5
0.464,0.019,39.5
0.619,0.01,39.5
0.675,0.008,39.5
0.546,0.014,39.5
0.343,0.051,39.5
0.193,0.118,39.5
0.107,0.154,39.5
0.042,0.145,39.5
0.0,0.114,39.5
0.0,0.068,39.5
0.0,0.028,39.5
0.0,0.016,39.5
0.0,0.023,39.5
0.0,0.037,39.5
0.0,0.049,39.5
0.0,0.066,39.5
0.0,0.093,39.5
0.001,0.092,39.5
0.049,0.072,39.5
0.16,0.059,39.5
0.323,0.069,39.5
0.494,0.102,39.5
0.638,0.156,39.5
0.727,0.21,39.5
0.769,0.258,39.5
0.768,0.307,39.5
0.726,0.355,39.5
0.643,0.388,39.5
0.519,0.391,39.5
0.36,0.384,39.5
0.183,0.395,39.5
0.039,0.361,39.5
0.002,0.284,39.5
0.0,0.269,39.5
0.0,0.294,39.5
0.0,0.333,39.5
0.0,0.35,39.5
0.0,0.388,39.5
0.0,0.432,39.5
0.0,0.477,39.5
0.0,0.438,39.5
0.002,0.358,39.5
0.051,0.294,39.5
0.121,0.278,39.5
0.253,0.291,39.5
0.45,0.302,39.5
0.555,0.331,39.5
0.683,0.376,39.5
0.729,0.417,39.5
0.702,0.45,39.5
0.685,0.471,39.5
0.621,0.476,39.5
0.518,0.475,39.5
0.363,0.493,39.5
0.184,0.509,39.5
0.04,0.458,39.5
0.003,0.435,39.5
0.0,0.494,39.5
0.0,0.468,39.5
0.0,0.416,39.5
0.0,0.391,39.5
0.0,0.404,39.5
0.0,0.416,39.5
0.0,0.362,39.5
0.0,0.334,39.5
0.002,0.307,39.5
0.039,0.231,39.5
0.166,0.182,39.5
0.349,0.13,39.5
0.514,0.114,39.5
0.639,0.12,39.5
0.723,0.141,39.5
0.762,0.149,39.5
0.751,0.171,39.5
0.703,0.196,39.5
0.613,0.21,39.5
0.492,0.212,39.5
0.337,0.205,39.5
0.174,0.204,39.5
0.043,0.218,39.5
0.002,0.258,39.5
0.0,0.305,39.5
0.0,0.325,39.5
0.0,0.349,39.5
0.0,0.374,39.5
0.0,0.395,39.5
0.0,0.395,39.5
0.0,0.376,39.5
0.0,0.355,39.5
0.002,0.344,39.5
0.035,0.316,39.5
0.169,0.364,39.5
0.354,0.395,39.5
0.522,0.413,39.5
0.651,0.435,39.5
0.732,0.485,39.5
0.771,0.547,39.5
0.768,0.6,39.5
0.73,0.638,39.5
0.647,0.663,39.5
0.523,0.675,39.5
0.362,0.682,39.5
0.182,0.672,39.5
0.037,0.618,39.5
0.002,0.507,39.5
0.0,0.485,39.5
0.0,0.499,39.5
0.0,0.516,39.5
0.0,0.536,39.5
0.0,0.548,39.5
0.0,0.537,39.5
0.0,0.52,39.5
0.0,0.484,39.5
0.002,0.431,39.5
0.046,0.326,39.5
0.159,0.279,39.5
0.338,0.226,39.5
0.455,0.201,39.5
0.643,0.193,39.5
0.734,0.198,39.5
0.768,0.208,39.5
0.786,0.225,39.5
0.743,0.243,39.5
0.662,0.253,39.5
0.54,0.264,39.5
0.374,0.265,39.5
0.188,0.264,39.5
0.032,0.277,39.5
0.001,0.347,39.5
0.0,0.413,39.5
0.0,0.42,39.5
0.0,0.422,39.5
0.0,0.414,39.5
0.0,0.398,39.5
0.0,0.376,39.5
0.0,0.351,39.5
0.0,0.337,39.5
0.001,0.32,39.5
0.048,0.226,39.5
0.152,0.144,39.5
0.299,0.091,39.5
0.447,0.035,39.5
0.594,0.011,39.5
0.717,0.002,39.5
0.775,0.007,39.5
0.779,0.025,39.5
0.736,0.039,39.5
0.649,0.067,39.5
0.52,0.096,39.5
0.356,0.139,39.5
0.175,0.205,39.5
0.046,0.311,39.5
0.001,0.37,39.5
0.0,0.347,39.5
0.0,0.274,39.5
0.0,0.207,39.5
0.0,0.156,39.5
0.0,0.127,39.5
0.0,0.117,39.5
0.0,0.115,39.5
0.0,0.115,39.5
0.002,0.107,39.5
0.043,0.073,39.5
0.172,0.03,39.5
0.353,0.014,39.5
0.508,0.018,39.5
0.617,0.058,39.5
0.668,0.133,39.5
0.592,0.218,39.5
0.52,0.265,39.5
0.409,0.276,39.5
0.31,0.269,39.5
0.216,0.233,39.5
0.157,0.198,39.5
0.102,0.192,39.5
0.038,0.218,39.5
0.0,0.253,39.5
0.0,0.277,39.5
0.0,0.294,39.5
0.0,0.355,39.5
0.0,0.4,39.5
0.0,0.372,39.5
0.0,0.38,39.5
0.0,0.41,39.5
0.0,0.433,39.5
0.0,0.451,39.5
0.034,0.444,39.5
0.13,0.532,39.5
0.208,0.602,39.5
0.281,0.644,39.5
0.252,0.668,39.5
0.305,0.704,39.5
0.497,0.715,39.5
0.602,0.701,39.5
0.599,0.698,39.5
0.5,0.684,39.5
0.357,0.648,39.5
0.246,0.574,39.5
0.148,0.447,39.5
0.05,0.325,39.5
0.0,0.272,39.5
0.0,0.249,39.5
0.0,0.256,39.5
0.0,0.279,39.5
0.0,0.296,39.5
0.0,0.306,39.5
0.0,0.32,39.5
0.0,0.344,39.5
0.0,0.337,39.5
0.0,0.328,39.5
0.045,0.274,39.5
0.137,0.282,39.5
0.239,0.344,39.5
0.43,0.401,39.5
0.564,0.437,39.5
0.626,0.462,39.5
0.638,0.479,39.5
0.607,0.491,39.5
0.452,0.491,39.5
0.31,0.47,39.5
0.193,0.428,39.5
0.125,0.337,39.5
0.08,0.249,39.5
0.032,0.184,39.5
0.0,0.169,39.5
0.0,0.164,39.5
0.0,0.204,39.5
0.0,0.305,39.5
0.0,0.412,39.5
0.0,0.516,39.5
0.0,0.571,39.5
0.0,0.554,39.5
0.0,0.483,39.5
0.0,0.462,39.5
0.041,0.528,39.5
0.158,0.592,39.5
0.304,0.726,39.5
0.384,0.785,39.5
0.425,0.826,39.5
0.348,0.84,39.5
0.38,0.826,39.5
0.354,0.8,39.5
0.306,0.785,39.5
0.406,0.784,39.5
0.489,0.78,39.5
0.341,0.788,39.5
0.164,0.766,39.5
0.049,0.685,39.5
0.0,0.61,39.5
0.0,0.585,39.5
0.0,0.538,39.5
0.0,0.491,39.5
0.0,0.444,39.5
0.0,0.409,39.5
0.0,0.374,39.5
0.0,0.335,39.5
0.0,0.282,39.5
0.0,0.267,39.5
0.047,0.222,39.5
0.152,0.171,39.5
0.29,0.155,39.5
0.347,0.163,39.5
0.404,0.163,39.5
0.53,0.147,39.5
0.669,0.133,39.5
0.575,0.121,39.5
0.387,0.132,39.5
0.531,0.144,39.5
0.507,0.123,39.5
0.333,0.096,39.5
0.144,0.076,39.5
0.042,0.063,39.5
0.0,0.063,39.5
0.0,0.059,39.5
0.0,0.059,39.5
0.0,0.066,39.5
0.0,0.063,39.5
0.0,0.066,39.5
0.0,0.077,39.5
0.0,0.087,39.5
0.0,0.088,39.5
0.0,0.085,39.5
0.041,0.068,39.5
0.149,0.03,39.5
0.303,0.025,39.5
0.461,0.029,39.5
0.599,0.032,39.5
0.69,0.022,39.5
0.736,0.012,39.5
0.738,0.011,39.5
0.697,0.016,39.5
0.616,0.028,39.5
0.497,0.049,39.5
0.343,0.105,39.5
0.171,0.256,39.5
0.036,0.401,39.5
0.0,0.42,39.5
0.0,0.367,39.5
0.0,0.3,39.5
0.0,0.267,39.5
0.0,0.268,39.5
0.0,0.292,39.5
0.0,0.341,39.5
0.0,0.402,39.5
0.0,0.463,39.5
0.0,0.501,39.5
0.037,0.422,39.5
0.157,0.296,39.5
0.336,0.254,39.5
0.498,0.333,39.5
0.619,0.437,39.5
0.697,0.439,39.5
0.732,0.395,39.5
0.722,0.337,39.5
0.671,0.292,39.5
0.58,0.278,39.5
0.462,0.278,39.5
0.31,0.294,39.5
0.155,0.395,39.5
0.039,0.687,39.5
0.0,0.861,39.5
0.0,0.9,39.5
0.0,0.904,39.5
0.0,0.89,39.5
0.0,0.835,39.5
0.0,0.759,39.5
0.0,0.71,39.5
0.0,0.707,39.5
0.0,0.668,39.5
0.0,0.571,39.5
0.041,0.425,39.5
0.146,0.355,39.5
0.254,0.34,39.5
0.442,0.309,39.5
0.605,0.227,39.5
0.706,0.144,39.5
0.747,0.09,39.5
0.746,0.074,39.5
0.694,0.07,39.5
0.571,0.065,39.5
0.44,0.067,39.5
0.326,0.089,39.5
0.162,0.16,39.5
0.039,0.284,39.5
0.0,0.408,39.5
0.0,0.472,39.5
0.0,0.484,39.5
0.0,0.476,39.5
0.0,0.469,39.5
0.0,0.472,39.5
0.0,0.501,39.5
0.0,0.551,39.5
0.0,0.586,39.5
0.0,0.601,39.5
0.038,0.568,39.5
0.153,0.445,39.5
0.324,0.297,39.5
0.479,0.279,39.5
0.574,0.41,39.5
0.579,0.555,39.5
0.522,0.559,39.5
0.592,0.525,39.5
0.636,0.535,39.5
0.57,0.505,39.5
0.452,0.328,39.5
0.275,0.31,39.5
0.108,0.539,39.5
0.036,0.648,39.5
0.0,0.633,39.5
0.0,0.525,39.5
0.0,0.416,39.5
0.0,0.384,39.5
0.0,0.379,39.5
0.0,0.36,39.5
0.0,0.358,39.5
0.0,0.359,39.5
0.0,0.31,39.5
0.0,0.292,39.5
0.018,0.301,39.5
0.044,0.394,39.5
0.086,0.422,39.5
0.139,0.235,39.5
0.315,0.157,39.5
0.447,0.165,39.5
0.374,0.142,39.5
0.307,0.145,39.5
0.313,0.194,39.5
0.193,0.243,39.5
0.091,0.295,39.5
0.073,0.326,39.5
0.032,0.284,39.5
0.004,0.245,39.5
0.0,0.245,39.5
0.0,0.249,39.5
0.0,0.228,39.5
0.0,0.188,39.5
0.0,0.152,39.5
0.0,0.118,39.5
0.0,0.093,39.5
0.0,0.109,39.5
0.0,0.159,39.5
0.0,0.218,39.5
0.021,0.214,39.5
0.065,0.152,39.5
0.103,0.159,39.5
0.177,0.202,39.5
0.253,0.261,39.5
0.339,0.323,39.5
0.446,0.383,39.5
0.516,0.454,39.5
0.509,0.522,39.5
0.466,0.567,39.5
0.358,0.601,39.5
0.221,0.618,39.5
0.106,0.606,39.5
0.032,0.526,39.5
0.0,0.484,39.5
0.0,0.562,39.5
0.0,0.578,39.5
0.0,0.568,39.5
0.0,0.513,39.5
0.0,0.464,39.5
0.0,0.442,39.5
0.0,0.42,39.5
0.0,0.405,39.5
0.0,0.42,39.5
0.038,0.416,39.5
0.147,0.482,39.5
0.314,0.541,39.5
0.466,0.58,39.5
0.61,0.607,39.5
0.712,0.59,39.5
0.762,0.559,39.5
0.758,0.554,39.5
0.714,0.586,39.5
0.621,0.621,39.5
0.499,0.627,39.5
0.341,0.586,39.5
0.168,0.512,39.5
0.032,0.437,39.5
0.0,0.416,39.5
0.0,0.403,39.5
0.0,0.347,39.5
0.0,0.275,39.5
0.0,0.208,39.5
0.0,0.158,39.5
0.0,0.136,39.5
0.0,0.136,39.5
0.0,0.153,39.5
0.0,0.209,39.5
0.031,0.274,39.5
0.149,0.267,39.5
0.345,0.367,39.5
0.515,0.435,39.5
0.646,0.454,39.5
0.731,0.438,39.5
0.771,0.413,39.5
0.769,0.388,39.5
0.723,0.365,39.5
0.618,0.344,39.5
0.468,0.316,39.5
0.28,0.308,39.5
0.145,0.305,39.5
0.032,0.335,39.5
0.0,0.511,39.5
0.0,0.672,39.5
0.0,0.698,39.5
0.0,0.695,39.5
0.0,0.724,39.5
0.0,0.774,39.5
0.0,0.827,39.5
0.0,0.841,39.5
0.0,0.866,39.5
0.0,0.884,39.5
0.036,0.898,39.5
0.153,0.966,39.5
0.329,0.98,39.5
0.489,0.982,39.5
0.609,0.984,39.5
0.688,0.986,39.5
0.654,0.985,39.5
0.561,0.982,39.5
0.436,0.974,39.5
0.489,0.97,39.5
0.361,0.96,39.5
0.256,0.946,39.5
0.129,0.924,39.5
0.036,0.891,39.5
0.0,0.874,39.5
0.0,0.858,39.5
0.0,0.85,39.5
0.0,0.851,39.5
0.0,0.848,39.5
0.0,0.837,39.5
0.0,0.816,39.5
0.0,0.8,39.5
0.0,0.778,39.5
0.0,0.746,39.5
0.034,0.702,39.5
0.147,0.712,39.5
0.328,0.718,39.5
0.47,0.695,39.5
0.597,0.684,39.5
0.679,0.686,39.5
0.733,0.689,39.5
0.739,0.679,39.5
0.7,0.656,39.5
0.63,0.618,39.5
0.511,0.562,39.5
0.341,0.514,39.5
0.161,0.449,39.5
0.034,0.35,39.5
0.0,0.309,39.5
0.0,0.278,39.5
0.0,0.278,39.5
0.0,0.311,39.5
0.0,0.328,39.5
0.0,0.319,39.5
0.0,0.302,39.5
0.0,0.28,39.5
0.0,0.243,39.5
0.0,0.197,39.5
0.035,0.143,39.5
0.147,0.095,39.5
0.319,0.077,39.5
0.451,0.063,39.5
0.573,0.052,39.5
0.605,0.036,39.5
0.704,0.039,39.5
0.688,0.054,39.5
0.503,0.08,39.5
0.438,0.101,39.5
0.391,0.125,39.5
0.287,0.147,39.5
0.141,0.166,39.5
0.03,0.184,39.5
0.0,0.185,39.5
0.0,0.158,39.5
0.0,0.133,39.5
0.0,0.112,39.5
0.0,0.092,39.5
0.0,0.078,39.5
0.0,0.07,39.5
0.0,0.072,39.5
0.0,0.08,39.5
0.0,0.09,39.5
0.03,0.091,39.5
0.149,0.078,39.5
0.335,0.064,39.5
0.505,0.051,39.5
0.635,0.049,39.5
0.72,0.06,39.5
0.762,0.084,39.5
0.76,0.119,39.5
0.716,0.16,39.5
0.629,0.2,39.5
0.499,0.225,39.5
0.335,0.232,39.5
0.157,0.227,39.5
0.03,0.207,39.5
0.0,0.213,39.5
0.0,0.215,39.5
0.0,0.217,39.5
0.0,0.223,39.5
0.0,0.22,39.5
0.0,0.208,39.5
0.0,0.192,39.5
0.0,0.179,39.5
0.0,0.176,39.5
0.0,0.188,39.5
0.036,0.176,39.5
0.14,0.142,39.5
0.269,0.168,39.5
0.393,0.164,39.5
0.429,0.155,39.5
0.378,0.144,39.5
0.339,0.124,39.5
0.298,0.095,39.5
0.283,0.07,39.5
0.334,0.063,39.5
0.426,0.081,39.5
0.321,0.125,39.5
0.157,0.207,39.5
0.034,0.367,39.5
0.0,0.516,39.5
0.0,0.568,39.5
0.0,0.552,39.5
0.0,0.527,39.5
0.0,0.51,39.5
0.0,0.503,39.5
0.0,0.506,39.5
0.0,0.506,39.5
0.0,0.493,39.5
0.0,0.475,39.5
0.035,0.403,39.5
0.124,0.29,39.5
0.185,0.228,39.5
0.346,0.294,39.5
0.407,0.337,39.5
0.362,0.313,39.5
0.34,0.289,39.5
0.29,0.301,39.5
0.247,0.408,39.5
0.21,0.574,39.5
0.137,0.625,39.5
0.076,0.484,39.5
0.028,0.225,39.5
0.009,0.148,39.5
0.0,0.235,39.5
0.0,0.283,39.5
0.0,0.279,39.5
0.0,0.255,39.5
0.0,0.215,39.5
0.0,0.174,39.5
0.0,0.177,39.5
0.0,0.245,39.5
0.0,0.345,39.5
0.0,0.432,39.5
0.033,0.425,39.5
0.147,0.443,39.5
0.329,0.515,39.5
0.483,0.561,39.5
0.594,0.596,39.5
0.633,0.61,39.5
0.594,0.622,39.5
0.562,0.638,39.5
0.55,0.642,39.5
0.413,0.622,39.5
0.286,0.59,39.5
0.15,0.516,39.5
0.067,0.395,39.5
0.018,0.289,39.5
0.0,0.245,39.5
0.0,0.214,39.5
0.0,0.212,39.5
0.0,0.244,39.5
0.0,0.261,39.5
0.0,0.255,39.5
0.0,0.261,39.5
0.0,0.277,39.5
0.0,0.27,39.5
0.0,0.249,39.5
0.017,0.249,39.5
0.07,0.217,39.5
0.139,0.221,39.5
0.176,0.218,39.5
0.314,0.231,39.5
0.688,0.268,39.5
0.753,0.302,39.5
0.736,0.345,39.5
0.66,0.413,39.5
0.547,0.472,39.5
0.295,0.481,39.5
0.132,0.449,39.5
0.049,0.356,39.5
0.007,0.276,39.5
0.0,0.249,39.5
0.0,0.264,39.5
0.0,0.294,39.5
0.0,0.303,39.5
0.0,0.348,39.5
0.0,0.391,39.5
0.0,0.398,39.5
0.0,0.398,39.5
0.0,0.401,39.5
0.0,0.388,39.5
0.026,0.352,39.5
0.128,0.333,39.5
0.309,0.375,39.5
0.492,0.42,39.5
0.628,0.449,39.5
0.715,0.476,39.5
0.754,0.513,39.5
0.755,0.574,39.5
0.716,0.627,39.5
0.635,0.659,39.5
0.505,0.692,39.5
0.337,0.674,39.5
0.154,0.59,39.5
0.026,0.433,39.5
0.0,0.326,39.5
0.0,0.254,39.5
0.0,0.2,39.5
0.0,0.163,39.5
0.0,0.114,39.5
0.0,0.062,39.5
0.0,0.037,39.5
0.0,0.042,39.5
0.0,0.059,39.5
0.0,0.076,39.5
0.006,0.091,39.5
0.065,0.081,39.5
0.162,0.069,39.5
0.326,0.082,39.5
0.559,0.096,39.5
0.691,0.09,39.5
0.739,0.076,39.5
0.592,0.059,39.5
0.357,0.053,39.5
0.264,0.055,39.5
0.167,0.054,39.5
0.122,0.046,39.5
0.081,0.039,39.5
0.017,0.024,39.5
0.0,0.042,39.5
0.0,0.128,39.5
0.0,0.266,39.5
0.0,0.401,39.5
0.0,0.511,39.5
0.0,0.599,39.5
0.0,0.661,39.5
0.0,0.703,39.5
0.0,0.727,39.5
0.0,0.712,39.5
0.003,0.637,39.5
0.03,0.558,39.5
0.052,0.525,39.5
0.129,0.555,39.5
0.173,0.633,39.5
0.237,0.739,39.5
0.397,0.868,39.5
0.725,0.928,39.5
0.718,0.951,39.5
0.588,0.958,39.5
0.32,0.958,39.5
0.167,0.954,39.5
0.108,0.959,39.5
0.027,0.969,39.5
0.0,0.976,39.5
0.0,0.981,39.5
0.0,0.984,39.5
0.0,0.985,39.5
0.0,0.986,39.5
0.0,0.986,39.5
0.0,0.983,39.5
0.0,0.982,39.5
0.0,0.978,39.5
0.0,0.963,39.5
0.024,0.949,39.5
0.143,0.954,39.5
0.333,0.97,39.5
0.503,0.983,39.5
0.629,0.987,39.5
0.713,0.985,39.5
0.755,0.983,39.5
0.759,0.981,39.5
0.708,0.978,39.5
0.587,0.968,39.5
0.441,0.952,39.5
0.293,0.933,39.5
0.117,0.899,39.5
0.022,0.845,39.5
0.0,0.795,39.5
0.0,0.748,39.5
0.0,0.724,39.5
0.0,0.72,39.5
0.0,0.679,39.5
0.0,0.687,39.5
0.0,0.687,39.5
0.0,0.677,39.5
0.0,0.644,39.5
0.0,0.63,39.5
0.015,0.61,39.5
0.065,0.61,39.5
0.134,0.688,39.5
0.297,0.711,39.5
0.445,0.678,39.5
0.621,0.664,39.5
0.671,0.65,39.5
0.695,0.639,39.5
0.649,0.624,39.5
0.585,0.63,39.5
0.443,0.643,39.5
0.27,0.613,39.5
0.112,0.51,39.5
0.02,0.403,39.5
0.0,0.366,39.5
0.0,0.387,39.5
0.0,0.413,39.5
0.0,0.428,39.5
0.0,0.444,39.5
0.0,0.458,39.5
0.0,0.466,39.5
0.0,0.465,39.5
0.0,0.46,39.5
0.0,0.447,39.5
0.018,0.408,39.5
0.12,0.333,39.5
0.27,0.361,39.5
0.356,0.386,39.5
0.448,0.436,39.5
0.485,0.479,39.5
0.501,0.516,39.5
0.434,0.566,39.5
0.404,0.598,39.5
0.393,0.606,39.5
0.358,0.618,39.5
0.262,0.625,39.5
0.126,0.633,39.5
0.023,0.622,39.5
0.0,0.645,39.5
0.0,0.697,39.5
0.0,0.728,39.5
0.0,0.724,39.5
0.0,0.684,39.5
0.0,0.661,39.5
0.0,0.623,39.5
0.0,0.59,39.5
0.0,0.58,39.5
0.0,0.57,39.5
0.024,0.541,39.5
0.132,0.516,39.5
0.217,0.581,39.5
0.137,0.613,39.5
0.152,0.615,39.5
0.277,0.601,39.5
0.354,0.604,39.5
0.332,0.552,39.5
0.404,0.457,39.5
0.357,0.431,39.5
0.338,0.434,39.5
0.229,0.428,39.5
0.114,0.378,39.5
0.019,0.303,39.5
0.0,0.27,39.5
0.0,0.244,39.5
0.0,0.229,39.5
0.0,0.227,39.5
0.0,0.239,39.5
0.0,0.275,39.5
0.0,0.311,39.5
0.0,0.356,39.5
0.0,0.395,39.5
0.0,0.411,39.5
0.026,0.419,39.5
0.085,0.357,39.5
0.143,0.36,39.5
0.143,0.461,39.5
0.191,0.574,39.5
0.231,0.659,39.5
0.205,0.696,39.5
0.203,0.681,39.5
0.204,0.703,39.5
0.171,0.763,39.5
0.115,0.765,39.5
0.112,0.772,39.5
0.061,0.798,39.5
0.01,0.813,39.5
0.0,0.84,39.5
0.0,0.802,39.5
0.0,0.765,39.5
0.0,0.724,39.5
0.0,0.749,39.5
0.0,0.792,39.5
0.0,0.827,39.5
0.0,0.839,39.5
0.0,0.832,39.5
0.0,0.827,39.5
0.018,0.824,39.5
0.117,0.846,39.5
0.302,0.864,39.5
0.484,0.87,39.5
0.615,0.884,39.5
0.689,0.898,39.5
0.715,0.905,39.5
0.729,0.907,39.5
0.702,0.905,39.5
0.619,0.895,39.5
0.479,0.879,39.5
0.245,0.858,39.5
0.131,0.825,39.5
0.019,0.737,39.5
0.0,0.649,39.5
0.0,0.592,39.5
0.0,0.55,39.5
0.0,0.502,39.5
0.0,0.444,39.5
0.0,0.395,39.5
0.0,0.364,39.5
0.0,0.349,39.5
0.0,0.341,39.5
0.0,0.35,39.5
0.013,0.388,39.5
0.082,0.364,39.5
0.22,0.458,39.5
0.372,0.59,39.5
0.556,0.69,39.5
0.566,0.728,39.5
0.678,0.744,39.5
0.595,0.755,39.5
0.455,0.762,39.5
0.286,0.741,39.5
0.107,0.659,39.5
0.122,0.571,39.5
0.095,0.59,39.5
0.005,0.737,39.5
0.0,0.816,39.5
0.0,0.803,39.5
0.0,0.803,39.5
0.0,0.818,39.5
0.0,0.824,39.5
0.0,0.814,39.5
0.0,0.795,39.5
0.0,0.774,39.5
0.0,0.734,39.5
0.0,0.7,39.5
0.0,0.702,39.5
0.018,0.66,39.5
0.049,0.574,39.5
0.088,0.539,39.5
0.134,0.583,39.5
0.289,0.63,39.5
0.266,0.571,39.5
0.31,0.586,39.5
0.456,0.599,39.5
0.453,0.566,39.5
0.215,0.538,39.5
0.117,0.532,39.5
0.056,0.361,39.5
0.005,0.22,39.5
0.0,0.184,39.5
0.0,0.165,39.5
0.0,0.164,39.5
0.0,0.176,39.5
0.0,0.198,39.5
0.0,0.256,39.5
0.0,0.274,39.5
0.0,0.184,39.5
0.0,0.051,39.5
0.0,0.032,39.5
0.0,0.086,39.5
0.021,0.187,39.5
0.139,0.337,39.5
0.322,0.484,39.5
0.459,0.622,39.5
0.675,0.682,39.5
0.743,0.698,39.5
0.755,0.706,39.5
0.72,0.718,39.5
0.637,0.741,39.5
0.502,0.762,39.5
0.323,0.776,39.5
0.13,0.759,39.5
0.016,0.71,39.5
0.0,0.687,39.5
0.0,0.674,39.5
0.0,0.66,39.5
0.0,0.668,39.5
0.0,0.674,39.5
0.0,0.681,39.5
0.0,0.677,39.5
0.0,0.674,39.5
0.0,0.674,39.5
0.0,0.668,39.5
0.015,0.632,39.5
0.126,0.556,39.5
0.309,0.639,39.5
0.478,0.675,39.5
0.603,0.697,39.5
0.694,0.709,39.5
0.737,0.715,39.5
0.679,0.719,39.5
0.538,0.724,39.5
0.49,0.711,39.5
0.33,0.668,39.5
0.259,0.607,39.5
0.119,0.531,39.5
0.014,0.46,39.5
0.0,0.448,39.5
0.0,0.444,39.5
0.0,0.433,39.5
0.0,0.425,39.5
0.0,0.42,39.5
0.0,0.417,39.5
0.0,0.42,39.5
0.0,0.421,39.5
0.0,0.405,39.5
0.0,0.38,39.5
0.013,0.367,39.5
0.127,0.311,39.5
0.32,0.305,39.5
0.495,0.293,39.5
0.625,0.278,39.5
0.713,0.292,39.5
0.754,0.323,39.5
0.754,0.352,39.5
0.7,0.367,39.5
0.611,0.367,39.5
0.481,0.355,39.5
0.306,0.324,39.5
0.122,0.28,39.5
0.012,0.277,39.5
0.0,0.264,39.5
0.0,0.211,39.5
0.0,0.16,39.5
0.0,0.116,39.5
0.0,0.078,39.5
0.0,0.051,39.5
0.0,0.033,39.5
0.0,0.019,39.5
0.0,0.01,39.5
0.0,0.005,39.5
0.012,0.005,39.5
0.108,0.014,39.5
0.213,0.022,39.5
0.315,0.036,39.5
0.442,0.036,39.5
0.582,0.03,39.5
0.688,0.016,39.5
0.741,0.006,39.5
0.727,0.002,39.5
0.635,0.01,39.5
0.495,0.026,39.5
0.316,0.054,39.5
0.128,0.119,39.5
0.011,0.234,39.5
0.0,0.274,39.5
0.0,0.209,39.5
0.0,0.13,39.5
0.0,0.073,39.5
0.0,0.041,39.5
0.0,0.024,39.5
0.0,0.014,39.5
0.0,0.008,39.5
0.0,0.005,39.5
0.0,0.004,39.5
0.008,0.005,39.5
0.121,0.005,39.5
0.318,0.002,39.5
0.5,0.005,39.5
0.614,0.012,39.5
0.702,0.016,39.5
0.773,0.021,39.5
0.773,0.026,39.5
0.726,0.039,39.5
0.633,0.063,39.5
0.494,0.091,39.5
0.315,0.119,39.5
0.124,0.17,39.5
0.007,0.242,39.5
0.0,0.251,39.5
0.0,0.211,39.5
0.0,0.171,39.5
0.0,0.14,39.5
0.0,0.12,39.5
0.0,0.118,39.5
0.0,0.128,39.5
0.0,0.148,39.5
0.0,0.179,39.5
0.0,0.215,39.5
0.007,0.245,39.5
0.103,0.182,39.5
0.251,0.115,39.5
0.416,0.129,39.5
0.565,0.134,39.5
0.683,0.112,39.5
0.752,0.102,39.5
0.763,0.102,39.5
0.719,0.112,39.5
0.627,0.132,39.5
0.488,0.164,39.5
0.311,0.22,39.5
0.122,0.332,39.5
0.006,0.491,39.5
0.0,0.599,39.5
0.0,0.627,39.5
0.0,0.632,39.5
0.0,0.62,39.5
0.0,0.59,39.5
0.0,0.556,39.5
0.0,0.535,39.5
0.0,0.531,39.5
0.0,0.519,39.5
0.0,0.491,39.5
0.007,0.444,39.5
0.107,0.313,39.5
0.255,0.158,39.5
0.378,0.092,39.5
0.454,0.082,39.5
0.477,0.104,39.5
0.511,0.122,39.5
0.541,0.131,39.5
0.581,0.13,39.5
0.578,0.114,39.5
0.448,0.097,39.5
0.266,0.088,39.5
0.102,0.106,39.5
0.005,0.217,39.5
0.0,0.395,39.5
0.0,0.538,39.5
0.0,0.61,39.5
0.0,0.627,39.5
0.0,0.626,39.5
0.0,0.605,39.5
0.0,0.568,39.5
0.0,0.519,39.5
0.0,0.444,39.5
0.0,0.37,39.5
0.005,0.311,39.5
0.109,0.216,39.5
0.294,0.103,39.5
0.47,0.054,39.5
0.599,0.057,39.5
0.686,0.051,39.5
0.726,0.037,39.5
0.726,0.023,39.5
0.68,0.022,39.5
0.59,0.042,39.5
0.457,0.108,39.5
0.287,0.238,39.5
0.109,0.333,39.5
0.004,0.384,39.5
0.0,0.37,39.5
0.0,0.328,39.5
0.0,0.27,39.5
0.0,0.211,39.5
0.0,0.169,39.5
0.0,0.133,39.5
0.0,0.1,39.5
0.0,0.071,39.5
0.0,0.047,39.5
0.0,0.033,39.5
0.004,0.026,39.5
0.109,0.02,39.5
0.293,0.01,39.5
0.469,0.006,39.5
0.603,0.008,39.5
0.687,0.006,39.5
0.726,0.004,39.5
0.727,0.002,39.5
0.677,0.017,39.5
0.582,0.041,39.5
0.44,0.087,39.5
0.262,0.187,39.5
0.083,0.31,39.5
0.0,0.352,39.5
0.0,0.311,39.5
0.0,0.245,39.5
0.0,0.194,39.5
0.0,0.172,39.5
0.0,0.169,39.5
0.0,0.179,39.5
0.0,0.19,39.5
0.0,0.199,39.5
0.0,0.19,39.5
0.0,0.162,39.5
0.001,0.118,39.5
0.043,0.055,39.5
0.107,0.009,39.5
0.256,0.003,39.5
0.463,0.008,39.5
0.575,0.014,39.5
0.632,0.019,39.5
0.566,0.015,39.5
0.48,0.007,39.5
0.439,0.036,39.5
0.364,0.118,39.5
0.227,0.263,39.5
0.087,0.391,39.5
0.002,0.425,39.5
0.0,0.376,39.5
0.0,0.294,39.5
0.0,0.236,39.5
0.0,0.192,39.5
0.0,0.147,39.5
0.0,0.133,39.5
0.0,0.151,39.5
0.0,0.171,39.5
0.0,0.186,39.5
0.0,0.202,39.5
0.0,0.208,39.5
0.018,0.172,39.5
0.057,0.115,39.5
0.111,0.094,39.5
0.216,0.108,39.5
0.314,0.125,39.5
0.327,0.163,39.5
0.41,0.233,39.5
0.527,0.291,39.5
0.519,0.317,39.5
0.393,0.326,39.5
0.195,0.315,39.5
0.062,0.298,39.5
0.0,0.243,39.5
0.0,0.158,39.5
0.0,0.118,39.5
0.0,0.192,39.5
0.0,0.326,39.5
0.0,0.42,39.5
0.0,0.454,39.5
0.0,0.479,39.5
0.0,0.485,39.5
0.0,0.468,39.5
0.0,0.451,39.5
0.0,0.432,39.5
0.073,0.367,39.5
0.176,0.311,39.5
0.345,0.243,39.5
0.558,0.175,39.5
0.715,0.133,39.5
0.782,0.122,39.5
0.784,0.125,39.5
0.737,0.12,39.5
0.642,0.102,39.5
0.497,0.09,39.5
0.31,0.1,39.5
0.109,0.131,39.5
0.001,0.185,39.5
0.0,0.182,39.5
0.0,0.126,39.5
0.0,0.063,39.5
0.0,0.029,39.5
0.0,0.018,39.5
0.0,0.015,39.5
0.0,0.019,39.5
0.0,0.026,39.5
0.0,0.033,39.5
0.0,0.043,39.5
0.001,0.059,39.5
0.081,0.076,39.5
0.213,0.074,39.5
0.331,0.08,39.5
0.433,0.083,39.5
0.522,0.077,39.5
0.64,0.065,39.5
0.704,0.054,39.5
0.702,0.041,39.5
0.609,0.031,39.5
0.465,0.035,39.5
0.293,0.056,39.5
0.105,0.134,39.5
0.0,0.251,39.5
0.0,0.3,39.5
0.0,0.308,39.5
0.0,0.333,39.5
0.0,0.388,39.5
0.0,0.447,39.5
0.0,0.491,39.5
0.0,0.5,39.5
0.0,0.479,39.5
0.0,0.438,39.5
0.0,0.411,39.5
0.0,0.351,39.5
0.103,0.24,39.5
0.286,0.171,39.5
0.451,0.224,39.5
0.575,0.381,39.5
0.647,0.504,39.5
0.689,0.552,39.5
0.695,0.615,39.5
0.665,0.66,39.5
0.571,0.704,39.5
0.389,0.748,39.5
0.102,0.763,39.5
0.03,0.717,39.5
0.0,0.664,39.5
0.0,0.625,39.5
0.0,0.59,39.5
0.0,0.567,39.5
0.0,0.566,39.5
0.0,0.552,39.5
0.0,0.532,39.5
0.0,0.518,39.5
0.0,0.471,39.5
0.0,0.391,39.5
0.0,0.323,39.5
0.0,0.27,39.5
0.073,0.221,39.5
0.25,0.195,39.5
0.461,0.179,39.5
0.621,0.177,39.5
0.711,0.189,39.5
0.754,0.219,39.5
0.75,0.261,39.5
0.698,0.3,39.5
0.608,0.332,39.5
0.469,0.376,39.5
0.291,0.402,39.5
0.097,0.41,39.5
0.0,0.439,39.5
0.0,0.479,39.5
0.0,0.495,39.5
0.0,0.484,39.5
0.0,0.478,39.5
0.0,0.497,39.5
0.0,0.498,39.5
0.0,0.472,39.5
0.0,0.375,39.5
0.0,0.272,39.5
0.0,0.192,39.5
0.0,0.148,39.5
0.101,0.1,39.5
0.3,0.058,39.5
0.496,0.053,39.5
0.642,0.069,39.5
0.74,0.1,39.5
0.783,0.145,39.5
0.778,0.192,39.5
0.728,0.228,39.5
0.623,0.253,39.5
0.472,0.27,39.5
0.278,0.276,39.5
0.094,0.283,39.5
0.0,0.331,39.5
0.0,0.386,39.5
0.0,0.407,39.5
0.0,0.425,39.5
0.0,0.425,39.5
0.0,0.416,39.5
0.0,0.413,39.5
0.0,0.42,39.5
0.0,0.432,39.5
0.0,0.43,39.5
0.0,0.418,39.5
0.0,0.417,39.5
0.082,0.364,39.5
0.245,0.365,39.5
0.414,0.395,39.5
0.446,0.408,39.5
0.486,0.407,39.5
0.547,0.406,39.5
0.558,0.388,39.5
0.639,0.358,39.5
0.583,0.312,39.5
0.448,0.267,39.5
0.28,0.227,39.5
0.088,0.202,39.5
0.0,0.223,39.5
0.0,0.222,39.5
0.0,0.187,39.5
0.0,0.16,39.5
0.0,0.161,39.5
0.0,0.199,39.5
0.0,0.287,39.5
0.0,0.42,39.5
0.0,0.541,39.5
0.0,0.601,39.5
0.0,0.635,39.5
0.0,0.67,39.5
0.073,0.643,39.5
0.153,0.715,39.5
0.17,0.766,39.5
0.149,0.769,39.5
0.222,0.787,39.5
0.559,0.819,39.5
0.733,0.829,39.5
0.735,0.823,39.5
0.644,0.814,39.5
0.493,0.809,39.5
0.297,0.817,39.5
0.094,0.831,39.5
0.0,0.826,39.5
0.0,0.793,39.5
0.0,0.758,39.5
0.0,0.727,39.5
0.0,0.741,39.5
0.0,0.772,39.5
0.0,0.779,39.5
0.0,0.77,39.5
0.0,0.75,39.5
0.0,0.719,39.5
0.0,0.677,39.5
0.0,0.632,39.5
0.063,0.526,39.5
0.186,0.476,39.5
0.384,0.466,39.5
0.486,0.479,39.5
0.334,0.484,39.5
0.325,0.453,39.5
0.402,0.398,39.5
0.549,0.356,39.5
0.557,0.345,39.5
0.458,0.347,39.5
0.29,0.328,39.5
0.093,0.274,39.5
0.0,0.217,39.5
0.0,0.16,39.5
0.0,0.125,39.5
0.0,0.112,39.5
0.0,0.107,39.5
0.0,0.105,39.5
0.0,0.098,39.5
0.0,0.07,39.5
0.0,0.053,39.5
0.0,0.086,39.5
0.0,0.147,39.5
0.0,0.194,39.5
0.081,0.246,39.5
0.262,0.269,39.5
0.477,0.363,39.5
0.621,0.476,39.5
0.707,0.578,39.5
0.764,0.669,39.5
0.732,0.751,39.5
0.652,0.812,39.5
0.46,0.844,39.5
0.143,0.844,39.5
0.034,0.809,39.5
0.0,0.733,39.5
0.0,0.663,39.5
0.0,0.65,39.5
0.0,0.601,39.5
0.0,0.55,39.5
0.0,0.528,39.5
0.0,0.491,39.5
0.0,0.434,39.5
0.0,0.389,39.5
0.0,0.392,39.5
0.0,0.412,39.5
0.0,0.404,39.5
0.0,0.391,39.5
0.092,0.347,39.5
0.288,0.284,39.5
0.465,0.268,39.5
0.599,0.27,39.5
0.688,0.283,39.5
0.73,0.311,39.5
0.716,0.344,39.5
0.674,0.387,39.5
0.586,0.415,39.5
0.446,0.43,39.5
0.261,0.408,39.5
0.077,0.362,39.5
0.0,0.338,39.5
0.0,0.364,39.5
0.0,0.385,39.5
0.0,0.433,39.5
0.0,0.486,39.5
0.0,0.537,39.5
0.0,0.552,39.5
0.0,0.56,39.5
0.0,0.578,39.5
0.0,0.556,39.5
0.0,0.534,39.5
0.0,0.512,39.5
0.082,0.449,39.5
0.251,0.364,39.5
0.401,0.292,39.5
0.55,0.227,39.5
0.557,0.187,39.5
0.624,0.167,39.5
0.524,0.16,39.5
0.532,0.159,39.5
0.498,0.159,39.5
0.417,0.162,39.5
0.278,0.167,39.5
0.08,0.17,39.5
0.0,0.172,39.5
0.0,0.118,39.5
0.0,0.053,39.5
0.0,0.01,39.5
0.0,0.009,39.5
0.0,0.029,39.5
0.0,0.067,39.5
0.0,0.122,39.5
0.0,0.178,39.5
0.0,0.217,39.5
0.0,0.261,39.5
0.0,0.296,39.5
0.014,0.302,39.5
0.074,0.256,39.5
0.184,0.229,39.5
0.244,0.231,39.5
0.25,0.249,39.5
0.296,0.303,39.5
0.329,0.359,39.5
0.217,0.364,39.5
0.139,0.328,39.5
0.08,0.284,39.5
0.036,0.236,39.5
0.004,0.251,39.5
0.0,0.301,39.5
0.0,0.332,39.5
0.0,0.343,39.5
0.0,0.325,39.5
0.0,0.296,39.5
0.0,0.262,39.5
0.0,0.196,39.5
0.0,0.137,39.5
0.0,0.118,39.5
0.0,0.15,39.5
0.0,0.205,39.5
0.0,0.236,39.5
0.083,0.219,39.5
0.284,0.161,39.5
0.478,0.187,39.5
0.625,0.148,39.5
0.718,0.078,39.5
0.759,0.054,39.5
0.748,0.079,39.5
0.696,0.108,39.5
0.605,0.125,39.5
0.457,0.131,39.5
0.225,0.194,39.5
0.074,0.249,39.5
0.0,0.264,39.5
0.0,0.242,39.5
0.0,0.19,39.5
0.0,0.136,39.5
0.0,0.141,39.5
0.0,0.18,39.5
0.0,0.247,39.5
0.0,0.343,39.5
0.0,0.441,39.5
0.0,0.544,39.5
0.0,0.601,39.5
0.0,0.58,39.5
0.032,0.5,39.5
0.093,0.481,39.5
0.187,0.602,39.5
0.331,0.677,39.5
0.38,0.723,39.5
0.392,0.76,39.5
0.417,0.788,39.5
0.39,0.8,39.5
0.311,0.793,39.5
0.223,0.782,39.5
0.128,0.737,39.5
0.025,0.656,39.5
0.0,0.639,39.5
0.0,0.637,39.5
0.0,0.667,39.5
0.0,0.646,39.5
0.0,0.62,39.5
0.0,0.599,39.5
0.0,0.589,39.5
0.0,0.581,39.5
0.0,0.589,39.5
0.0,0.613,39.5
0.0,0.586,39.5
0.0,0.558,39.5
0.045,0.518,39.5
0.164,0.464,39.5
0.291,0.479,39.5
0.378,0.481,39.5
0.419,0.467,39.5
0.432,0.451,39.5
0.467,0.444,39.5
0.482,0.455,39.5
0.439,0.476,39.5
0.357,0.498,39.5
0.203,0.495,39.5
0.058,0.432,39.5
0.0,0.398,39.5
0.0,0.355,39.5
0.0,0.313,39.5
0.0,0.295,39.5
0.0,0.297,39.5
0.0,0.311,39.5
0.0,0.332,39.5
0.0,0.352,39.5
0.0,0.361,39.5
0.0,0.367,39.5
0.0,0.352,39.5
0.0,0.297,39.5
0.065,0.214,39.5
0.249,0.136,39.5
0.434,0.088,39.5
0.562,0.052,39.5
0.632,0.034,39.5
0.619,0.035,39.5
0.635,0.049,39.5
0.535,0.076,39.5
0.419,0.121,39.5
0.275,0.193,39.5
0.121,0.296,39.5
0.032,0.415,39.5
0.0,0.509,39.5
0.0,0.538,39.5
0.0,0.534,39.5
0.0,0.551,39.5
0.0,0.585,39.5
0.0,0.622,39.5
0.0,0.626,39.5
0.0,0.591,39.5
0.0,0.557,39.5
0.0,0.523,39.5
0.0,0.505,39.5
0.0,0.497,39.5
0.057,0.431,39.5
0.248,0.344,39.5
0.453,0.339,39.5
0.605,0.341,39.5
0.702,0.301,39.5
0.748,0.264,39.5
0.742,0.242,39.5
0.691,0.231,39.5
0.591,0.225,39.5
0.44,0.233,39.5
0.249,0.283,39.5
0.06,0.428,39.5
0.0,0.547,39.5
0.0,0.552,39.5
0.0,0.493,39.5
0.0,0.396,39.5
0.0,0.282,39.5
0.0,0.18,39.5
0.0,0.098,39.5
0.0,0.038,39.5
0.0,0.01,39.5
0.0,0.007,39.5
0.0,0.01,39.5
0.0,0.015,39.5
0.067,0.026,39.5
0.265,0.05,39.5
0.46,0.077,39.5
0.612,0.058,39.5
0.71,0.036,39.5
0.759,0.031,39.5
0.758,0.041,39.5
0.708,0.074,39.5
0.608,0.099,39.5
0.459,0.106,39.5
0.265,0.111,39.5
0.064,0.155,39.5
0.0,0.196,39.5
0.0,0.201,39.5
0.0,0.188,39.5
0.0,0.155,39.5
0.0,0.118,39.5
0.0,0.091,39.5
0.0,0.071,39.5
0.0,0.059,39.5
0.0,0.061,39.5
0.0,0.076,39.5
0.0,0.1,39.5
0.0,0.123,39.5
0.046,0.145,39.5
0.155,0.119,39.5
0.328,0.088,39.5
0.573,0.086,39.5
0.689,0.1,39.5
0.741,0.125,39.5
0.726,0.16,39.5
0.675,0.195,39.5
0.563,0.233,39.5
0.393,0.256,39.5
0.166,0.243,39.5
0.029,0.206,39.5
0.0,0.196,39.5
0.0,0.189,39.5
0.0,0.177,39.5
0.0,0.172,39.5
0.0,0.174,39.5
0.0,0.173,39.5
0.0,0.169,39.5
0.0,0.163,39.5
0.0,0.16,39.5
0.0,0.155,39.5
0.0,0.143,39.5
0.0,0.144,39.5
0.043,0.159,39.5
0.171,0.175,39.5
0.34,0.223,39.5
0.486,0.25,39.5
0.636,0.259,39.5
0.678,0.3,39.5
0.69,0.348,39.5
0.654,0.385,39.5
0.578,0.419,39.5
0.447,0.457,39.5
0.254,0.502,39.5
0.056,0.551,39.5
0.0,0.615,39.5
0.0,0.656,39.5
0.0,0.687,39.5
0.0,0.722,39.5
0.0,0.732,39.5
0.0,0.711,39.5
0.0,0.687,39.5
0.0,0.674,39.5
0.0,0.671,39.5
0.0,0.661,39.5
0.0,0.642,39.5
0.0,0.621,39.5
0.062,0.575,39.5
0.272,0.654,39.5
0.475,0.738,39.5
0.628,0.732,39.5
0.727,0.701,39.5
0.772,0.677,39.5
0.767,0.682,39.5
0.713,0.707,39.5
0.608,0.733,39.5
0.451,0.759,39.5
0.25,0.773,39.5
0.052,0.75,39.5
0.0,0.754,39.5
0.0,0.768,39.5
0.0,0.763,39.5
0.0,0.758,39.5
0.0,0.746,39.5
0.0,0.727,39.5
0.0,0.71,39.5
0.0,0.691,39.5
0.0,0.666,39.5
0.0,0.647,39.5
0.0,0.624,39.5
0.0,0.601,39.5
0.057,0.543,39.5
0.264,0.568,39.5
0.464,0.69,39.5
0.617,0.706,39.5
0.715,0.729,39.5
0.761,0.746,39.5
0.758,0.75,39.5
0.705,0.766,39.5
0.601,0.782,39.5
0.446,0.789,39.5
0.248,0.783,39.5
0.05,0.718,39.5
0.0,0.726,39.5
0.0,0.739,39.5
0.0,0.727,39.5
0.0,0.722,39.5
0.0,0.72,39.5
0.0,0.718,39.5
0.0,0.712,39.5
0.0,0.702,39.5
0.0,0.687,39.5
0.0,0.669,39.5
0.0,0.651,39.5
0.0,0.645,39.5
0.058,0.613,39.5
0.272,0.525,39.5
0.479,0.634,39.5
0.632,0.8,39.5
0.729,0.829,39.5
0.774,0.834,39.5
0.768,0.836,39.5
0.714,0.839,39.5
0.61,0.837,39.5
0.454,0.823,39.5
0.254,0.764,39.5
0.051,0.748,39.5
0.0,0.798,39.5
0.0,0.794,39.5
0.0,0.77,39.5
0.0,0.754,39.5
0.0,0.746,39.5
0.0,0.744,39.5
0.0,0.742,39.5
0.0,0.73,39.5
0.0,0.713,39.5
0.0,0.698,39.5
0.0,0.692,39.5
0.0,0.657,39.5
0.046,0.613,39.5
0.237,0.497,39.5
0.432,0.46,39.5
0.577,0.54,39.5
0.67,0.624,39.5
0.712,0.712,39.5
0.708,0.762,39.5
0.655,0.762,39.5
0.549,0.722,39.5
0.375,0.614,39.5
0.169,0.475,39.5
0.02,0.408,39.5
0.0,0.4,39.5
0.0,0.437,39.5
0.0,0.501,39.5
0.0,0.624,39.5
0.0,0.729,39.5
0.0,0.77,39.5
0.0,0.77,39.5
0.0,0.741,39.5
0.0,0.711,39.5
0.0,0.687,39.5
0.0,0.674,39.5
0.0,0.657,39.5
0.025,0.599,39.5
0.09,0.516,39.5
0.08,0.63,39.5
0.124,0.744,39.5
0.12,0.717,39.5
0.177,0.694,39.5
0.335,0.682,39.5
0.535,0.695,39.5
0.456,0.724,39.5
0.24,0.733,39.5
0.098,0.707,39.5
0.012,0.7,39.5
0.0,0.723,39.5
0.0,0.733,39.5
0.0,0.737,39.5
0.0,0.746,39.5
0.0,0.72,39.5
0.0,0.711,39.5
0.0,0.695,39.5
0.0,0.711,39.5
0.0,0.758,39.5
0.0,0.756,39.5
0.0,0.668,39.5
0.0,0.55,39.5
0.009,0.512,39.5
0.156,0.477,39.5
0.4,0.611,39.5
0.581,0.718,39.5
0.649,0.722,39.5
0.668,0.717,39.5
0.686,0.744,39.5
0.536,0.765,39.5
0.297,0.772,39.5
0.169,0.769,39.5
0.104,0.748,39.5
0.016,0.756,39.5
0.0,0.785,39.5
0.0,0.809,39.5
0.0,0.84,39.5
0.0,0.849,39.5
0.0,0.837,39.5
0.0,0.875,39.5
0.0,0.822,39.5
0.0,0.839,39.5
0.0,0.788,39.5
0.0,0.756,39.5
0.0,0.809,39.5
0.0,0.851,39.5
0.0,0.893,39.5
0.016,0.947,39.5
0.135,0.929,39.5
0.283,0.923,39.5
0.396,0.896,39.5
0.408,0.881,39.5
0.57,0.903,39.5
0.608,0.905,39.5
0.544,0.886,39.5
0.4,0.877,39.5
0.207,0.845,39.5
0.025,0.791,39.5
0.0,0.772,39.5
0.0,0.765,39.5
0.0,0.776,39.5
0.0,0.803,39.5
0.0,0.826,39.5
0.0,0.803,39.5
0.0,0.765,39.5
0.0,0.77,39.5
0.0,0.797,39.5
0.0,0.869,39.5
0.0,0.882,39.5
0.0,0.905,39.5
0.004,0.888,39.5
0.066,0.883,39.5
0.166,0.889,39.5
0.315,0.92,39.5
0.37,0.928,39.5
0.479,0.927,39.5
0.542,0.923,39.5
0.553,0.911,39.5
0.484,0.88,39.5
0.327,0.829,39.5
0.142,0.717,39.5
0.016,0.586,39.5
0.0,0.534,39.5
0.0,0.541,39.5
0.0,0.579,39.5
0.0,0.62,39.5
0.0,0.648,39.5
0.0,0.731,39.5
0.0,0.711,39.5
0.0,0.714,39.5
0.0,0.698,39.5
0.0,0.712,39.5
0.0,0.754,39.5
0.0,0.847,39.5
0.006,0.878,39.5
0.069,0.877,39.5
0.16,0.898,39.5
0.305,0.928,39.5
0.285,0.936,39.5
0.244,0.936,39.5
0.182,0.928,39.5
0.193,0.917,39.5
0.16,0.88,39.5
0.116,0.815,39.5
0.062,0.737,39.5
0.005,0.693,39.5
0.0,0.601,39.5
0.0,0.578,39.5
0.0,0.625,39.5
0.0,0.642,39.5
0.0,0.655,39.5
0.0,0.668,39.5
0.0,0.679,39.5
0.0,0.706,39.5
0.0,0.722,39.5
0.0,0.731,39.5
0.0,0.743,39.5
0.0,0.752,39.5
0.029,0.75,39.5
0.21,0.749,39.5
0.403,0.841,39.5
0.541,0.885,39.5
0.63,0.91,39.5
0.655,0.932,39.5
0.643,0.949,39.5
0.578,0.96,39.5
0.435,0.963,39.5
0.233,0.956,39.5
0.105,0.932,39.5
0.008,0.916,39.5
0.0,0.923,39.5
0.0,0.92,39.5
0.0,0.913,39.5
0.0,0.901,39.5
0.0,0.889,39.5
0.0,0.871,39.5
0.0,0.852,39.5
0.0,0.846,39.5
0.0,0.85,39.5
0.0,0.85,39.5
0.0,0.845,39.5
0.0,0.85,39.5
0.007,0.831,39.5
0.138,0.829,39.5
0.356,0.888,39.5
0.464,0.917,39.5
0.497,0.923,39.5
0.482,0.928,39.5
0.364,0.922,39.5
0.212,0.901,39.5
0.224,0.872,39.5
0.181,0.835,39.5
0.072,0.766,39.5
0.001,0.726,39.5
0.0,0.717,39.5
0.0,0.676,39.5
0.0,0.729,39.5
0.0,0.832,39.5
0.0,0.901,39.5
0.0,0.938,39.5
0.0,0.956,39.5
0.0,0.974,39.5
0.0,0.984,39.5
0.0,0.987,39.5
0.0,0.985,39.5
0.0,0.985,39.5
0.005,0.985,39.5
0.111,0.982,39.5
0.269,0.976,39.5
0.405,0.989,39.5
0.466,0.991,39.5
0.58,0.991,39.5
0.402,0.991,39.5
0.388,0.991,39.5
0.273,0.988,39.5
0.175,0.99,39.5
0.109,0.991,39.5
0.006,0.987,39.5
0.0,0.988,39.5
0.0,0.989,39.5
0.0,0.984,39.5
0.0,0.968,39.5
0.0,0.909,39.5
0.0,0.772,39.5
0.0,0.682,39.5
0.0,0.663,39.5
0.0,0.697,39.5
0.0,0.721,39.5
0.0,0.73,39.5
0.0,0.713,39.5
0.014,0.645,39.5
0.152,0.546,39.5
0.295,0.575,39.5
0.393,0.562,39.5
0.445,0.53,39.5
0.457,0.501,39.5
0.485,0.498,39.5
0.37,0.519,39.5
0.177,0.523,39.5
0.086,0.503,39.5
0.043,0.571,39.5
0.0,0.739,39.5
0.0,0.86,39.5
0.0,0.885,39.5
0.0,0.857,39.5
0.0,0.91,39.5
0.0,0.938,39.5
0.0,0.942,39.5
0.0,0.938,39.5
0.0,0.91,39.5
0.0,0.862,39.5
0.0,0.834,39.5
0.0,0.825,39.5
0.0,0.793,39.5
0.013,0.787,39.5
0.07,0.787,39.5
0.162,0.801,39.5
0.243,0.845,39.5
0.299,0.875,39.5
0.397,0.893,39.5
0.584,0.902,39.5
0.533,0.914,39.5
0.346,0.914,39.5
0.212,0.892,39.5
0.136,0.875,39.5
0.006,0.847,39.5
0.0,0.814,39.5
0.0,0.78,39.5
0.0,0.715,39.5
0.0,0.61,39.5
0.0,0.528,39.5
0.0,0.672,39.5
0.0,0.866,39.5
0.0,0.924,39.5
0.0,0.927,39.5
0.0,0.89,39.5
0.0,0.809,39.5
0.0,0.715,39.5
0.005,0.652,39.5
0.087,0.591,39.5
0.261,0.58,39.5
0.497,0.574,39.5
0.651,0.501,39.5
0.758,0.459,39.5
0.77,0.438,39.5
0.722,0.413,39.5
0.615,0.388,39.5
0.45,0.356,39.5
0.231,0.31,39.5
0.016,0.27,39.5
0.0,0.233,39.5
0.0,0.184,39.5
0.0,0.143,39.5
0.0,0.11,39.5
0.0,0.071,39.5
0.0,0.041,39.5
0.0,0.025,39.5
0.0,0.021,39.5
0.0,0.029,39.5
0.0,0.045,39.5
0.0,0.068,39.5
0.0,0.092,39.5
0.0,0.122,39.5
0.032,0.157,39.5
0.077,0.176,39.5
0.126,0.213,39.5
0.215,0.294,39.5
0.431,0.362,39.5
0.685,0.39,39.5
0.705,0.395,39.5
0.599,0.41,39.5
0.427,0.432,39.5
0.202,0.442,39.5
0.003,0.583,39.5
0.0,0.698,39.5
0.0,0.753,39.5
0.0,0.814,39.5
0.0,0.862,39.5
0.0,0.886,39.5
0.0,0.89,39.5
0.0,0.885,39.5
0.0,0.887,39.5
0.0,0.895,39.5
0.0,0.899,39.5
0.0,0.926,39.5
0.0,0.933,39.5
0.0,0.928,39.5
0.029,0.914,39.5
0.13,0.907,39.5
0.231,0.908,39.5
0.418,0.938,39.5
0.549,0.949,39.5
0.618,0.956,39.5
0.512,0.966,39.5
0.354,0.971,39.5
0.235,0.957,39.5
0.083,0.913,39.5
0.0,0.878,39.5
0.0,0.842,39.5
0.0,0.772,39.5
0.0,0.675,39.5
0.0,0.593,39.5
0.0,0.557,39.5
0.0,0.464,39.5
0.0,0.411,39.5
0.0,0.341,39.5
0.0,0.284,39.5
0.0,0.255,39.5
0.0,0.226,39.5
0.0,0.175,39.5
0.0,0.131,39.5
0.043,0.096,39.5
0.126,0.076,39.5
0.218,0.079,39.5
0.444,0.096,39.5
0.527,0.116,39.5
0.514,0.142,39.5
0.497,0.166,39.5
0.247,0.185,39.5
0.15,0.177,39.5
0.072,0.142,39.5
0.0,0.122,39.5
0.0,0.095,39.5
0.0,0.08,39.5
0.0,0.083,39.5
0.0,0.117,39.5
0.0,0.225,39.5
0.0,0.383,39.5
0.0,0.517,39.5
0.0,0.635,39.5
0.0,0.648,39.5
0.0,0.663,39.5
0.0,0.752,39.5
0.0,0.808,39.5
0.0,0.84,39.5
0.126,0.859,39.5
0.39,0.886,39.5
0.561,0.907,39.5
0.661,0.917,39.5
0.708,0.931,39.5
0.694,0.941,39.5
0.64,0.937,39.5
0.539,0.928,39.5
0.375,0.936,39.5
0.171,0.932,39.5
0.002,0.899,39.5
0.0,0.886,39.5
0.0,0.886,39.5
0.0,0.872,39.5
0.0,0.858,39.5
0.0,0.84,39.5
0.0,0.748,39.5
0.0,0.618,39.5
0.0,0.582,39.5
0.0,0.573,39.5
0.0,0.519,39.5
0.0,0.467,39.5
0.0,0.445,39.5
0.0,0.432,39.5
0.017,0.345,39.5
0.059,0.312,39.5
0.118,0.393,39.5
0.17,0.445,39.5
0.189,0.476,39.5
0.214,0.511,39.5
0.232,0.562,39.5
0.17,0.637,39.5
0.102,0.722,39.5
0.062,0.772,39.5
0.0,0.793,39.5
0.0,0.838,39.5
0.0,0.859,39.5
0.0,0.856,39.5
0.0,0.849,39.5
0.0,0.798,39.5
0.0,0.751,39.5
0.0,0.644,39.5
0.0,0.559,39.5
0.0,0.464,39.5
0.0,0.416,39.5
0.0,0.422,39.5
0.0,0.418,39.5
0.0,0.413,39.5
0.011,0.38,39.5
0.049,0.459,39.5
0.08,0.501,39.5
0.156,0.51,39.5
0.325,0.592,39.5
0.407,0.697,39.5
0.319,0.768,39.5
0.337,0.814,39.5
0.247,0.848,39.5
0.146,0.842,39.5
0.0,0.845,39.5
0.0,0.834,39.5
0.0,0.807,39.5
0.0,0.786,39.5
0.0,0.773,39.5
0.0,0.757,39.5
0.0,0.746,39.5
0.0,0.743,39.5
0.0,0.735,39.5
0.0,0.732,39.5
0.0,0.726,39.5
0.0,0.734,39.5
0.0,0.791,39.5
0.0,0.82,39.5
0.016,0.873,39.5
0.068,0.883,39.5
0.119,0.924,39.5
0.203,0.945,39.5
0.272,0.955,39.5
0.352,0.962,39.5
0.388,0.959,39.5
0.371,0.957,39.5
0.237,0.946,39.5
0.068,0.927,39.5
0.0,0.919,39.5
0.0,0.903,39.5
0.0,0.91,39.5
0.0,0.932,39.5
0.0,0.949,39.5
0.0,0.944,39.5
0.0,0.943,39.5
0.0,0.929,39.5
0.0,0.908,39.5
0.0,0.874,39.5
0.0,0.827,39.5
0.0,0.785,39.5
0.0,0.758,39.5
0.0,0.733,39.5
0.144,0.663,39.5
0.324,0.645,39.5
0.495,0.705,39.5
0.554,0.716,39.5
0.64,0.72,39.5
0.681,0.739,39.5
0.641,0.758,39.5
0.537,0.777,39.5
0.368,0.781,39.5
0.152,0.739,39.5
0.0,0.712,39.5
0.0,0.728,39.5
0.0,0.748,39.5
0.0,0.75,39.5
0.0,0.727,39.5
0.0,0.739,39.5
0.0,0.777,39.5
0.0,0.778,39.5
0.0,0.798,39.5
0.0,0.85,39.5
0.0,0.879,39.5
0.0,0.866,39.5
0.0,0.856,39.5
0.0,0.878,39.5
0.082,0.873,39.5
0.184,0.91,39.5
0.328,0.955,39.5
0.466,0.975,39.5
0.533,0.975,39.5
0.429,0.966,39.5
0.263,0.947,39.5
0.298,0.922,39.5
0.195,0.891,39.5
0.072,0.852,39.5
0.0,0.826,39.5
0.0,0.806,39.5
0.0,0.772,39.5
0.0,0.764,39.5
0.0,0.763,39.5
0.0,0.746,39.5
0.0,0.744,39.5
0.0,0.756,39.5
0.0,0.756,39.5
0.0,0.74,39.5
0.0,0.736,39.5
0.0,0.732,39.5
0.0,0.676,39.5
0.0,0.702,39.5
0.039,0.672,39.5
0.103,0.59,39.5
0.158,0.635,39.5
0.199,0.651,39.5
0.244,0.657,39.5
0.262,0.637,39.5
0.296,0.594,39.5
0.308,0.544,39.5
0.198,0.454,39.5
0.063,0.395,39.5
0.0,0.481,39.5
0.0,0.58,39.5
0.0,0.645,39.5
0.0,0.664,39.5
0.0,0.644,39.5
0.0,0.626,39.5
0.0,0.621,39.5
0.0,0.624,39.5
0.0,0.627,39.5
0.0,0.529,39.5
0.0,0.544,39.5
0.0,0.685,39.5
0.0,0.727,39.5
0.0,0.739,39.5
0.062,0.778,39.5
0.15,0.853,39.5
0.23,0.894,39.5
0.257,0.905,39.5
0.247,0.913,39.5
0.278,0.906,39.5
0.251,0.867,39.5
0.131,0.772,39.5
0.083,0.682,39.5
0.029,0.606,39.5
0.0,0.46,39.5
0.0,0.3,39.5
0.0,0.197,39.5
0.0,0.14,39.5
0.0,0.08,39.5
0.0,0.038,39.5
0.0,0.051,39.5
0.0,0.061,39.5
0.0,0.106,39.5
0.0,0.209,39.5
0.0,0.372,39.5
0.0,0.525,39.5
0.0,0.633,39.5
0.0,0.677,39.5
0.01,0.668,39.5
0.08,0.635,39.5
0.157,0.62,39.5
0.207,0.711,39.5
0.218,0.772,39.5
0.169,0.746,39.5
0.091,0.649,39.5
0.065,0.499,39.5
0.034,0.44,39.5
0.006,0.427,39.5
0.0,0.491,39.5
0.0,0.63,39.5
0.0,0.617,39.5
0.0,0.617,39.5
0.0,0.613,39.5
0.0,0.544,39.5
0.0,0.459,39.5
0.0,0.509,39.5
0.0,0.49,39.5
0.0,0.398,39.5
0.0,0.484,39.5
0.0,0.513,39.5
0.0,0.435,39.5
0.0,0.456,39.5
0.02,0.492,39.5
0.095,0.544,39.5
0.374,0.623,39.5
0.601,0.652,39.5
0.666,0.525,39.5
0.658,0.492,39.5
0.596,0.564,39.5
0.483,0.677,39.5
0.303,0.756,39.5
0.096,0.751,39.5
0.0,0.763,39.5
0.0,0.75,39.5
0.0,0.697,39.5
0.0,0.68,39.5
0.0,0.707,39.5
0.0,0.724,39.5
0.0,0.763,39.5
0.0,0.793,39.5
0.0,0.857,39.5
0.0,0.914,39.5
0.0,0.952,39.5
0.0,0.967,39.5
0.0,0.972,39.5
0.0,0.969,39.5
0.004,0.97,39.5
0.053,0.97,39.5
0.101,0.973,39.5
0.11,0.972,39.5
0.117,0.966,39.5
0.106,0.947,39.5
0.073,0.886,39.5
0.048,0.716,39.5
0.044,0.502,39.5
0.014,0.354,39.5
0.0,0.284,39.5
0.0,0.278,39.5
0.0,0.289,39.5
0.0,0.266,39.5
0.0,0.267,39.5
0.0,0.323,39.5
0.0,0.413,39.5
0.0,0.488,39.5
0.0,0.513,39.5
0.0,0.484,39.5
0.0,0.462,39.5
0.0,0.468,39.5
0.0,0.447,39.5
0.0,0.444,39.5
0.102,0.425,39.5
0.318,0.38,39.5
0.498,0.447,39.5
0.587,0.566,39.5
0.653,0.697,39.5
0.643,0.784,39.5
0.567,0.824,39.5
0.385,0.804,39.5
0.253,0.67,39.5
0.078,0.592,39.5
0.0,0.649,39.5
0.0,0.706,39.5
0.0,0.742,39.5
0.0,0.75,39.5
0.0,0.77,39.5
0.0,0.84,39.5
0.0,0.825,39.5
0.0,0.906,39.5
0.0,0.905,39.5
0.0,0.894,39.5
0.0,0.893,39.5
0.0,0.926,39.5
0.0,0.906,39.5
0.0,0.862,39.5
0.048,0.851,39.5
0.11,0.856,39.5
0.204,0.893,39.5
0.506,0.927,39.5
0.625,0.947,39.5
0.65,0.952,39.5
0.599,0.955,39.5
0.425,0.95,39.5
0.14,0.919,39.5
0.019,0.872,39.5
0.0,0.852,39.5
0.0,0.831,39.5
0.0,0.789,39.5
0.0,0.774,39.5
0.0,0.773,39.5
0.0,0.746,39.5
0.0,0.728,39.5
0.0,0.708,39.5
0.0,0.713,39.5
0.0,0.684,39.5
0.0,0.69,39.5
0.0,0.687,39.5
0.0,0.677,39.5
0.0,0.663,39.5
0.026,0.568,39.5
0.075,0.523,39.5
0.125,0.498,39.5
0.144,0.504,39.5
0.181,0.459,39.5
0.342,0.474,39.5
0.377,0.456,39.5
0.221,0.425,39.5
0.12,0.344,39.5
0.032,0.278,39.5
0.0,0.22,39.5
0.0,0.167,39.5
0.0,0.121,39.5
0.0,0.073,39.5
0.0,0.049,39.5
0.0,0.038,39.5
0.0,0.025,39.5
0.0,0.013,39.5
0.0,0.012,39.5
0.0,0.021,39.5
0.0,0.059,39.5
0.0,0.112,39.5
0.0,0.157,39.5
0.0,0.156,39.5
0.002,0.185,39.5
0.026,0.196,39.5
0.059,0.22,39.5
0.164,0.27,39.5
0.24,0.332,39.5
0.281,0.386,39.5
0.261,0.454,39.5
0.174,0.523,39.5
0.083,0.599,39.5
0.018,0.678,39.5
0.0,0.73,39.5
0.0,0.772,39.5
0.0,0.786,39.5
0.0,0.793,39.5
0.0,0.778,39.5
0.0,0.74,39.5
0.0,0.707,39.5
0.0,0.69,39.5
0.0,0.663,39.5
0.0,0.633,39.5
0.0,0.609,39.5
0.0,0.575,39.5
0.0,0.565,39.5
0.0,0.558,39.5
0.023,0.513,39.5
0.1,0.431,39.5
0.144,0.398,39.5
0.202,0.356,39.5
0.185,0.315,39.5
0.235,0.295,39.5
0.254,0.286,39.5
0.127,0.247,39.5
0.076,0.183,39.5
0.025,0.16,39.5
0.0,0.162,39.5
0.0,0.153,39.5
0.0,0.12,39.5
0.0,0.071,39.5
0.0,0.039,39.5
0.0,0.027,39.5
0.0,0.027,39.5
0.0,0.035,39.5
0.0,0.039,39.5
0.0,0.029,39.5
0.0,0.017,39.5
0.0,0.022,39.5
0.0,0.022,39.5
0.0,0.03,39.5
0.012,0.02,39.5
0.082,0.011,39.5
0.121,0.014,39.5
0.127,0.017,39.5
0.121,0.011,39.5
0.139,0.012,39.5
0.142,0.029,39.5
0.384,0.049,39.5
0.299,0.065,39.5
0.099,0.113,39.5
0.0,0.159,39.5
0.0,0.243,39.5
0.0,0.338,39.5
0.0,0.346,39.5
0.0,0.345,39.5
0.0,0.343,39.5
0.0,0.328,39.5
0.0,0.313,39.5
0.0,0.34,39.5
0.0,0.406,39.5
0.0,0.464,39.5
0.0,0.501,39.5
0.0,0.503,39.5
0.0,0.491,39.5
0.008,0.479,39.5
0.055,0.45,39.5
0.152,0.489,39.5
0.259,0.485,39.5
0.223,0.494,39.5
0.189,0.395,39.5
0.145,0.3,39.5
0.1,0.233,39.5
0.049,0.213,39.5
0.003,0.277,39.5
0.0,0.299,39.5
0.0,0.309,39.5
0.0,0.352,39.5
0.0,0.374,39.5
0.0,0.384,39.5
0.0,0.27,39.5
0.0,0.258,39.5
0.0,0.263,39.5
0.0,0.381,39.5
0.0,0.35,39.5
0.0,0.335,39.5
0.0,0.361,39.5
0.0,0.368,39.5
0.0,0.391,39.5
0.022,0.466,39.5
0.071,0.544,39.5
0.119,0.668,39.5
0.174,0.762,39.5
0.203,0.809,39.5
0.251,0.777,39.5
0.246,0.644,39.5
0.206,0.552,39.5
0.155,0.494,39.5
0.038,0.434,39.5
0.0,0.528,39.5
0.0,0.625,39.5
0.0,0.672,39.5
0.0,0.67,39.5
0.0,0.684,39.5
0.0,0.658,39.5
0.0,0.679,39.5
0.0,0.682,39.5
0.0,0.701,39.5
0.0,0.71,39.5
0.0,0.699,39.5
0.0,0.625,39.5
0.0,0.614,39.5
0.0,0.615,39.5
0.044,0.578,39.5
0.253,0.585,39.5
0.43,0.706,39.5
0.547,0.836,39.5
0.595,0.893,39.5
0.582,0.903,39.5
0.504,0.89,39.5
0.359,0.86,39.5
0.159,0.858,39.5
0.031,0.923,39.5
0.0,0.937,39.5
0.0,0.917,39.5
0.0,0.872,39.5
0.0,0.89,39.5
0.0,0.897,39.5
0.0,0.892,39.5
0.0,0.885,39.5
0.0,0.885,39.5
0.0,0.882,39.5
0.0,0.879,39.5
0.0,0.873,39.5
0.0,0.86,39.5
0.0,0.855,39.5
0.0,0.85,39.5
0.052,0.819,39.5
0.277,0.785,39.5
0.482,0.822,39.5
0.587,0.927,39.5
0.581,0.932,39.5
0.592,0.947,39.5
0.536,0.958,39.5
0.402,0.971,39.5
0.201,0.968,39.5
0.033,0.961,39.5
0.0,0.95,39.5
0.0,0.932,39.5
0.0,0.907,39.5
0.0,0.833,39.5
0.0,0.652,39.5
0.0,0.532,39.5
0.0,0.598,39.5
0.0,0.675,39.5
0.0,0.71,39.5
0.0,0.718,39.5
0.0,0.668,39.5
0.0,0.624,39.5
0.0,0.593,39.5
0.0,0.55,39.5
0.0,0.503,39.5
0.019,0.465,39.5
0.24,0.43,39.5
0.488,0.415,39.5
0.565,0.398,39.5
0.353,0.379,39.5
0.215,0.374,39.5
0.143,0.344,39.5
0.089,0.367,39.5
0.023,0.42,39.5
0.0,0.488,39.5
0.0,0.516,39.5
0.0,0.547,39.5
0.0,0.563,39.5
0.0,0.561,39.5
0.0,0.588,39.5
0.0,0.63,39.5
0.0,0.648,39.5
0.0,0.65,39.5
0.0,0.644,39.5
0.0,0.639,39.5
0.0,0.631,39.5
0.0,0.603,39.5
0.0,0.586,39.5
0.011,0.592,39.5
0.057,0.571,39.5
0.155,0.535,39.5
0.511,0.534,39.5
0.539,0.559,39.5
0.389,0.578,39.5
0.227,0.587,39.5
0.075,0.592,39.5
0.022,0.609,39.5
0.0,0.622,39.5
0.0,0.646,39.5
0.0,0.639,39.5
0.0,0.625,39.5
0.0,0.627,39.5
0.0,0.625,39.5
0.0,0.616,39.5
0.0,0.598,39.5
0.0,0.614,39.5
0.0,0.619,39.5
0.0,0.63,39.5
0.0,0.594,39.5
0.0,0.566,39.5
0.0,0.653,39.5
0.0,0.762,39.5
0.0,0.777,39.5
0.067,0.739,39.5
0.229,0.695,39.5
0.244,0.692,39.5
0.202,0.749,39.5
0.23,0.796,39.5
0.187,0.806,39.5
0.126,0.809,39.5
0.058,0.754,39.5
0.0,0.629,39.5
0.0,0.572,39.5
0.0,0.669,39.5
0.0,0.74,39.5
0.0,0.741,39.5
0.0,0.729,39.5
0.0,0.718,39.5
0.0,0.696,39.5
0.0,0.677,39.5
0.0,0.656,39.5
0.0,0.644,39.5
0.0,0.635,39.5
0.0,0.628,39.5
0.0,0.614,39.5
0.0,0.606,39.5
0.0,0.599,39.5
0.024,0.591,39.5
0.053,0.563,39.5
0.056,0.525,39.5
0.058,0.495,39.5
0.077,0.484,39.5
0.079,0.494,39.5
0.052,0.519,39.5
0.025,0.553,39.5
0.0,0.606,39.5
0.0,0.641,39.5
0.0,0.648,39.5
0.0,0.655,39.5
0.0,0.663,39.5
0.0,0.666,39.5
0.0,0.67,39.5
0.0,0.681,39.5
0.0,0.704,39.5
0.0,0.712,39.5
0.0,0.725,39.5
0.0,0.716,39.5
0.0,0.681,39.5
0.0,0.625,39.5
0.0,0.574,39.5
0.0,0.513,39.5
0.015,0.447,39.5
0.061,0.379,39.5
0.185,0.341,39.5
0.3,0.26,39.5
0.248,0.188,39.5
0.212,0.175,39.5
0.126,0.135,39.5
0.038,0.135,39.5
0.0,0.171,39.5
0.0,0.194,39.5
0.0,0.203,39.5
0.0,0.211,39.5
0.0,0.202,39.5
0.0,0.231,39.5
0.0,0.3,39.5
0.0,0.388,39.5
0.0,0.43,39.5
0.0,0.49,39.5
0.0,0.606,39.5
0.0,0.726,39.5
0.0,0.8,39.5
0.0,0.874,39.5
0.0,0.931,39.5
0.0,0.936,39.5
0.041,0.889,39.5
0.101,0.811,39.5
0.178,0.733,39.5
0.224,0.746,39.5
0.209,0.765,39.5
0.185,0.73,39.5
0.139,0.686,39.5
0.071,0.724,39.5
0.006,0.77,39.5
0.0,0.793,39.5
0.0,0.862,39.5
0.0,0.897,39.5
0.0,0.918,39.5
0.0,0.927,39.5
0.0,0.938,39.5
0.0,0.932,39.5
0.0,0.931,39.5
0.0,0.936,39.5
0.0,0.94,39.5
0.0,0.96,39.5
0.0,0.966,39.5
0.0,0.972,39.5
0.0,0.981,39.5
0.021,0.985,39.5
0.205,0.989,39.5
0.382,0.991,39.5
0.523,0.984,39.5
0.545,0.972,39.5
0.468,0.973,39.5
0.406,0.985,39.5
0.25,0.991,39.5
0.141,0.983,39.5
0.002,0.964,39.5
0.0,0.947,39.5
0.0,0.931,39.5
0.0,0.916,39.5
0.0,0.92,39.5
0.0,0.903,39.5
0.0,0.856,39.5
0.0,0.737,39.5
0.0,0.604,39.5
0.0,0.466,39.5
0.0,0.441,39.5
0.0,0.442,39.5
0.0,0.457,39.5
0.0,0.433,39.5
0.0,0.422,39.5
0.0,0.525,39.5
0.017,0.684,39.5
0.066,0.724,39.5
0.188,0.672,39.5
0.456,0.661,39.5
0.523,0.718,39.5
0.395,0.799,39.5
0.25,0.812,39.5
0.079,0.798,39.5
0.002,0.839,39.5
0.0,0.891,39.5
0.0,0.923,39.5
0.0,0.935,39.5
0.0,0.886,39.5
0.0,0.833,39.5
0.0,0.801,39.5
0.0,0.761,39.5
0.0,0.785,39.5
0.0,0.807,39.5
0.0,0.819,39.5
0.0,0.82,39.5
0.0,0.8,39.5
0.0,0.751,39.5
0.0,0.724,39.5
0.007,0.713,39.5
0.075,0.766,39.5
0.189,0.815,39.5
0.267,0.875,39.5
0.34,0.919,39.5
0.316,0.924,39.5
0.182,0.915,39.5
0.08,0.911,39.5
0.034,0.922,39.5
0.0,0.898,39.5
0.0,0.897,39.5
0.0,0.895,39.5
0.0,0.888,39.5
0.0,0.891,39.5
0.0,0.898,39.5
0.0,0.889,39.5
0.0,0.872,39.5
0.0,0.839,39.5
0.0,0.788,39.5
0.0,0.751,39.5
0.0,0.722,39.5
0.0,0.652,39.5
0.0,0.58,39.5
0.0,0.469,39.5
0.0,0.346,39.5
0.022,0.209,39.5
0.073,0.111,39.5
0.132,0.058,39.5
0.215,0.032,39.5
0.294,0.058,39.5
0.452,0.131,39.5
0.361,0.182,39.5
0.191,0.198,39.5
0.008,0.228,39.5
0.0,0.248,39.5
0.0,0.259,39.5
0.0,0.267,39.5
0.0,0.281,39.5
0.0,0.33,39.5
0.0,0.42,39.5
0.0,0.523,39.5
0.0,0.586,39.5
0.0,0.588,39.5
0.0,0.548,39.5
0.0,0.495,39.5
0.0,0.425,39.5
0.0,0.354,39.5
0.0,0.285,39.5
0.0,0.22,39.5
0.051,0.146,39.5
0.108,0.069,39.5
0.188,0.03,39.5
0.229,0.024,39.5
0.138,0.063,39.5
0.079,0.133,39.5
0.057,0.18,39.5
0.028,0.208,39.5
0.0,0.277,39.5
0.0,0.362,39.5
0.0,0.434,39.5
0.0,0.513,39.5
0.0,0.599,39.5
0.0,0.712,39.5
0.0,0.767,39.5
0.0,0.768,39.5
0.0,0.814,39.5
0.0,0.8,39.5
0.0,0.84,39.5
0.0,0.931,39.5
0.0,0.958,39.5
0.0,0.951,39.5
0.0,0.907,39.5
0.005,0.868,39.5
0.063,0.85,39.5
0.104,0.84,39.5
0.142,0.826,39.5
0.173,0.816,39.5
0.221,0.793,39.5
0.195,0.758,39.5
0.104,0.707,39.5
0.044,0.637,39.5
0.0,0.615,39.5
0.0,0.617,39.5
0.0,0.622,39.5
0.0,0.622,39.5
0.0,0.604,39.5
0.0,0.552,39.5
0.0,0.481,39.5
0.0,0.413,39.5
0.0,0.342,39.5
0.0,0.27,39.5
0.0,0.221,39.5
0.0,0.197,39.5
0.0,0.187,39.5
0.0,0.214,39.5
0.0,0.251,39.5
0.0,0.272,39.5
0.036,0.253,39.5
0.106,0.204,39.5
0.239,0.144,39.5
0.425,0.07,39.5
0.601,0.035,39.5
0.537,0.06,39.5
0.399,0.088,39.5
0.205,0.106,39.5
0.008,0.132,39.5
0.0,0.167,39.5
0.0,0.213,39.5
0.0,0.275,39.5
0.0,0.34,39.5
0.0,0.37,39.5
0.0,0.359,39.5
0.0,0.32,39.5
0.0,0.285,39.5
0.0,0.28,39.5
0.0,0.272,39.5
0.0,0.26,39.5
0.0,0.278,39.5
0.0,0.289,39.5
0.0,0.245,39.5
0.002,0.248,39.5
0.071,0.312,39.5
0.125,0.404,39.5
0.195,0.574,39.5
0.375,0.724,39.5
0.471,0.791,39.5
0.078,0.796,39.5
0.015,0.837,39.5
0.0,0.871,39.5
0.0,0.854,39.5
0.0,0.796,39.5
0.0,0.646,39.5
0.0,0.422,39.5
0.0,0.367,39.5
0.0,0.454,39.5
0.0,0.574,39.5
0.0,0.628,39.5
0.0,0.638,39.5
0.0,0.614,39.5
0.0,0.529,39.5
0.0,0.379,39.5
0.0,0.231,39.5
0.0,0.156,39.5
0.0,0.148,39.5
0.0,0.227,39.5
0.034,0.37,39.5
0.197,0.474,39.5
0.473,0.526,39.5
0.594,0.501,39.5
0.618,0.432,39.5
0.559,0.4,39.5
0.425,0.393,39.5
0.216,0.374,39.5
0.006,0.366,39.5
0.0,0.308,39.5
0.0,0.371,39.5
0.0,0.372,39.5
0.0,0.423,39.5
0.0,0.514,39.5
0.0,0.547,39.5
0.0,0.561,39.5
0.0,0.56,39.5
0.0,0.544,39.5
0.0,0.578,39.5
0.0,0.642,39.5
0.0,0.706,39.5
0.0,0.782,39.5
0.0,0.81,39.5
0.0,0.782,39.5
0.009,0.799,39.5
0.144,0.846,39.5
0.29,0.875,39.5
0.336,0.879,39.5
0.4,0.875,39.5
0.344,0.879,39.5
0.211,0.876,39.5
0.064,0.865,39.5
0.0,0.865,39.5
0.0,0.857,39.5
0.0,0.843,39.5
0.0,0.833,39.5
0.0,0.815,39.5
0.0,0.793,39.5
0.0,0.774,39.5
0.0,0.772,39.5
0.0,0.778,39.5
0.0,0.806,39.5
0.0,0.82,39.5
0.0,0.833,39.5
0.0,0.836,39.5
0.0,0.829,39.5
0.0,0.816,39.5
0.0,0.798,39.5
0.013,0.794,39.5
0.047,0.788,39.5
0.098,0.795,39.5
0.166,0.829,39.5
0.183,0.866,39.5
0.183,0.874,39.5
0.125,0.876,39.5
0.068,0.887,39.5
0.0,0.906,39.5
0.0,0.906,39.5
0.0,0.88,39.5
0.0,0.856,39.5
0.0,0.85,39.5
0.0,0.827,39.5
0.0,0.796,39.5
0.0,0.752,39.5
0.0,0.7,39.5
0.0,0.63,39.5
0.0,0.568,39.5
0.0,0.521,39.5
0.0,0.508,39.5
0.0,0.523,39.5
0.0,0.529,39.5
0.0,0.519,39.5
0.017,0.491,39.5
0.062,0.458,39.5
0.144,0.48,39.5
0.275,0.498,39.5
0.368,0.546,39.5
0.34,0.602,39.5
0.082,0.626,39.5
0.014,0.67,39.5
0.0,0.72,39.5
0.0,0.808,39.5
0.0,0.884,39.5
0.0,0.927,39.5
0.0,0.94,39.5
0.0,0.937,39.5
0.0,0.882,39.5
0.0,0.741,39.5
0.0,0.656,39.5
0.0,0.618,39.5
0.0,0.598,39.5
0.0,0.597,39.5
0.0,0.657,39.5
0.0,0.679,39.5
0.0,0.677,39.5
0.0,0.639,39.5
0.031,0.631,39.5
0.059,0.618,39.5
0.15,0.559,39.5
0.253,0.448,39.5
0.292,0.311,39.5
0.32,0.192,39.5
0.266,0.176,39.5
0.127,0.222,39.5
0.0,0.281,39.5
0.0,0.278,39.5
0.0,0.233,39.5
0.0,0.212,39.5
0.0,0.233,39.5
0.0,0.237,39.5
0.0,0.217,39.5
0.0,0.214,39.5
0.0,0.231,39.5
0.0,0.262,39.5
0.0,0.295,39.5
0.0,0.357,39.5
0.0,0.408,39.5
0.0,0.467,39.5
0.0,0.523,39.5
0.0,0.586,39.5
0.0,0.64,39.5
0.01,0.695,39.5
0.016,0.724,39.5
0.02,0.715,39.5
0.022,0.682,39.5
0.019,0.652,39.5
0.009,0.64,39.5
0.0,0.581,39.5
0.0,0.479,39.5
0.0,0.347,39.5
0.0,0.22,39.5
0.0,0.126,39.5
0.0,0.074,39.5
0.0,0.065,39.5
0.0,0.08,39.5
0.0,0.096,39.5
0.0,0.12,39.5
0.0,0.144,39.5
0.0,0.175,39.5
0.0,0.23,39.5
0.0,0.284,39.5
0.0,0.305,39.5
0.0,0.309,39.5
0.0,0.308,39.5
0.027,0.297,39.5
0.089,0.264,39.5
0.173,0.249,39.5
0.232,0.233,39.5
0.318,0.202,39.5
0.297,0.167,39.5
0.151,0.123,39.5
0.056,0.09,39.5
0.0,0.09,39.5
0.0,0.112,39.5
0.0,0.135,39.5
0.0,0.165,39.5
0.0,0.188,39.5
0.0,0.2,39.5
0.0,0.202,39.5
0.0,0.189,39.5
0.0,0.16,39.5
0.0,0.132,39.5
0.0,0.111,39.5
0.0,0.105,39.5
0.0,0.107,39.5
0.0,0.096,39.5
0.0,0.072,39.5
0.0,0.048,39.5
0.053,0.035,39.5
0.146,0.033,39.5
0.179,0.05,39.5
0.215,0.058,39.5
0.303,0.032,39.5
0.272,0.005,39.5
0.232,0.001,39.5
0.108,0.012,39.5
0.0,0.033,39.5
0.0,0.042,39.5
0.0,0.048,39.5
0.0,0.069,39.5
0.0,0.095,39.5
0.0,0.102,39.5
0.0,0.093,39.5
0.0,0.097,39.5
0.0,0.125,39.5
0.0,0.168,39.5
0.0,0.227,39.5
0.0,0.272,39.5
0.0,0.293,39.5
0.0,0.328,39.5
0.0,0.404,39.5
0.0,0.529,39.5
0.009,0.604,39.5
0.048,0.605,39.5
0.133,0.613,39.5
0.205,0.634,39.5
0.216,0.642,39.5
0.279,0.599,39.5
0.209,0.546,39.5
0.071,0.519,39.5
0.0,0.535,39.5
0.0,0.51,39.5
0.0,0.431,39.5
0.0,0.32,39.5
0.0,0.212,39.5
0.0,0.15,39.5
0.0,0.117,39.5
0.0,0.078,39.5
0.0,0.041,39.5
0.0,0.028,39.5
0.0,0.035,39.5
0.0,0.05,39.5
0.0,0.065,39.5
0.0,0.085,39.5
0.0,0.123,39.5
0.0,0.186,39.5
0.101,0.236,39.5
0.287,0.225,39.5
0.47,0.218,39.5
0.519,0.203,39.5
0.433,0.187,39.5
0.258,0.178,39.5
0.131,0.191,39.5
0.046,0.269,39.5
0.0,0.4,39.5
0.0,0.527,39.5
0.0,0.589,39.5
0.0,0.601,39.5
0.0,0.588,39.5
0.0,0.568,39.5
0.0,0.552,39.5
0.0,0.55,39.5
0.0,0.547,39.5
0.0,0.547,39.5
0.0,0.55,39.5
0.0,0.547,39.5
0.0,0.538,39.5
0.0,0.518,39.5
0.0,0.496,39.5
0.0,0.481,39.5
0.047,0.479,39.5
0.181,0.485,39.5
0.321,0.592,39.5
0.41,0.679,39.5
0.441,0.711,39.5
0.41,0.722,39.5
0.31,0.724,39.5
0.144,0.697,39.5
0.0,0.714,39.5
0.0,0.731,39.5
0.0,0.746,39.5
0.0,0.739,39.5
0.0,0.706,39.5
0.0,0.647,39.5
0.0,0.586,39.5
0.0,0.52,39.5
0.0,0.492,39.5
0.0,0.457,39.5
0.0,0.442,39.5
0.0,0.447,39.5
0.0,0.468,39.5
0.0,0.51,39.5
0.0,0.557,39.5
0.0,0.606,39.5
0.017,0.656,39.5
0.052,0.685,39.5
0.119,0.68,39.5
0.266,0.69,39.5
0.247,0.677,39.5
0.166,0.679,39.5
0.061,0.684,39.5
0.006,0.711,39.5
0.0,0.72,39.5
0.0,0.727,39.5
0.0,0.725,39.5
0.0,0.729,39.5
0.0,0.736,39.5
0.0,0.739,39.5
0.0,0.748,39.5
0.0,0.773,39.5
0.0,0.745,39.5
0.0,0.755,39.5
0.0,0.835,39.5
0.0,0.831,39.5
0.0,0.748,39.5
0.0,0.742,39.5
0.0,0.748,39.5
0.0,0.757,39.5
0.011,0.769,39.5
0.034,0.813,39.5
0.124,0.842,39.5
0.378,0.845,39.5
0.3,0.839,39.5
0.196,0.77,39.5
0.107,0.773,39.5
0.046,0.854,39.5
0.0,0.879,39.5
0.0,0.886,39.5
0.0,0.888,39.5
0.0,0.914,39.5
0.0,0.905,39.5
0.0,0.935,39.5
0.0,0.917,39.5
0.0,0.865,39.5
0.0,0.882,39.5
0.0,0.846,39.5
0.0,0.796,39.5
0.0,0.791,39.5
0.0,0.72,39.5
0.0,0.62,39.5
0.0,0.534,39.5
0.0,0.479,39.5
0.002,0.45,39.5
0.015,0.457,39.5
0.025,0.497,39.5
0.029,0.476,39.5
0.029,0.413,39.5
0.034,0.385,39.5
0.017,0.261,39.5
0.003,0.175,39.5
0.0,0.205,39.5
0.0,0.195,39.5
0.0,0.199,39.5
0.0,0.255,39.5
0.0,0.325,39.5
0.0,0.36,39.5
0.0,0.364,39.5
0.0,0.338,39.5
0.0,0.309,39.5
0.0,0.295,39.5
0.0,0.31,39.5
0.0,0.34,39.5
0.0,0.369,39.5
0.0,0.386,39.5
0.0,0.394,39.5
0.0,0.397,39.5
0.006,0.395,39.5
0.043,0.368,39.5
0.091,0.368,39.5
0.133,0.374,39.5
0.141,0.382,39.5
0.113,0.404,39.5
0.066,0.447,39.5
0.015,0.5,39.5
0.0,0.563,39.5
0.0,0.58,39.5
0.0,0.566,39.5
0.0,0.593,39.5
0.0,0.584,39.5
0.0,0.559,39.5
0.0,0.582,39.5
0.0,0.618,39.5
0.0,0.662,39.5
0.0,0.675,39.5
0.0,0.777,39.5
0.0,0.826,39.5
0.0,0.85,39.5
0.0,0.866,39.5
0.0,0.856,39.5
0.0,0.845,39.5
0.026,0.783,39.5
0.1,0.762,39.5
0.114,0.728,39.5
0.101,0.712,39.5
0.083,0.681,39.5
0.063,0.637,39.5
0.045,0.593,39.5
0.018,0.564,39.5
0.0,0.556,39.5
0.0,0.568,39.5
0.0,0.578,39.5
0.0,0.556,39.5
0.0,0.566,39.5
0.0,0.593,39.5
0.0,0.617,39.5
0.0,0.606,39.5
0.0,0.583,39.5
0.0,0.633,39.5
0.0,0.666,39.5
0.0,0.705,39.5
0.0,0.756,39.5
0.0,0.852,39.5
0.0,0.889,39.5
0.0,0.926,39.5
0.01,0.956,39.5
0.048,0.976,39.5
0.062,0.97,39.5
0.167,0.945,39.5
0.393,0.924,39.5
0.322,0.914,39.5
0.131,0.903,39.5
0.029,0.888,39.5
0.0,0.854,39.5
0.0,0.8,39.5
0.0,0.773,39.5
0.0,0.76,39.5
0.0,0.759,39.5
0.0,0.806,39.5
0.0,0.815,39.5
0.0,0.728,39.5
0.0,0.759,39.5
0.0,0.787,39.5
0.0,0.792,39.5
0.0,0.85,39.5
0.0,0.857,39.5
0.0,0.871,39.5
0.0,0.859,39.5
0.0,0.873,39.5
0.019,0.877,39.5
0.05,0.916,39.5
0.067,0.961,39.5
0.113,0.979,39.5
0.222,0.99,39.5
0.159,0.991,39.5
0.086,0.991,39.5
0.069,0.991,39.5
0.0,0.991,39.5
0.0,0.991,39.5
0.0,0.989,39.5
0.0,0.985,39.5
0.0,0.979,39.5
0.0,0.973,39.5
0.0,0.965,39.5
0.0,0.958,39.5
0.0,0.95,39.5
0.0,0.943,39.5
0.0,0.94,39.5
0.0,0.935,39.5
0.0,0.937,39.5
0.0,0.923,39.5
0.0,0.909,39.5
0.0,0.9,39.5
0.038,0.888,39.5
0.147,0.829,39.5
0.213,0.797,39.5
0.252,0.823,39.5
0.222,0.819,39.5
0.098,0.768,39.5
0.077,0.744,39.5
0.021,0.739,39.5
0.0,0.708,39.5
0.0,0.675,39.5
0.0,0.643,39.5
0.0,0.585,39.5
0.0,0.538,39.5
0.0,0.512,39.5
0.0,0.467,39.5
0.0,0.45,39.5
0.0,0.429,39.5
0.0,0.391,39.5
0.0,0.356,39.5
0.0,0.316,39.5
0.0,0.289,39.5
0.0,0.281,39.5
0.0,0.279,39.5
0.0,0.273,39.5
0.0,0.256,39.5
0.029,0.221,39.5
0.063,0.185,39.5
0.099,0.141,39.5
0.131,0.101,39.5
0.122,0.08,39.5
0.08,0.073,39.5
0.026,0.08,39.5
0.0,0.089,39.5
0.0,0.095,39.5
0.0,0.111,39.5
0.0,0.139,39.5
0.0,0.203,39.5
0.0,0.284,39.5
0.0,0.34,39.5
0.0,0.397,39.5
0.0,0.461,39.5
0.0,0.515,39.5
0.0,0.562,39.5
0.0,0.593,39.5
0.0,0.617,39.5
0.0,0.645,39.5
0.0,0.686,39.5
0.0,0.708,39.5
0.026,0.717,39.5
0.14,0.723,39.5
0.226,0.739,39.5
0.307,0.75,39.5
0.219,0.765,39.5
0.114,0.789,39.5
0.036,0.812,39.5
0.007,0.811,39.5
0.0,0.817,39.5
0.0,0.845,39.5
0.0,0.859,39.5
0.0,0.864,39.5
0.0,0.854,39.5
0.0,0.82,39.5
0.0,0.766,39.5
0.0,0.716,39.5
0.0,0.679,39.5
0.0,0.668,39.5
0.0,0.669,39.5
0.0,0.695,39.5
0.0,0.739,39.5
0.0,0.757,39.5
0.0,0.753,39.5
0.0,0.752,39.5
0.013,0.749,39.5
0.079,0.754,39.5
0.153,0.77,39.5
0.145,0.77,39.5
0.15,0.768,39.5
0.17,0.77,39.5
0.18,0.765,39.5
0.08,0.765,39.5
0.0,0.827,39.5
0.0,0.886,39.5
0.0,0.895,39.5
0.0,0.858,39.5
0.0,0.827,39.5
0.0,0.8,39.5
0.0,0.798,39.5
0.0,0.795,39.5
0.0,0.782,39.5
0.0,0.759,39.5
0.0,0.724,39.5
0.0,0.683,39.5
0.0,0.642,39.5
0.0,0.635,39.5
0.0,0.584,39.5
0.0,0.547,39.5
0.037,0.529,39.5
0.162,0.403,39.5
0.272,0.305,39.5
0.437,0.285,39.5
0.526,0.234,39.5
0.481,0.214,39.5
0.342,0.211,39.5
0.133,0.225,39.5
0.0,0.23,39.5
0.0,0.197,39.5
0.0,0.158,39.5
0.0,0.14,39.5
0.0,0.133,39.5
0.0,0.123,39.5
0.0,0.106,39.5
0.0,0.076,39.5
0.0,0.055,39.5
0.0,0.041,39.5
0.0,0.035,39.5
0.0,0.032,39.5
0.0,0.025,39.5
0.0,0.019,39.5
0.0,0.027,39.5
0.0,0.049,39.5
0.081,0.076,39.5
0.271,0.074,39.5
0.453,0.062,39.5
0.58,0.062,39.5
0.584,0.064,39.5
0.518,0.068,39.5
0.375,0.076,39.5
0.157,0.115,39.5
0.0,0.189,39.5
0.0,0.294,39.5
0.0,0.39,39.5
0.0,0.444,39.5
0.0,0.45,39.5
0.0,0.413,39.5
0.0,0.364,39.5
0.0,0.334,39.5
0.0,0.305,39.5
0.0,0.3,39.5
0.0,0.307,39.5
0.0,0.281,39.5
0.0,0.272,39.5
0.0,0.278,39.5
0.0,0.287,39.5
0.0,0.294,39.5
0.038,0.264,39.5
0.195,0.205,39.5
0.408,0.16,39.5
0.507,0.122,39.5
0.429,0.09,39.5
0.449,0.061,39.5
0.368,0.041,39.5
0.147,0.029,39.5
0.0,0.02,39.5
0.0,0.017,39.5
0.0,0.018,39.5
0.0,0.022,39.5
0.0,0.032,39.5
0.0,0.045,39.5
0.0,0.054,39.5
0.0,0.071,39.5
0.0,0.112,39.5
0.0,0.144,39.5
0.0,0.124,39.5
0.0,0.094,39.5
0.0,0.113,39.5
0.0,0.147,39.5
0.0,0.164,39.5
0.0,0.167,39.5
0.025,0.176,39.5
0.093,0.171,39.5
0.172,0.166,39.5
0.208,0.207,39.5
0.172,0.267,39.5
0.145,0.32,39.5
0.132,0.355,39.5
0.033,0.423,39.5
0.0,0.513,39.5
0.0,0.553,39.5
0.0,0.587,39.5
0.0,0.628,39.5
0.0,0.686,39.5
0.0,0.742,39.5
0.0,0.75,39.5
0.0,0.747,39.5
0.0,0.763,39.5
0.0,0.813,39.5
0.0,0.823,39.5
0.0,0.843,39.5
0.0,0.862,39.5
0.0,0.89,39.5
0.0,0.921,39.5
0.0,0.914,39.5
0.0,0.902,39.5
0.019,0.914,39.5
0.052,0.924,39.5
0.054,0.955,39.5
0.049,0.967,39.5
0.025,0.98,39.5
0.002,0.972,39.5
0.0,0.978,39.5
0.0,0.979,39.5
0.0,0.977,39.5
0.0,0.959,39.5
0.0,0.919,39.5
0.0,0.876,39.5
0.0,0.832,39.5
0.0,0.78,39.5
0.0,0.739,39.5
0.0,0.692,39.5
0.0,0.684,39.5
0.0,0.682,39.5
0.0,0.646,39.5
0.0,0.591,39.5
0.0,0.59,39.5
0.0,0.578,39.5
0.0,0.532,39.5
0.036,0.471,39.5
0.162,0.42,39.5
0.26,0.36,39.5
0.313,0.364,39.5
0.271,0.385,39.5
0.291,0.422,39.5
0.247,0.468,39.5
0.079,0.552,39.5
0.0,0.651,39.5
0.0,0.671,39.5
0.0,0.672,39.5
0.0,0.694,39.5
0.0,0.746,39.5
0.0,0.766,39.5
0.0,0.844,39.5
0.0,0.874,39.5
0.0,0.923,39.5
0.0,0.958,39.5
0.0,0.975,39.5
0.0,0.986,39.5
0.0,0.989,39.5
0.0,0.989,39.5
0.0,0.982,39.5
0.0,0.95,39.5
0.0,0.921,39.5
0.038,0.917,39.5
0.094,0.899,39.5
0.24,0.913,39.5
0.444,0.947,39.5
0.337,0.969,39.5
0.154,0.975,39.5
0.033,0.979,39.5
0.0,0.978,39.5
0.0,0.976,39.5
0.0,0.982,39.5
0.0,0.986,39.5
0.0,0.986,39.5
0.0,0.987,39.5
0.0,0.989,39.5
0.0,0.991,39.5
0.0,0.987,39.5
0.0,0.966,39.5
0.0,0.974,39.5
0.0,0.985,39.5
0.0,0.979,39.5
0.0,0.971,39.5
0.0,0.972,39.5
0.0,0.981,39.5
0.01,0.987,39.5
0.11,0.99,39.5
0.19,0.991,39.5
0.374,0.991,39.5
0.447,0.987,39.5
0.42,0.979,39.5
0.277,0.964,39.5
0.085,0.943,39.5
0.0,0.906,39.5
0.0,0.845,39.5
0.0,0.753,39.5
0.0,0.676,39.5
0.0,0.598,39.5
0.0,0.433,39.5
0.0,0.249,39.5
0.0,0.119,39.5
0.0,0.076,39.5
0.0,0.195,39.5
0.0,0.337,39.5
0.0,0.516,39.5
0.0,0.639,39.5
0.0,0.711,39.5
0.0,0.728,39.5
0.0,0.774,39.5
0.024,0.801,39.5
0.052,0.857,39.5
0.144,0.914,39.5
0.141,0.936,39.5
0.11,0.953,39.5
0.048,0.965,39.5
0.023,0.972,39.5
0.002,0.985,39.5
0.0,0.989,39.5
0.0,0.991,39.5
0.0,0.991,39.5
0.0,0.991,39.5
0.0,0.991,39.5
0.0,0.989,39.5
0.0,0.951,39.5
0.0,0.819,39.5
0.0,0.679,39.5
0.0,0.523,39.5
0.0,0.381,39.5
0.0,0.388,39.5
0.0,0.466,39.5
0.0,0.51,39.5
0.0,0.562,39.5
0.0,0.607,39.5
0.015,0.615,39.5
0.114,0.624,39.5
0.216,0.657,39.5
0.374,0.759,39.5
0.353,0.85,39.5
0.282,0.884,39.5
0.099,0.872,39.5
0.0,0.809,39.5
0.0,0.746,39.5
0.0,0.72,39.5
0.0,0.709,39.5
0.0,0.74,39.5
0.0,0.785,39.5
0.0,0.824,39.5
0.0,0.827,39.5
0.0,0.816,39.5
0.0,0.793,39.5
0.0,0.772,39.5
0.0,0.72,39.5
0.0,0.646,39.5
0.0,0.628,39.5
0.0,0.673,39.5
0.0,0.728,39.5
0.0,0.811,39.5
0.0,0.889,39.5
0.014,0.948,39.5
0.038,0.958,39.5
0.045,0.955,39.5
0.032,0.945,39.5
0.019,0.933,39.5
0.008,0.945,39.5
0.0,0.936,39.5
0.0,0.911,39.5
0.0,0.903,39.5
0.0,0.937,39.5
0.0,0.934,39.5
0.0,0.893,39.5
0.0,0.863,39.5
0.0,0.869,39.5
0.0,0.938,39.5
0.0,0.99,39.5
0.0,0.99,39.5
0.0,0.988,39.5
0.0,0.982,39.5
0.0,0.978,39.5
0.0,0.975,39.5
0.0,0.98,39.5
0.0,0.983,39.5
0.01,0.986,39.5
0.076,0.989,39.5
0.159,0.991,39.5
0.224,0.991,39.5
0.26,0.991,39.5
0.3,0.99,39.5
0.171,0.985,39.5
0.031,0.975,39.5
0.0,0.961,39.5
0.0,0.946,39.5
0.0,0.92,39.5
0.0,0.854,39.5
0.0,0.78,39.5
0.0,0.815,39.5
0.0,0.967,39.5
0.0,0.991,39.5
0.0,0.977,39.5
0.0,0.968,39.5
0.0,0.979,39.5
0.0,0.98,39.5
0.0,0.986,39.5
0.0,0.991,39.5
0.0,0.988,39.5
0.0,0.979,39.5
0.047,0.966,39.5
0.216,0.952,39.5
0.335,0.943,39.5
0.383,0.95,39.5
0.389,0.961,39.5
0.312,0.966,39.5
0.081,0.958,39.5
0.004,0.915,39.5
0.0,0.805,39.5
0.0,0.676,39.5
0.0,0.695,39.5
0.0,0.78,39.5
0.0,0.871,39.5
0.0,0.916,39.5
0.0,0.909,39.5
0.0,0.908,39.5
0.0,0.978,39.5
0.0,0.99,39.5
0.0,0.985,39.5
0.0,0.975,39.5
0.0,0.958,39.5
0.0,0.926,39.5
0.0,0.885,39.5
0.0,0.849,39.5
0.024,0.86,39.5
0.111,0.852,39.5
0.222,0.844,39.5
0.318,0.856,39.5
0.323,0.891,39.5
0.256,0.868,39.5
0.129,0.84,39.5
0.017,0.831,39.5
0.0,0.814,39.5
0.0,0.794,39.5
0.0,0.799,39.5
0.0,0.762,39.5
0.0,0.752,39.5
0.0,0.742,39.5
0.0,0.737,39.5
0.0,0.729,39.5
0.0,0.714,39.5
0.0,0.725,39.5
0.0,0.705,39.5
0.0,0.674,39.5
0.0,0.662,39.5
0.0,0.651,39.5
0.0,0.644,39.5
0.0,0.615,39.5
0.0,0.576,39.5
0.027,0.491,39.5
0.072,0.414,39.5
0.099,0.346,39.5
0.101,0.287,39.5
0.066,0.22,39.5
0.024,0.182,39.5
0.0,0.205,39.5
0.0,0.27,39.5
0.0,0.307,39.5
0.0,0.325,39.5
0.0,0.328,39.5
0.0,0.332,39.5
0.0,0.359,39.5
0.0,0.407,39.5
0.0,0.447,39.5
0.0,0.489,39.5
0.0,0.504,39.5
0.0,0.58,39.5
0.0,0.662,39.5
0.0,0.683,39.5
0.0,0.716,39.5
0.0,0.782,39.5
0.0,0.8,39.5
0.002,0.771,39.5
0.04,0.704,39.5
0.096,0.718,39.5
0.132,0.722,39.5
0.13,0.619,39.5
0.054,0.479,39.5
0.013,0.36,39.5
0.0,0.292,39.5
0.0,0.259,39.5
0.0,0.27,39.5
0.0,0.374,39.5
0.0,0.503,39.5
0.0,0.587,39.5
0.0,0.6,39.5
0.0,0.564,39.5
0.0,0.566,39.5
0.0,0.553,39.5
0.0,0.538,39.5
0.0,0.522,39.5
0.0,0.509,39.5
0.0,0.501,39.5
0.0,0.502,39.5
0.0,0.519,39.5
0.0,0.549,39.5
0.018,0.584,39.5
0.137,0.613,39.5
0.104,0.668,39.5
0.104,0.725,39.5
0.109,0.762,39.5
0.102,0.775,39.5
0.089,0.815,39.5
0.011,0.892,39.5
0.0,0.929,39.5
0.0,0.943,39.5
0.0,0.953,39.5
0.0,0.955,39.5
0.0,0.961,39.5
0.0,0.96,39.5
0.0,0.955,39.5
0.0,0.943,39.5
0.0,0.929,39.5
0.0,0.915,39.5
0.0,0.911,39.5
0.0,0.914,39.5
0.0,0.917,39.5
0.0,0.933,39.5
0.0,0.942,39.5
0.0,0.924,39.5
0.0,0.938,39.5
0.026,0.907,39.5
0.065,0.904,39.5
0.07,0.934,39.5
0.04,0.954,39.5
0.023,0.958,39.5
0.012,0.967,39.5
0.0,0.964,39.5
0.0,0.951,39.5
0.0,0.942,39.5
0.0,0.92,39.5
0.0,0.868,39.5
0.0,0.815,39.5
0.0,0.806,39.5
0.0,0.837,39.5
0.0,0.95,39.5
0.0,0.987,39.5
0.0,0.988,39.5
0.0,0.966,39.5
0.0,0.938,39.5
0.0,0.839,39.5
0.0,0.739,39.5
0.0,0.741,39.5
0.0,0.706,39.5
0.0,0.722,39.5
0.02,0.819,39.5
0.102,0.885,39.5
0.329,0.917,39.5
0.381,0.941,39.5
0.225,0.938,39.5
0.116,0.917,39.5
0.025,0.901,39.5
0.0,0.883,39.5
0.0,0.803,39.5
0.0,0.75,39.5
0.0,0.82,39.5
0.0,0.821,39.5
0.0,0.789,39.5
0.0,0.842,39.5
0.0,0.86,39.5
0.0,0.841,39.5
0.0,0.836,39.5
0.0,0.822,39.5
0.0,0.792,39.5
0.0,0.773,39.5
0.0,0.791,39.5
0.0,0.844,39.5
0.0,0.875,39.5
0.007,0.901,39.5
0.078,0.909,39.5
0.2,0.906,39.5
0.346,0.901,39.5
0.399,0.876,39.5
0.392,0.834,39.5
0.231,0.903,39.5
0.001,0.935,39.5
0.0,0.966,39.5
0.0,0.984,39.5
0.0,0.964,39.5
0.0,0.938,39.5
0.0,0.926,39.5
0.0,0.897,39.5
0.0,0.853,39.5
0.0,0.802,39.5
0.0,0.782,39.5
0.0,0.751,39.5
0.0,0.756,39.5
0.0,0.924,39.5
0.0,0.99,39.5
0.0,0.981,39.5
0.0,0.982,39.5
0.0,0.99,39.5
0.008,0.991,39.5
0.055,0.987,39.5
0.086,0.977,39.5
0.066,0.962,39.5
0.049,0.948,39.5
0.043,0.93,39.5
0.022,0.905,39.5
0.001,0.894,39.5
0.0,0.892,39.5
0.0,0.899,39.5
0.0,0.91,39.5
0.0,0.927,39.5
0.0,0.937,39.5
0.0,0.943,39.5
0.0,0.949,39.5
0.0,0.957,39.5
0.0,0.961,39.5
0.0,0.961,39.5
0.0,0.964,39.5
0.0,0.967,39.5
0.0,0.966,39.5
0.0,0.962,39.5
0.0,0.955,39.5
0.0,0.946,39.5
0.017,0.936,39.5
0.097,0.925,39.5
0.179,0.917,39.5
0.276,0.907,39.5
0.337,0.887,39.5
0.261,0.852,39.5
0.101,0.8,39.5
0.016,0.772,39.5
0.0,0.72,39.5
0.0,0.687,39.5
0.0,0.708,39.5
0.0,0.694,39.5
0.0,0.698,39.5
0.0,0.614,39.5
0.0,0.694,39.5
0.0,0.806,39.5
0.0,0.856,39.5
0.0,0.837,39.5
0.0,0.884,39.5
0.0,0.915,39.5
0.0,0.923,39.5
0.0,0.935,39.5
0.0,0.946,39.5
0.0,0.935,39.5
0.021,0.912,39.5
0.191,0.898,39.5
0.368,0.913,39.5
0.47,0.941,39.5
0.469,0.959,39.5
0.299,0.967,39.5
0.1,0.97,39.5
0.01,0.975,39.5
0.0,0.978,39.5
0.0,0.978,39.5
0.0,0.977,39.5
0.0,0.971,39.5
0.0,0.961,39.5
0.0,0.945,39.5
0.0,0.934,39.5
0.0,0.913,39.5
0.0,0.888,39.5
0.0,0.866,39.5
0.0,0.796,39.5
0.0,0.736,39.5
0.0,0.669,39.5
0.0,0.574,39.5
0.0,0.469,39.5
0.0,0.362,39.5
0.096,0.27,39.5
0.323,0.179,39.5
0.482,0.092,39.5
0.552,0.049,39.5
0.548,0.028,39.5
0.475,0.018,39.5
0.316,0.026,39.5
0.073,0.053,39.5
0.0,0.094,39.5
0.0,0.155,39.5
0.0,0.229,39.5
0.0,0.317,39.5
0.0,0.42,39.5
0.0,0.513,39.5
0.0,0.591,39.5
0.0,0.639,39.5
0.0,0.666,39.5
0.0,0.672,39.5
0.0,0.657,39.5
0.0,0.647,39.5
0.0,0.663,39.5
0.0,0.708,39.5
0.0,0.785,39.5
0.0,0.853,39.5
0.0,0.88,39.5
0.024,0.879,39.5
0.141,0.876,39.5
0.149,0.909,39.5
0.128,0.941,39.5
0.083,0.952,39.5
0.15,0.951,39.5
0.029,0.941,39.5
0.0,0.938,39.5
0.0,0.963,39.5
0.0,0.972,39.5
0.0,0.97,39.5
0.0,0.97,39.5
0.0,0.969,39.5
0.0,0.97,39.5
0.0,0.971,39.5
0.0,0.974,39.5
0.0,0.974,39.5
0.0,0.959,39.5
0.0,0.924,39.5
0.0,0.876,39.5
0.0,0.77,39.5
0.0,0.633,39.5
0.0,0.523,39.5
0.011,0.435,39.5
0.059,0.317,39.5
0.131,0.199,39.5
0.218,0.111,39.5
0.304,0.06,39.5
0.264,0.035,39.5
0.085,0.024,39.5
0.01,0.017,39.5
0.0,0.015,39.5
0.0,0.02,39.5
0.0,0.034,39.5
0.0,0.05,39.5
0.0,0.068,39.5
0.0,0.085,39.5
0.0,0.113,39.5
0.0,0.136,39.5
0.0,0.154,39.5
0.0,0.182,39.5
0.0,0.201,39.5
0.0,0.211,39.5
0.0,0.234,39.5
0.0,0.264,39.5
0.0,0.284,39.5
0.0,0.321,39.5
0.015,0.334,39.5
0.067,0.272,39.5
0.114,0.279,39.5
0.142,0.291,39.5
0.149,0.187,39.5
0.274,0.101,39.5
0.178,0.115,39.5
0.037,0.211,39.5
0.0,0.358,39.5
0.0,0.488,39.5
0.0,0.491,39.5
0.0,0.378,39.5
0.0,0.328,39.5
0.0,0.413,39.5
0.0,0.379,39.5
0.0,0.313,39.5
0.0,0.296,39.5
0.0,0.251,39.5
0.0,0.27,39.5
0.0,0.289,39.5
0.0,0.314,39.5
0.0,0.333,39.5
0.0,0.325,39.5
0.0,0.326,39.5
0.048,0.331,39.5
0.225,0.292,39.5
0.413,0.252,39.5
0.508,0.243,39.5
0.514,0.238,39.5
0.454,0.227,39.5
0.308,0.25,39.5
0.086,0.318,39.5
0.0,0.383,39.5
0.0,0.447,39.5
0.0,0.507,39.5
0.0,0.559,39.5
0.0,0.59,39.5
0.0,0.601,39.5
0.0,0.59,39.5
0.0,0.552,39.5
0.0,0.505,39.5
0.0,0.484,39.5
0.0,0.481,39.5
0.0,0.487,39.5
0.0,0.497,39.5
0.0,0.513,39.5
0.0,0.539,39.5
0.0,0.568,39.5
0.127,0.568,39.5
0.392,0.444,39.5
0.552,0.269,39.5
0.618,0.179,39.5
0.612,0.148,39.5
0.532,0.156,39.5
0.369,0.228,39.5
0.114,0.349,39.5
0.0,0.45,39.5
0.0,0.505,39.5
0.0,0.528,39.5
0.0,0.531,39.5
0.0,0.516,39.5
0.0,0.487,39.5
0.0,0.447,39.5
0.0,0.395,39.5
0.0,0.323,39.5
0.0,0.256,39.5
0.0,0.222,39.5
0.0,0.198,39.5
0.0,0.176,39.5
0.0,0.163,39.5
0.0,0.141,39.5
0.0,0.118,39.5
0.021,0.102,39.5
0.12,0.091,39.5
0.305,0.09,39.5
0.478,0.097,39.5
0.376,0.111,39.5
0.245,0.122,39.5
0.153,0.14,39.5
0.056,0.155,39.5
0.0,0.159,39.5
0.0,0.175,39.5
0.0,0.188,39.5
0.0,0.184,39.5
0.0,0.169,39.5
0.0,0.161,39.5
0.0,0.17,39.5
0.0,0.193,39.5
