,solar_cf,wind_cf,price
2019-01-01 00:00:00,0.0,0.369,40.087852435116545
2019-01-01 01:00:00,0.0,0.379,54.62801532977477
2019-01-01 02:00:00,0.0,0.392,64.47532856387105
2019-01-01 03:00:00,0.0,0.409,64.33921118092383
2019-01-01 04:00:00,0.0,0.404,45.285798187939555
2019-01-01 05:00:00,0.0,0.375,58.65468043177897
2019-01-01 06:00:00,0.0,0.343,57.585090814237
2019-01-01 07:00:00,0.032,0.328,53.88007558654883
2019-01-01 08:00:00,0.313,0.278,46.80050979317166
2019-01-01 09:00:00,0.523,0.192,59.798633002496175
2019-01-01 10:00:00,0.642,0.119,26.42436776141731
2019-01-01 11:00:00,0.692,0.054,40.63108425510185
2019-01-01 12:00:00,0.682,0.017,42.90267356038397
2019-01-01 13:00:00,0.612,0.009,34.44942801701571
2019-01-01 14:00:00,0.475,0.004,41.633859416822936
2019-01-01 15:00:00,0.253,0.007,34.77110507944223
2019-01-01 16:00:00,0.006,0.02,67.83753653266294
2019-01-01 17:00:00,0.0,0.04,40.54985156343128
2019-01-01 18:00:00,0.0,0.08,44.85074862562389
2019-01-01 19:00:00,0.0,0.15,28.929630111146196
2019-01-01 20:00:00,0.0,0.272,24.211255960498686
2019-01-01 21:00:00,0.0,0.438,37.82220212315626
2019-01-01 22:00:00,0.0,0.574,0.2388947223673199
2019-01-01 23:00:00,0.0,0.661,53.2884003983761
2019-01-02 00:00:00,0.0,0.727,52.386579522229795
2019-01-02 01:00:00,0.0,0.756,50.45943518335618
2019-01-02 02:00:00,0.0,0.794,51.630269549643685
2019-01-02 03:00:00,0.0,0.84,54.196187901001686
2019-01-02 04:00:00,0.0,0.866,43.2008384192592
2019-01-02 05:00:00,0.0,0.885,40.359429677931416
2019-01-02 06:00:00,0.0,0.889,40.95034466916216
2019-01-02 07:00:00,0.042,0.887,45.016655358064305
2019-01-02 08:00:00,0.358,0.84,62.476502539720514
2019-01-02 09:00:00,0.56,0.721,50.9645074959372
2019-01-02 10:00:00,0.676,0.543,32.58821015325679
2019-01-02 11:00:00,0.721,0.361,33.655575441063306
2019-01-02 12:00:00,0.704,0.246,30.77096130884336
2019-01-02 13:00:00,0.628,0.163,47.669362714328344
2019-01-02 14:00:00,0.489,0.145,51.463901829943104
2019-01-02 15:00:00,0.266,0.179,39.89407997142431
2019-01-02 16:00:00,0.008,0.302,26.46906031550096
2019-01-02 17:00:00,0.0,0.46,23.221184170520537
2019-01-02 18:00:00,0.0,0.573,16.105376173548965
2019-01-02 19:00:00,0.0,0.619,20.488276548938227
2019-01-02 20:00:00,0.0,0.6,41.109405780916795
2019-01-02 21:00:00,0.0,0.464,34.96350703083197
2019-01-02 22:00:00,0.0,0.295,56.56464502183231
2019-01-02 23:00:00,0.0,0.192,31.116360884907383
2019-01-03 00:00:00,0.0,0.191,64.765002195075
2019-01-03 01:00:00,0.0,0.221,39.49511913651728
2019-01-03 02:00:00,0.0,0.227,60.61682298917471
2019-01-03 03:00:00,0.0,0.202,41.42838791278238
2019-01-03 04:00:00,0.0,0.193,37.252193103824794
2019-01-03 05:00:00,0.0,0.185,40.35716890380913
2019-01-03 06:00:00,0.0,0.163,54.49945880654575
2019-01-03 07:00:00,0.032,0.132,54.662564285735186
2019-01-03 08:00:00,0.32,0.084,67.81284693605436
2019-01-03 09:00:00,0.534,0.039,43.8184734285561
2019-01-03 10:00:00,0.656,0.015,33.58351945354437
2019-01-03 11:00:00,0.708,0.032,36.98596569379872
2019-01-03 12:00:00,0.699,0.044,60.45519651097263
2019-01-03 13:00:00,0.629,0.049,15.36105431821926
2019-01-03 14:00:00,0.489,0.057,41.43939552434784
2019-01-03 15:00:00,0.262,0.081,41.36558792288011
2019-01-03 16:00:00,0.008,0.119,18.487891295135896
2019-01-03 17:00:00,0.0,0.149,27.014691141892243
2019-01-03 18:00:00,0.0,0.191,26.754751956253223
2019-01-03 19:00:00,0.0,0.264,27.81485721402829
2019-01-03 20:00:00,0.0,0.332,36.39219143855149
2019-01-03 21:00:00,0.0,0.35,18.39710167639606
2019-01-03 22:00:00,0.0,0.324,58.54479225201877
2019-01-03 23:00:00,0.0,0.281,48.50526974474319
2019-01-04 00:00:00,0.0,0.238,36.23054276885597
2019-01-04 01:00:00,0.0,0.192,32.8015266830772
2019-01-04 02:00:00,0.0,0.128,25.90743521432722
2019-01-04 03:00:00,0.0,0.067,28.42754083094991
2019-01-04 04:00:00,0.0,0.042,52.44176968348824
2019-01-04 05:00:00,0.0,0.045,51.80163681278279
2019-01-04 06:00:00,0.0,0.045,19.979562847998075
2019-01-04 07:00:00,0.039,0.036,47.61953643207626
2019-01-04 08:00:00,0.337,0.014,56.73798314466392
2019-01-04 09:00:00,0.537,0.008,66.00894422951929
2019-01-04 10:00:00,0.656,0.036,43.88048692700371
2019-01-04 11:00:00,0.707,0.061,43.74818627768435
2019-01-04 12:00:00,0.695,0.065,45.85109928516104
2019-01-04 13:00:00,0.618,0.076,34.41710845937605
2019-01-04 14:00:00,0.47,0.102,51.68051155984277
2019-01-04 15:00:00,0.231,0.134,28.76644532336502
2019-01-04 16:00:00,0.003,0.158,23.074658552050455
2019-01-04 17:00:00,0.0,0.154,40.69696619773405
2019-01-04 18:00:00,0.0,0.125,26.38107306295892
2019-01-04 19:00:00,0.0,0.096,25.631060367717712
2019-01-04 20:00:00,0.0,0.076,38.29950043576043
2019-01-04 21:00:00,0.0,0.068,33.72089757790376
2019-01-04 22:00:00,0.0,0.072,36.213698096420735
2019-01-04 23:00:00,0.0,0.09,34.26398654886761
2019-01-05 00:00:00,0.0,0.18,38.22040467571201
2019-01-05 01:00:00,0.0,0.34,22.668807346891178
2019-01-05 02:00:00,0.0,0.49,50.16414439294138
2019-01-05 03:00:00,0.0,0.576,32.11235870679546
2019-01-05 04:00:00,0.0,0.644,50.83625033702821
2019-01-05 05:00:00,0.0,0.69,54.25110481289988
2019-01-05 06:00:00,0.0,0.732,47.796073788690585
2019-01-05 07:00:00,0.048,0.771,54.75811812285053
2019-01-05 08:00:00,0.367,0.755,50.49168068068431
2019-01-05 09:00:00,0.569,0.714,41.06886263526824
2019-01-05 10:00:00,0.685,0.665,47.633807465473794
2019-01-05 11:00:00,0.733,0.66,64.30016621343712
2019-01-05 12:00:00,0.717,0.642,46.799770252191344
2019-01-05 13:00:00,0.643,0.594,42.40215455247366
2019-01-05 14:00:00,0.502,0.528,31.32286137076538
2019-01-05 15:00:00,0.274,0.526,24.44063974452064
2019-01-05 16:00:00,0.011,0.642,33.98033309074893
2019-01-05 17:00:00,0.0,0.714,45.44670796362698
2019-01-05 18:00:00,0.0,0.72,23.5632058451178
2019-01-05 19:00:00,0.0,0.709,38.52465520222025
2019-01-05 20:00:00,0.0,0.718,19.57066814418716
2019-01-05 21:00:00,0.0,0.741,68.17233287019013
2019-01-05 22:00:00,0.0,0.777,33.915731081175764
2019-01-05 23:00:00,0.0,0.823,36.422856140111044
2019-01-06 00:00:00,0.0,0.827,55.674336301926104
2019-01-06 01:00:00,0.0,0.829,43.94560946669314
2019-01-06 02:00:00,0.0,0.834,61.79971454718539
2019-01-06 03:00:00,0.0,0.839,60.31978227677217
2019-01-06 04:00:00,0.0,0.839,65.59252169867788
2019-01-06 05:00:00,0.0,0.829,24.71503162311911
2019-01-06 06:00:00,0.0,0.817,54.13881566803702
2019-01-06 07:00:00,0.048,0.803,39.012989675178616
2019-01-06 08:00:00,0.363,0.754,43.757245829109195
2019-01-06 09:00:00,0.563,0.726,48.87532320137768
2019-01-06 10:00:00,0.68,0.706,19.718706949826572
2019-01-06 11:00:00,0.729,0.697,58.476489101321135
2019-01-06 12:00:00,0.718,0.678,70.33409095099978
2019-01-06 13:00:00,0.649,0.661,61.033874229469035
2019-01-06 14:00:00,0.515,0.656,35.74697474116164
2019-01-06 15:00:00,0.294,0.674,41.50147737251604
2019-01-06 16:00:00,0.016,0.753,52.06114163673576
2019-01-06 17:00:00,0.0,0.797,29.087969053358673
2019-01-06 18:00:00,0.0,0.778,38.35808951806661
2019-01-06 19:00:00,0.0,0.746,20.469683403314587
2019-01-06 20:00:00,0.0,0.724,5.678310469662435
2019-01-06 21:00:00,0.0,0.705,21.070913567946658
2019-01-06 22:00:00,0.0,0.69,32.87382170805473
2019-01-06 23:00:00,0.0,0.69,51.73386226088235
2019-01-07 00:00:00,0.0,0.675,32.503992424745974
2019-01-07 01:00:00,0.0,0.668,49.35070501735247
2019-01-07 02:00:00,0.0,0.653,41.42925839853401
2019-01-07 03:00:00,0.0,0.636,53.633041959051745
2019-01-07 04:00:00,0.0,0.589,73.09941448019663
2019-01-07 05:00:00,0.0,0.525,53.537273560731485
2019-01-07 06:00:00,0.0,0.432,29.69172945577607
2019-01-07 07:00:00,0.006,0.362,69.88384601519434
2019-01-07 08:00:00,0.12,0.317,59.28143164852034
2019-01-07 09:00:00,0.303,0.254,31.836957373213878
2019-01-07 10:00:00,0.554,0.192,38.578561548694026
2019-01-07 11:00:00,0.687,0.149,66.63384984266858
2019-01-07 12:00:00,0.697,0.15,41.77722446570292
2019-01-07 13:00:00,0.624,0.171,45.812819830324045
2019-01-07 14:00:00,0.482,0.194,35.58942277396426
2019-01-07 15:00:00,0.253,0.27,55.856902015505455
2019-01-07 16:00:00,0.009,0.358,43.62689744540407
2019-01-07 17:00:00,0.0,0.391,35.398084905394214
2019-01-07 18:00:00,0.0,0.354,35.11842946509503
2019-01-07 19:00:00,0.0,0.266,44.34018632697468
2019-01-07 20:00:00,0.0,0.18,41.9949486264308
2019-01-07 21:00:00,0.0,0.153,43.420252244262144
2019-01-07 22:00:00,0.0,0.17,25.5709345532404
2019-01-07 23:00:00,0.0,0.22,18.16846261563907
2019-01-08 00:00:00,0.0,0.282,30.33225593871925
2019-01-08 01:00:00,0.0,0.355,45.90771147960368
2019-01-08 02:00:00,0.0,0.444,39.05664043706804
2019-01-08 03:00:00,0.0,0.568,47.74618681149138
2019-01-08 04:00:00,0.0,0.671,46.321481240515666
2019-01-08 05:00:00,0.0,0.737,65.10787633983189
2019-01-08 06:00:00,0.0,0.778,60.46555782974954
2019-01-08 07:00:00,0.045,0.801,37.855788662010895
2019-01-08 08:00:00,0.35,0.796,57.02768627767104
2019-01-08 09:00:00,0.556,0.744,73.69216627495244
2019-01-08 10:00:00,0.673,0.71,47.37431500153097
2019-01-08 11:00:00,0.722,0.688,52.489830785152826
2019-01-08 12:00:00,0.707,0.647,46.36401684888271
2019-01-08 13:00:00,0.631,0.617,9.4547501012036
2019-01-08 14:00:00,0.483,0.586,44.03222485786708
2019-01-08 15:00:00,0.246,0.561,34.14897705567759
2019-01-08 16:00:00,0.008,0.629,59.23220320011343
2019-01-08 17:00:00,0.0,0.703,25.58940418008298
2019-01-08 18:00:00,0.0,0.718,49.75681722421004
2019-01-08 19:00:00,0.0,0.712,32.73664979873857
2019-01-08 20:00:00,0.0,0.715,29.394838058945602
2019-01-08 21:00:00,0.0,0.739,36.77082982722418
2019-01-08 22:00:00,0.0,0.783,65.84558891743374
2019-01-08 23:00:00,0.0,0.821,38.23516957863467
2019-01-09 00:00:00,0.0,0.855,26.01942269057041
2019-01-09 01:00:00,0.0,0.858,64.94730206081381
2019-01-09 02:00:00,0.0,0.86,39.06310251166144
2019-01-09 03:00:00,0.0,0.867,49.07271134153143
2019-01-09 04:00:00,0.0,0.882,43.33543014912432
2019-01-09 05:00:00,0.0,0.879,54.96667913602137
2019-01-09 06:00:00,0.0,0.855,63.347684526813936
2019-01-09 07:00:00,0.039,0.835,50.80972489015566
2019-01-09 08:00:00,0.339,0.798,59.74616890189984
2019-01-09 09:00:00,0.542,0.793,53.10463130317464
2019-01-09 10:00:00,0.676,0.797,46.04140526626549
2019-01-09 11:00:00,0.725,0.809,61.04970280374876
2019-01-09 12:00:00,0.711,0.82,37.63885488210811
2019-01-09 13:00:00,0.641,0.806,37.85514286096831
2019-01-09 14:00:00,0.505,0.767,46.97017613731386
2019-01-09 15:00:00,0.286,0.697,13.946442860692834
2019-01-09 16:00:00,0.018,0.697,42.64249060323027
2019-01-09 17:00:00,0.0,0.706,44.40813046425845
2019-01-09 18:00:00,0.0,0.738,42.46799749855113
2019-01-09 19:00:00,0.0,0.733,27.0245734348493
2019-01-09 20:00:00,0.0,0.657,34.73161130094361
2019-01-09 21:00:00,0.0,0.55,43.866140225186435
2019-01-09 22:00:00,0.0,0.528,40.58149191007834
2019-01-09 23:00:00,0.0,0.566,52.985677885405934
2019-01-10 00:00:00,0.0,0.625,51.07840214771961
2019-01-10 01:00:00,0.0,0.651,57.94939268446864
2019-01-10 02:00:00,0.0,0.669,46.11513716507257
2019-01-10 03:00:00,0.0,0.721,55.08116794176768
2019-01-10 04:00:00,0.0,0.751,40.23405688505768
2019-01-10 05:00:00,0.0,0.758,43.36165816350237
2019-01-10 06:00:00,0.0,0.763,44.37670688459615
2019-01-10 07:00:00,0.065,0.761,65.82920197849027
2019-01-10 08:00:00,0.391,0.69,60.66024321067002
2019-01-10 09:00:00,0.587,0.646,39.9681571723702
2019-01-10 10:00:00,0.703,0.682,35.95205679265506
2019-01-10 11:00:00,0.753,0.653,42.51573888507498
2019-01-10 12:00:00,0.74,0.607,34.46178431189621
2019-01-10 13:00:00,0.669,0.573,56.10665860521466
2019-01-10 14:00:00,0.529,0.574,40.856090548714754
2019-01-10 15:00:00,0.301,0.559,35.84310921866615
2019-01-10 16:00:00,0.022,0.594,39.62669732320357
2019-01-10 17:00:00,0.0,0.649,31.550852329745954
2019-01-10 18:00:00,0.0,0.676,8.67039692687182
2019-01-10 19:00:00,0.0,0.652,39.07617853541342
2019-01-10 20:00:00,0.0,0.592,19.503951985112618
2019-01-10 21:00:00,0.0,0.526,44.90782109406673
2019-01-10 22:00:00,0.0,0.459,43.614145029499
2019-01-10 23:00:00,0.0,0.382,55.813205134720775
2019-01-11 00:00:00,0.0,0.344,43.416490935763306
2019-01-11 01:00:00,0.0,0.318,56.642090902636056
2019-01-11 02:00:00,0.0,0.285,39.40907047800471
2019-01-11 03:00:00,0.0,0.291,50.295379118931216
2019-01-11 04:00:00,0.0,0.311,34.49158273295819
2019-01-11 05:00:00,0.0,0.315,58.836228148395705
2019-01-11 06:00:00,0.0,0.307,58.85977869091822
2019-01-11 07:00:00,0.057,0.303,69.67686424992726
2019-01-11 08:00:00,0.375,0.264,54.75678610084509
2019-01-11 09:00:00,0.577,0.217,53.09032657430037
2019-01-11 10:00:00,0.695,0.188,42.480477262842655
2019-01-11 11:00:00,0.745,0.172,55.255510621075636
2019-01-11 12:00:00,0.733,0.184,30.927944155028666
2019-01-11 13:00:00,0.658,0.199,36.892314022206214
2019-01-11 14:00:00,0.512,0.2,37.61187848560438
2019-01-11 15:00:00,0.281,0.214,17.202498942845864
2019-01-11 16:00:00,0.018,0.311,37.51698009067041
2019-01-11 17:00:00,0.0,0.462,14.711550831552291
2019-01-11 18:00:00,0.0,0.587,46.787429773158735
2019-01-11 19:00:00,0.0,0.63,46.64649984862427
2019-01-11 20:00:00,0.0,0.605,45.690923210950146
2019-01-11 21:00:00,0.0,0.506,18.78450678045898
2019-01-11 22:00:00,0.0,0.402,28.45935426168377
2019-01-11 23:00:00,0.0,0.413,37.693393246738594
2019-01-12 00:00:00,0.0,0.479,30.23214659433261
2019-01-12 01:00:00,0.0,0.497,37.606794788780284
2019-01-12 02:00:00,0.0,0.496,56.0069505550176
2019-01-12 03:00:00,0.0,0.517,44.70552050299281
2019-01-12 04:00:00,0.0,0.532,53.793415593317725
2019-01-12 05:00:00,0.0,0.52,53.934309865589896
2019-01-12 06:00:00,0.0,0.491,53.541071228819746
2019-01-12 07:00:00,0.051,0.471,56.15429881659544
2019-01-12 08:00:00,0.348,0.391,45.54922434896981
2019-01-12 09:00:00,0.551,0.322,43.18213928444081
2019-01-12 10:00:00,0.67,0.316,61.92721441028968
2019-01-12 11:00:00,0.719,0.367,35.36782478947886
2019-01-12 12:00:00,0.709,0.43,32.84050036750708
2019-01-12 13:00:00,0.636,0.471,36.42473285135501
2019-01-12 14:00:00,0.497,0.51,39.50905950045152
2019-01-12 15:00:00,0.276,0.528,47.57219507199562
2019-01-12 16:00:00,0.02,0.614,43.92931748754141
2019-01-12 17:00:00,0.0,0.694,24.445841096832332
2019-01-12 18:00:00,0.0,0.713,51.066245829417696
2019-01-12 19:00:00,0.0,0.683,24.479294808815297
2019-01-12 20:00:00,0.0,0.665,25.89609953768114
2019-01-12 21:00:00,0.0,0.704,32.34576171329001
2019-01-12 22:00:00,0.0,0.729,61.49018930133944
2019-01-12 23:00:00,0.0,0.737,20.854299044833336
2019-01-13 00:00:00,0.0,0.72,18.243560088781713
2019-01-13 01:00:00,0.0,0.723,29.719215772438723
2019-01-13 02:00:00,0.0,0.762,68.20186835986155
2019-01-13 03:00:00,0.0,0.775,41.31587751123762
2019-01-13 04:00:00,0.0,0.788,54.67909191721844
2019-01-13 05:00:00,0.0,0.789,56.15090757487013
2019-01-13 06:00:00,0.0,0.751,51.31999861192618
2019-01-13 07:00:00,0.055,0.724,58.785447316383
2019-01-13 08:00:00,0.298,0.693,37.152532716233026
2019-01-13 09:00:00,0.538,0.647,49.372454777226274
2019-01-13 10:00:00,0.637,0.61,58.81502700351764
2019-01-13 11:00:00,0.608,0.589,60.77209500561655
2019-01-13 12:00:00,0.577,0.593,37.34524226658249
2019-01-13 13:00:00,0.606,0.576,68.66318067275834
2019-01-13 14:00:00,0.483,0.536,22.946385900126877
2019-01-13 15:00:00,0.266,0.481,23.370686394767564
2019-01-13 16:00:00,0.018,0.558,39.18069022804347
2019-01-13 17:00:00,0.0,0.668,36.7810375567911
2019-01-13 18:00:00,0.0,0.715,32.803736702411655
2019-01-13 19:00:00,0.0,0.72,38.605990917526626
2019-01-13 20:00:00,0.0,0.73,35.3097244111423
2019-01-13 21:00:00,0.0,0.766,30.559296858449603
2019-01-13 22:00:00,0.0,0.803,49.83433887710928
2019-01-13 23:00:00,0.0,0.862,57.81093470023006
2019-01-14 00:00:00,0.0,0.894,63.61892370243619
2019-01-14 01:00:00,0.0,0.915,40.27009445117691
2019-01-14 02:00:00,0.0,0.93,65.64366731204233
2019-01-14 03:00:00,0.0,0.943,52.68996793975078
2019-01-14 04:00:00,0.0,0.954,52.46351261166376
2019-01-14 05:00:00,0.0,0.957,69.91839236421777
2019-01-14 06:00:00,0.0,0.959,43.44359932390498
2019-01-14 07:00:00,0.064,0.954,29.874096677356704
2019-01-14 08:00:00,0.359,0.944,62.099521210991774
2019-01-14 09:00:00,0.56,0.95,57.58121453509666
2019-01-14 10:00:00,0.668,0.947,56.247757735457704
2019-01-14 11:00:00,0.71,0.92,45.12055435024552
2019-01-14 12:00:00,0.696,0.864,28.506029956339106
2019-01-14 13:00:00,0.628,0.775,17.808805191794082
2019-01-14 14:00:00,0.497,0.674,46.55085411325872
2019-01-14 15:00:00,0.281,0.555,40.86446880449338
2019-01-14 16:00:00,0.026,0.501,13.244685024131655
2019-01-14 17:00:00,0.0,0.489,13.706601148652545
2019-01-14 18:00:00,0.0,0.472,48.626826295905325
2019-01-14 19:00:00,0.0,0.491,29.807824559234405
2019-01-14 20:00:00,0.0,0.517,39.54104066130185
2019-01-14 21:00:00,0.0,0.505,31.382455843289534
2019-01-14 22:00:00,0.0,0.466,35.71901112800075
2019-01-14 23:00:00,0.0,0.45,27.802638630406797
2019-01-15 00:00:00,0.0,0.433,31.04214318188066
2019-01-15 01:00:00,0.0,0.447,47.34094158202298
2019-01-15 02:00:00,0.0,0.432,51.47023363328701
2019-01-15 03:00:00,0.0,0.393,53.69658253529712
2019-01-15 04:00:00,0.0,0.335,52.4845835083271
2019-01-15 05:00:00,0.0,0.27,53.07152655003479
2019-01-15 06:00:00,0.0,0.224,40.2666550544109
2019-01-15 07:00:00,0.052,0.193,31.972946546133578
2019-01-15 08:00:00,0.312,0.157,53.93421452757157
2019-01-15 09:00:00,0.504,0.104,50.42128574859243
2019-01-15 10:00:00,0.653,0.038,44.91287665031903
2019-01-15 11:00:00,0.712,0.002,26.68371938061327
2019-01-15 12:00:00,0.709,0.002,39.944622661307214
2019-01-15 13:00:00,0.639,0.007,52.436149348735654
2019-01-15 14:00:00,0.503,0.018,40.14608124036999
2019-01-15 15:00:00,0.286,0.032,55.911289088214694
2019-01-15 16:00:00,0.027,0.041,51.1948294466298
2019-01-15 17:00:00,0.0,0.041,48.01891807249114
2019-01-15 18:00:00,0.0,0.032,42.469156357190215
2019-01-15 19:00:00,0.0,0.02,58.25931396988848
2019-01-15 20:00:00,0.0,0.012,32.75137136427672
2019-01-15 21:00:00,0.0,0.01,31.249783909160424
2019-01-15 22:00:00,0.0,0.013,45.41948386941886
2019-01-15 23:00:00,0.0,0.017,42.95300248735359
2019-01-16 00:00:00,0.0,0.024,36.06777824032095
2019-01-16 01:00:00,0.0,0.036,47.48120217782483
2019-01-16 02:00:00,0.0,0.061,30.520999787851625
2019-01-16 03:00:00,0.0,0.079,41.151573528443805
2019-01-16 04:00:00,0.0,0.083,44.61429296098224
2019-01-16 05:00:00,0.0,0.076,45.831804070527454
2019-01-16 06:00:00,0.0,0.06,56.814359403937985
2019-01-16 07:00:00,0.027,0.046,35.97498766318306
2019-01-16 08:00:00,0.157,0.034,22.7752275620468
2019-01-16 09:00:00,0.281,0.042,33.13557393565503
2019-01-16 10:00:00,0.394,0.122,61.708748183865296
2019-01-16 11:00:00,0.443,0.22,35.78534490734489
2019-01-16 12:00:00,0.396,0.259,37.684388974085294
2019-01-16 13:00:00,0.333,0.252,38.99387813841687
2019-01-16 14:00:00,0.247,0.238,43.695104665418334
2019-01-16 15:00:00,0.105,0.224,64.3714084587025
2019-01-16 16:00:00,0.001,0.218,25.16035292486907
2019-01-16 17:00:00,0.0,0.196,28.152658875062976
2019-01-16 18:00:00,0.0,0.173,28.193192592259
2019-01-16 19:00:00,0.0,0.152,55.00670262346489
2019-01-16 20:00:00,0.0,0.131,19.72466825632649
2019-01-16 21:00:00,0.0,0.12,21.01626751752589
2019-01-16 22:00:00,0.0,0.118,48.08512187884092
2019-01-16 23:00:00,0.0,0.114,19.597731708926343
2019-01-17 00:00:00,0.0,0.132,45.68301574845779
2019-01-17 01:00:00,0.0,0.175,61.944939128896436
2019-01-17 02:00:00,0.0,0.259,34.72423641061029
2019-01-17 03:00:00,0.0,0.328,73.28238505688242
2019-01-17 04:00:00,0.0,0.382,45.62486265700731
2019-01-17 05:00:00,0.0,0.437,36.56969807877063
2019-01-17 06:00:00,0.0,0.487,66.99418739114748
2019-01-17 07:00:00,0.01,0.516,44.12865487051224
2019-01-17 08:00:00,0.125,0.523,49.78508765563118
2019-01-17 09:00:00,0.298,0.519,44.197132480647944
2019-01-17 10:00:00,0.415,0.471,40.48278732844696
2019-01-17 11:00:00,0.473,0.398,37.36964508849936
2019-01-17 12:00:00,0.525,0.292,34.292968343300075
2019-01-17 13:00:00,0.476,0.208,30.936256417728686
2019-01-17 14:00:00,0.346,0.155,36.289926270238695
2019-01-17 15:00:00,0.15,0.101,46.36571214067311
2019-01-17 16:00:00,0.004,0.072,39.69749280007807
2019-01-17 17:00:00,0.0,0.077,39.075202515085195
2019-01-17 18:00:00,0.0,0.091,21.26166627995864
2019-01-17 19:00:00,0.0,0.096,12.223952000123013
2019-01-17 20:00:00,0.0,0.101,25.69009576037363
2019-01-17 21:00:00,0.0,0.106,41.05008540520117
2019-01-17 22:00:00,0.0,0.089,37.72829848075273
2019-01-17 23:00:00,0.0,0.057,49.13897452635965
2019-01-18 00:00:00,0.0,0.03,58.444509347905694
2019-01-18 01:00:00,0.0,0.025,44.67474580602205
2019-01-18 02:00:00,0.0,0.03,53.29948364514362
2019-01-18 03:00:00,0.0,0.041,59.23521067900151
2019-01-18 04:00:00,0.0,0.053,68.97155650208215
2019-01-18 05:00:00,0.0,0.056,28.321187906050433
2019-01-18 06:00:00,0.0,0.058,58.900603869401564
2019-01-18 07:00:00,0.0,0.068,61.25063421995614
2019-01-18 08:00:00,0.025,0.081,48.32198345196223
2019-01-18 09:00:00,0.087,0.099,45.07580491843818
2019-01-18 10:00:00,0.218,0.118,35.4717391235134
2019-01-18 11:00:00,0.449,0.129,56.839456313031164
2019-01-18 12:00:00,0.615,0.131,34.10841791270533
2019-01-18 13:00:00,0.389,0.153,41.55049676858932
2019-01-18 14:00:00,0.137,0.207,32.14741375973831
2019-01-18 15:00:00,0.037,0.289,33.794185699350315
2019-01-18 16:00:00,0.0,0.361,52.73006800195155
2019-01-18 17:00:00,0.0,0.4,25.42201403926717
2019-01-18 18:00:00,0.0,0.407,40.107356632409534
2019-01-18 19:00:00,0.0,0.416,24.431267287624138
2019-01-18 20:00:00,0.0,0.41,9.121704418754561
2019-01-18 21:00:00,0.0,0.387,39.45714720341613
2019-01-18 22:00:00,0.0,0.379,26.090477364749347
2019-01-18 23:00:00,0.0,0.383,33.560067725762345
2019-01-19 00:00:00,0.0,0.368,42.97534550239428
2019-01-19 01:00:00,0.0,0.348,48.163036418066724
2019-01-19 02:00:00,0.0,0.35,62.24828008781541
2019-01-19 03:00:00,0.0,0.371,50.64494519358541
2019-01-19 04:00:00,0.0,0.381,49.742252780542366
2019-01-19 05:00:00,0.0,0.373,45.871569286973084
2019-01-19 06:00:00,0.0,0.36,44.36481785961789
2019-01-19 07:00:00,0.083,0.339,34.385781334961415
2019-01-19 08:00:00,0.377,0.272,54.369847644732346
2019-01-19 09:00:00,0.576,0.202,49.27426401003471
2019-01-19 10:00:00,0.688,0.145,53.301553019019906
2019-01-19 11:00:00,0.734,0.093,29.61867781313577
2019-01-19 12:00:00,0.722,0.067,55.77382548875344
2019-01-19 13:00:00,0.65,0.054,32.46537549332507
2019-01-19 14:00:00,0.509,0.038,56.07083549306608
2019-01-19 15:00:00,0.289,0.025,45.525328090904495
2019-01-19 16:00:00,0.036,0.025,58.37434522366446
2019-01-19 17:00:00,0.0,0.041,43.02482494703858
2019-01-19 18:00:00,0.0,0.072,32.72021278029072
2019-01-19 19:00:00,0.0,0.12,43.87858107682439
2019-01-19 20:00:00,0.0,0.182,29.65465824154269
2019-01-19 21:00:00,0.0,0.23,40.52886808397858
2019-01-19 22:00:00,0.0,0.291,17.73521958145149
2019-01-19 23:00:00,0.0,0.391,45.721929180126025
2019-01-20 00:00:00,0.0,0.478,46.61914819064908
2019-01-20 01:00:00,0.0,0.509,42.85818446698657
2019-01-20 02:00:00,0.0,0.489,27.616619271408815
2019-01-20 03:00:00,0.0,0.401,58.28616773218796
2019-01-20 04:00:00,0.0,0.27,70.34863081188448
2019-01-20 05:00:00,0.0,0.148,75.49162196096829
2019-01-20 06:00:00,0.0,0.076,40.13622638180249
2019-01-20 07:00:00,0.0,0.107,27.78547363603169
2019-01-20 08:00:00,0.036,0.207,39.31356248082515
2019-01-20 09:00:00,0.086,0.32,44.78325432729398
2019-01-20 10:00:00,0.115,0.447,44.13214317628209
2019-01-20 11:00:00,0.127,0.568,47.81586873450718
2019-01-20 12:00:00,0.134,0.645,36.84334558993395
2019-01-20 13:00:00,0.139,0.64,42.28472172847688
2019-01-20 14:00:00,0.152,0.568,55.89560079535214
2019-01-20 15:00:00,0.079,0.398,20.390094147331748
2019-01-20 16:00:00,0.001,0.267,49.24101533455479
2019-01-20 17:00:00,0.0,0.213,47.44826566449567
2019-01-20 18:00:00,0.0,0.167,43.376937310893936
2019-01-20 19:00:00,0.0,0.112,37.961671692387945
2019-01-20 20:00:00,0.0,0.062,19.140024154438166
2019-01-20 21:00:00,0.0,0.014,25.313643448176563
2019-01-20 22:00:00,0.0,0.007,45.74810876600334
2019-01-20 23:00:00,0.0,0.035,68.30872835887584
2019-01-21 00:00:00,0.0,0.084,40.422366450193294
2019-01-21 01:00:00,0.0,0.137,41.192093878065045
2019-01-21 02:00:00,0.0,0.185,38.79017786501163
2019-01-21 03:00:00,0.0,0.253,45.621986755680794
2019-01-21 04:00:00,0.0,0.318,44.80479327673254
2019-01-21 05:00:00,0.0,0.37,57.94902896675983
2019-01-21 06:00:00,0.0,0.416,60.52692843480455
2019-01-21 07:00:00,0.082,0.451,45.94473203865723
2019-01-21 08:00:00,0.383,0.411,25.65234651119765
2019-01-21 09:00:00,0.578,0.325,44.060783571923665
2019-01-21 10:00:00,0.69,0.246,35.54381020356081
2019-01-21 11:00:00,0.736,0.151,43.07517685850718
2019-01-21 12:00:00,0.718,0.068,35.913903912611815
2019-01-21 13:00:00,0.631,0.032,14.8017944823338
2019-01-21 14:00:00,0.472,0.018,52.80038230472829
2019-01-21 15:00:00,0.268,0.01,62.395022905599426
2019-01-21 16:00:00,0.039,0.037,38.16849821024987
2019-01-21 17:00:00,0.0,0.073,17.614265215404973
2019-01-21 18:00:00,0.0,0.14,39.234391988154364
2019-01-21 19:00:00,0.0,0.315,26.20636235465185
2019-01-21 20:00:00,0.0,0.504,27.002351104680468
2019-01-21 21:00:00,0.0,0.611,54.82874263153687
2019-01-21 22:00:00,0.0,0.694,38.956773834939845
2019-01-21 23:00:00,0.0,0.722,22.963167665693664
2019-01-22 00:00:00,0.0,0.711,41.92752494676708
2019-01-22 01:00:00,0.0,0.707,48.539531577967544
2019-01-22 02:00:00,0.0,0.711,45.18401077477968
2019-01-22 03:00:00,0.0,0.737,38.94440245804442
2019-01-22 04:00:00,0.0,0.727,39.02000464128994
2019-01-22 05:00:00,0.0,0.685,59.14549009696169
2019-01-22 06:00:00,0.0,0.667,61.299569601594804
2019-01-22 07:00:00,0.102,0.631,61.351468271227716
2019-01-22 08:00:00,0.394,0.545,64.93568632028126
2019-01-22 09:00:00,0.56,0.465,44.19198632467463
2019-01-22 10:00:00,0.504,0.416,27.359684509629194
2019-01-22 11:00:00,0.342,0.425,38.17373928691735
2019-01-22 12:00:00,0.243,0.456,67.78433608710309
2019-01-22 13:00:00,0.161,0.489,60.60528228408682
2019-01-22 14:00:00,0.151,0.517,38.37464550751794
2019-01-22 15:00:00,0.076,0.513,33.422966582027186
2019-01-22 16:00:00,0.0,0.558,42.80076835687311
2019-01-22 17:00:00,0.0,0.715,40.29334759366126
2019-01-22 18:00:00,0.0,0.809,39.35396575548383
2019-01-22 19:00:00,0.0,0.84,56.40390166394185
2019-01-22 20:00:00,0.0,0.84,25.78366131301476
2019-01-22 21:00:00,0.0,0.818,18.343494196455012
2019-01-22 22:00:00,0.0,0.786,49.898418412102195
2019-01-22 23:00:00,0.0,0.732,30.939565449938137
2019-01-23 00:00:00,0.0,0.702,46.212596896588764
2019-01-23 01:00:00,0.0,0.656,39.4035609950334
2019-01-23 02:00:00,0.0,0.653,37.2768789986151
2019-01-23 03:00:00,0.0,0.726,42.56548072627409
2019-01-23 04:00:00,0.0,0.818,51.61645829322437
2019-01-23 05:00:00,0.0,0.87,33.84328642757046
2019-01-23 06:00:00,0.0,0.892,51.07312232489148
2019-01-23 07:00:00,0.012,0.903,38.13522999318209
2019-01-23 08:00:00,0.102,0.881,59.929634822653696
2019-01-23 09:00:00,0.197,0.909,28.652246457703114
2019-01-23 10:00:00,0.378,0.974,27.691731862789155
2019-01-23 11:00:00,0.56,0.988,51.44190737516919
2019-01-23 12:00:00,0.598,0.991,53.495436611494775
2019-01-23 13:00:00,0.565,0.991,43.30242561180025
2019-01-23 14:00:00,0.423,0.991,39.5449107356767
2019-01-23 15:00:00,0.231,0.991,54.88773666069582
2019-01-23 16:00:00,0.022,0.985,23.47787123612582
2019-01-23 17:00:00,0.0,0.964,29.237510862300212
2019-01-23 18:00:00,0.0,0.934,54.99895975218118
2019-01-23 19:00:00,0.0,0.921,23.094016924106043
2019-01-23 20:00:00,0.0,0.905,61.169635465747824
2019-01-23 21:00:00,0.0,0.88,35.45372201056193
2019-01-23 22:00:00,0.0,0.899,25.240612984760652
2019-01-23 23:00:00,0.0,0.944,34.202649867897755
2019-01-24 00:00:00,0.0,0.958,27.21333222408155
2019-01-24 01:00:00,0.0,0.964,47.98544731504887
2019-01-24 02:00:00,0.0,0.975,49.05430565941873
2019-01-24 03:00:00,0.0,0.984,50.93650506482176
2019-01-24 04:00:00,0.0,0.99,51.39311912131273
2019-01-24 05:00:00,0.0,0.99,49.86369278268427
2019-01-24 06:00:00,0.0,0.988,63.1732514462445
2019-01-24 07:00:00,0.136,0.984,39.12801100476184
2019-01-24 08:00:00,0.447,0.981,66.94266361927744
2019-01-24 09:00:00,0.627,0.986,61.46755076110103
2019-01-24 10:00:00,0.739,0.986,48.8062097129031
2019-01-24 11:00:00,0.788,0.984,46.574497840652526
2019-01-24 12:00:00,0.776,0.982,66.20755226498456
2019-01-24 13:00:00,0.708,0.978,48.83251616341584
2019-01-24 14:00:00,0.575,0.971,15.444030652478475
2019-01-24 15:00:00,0.359,0.956,11.869243794627025
2019-01-24 16:00:00,0.077,0.931,34.477757548232375
2019-01-24 17:00:00,0.0,0.905,31.72850119084299
2019-01-24 18:00:00,0.0,0.867,34.799801232669836
2019-01-24 19:00:00,0.0,0.849,27.984245210031755
2019-01-24 20:00:00,0.0,0.84,45.62012549441611
2019-01-24 21:00:00,0.0,0.839,46.572938752495865
2019-01-24 22:00:00,0.0,0.845,45.25608021376897
2019-01-24 23:00:00,0.0,0.845,45.17759637614921
2019-01-25 00:00:00,0.0,0.839,38.25105240783803
2019-01-25 01:00:00,0.0,0.821,50.952537409912836
2019-01-25 02:00:00,0.0,0.804,47.02036305925163
2019-01-25 03:00:00,0.0,0.756,55.669717199305964
2019-01-25 04:00:00,0.0,0.71,57.29854630719965
2019-01-25 05:00:00,0.0,0.647,55.37371077755177
2019-01-25 06:00:00,0.0,0.574,38.00003256938891
2019-01-25 07:00:00,0.12,0.535,34.74919939156114
2019-01-25 08:00:00,0.403,0.45,54.856368771481186
2019-01-25 09:00:00,0.585,0.409,49.19823795981054
2019-01-25 10:00:00,0.691,0.413,54.39260425006679
2019-01-25 11:00:00,0.735,0.394,26.90981637146942
2019-01-25 12:00:00,0.721,0.398,33.22040263628455
2019-01-25 13:00:00,0.649,0.42,31.964660414147623
2019-01-25 14:00:00,0.485,0.404,31.495865131471845
2019-01-25 15:00:00,0.241,0.404,20.397304782217248
2019-01-25 16:00:00,0.035,0.527,16.683290371254447
2019-01-25 17:00:00,0.0,0.618,31.40083113466137
2019-01-25 18:00:00,0.0,0.708,46.68469847211976
2019-01-25 19:00:00,0.0,0.765,9.609299735030874
2019-01-25 20:00:00,0.0,0.795,19.082328794257222
2019-01-25 21:00:00,0.0,0.802,28.797182433387793
2019-01-25 22:00:00,0.0,0.826,37.714082215688066
2019-01-25 23:00:00,0.0,0.825,30.712941769772794
2019-01-26 00:00:00,0.0,0.791,21.857296432705475
2019-01-26 01:00:00,0.0,0.744,35.130316585263515
2019-01-26 02:00:00,0.0,0.72,45.9798681384298
2019-01-26 03:00:00,0.0,0.718,68.93924195076752
2019-01-26 04:00:00,0.0,0.701,11.646381605462757
2019-01-26 05:00:00,0.0,0.68,70.13901855424243
2019-01-26 06:00:00,0.0,0.642,49.89808659087129
2019-01-26 07:00:00,0.12,0.627,35.671551691994296
2019-01-26 08:00:00,0.395,0.537,35.52570026045934
2019-01-26 09:00:00,0.576,0.47,63.31016609746746
2019-01-26 10:00:00,0.709,0.46,30.498133130064684
2019-01-26 11:00:00,0.754,0.459,38.245985029806384
2019-01-26 12:00:00,0.741,0.404,31.847629466760186
2019-01-26 13:00:00,0.671,0.354,53.925939512502126
2019-01-26 14:00:00,0.538,0.328,46.16202880737376
2019-01-26 15:00:00,0.328,0.3,42.56258878212999
2019-01-26 16:00:00,0.067,0.262,9.176331452266744
2019-01-26 17:00:00,0.0,0.245,45.9831216119777
2019-01-26 18:00:00,0.0,0.248,32.45600025633888
2019-01-26 19:00:00,0.0,0.227,30.500964373361946
2019-01-26 20:00:00,0.0,0.215,30.193965481485325
2019-01-26 21:00:00,0.0,0.225,32.31592747481593
2019-01-26 22:00:00,0.0,0.243,30.671373914757737
2019-01-26 23:00:00,0.0,0.278,65.30356634855441
2019-01-27 00:00:00,0.0,0.364,40.31782635434436
2019-01-27 01:00:00,0.0,0.467,65.73107381907701
2019-01-27 02:00:00,0.0,0.558,27.447309070770462
2019-01-27 03:00:00,0.0,0.609,41.99818336674011
2019-01-27 04:00:00,0.0,0.713,47.62436290033613
2019-01-27 05:00:00,0.0,0.766,59.48622615713607
2019-01-27 06:00:00,0.0,0.812,50.37434813653696
2019-01-27 07:00:00,0.043,0.858,45.80130039621544
2019-01-27 08:00:00,0.227,0.905,49.40902183627547
2019-01-27 09:00:00,0.52,0.976,62.15119251241869
2019-01-27 10:00:00,0.683,0.99,62.23744491879523
2019-01-27 11:00:00,0.735,0.988,57.28894565867289
2019-01-27 12:00:00,0.718,0.986,43.594480053332866
2019-01-27 13:00:00,0.598,0.978,31.006801545139787
2019-01-27 14:00:00,0.439,0.98,41.82999463307135
2019-01-27 15:00:00,0.275,0.989,25.353312664684996
2019-01-27 16:00:00,0.057,0.991,29.747806897424894
2019-01-27 17:00:00,0.0,0.989,55.806139220367676
2019-01-27 18:00:00,0.0,0.987,31.190041728842132
2019-01-27 19:00:00,0.0,0.979,40.753579851197415
2019-01-27 20:00:00,0.0,0.958,28.508910328389398
2019-01-27 21:00:00,0.0,0.93,61.20382040706354
2019-01-27 22:00:00,0.0,0.913,30.777808947169834
2019-01-27 23:00:00,0.0,0.897,39.20213995874632
2019-01-28 00:00:00,0.0,0.896,27.513355984417682
2019-01-28 01:00:00,0.0,0.902,49.61946543696057
2019-01-28 02:00:00,0.0,0.91,30.835085082760642
2019-01-28 03:00:00,0.0,0.919,65.32428160523372
2019-01-28 04:00:00,0.0,0.911,42.39213437426378
2019-01-28 05:00:00,0.0,0.896,45.95038641357428
2019-01-28 06:00:00,0.0,0.895,37.21846173531216
2019-01-28 07:00:00,0.099,0.921,57.40234292158931
2019-01-28 08:00:00,0.354,0.959,51.05455330065142
2019-01-28 09:00:00,0.451,0.988,63.36912184198984
2019-01-28 10:00:00,0.576,0.964,48.37731742676152
2019-01-28 11:00:00,0.686,0.933,68.69477889836944
2019-01-28 12:00:00,0.663,0.948,51.2682592770228
2019-01-28 13:00:00,0.578,0.963,18.74969597159752
2019-01-28 14:00:00,0.43,0.978,22.52082193570061
2019-01-28 15:00:00,0.239,0.988,43.40145805034884
2019-01-28 16:00:00,0.039,0.991,26.08207953727556
2019-01-28 17:00:00,0.0,0.989,40.13520132010085
2019-01-28 18:00:00,0.0,0.976,35.221235208675346
2019-01-28 19:00:00,0.0,0.962,46.05772907179856
2019-01-28 20:00:00,0.0,0.941,-1.8110321279632373
2019-01-28 21:00:00,0.0,0.911,31.331716867211178
2019-01-28 22:00:00,0.0,0.883,49.82065124754799
2019-01-28 23:00:00,0.0,0.856,29.679193069586788
2019-01-29 00:00:00,0.0,0.821,58.93805613652009
2019-01-29 01:00:00,0.0,0.772,21.443914539849217
2019-01-29 02:00:00,0.0,0.755,46.83706948787463
2019-01-29 03:00:00,0.0,0.735,66.93456134633527
2019-01-29 04:00:00,0.0,0.674,42.19624972750823
2019-01-29 05:00:00,0.0,0.605,45.71839002932742
2019-01-29 06:00:00,0.0,0.485,63.482593838967986
2019-01-29 07:00:00,0.009,0.444,27.692585084782657
2019-01-29 08:00:00,0.104,0.321,61.661501937639464
2019-01-29 09:00:00,0.393,0.263,56.726348245603184
2019-01-29 10:00:00,0.236,0.193,46.50397910639428
2019-01-29 11:00:00,0.232,0.175,41.26514663209478
2019-01-29 12:00:00,0.182,0.189,52.76382452441863
2019-01-29 13:00:00,0.134,0.179,48.476117939865226
2019-01-29 14:00:00,0.086,0.148,25.79288618573821
2019-01-29 15:00:00,0.025,0.112,31.871140525027343
2019-01-29 16:00:00,0.0,0.21,49.734921589901134
2019-01-29 17:00:00,0.0,0.494,48.92629139245973
2019-01-29 18:00:00,0.0,0.654,35.94767993307201
2019-01-29 19:00:00,0.0,0.853,18.43700407130433
2019-01-29 20:00:00,0.0,0.947,26.67689190006943
2019-01-29 21:00:00,0.0,0.979,42.779173087411806
2019-01-29 22:00:00,0.0,0.988,11.90316905552758
2019-01-29 23:00:00,0.0,0.99,30.866362870542996
2019-01-30 00:00:00,0.0,0.99,38.92711710934333
2019-01-30 01:00:00,0.0,0.99,57.02011368229043
2019-01-30 02:00:00,0.0,0.989,44.355011130889025
2019-01-30 03:00:00,0.0,0.978,44.92517487773977
2019-01-30 04:00:00,0.0,0.96,55.96257883517776
2019-01-30 05:00:00,0.0,0.927,43.9047135427212
2019-01-30 06:00:00,0.0,0.887,46.725126675123825
2019-01-30 07:00:00,0.031,0.858,25.42717946223372
2019-01-30 08:00:00,0.117,0.826,81.39768510412321
2019-01-30 09:00:00,0.39,0.877,53.16965777326597
2019-01-30 10:00:00,0.597,0.889,27.025156842264316
2019-01-30 11:00:00,0.64,0.874,37.22122614899964
2019-01-30 12:00:00,0.633,0.863,25.44762069451862
2019-01-30 13:00:00,0.566,0.861,42.59657920343087
2019-01-30 14:00:00,0.475,0.846,45.615018565721854
2019-01-30 15:00:00,0.287,0.819,28.556053661562004
2019-01-30 16:00:00,0.056,0.706,25.132371946218186
2019-01-30 17:00:00,0.0,0.528,37.711518306820366
2019-01-30 18:00:00,0.0,0.352,17.406334994291623
2019-01-30 19:00:00,0.0,0.249,29.028715772162244
2019-01-30 20:00:00,0.0,0.201,45.082227918659974
2019-01-30 21:00:00,0.0,0.207,33.25450175301844
2019-01-30 22:00:00,0.0,0.188,34.48891055305238
2019-01-30 23:00:00,0.0,0.146,23.337056504328157
2019-01-31 00:00:00,0.0,0.148,59.49990492392003
2019-01-31 01:00:00,0.0,0.187,63.33309992851197
2019-01-31 02:00:00,0.0,0.236,73.45205416704985
2019-01-31 03:00:00,0.0,0.311,56.37710281896798
2019-01-31 04:00:00,0.0,0.376,40.25070142763643
2019-01-31 05:00:00,0.0,0.407,53.42769540724586
2019-01-31 06:00:00,0.0,0.358,66.71845933583634
2019-01-31 07:00:00,0.069,0.276,70.03511059726094
2019-01-31 08:00:00,0.256,0.215,63.93660253276046
2019-01-31 09:00:00,0.302,0.27,41.3129299885026
2019-01-31 10:00:00,0.211,0.375,48.39704846079562
2019-01-31 11:00:00,0.33,0.524,30.609930442442405
2019-01-31 12:00:00,0.545,0.626,50.53336973400554
2019-01-31 13:00:00,0.537,0.625,32.952265616112314
2019-01-31 14:00:00,0.286,0.595,36.83796493479171
2019-01-31 15:00:00,0.154,0.525,53.53490002352875
2019-01-31 16:00:00,0.017,0.519,49.12960844949803
2019-01-31 17:00:00,0.0,0.56,69.42808161867916
2019-01-31 18:00:00,0.0,0.601,33.05545499222633
2019-01-31 19:00:00,0.0,0.649,15.825169235252595
2019-01-31 20:00:00,0.0,0.649,43.93704739583773
2019-01-31 21:00:00,0.0,0.586,8.635215739647371
2019-01-31 22:00:00,0.0,0.59,32.817886454852456
2019-01-31 23:00:00,0.0,0.661,32.55898957860788
2019-02-01 00:00:00,0.0,0.715,39.35940698310515
2019-02-01 01:00:00,0.0,0.751,59.10033532652554
2019-02-01 02:00:00,0.0,0.793,49.08618010215725
2019-02-01 03:00:00,0.0,0.864,37.04636126793701
2019-02-01 04:00:00,0.0,0.84,35.81043915923259
2019-02-01 05:00:00,0.0,0.849,35.82391824166251
2019-02-01 06:00:00,0.0,0.853,59.7157472661661
2019-02-01 07:00:00,0.0,0.836,34.05316156044467
2019-02-01 08:00:00,0.02,0.737,61.77952346771674
2019-02-01 09:00:00,0.171,0.647,35.91037229421762
2019-02-01 10:00:00,0.639,0.69,33.353168412750406
2019-02-01 11:00:00,0.719,0.737,76.90359221441913
2019-02-01 12:00:00,0.719,0.705,52.28136552442628
2019-02-01 13:00:00,0.656,0.577,26.649565187242967
2019-02-01 14:00:00,0.537,0.395,21.800727399288455
2019-02-01 15:00:00,0.329,0.252,61.415234538406374
2019-02-01 16:00:00,0.067,0.284,35.679451143834015
2019-02-01 17:00:00,0.0,0.439,41.23408099168656
2019-02-01 18:00:00,0.0,0.635,50.765623254083806
2019-02-01 19:00:00,0.0,0.674,43.57565166609146
2019-02-01 20:00:00,0.0,0.668,52.07444722644411
2019-02-01 21:00:00,0.0,0.698,60.9961646164388
2019-02-01 22:00:00,0.0,0.695,48.87934460282203
2019-02-01 23:00:00,0.0,0.697,44.612354400667925
2019-02-02 00:00:00,0.0,0.697,64.30447704460238
2019-02-02 01:00:00,0.0,0.743,43.34089955725885
2019-02-02 02:00:00,0.0,0.8,52.852872657606525
2019-02-02 03:00:00,0.0,0.843,45.04881309933387
2019-02-02 04:00:00,0.0,0.875,38.07004031562286
2019-02-02 05:00:00,0.0,0.902,62.85950558560625
2019-02-02 06:00:00,0.0,0.928,38.85706935048658
2019-02-02 07:00:00,0.066,0.959,44.562289017514374
2019-02-02 08:00:00,0.273,0.983,52.028671537687266
2019-02-02 09:00:00,0.483,0.987,75.6794452293062
2019-02-02 10:00:00,0.608,0.989,34.6604837144666
2019-02-02 11:00:00,0.65,0.99,56.66565369364338
2019-02-02 12:00:00,0.625,0.991,51.653526798383005
2019-02-02 13:00:00,0.541,0.991,32.29409129246715
2019-02-02 14:00:00,0.393,0.987,28.986912159684785
2019-02-02 15:00:00,0.229,0.973,25.21806620406001
2019-02-02 16:00:00,0.041,0.973,39.1380393479388
2019-02-02 17:00:00,0.0,0.99,20.06496092903795
2019-02-02 18:00:00,0.0,0.991,41.02675487812921
2019-02-02 19:00:00,0.0,0.991,31.978080623608847
2019-02-02 20:00:00,0.0,0.989,2.3577194932965924
2019-02-02 21:00:00,0.0,0.988,29.8406598652881
2019-02-02 22:00:00,0.0,0.986,42.77999002496443
2019-02-02 23:00:00,0.0,0.983,36.787381444992
2019-02-03 00:00:00,0.0,0.978,37.690644605509846
2019-02-03 01:00:00,0.0,0.975,29.638110236968377
2019-02-03 02:00:00,0.0,0.978,52.01509105211731
2019-02-03 03:00:00,0.0,0.981,47.534077978548055
2019-02-03 04:00:00,0.0,0.984,51.764424586182
2019-02-03 05:00:00,0.0,0.984,57.58154648086394
2019-02-03 06:00:00,0.0,0.982,59.94321136055303
2019-02-03 07:00:00,0.214,0.979,73.04853068093546
2019-02-03 08:00:00,0.471,0.978,49.52522354353106
2019-02-03 09:00:00,0.647,0.987,63.24846476853305
2019-02-03 10:00:00,0.756,0.985,19.601926784855763
2019-02-03 11:00:00,0.802,0.979,46.52960883237234
2019-02-03 12:00:00,0.784,0.974,30.78577557228091
2019-02-03 13:00:00,0.712,0.966,24.78893766039321
2019-02-03 14:00:00,0.578,0.955,40.4422218667847
2019-02-03 15:00:00,0.37,0.945,35.16057420308813
2019-02-03 16:00:00,0.099,0.932,32.08282933549748
2019-02-03 17:00:00,0.0,0.913,24.814179954618936
2019-02-03 18:00:00,0.0,0.885,44.47108304073781
2019-02-03 19:00:00,0.0,0.858,37.34041395542477
2019-02-03 20:00:00,0.0,0.852,32.41995657730639
2019-02-03 21:00:00,0.0,0.857,46.152009421754514
2019-02-03 22:00:00,0.0,0.85,40.92081969475595
2019-02-03 23:00:00,0.0,0.847,55.02389475500105
2019-02-04 00:00:00,0.0,0.833,33.38244151940412
2019-02-04 01:00:00,0.0,0.811,70.9193280144902
2019-02-04 02:00:00,0.0,0.779,54.56578932420756
2019-02-04 03:00:00,0.0,0.755,52.42501783626397
2019-02-04 04:00:00,0.0,0.722,63.69828647904919
2019-02-04 05:00:00,0.0,0.676,60.21668537384941
2019-02-04 06:00:00,0.0,0.627,36.224288431066796
2019-02-04 07:00:00,0.18,0.557,66.16822106601244
2019-02-04 08:00:00,0.421,0.442,63.81569777430604
2019-02-04 09:00:00,0.632,0.379,21.95895939287334
2019-02-04 10:00:00,0.762,0.311,51.101245484847794
2019-02-04 11:00:00,0.805,0.195,21.48814888635143
2019-02-04 12:00:00,0.79,0.091,32.00459814583647
2019-02-04 13:00:00,0.717,0.026,50.839032793049896
2019-02-04 14:00:00,0.578,0.002,47.10039499774081
2019-02-04 15:00:00,0.345,0.008,43.49022951886401
2019-02-04 16:00:00,0.073,0.068,54.99863783546518
2019-02-04 17:00:00,0.0,0.085,25.46950392257359
2019-02-04 18:00:00,0.0,0.093,45.006216251028235
2019-02-04 19:00:00,0.0,0.099,42.17400808408871
2019-02-04 20:00:00,0.0,0.105,40.014533545077704
2019-02-04 21:00:00,0.0,0.099,59.58729660924636
2019-02-04 22:00:00,0.0,0.079,33.70148099229009
2019-02-04 23:00:00,0.0,0.076,36.54025838807074
2019-02-05 00:00:00,0.0,0.1,45.62499203163477
2019-02-05 01:00:00,0.0,0.18,50.759884460938764
2019-02-05 02:00:00,0.0,0.252,44.29602001771389
2019-02-05 03:00:00,0.0,0.305,39.51343466422479
2019-02-05 04:00:00,0.0,0.36,40.56172707348835
2019-02-05 05:00:00,0.0,0.405,62.539407461021725
2019-02-05 06:00:00,0.0,0.428,56.23030450927394
2019-02-05 07:00:00,0.107,0.422,47.91464755525423
2019-02-05 08:00:00,0.323,0.379,43.12794553631405
2019-02-05 09:00:00,0.517,0.367,37.58846204941567
2019-02-05 10:00:00,0.657,0.335,29.56941651961315
2019-02-05 11:00:00,0.73,0.321,44.65234636927461
2019-02-05 12:00:00,0.722,0.297,64.50565560044481
2019-02-05 13:00:00,0.656,0.225,54.684006367961004
2019-02-05 14:00:00,0.525,0.135,23.1897494625885
2019-02-05 15:00:00,0.326,0.068,41.627244543042465
2019-02-05 16:00:00,0.075,0.065,50.36109927706541
2019-02-05 17:00:00,0.0,0.098,24.782401412592627
2019-02-05 18:00:00,0.0,0.099,30.19372865150971
2019-02-05 19:00:00,0.0,0.069,59.986703267945714
2019-02-05 20:00:00,0.0,0.051,32.985746416339026
2019-02-05 21:00:00,0.0,0.053,31.42711495393085
2019-02-05 22:00:00,0.0,0.066,64.79206221324127
2019-02-05 23:00:00,0.0,0.084,14.663945114868906
2019-02-06 00:00:00,0.0,0.104,44.783262732912235
2019-02-06 01:00:00,0.0,0.13,46.48657726164346
2019-02-06 02:00:00,0.0,0.169,48.41434598575798
2019-02-06 03:00:00,0.0,0.218,45.24834078695772
2019-02-06 04:00:00,0.0,0.268,47.143292850504615
2019-02-06 05:00:00,0.0,0.296,41.76338932575073
2019-02-06 06:00:00,0.0,0.291,45.85992676757486
2019-02-06 07:00:00,0.165,0.294,50.2911364684615
2019-02-06 08:00:00,0.393,0.253,46.04239646389767
2019-02-06 09:00:00,0.564,0.172,44.10766147485197
2019-02-06 10:00:00,0.686,0.102,49.30154995332378
2019-02-06 11:00:00,0.746,0.053,49.73525535324859
2019-02-06 12:00:00,0.736,0.022,48.5454618360448
2019-02-06 13:00:00,0.669,0.007,25.64867784361107
2019-02-06 14:00:00,0.541,0.006,49.65361129247076
2019-02-06 15:00:00,0.343,0.03,20.902464225801026
2019-02-06 16:00:00,0.084,0.068,33.07764506326873
2019-02-06 17:00:00,0.0,0.089,4.745598454383863
2019-02-06 18:00:00,0.0,0.082,43.99233271566377
2019-02-06 19:00:00,0.0,0.064,17.57291556292856
2019-02-06 20:00:00,0.0,0.043,48.05637630905372
2019-02-06 21:00:00,0.0,0.024,50.14662825737889
2019-02-06 22:00:00,0.0,0.01,10.974043401722884
2019-02-06 23:00:00,0.0,0.007,30.541303766652405
2019-02-07 00:00:00,0.0,0.028,46.71860664162846
2019-02-07 01:00:00,0.0,0.083,32.25999957012462
2019-02-07 02:00:00,0.0,0.141,51.09796773818718
2019-02-07 03:00:00,0.0,0.185,36.061960023726584
2019-02-07 04:00:00,0.0,0.233,52.502906279571874
2019-02-07 05:00:00,0.0,0.308,62.80048090525568
2019-02-07 06:00:00,0.0,0.382,40.05616396481426
2019-02-07 07:00:00,0.037,0.395,54.08120594682504
2019-02-07 08:00:00,0.153,0.328,28.19976901082957
2019-02-07 09:00:00,0.384,0.269,62.563324923783554
2019-02-07 10:00:00,0.608,0.215,53.111721181209695
2019-02-07 11:00:00,0.735,0.163,51.8189094051115
2019-02-07 12:00:00,0.725,0.156,25.740849184024594
2019-02-07 13:00:00,0.659,0.148,38.84448622860862
2019-02-07 14:00:00,0.53,0.099,52.53069342227866
2019-02-07 15:00:00,0.332,0.05,31.876107103259127
2019-02-07 16:00:00,0.08,0.029,30.74286683847116
2019-02-07 17:00:00,0.0,0.038,25.64847597166932
2019-02-07 18:00:00,0.0,0.059,39.68298305591068
2019-02-07 19:00:00,0.0,0.068,26.23285405974071
2019-02-07 20:00:00,0.0,0.064,55.338196296040536
2019-02-07 21:00:00,0.0,0.095,35.00611925336915
2019-02-07 22:00:00,0.0,0.093,42.386348869416196
2019-02-07 23:00:00,0.0,0.086,34.449906198108664
2019-02-08 00:00:00,0.0,0.093,48.80649665902136
2019-02-08 01:00:00,0.0,0.116,43.07416247296745
2019-02-08 02:00:00,0.0,0.151,54.68029153668579
2019-02-08 03:00:00,0.0,0.177,25.935900507481254
2019-02-08 04:00:00,0.0,0.192,39.03227871856332
2019-02-08 05:00:00,0.0,0.208,41.37139969545122
2019-02-08 06:00:00,0.0,0.2,56.568561512804614
2019-02-08 07:00:00,0.123,0.169,23.522894712792528
2019-02-08 08:00:00,0.328,0.114,56.91841570046764
2019-02-08 09:00:00,0.434,0.083,41.51546165895739
2019-02-08 10:00:00,0.503,0.101,45.223807187477284
2019-02-08 11:00:00,0.542,0.161,35.399083069456985
2019-02-08 12:00:00,0.521,0.198,51.47468024741276
2019-02-08 13:00:00,0.454,0.196,50.884928063023956
2019-02-08 14:00:00,0.361,0.181,43.559372651318434
2019-02-08 15:00:00,0.224,0.171,26.610576217410507
2019-02-08 16:00:00,0.065,0.17,24.493569269033458
2019-02-08 17:00:00,0.0,0.17,38.12496539449203
2019-02-08 18:00:00,0.0,0.164,39.709526293117804
2019-02-08 19:00:00,0.0,0.163,63.311355940991376
2019-02-08 20:00:00,0.0,0.151,33.83906242019094
2019-02-08 21:00:00,0.0,0.107,35.74378023514699
2019-02-08 22:00:00,0.0,0.065,46.477520177118414
2019-02-08 23:00:00,0.0,0.042,39.870035230836805
2019-02-09 00:00:00,0.0,0.047,36.36780987155991
2019-02-09 01:00:00,0.0,0.091,58.02884837604082
2019-02-09 02:00:00,0.0,0.18,60.29725977130661
2019-02-09 03:00:00,0.0,0.286,46.66770084742881
2019-02-09 04:00:00,0.0,0.376,17.956828836525887
2019-02-09 05:00:00,0.0,0.461,37.2011785749555
2019-02-09 06:00:00,0.0,0.496,53.73616231096504
2019-02-09 07:00:00,0.14,0.434,32.115793686909804
2019-02-09 08:00:00,0.374,0.289,37.20478797689033
2019-02-09 09:00:00,0.601,0.17,41.831670641199025
2019-02-09 10:00:00,0.718,0.096,43.712885569674725
2019-02-09 11:00:00,0.762,0.049,45.64505850876715
2019-02-09 12:00:00,0.749,0.035,40.68223519826378
2019-02-09 13:00:00,0.678,0.045,53.24885514764099
2019-02-09 14:00:00,0.538,0.069,44.93338039987161
2019-02-09 15:00:00,0.327,0.106,58.25989839757532
2019-02-09 16:00:00,0.09,0.201,27.79488636345864
2019-02-09 17:00:00,0.0,0.232,44.289317914292695
2019-02-09 18:00:00,0.0,0.171,39.248172473792955
2019-02-09 19:00:00,0.0,0.137,19.805095305895556
2019-02-09 20:00:00,0.0,0.124,25.51170487573322
2019-02-09 21:00:00,0.0,0.126,45.45927684134227
2019-02-09 22:00:00,0.0,0.133,25.72132306740081
2019-02-09 23:00:00,0.0,0.134,67.68403100432316
2019-02-10 00:00:00,0.0,0.12,38.11165847361995
2019-02-10 01:00:00,0.0,0.094,53.73606380582741
2019-02-10 02:00:00,0.0,0.098,38.65890907339606
2019-02-10 03:00:00,0.0,0.103,39.60581904652615
2019-02-10 04:00:00,0.0,0.114,36.16080926260298
2019-02-10 05:00:00,0.0,0.162,37.81050107598093
2019-02-10 06:00:00,0.0,0.259,50.65845273914911
2019-02-10 07:00:00,0.212,0.355,63.437899611727204
2019-02-10 08:00:00,0.433,0.388,24.365110101866208
2019-02-10 09:00:00,0.613,0.651,48.86005284442945
2019-02-10 10:00:00,0.718,0.777,37.18833405344675
2019-02-10 11:00:00,0.752,0.839,42.56574550545051
2019-02-10 12:00:00,0.745,0.913,54.50299534666932
2019-02-10 13:00:00,0.672,0.94,44.830019838076964
2019-02-10 14:00:00,0.54,0.938,37.832898194207345
2019-02-10 15:00:00,0.334,0.917,49.60973501899794
2019-02-10 16:00:00,0.086,0.881,28.525099995007228
2019-02-10 17:00:00,0.0,0.845,33.235026937295494
2019-02-10 18:00:00,0.0,0.817,38.559206009901445
2019-02-10 19:00:00,0.0,0.791,40.25162716209748
2019-02-10 20:00:00,0.0,0.792,32.23816854720539
2019-02-10 21:00:00,0.0,0.808,47.58323755346579
2019-02-10 22:00:00,0.0,0.803,19.77134379787462
2019-02-10 23:00:00,0.0,0.806,23.21875993163866
2019-02-11 00:00:00,0.0,0.815,55.15002987963249
2019-02-11 01:00:00,0.0,0.829,34.81928508121601
2019-02-11 02:00:00,0.0,0.834,34.51107931095598
2019-02-11 03:00:00,0.0,0.823,54.531212737453586
2019-02-11 04:00:00,0.0,0.78,35.73661385500884
2019-02-11 05:00:00,0.0,0.753,42.357689932551374
2019-02-11 06:00:00,0.0,0.728,46.413667785133796
2019-02-11 07:00:00,0.183,0.69,59.64444595736562
2019-02-11 08:00:00,0.449,0.62,40.23397103380203
2019-02-11 09:00:00,0.63,0.546,55.9051247977915
2019-02-11 10:00:00,0.735,0.442,37.78408777323487
2019-02-11 11:00:00,0.779,0.394,34.69994446201253
2019-02-11 12:00:00,0.764,0.362,32.16659048203306
2019-02-11 13:00:00,0.694,0.31,41.43682955819479
2019-02-11 14:00:00,0.564,0.245,51.97050300758393
2019-02-11 15:00:00,0.357,0.163,27.561721181417987
2019-02-11 16:00:00,0.089,0.092,17.44963859865043
2019-02-11 17:00:00,0.0,0.063,38.866605603239435
2019-02-11 18:00:00,0.0,0.059,41.4895231798309
2019-02-11 19:00:00,0.0,0.099,33.54412046831189
2019-02-11 20:00:00,0.0,0.167,28.638204522433053
2019-02-11 21:00:00,0.0,0.197,21.829408808966484
2019-02-11 22:00:00,0.0,0.192,23.720159160847967
2019-02-11 23:00:00,0.0,0.136,31.927143284476802
2019-02-12 00:00:00,0.0,0.084,41.48468816523507
2019-02-12 01:00:00,0.0,0.064,44.37426935433547
2019-02-12 02:00:00,0.0,0.075,54.026067414368214
2019-02-12 03:00:00,0.0,0.118,33.6124302199868
2019-02-12 04:00:00,0.0,0.162,64.79921205662367
2019-02-12 05:00:00,0.0,0.192,74.79411497969144
2019-02-12 06:00:00,0.0,0.202,45.2122158406423
2019-02-12 07:00:00,0.219,0.186,57.11805478652852
2019-02-12 08:00:00,0.459,0.111,45.45289157300153
2019-02-12 09:00:00,0.636,0.024,41.843748335543786
2019-02-12 10:00:00,0.741,0.003,44.39191303929675
2019-02-12 11:00:00,0.788,0.006,53.95514136112193
2019-02-12 12:00:00,0.779,0.011,51.94519047857533
2019-02-12 13:00:00,0.713,0.021,39.24183685265619
2019-02-12 14:00:00,0.587,0.05,30.699016658863897
2019-02-12 15:00:00,0.39,0.076,31.090121872221506
2019-02-12 16:00:00,0.125,0.123,29.260795075556917
2019-02-12 17:00:00,0.0,0.151,21.01388049068155
2019-02-12 18:00:00,0.0,0.144,65.30490735377488
2019-02-12 19:00:00,0.0,0.131,57.00212801984377
2019-02-12 20:00:00,0.0,0.12,43.595853692355305
2019-02-12 21:00:00,0.0,0.104,47.37169350201086
2019-02-12 22:00:00,0.0,0.08,29.919760798973893
2019-02-12 23:00:00,0.0,0.06,14.778776028787952
2019-02-13 00:00:00,0.0,0.047,48.40131918390405
2019-02-13 01:00:00,0.0,0.043,35.34902740083542
2019-02-13 02:00:00,0.0,0.043,69.65003438708564
2019-02-13 03:00:00,0.0,0.041,40.52458579681136
2019-02-13 04:00:00,0.0,0.034,47.79626916715899
2019-02-13 05:00:00,0.0,0.023,50.218876666349885
2019-02-13 06:00:00,0.0,0.016,41.49423254550452
2019-02-13 07:00:00,0.228,0.017,40.62967885157275
2019-02-13 08:00:00,0.46,0.02,65.86079141329338
2019-02-13 09:00:00,0.629,0.024,53.67541538047136
2019-02-13 10:00:00,0.734,0.074,42.11498242595695
2019-02-13 11:00:00,0.782,0.107,66.69464303013956
2019-02-13 12:00:00,0.775,0.13,45.57731038266796
2019-02-13 13:00:00,0.712,0.148,13.103640510140728
2019-02-13 14:00:00,0.588,0.168,38.86927483440095
2019-02-13 15:00:00,0.393,0.185,51.52251684936873
2019-02-13 16:00:00,0.128,0.211,20.736327914552437
2019-02-13 17:00:00,0.0,0.236,47.4546123688919
2019-02-13 18:00:00,0.0,0.214,38.53819865555682
2019-02-13 19:00:00,0.0,0.183,25.117919352344053
2019-02-13 20:00:00,0.0,0.16,16.931580117707725
2019-02-13 21:00:00,0.0,0.146,57.39330585929788
2019-02-13 22:00:00,0.0,0.127,51.30470285431918
2019-02-13 23:00:00,0.0,0.108,43.039377690539474
2019-02-14 00:00:00,0.0,0.089,21.980716443885278
2019-02-14 01:00:00,0.0,0.075,38.185947024873975
2019-02-14 02:00:00,0.0,0.056,41.27180838993892
2019-02-14 03:00:00,0.0,0.045,31.209135105226828
2019-02-14 04:00:00,0.0,0.047,56.90038269573867
2019-02-14 05:00:00,0.0,0.05,36.68242377707409
2019-02-14 06:00:00,0.0,0.056,47.17725734735249
2019-02-14 07:00:00,0.124,0.058,61.04122483551014
2019-02-14 08:00:00,0.34,0.059,60.02270661745991
2019-02-14 09:00:00,0.615,0.068,49.57388672034481
2019-02-14 10:00:00,0.742,0.09,46.40803948208325
2019-02-14 11:00:00,0.79,0.117,14.761656949172675
2019-02-14 12:00:00,0.782,0.139,28.39485513724141
2019-02-14 13:00:00,0.719,0.154,44.14356605721953
2019-02-14 14:00:00,0.595,0.156,48.59158218749313
2019-02-14 15:00:00,0.401,0.149,25.083369796633274
2019-02-14 16:00:00,0.137,0.145,36.532914088090074
2019-02-14 17:00:00,0.0,0.145,47.264517271262775
2019-02-14 18:00:00,0.0,0.111,42.34844158706594
2019-02-14 19:00:00,0.0,0.072,16.258208117095958
2019-02-14 20:00:00,0.0,0.042,29.743727858884597
2019-02-14 21:00:00,0.0,0.027,48.236806814994
2019-02-14 22:00:00,0.0,0.023,24.32935649208109
2019-02-14 23:00:00,0.0,0.017,40.56591516949814
2019-02-15 00:00:00,0.0,0.012,40.46870984906445
2019-02-15 01:00:00,0.0,0.01,55.34122474087842
2019-02-15 02:00:00,0.0,0.009,55.63385742380507
2019-02-15 03:00:00,0.0,0.008,37.33719366850171
2019-02-15 04:00:00,0.0,0.007,60.91967860006504
2019-02-15 05:00:00,0.0,0.009,60.36793637388447
2019-02-15 06:00:00,0.0,0.01,42.97706816706082
2019-02-15 07:00:00,0.216,0.01,54.18895759975126
2019-02-15 08:00:00,0.448,0.013,52.09787160166622
2019-02-15 09:00:00,0.625,0.027,35.31414306927147
2019-02-15 10:00:00,0.742,0.027,44.97819936578638
2019-02-15 11:00:00,0.789,0.031,34.78832010469516
2019-02-15 12:00:00,0.782,0.039,47.256434744036426
2019-02-15 13:00:00,0.719,0.051,27.246266390843022
2019-02-15 14:00:00,0.595,0.067,47.05078236421468
2019-02-15 15:00:00,0.402,0.079,43.20994670114881
2019-02-15 16:00:00,0.14,0.107,34.41462980672907
2019-02-15 17:00:00,0.0,0.109,38.53120527783889
2019-02-15 18:00:00,0.0,0.071,37.01502514260617
2019-02-15 19:00:00,0.0,0.031,53.03036952475098
2019-02-15 20:00:00,0.0,0.008,23.078299736508296
2019-02-15 21:00:00,0.0,0.004,6.38246984005886
2019-02-15 22:00:00,0.0,0.009,39.17470130096944
2019-02-15 23:00:00,0.0,0.016,20.226609469562668
2019-02-16 00:00:00,0.0,0.019,62.052364906383865
2019-02-16 01:00:00,0.0,0.021,25.872530137078954
2019-02-16 02:00:00,0.0,0.024,49.469729363728966
2019-02-16 03:00:00,0.0,0.035,39.98321514333455
2019-02-16 04:00:00,0.0,0.05,52.99568543292796
2019-02-16 05:00:00,0.0,0.063,39.87445775267809
2019-02-16 06:00:00,0.0,0.07,41.80937807349377
2019-02-16 07:00:00,0.26,0.073,29.934209078744452
2019-02-16 08:00:00,0.493,0.057,44.713566857598096
2019-02-16 09:00:00,0.662,0.035,35.97859708347299
2019-02-16 10:00:00,0.765,0.042,58.8050239876962
2019-02-16 11:00:00,0.812,0.056,26.994151297791312
2019-02-16 12:00:00,0.804,0.065,35.772357298783334
2019-02-16 13:00:00,0.74,0.078,32.51099158829225
2019-02-16 14:00:00,0.617,0.092,38.72686716102492
2019-02-16 15:00:00,0.423,0.104,29.709665318292217
2019-02-16 16:00:00,0.156,0.133,2.3917215563012846
2019-02-16 17:00:00,0.0,0.133,15.058735511719057
2019-02-16 18:00:00,0.0,0.096,27.221249471021142
2019-02-16 19:00:00,0.0,0.061,32.74871802792329
2019-02-16 20:00:00,0.0,0.04,30.409257120672603
2019-02-16 21:00:00,0.0,0.036,29.85222715147146
2019-02-16 22:00:00,0.0,0.046,47.477764908905385
2019-02-16 23:00:00,0.0,0.068,44.99464590077819
2019-02-17 00:00:00,0.0,0.09,47.05747026284411
2019-02-17 01:00:00,0.0,0.104,32.3553239664528
2019-02-17 02:00:00,0.0,0.102,50.42895302213196
2019-02-17 03:00:00,0.0,0.095,63.549287067041874
2019-02-17 04:00:00,0.0,0.086,49.95799718649343
2019-02-17 05:00:00,0.0,0.075,50.22360199348756
2019-02-17 06:00:00,0.0,0.07,48.81973324114764
2019-02-17 07:00:00,0.234,0.076,55.06126242898422
2019-02-17 08:00:00,0.468,0.067,39.173747757678136
2019-02-17 09:00:00,0.639,0.054,38.88834975020915
2019-02-17 10:00:00,0.745,0.055,31.907108187568443
2019-02-17 11:00:00,0.79,0.072,58.498107616920265
2019-02-17 12:00:00,0.781,0.105,48.09111620169031
2019-02-17 13:00:00,0.713,0.139,29.64155309448381
2019-02-17 14:00:00,0.574,0.164,16.719807698425832
2019-02-17 15:00:00,0.346,0.18,47.45664186712925
2019-02-17 16:00:00,0.093,0.203,34.08789592398258
2019-02-17 17:00:00,0.0,0.229,58.6537959608188
2019-02-17 18:00:00,0.0,0.208,12.186499821666793
2019-02-17 19:00:00,0.0,0.164,46.119188072878835
2019-02-17 20:00:00,0.0,0.111,36.48623794244092
2019-02-17 21:00:00,0.0,0.072,41.159319226019726
2019-02-17 22:00:00,0.0,0.056,35.27142990317401
2019-02-17 23:00:00,0.0,0.048,29.15057422090183
2019-02-18 00:00:00,0.0,0.046,42.55149349682434
2019-02-18 01:00:00,0.0,0.053,48.673918224139015
2019-02-18 02:00:00,0.0,0.057,71.46400085277213
2019-02-18 03:00:00,0.0,0.062,55.90858502333222
2019-02-18 04:00:00,0.0,0.069,52.744610344721245
2019-02-18 05:00:00,0.0,0.082,33.509769801540145
2019-02-18 06:00:00,0.0,0.091,50.45797492483325
2019-02-18 07:00:00,0.089,0.085,47.200622081356634
2019-02-18 08:00:00,0.271,0.074,59.71400454816268
2019-02-18 09:00:00,0.555,0.067,30.588883437703338
2019-02-18 10:00:00,0.71,0.071,39.27079446969536
2019-02-18 11:00:00,0.739,0.087,33.67835699648892
2019-02-18 12:00:00,0.679,0.11,45.810680076004374
2019-02-18 13:00:00,0.578,0.136,27.124138237883614
2019-02-18 14:00:00,0.469,0.167,18.40553689398757
2019-02-18 15:00:00,0.319,0.185,17.696222729115348
2019-02-18 16:00:00,0.121,0.2,24.842097956561435
2019-02-18 17:00:00,0.0,0.216,30.49019656407939
2019-02-18 18:00:00,0.0,0.193,22.864011357143404
2019-02-18 19:00:00,0.0,0.167,36.025818212962655
2019-02-18 20:00:00,0.0,0.133,44.870728060541396
2019-02-18 21:00:00,0.0,0.122,33.52287877212382
2019-02-18 22:00:00,0.0,0.118,31.667367683682546
2019-02-18 23:00:00,0.0,0.127,39.33288532297098
2019-02-19 00:00:00,0.0,0.141,23.449421289718707
2019-02-19 01:00:00,0.0,0.155,43.05094676445567
2019-02-19 02:00:00,0.0,0.162,43.614342379441915
2019-02-19 03:00:00,0.0,0.155,59.183786750682714
2019-02-19 04:00:00,0.0,0.144,39.38633037273324
2019-02-19 05:00:00,0.0,0.144,50.486218470378596
2019-02-19 06:00:00,0.0,0.147,48.22135031974467
2019-02-19 07:00:00,0.09,0.136,55.05773229732076
2019-02-19 08:00:00,0.309,0.123,53.988704368517396
2019-02-19 09:00:00,0.469,0.116,34.07891137343253
2019-02-19 10:00:00,0.561,0.114,54.957419076015206
2019-02-19 11:00:00,0.59,0.123,18.467202742373217
2019-02-19 12:00:00,0.658,0.137,54.130379523743954
2019-02-19 13:00:00,0.602,0.156,36.77521601288089
2019-02-19 14:00:00,0.466,0.174,58.51332544735389
2019-02-19 15:00:00,0.29,0.179,47.971064493394174
2019-02-19 16:00:00,0.087,0.203,29.779255071146487
2019-02-19 17:00:00,0.0,0.259,42.64001692178452
2019-02-19 18:00:00,0.0,0.266,49.2064930137175
2019-02-19 19:00:00,0.0,0.238,36.96793549517414
2019-02-19 20:00:00,0.0,0.2,43.08170946724649
2019-02-19 21:00:00,0.0,0.156,29.555390110921383
2019-02-19 22:00:00,0.0,0.112,43.77860821070094
2019-02-19 23:00:00,0.0,0.073,19.167062456262435
2019-02-20 00:00:00,0.0,0.045,52.15740981124186
2019-02-20 01:00:00,0.0,0.028,57.32178812285219
2019-02-20 02:00:00,0.0,0.017,39.238230620337745
2019-02-20 03:00:00,0.0,0.013,58.127717034378236
2019-02-20 04:00:00,0.0,0.015,58.38452855950405
2019-02-20 05:00:00,0.0,0.017,44.20975116222251
2019-02-20 06:00:00,0.0,0.019,31.73713134305816
2019-02-20 07:00:00,0.091,0.026,48.00047582900975
2019-02-20 08:00:00,0.267,0.036,61.40259686835466
2019-02-20 09:00:00,0.458,0.064,52.12343127695535
2019-02-20 10:00:00,0.582,0.069,41.2544813379744
2019-02-20 11:00:00,0.638,0.064,37.15766812224507
2019-02-20 12:00:00,0.64,0.049,40.303086138490954
2019-02-20 13:00:00,0.582,0.044,26.499961934450095
2019-02-20 14:00:00,0.462,0.046,45.27656724792278
2019-02-20 15:00:00,0.292,0.065,22.121869300966964
2019-02-20 16:00:00,0.103,0.108,15.230005172527182
2019-02-20 17:00:00,0.0,0.179,45.386203743391704
2019-02-20 18:00:00,0.0,0.191,36.315539262889516
2019-02-20 19:00:00,0.0,0.172,33.23204745543468
2019-02-20 20:00:00,0.0,0.138,38.39343265915993
2019-02-20 21:00:00,0.0,0.095,66.49146864578006
2019-02-20 22:00:00,0.0,0.058,53.40184216900869
2019-02-20 23:00:00,0.0,0.034,43.42033862906031
2019-02-21 00:00:00,0.0,0.024,52.642331953589355
2019-02-21 01:00:00,0.0,0.019,60.83080315517497
2019-02-21 02:00:00,0.0,0.018,47.42587554367269
2019-02-21 03:00:00,0.0,0.018,30.19942515899715
2019-02-21 04:00:00,0.0,0.017,37.30319960397425
2019-02-21 05:00:00,0.0,0.017,73.64815452056007
2019-02-21 06:00:00,0.0,0.015,62.875268301409
2019-02-21 07:00:00,0.128,0.011,41.20968934209681
2019-02-21 08:00:00,0.325,0.006,37.95724730000923
2019-02-21 09:00:00,0.551,0.005,52.21121305075257
2019-02-21 10:00:00,0.735,0.004,31.804893655206627
2019-02-21 11:00:00,0.783,0.001,28.120977320019772
2019-02-21 12:00:00,0.768,0.003,30.41589010024686
2019-02-21 13:00:00,0.705,0.01,34.7623018807098
2019-02-21 14:00:00,0.582,0.021,25.08680763423841
2019-02-21 15:00:00,0.393,0.053,34.800793617591935
2019-02-21 16:00:00,0.143,0.111,28.028723812648376
2019-02-21 17:00:00,0.0,0.181,22.31824800065374
2019-02-21 18:00:00,0.0,0.192,48.33132071260139
2019-02-21 19:00:00,0.0,0.179,33.997964535524254
2019-02-21 20:00:00,0.0,0.166,38.68777246304565
2019-02-21 21:00:00,0.0,0.148,38.69655113786773
2019-02-21 22:00:00,0.0,0.123,51.028617347895306
2019-02-21 23:00:00,0.0,0.112,36.050695207061935
2019-02-22 00:00:00,0.0,0.132,48.602727089206624
2019-02-22 01:00:00,0.0,0.173,45.85457430414604
2019-02-22 02:00:00,0.0,0.216,44.886460908830514
2019-02-22 03:00:00,0.0,0.247,45.61536632892221
2019-02-22 04:00:00,0.0,0.302,51.94619804799768
2019-02-22 05:00:00,0.0,0.398,36.02530403523794
2019-02-22 06:00:00,0.0,0.51,52.98839213610165
2019-02-22 07:00:00,0.228,0.538,57.98612291963298
2019-02-22 08:00:00,0.464,0.407,56.68106240600789
2019-02-22 09:00:00,0.634,0.358,47.48102946146366
2019-02-22 10:00:00,0.737,0.312,47.30248759067403
2019-02-22 11:00:00,0.783,0.233,34.715841506237325
2019-02-22 12:00:00,0.773,0.162,28.992090574895673
2019-02-22 13:00:00,0.71,0.133,32.205360990984744
2019-02-22 14:00:00,0.589,0.152,46.047701329053695
2019-02-22 15:00:00,0.403,0.204,19.385728704307752
2019-02-22 16:00:00,0.155,0.274,15.088486798136731
2019-02-22 17:00:00,0.0,0.316,32.869225780421864
2019-02-22 18:00:00,0.0,0.303,40.41731132173877
2019-02-22 19:00:00,0.0,0.28,40.56670198205021
2019-02-22 20:00:00,0.0,0.271,63.80261755854707
2019-02-22 21:00:00,0.0,0.321,50.739110809669505
2019-02-22 22:00:00,0.0,0.412,31.23065947477626
2019-02-22 23:00:00,0.0,0.465,60.11100707242618
2019-02-23 00:00:00,0.0,0.449,28.24587979092292
2019-02-23 01:00:00,0.0,0.399,49.375377051631645
2019-02-23 02:00:00,0.0,0.354,43.036977568891736
2019-02-23 03:00:00,0.0,0.311,35.624621629398284
2019-02-23 04:00:00,0.0,0.289,57.248626115159254
2019-02-23 05:00:00,0.0,0.274,51.61167868182174
2019-02-23 06:00:00,0.001,0.249,42.7167165195761
2019-02-23 07:00:00,0.226,0.201,43.21582669148398
2019-02-23 08:00:00,0.454,0.136,59.15797335017757
2019-02-23 09:00:00,0.62,0.107,51.65058858611577
2019-02-23 10:00:00,0.724,0.075,34.18517499489717
2019-02-23 11:00:00,0.77,0.058,49.25771392266676
2019-02-23 12:00:00,0.761,0.05,44.10634773466149
2019-02-23 13:00:00,0.698,0.054,33.50485122090611
2019-02-23 14:00:00,0.577,0.077,38.52488147188282
2019-02-23 15:00:00,0.392,0.133,28.02118337638956
2019-02-23 16:00:00,0.148,0.276,17.823462236075684
2019-02-23 17:00:00,0.0,0.383,26.183307204563295
2019-02-23 18:00:00,0.0,0.305,39.226896334857535
2019-02-23 19:00:00,0.0,0.178,34.40421561922854
2019-02-23 20:00:00,0.0,0.116,24.939183833066934
2019-02-23 21:00:00,0.0,0.104,45.47233761614566
2019-02-23 22:00:00,0.0,0.106,33.51624476063991
2019-02-23 23:00:00,0.0,0.109,44.31282613215252
2019-02-24 00:00:00,0.0,0.118,30.431641018780823
2019-02-24 01:00:00,0.0,0.146,57.28755434519431
2019-02-24 02:00:00,0.0,0.196,44.11624972072438
2019-02-24 03:00:00,0.0,0.248,33.39930922064575
2019-02-24 04:00:00,0.0,0.274,0.3207357129586228
2019-02-24 05:00:00,0.0,0.317,48.92433147521112
2019-02-24 06:00:00,0.0,0.343,43.32229987343126
2019-02-24 07:00:00,0.087,0.319,51.39793611919297
2019-02-24 08:00:00,0.287,0.283,55.71276568091447
2019-02-24 09:00:00,0.593,0.26,49.67470921472325
2019-02-24 10:00:00,0.718,0.253,51.16536199381271
2019-02-24 11:00:00,0.769,0.249,31.468125342227243
2019-02-24 12:00:00,0.765,0.203,32.684600549356176
2019-02-24 13:00:00,0.706,0.152,27.22793030818338
2019-02-24 14:00:00,0.587,0.131,26.91686531095645
2019-02-24 15:00:00,0.402,0.133,37.15601685117634
2019-02-24 16:00:00,0.157,0.155,39.885963084065594
2019-02-24 17:00:00,0.0,0.199,25.96000727736375
2019-02-24 18:00:00,0.0,0.177,21.750298085498
2019-02-24 19:00:00,0.0,0.13,58.189913109137905
2019-02-24 20:00:00,0.0,0.081,31.857071282907977
2019-02-24 21:00:00,0.0,0.049,34.9917041107019
2019-02-24 22:00:00,0.0,0.039,40.54443634789319
2019-02-24 23:00:00,0.0,0.038,46.9781064205128
2019-02-25 00:00:00,0.0,0.031,35.819314827271846
2019-02-25 01:00:00,0.0,0.021,41.74608885232019
2019-02-25 02:00:00,0.0,0.015,49.42282880630368
2019-02-25 03:00:00,0.0,0.009,42.86333845635531
2019-02-25 04:00:00,0.0,0.004,35.26580606286369
2019-02-25 05:00:00,0.0,0.006,57.461209483823595
2019-02-25 06:00:00,0.003,0.01,45.022502929843455
2019-02-25 07:00:00,0.225,0.011,52.31896270825107
2019-02-25 08:00:00,0.457,0.033,34.90400306252113
2019-02-25 09:00:00,0.638,0.065,42.647799651678966
2019-02-25 10:00:00,0.745,0.076,32.534001631519985
2019-02-25 11:00:00,0.792,0.09,35.77232373166705
2019-02-25 12:00:00,0.786,0.096,51.17597885885641
2019-02-25 13:00:00,0.723,0.101,37.593589436511415
2019-02-25 14:00:00,0.601,0.107,31.03747991203732
2019-02-25 15:00:00,0.415,0.116,40.5643314488507
2019-02-25 16:00:00,0.169,0.155,47.87714173281108
2019-02-25 17:00:00,0.0,0.192,36.40934892594349
2019-02-25 18:00:00,0.0,0.158,31.43090114293305
2019-02-25 19:00:00,0.0,0.105,35.68519393828453
2019-02-25 20:00:00,0.0,0.058,53.434089127015326
2019-02-25 21:00:00,0.0,0.036,21.175310861924576
2019-02-25 22:00:00,0.0,0.047,31.400402316607536
2019-02-25 23:00:00,0.0,0.079,45.45501530209095
2019-02-26 00:00:00,0.0,0.128,43.8940177446595
2019-02-26 01:00:00,0.0,0.188,50.106847340282386
2019-02-26 02:00:00,0.0,0.233,43.45194632659373
2019-02-26 03:00:00,0.0,0.249,47.84238310277947
2019-02-26 04:00:00,0.0,0.253,43.61975036740471
2019-02-26 05:00:00,0.0,0.264,53.820883927589435
2019-02-26 06:00:00,0.007,0.284,39.98055182145258
2019-02-26 07:00:00,0.251,0.284,49.79898210855955
2019-02-26 08:00:00,0.477,0.179,54.50053498558698
2019-02-26 09:00:00,0.638,0.101,47.609524779172155
2019-02-26 10:00:00,0.739,0.065,32.739188288716626
2019-02-26 11:00:00,0.784,0.069,41.71020387791827
2019-02-26 12:00:00,0.776,0.088,38.58168746054413
2019-02-26 13:00:00,0.715,0.093,37.89683899885246
2019-02-26 14:00:00,0.598,0.077,36.991656553654074
2019-02-26 15:00:00,0.416,0.066,44.99435260173037
2019-02-26 16:00:00,0.152,0.095,8.584378506658478
2019-02-26 17:00:00,0.0,0.11,21.804954124592676
2019-02-26 18:00:00,0.0,0.073,17.22466377819804
2019-02-26 19:00:00,0.0,0.036,32.31611514293702
2019-02-26 20:00:00,0.0,0.022,18.038149209730758
2019-02-26 21:00:00,0.0,0.019,27.76689705436726
2019-02-26 22:00:00,0.0,0.027,37.79296066718936
2019-02-26 23:00:00,0.0,0.043,45.0501625002602
2019-02-27 00:00:00,0.0,0.065,44.66321866335954
2019-02-27 01:00:00,0.0,0.096,19.428579446205095
2019-02-27 02:00:00,0.0,0.147,62.431408801954035
2019-02-27 03:00:00,0.0,0.205,46.72358748152976
2019-02-27 04:00:00,0.0,0.279,37.964779319136426
2019-02-27 05:00:00,0.0,0.353,55.50517043573932
2019-02-27 06:00:00,0.01,0.381,51.45247136156996
2019-02-27 07:00:00,0.264,0.319,53.1431909776632
2019-02-27 08:00:00,0.492,0.167,48.15564204743275
2019-02-27 09:00:00,0.654,0.102,52.55296388048478
2019-02-27 10:00:00,0.752,0.076,29.428503337037576
2019-02-27 11:00:00,0.795,0.073,57.6029191993633
2019-02-27 12:00:00,0.786,0.095,22.356772685009183
2019-02-27 13:00:00,0.726,0.124,38.27569053124589
2019-02-27 14:00:00,0.609,0.148,44.507065652834484
2019-02-27 15:00:00,0.431,0.175,23.764737265408744
2019-02-27 16:00:00,0.192,0.209,35.3678770134194
2019-02-27 17:00:00,0.0,0.265,58.42541988831215
2019-02-27 18:00:00,0.0,0.285,25.684268959450275
2019-02-27 19:00:00,0.0,0.25,30.265362832141488
2019-02-27 20:00:00,0.0,0.178,21.945679366320135
2019-02-27 21:00:00,0.0,0.119,34.18568580624425
2019-02-27 22:00:00,0.0,0.092,-12.180305291006789
2019-02-27 23:00:00,0.0,0.095,51.42217304323867
2019-02-28 00:00:00,0.0,0.136,61.65512715951534
2019-02-28 01:00:00,0.0,0.193,43.7602915032215
2019-02-28 02:00:00,0.0,0.252,45.76859458697899
2019-02-28 03:00:00,0.0,0.325,72.6043039450223
2019-02-28 04:00:00,0.0,0.407,74.0750180578478
2019-02-28 05:00:00,0.0,0.501,54.35533645253223
2019-02-28 06:00:00,0.009,0.559,65.76771166940642
2019-02-28 07:00:00,0.241,0.547,71.85617371179582
2019-02-28 08:00:00,0.463,0.413,37.38289529336194
2019-02-28 09:00:00,0.621,0.248,38.62594207577669
2019-02-28 10:00:00,0.719,0.152,30.076213926634548
2019-02-28 11:00:00,0.771,0.117,38.95046365646531
2019-02-28 12:00:00,0.772,0.111,45.97250360018643
2019-02-28 13:00:00,0.708,0.116,49.32720222214096
2019-02-28 14:00:00,0.587,0.133,32.437575421718705
2019-02-28 15:00:00,0.407,0.142,12.207298634792892
2019-02-28 16:00:00,0.173,0.154,43.95807845315249
2019-02-28 17:00:00,0.0,0.208,37.41638558177655
2019-02-28 18:00:00,0.0,0.272,36.46447573443237
2019-02-28 19:00:00,0.0,0.272,27.74103814122599
2019-02-28 20:00:00,0.0,0.232,15.6597643081117
2019-02-28 21:00:00,0.0,0.192,14.331385602691608
2019-02-28 22:00:00,0.0,0.177,31.37994520713992
2019-02-28 23:00:00,0.0,0.21,24.019757639830814
2019-03-01 00:00:00,0.0,0.286,37.66372563003377
2019-03-01 01:00:00,0.0,0.394,23.782250697149557
2019-03-01 02:00:00,0.0,0.464,42.43365641505829
2019-03-01 03:00:00,0.0,0.476,50.08928353443347
2019-03-01 04:00:00,0.0,0.45,50.375872156787764
2019-03-01 05:00:00,0.0,0.438,42.54759007218852
2019-03-01 06:00:00,0.009,0.411,58.15031753445486
2019-03-01 07:00:00,0.235,0.349,59.32033344744957
2019-03-01 08:00:00,0.467,0.21,32.52733337444774
2019-03-01 09:00:00,0.638,0.114,45.71933342473552
2019-03-01 10:00:00,0.744,0.086,57.088678841439204
2019-03-01 11:00:00,0.794,0.108,41.50980949268592
2019-03-01 12:00:00,0.79,0.144,26.36748806561123
2019-03-01 13:00:00,0.733,0.162,40.57144561581988
2019-03-01 14:00:00,0.618,0.164,58.295128499199244
2019-03-01 15:00:00,0.438,0.153,16.830948705417153
2019-03-01 16:00:00,0.2,0.156,51.27789887233674
2019-03-01 17:00:00,0.002,0.174,28.96980699541013
2019-03-01 18:00:00,0.0,0.194,27.7317408732399
2019-03-01 19:00:00,0.0,0.168,32.05183222754332
2019-03-01 20:00:00,0.0,0.099,39.0290539374388
2019-03-01 21:00:00,0.0,0.04,37.301312940053364
2019-03-01 22:00:00,0.0,0.025,46.79421367611118
2019-03-01 23:00:00,0.0,0.044,45.450367615020355
2019-03-02 00:00:00,0.0,0.07,42.03020881955482
2019-03-02 01:00:00,0.0,0.095,55.466970584144164
2019-03-02 02:00:00,0.0,0.119,15.082694780957759
2019-03-02 03:00:00,0.0,0.131,44.00487321928512
2019-03-02 04:00:00,0.0,0.115,39.004424992310604
2019-03-02 05:00:00,0.0,0.069,43.92088057548814
2019-03-02 06:00:00,0.004,0.044,42.36889415986843
2019-03-02 07:00:00,0.195,0.041,60.55891436294079
2019-03-02 08:00:00,0.461,0.027,53.90224591756815
2019-03-02 09:00:00,0.644,0.041,46.12907935805886
2019-03-02 10:00:00,0.75,0.069,47.87712286864325
2019-03-02 11:00:00,0.797,0.101,35.17075855675722
2019-03-02 12:00:00,0.788,0.16,40.0427501838154
2019-03-02 13:00:00,0.726,0.233,31.1011567905632
2019-03-02 14:00:00,0.608,0.32,32.353480957578014
2019-03-02 15:00:00,0.431,0.426,35.11982910815597
2019-03-02 16:00:00,0.195,0.482,50.67501684075863
2019-03-02 17:00:00,0.002,0.479,10.851568665038798
2019-03-02 18:00:00,0.0,0.513,19.36343609706493
2019-03-02 19:00:00,0.0,0.516,23.38175053494642
2019-03-02 20:00:00,0.0,0.476,27.480552673891644
2019-03-02 21:00:00,0.0,0.429,48.5077756908487
2019-03-02 22:00:00,0.0,0.355,46.428329250442275
2019-03-02 23:00:00,0.0,0.254,30.613658348719476
2019-03-03 00:00:00,0.0,0.171,35.530029314835474
2019-03-03 01:00:00,0.0,0.117,32.440886772751085
2019-03-03 02:00:00,0.0,0.107,45.01687928415496
2019-03-03 03:00:00,0.0,0.145,35.999399108958016
2019-03-03 04:00:00,0.0,0.191,64.90535577809882
2019-03-03 05:00:00,0.0,0.191,45.19753265729902
2019-03-03 06:00:00,0.016,0.157,64.7454229045865
2019-03-03 07:00:00,0.262,0.114,41.90240935532274
2019-03-03 08:00:00,0.482,0.058,43.98074518010152
2019-03-03 09:00:00,0.643,0.031,34.37664658895631
2019-03-03 10:00:00,0.746,0.055,12.277375791916697
2019-03-03 11:00:00,0.789,0.109,43.86980699203751
2019-03-03 12:00:00,0.779,0.161,50.167289683300446
2019-03-03 13:00:00,0.722,0.193,66.25704674616557
2019-03-03 14:00:00,0.611,0.206,42.52707343720658
2019-03-03 15:00:00,0.436,0.202,11.194624451387238
2019-03-03 16:00:00,0.193,0.193,33.265166258781626
2019-03-03 17:00:00,0.0,0.201,20.73464470010066
2019-03-03 18:00:00,0.0,0.206,38.4664277868677
2019-03-03 19:00:00,0.0,0.139,32.36324779235385
2019-03-03 20:00:00,0.0,0.062,50.34296201222927
2019-03-03 21:00:00,0.0,0.042,43.29413020972161
2019-03-03 22:00:00,0.0,0.063,25.13963789379013
2019-03-03 23:00:00,0.0,0.097,41.68531779432289
2019-03-04 00:00:00,0.0,0.171,35.31042649704653
2019-03-04 01:00:00,0.0,0.309,44.83758242985474
2019-03-04 02:00:00,0.0,0.414,15.248183928797573
2019-03-04 03:00:00,0.0,0.409,69.79556359958377
2019-03-04 04:00:00,0.0,0.374,57.62519736988928
2019-03-04 05:00:00,0.0,0.362,74.15415964186369
2019-03-04 06:00:00,0.007,0.382,45.95930505086085
2019-03-04 07:00:00,0.159,0.384,45.048240691048626
2019-03-04 08:00:00,0.478,0.59,45.63130394257317
2019-03-04 09:00:00,0.637,0.821,60.63531970147677
2019-03-04 10:00:00,0.736,0.862,39.937422233328796
2019-03-04 11:00:00,0.753,0.872,36.947333769265036
2019-03-04 12:00:00,0.665,0.859,34.91508700245495
2019-03-04 13:00:00,0.468,0.788,43.03003100467313
2019-03-04 14:00:00,0.566,0.666,54.056260695681814
2019-03-04 15:00:00,0.394,0.454,36.22403095484664
2019-03-04 16:00:00,0.169,0.2,35.81188482137581
2019-03-04 17:00:00,0.0,0.064,39.60520044052079
2019-03-04 18:00:00,0.0,0.018,18.42231375983024
2019-03-04 19:00:00,0.0,0.031,35.83747564202467
2019-03-04 20:00:00,0.0,0.064,32.41799497906085
2019-03-04 21:00:00,0.0,0.227,47.42126159573214
2019-03-04 22:00:00,0.0,0.44,20.99559822995647
2019-03-04 23:00:00,0.0,0.532,44.164624723267295
2019-03-05 00:00:00,0.0,0.516,27.67788247408444
2019-03-05 01:00:00,0.0,0.484,46.46379507960578
2019-03-05 02:00:00,0.0,0.411,36.63689211646152
2019-03-05 03:00:00,0.0,0.343,43.622954176522306
2019-03-05 04:00:00,0.0,0.278,39.816327425733746
2019-03-05 05:00:00,0.0,0.223,62.51558249327344
2019-03-05 06:00:00,0.0,0.164,54.113043656648415
2019-03-05 07:00:00,0.034,0.122,40.626945308946105
2019-03-05 08:00:00,0.12,0.124,53.02147079417396
2019-03-05 09:00:00,0.243,0.114,66.45512080632817
2019-03-05 10:00:00,0.416,0.093,47.33948641046399
2019-03-05 11:00:00,0.578,0.084,39.97110320996538
2019-03-05 12:00:00,0.685,0.092,37.53353720764384
2019-03-05 13:00:00,0.679,0.115,18.78826743056448
2019-03-05 14:00:00,0.592,0.145,48.5758012344882
2019-03-05 15:00:00,0.417,0.163,38.161726814695086
2019-03-05 16:00:00,0.176,0.182,18.921433470351246
2019-03-05 17:00:00,0.004,0.218,35.114272369784715
2019-03-05 18:00:00,0.0,0.214,51.90679963529346
2019-03-05 19:00:00,0.0,0.168,34.03713653288256
2019-03-05 20:00:00,0.0,0.123,49.33136448330225
2019-03-05 21:00:00,0.0,0.102,41.866317121973935
2019-03-05 22:00:00,0.0,0.087,26.34943177561714
2019-03-05 23:00:00,0.0,0.083,30.901702490302263
2019-03-06 00:00:00,0.0,0.087,47.64623250164234
2019-03-06 01:00:00,0.0,0.086,49.95362439152401
2019-03-06 02:00:00,0.0,0.082,52.20102897338998
2019-03-06 03:00:00,0.0,0.083,47.58330539072342
2019-03-06 04:00:00,0.0,0.102,39.520421687416814
2019-03-06 05:00:00,0.0,0.146,34.495246021449866
2019-03-06 06:00:00,0.005,0.191,36.67767489377596
2019-03-06 07:00:00,0.105,0.251,57.72284425625349
2019-03-06 08:00:00,0.168,0.368,39.65800475458359
2019-03-06 09:00:00,0.141,0.461,57.00823210420528
2019-03-06 10:00:00,0.169,0.56,31.653335862898032
2019-03-06 11:00:00,0.263,0.625,47.24190995524127
2019-03-06 12:00:00,0.287,0.646,27.95144872631692
2019-03-06 13:00:00,0.32,0.659,35.8876441917667
2019-03-06 14:00:00,0.243,0.635,46.78980459264835
2019-03-06 15:00:00,0.206,0.605,33.01403782702778
2019-03-06 16:00:00,0.097,0.56,35.98173104627727
2019-03-06 17:00:00,0.0,0.484,61.63342791436969
2019-03-06 18:00:00,0.0,0.51,26.363996642663206
2019-03-06 19:00:00,0.0,0.601,6.203066925615154
2019-03-06 20:00:00,0.0,0.751,37.70551209583112
2019-03-06 21:00:00,0.0,0.838,21.79625842886302
2019-03-06 22:00:00,0.0,0.831,4.634227596244049
2019-03-06 23:00:00,0.0,0.793,33.616999692445376
2019-03-07 00:00:00,0.0,0.839,47.940166648826796
2019-03-07 01:00:00,0.0,0.858,32.58191365374674
2019-03-07 02:00:00,0.0,0.849,39.246262970531106
2019-03-07 03:00:00,0.0,0.812,33.48051514007686
2019-03-07 04:00:00,0.0,0.788,42.97323000109438
2019-03-07 05:00:00,0.0,0.787,34.02038223586253
2019-03-07 06:00:00,0.029,0.772,46.001241502255525
2019-03-07 07:00:00,0.285,0.703,36.84501664178956
2019-03-07 08:00:00,0.508,0.788,29.768273085033172
2019-03-07 09:00:00,0.631,0.733,46.44926130408776
2019-03-07 10:00:00,0.683,0.634,49.186456714117966
2019-03-07 11:00:00,0.696,0.531,41.09120849118592
2019-03-07 12:00:00,0.73,0.448,39.51972546011603
2019-03-07 13:00:00,0.735,0.369,43.325618205861495
2019-03-07 14:00:00,0.646,0.302,45.635394668064826
2019-03-07 15:00:00,0.467,0.253,54.929398998819345
2019-03-07 16:00:00,0.227,0.236,7.078637198869799
2019-03-07 17:00:00,0.012,0.261,24.073397790796708
2019-03-07 18:00:00,0.0,0.282,27.154709326899567
2019-03-07 19:00:00,0.0,0.305,22.973443766144896
2019-03-07 20:00:00,0.0,0.294,40.385869533190785
2019-03-07 21:00:00,0.0,0.239,22.39936946638411
2019-03-07 22:00:00,0.0,0.175,58.00785976606712
2019-03-07 23:00:00,0.0,0.108,8.835781895404313
2019-03-08 00:00:00,0.0,0.055,44.75947596494291
2019-03-08 01:00:00,0.0,0.037,35.86811990408031
2019-03-08 02:00:00,0.0,0.058,76.08473977856956
2019-03-08 03:00:00,0.0,0.085,42.9053213584601
2019-03-08 04:00:00,0.0,0.097,54.7169834775525
2019-03-08 05:00:00,0.0,0.101,60.15888279595791
2019-03-08 06:00:00,0.029,0.104,37.68924371315802
2019-03-08 07:00:00,0.263,0.106,46.932006368844945
2019-03-08 08:00:00,0.477,0.129,67.37131921102485
2019-03-08 09:00:00,0.639,0.17,68.30672439958474
2019-03-08 10:00:00,0.749,0.179,42.775945287621475
2019-03-08 11:00:00,0.792,0.181,65.26538969524334
2019-03-08 12:00:00,0.753,0.148,27.777287048854305
2019-03-08 13:00:00,0.659,0.131,28.316510296133416
2019-03-08 14:00:00,0.516,0.133,19.862681322906464
2019-03-08 15:00:00,0.342,0.145,35.21175757778895
2019-03-08 16:00:00,0.165,0.154,27.914186208426777
2019-03-08 17:00:00,0.008,0.168,46.347485374210464
2019-03-08 18:00:00,0.0,0.184,28.00735014220403
2019-03-08 19:00:00,0.0,0.177,35.935272047038616
2019-03-08 20:00:00,0.0,0.147,31.58369703643309
2019-03-08 21:00:00,0.0,0.115,22.233385115129224
2019-03-08 22:00:00,0.0,0.1,39.16382347162874
2019-03-08 23:00:00,0.0,0.103,52.222855578020116
2019-03-09 00:00:00,0.0,0.128,18.34638527945951
2019-03-09 01:00:00,0.0,0.167,50.255942819878264
2019-03-09 02:00:00,0.0,0.212,36.49347037031308
2019-03-09 03:00:00,0.0,0.284,29.77272551530011
2019-03-09 04:00:00,0.0,0.367,40.851590731458565
2019-03-09 05:00:00,0.0,0.42,52.69820580541059
2019-03-09 06:00:00,0.036,0.412,41.88181104939001
2019-03-09 07:00:00,0.289,0.277,29.113407715818482
2019-03-09 08:00:00,0.51,0.212,45.992416205893974
2019-03-09 09:00:00,0.665,0.274,45.344187370203954
2019-03-09 10:00:00,0.761,0.289,50.34325156253945
2019-03-09 11:00:00,0.804,0.281,44.91784746227795
2019-03-09 12:00:00,0.793,0.259,51.28613709242345
2019-03-09 13:00:00,0.732,0.227,27.136081031385313
2019-03-09 14:00:00,0.616,0.21,34.04705812799522
2019-03-09 15:00:00,0.443,0.202,57.09507474486257
2019-03-09 16:00:00,0.215,0.22,35.150405729806806
2019-03-09 17:00:00,0.014,0.313,41.132748729527506
2019-03-09 18:00:00,0.0,0.382,45.89409810721958
2019-03-09 19:00:00,0.0,0.358,36.949790912489384
2019-03-09 20:00:00,0.0,0.29,48.86588869389318
2019-03-09 21:00:00,0.0,0.233,28.604793601563017
2019-03-09 22:00:00,0.0,0.194,30.93561648181684
2019-03-09 23:00:00,0.0,0.167,39.96353403424091
2019-03-10 00:00:00,0.0,0.154,37.1416581459393
2019-03-10 01:00:00,0.0,0.156,59.083620252906584
2019-03-10 02:00:00,0.0,0.168,31.137173466630664
2019-03-10 03:00:00,0.0,0.182,41.514376271853784
2019-03-10 04:00:00,0.0,0.209,50.23241509579894
2019-03-10 05:00:00,0.0,0.255,18.985488932179774
2019-03-10 06:00:00,0.035,0.307,58.115218693963826
2019-03-10 07:00:00,0.277,0.263,47.74310618180443
2019-03-10 08:00:00,0.496,0.248,52.52345439687838
2019-03-10 09:00:00,0.653,0.281,37.84650868787337
2019-03-10 10:00:00,0.749,0.297,51.82518236703626
2019-03-10 11:00:00,0.791,0.254,44.445099886637145
2019-03-10 12:00:00,0.784,0.227,57.7803297915206
2019-03-10 13:00:00,0.724,0.241,46.45197711266097
2019-03-10 14:00:00,0.61,0.279,34.30368758977879
2019-03-10 15:00:00,0.438,0.322,44.35745296175365
2019-03-10 16:00:00,0.212,0.35,31.084911492804636
2019-03-10 17:00:00,0.014,0.409,26.372269043271615
2019-03-10 18:00:00,0.0,0.474,17.047353809586347
2019-03-10 19:00:00,0.0,0.492,24.359992888678157
2019-03-10 20:00:00,0.0,0.417,11.828407154286396
2019-03-10 21:00:00,0.0,0.311,60.600881418846704
2019-03-10 22:00:00,0.0,0.29,64.8695673272143
2019-03-10 23:00:00,0.0,0.335,33.99004670982602
2019-03-11 00:00:00,0.0,0.348,58.25690019132498
2019-03-11 01:00:00,0.0,0.391,34.940017704290426
2019-03-11 02:00:00,0.0,0.409,36.765827061446586
2019-03-11 03:00:00,0.0,0.38,39.636972355335196
2019-03-11 04:00:00,0.0,0.308,49.682905289574485
2019-03-11 05:00:00,0.0,0.214,40.78189491737988
2019-03-11 06:00:00,0.007,0.128,54.15495190567221
2019-03-11 07:00:00,0.151,0.062,61.28385314158224
2019-03-11 08:00:00,0.271,0.017,37.710573562977636
2019-03-11 09:00:00,0.366,0.021,49.221162873055846
2019-03-11 10:00:00,0.433,0.062,43.23055858452643
2019-03-11 11:00:00,0.478,0.108,38.8625654097408
2019-03-11 12:00:00,0.62,0.159,47.959865989341694
2019-03-11 13:00:00,0.744,0.196,30.662471232435454
2019-03-11 14:00:00,0.633,0.189,29.095739607951877
2019-03-11 15:00:00,0.46,0.249,41.37115937845357
2019-03-11 16:00:00,0.227,0.352,39.13695330433659
2019-03-11 17:00:00,0.019,0.447,37.92544268081946
2019-03-11 18:00:00,0.0,0.442,37.81426481790399
2019-03-11 19:00:00,0.0,0.355,26.805708212650664
2019-03-11 20:00:00,0.0,0.209,25.06145740651954
2019-03-11 21:00:00,0.0,0.122,35.95403466373953
2019-03-11 22:00:00,0.0,0.085,17.255159949316585
2019-03-11 23:00:00,0.0,0.055,13.306072069315135
2019-03-12 00:00:00,0.0,0.029,37.919041093559706
2019-03-12 01:00:00,0.0,0.028,26.026465117135096
2019-03-12 02:00:00,0.0,0.058,43.11469744306993
2019-03-12 03:00:00,0.0,0.065,51.67396683604253
2019-03-12 04:00:00,0.0,0.047,18.05569649164033
2019-03-12 05:00:00,0.0,0.031,42.955319866588
2019-03-12 06:00:00,0.033,0.023,38.11882875041455
2019-03-12 07:00:00,0.262,0.016,29.254316121101482
2019-03-12 08:00:00,0.501,0.017,49.62945282128797
2019-03-12 09:00:00,0.662,0.1,55.802294840397536
2019-03-12 10:00:00,0.724,0.194,30.10291358272334
2019-03-12 11:00:00,0.605,0.289,29.803772926539892
2019-03-12 12:00:00,0.54,0.334,34.282190232964865
2019-03-12 13:00:00,0.583,0.337,34.86179207821675
2019-03-12 14:00:00,0.556,0.332,48.346664957706906
2019-03-12 15:00:00,0.292,0.332,32.327760993831866
2019-03-12 16:00:00,0.093,0.332,43.09469224216886
2019-03-12 17:00:00,0.005,0.325,58.17639565003847
2019-03-12 18:00:00,0.0,0.319,27.967305681003022
2019-03-12 19:00:00,0.0,0.311,18.875785779107954
2019-03-12 20:00:00,0.0,0.265,27.152352425504112
2019-03-12 21:00:00,0.0,0.179,30.79584098088417
2019-03-12 22:00:00,0.0,0.097,42.816887082650446
2019-03-12 23:00:00,0.0,0.044,45.69744152401464
2019-03-13 00:00:00,0.0,0.02,40.41075048134494
2019-03-13 01:00:00,0.0,0.104,43.12384376306963
2019-03-13 02:00:00,0.0,0.343,31.692675331379853
2019-03-13 03:00:00,0.0,0.554,55.649202373269105
2019-03-13 04:00:00,0.0,0.617,39.9875961526046
2019-03-13 05:00:00,0.0,0.608,53.450269648966525
2019-03-13 06:00:00,0.025,0.569,36.62530729966614
2019-03-13 07:00:00,0.273,0.484,41.47347545037338
2019-03-13 08:00:00,0.47,0.343,41.80013297707701
2019-03-13 09:00:00,0.666,0.211,31.79104664754833
2019-03-13 10:00:00,0.768,0.17,30.61233129524431
2019-03-13 11:00:00,0.823,0.175,33.98289636447385
2019-03-13 12:00:00,0.815,0.233,25.18904310225384
2019-03-13 13:00:00,0.756,0.35,37.384167629935824
2019-03-13 14:00:00,0.633,0.516,38.67571183406044
2019-03-13 15:00:00,0.454,0.684,36.28806958880126
2019-03-13 16:00:00,0.231,0.827,26.260028687107006
2019-03-13 17:00:00,0.024,0.905,30.53652100899705
2019-03-13 18:00:00,0.0,0.927,32.688838336388415
2019-03-13 19:00:00,0.0,0.949,29.41207877836802
2019-03-13 20:00:00,0.0,0.927,18.818344011750177
2019-03-13 21:00:00,0.0,0.899,36.04340219310792
2019-03-13 22:00:00,0.0,0.856,44.83018648072459
2019-03-13 23:00:00,0.0,0.821,24.521335181210517
2019-03-14 00:00:00,0.0,0.798,56.61623045480288
2019-03-14 01:00:00,0.0,0.782,43.60929337032711
2019-03-14 02:00:00,0.0,0.777,37.06921323706342
2019-03-14 03:00:00,0.0,0.771,42.57466643101934
2019-03-14 04:00:00,0.0,0.773,48.84141008629249
2019-03-14 05:00:00,0.0,0.768,42.71150261108141
2019-03-14 06:00:00,0.041,0.763,51.315216211958514
2019-03-14 07:00:00,0.3,0.752,25.222916575995377
2019-03-14 08:00:00,0.522,0.709,45.27672108125369
2019-03-14 09:00:00,0.679,0.628,52.23871780940224
2019-03-14 10:00:00,0.778,0.545,25.434829541577443
2019-03-14 11:00:00,0.824,0.528,45.330497695719764
2019-03-14 12:00:00,0.818,0.586,22.57255224801542
2019-03-14 13:00:00,0.756,0.672,20.69354539457335
2019-03-14 14:00:00,0.63,0.752,13.818830121003671
2019-03-14 15:00:00,0.473,0.814,20.08553502138264
2019-03-14 16:00:00,0.251,0.852,9.059166442094245
2019-03-14 17:00:00,0.03,0.86,20.794277137421766
2019-03-14 18:00:00,0.0,0.866,11.846005221245765
2019-03-14 19:00:00,0.0,0.856,45.21655514661081
2019-03-14 20:00:00,0.0,0.845,37.20140218647903
2019-03-14 21:00:00,0.0,0.813,59.334996787112274
2019-03-14 22:00:00,0.0,0.791,27.47403021439332
2019-03-14 23:00:00,0.0,0.815,50.401440605331246
2019-03-15 00:00:00,0.0,0.812,39.645086796146124
2019-03-15 01:00:00,0.0,0.812,30.429688150211604
2019-03-15 02:00:00,0.0,0.804,30.782405486276534
2019-03-15 03:00:00,0.0,0.812,34.293848747662445
2019-03-15 04:00:00,0.0,0.825,41.102664462940375
2019-03-15 05:00:00,0.0,0.841,69.13140165506297
2019-03-15 06:00:00,0.055,0.845,43.478473609230946
2019-03-15 07:00:00,0.3,0.86,35.13094781991386
2019-03-15 08:00:00,0.52,0.871,34.67286685382873
2019-03-15 09:00:00,0.677,0.845,52.339460422741055
2019-03-15 10:00:00,0.775,0.808,34.27798973612086
2019-03-15 11:00:00,0.818,0.751,42.61700910531631
2019-03-15 12:00:00,0.811,0.687,51.56453484188882
2019-03-15 13:00:00,0.752,0.633,35.154219453508745
2019-03-15 14:00:00,0.642,0.601,55.153900412035625
2019-03-15 15:00:00,0.475,0.604,18.515812066342193
2019-03-15 16:00:00,0.254,0.603,38.58331050753237
2019-03-15 17:00:00,0.034,0.585,30.557630074712673
2019-03-15 18:00:00,0.0,0.442,39.81854764274971
2019-03-15 19:00:00,0.0,0.235,22.562445142875717
2019-03-15 20:00:00,0.0,0.112,41.701812024094274
2019-03-15 21:00:00,0.0,0.056,37.39317017025917
2019-03-15 22:00:00,0.0,0.044,33.57801405670816
2019-03-15 23:00:00,0.0,0.054,49.62809854004018
2019-03-16 00:00:00,0.0,0.069,26.31748863846627
2019-03-16 01:00:00,0.0,0.101,31.386650841599007
2019-03-16 02:00:00,0.0,0.139,36.12327159528179
2019-03-16 03:00:00,0.0,0.195,70.50496857080734
2019-03-16 04:00:00,0.0,0.264,39.69739266021762
2019-03-16 05:00:00,0.0,0.3,56.02920349175221
2019-03-16 06:00:00,0.049,0.278,39.62939491973587
2019-03-16 07:00:00,0.301,0.199,46.29934964690101
2019-03-16 08:00:00,0.531,0.131,35.72293464390953
2019-03-16 09:00:00,0.691,0.068,56.96654030922283
2019-03-16 10:00:00,0.789,0.038,52.21366965003425
2019-03-16 11:00:00,0.831,0.079,37.11072843606567
2019-03-16 12:00:00,0.821,0.167,31.48151582807308
2019-03-16 13:00:00,0.761,0.227,54.30176370113587
2019-03-16 14:00:00,0.647,0.245,16.363708294384455
2019-03-16 15:00:00,0.475,0.233,29.709643558431605
2019-03-16 16:00:00,0.25,0.233,22.07293755864434
2019-03-16 17:00:00,0.032,0.284,31.766680134007817
2019-03-16 18:00:00,0.0,0.325,26.155735087849198
2019-03-16 19:00:00,0.0,0.312,17.381791407405743
2019-03-16 20:00:00,0.0,0.27,31.743772033050213
2019-03-16 21:00:00,0.0,0.234,51.755400645044205
2019-03-16 22:00:00,0.0,0.208,23.81901013315887
2019-03-16 23:00:00,0.0,0.183,38.955729849565735
2019-03-17 00:00:00,0.0,0.152,45.34082323984331
2019-03-17 01:00:00,0.0,0.124,18.44862413235344
2019-03-17 02:00:00,0.0,0.085,31.803872916471892
2019-03-17 03:00:00,0.0,0.057,55.92912270465471
2019-03-17 04:00:00,0.0,0.062,41.90117325344624
2019-03-17 05:00:00,0.0,0.119,46.04876347392878
2019-03-17 06:00:00,0.062,0.22,43.29186581829176
2019-03-17 07:00:00,0.299,0.253,33.16020056060778
2019-03-17 08:00:00,0.512,0.305,67.39896712608258
2019-03-17 09:00:00,0.667,0.457,38.98337842718351
2019-03-17 10:00:00,0.763,0.621,65.4358651997623
2019-03-17 11:00:00,0.807,0.663,36.3454415758173
2019-03-17 12:00:00,0.802,0.739,56.10750129537844
2019-03-17 13:00:00,0.747,0.795,31.847772356167155
2019-03-17 14:00:00,0.639,0.768,23.044961222677152
2019-03-17 15:00:00,0.47,0.601,66.22758959112112
2019-03-17 16:00:00,0.248,0.379,37.07664902078281
2019-03-17 17:00:00,0.032,0.253,19.890038594223906
2019-03-17 18:00:00,0.0,0.282,34.951129503044974
2019-03-17 19:00:00,0.0,0.295,22.251492037608415
2019-03-17 20:00:00,0.0,0.362,32.05623093957933
2019-03-17 21:00:00,0.0,0.51,37.32632068150259
2019-03-17 22:00:00,0.0,0.658,39.05623833927554
2019-03-17 23:00:00,0.0,0.746,34.38405091564921
2019-03-18 00:00:00,0.0,0.786,18.85166277408706
2019-03-18 01:00:00,0.0,0.794,51.17841959198055
2019-03-18 02:00:00,0.0,0.762,58.396863537637174
2019-03-18 03:00:00,0.0,0.724,40.00303406670417
2019-03-18 04:00:00,0.0,0.679,41.04741642109035
2019-03-18 05:00:00,0.0,0.648,49.45501150735764
2019-03-18 06:00:00,0.015,0.613,49.15014413725784
2019-03-18 07:00:00,0.22,0.557,55.80808366360168
2019-03-18 08:00:00,0.528,0.432,55.14689713977281
2019-03-18 09:00:00,0.688,0.275,51.715022229155124
2019-03-18 10:00:00,0.789,0.162,46.02627804467228
2019-03-18 11:00:00,0.835,0.097,26.971493174164603
2019-03-18 12:00:00,0.829,0.07,24.574118401363886
2019-03-18 13:00:00,0.77,0.037,32.81521598361815
2019-03-18 14:00:00,0.656,0.062,27.904704945916873
2019-03-18 15:00:00,0.483,0.119,27.239120571712743
2019-03-18 16:00:00,0.256,0.171,41.528380973321944
2019-03-18 17:00:00,0.036,0.269,32.59020814080856
2019-03-18 18:00:00,0.0,0.337,67.31758123963203
2019-03-18 19:00:00,0.0,0.311,20.476832715338155
2019-03-18 20:00:00,0.0,0.249,18.21878125266867
2019-03-18 21:00:00,0.0,0.169,18.581243376171194
2019-03-18 22:00:00,0.0,0.107,34.73974076100943
2019-03-18 23:00:00,0.0,0.05,35.35739387544772
2019-03-19 00:00:00,0.0,0.01,25.41812813761463
2019-03-19 01:00:00,0.0,0.032,42.488503973872
2019-03-19 02:00:00,0.0,0.089,35.96043764942374
2019-03-19 03:00:00,0.0,0.174,49.255747781713126
2019-03-19 04:00:00,0.0,0.3,36.54015691079428
2019-03-19 05:00:00,0.0,0.423,37.06965136203992
2019-03-19 06:00:00,0.018,0.493,36.97865391342643
2019-03-19 07:00:00,0.179,0.472,32.69531388423035
2019-03-19 08:00:00,0.395,0.368,65.41018405497783
2019-03-19 09:00:00,0.567,0.241,38.46815905464213
2019-03-19 10:00:00,0.636,0.146,27.562459904385378
2019-03-19 11:00:00,0.639,0.045,45.80245176245572
2019-03-19 12:00:00,0.633,0.012,25.3026158017884
2019-03-19 13:00:00,0.59,0.011,50.11318253481339
2019-03-19 14:00:00,0.476,0.041,43.496732623270276
2019-03-19 15:00:00,0.317,0.165,55.44310641761825
2019-03-19 16:00:00,0.156,0.3,37.5396672594039
2019-03-19 17:00:00,0.021,0.377,14.882966580889619
2019-03-19 18:00:00,0.0,0.3,38.83122442345919
2019-03-19 19:00:00,0.0,0.182,39.69810319961596
2019-03-19 20:00:00,0.0,0.108,13.945906065302715
2019-03-19 21:00:00,0.0,0.064,42.78136965584892
2019-03-19 22:00:00,0.0,0.031,30.884032592384564
2019-03-19 23:00:00,0.0,0.011,30.298554629349418
2019-03-20 00:00:00,0.0,0.012,56.13784849758063
2019-03-20 01:00:00,0.0,0.055,37.881757336344776
2019-03-20 02:00:00,0.0,0.122,32.529229832606504
2019-03-20 03:00:00,0.0,0.178,30.34078154127464
2019-03-20 04:00:00,0.0,0.213,22.747461806824283
2019-03-20 05:00:00,0.0,0.225,56.62310563980334
2019-03-20 06:00:00,0.062,0.207,33.930238931840535
2019-03-20 07:00:00,0.292,0.129,44.5357933522275
2019-03-20 08:00:00,0.514,0.069,49.9034856936742
2019-03-20 09:00:00,0.683,0.047,32.52672444623757
2019-03-20 10:00:00,0.788,0.048,30.433761082756796
2019-03-20 11:00:00,0.838,0.069,26.991389738730554
2019-03-20 12:00:00,0.833,0.106,41.23423922684683
2019-03-20 13:00:00,0.775,0.144,21.98382503579584
2019-03-20 14:00:00,0.661,0.169,20.18979153645929
2019-03-20 15:00:00,0.487,0.184,27.883700237123183
2019-03-20 16:00:00,0.26,0.206,33.19175346516607
2019-03-20 17:00:00,0.039,0.251,23.339297524164785
2019-03-20 18:00:00,0.0,0.245,29.798784838118944
2019-03-20 19:00:00,0.0,0.161,33.01684798814353
2019-03-20 20:00:00,0.0,0.085,32.2411055989212
2019-03-20 21:00:00,0.0,0.035,19.347640082694102
2019-03-20 22:00:00,0.0,0.014,31.07388693730974
2019-03-20 23:00:00,0.0,0.045,39.0075367749882
2019-03-21 00:00:00,0.0,0.112,33.1839568324352
2019-03-21 01:00:00,0.0,0.203,62.840770736649546
2019-03-21 02:00:00,0.0,0.305,26.008706270731373
2019-03-21 03:00:00,0.0,0.381,42.89046477288525
2019-03-21 04:00:00,0.0,0.432,60.82020131969342
2019-03-21 05:00:00,0.0,0.447,59.731729922812754
2019-03-21 06:00:00,0.071,0.397,52.90739483764433
2019-03-21 07:00:00,0.31,0.251,45.34435233899219
2019-03-21 08:00:00,0.527,0.246,51.8217842544243
2019-03-21 09:00:00,0.686,0.266,51.91518829512772
2019-03-21 10:00:00,0.788,0.255,38.86171993762078
2019-03-21 11:00:00,0.833,0.247,34.38894498299723
2019-03-21 12:00:00,0.826,0.251,56.64079657508795
2019-03-21 13:00:00,0.766,0.271,37.83248214627554
2019-03-21 14:00:00,0.649,0.302,38.71457795440021
2019-03-21 15:00:00,0.472,0.312,51.02961518470828
2019-03-21 16:00:00,0.247,0.302,25.802447711708467
2019-03-21 17:00:00,0.036,0.28,12.576588685731473
2019-03-21 18:00:00,0.0,0.22,33.12419834890672
2019-03-21 19:00:00,0.0,0.123,14.264376119235425
2019-03-21 20:00:00,0.0,0.055,26.9016330640711
2019-03-21 21:00:00,0.0,0.048,27.665634744984796
2019-03-21 22:00:00,0.0,0.101,16.07771340184105
2019-03-21 23:00:00,0.0,0.194,32.59480097063832
2019-03-22 00:00:00,0.0,0.294,36.23904368483593
2019-03-22 01:00:00,0.0,0.383,28.67490771917258
2019-03-22 02:00:00,0.0,0.435,29.08591371953408
2019-03-22 03:00:00,0.0,0.474,43.285414940477665
2019-03-22 04:00:00,0.0,0.494,27.097282886376014
2019-03-22 05:00:00,0.0,0.495,29.008410899485842
2019-03-22 06:00:00,0.064,0.511,67.57244151937415
2019-03-22 07:00:00,0.291,0.415,50.36957134651526
2019-03-22 08:00:00,0.503,0.402,28.037792999862127
2019-03-22 09:00:00,0.66,0.4,55.19872536143538
2019-03-22 10:00:00,0.758,0.37,58.44556983056758
2019-03-22 11:00:00,0.801,0.347,50.20928424359345
2019-03-22 12:00:00,0.795,0.327,38.70250137522654
2019-03-22 13:00:00,0.736,0.287,34.544127274087316
2019-03-22 14:00:00,0.623,0.233,51.90472618100496
2019-03-22 15:00:00,0.456,0.205,41.97681830504288
2019-03-22 16:00:00,0.239,0.208,23.900288787930883
2019-03-22 17:00:00,0.036,0.236,38.424718596006315
2019-03-22 18:00:00,0.0,0.205,30.036781463891927
2019-03-22 19:00:00,0.0,0.118,16.052550995752743
2019-03-22 20:00:00,0.0,0.06,28.925510988986552
2019-03-22 21:00:00,0.0,0.047,44.17195221231569
2019-03-22 22:00:00,0.0,0.076,47.30170571293366
2019-03-22 23:00:00,0.0,0.133,35.89596406313628
2019-03-23 00:00:00,0.0,0.201,26.90700470376006
2019-03-23 01:00:00,0.0,0.259,23.482519930895545
2019-03-23 02:00:00,0.0,0.295,47.97134616499568
2019-03-23 03:00:00,0.0,0.305,32.414554538856
2019-03-23 04:00:00,0.0,0.297,53.75057651777483
2019-03-23 05:00:00,0.0,0.281,41.99244766770179
2019-03-23 06:00:00,0.066,0.267,44.139136170975654
2019-03-23 07:00:00,0.293,0.197,27.31171616278843
2019-03-23 08:00:00,0.505,0.084,32.96040892335848
2019-03-23 09:00:00,0.665,0.062,52.1902298437181
2019-03-23 10:00:00,0.766,0.076,23.835713641776813
2019-03-23 11:00:00,0.814,0.093,18.737706744137657
2019-03-23 12:00:00,0.809,0.096,61.57761728954044
2019-03-23 13:00:00,0.753,0.085,33.4281852171187
2019-03-23 14:00:00,0.641,0.071,36.74810578286805
2019-03-23 15:00:00,0.471,0.065,19.388149689658114
2019-03-23 16:00:00,0.247,0.094,50.786965040469255
2019-03-23 17:00:00,0.033,0.187,25.34524973945624
2019-03-23 18:00:00,0.0,0.243,55.595962471803375
2019-03-23 19:00:00,0.0,0.243,16.221669416568574
2019-03-23 20:00:00,0.0,0.225,26.182968798780465
2019-03-23 21:00:00,0.0,0.18,32.174869417139185
2019-03-23 22:00:00,0.0,0.144,29.30994564132721
2019-03-23 23:00:00,0.0,0.139,35.10024594037914
2019-03-24 00:00:00,0.0,0.158,22.40605550653856
2019-03-24 01:00:00,0.0,0.193,50.768309485635434
2019-03-24 02:00:00,0.0,0.231,36.603104702721254
2019-03-24 03:00:00,0.0,0.261,46.390819759536555
2019-03-24 04:00:00,0.0,0.287,46.15847473117736
2019-03-24 05:00:00,0.0,0.291,33.34666034771794
2019-03-24 06:00:00,0.035,0.258,58.530328574678265
2019-03-24 07:00:00,0.188,0.166,27.708008249837036
2019-03-24 08:00:00,0.379,0.07,42.24776666233501
2019-03-24 09:00:00,0.539,0.029,46.036654530491624
2019-03-24 10:00:00,0.651,0.017,46.35190675621289
2019-03-24 11:00:00,0.718,0.016,50.22809665281474
2019-03-24 12:00:00,0.735,0.023,33.76901861222996
2019-03-24 13:00:00,0.67,0.035,27.177043641310853
2019-03-24 14:00:00,0.531,0.059,37.58496063495438
2019-03-24 15:00:00,0.341,0.087,20.015546533087843
2019-03-24 16:00:00,0.162,0.14,39.13372575436114
2019-03-24 17:00:00,0.025,0.22,31.408686358125074
2019-03-24 18:00:00,0.0,0.202,13.779840492666217
2019-03-24 19:00:00,0.0,0.111,32.62610251005851
2019-03-24 20:00:00,0.0,0.033,63.66955826519105
2019-03-24 21:00:00,0.0,0.006,34.80872178434387
2019-03-24 22:00:00,0.0,0.023,18.98627019909503
2019-03-24 23:00:00,0.0,0.061,31.955074327906374
2019-03-25 00:00:00,0.0,0.105,15.668826463135211
2019-03-25 01:00:00,0.0,0.152,60.40763268066405
2019-03-25 02:00:00,0.0,0.206,27.60175504479721
2019-03-25 03:00:00,0.0,0.284,53.93331576298512
2019-03-25 04:00:00,0.0,0.355,43.211219119453546
2019-03-25 05:00:00,0.0,0.404,52.851327605214564
2019-03-25 06:00:00,0.072,0.432,42.9994293029694
2019-03-25 07:00:00,0.296,0.41,33.29354348149338
2019-03-25 08:00:00,0.504,0.449,72.52197690128165
2019-03-25 09:00:00,0.657,0.444,46.396206872535245
2019-03-25 10:00:00,0.753,0.454,23.550845263003414
2019-03-25 11:00:00,0.797,0.488,39.231599481297174
2019-03-25 12:00:00,0.789,0.544,48.140214960823165
2019-03-25 13:00:00,0.736,0.624,30.228474895188647
2019-03-25 14:00:00,0.632,0.708,53.05645926938895
2019-03-25 15:00:00,0.473,0.756,28.62591861400471
2019-03-25 16:00:00,0.261,0.745,40.78605874581903
2019-03-25 17:00:00,0.047,0.69,23.754820228315708
2019-03-25 18:00:00,0.0,0.69,10.651969116806598
2019-03-25 19:00:00,0.0,0.625,55.42300691015729
2019-03-25 20:00:00,0.0,0.595,23.83471372835384
2019-03-25 21:00:00,0.0,0.627,26.809448714902786
2019-03-25 22:00:00,0.0,0.641,33.795979284466625
2019-03-25 23:00:00,0.0,0.594,17.622856202671436
2019-03-26 00:00:00,0.0,0.481,22.40227765367702
2019-03-26 01:00:00,0.0,0.326,12.357823773830873
2019-03-26 02:00:00,0.0,0.289,40.41573581056056
2019-03-26 03:00:00,0.0,0.317,25.124392442047736
2019-03-26 04:00:00,0.0,0.37,28.91071736229792
2019-03-26 05:00:00,0.0,0.4,46.41217970953431
2019-03-26 06:00:00,0.077,0.381,46.92912789342724
2019-03-26 07:00:00,0.319,0.251,44.106041872053424
2019-03-26 08:00:00,0.544,0.138,53.8966591996117
2019-03-26 09:00:00,0.709,0.043,35.688445278107984
2019-03-26 10:00:00,0.81,0.012,66.86759064051522
2019-03-26 11:00:00,0.854,0.013,60.91857901780094
2019-03-26 12:00:00,0.845,0.039,25.390386499126947
2019-03-26 13:00:00,0.785,0.086,18.024091449864635
2019-03-26 14:00:00,0.672,0.157,32.74658835773843
2019-03-26 15:00:00,0.499,0.294,32.23245156685386
2019-03-26 16:00:00,0.277,0.485,52.43672231397316
2019-03-26 17:00:00,0.052,0.538,35.680923145196225
2019-03-26 18:00:00,0.0,0.404,7.223278191304331
2019-03-26 19:00:00,0.0,0.177,37.333875255137905
2019-03-26 20:00:00,0.0,0.082,31.81010352518721
2019-03-26 21:00:00,0.0,0.097,23.83091404493394
2019-03-26 22:00:00,0.0,0.153,45.581360281819016
2019-03-26 23:00:00,0.0,0.205,35.93279851614445
2019-03-27 00:00:00,0.0,0.236,42.84580798457974
2019-03-27 01:00:00,0.0,0.259,14.120172993503104
2019-03-27 02:00:00,0.0,0.267,32.73764609172688
2019-03-27 03:00:00,0.0,0.265,46.73728608207058
2019-03-27 04:00:00,0.0,0.284,33.38182774918216
2019-03-27 05:00:00,0.0,0.32,43.1145192319524
2019-03-27 06:00:00,0.086,0.317,51.46905235048432
2019-03-27 07:00:00,0.327,0.194,41.691080293567175
2019-03-27 08:00:00,0.541,0.089,61.20578194905301
2019-03-27 09:00:00,0.697,0.012,53.12192858962918
2019-03-27 10:00:00,0.794,0.001,50.881953649724444
2019-03-27 11:00:00,0.838,0.024,30.69424586533206
2019-03-27 12:00:00,0.831,0.098,39.60992368592566
2019-03-27 13:00:00,0.773,0.173,48.64330243691495
2019-03-27 14:00:00,0.661,0.203,52.18459760641605
2019-03-27 15:00:00,0.494,0.23,37.91451774426553
2019-03-27 16:00:00,0.275,0.271,20.371754430684643
2019-03-27 17:00:00,0.054,0.348,30.862245534483737
2019-03-27 18:00:00,0.0,0.362,44.2900590687145
2019-03-27 19:00:00,0.0,0.269,59.277262455217134
2019-03-27 20:00:00,0.0,0.159,21.291442893657198
2019-03-27 21:00:00,0.0,0.077,23.581666714623104
2019-03-27 22:00:00,0.0,0.033,33.25843229353824
2019-03-27 23:00:00,0.0,0.011,41.323630507287184
2019-03-28 00:00:00,0.0,0.003,26.64003922719327
2019-03-28 01:00:00,0.0,0.005,31.644944580801713
2019-03-28 02:00:00,0.0,0.021,49.22912174831261
2019-03-28 03:00:00,0.0,0.055,37.098728635255824
2019-03-28 04:00:00,0.0,0.093,41.98818085927509
2019-03-28 05:00:00,0.0,0.118,55.239661397773006
2019-03-28 06:00:00,0.084,0.111,43.07628449694908
2019-03-28 07:00:00,0.315,0.05,72.94591655337024
2019-03-28 08:00:00,0.524,0.017,49.283201610202156
2019-03-28 09:00:00,0.679,0.018,63.17232320417067
2019-03-28 10:00:00,0.778,0.028,54.663836261709584
2019-03-28 11:00:00,0.824,0.075,34.96406326609886
2019-03-28 12:00:00,0.819,0.119,39.391906036137044
2019-03-28 13:00:00,0.762,0.169,62.37394664399014
2019-03-28 14:00:00,0.651,0.231,52.06693483661104
2019-03-28 15:00:00,0.484,0.289,36.69874471468295
2019-03-28 16:00:00,0.268,0.352,10.171235743548404
2019-03-28 17:00:00,0.054,0.398,28.366233091172248
2019-03-28 18:00:00,0.0,0.371,48.95394251605758
2019-03-28 19:00:00,0.0,0.286,48.81195105070165
2019-03-28 20:00:00,0.0,0.206,34.114088072010674
2019-03-28 21:00:00,0.0,0.139,16.325353172093433
2019-03-28 22:00:00,0.0,0.085,17.52152068126484
2019-03-28 23:00:00,0.0,0.047,29.502307999314134
2019-03-29 00:00:00,0.0,0.022,18.77755793162193
2019-03-29 01:00:00,0.0,0.009,40.85903562488378
2019-03-29 02:00:00,0.0,0.005,51.28678559680533
2019-03-29 03:00:00,0.0,0.008,38.02963192195174
2019-03-29 04:00:00,0.0,0.021,48.235148802484986
2019-03-29 05:00:00,0.0,0.041,32.60159424654256
2019-03-29 06:00:00,0.082,0.069,40.25070528744102
2019-03-29 07:00:00,0.31,0.057,34.12351408550305
2019-03-29 08:00:00,0.519,0.073,52.21237445524976
2019-03-29 09:00:00,0.676,0.144,44.307286959758244
2019-03-29 10:00:00,0.776,0.223,53.88229782929995
2019-03-29 11:00:00,0.823,0.291,43.28984649419271
2019-03-29 12:00:00,0.814,0.335,58.28979514147728
2019-03-29 13:00:00,0.755,0.354,65.24719443851299
2019-03-29 14:00:00,0.644,0.358,39.33242228552014
2019-03-29 15:00:00,0.482,0.351,66.134530442603
2019-03-29 16:00:00,0.268,0.344,15.006306712522932
2019-03-29 17:00:00,0.056,0.341,25.404988084735706
2019-03-29 18:00:00,0.0,0.343,37.437820698613294
2019-03-29 19:00:00,0.0,0.318,35.06442962352321
2019-03-29 20:00:00,0.0,0.28,29.65569951127911
2019-03-29 21:00:00,0.0,0.237,52.17094453841774
2019-03-29 22:00:00,0.0,0.194,54.64612485870043
2019-03-29 23:00:00,0.0,0.159,28.99583170204574
2019-03-30 00:00:00,0.0,0.143,48.014407716013466
2019-03-30 01:00:00,0.0,0.135,18.178703024925195
2019-03-30 02:00:00,0.0,0.133,36.50463780946336
2019-03-30 03:00:00,0.0,0.159,40.372605138537196
2019-03-30 04:00:00,0.0,0.199,44.314073193592634
2019-03-30 05:00:00,0.0,0.23,54.711123046141324
2019-03-30 06:00:00,0.06,0.227,44.69736490546527
2019-03-30 07:00:00,0.251,0.198,50.04242343394613
2019-03-30 08:00:00,0.501,0.175,58.63686260560104
2019-03-30 09:00:00,0.672,0.146,45.43026547804216
2019-03-30 10:00:00,0.773,0.134,57.95315245088278
2019-03-30 11:00:00,0.82,0.147,39.9737550733867
2019-03-30 12:00:00,0.818,0.17,39.85643943231643
2019-03-30 13:00:00,0.763,0.185,22.846749926715226
2019-03-30 14:00:00,0.656,0.187,45.05570363090085
2019-03-30 15:00:00,0.493,0.201,36.37754924121617
2019-03-30 16:00:00,0.278,0.231,23.86561147624159
2019-03-30 17:00:00,0.061,0.264,29.46262136318511
2019-03-30 18:00:00,0.0,0.3,6.742276930061863
2019-03-30 19:00:00,0.0,0.303,32.7628398288976
2019-03-30 20:00:00,0.0,0.311,35.096244960246764
2019-03-30 21:00:00,0.0,0.308,43.89545327586521
2019-03-30 22:00:00,0.0,0.28,26.586966108824083
2019-03-30 23:00:00,0.0,0.257,72.01950072772134
2019-03-31 00:00:00,0.0,0.251,26.838931960398178
2019-03-31 01:00:00,0.0,0.252,36.1402679904478
2019-03-31 02:00:00,0.0,0.253,16.45979692336104
2019-03-31 03:00:00,0.0,0.259,33.27003980096758
2019-03-31 04:00:00,0.0,0.274,50.13697765561345
2019-03-31 05:00:00,0.0,0.274,48.14074548100966
2019-03-31 06:00:00,0.021,0.267,30.440957537355263
2019-03-31 07:00:00,0.074,0.278,48.2486064643037
2019-03-31 08:00:00,0.133,0.291,37.70862912742279
2019-03-31 09:00:00,0.177,0.334,31.386681899968252
2019-03-31 10:00:00,0.271,0.403,36.87526689867682
2019-03-31 11:00:00,0.322,0.454,64.10206749305308
2019-03-31 12:00:00,0.308,0.515,35.9778069640909
2019-03-31 13:00:00,0.238,0.593,45.93030591086664
2019-03-31 14:00:00,0.181,0.658,34.26421462546437
2019-03-31 15:00:00,0.119,0.69,18.252342904792126
2019-03-31 16:00:00,0.055,0.685,50.738631004064686
2019-03-31 17:00:00,0.007,0.635,8.53313884481613
2019-03-31 18:00:00,0.0,0.571,22.473247194307902
2019-03-31 19:00:00,0.0,0.516,7.166619759203158
2019-03-31 20:00:00,0.0,0.444,46.445644271748094
2019-03-31 21:00:00,0.0,0.374,26.932554362684353
2019-03-31 22:00:00,0.0,0.302,25.930910651407828
2019-03-31 23:00:00,0.0,0.244,43.90971716294795
2019-04-01 00:00:00,0.0,0.198,34.57516829217896
2019-04-01 01:00:00,0.0,0.15,53.68677712517622
2019-04-01 02:00:00,0.0,0.104,56.19625653324401
2019-04-01 03:00:00,0.0,0.086,60.255733554420274
2019-04-01 04:00:00,0.0,0.104,44.28858330010204
2019-04-01 05:00:00,0.0,0.139,42.60277086152233
2019-04-01 06:00:00,0.018,0.161,33.680228387520444
2019-04-01 07:00:00,0.083,0.127,58.06956259373303
2019-04-01 08:00:00,0.174,0.072,44.1420380514528
2019-04-01 09:00:00,0.274,0.028,42.27807933379658
2019-04-01 10:00:00,0.38,0.009,31.95715732712069
2019-04-01 11:00:00,0.446,0.012,30.97585996802085
2019-04-01 12:00:00,0.444,0.019,37.927643399688684
2019-04-01 13:00:00,0.391,0.039,41.665935848596966
2019-04-01 14:00:00,0.308,0.064,40.89582129203439
2019-04-01 15:00:00,0.205,0.078,24.385375807839907
2019-04-01 16:00:00,0.113,0.094,25.335481198869964
2019-04-01 17:00:00,0.025,0.131,33.45624748581761
2019-04-01 18:00:00,0.0,0.158,29.34472731419386
2019-04-01 19:00:00,0.0,0.153,35.31763472778431
2019-04-01 20:00:00,0.0,0.143,41.64476142827131
2019-04-01 21:00:00,0.0,0.127,20.713046047734355
2019-04-01 22:00:00,0.0,0.111,19.03440151389946
2019-04-01 23:00:00,0.0,0.095,24.807312590579052
2019-04-02 00:00:00,0.0,0.081,48.878677233027716
2019-04-02 01:00:00,0.0,0.063,39.021733149094864
2019-04-02 02:00:00,0.0,0.042,48.1354868508422
2019-04-02 03:00:00,0.0,0.023,45.40764244195987
2019-04-02 04:00:00,0.0,0.014,39.06172547048262
2019-04-02 05:00:00,0.0,0.013,16.860182302344583
2019-04-02 06:00:00,0.052,0.009,50.97677390122622
2019-04-02 07:00:00,0.18,0.007,37.323927865997305
2019-04-02 08:00:00,0.326,0.02,58.89669574865462
2019-04-02 09:00:00,0.456,0.033,44.84692738876043
2019-04-02 10:00:00,0.577,0.045,51.12954324376936
2019-04-02 11:00:00,0.645,0.062,32.67484230692385
2019-04-02 12:00:00,0.606,0.082,44.9361478279236
2019-04-02 13:00:00,0.501,0.107,43.391903830702915
2019-04-02 14:00:00,0.391,0.122,0.6454795804841851
2019-04-02 15:00:00,0.28,0.124,44.71633997099591
2019-04-02 16:00:00,0.171,0.133,6.594199081763364
2019-04-02 17:00:00,0.041,0.177,31.809485226561623
2019-04-02 18:00:00,0.0,0.256,31.853029777017486
2019-04-02 19:00:00,0.0,0.291,17.7985600927663
2019-04-02 20:00:00,0.0,0.283,44.710207657992726
2019-04-02 21:00:00,0.0,0.238,21.92602554320351
2019-04-02 22:00:00,0.0,0.176,47.675952845076765
2019-04-02 23:00:00,0.0,0.114,53.18450010984616
2019-04-03 00:00:00,0.0,0.065,29.227646509701767
2019-04-03 01:00:00,0.0,0.038,30.909920511357726
2019-04-03 02:00:00,0.0,0.03,44.40992677489378
2019-04-03 03:00:00,0.0,0.043,52.04100762243779
2019-04-03 04:00:00,0.0,0.054,31.280810219198152
2019-04-03 05:00:00,0.0,0.054,48.398696200269754
2019-04-03 06:00:00,0.078,0.047,40.44613374118522
2019-04-03 07:00:00,0.257,0.035,46.768973834865754
2019-04-03 08:00:00,0.384,0.048,39.68576775971306
2019-04-03 09:00:00,0.439,0.1,27.407985235105492
2019-04-03 10:00:00,0.509,0.127,39.12795867683558
2019-04-03 11:00:00,0.516,0.145,64.37381123706096
2019-04-03 12:00:00,0.442,0.147,36.83888800651086
2019-04-03 13:00:00,0.29,0.145,41.36252564632059
2019-04-03 14:00:00,0.208,0.194,32.355168006256946
2019-04-03 15:00:00,0.124,0.391,41.93695422504919
2019-04-03 16:00:00,0.069,0.675,32.521461345912236
2019-04-03 17:00:00,0.017,0.788,20.8680249475629
2019-04-03 18:00:00,0.0,0.77,29.73453102068059
2019-04-03 19:00:00,0.0,0.764,38.04635456823066
2019-04-03 20:00:00,0.0,0.804,28.25341645402881
2019-04-03 21:00:00,0.0,0.868,20.649225684639376
2019-04-03 22:00:00,0.0,0.893,41.09449147600692
2019-04-03 23:00:00,0.0,0.894,27.94212040236578
2019-04-04 00:00:00,0.0,0.872,39.48413741698837
2019-04-04 01:00:00,0.0,0.85,32.21349073925814
2019-04-04 02:00:00,0.0,0.856,33.6202730995708
2019-04-04 03:00:00,0.0,0.84,58.983869745035925
2019-04-04 04:00:00,0.0,0.825,47.38298907046806
2019-04-04 05:00:00,0.0,0.824,63.04340419934855
2019-04-04 06:00:00,0.104,0.821,45.047983350380946
2019-04-04 07:00:00,0.344,0.861,43.92835796043588
2019-04-04 08:00:00,0.554,0.844,53.35959069609511
2019-04-04 09:00:00,0.693,0.763,38.34324242584317
2019-04-04 10:00:00,0.791,0.63,51.962742609606224
2019-04-04 11:00:00,0.848,0.501,55.83749315163983
2019-04-04 12:00:00,0.852,0.404,24.00738229834215
2019-04-04 13:00:00,0.798,0.328,50.72476277415447
2019-04-04 14:00:00,0.689,0.221,49.66350930028998
2019-04-04 15:00:00,0.524,0.124,34.68372387865428
2019-04-04 16:00:00,0.307,0.088,24.987351986481027
2019-04-04 17:00:00,0.077,0.146,24.702789781715143
2019-04-04 18:00:00,0.0,0.239,16.177658822116854
2019-04-04 19:00:00,0.0,0.299,44.58186600429465
2019-04-04 20:00:00,0.0,0.338,48.52895867175225
2019-04-04 21:00:00,0.0,0.384,16.707334937873004
2019-04-04 22:00:00,0.0,0.444,47.072936860743255
2019-04-04 23:00:00,0.0,0.484,40.55976010660262
2019-04-05 00:00:00,0.0,0.484,36.40704246455234
2019-04-05 01:00:00,0.0,0.459,58.18653408130351
2019-04-05 02:00:00,0.0,0.441,45.09687901934446
2019-04-05 03:00:00,0.0,0.415,24.653453450671684
2019-04-05 04:00:00,0.0,0.394,46.306040084265184
2019-04-05 05:00:00,0.0,0.37,56.77558632256968
2019-04-05 06:00:00,0.084,0.311,35.13795783497473
2019-04-05 07:00:00,0.243,0.341,48.72945323112753
2019-04-05 08:00:00,0.396,0.348,29.205073942367207
2019-04-05 09:00:00,0.348,0.321,28.436725472196933
2019-04-05 10:00:00,0.419,0.295,35.74379480282199
2019-04-05 11:00:00,0.617,0.295,29.572511008211237
2019-04-05 12:00:00,0.582,0.364,36.056169991039745
2019-04-05 13:00:00,0.499,0.481,40.64976162256411
2019-04-05 14:00:00,0.411,0.562,22.36962107412446
2019-04-05 15:00:00,0.264,0.591,34.40308078820568
2019-04-05 16:00:00,0.086,0.557,32.170755787926524
2019-04-05 17:00:00,0.008,0.417,27.043564446261296
2019-04-05 18:00:00,0.0,0.299,29.126135201205557
2019-04-05 19:00:00,0.0,0.277,27.02864806307064
2019-04-05 20:00:00,0.0,0.274,18.93880903629919
2019-04-05 21:00:00,0.0,0.337,24.34610998549551
2019-04-05 22:00:00,0.0,0.441,42.003663785248214
2019-04-05 23:00:00,0.0,0.447,45.34898364359708
2019-04-06 00:00:00,0.0,0.427,44.02224336802095
2019-04-06 01:00:00,0.0,0.444,26.32418582525215
2019-04-06 02:00:00,0.0,0.413,39.90966509746818
2019-04-06 03:00:00,0.0,0.407,45.591210510136705
2019-04-06 04:00:00,0.0,0.432,34.97973789984634
2019-04-06 05:00:00,0.0,0.47,34.33398982656989
2019-04-06 06:00:00,0.101,0.498,56.47040793533522
2019-04-06 07:00:00,0.324,0.606,48.73909826246978
2019-04-06 08:00:00,0.546,0.654,42.37838592259737
2019-04-06 09:00:00,0.694,0.576,48.675271736217624
2019-04-06 10:00:00,0.787,0.464,26.67251818506279
2019-04-06 11:00:00,0.82,0.355,43.847106722679975
2019-04-06 12:00:00,0.79,0.284,28.889137538004473
2019-04-06 13:00:00,0.665,0.321,44.91677392872673
2019-04-06 14:00:00,0.398,0.387,39.33924233118814
2019-04-06 15:00:00,0.206,0.382,38.45835104044642
2019-04-06 16:00:00,0.103,0.32,35.2758264548473
2019-04-06 17:00:00,0.026,0.231,41.161027441137705
2019-04-06 18:00:00,0.0,0.193,36.97263889678376
2019-04-06 19:00:00,0.0,0.16,21.463722429512252
2019-04-06 20:00:00,0.0,0.172,41.42910558656314
2019-04-06 21:00:00,0.0,0.233,35.74216282830744
2019-04-06 22:00:00,0.0,0.32,50.798938802745425
2019-04-06 23:00:00,0.0,0.37,21.279750203696352
2019-04-07 00:00:00,0.0,0.425,39.55582094960645
2019-04-07 01:00:00,0.0,0.476,32.25467048115079
2019-04-07 02:00:00,0.0,0.525,39.15074881921018
2019-04-07 03:00:00,0.0,0.583,41.33397472007018
2019-04-07 04:00:00,0.0,0.635,38.09202055503849
2019-04-07 05:00:00,0.0,0.7,49.640517114696735
2019-04-07 06:00:00,0.087,0.733,34.5126435378628
2019-04-07 07:00:00,0.303,0.791,50.48893020275009
2019-04-07 08:00:00,0.512,0.857,60.10986165901575
2019-04-07 09:00:00,0.663,0.834,49.52086612186692
2019-04-07 10:00:00,0.736,0.739,51.711096693926855
2019-04-07 11:00:00,0.752,0.583,27.70728903310146
2019-04-07 12:00:00,0.71,0.431,42.693776059494894
2019-04-07 13:00:00,0.64,0.316,46.04098057435557
2019-04-07 14:00:00,0.535,0.218,39.43151734674561
2019-04-07 15:00:00,0.398,0.146,40.4741925109444
2019-04-07 16:00:00,0.231,0.099,39.92590951448667
2019-04-07 17:00:00,0.069,0.076,32.9716368252992
2019-04-07 18:00:00,0.0,0.089,26.18686604523689
2019-04-07 19:00:00,0.0,0.089,4.459831682187762
2019-04-07 20:00:00,0.0,0.061,25.960932730239744
2019-04-07 21:00:00,0.0,0.057,37.51018714071245
2019-04-07 22:00:00,0.0,0.075,42.81705230329723
2019-04-07 23:00:00,0.0,0.104,20.386392206238757
2019-04-08 00:00:00,0.0,0.115,40.92108504822609
2019-04-08 01:00:00,0.0,0.099,38.059959603358735
2019-04-08 02:00:00,0.0,0.091,37.124126616010535
2019-04-08 03:00:00,0.0,0.121,37.26608256534504
2019-04-08 04:00:00,0.0,0.164,41.555626192523405
2019-04-08 05:00:00,0.0,0.195,52.59288615792148
2019-04-08 06:00:00,0.048,0.183,55.163241672109876
2019-04-08 07:00:00,0.228,0.091,21.268432721016048
2019-04-08 08:00:00,0.367,0.025,53.33216701378789
2019-04-08 09:00:00,0.49,0.045,51.984193932979366
2019-04-08 10:00:00,0.614,0.059,52.08375990391646
2019-04-08 11:00:00,0.63,0.062,62.60816293415455
2019-04-08 12:00:00,0.584,0.068,34.875792300816435
2019-04-08 13:00:00,0.538,0.08,28.97637003524212
2019-04-08 14:00:00,0.442,0.096,49.09019087952925
2019-04-08 15:00:00,0.339,0.129,34.358007655626054
2019-04-08 16:00:00,0.203,0.167,36.29553903519133
2019-04-08 17:00:00,0.06,0.191,44.26371915684937
2019-04-08 18:00:00,0.0,0.212,49.638858799578905
2019-04-08 19:00:00,0.0,0.184,30.8194024065759
2019-04-08 20:00:00,0.0,0.135,24.684995419644604
2019-04-08 21:00:00,0.0,0.078,22.177646450470334
2019-04-08 22:00:00,0.0,0.043,47.44212390658851
2019-04-08 23:00:00,0.0,0.043,35.79344641512258
2019-04-09 00:00:00,0.0,0.065,40.38272955127245
2019-04-09 01:00:00,0.0,0.078,51.22424715568862
2019-04-09 02:00:00,0.0,0.061,43.80491253496527
2019-04-09 03:00:00,0.0,0.064,49.97892107128429
2019-04-09 04:00:00,0.0,0.136,46.22332809109311
2019-04-09 05:00:00,0.0,0.264,31.031113840307903
2019-04-09 06:00:00,0.082,0.379,30.31399581977228
2019-04-09 07:00:00,0.313,0.465,41.66196388196272
2019-04-09 08:00:00,0.533,0.641,49.19299595079542
2019-04-09 09:00:00,0.685,0.707,33.6576675037217
2019-04-09 10:00:00,0.773,0.664,37.38660862153853
2019-04-09 11:00:00,0.814,0.561,35.85210078120511
2019-04-09 12:00:00,0.813,0.409,30.976406043343545
2019-04-09 13:00:00,0.763,0.261,43.41645882015618
2019-04-09 14:00:00,0.657,0.225,42.73402760053321
2019-04-09 15:00:00,0.481,0.325,36.290837849555075
2019-04-09 16:00:00,0.222,0.422,42.202729484993554
2019-04-09 17:00:00,0.054,0.369,46.0209583326253
2019-04-09 18:00:00,0.0,0.289,27.94736203888729
2019-04-09 19:00:00,0.0,0.278,27.26279835969784
2019-04-09 20:00:00,0.0,0.416,28.713407256815294
2019-04-09 21:00:00,0.0,0.501,19.042130152305962
2019-04-09 22:00:00,0.0,0.535,32.32688300883268
2019-04-09 23:00:00,0.0,0.559,38.22026847471281
2019-04-10 00:00:00,0.0,0.62,37.84681714266235
2019-04-10 01:00:00,0.0,0.661,27.485969430388067
2019-04-10 02:00:00,0.0,0.663,35.7527997055894
2019-04-10 03:00:00,0.0,0.645,29.770916644983814
2019-04-10 04:00:00,0.0,0.633,38.04799827792596
2019-04-10 05:00:00,0.0,0.63,54.42837096930778
2019-04-10 06:00:00,0.099,0.599,38.338764548468845
2019-04-10 07:00:00,0.306,0.519,32.36790999208078
2019-04-10 08:00:00,0.504,0.374,50.22918382435513
2019-04-10 09:00:00,0.589,0.225,42.034176511907596
2019-04-10 10:00:00,0.644,0.17,45.24817802074616
2019-04-10 11:00:00,0.68,0.149,40.00840227013714
2019-04-10 12:00:00,0.671,0.156,11.896408005648905
2019-04-10 13:00:00,0.62,0.192,37.04126577694947
2019-04-10 14:00:00,0.522,0.251,44.41313660497134
2019-04-10 15:00:00,0.382,0.323,17.13910678871177
2019-04-10 16:00:00,0.226,0.38,47.315898641450474
2019-04-10 17:00:00,0.067,0.419,17.173686399779665
2019-04-10 18:00:00,0.0,0.502,5.961292791149379
2019-04-10 19:00:00,0.0,0.546,2.1497957122894427
2019-04-10 20:00:00,0.0,0.56,27.687506926361916
2019-04-10 21:00:00,0.0,0.614,46.80561753023663
2019-04-10 22:00:00,0.0,0.668,41.51020657377079
2019-04-10 23:00:00,0.0,0.698,4.428468776876969
2019-04-11 00:00:00,0.0,0.718,12.850636929243258
2019-04-11 01:00:00,0.0,0.744,46.635323048719904
2019-04-11 02:00:00,0.0,0.765,33.04563510883686
2019-04-11 03:00:00,0.0,0.806,58.74019897762303
2019-04-11 04:00:00,0.0,0.816,45.438106238697884
2019-04-11 05:00:00,0.0,0.817,58.44316128784507
2019-04-11 06:00:00,0.118,0.795,55.39980355140187
2019-04-11 07:00:00,0.349,0.777,38.18845129423297
2019-04-11 08:00:00,0.553,0.74,45.56872899673565
2019-04-11 09:00:00,0.703,0.666,55.3824398714556
2019-04-11 10:00:00,0.798,0.612,32.7435199408415
2019-04-11 11:00:00,0.84,0.567,44.140042165099366
2019-04-11 12:00:00,0.832,0.529,23.693124145988797
2019-04-11 13:00:00,0.771,0.501,41.24714032514967
2019-04-11 14:00:00,0.646,0.492,19.0211849317801
2019-04-11 15:00:00,0.45,0.479,49.40496684835812
2019-04-11 16:00:00,0.225,0.462,43.55556165256423
2019-04-11 17:00:00,0.048,0.425,21.78260724833367
2019-04-11 18:00:00,0.0,0.415,21.58877024606817
2019-04-11 19:00:00,0.0,0.364,29.892676022417547
2019-04-11 20:00:00,0.0,0.307,25.01973001383093
2019-04-11 21:00:00,0.0,0.343,32.857550111278414
2019-04-11 22:00:00,0.0,0.397,47.91109765446194
2019-04-11 23:00:00,0.0,0.403,34.39716063136202
2019-04-12 00:00:00,0.0,0.422,18.221794260867497
2019-04-12 01:00:00,0.0,0.463,41.30517082143289
2019-04-12 02:00:00,0.0,0.519,29.048795031136525
2019-04-12 03:00:00,0.0,0.574,32.03082350806883
2019-04-12 04:00:00,0.0,0.624,25.09316788931137
2019-04-12 05:00:00,0.0,0.644,40.7603533174009
2019-04-12 06:00:00,0.098,0.595,24.536941208778188
2019-04-12 07:00:00,0.313,0.555,34.35191626322518
2019-04-12 08:00:00,0.527,0.445,28.613149455051015
2019-04-12 09:00:00,0.685,0.274,64.80197551684233
2019-04-12 10:00:00,0.783,0.202,38.519923196772865
2019-04-12 11:00:00,0.828,0.178,31.950021073900004
2019-04-12 12:00:00,0.823,0.172,44.669364126197785
2019-04-12 13:00:00,0.77,0.178,36.10289161814861
2019-04-12 14:00:00,0.664,0.175,22.20225056243408
2019-04-12 15:00:00,0.506,0.175,39.97832491471833
2019-04-12 16:00:00,0.3,0.167,0.28680879942212556
2019-04-12 17:00:00,0.085,0.138,17.702817421209573
2019-04-12 18:00:00,0.0,0.121,21.935435069431225
2019-04-12 19:00:00,0.0,0.075,27.370729474646392
2019-04-12 20:00:00,0.0,0.119,23.731847046777688
2019-04-12 21:00:00,0.0,0.285,27.956952277520404
2019-04-12 22:00:00,0.0,0.316,48.87459788093388
2019-04-12 23:00:00,0.0,0.243,52.469204429372695
2019-04-13 00:00:00,0.0,0.163,18.475488985094216
2019-04-13 01:00:00,0.0,0.141,53.66870431076777
2019-04-13 02:00:00,0.0,0.184,44.538731239628675
2019-04-13 03:00:00,0.0,0.268,70.36997683567132
2019-04-13 04:00:00,0.0,0.347,48.036488796343875
2019-04-13 05:00:00,0.0,0.402,39.22454589700462
2019-04-13 06:00:00,0.119,0.379,45.91437585609128
2019-04-13 07:00:00,0.349,0.358,28.047418821702436
2019-04-13 08:00:00,0.551,0.304,33.790787611450945
2019-04-13 09:00:00,0.7,0.179,32.587379304678336
2019-04-13 10:00:00,0.794,0.075,26.625335562829072
2019-04-13 11:00:00,0.838,0.031,12.399320465094732
2019-04-13 12:00:00,0.831,0.042,30.33770650956445
2019-04-13 13:00:00,0.775,0.088,33.555722888190715
2019-04-13 14:00:00,0.669,0.144,12.795795795603706
2019-04-13 15:00:00,0.51,0.192,42.46063869569302
2019-04-13 16:00:00,0.303,0.23,39.363334201053945
2019-04-13 17:00:00,0.087,0.287,35.69994397595249
2019-04-13 18:00:00,0.0,0.391,20.177357364103806
2019-04-13 19:00:00,0.0,0.428,13.1695203174882
2019-04-13 20:00:00,0.0,0.404,19.76916692295742
2019-04-13 21:00:00,0.0,0.337,24.12853181970542
2019-04-13 22:00:00,0.0,0.278,42.013680550696165
2019-04-13 23:00:00,0.0,0.22,43.90264789215242
2019-04-14 00:00:00,0.0,0.181,30.817706123076263
2019-04-14 01:00:00,0.0,0.224,33.95042917805786
2019-04-14 02:00:00,0.0,0.286,45.57343084837207
2019-04-14 03:00:00,0.0,0.333,30.805351194416815
2019-04-14 04:00:00,0.0,0.375,51.08021263502718
2019-04-14 05:00:00,0.0,0.376,36.14447112796882
2019-04-14 06:00:00,0.078,0.294,34.62562404488148
2019-04-14 07:00:00,0.262,0.198,45.541959569603485
2019-04-14 08:00:00,0.469,0.159,40.332292317487735
2019-04-14 09:00:00,0.603,0.135,40.37145415759431
2019-04-14 10:00:00,0.728,0.109,43.857201507298626
2019-04-14 11:00:00,0.768,0.083,39.24716127746652
2019-04-14 12:00:00,0.775,0.099,41.37513427918519
2019-04-14 13:00:00,0.706,0.037,52.658055376943096
2019-04-14 14:00:00,0.575,0.036,53.438796776257576
2019-04-14 15:00:00,0.401,0.059,32.98833264130005
2019-04-14 16:00:00,0.243,0.158,42.24025768761094
2019-04-14 17:00:00,0.07,0.263,30.026098647173175
2019-04-14 18:00:00,0.0,0.296,8.35981961713011
2019-04-14 19:00:00,0.0,0.296,33.897887674254655
2019-04-14 20:00:00,0.0,0.359,2.1660499620819316
2019-04-14 21:00:00,0.0,0.439,37.973074461198976
2019-04-14 22:00:00,0.0,0.455,40.196734384988446
2019-04-14 23:00:00,0.0,0.427,5.414178738556217
2019-04-15 00:00:00,0.0,0.352,26.175836195264182
2019-04-15 01:00:00,0.0,0.285,53.5880964766325
2019-04-15 02:00:00,0.0,0.256,18.88183735116649
2019-04-15 03:00:00,0.0,0.261,27.163846716403913
2019-04-15 04:00:00,0.0,0.287,31.62109938550251
2019-04-15 05:00:00,0.0,0.337,53.86259858456792
2019-04-15 06:00:00,0.116,0.355,57.484259752081144
2019-04-15 07:00:00,0.319,0.361,43.44060037345717
2019-04-15 08:00:00,0.388,0.328,37.05021610017252
2019-04-15 09:00:00,0.37,0.343,31.090540803319925
2019-04-15 10:00:00,0.392,0.368,33.617149747922944
2019-04-15 11:00:00,0.478,0.386,21.374736432491908
2019-04-15 12:00:00,0.489,0.401,62.3787029648207
2019-04-15 13:00:00,0.469,0.416,37.0413181981234
2019-04-15 14:00:00,0.509,0.409,27.511653294990136
2019-04-15 15:00:00,0.354,0.369,1.360726482546216
2019-04-15 16:00:00,0.19,0.334,24.66619020579119
2019-04-15 17:00:00,0.044,0.358,19.893810994782747
2019-04-15 18:00:00,0.0,0.444,55.82449713546157
2019-04-15 19:00:00,0.0,0.433,35.95198086751146
2019-04-15 20:00:00,0.0,0.42,27.289479980676084
2019-04-15 21:00:00,0.0,0.369,17.9437721723528
2019-04-15 22:00:00,0.0,0.33,39.65229535180416
2019-04-15 23:00:00,0.0,0.344,38.39957595832982
2019-04-16 00:00:00,0.0,0.302,40.89373773698083
2019-04-16 01:00:00,0.0,0.272,58.20372098650455
2019-04-16 02:00:00,0.0,0.305,47.733774146515245
2019-04-16 03:00:00,0.0,0.325,69.3755728286579
2019-04-16 04:00:00,0.0,0.278,36.58662373237766
2019-04-16 05:00:00,0.0,0.231,33.60289150890783
2019-04-16 06:00:00,0.113,0.168,25.151937024902736
2019-04-16 07:00:00,0.318,0.141,24.208951804241632
2019-04-16 08:00:00,0.51,0.121,29.75752850803193
2019-04-16 09:00:00,0.65,0.085,36.892678432073424
2019-04-16 10:00:00,0.663,0.079,34.24835750654822
2019-04-16 11:00:00,0.609,0.121,38.30829207579964
2019-04-16 12:00:00,0.555,0.179,22.886345549667244
2019-04-16 13:00:00,0.523,0.224,33.92727470460703
2019-04-16 14:00:00,0.417,0.251,45.85357894149699
2019-04-16 15:00:00,0.29,0.264,47.02686234031896
2019-04-16 16:00:00,0.206,0.272,17.33312252048033
2019-04-16 17:00:00,0.081,0.265,26.431899587777664
2019-04-16 18:00:00,0.0,0.252,22.51442772299395
2019-04-16 19:00:00,0.0,0.251,18.181172794653623
2019-04-16 20:00:00,0.0,0.256,40.30259679468078
2019-04-16 21:00:00,0.0,0.263,25.43075294338364
2019-04-16 22:00:00,0.0,0.251,35.96380077931976
2019-04-16 23:00:00,0.0,0.206,42.672929681249116
2019-04-17 00:00:00,0.0,0.147,41.16652595060546
2019-04-17 01:00:00,0.0,0.112,42.21145196281509
2019-04-17 02:00:00,0.0,0.112,33.51420264566556
2019-04-17 03:00:00,0.0,0.135,46.038323696970274
2019-04-17 04:00:00,0.0,0.162,53.145885931170895
2019-04-17 05:00:00,0.0,0.198,29.617524635507728
2019-04-17 06:00:00,0.106,0.215,39.01226682199991
2019-04-17 07:00:00,0.329,0.228,29.64569027160047
2019-04-17 08:00:00,0.52,0.264,59.56914441119487
2019-04-17 09:00:00,0.663,0.305,64.5691983886002
2019-04-17 10:00:00,0.734,0.328,55.46230156043042
2019-04-17 11:00:00,0.772,0.347,39.67671098967538
2019-04-17 12:00:00,0.786,0.354,57.65583456112792
2019-04-17 13:00:00,0.748,0.341,29.03464249337849
2019-04-17 14:00:00,0.649,0.33,8.874205943549324
2019-04-17 15:00:00,0.488,0.343,43.544965488036
2019-04-17 16:00:00,0.278,0.37,1.869074657405129
2019-04-17 17:00:00,0.078,0.395,22.378244573621707
2019-04-17 18:00:00,0.0,0.401,21.70412655218309
2019-04-17 19:00:00,0.0,0.397,36.937986598972444
2019-04-17 20:00:00,0.0,0.394,12.271973134973884
2019-04-17 21:00:00,0.0,0.461,21.731990929273888
2019-04-17 22:00:00,0.0,0.547,10.889729685491094
2019-04-17 23:00:00,0.0,0.61,45.79841845103388
2019-04-18 00:00:00,0.0,0.679,29.0408593941157
2019-04-18 01:00:00,0.0,0.677,38.67969335942909
2019-04-18 02:00:00,0.0,0.679,38.39096791235347
2019-04-18 03:00:00,0.0,0.723,39.908124007636864
2019-04-18 04:00:00,0.0,0.763,20.84027196967349
2019-04-18 05:00:00,0.0,0.767,58.31789680541722
2019-04-18 06:00:00,0.037,0.786,54.073743943741846
2019-04-18 07:00:00,0.086,0.851,47.1404522119934
2019-04-18 08:00:00,0.131,0.913,36.901098663627444
2019-04-18 09:00:00,0.189,0.947,42.47214798257015
2019-04-18 10:00:00,0.249,0.967,57.05186121558093
2019-04-18 11:00:00,0.378,0.971,33.60647627877357
2019-04-18 12:00:00,0.486,0.972,34.97949883608868
2019-04-18 13:00:00,0.395,0.975,26.597142682132812
2019-04-18 14:00:00,0.336,0.978,44.92510064564851
2019-04-18 15:00:00,0.248,0.978,57.78247037993506
2019-04-18 16:00:00,0.115,0.975,31.103917937319245
2019-04-18 17:00:00,0.032,0.966,46.56182715834629
2019-04-18 18:00:00,0.0,0.968,39.071024907468114
2019-04-18 19:00:00,0.0,0.96,51.83690345294374
2019-04-18 20:00:00,0.0,0.951,39.26848683587634
2019-04-18 21:00:00,0.0,0.953,18.948579359049358
2019-04-18 22:00:00,0.0,0.952,30.457475376014415
2019-04-18 23:00:00,0.0,0.935,18.967211727404177
2019-04-19 00:00:00,0.0,0.917,14.066598420599309
2019-04-19 01:00:00,0.0,0.883,33.287158737873504
2019-04-19 02:00:00,0.0,0.882,46.06620091294481
2019-04-19 03:00:00,0.0,0.857,44.56499196373489
2019-04-19 04:00:00,0.0,0.871,53.9790881204019
2019-04-19 05:00:00,0.0,0.903,47.08309059815976
2019-04-19 06:00:00,0.036,0.946,38.03901983806468
2019-04-19 07:00:00,0.119,0.985,47.42280646920746
2019-04-19 08:00:00,0.175,0.99,37.35998929020769
2019-04-19 09:00:00,0.22,0.991,37.68373948560984
2019-04-19 10:00:00,0.293,0.991,38.04041592500431
2019-04-19 11:00:00,0.376,0.991,44.94008155314445
2019-04-19 12:00:00,0.356,0.991,15.532232323265653
2019-04-19 13:00:00,0.271,0.991,17.53197855042241
2019-04-19 14:00:00,0.196,0.991,30.401487113582622
2019-04-19 15:00:00,0.126,0.991,41.350463555420866
2019-04-19 16:00:00,0.061,0.986,26.337106717620618
2019-04-19 17:00:00,0.014,0.976,34.419647441348346
2019-04-19 18:00:00,0.0,0.965,30.670637375862043
2019-04-19 19:00:00,0.0,0.947,15.240285847566
2019-04-19 20:00:00,0.0,0.927,19.808093730453752
2019-04-19 21:00:00,0.0,0.934,35.17806823913448
2019-04-19 22:00:00,0.0,0.921,32.03739555292103
2019-04-19 23:00:00,0.0,0.914,24.351477653897327
2019-04-20 00:00:00,0.0,0.9,37.37704920345747
2019-04-20 01:00:00,0.0,0.928,11.482363689970633
2019-04-20 02:00:00,0.0,0.928,48.96890050626833
2019-04-20 03:00:00,0.0,0.928,55.266443428749696
2019-04-20 04:00:00,0.0,0.922,32.965162022527636
2019-04-20 05:00:00,0.0,0.937,59.40458814272523
2019-04-20 06:00:00,0.047,0.944,34.0804498556632
2019-04-20 07:00:00,0.116,0.959,48.67275983959805
2019-04-20 08:00:00,0.162,0.96,55.83539748588844
2019-04-20 09:00:00,0.165,0.955,35.56209060549143
2019-04-20 10:00:00,0.157,0.949,35.81127416036818
2019-04-20 11:00:00,0.159,0.943,36.53412083994853
2019-04-20 12:00:00,0.17,0.941,40.3705840486399
2019-04-20 13:00:00,0.153,0.956,22.233113271325692
2019-04-20 14:00:00,0.1,0.974,45.23100707476728
2019-04-20 15:00:00,0.06,0.963,21.1654673652255
2019-04-20 16:00:00,0.025,0.941,33.25238180096497
2019-04-20 17:00:00,0.003,0.936,13.93730672278895
2019-04-20 18:00:00,0.0,0.916,20.32585802857927
2019-04-20 19:00:00,0.0,0.917,21.63597711042823
2019-04-20 20:00:00,0.0,0.92,15.986925932573985
2019-04-20 21:00:00,0.0,0.912,57.704160933454524
2019-04-20 22:00:00,0.0,0.909,40.99991661219449
2019-04-20 23:00:00,0.0,0.903,20.153625519288966
2019-04-21 00:00:00,0.0,0.895,36.69840191632692
2019-04-21 01:00:00,0.0,0.9,48.70841361339149
2019-04-21 02:00:00,0.0,0.917,55.874766745818846
2019-04-21 03:00:00,0.0,0.901,39.682866354053616
2019-04-21 04:00:00,0.0,0.884,45.40894523476891
2019-04-21 05:00:00,0.0,0.863,37.13985253684469
2019-04-21 06:00:00,0.043,0.812,19.519632776480492
2019-04-21 07:00:00,0.128,0.75,54.626155017651676
2019-04-21 08:00:00,0.216,0.833,36.129822149199
2019-04-21 09:00:00,0.366,0.906,12.278919683941837
2019-04-21 10:00:00,0.435,0.93,41.476068061149824
2019-04-21 11:00:00,0.464,0.928,25.540610861858223
2019-04-21 12:00:00,0.419,0.917,21.927463644510123
2019-04-21 13:00:00,0.373,0.92,49.21602854455969
2019-04-21 14:00:00,0.323,0.917,48.76954558902656
2019-04-21 15:00:00,0.282,0.914,51.90201830884304
2019-04-21 16:00:00,0.208,0.901,30.75894591383373
2019-04-21 17:00:00,0.071,0.86,41.56593034983095
2019-04-21 18:00:00,0.0,0.785,17.21032078106647
2019-04-21 19:00:00,0.0,0.838,51.657553842958855
2019-04-21 20:00:00,0.0,0.8,17.54239694092422
2019-04-21 21:00:00,0.0,0.781,35.94841358004928
2019-04-21 22:00:00,0.0,0.768,18.44077678335556
2019-04-21 23:00:00,0.0,0.77,41.189929335051644
2019-04-22 00:00:00,0.0,0.765,24.288602271488866
2019-04-22 01:00:00,0.0,0.762,59.43140066107536
2019-04-22 02:00:00,0.0,0.768,34.30230410339406
2019-04-22 03:00:00,0.0,0.733,52.87182879892277
2019-04-22 04:00:00,0.0,0.71,58.181510142570325
2019-04-22 05:00:00,0.0,0.758,34.420302178691315
2019-04-22 06:00:00,0.026,0.7,46.63910646709595
2019-04-22 07:00:00,0.074,0.643,33.28376528631368
2019-04-22 08:00:00,0.212,0.691,27.537411106818006
2019-04-22 09:00:00,0.366,0.72,47.39596071233116
2019-04-22 10:00:00,0.345,0.716,49.13646143223129
2019-04-22 11:00:00,0.337,0.71,51.95224435007613
2019-04-22 12:00:00,0.372,0.697,59.76647928888492
2019-04-22 13:00:00,0.459,0.636,42.991709207786315
2019-04-22 14:00:00,0.426,0.565,7.332339144365356
2019-04-22 15:00:00,0.303,0.539,39.84063709351293
2019-04-22 16:00:00,0.167,0.526,34.525470527218886
2019-04-22 17:00:00,0.052,0.447,29.140895456005342
2019-04-22 18:00:00,0.0,0.352,5.941109706506712
2019-04-22 19:00:00,0.0,0.267,30.981104249879195
2019-04-22 20:00:00,0.0,0.251,23.04767552609639
2019-04-22 21:00:00,0.0,0.277,36.578698343174
2019-04-22 22:00:00,0.0,0.283,39.324618144646216
2019-04-22 23:00:00,0.0,0.265,40.570288039099395
2019-04-23 00:00:00,0.0,0.241,37.85905946362739
2019-04-23 01:00:00,0.0,0.231,44.756308177184515
2019-04-23 02:00:00,0.0,0.229,47.43688275494742
2019-04-23 03:00:00,0.0,0.188,52.34808455808677
2019-04-23 04:00:00,0.0,0.109,60.742655302490185
2019-04-23 05:00:00,0.0,0.041,36.46012459729832
2019-04-23 06:00:00,0.074,0.012,43.86244656628237
2019-04-23 07:00:00,0.193,0.073,22.24360477039275
2019-04-23 08:00:00,0.308,0.195,46.7211676278524
2019-04-23 09:00:00,0.4,0.274,31.436848698925346
2019-04-23 10:00:00,0.539,0.311,36.95256542245734
2019-04-23 11:00:00,0.678,0.352,28.034232515052537
2019-04-23 12:00:00,0.74,0.4,19.265210727953647
2019-04-23 13:00:00,0.682,0.471,40.86592828972875
2019-04-23 14:00:00,0.561,0.543,39.54160336341076
2019-04-23 15:00:00,0.348,0.586,23.464225143227928
2019-04-23 16:00:00,0.188,0.559,37.6125513089363
2019-04-23 17:00:00,0.042,0.388,46.92364092358673
2019-04-23 18:00:00,0.0,0.276,12.938008142641007
2019-04-23 19:00:00,0.0,0.282,18.34071135306799
2019-04-23 20:00:00,0.0,0.349,36.161348645930964
2019-04-23 21:00:00,0.0,0.401,47.088190707426946
2019-04-23 22:00:00,0.0,0.454,14.862557394821202
2019-04-23 23:00:00,0.0,0.522,32.31766834915969
2019-04-24 00:00:00,0.0,0.569,39.198434770707046
2019-04-24 01:00:00,0.0,0.529,23.55759600804327
2019-04-24 02:00:00,0.0,0.444,20.570501051765532
2019-04-24 03:00:00,0.0,0.322,38.359172144883
2019-04-24 04:00:00,0.0,0.268,36.322442831578975
2019-04-24 05:00:00,0.004,0.197,34.25354913904583
2019-04-24 06:00:00,0.135,0.163,60.96920707662278
2019-04-24 07:00:00,0.357,0.199,64.40442985089258
2019-04-24 08:00:00,0.55,0.234,57.01519014558115
2019-04-24 09:00:00,0.674,0.357,38.89597134427034
2019-04-24 10:00:00,0.777,0.54,40.30474133578265
2019-04-24 11:00:00,0.827,0.7,50.42978167122689
2019-04-24 12:00:00,0.781,0.788,43.698132575172636
2019-04-24 13:00:00,0.671,0.83,20.02494277532231
2019-04-24 14:00:00,0.637,0.827,9.905241577899112
2019-04-24 15:00:00,0.489,0.826,23.460869770252145
2019-04-24 16:00:00,0.291,0.821,37.38931406479048
2019-04-24 17:00:00,0.096,0.8,23.896455106001774
2019-04-24 18:00:00,0.0,0.699,21.74964982420301
2019-04-24 19:00:00,0.0,0.686,19.795087991024708
2019-04-24 20:00:00,0.0,0.715,50.1634796751751
2019-04-24 21:00:00,0.0,0.756,27.424339161234624
2019-04-24 22:00:00,0.0,0.813,13.825758891535688
2019-04-24 23:00:00,0.0,0.844,39.78848160302904
2019-04-25 00:00:00,0.0,0.845,17.00907928826343
2019-04-25 01:00:00,0.0,0.835,40.785202164422344
2019-04-25 02:00:00,0.0,0.834,74.28486275954684
2019-04-25 03:00:00,0.0,0.824,20.982215365955945
2019-04-25 04:00:00,0.0,0.8,56.99353796485656
2019-04-25 05:00:00,0.005,0.775,41.12463596055183
2019-04-25 06:00:00,0.088,0.739,40.24548123230913
2019-04-25 07:00:00,0.19,0.718,43.998952216209744
2019-04-25 08:00:00,0.308,0.63,40.27908192129093
2019-04-25 09:00:00,0.472,0.502,56.42435845628922
2019-04-25 10:00:00,0.701,0.427,45.40312029946016
2019-04-25 11:00:00,0.788,0.479,42.55688394120423
2019-04-25 12:00:00,0.758,0.58,39.89137358562959
2019-04-25 13:00:00,0.697,0.68,21.728122130528778
2019-04-25 14:00:00,0.605,0.737,37.08289828518239
2019-04-25 15:00:00,0.406,0.778,24.323222675107232
2019-04-25 16:00:00,0.216,0.763,23.565118715462894
2019-04-25 17:00:00,0.083,0.659,43.51643331692585
2019-04-25 18:00:00,0.001,0.619,21.15374245025851
2019-04-25 19:00:00,0.0,0.59,38.52629517964694
2019-04-25 20:00:00,0.0,0.496,19.73146026575416
2019-04-25 21:00:00,0.0,0.449,37.12086692013558
2019-04-25 22:00:00,0.0,0.503,31.57935313527211
2019-04-25 23:00:00,0.0,0.595,25.071523316364768
2019-04-26 00:00:00,0.0,0.637,26.428438879510615
2019-04-26 01:00:00,0.0,0.643,30.37908060575027
2019-04-26 02:00:00,0.0,0.697,29.141473691850216
2019-04-26 03:00:00,0.0,0.756,48.82687876325667
2019-04-26 04:00:00,0.0,0.872,59.94302842172584
2019-04-26 05:00:00,0.004,0.859,36.8962349328707
2019-04-26 06:00:00,0.142,0.801,53.42245537416489
2019-04-26 07:00:00,0.362,0.875,59.8573840815766
2019-04-26 08:00:00,0.551,0.883,43.57483375715105
2019-04-26 09:00:00,0.691,0.873,41.448105738521754
2019-04-26 10:00:00,0.781,0.869,58.280540020734534
2019-04-26 11:00:00,0.819,0.862,13.779011471779935
2019-04-26 12:00:00,0.811,0.844,27.571630972354672
2019-04-26 13:00:00,0.759,0.818,37.8296892949459
2019-04-26 14:00:00,0.659,0.812,54.85581441142101
2019-04-26 15:00:00,0.507,0.822,17.070003765307295
2019-04-26 16:00:00,0.311,0.817,39.43037771160445
2019-04-26 17:00:00,0.1,0.782,17.378387427976605
2019-04-26 18:00:00,0.001,0.682,11.646454635230143
2019-04-26 19:00:00,0.0,0.601,39.55977436839241
2019-04-26 20:00:00,0.0,0.547,33.261306717966605
2019-04-26 21:00:00,0.0,0.52,2.3826276561188706
2019-04-26 22:00:00,0.0,0.481,49.563246328538426
2019-04-26 23:00:00,0.0,0.432,40.33455866773234
2019-04-27 00:00:00,0.0,0.435,17.265590012906433
2019-04-27 01:00:00,0.0,0.448,30.16552003391524
2019-04-27 02:00:00,0.0,0.444,40.820948074961215
2019-04-27 03:00:00,0.0,0.443,42.38269326828781
2019-04-27 04:00:00,0.0,0.433,31.059086506684885
2019-04-27 05:00:00,0.006,0.415,52.66806716773224
2019-04-27 06:00:00,0.141,0.325,72.2663869901516
2019-04-27 07:00:00,0.356,0.278,52.12317594170534
2019-04-27 08:00:00,0.545,0.192,48.095135863937834
2019-04-27 09:00:00,0.686,0.142,44.1051281514289
2019-04-27 10:00:00,0.774,0.121,27.540448346749162
2019-04-27 11:00:00,0.813,0.127,33.0326925839062
2019-04-27 12:00:00,0.807,0.153,62.97282519211295
2019-04-27 13:00:00,0.753,0.193,41.823302958462456
2019-04-27 14:00:00,0.649,0.261,25.87335100008839
2019-04-27 15:00:00,0.5,0.35,33.28196765053117
2019-04-27 16:00:00,0.302,0.429,33.75852034166699
2019-04-27 17:00:00,0.099,0.459,9.440830295471848
2019-04-27 18:00:00,0.001,0.459,17.94564655109848
2019-04-27 19:00:00,0.0,0.498,32.13580459243494
2019-04-27 20:00:00,0.0,0.481,20.21239383721233
2019-04-27 21:00:00,0.0,0.425,35.366533860546184
2019-04-27 22:00:00,0.0,0.337,41.45745529667432
2019-04-27 23:00:00,0.0,0.237,44.47732587711731
2019-04-28 00:00:00,0.0,0.21,12.309661945928504
2019-04-28 01:00:00,0.0,0.235,66.84475942242474
2019-04-28 02:00:00,0.0,0.272,30.99066149256854
2019-04-28 03:00:00,0.0,0.255,77.54486834810774
2019-04-28 04:00:00,0.0,0.236,54.31928752470654
2019-04-28 05:00:00,0.009,0.199,32.81699355062352
2019-04-28 06:00:00,0.122,0.133,52.47299274445992
2019-04-28 07:00:00,0.306,0.076,30.628112514514715
2019-04-28 08:00:00,0.489,0.031,44.334953844933025
2019-04-28 09:00:00,0.586,0.007,29.85424700293193
2019-04-28 10:00:00,0.667,0.02,52.724511320163515
2019-04-28 11:00:00,0.71,0.05,44.60295092583871
2019-04-28 12:00:00,0.724,0.101,33.70779533363537
2019-04-28 13:00:00,0.763,0.136,45.478225670422866
2019-04-28 14:00:00,0.662,0.132,32.725946625437125
2019-04-28 15:00:00,0.508,0.145,32.10830354641811
2019-04-28 16:00:00,0.308,0.227,63.35549888491833
2019-04-28 17:00:00,0.103,0.335,20.37743626548923
2019-04-28 18:00:00,0.003,0.476,44.64277007776307
2019-04-28 19:00:00,0.0,0.475,50.84891524681062
2019-04-28 20:00:00,0.0,0.4,36.16795405277186
2019-04-28 21:00:00,0.0,0.34,63.96979531901265
2019-04-28 22:00:00,0.0,0.281,16.358495167993677
2019-04-28 23:00:00,0.0,0.223,50.79065258914493
2019-04-29 00:00:00,0.0,0.179,50.98945855253783
2019-04-29 01:00:00,0.0,0.148,8.616228359231037
2019-04-29 02:00:00,0.0,0.127,21.927033876571294
2019-04-29 03:00:00,0.0,0.111,32.71493650178893
2019-04-29 04:00:00,0.0,0.093,40.623288907388485
2019-04-29 05:00:00,0.01,0.069,21.67812629470639
2019-04-29 06:00:00,0.106,0.063,32.665255805290045
2019-04-29 07:00:00,0.289,0.091,44.33012920666432
2019-04-29 08:00:00,0.451,0.108,43.36149563384586
2019-04-29 09:00:00,0.529,0.122,36.548596989903245
2019-04-29 10:00:00,0.595,0.142,54.374250851187114
2019-04-29 11:00:00,0.662,0.16,49.59506703559319
2019-04-29 12:00:00,0.683,0.192,33.44204230523918
2019-04-29 13:00:00,0.61,0.217,43.232969324938736
2019-04-29 14:00:00,0.505,0.225,38.816654702116764
2019-04-29 15:00:00,0.414,0.243,17.162402149878176
2019-04-29 16:00:00,0.271,0.259,33.17477063255858
2019-04-29 17:00:00,0.102,0.3,30.64285375486916
2019-04-29 18:00:00,0.004,0.345,32.82713067713712
2019-04-29 19:00:00,0.0,0.289,26.81455533053011
2019-04-29 20:00:00,0.0,0.218,14.176780242818134
2019-04-29 21:00:00,0.0,0.185,21.653912717831147
2019-04-29 22:00:00,0.0,0.167,29.813963020837832
2019-04-29 23:00:00,0.0,0.137,21.731226211954002
2019-04-30 00:00:00,0.0,0.113,46.50183701451719
2019-04-30 01:00:00,0.0,0.105,39.495148312439994
2019-04-30 02:00:00,0.0,0.098,42.98566244060509
2019-04-30 03:00:00,0.0,0.088,15.382513786767007
2019-04-30 04:00:00,0.0,0.082,34.41643727986529
2019-04-30 05:00:00,0.011,0.076,37.152701453485044
2019-04-30 06:00:00,0.12,0.068,34.33944119916184
2019-04-30 07:00:00,0.278,0.062,14.854178946330016
2019-04-30 08:00:00,0.417,0.062,49.56649412605371
2019-04-30 09:00:00,0.448,0.057,28.078849913239694
2019-04-30 10:00:00,0.62,0.073,35.73864589056304
2019-04-30 11:00:00,0.747,0.125,39.83210329897561
2019-04-30 12:00:00,0.763,0.2,45.81934063951604
2019-04-30 13:00:00,0.725,0.245,39.24887418258354
2019-04-30 14:00:00,0.636,0.266,32.824913542165866
2019-04-30 15:00:00,0.495,0.277,19.74600834405861
2019-04-30 16:00:00,0.305,0.299,24.644719804919536
2019-04-30 17:00:00,0.105,0.345,36.38599149061183
2019-04-30 18:00:00,0.004,0.347,37.192271871741546
2019-04-30 19:00:00,0.0,0.245,20.288802695476953
2019-04-30 20:00:00,0.0,0.141,1.0543437997846574
2019-04-30 21:00:00,0.0,0.079,52.146084584507506
2019-04-30 22:00:00,0.0,0.048,39.911006819592075
2019-04-30 23:00:00,0.0,0.043,39.150024790700684
2019-05-01 00:00:00,0.0,0.045,45.960217089221786
2019-05-01 01:00:00,0.0,0.043,46.31532439193793
2019-05-01 02:00:00,0.0,0.037,47.62124422565192
2019-05-01 03:00:00,0.0,0.026,45.61353115970789
2019-05-01 04:00:00,0.0,0.017,45.70780515159517
2019-05-01 05:00:00,0.011,0.015,47.5737412477142
2019-05-01 06:00:00,0.128,0.018,55.777536316244586
2019-05-01 07:00:00,0.343,0.028,28.423172515795482
2019-05-01 08:00:00,0.533,0.043,40.24935616018484
2019-05-01 09:00:00,0.675,0.076,18.381477083401947
2019-05-01 10:00:00,0.76,0.115,51.51926305968338
2019-05-01 11:00:00,0.794,0.151,45.02971137146267
2019-05-01 12:00:00,0.789,0.179,30.414731549069838
2019-05-01 13:00:00,0.749,0.204,1.1522972892623926
2019-05-01 14:00:00,0.657,0.242,31.984386350194296
2019-05-01 15:00:00,0.505,0.279,39.59643953793979
2019-05-01 16:00:00,0.307,0.315,37.92673872037985
2019-05-01 17:00:00,0.103,0.348,24.700423716521442
2019-05-01 18:00:00,0.004,0.332,8.893767736846552
2019-05-01 19:00:00,0.0,0.253,25.5728016372849
2019-05-01 20:00:00,0.0,0.172,52.20698396126575
2019-05-01 21:00:00,0.0,0.108,30.13365019735141
2019-05-01 22:00:00,0.0,0.06,33.1389507189789
2019-05-01 23:00:00,0.0,0.041,59.511556702477655
2019-05-02 00:00:00,0.0,0.037,57.179835542749515
2019-05-02 01:00:00,0.0,0.026,29.176121378041543
2019-05-02 02:00:00,0.0,0.028,39.753282193976375
2019-05-02 03:00:00,0.0,0.048,51.502834837626104
2019-05-02 04:00:00,0.0,0.085,55.39122741154371
2019-05-02 05:00:00,0.0,0.148,18.563997225969835
2019-05-02 06:00:00,0.047,0.186,43.161161289425856
2019-05-02 07:00:00,0.167,0.155,32.15933336464683
2019-05-02 08:00:00,0.303,0.092,50.34558442215527
2019-05-02 09:00:00,0.46,0.104,26.25670436081691
2019-05-02 10:00:00,0.576,0.201,36.6818957657107
2019-05-02 11:00:00,0.626,0.294,51.35647842682449
2019-05-02 12:00:00,0.646,0.285,24.322183071414823
2019-05-02 13:00:00,0.595,0.237,14.918079232979643
2019-05-02 14:00:00,0.536,0.193,50.673635338769735
2019-05-02 15:00:00,0.437,0.179,24.538758057942033
2019-05-02 16:00:00,0.276,0.191,22.571269744897624
2019-05-02 17:00:00,0.106,0.241,22.85722843018027
2019-05-02 18:00:00,0.008,0.28,9.926763745503713
2019-05-02 19:00:00,0.0,0.231,30.033164831139644
2019-05-02 20:00:00,0.0,0.138,25.188042863889265
2019-05-02 21:00:00,0.0,0.069,31.63686860648584
2019-05-02 22:00:00,0.0,0.032,30.06115807540441
2019-05-02 23:00:00,0.0,0.022,37.404389677890755
2019-05-03 00:00:00,0.0,0.025,5.002785240720119
2019-05-03 01:00:00,0.0,0.057,53.26401591495093
2019-05-03 02:00:00,0.0,0.106,57.2653135676877
2019-05-03 03:00:00,0.0,0.141,40.36579666329979
2019-05-03 04:00:00,0.0,0.146,42.06381359783331
2019-05-03 05:00:00,0.016,0.156,37.7693076179532
2019-05-03 06:00:00,0.115,0.173,30.89085867396268
2019-05-03 07:00:00,0.236,0.195,61.44975941357316
2019-05-03 08:00:00,0.31,0.17,39.383608747757464
2019-05-03 09:00:00,0.34,0.142,11.016860341673038
2019-05-03 10:00:00,0.405,0.127,63.73554857749438
2019-05-03 11:00:00,0.455,0.133,31.072817691526197
2019-05-03 12:00:00,0.453,0.167,50.314611415045704
2019-05-03 13:00:00,0.392,0.163,18.43196288154762
2019-05-03 14:00:00,0.32,0.097,27.218279639110442
2019-05-03 15:00:00,0.292,0.038,25.92600846749374
2019-05-03 16:00:00,0.227,0.022,50.418604235175835
2019-05-03 17:00:00,0.089,0.075,37.336675795954456
2019-05-03 18:00:00,0.006,0.188,40.79773071037871
2019-05-03 19:00:00,0.0,0.264,27.205613892061884
2019-05-03 20:00:00,0.0,0.226,16.74598390680813
2019-05-03 21:00:00,0.0,0.117,32.80258037970292
2019-05-03 22:00:00,0.0,0.031,1.0524352437853608
2019-05-03 23:00:00,0.0,0.01,40.93532689732336
2019-05-04 00:00:00,0.0,0.093,40.47341499498154
2019-05-04 01:00:00,0.0,0.215,53.33831530145635
2019-05-04 02:00:00,0.0,0.323,33.90499322763142
2019-05-04 03:00:00,0.0,0.376,56.48711703031528
2019-05-04 04:00:00,0.0,0.422,20.268092179782077
2019-05-04 05:00:00,0.014,0.479,36.22594467132849
2019-05-04 06:00:00,0.151,0.476,30.997071764994786
2019-05-04 07:00:00,0.367,0.464,36.775720429607134
2019-05-04 08:00:00,0.554,0.398,40.90116833066913
2019-05-04 09:00:00,0.692,0.332,44.29929899227754
2019-05-04 10:00:00,0.782,0.312,10.084030455690943
2019-05-04 11:00:00,0.823,0.329,37.26735179460779
2019-05-04 12:00:00,0.816,0.35,18.511531673120892
2019-05-04 13:00:00,0.763,0.379,37.05335518630885
2019-05-04 14:00:00,0.662,0.433,13.829733803146809
2019-05-04 15:00:00,0.51,0.541,32.27913255201919
2019-05-04 16:00:00,0.316,0.672,45.93486546682895
2019-05-04 17:00:00,0.107,0.767,34.68422298077801
2019-05-04 18:00:00,0.006,0.863,44.512517209938586
2019-05-04 19:00:00,0.0,0.918,35.18111518798195
2019-05-04 20:00:00,0.0,0.957,31.653868226448495
2019-05-04 21:00:00,0.0,0.953,42.191770064328864
2019-05-04 22:00:00,0.0,0.903,23.51875822049029
2019-05-04 23:00:00,0.0,0.851,30.932589271994676
2019-05-05 00:00:00,0.0,0.811,38.21994807234662
2019-05-05 01:00:00,0.0,0.736,34.70475080583706
2019-05-05 02:00:00,0.0,0.607,37.568247333944356
2019-05-05 03:00:00,0.0,0.525,49.0492864015769
2019-05-05 04:00:00,0.0,0.566,61.272594992522066
2019-05-05 05:00:00,0.012,0.608,52.56822065493543
2019-05-05 06:00:00,0.159,0.63,48.87404694577875
2019-05-05 07:00:00,0.386,0.647,48.291976853490326
2019-05-05 08:00:00,0.581,0.594,36.46344628987982
2019-05-05 09:00:00,0.723,0.51,36.20338484087756
2019-05-05 10:00:00,0.81,0.398,45.641839558521085
2019-05-05 11:00:00,0.849,0.305,33.42550861967468
2019-05-05 12:00:00,0.84,0.264,29.33718526942127
2019-05-05 13:00:00,0.784,0.249,43.727270715355054
2019-05-05 14:00:00,0.681,0.229,50.24891218731504
2019-05-05 15:00:00,0.527,0.22,14.14768970249968
2019-05-05 16:00:00,0.327,0.237,22.495316909977333
2019-05-05 17:00:00,0.109,0.28,23.906962892185955
2019-05-05 18:00:00,0.005,0.414,10.896769276670351
2019-05-05 19:00:00,0.0,0.575,16.751275773732168
2019-05-05 20:00:00,0.0,0.599,25.640915887114385
2019-05-05 21:00:00,0.0,0.514,28.451200337921712
2019-05-05 22:00:00,0.0,0.444,16.609525476165643
2019-05-05 23:00:00,0.0,0.378,27.122216723557422
2019-05-06 00:00:00,0.0,0.28,26.401006620175345
2019-05-06 01:00:00,0.0,0.187,31.142005454471704
2019-05-06 02:00:00,0.0,0.134,24.534677244107648
2019-05-06 03:00:00,0.0,0.118,39.121425375286215
2019-05-06 04:00:00,0.0,0.095,44.17183774683046
2019-05-06 05:00:00,0.018,0.067,56.771981559348944
2019-05-06 06:00:00,0.135,0.022,70.81657723507205
2019-05-06 07:00:00,0.341,0.017,42.6836491600419
2019-05-06 08:00:00,0.52,0.077,52.07883973162373
2019-05-06 09:00:00,0.659,0.125,53.404352283797216
2019-05-06 10:00:00,0.776,0.172,40.909189928079996
2019-05-06 11:00:00,0.827,0.221,50.76103843485442
2019-05-06 12:00:00,0.823,0.243,29.99912526649085
2019-05-06 13:00:00,0.77,0.261,36.33697023290737
2019-05-06 14:00:00,0.668,0.272,36.133804415993126
2019-05-06 15:00:00,0.517,0.264,29.970827042145444
2019-05-06 16:00:00,0.321,0.278,25.76981531649058
2019-05-06 17:00:00,0.111,0.355,11.411298076938348
2019-05-06 18:00:00,0.008,0.464,34.198715290491265
2019-05-06 19:00:00,0.0,0.434,28.723817745974983
2019-05-06 20:00:00,0.0,0.32,17.829211899543793
2019-05-06 21:00:00,0.0,0.234,27.50711562489989
2019-05-06 22:00:00,0.0,0.174,30.37809430796202
2019-05-06 23:00:00,0.0,0.136,31.21169016836245
2019-05-07 00:00:00,0.0,0.125,49.670594334539544
2019-05-07 01:00:00,0.0,0.114,26.714971466117664
2019-05-07 02:00:00,0.0,0.116,40.36890424562585
2019-05-07 03:00:00,0.0,0.107,38.721299834680316
2019-05-07 04:00:00,0.0,0.095,55.512200445654535
2019-05-07 05:00:00,0.019,0.105,26.781132948942066
2019-05-07 06:00:00,0.132,0.101,31.926327722467438
2019-05-07 07:00:00,0.314,0.135,46.74141697756447
2019-05-07 08:00:00,0.494,0.161,33.261806819498446
2019-05-07 09:00:00,0.626,0.213,28.43721756198033
2019-05-07 10:00:00,0.691,0.274,42.06805325972804
2019-05-07 11:00:00,0.738,0.31,30.05926595314493
2019-05-07 12:00:00,0.694,0.323,8.569681296726081
2019-05-07 13:00:00,0.424,0.33,37.72394279010071
2019-05-07 14:00:00,0.387,0.311,36.66047917445616
2019-05-07 15:00:00,0.48,0.285,35.05016349755873
2019-05-07 16:00:00,0.305,0.305,25.416857683732673
2019-05-07 17:00:00,0.106,0.307,37.24224613957156
2019-05-07 18:00:00,0.003,0.32,18.447159501832726
2019-05-07 19:00:00,0.0,0.287,39.43098279426037
2019-05-07 20:00:00,0.0,0.272,36.27307305213634
2019-05-07 21:00:00,0.0,0.305,33.03443221065086
2019-05-07 22:00:00,0.0,0.351,39.455306946368935
2019-05-07 23:00:00,0.0,0.368,4.402073943088531
2019-05-08 00:00:00,0.0,0.358,20.677012932723574
2019-05-08 01:00:00,0.0,0.334,34.22590597602362
2019-05-08 02:00:00,0.0,0.32,41.697122137783985
2019-05-08 03:00:00,0.0,0.302,63.70382741786979
2019-05-08 04:00:00,0.0,0.289,34.66511614263345
2019-05-08 05:00:00,0.018,0.238,58.34550236684933
2019-05-08 06:00:00,0.1,0.168,27.95581435924415
2019-05-08 07:00:00,0.094,0.176,50.88076201500763
2019-05-08 08:00:00,0.28,0.228,41.87301730222155
2019-05-08 09:00:00,0.632,0.416,45.128205948962446
2019-05-08 10:00:00,0.726,0.522,28.854556336151106
2019-05-08 11:00:00,0.747,0.58,32.49415337702001
2019-05-08 12:00:00,0.711,0.666,27.18239178655321
2019-05-08 13:00:00,0.529,0.663,32.38565023889933
2019-05-08 14:00:00,0.354,0.666,37.910151270251724
2019-05-08 15:00:00,0.314,0.711,25.735170128602036
2019-05-08 16:00:00,0.26,0.783,32.65970888061288
2019-05-08 17:00:00,0.108,0.822,22.492292065185097
2019-05-08 18:00:00,0.011,0.852,2.90289397692856
2019-05-08 19:00:00,0.0,0.866,39.15561074173277
2019-05-08 20:00:00,0.0,0.855,21.555930248543426
2019-05-08 21:00:00,0.0,0.862,28.63586470489605
2019-05-08 22:00:00,0.0,0.86,35.01596944990351
2019-05-08 23:00:00,0.0,0.811,28.682445479250582
2019-05-09 00:00:00,0.0,0.808,26.353570441743212
2019-05-09 01:00:00,0.0,0.822,40.09671760287311
2019-05-09 02:00:00,0.0,0.781,59.35423936595659
2019-05-09 03:00:00,0.0,0.747,39.59099785225697
2019-05-09 04:00:00,0.0,0.717,35.84868511207654
2019-05-09 05:00:00,0.021,0.655,44.32279556850375
2019-05-09 06:00:00,0.136,0.586,38.20072813621619
2019-05-09 07:00:00,0.335,0.667,40.74521150185421
2019-05-09 08:00:00,0.533,0.58,54.62970119125795
2019-05-09 09:00:00,0.677,0.48,29.654535332416806
2019-05-09 10:00:00,0.765,0.321,41.19064330105082
2019-05-09 11:00:00,0.804,0.208,21.55070717127339
2019-05-09 12:00:00,0.793,0.172,61.98330805596848
2019-05-09 13:00:00,0.744,0.181,20.713574363872272
2019-05-09 14:00:00,0.645,0.22,12.990122681466424
2019-05-09 15:00:00,0.498,0.277,33.52698660906012
2019-05-09 16:00:00,0.301,0.341,39.25690588933344
2019-05-09 17:00:00,0.107,0.364,23.684001494131966
2019-05-09 18:00:00,0.013,0.388,17.519161423705775
2019-05-09 19:00:00,0.0,0.333,5.727723680791502
2019-05-09 20:00:00,0.0,0.252,28.422715804617887
2019-05-09 21:00:00,0.0,0.198,23.774875939715837
2019-05-09 22:00:00,0.0,0.151,36.169540426675546
2019-05-09 23:00:00,0.0,0.085,35.846024488524804
2019-05-10 00:00:00,0.0,0.041,25.544399484398987
2019-05-10 01:00:00,0.0,0.036,25.590756896198936
2019-05-10 02:00:00,0.0,0.079,45.586630209938136
2019-05-10 03:00:00,0.0,0.116,31.80681358914064
2019-05-10 04:00:00,0.0,0.113,45.26495690386612
2019-05-10 05:00:00,0.021,0.092,53.08278723819203
2019-05-10 06:00:00,0.152,0.068,47.88521906777041
2019-05-10 07:00:00,0.349,0.15,76.18124375727024
2019-05-10 08:00:00,0.523,0.192,45.939772325522995
2019-05-10 09:00:00,0.655,0.152,60.657656242374344
2019-05-10 10:00:00,0.738,0.127,34.0167617729724
2019-05-10 11:00:00,0.776,0.176,13.931190184245331
2019-05-10 12:00:00,0.752,0.265,30.714719495926808
2019-05-10 13:00:00,0.654,0.358,43.25878587076616
2019-05-10 14:00:00,0.532,0.406,23.964706515311804
2019-05-10 15:00:00,0.437,0.381,18.255148454460187
2019-05-10 16:00:00,0.268,0.319,16.629052689373985
2019-05-10 17:00:00,0.105,0.266,49.279916158645534
2019-05-10 18:00:00,0.01,0.223,15.222326702800958
2019-05-10 19:00:00,0.0,0.171,38.186110742266735
2019-05-10 20:00:00,0.0,0.122,33.539773973944165
2019-05-10 21:00:00,0.0,0.085,38.430043916528646
2019-05-10 22:00:00,0.0,0.072,22.310958394585647
2019-05-10 23:00:00,0.0,0.073,28.169842509479686
2019-05-11 00:00:00,0.0,0.076,29.55058391779808
2019-05-11 01:00:00,0.0,0.086,44.41461161318797
2019-05-11 02:00:00,0.0,0.118,35.30643360247467
2019-05-11 03:00:00,0.0,0.112,40.49964815508139
2019-05-11 04:00:00,0.0,0.093,41.62324211649399
2019-05-11 05:00:00,0.02,0.094,48.584766346940874
2019-05-11 06:00:00,0.149,0.105,64.22371047123688
2019-05-11 07:00:00,0.345,0.134,14.638382003463349
2019-05-11 08:00:00,0.514,0.14,27.592322598939163
2019-05-11 09:00:00,0.623,0.113,40.05687298782025
2019-05-11 10:00:00,0.696,0.126,51.14751716056067
2019-05-11 11:00:00,0.764,0.177,37.44254501623667
2019-05-11 12:00:00,0.773,0.231,25.409719819016118
2019-05-11 13:00:00,0.733,0.326,42.98710252694373
2019-05-11 14:00:00,0.639,0.459,41.40093379440536
2019-05-11 15:00:00,0.499,0.552,19.34244671492911
2019-05-11 16:00:00,0.317,0.552,4.123227314147652
2019-05-11 17:00:00,0.112,0.481,34.72300937433296
2019-05-11 18:00:00,0.012,0.361,38.88828101169763
2019-05-11 19:00:00,0.0,0.26,28.01309465116078
2019-05-11 20:00:00,0.0,0.251,33.66173508254188
2019-05-11 21:00:00,0.0,0.269,27.784726511054377
2019-05-11 22:00:00,0.0,0.189,58.07584738149238
2019-05-11 23:00:00,0.0,0.133,36.87816878772017
2019-05-12 00:00:00,0.0,0.156,37.622670631692024
2019-05-12 01:00:00,0.0,0.268,30.18365366496954
2019-05-12 02:00:00,0.0,0.416,46.718825747148514
2019-05-12 03:00:00,0.0,0.54,49.12171024972038
2019-05-12 04:00:00,0.0,0.586,22.622529579539517
2019-05-12 05:00:00,0.017,0.59,47.045713828145
2019-05-12 06:00:00,0.16,0.592,47.412524595725436
2019-05-12 07:00:00,0.373,0.55,36.69306433194886
2019-05-12 08:00:00,0.559,0.466,32.103239146947956
2019-05-12 09:00:00,0.695,0.356,44.542939346652496
2019-05-12 10:00:00,0.779,0.262,33.320210886633035
2019-05-12 11:00:00,0.809,0.201,22.751520803824846
2019-05-12 12:00:00,0.8,0.158,35.146594116853855
2019-05-12 13:00:00,0.751,0.121,25.312207981744404
2019-05-12 14:00:00,0.658,0.089,32.885072884410725
2019-05-12 15:00:00,0.514,0.059,20.401647725426137
2019-05-12 16:00:00,0.323,0.079,7.041571510438061
2019-05-12 17:00:00,0.113,0.158,27.798568431114532
2019-05-12 18:00:00,0.012,0.261,29.181307033922913
2019-05-12 19:00:00,0.0,0.272,18.364911035764592
2019-05-12 20:00:00,0.0,0.161,33.4215629667591
2019-05-12 21:00:00,0.0,0.069,22.843632975298394
2019-05-12 22:00:00,0.0,0.003,32.855824335228846
2019-05-12 23:00:00,0.0,0.002,49.75838010715303
2019-05-13 00:00:00,0.0,0.045,25.2872733377943
2019-05-13 01:00:00,0.0,0.125,29.80153747885071
2019-05-13 02:00:00,0.0,0.209,51.61101872267543
2019-05-13 03:00:00,0.0,0.302,38.097592481876035
2019-05-13 04:00:00,0.0,0.383,39.78083313556429
2019-05-13 05:00:00,0.017,0.379,49.13136419816816
2019-05-13 06:00:00,0.162,0.264,26.415543492484062
2019-05-13 07:00:00,0.378,0.2,50.67027755449673
2019-05-13 08:00:00,0.564,0.117,54.29345622225756
2019-05-13 09:00:00,0.702,0.076,18.97269706994151
2019-05-13 10:00:00,0.788,0.098,47.93576678819261
2019-05-13 11:00:00,0.827,0.172,43.30895741204948
2019-05-13 12:00:00,0.818,0.237,30.15062866780981
2019-05-13 13:00:00,0.764,0.354,30.342339827708937
2019-05-13 14:00:00,0.659,0.413,31.790212568422806
2019-05-13 15:00:00,0.507,0.348,33.43974727177048
2019-05-13 16:00:00,0.318,0.276,35.11589036953129
2019-05-13 17:00:00,0.114,0.239,6.077011098088601
2019-05-13 18:00:00,0.014,0.22,29.334461313970287
2019-05-13 19:00:00,0.0,0.194,23.215276538879856
2019-05-13 20:00:00,0.0,0.147,19.130842635811767
2019-05-13 21:00:00,0.0,0.096,19.120238034812118
2019-05-13 22:00:00,0.0,0.072,36.74790618295138
2019-05-13 23:00:00,0.0,0.072,21.600916216033838
2019-05-14 00:00:00,0.0,0.07,31.494743600829608
2019-05-14 01:00:00,0.0,0.059,19.536952976971925
2019-05-14 02:00:00,0.0,0.045,20.805245294851172
2019-05-14 03:00:00,0.0,0.041,59.99654914573857
2019-05-14 04:00:00,0.0,0.041,48.94663280056069
2019-05-14 05:00:00,0.019,0.037,47.92018540521912
2019-05-14 06:00:00,0.158,0.004,46.26296004185588
2019-05-14 07:00:00,0.362,0.026,49.07485910179878
2019-05-14 08:00:00,0.543,0.095,57.66745146678545
2019-05-14 09:00:00,0.678,0.158,38.354725356269135
2019-05-14 10:00:00,0.765,0.218,20.138736533827487
2019-05-14 11:00:00,0.804,0.281,26.750503900902103
2019-05-14 12:00:00,0.798,0.344,43.77750649820819
2019-05-14 13:00:00,0.747,0.386,45.4464584822338
2019-05-14 14:00:00,0.649,0.413,37.384239379375565
2019-05-14 15:00:00,0.503,0.41,10.613097409528969
2019-05-14 16:00:00,0.316,0.401,44.60046096407909
2019-05-14 17:00:00,0.114,0.426,40.19992701710041
2019-05-14 18:00:00,0.016,0.442,35.44713290813972
2019-05-14 19:00:00,0.0,0.333,27.683946365153833
2019-05-14 20:00:00,0.0,0.181,51.14009838190814
2019-05-14 21:00:00,0.0,0.101,29.569603849485528
2019-05-14 22:00:00,0.0,0.067,21.06103560109574
2019-05-14 23:00:00,0.0,0.055,37.00560944743848
2019-05-15 00:00:00,0.0,0.05,24.641826714262297
2019-05-15 01:00:00,0.0,0.041,43.26323752611219
2019-05-15 02:00:00,0.0,0.031,62.87592829877819
2019-05-15 03:00:00,0.0,0.025,43.040952121091976
2019-05-15 04:00:00,0.0,0.027,56.679325278021864
2019-05-15 05:00:00,0.021,0.051,36.933232343193744
2019-05-15 06:00:00,0.157,0.048,48.21322088258581
2019-05-15 07:00:00,0.36,0.046,70.64017394180992
2019-05-15 08:00:00,0.54,0.072,71.57987944483587
2019-05-15 09:00:00,0.674,0.139,45.76381291004171
2019-05-15 10:00:00,0.76,0.243,23.292848742317048
2019-05-15 11:00:00,0.796,0.377,19.528250044706027
2019-05-15 12:00:00,0.797,0.46,19.811905020452667
2019-05-15 13:00:00,0.745,0.449,27.564535529577164
2019-05-15 14:00:00,0.636,0.425,17.68911107324812
2019-05-15 15:00:00,0.495,0.423,49.022785027119085
2019-05-15 16:00:00,0.314,0.444,10.755529431601943
2019-05-15 17:00:00,0.116,0.494,28.868389901557197
2019-05-15 18:00:00,0.017,0.519,5.0256010181474835
2019-05-15 19:00:00,0.0,0.456,31.112712591558395
2019-05-15 20:00:00,0.0,0.376,16.71908899515157
2019-05-15 21:00:00,0.0,0.317,21.063566820271138
2019-05-15 22:00:00,0.0,0.259,39.64734671389214
2019-05-15 23:00:00,0.0,0.205,33.8751319730623
2019-05-16 00:00:00,0.0,0.15,57.1278563606343
2019-05-16 01:00:00,0.0,0.106,16.39478864492945
2019-05-16 02:00:00,0.0,0.07,33.20276405941577
2019-05-16 03:00:00,0.0,0.047,39.02603189258999
2019-05-16 04:00:00,0.0,0.039,48.61293955043946
2019-05-16 05:00:00,0.026,0.038,66.75951023671402
2019-05-16 06:00:00,0.158,0.062,57.17540640081246
2019-05-16 07:00:00,0.359,0.149,43.969723663754806
2019-05-16 08:00:00,0.537,0.23,60.429683409542065
2019-05-16 09:00:00,0.673,0.294,39.05905408747209
2019-05-16 10:00:00,0.757,0.352,50.68855660948067
2019-05-16 11:00:00,0.761,0.403,40.429477296723576
2019-05-16 12:00:00,0.535,0.447,36.30223321751721
2019-05-16 13:00:00,0.389,0.436,30.033805798245602
2019-05-16 14:00:00,0.519,0.394,32.08511208020362
2019-05-16 15:00:00,0.5,0.347,15.29774292220766
2019-05-16 16:00:00,0.315,0.343,37.44369659295958
2019-05-16 17:00:00,0.118,0.396,19.838698942821654
2019-05-16 18:00:00,0.019,0.467,25.254754374961024
2019-05-16 19:00:00,0.0,0.498,25.050840489197704
2019-05-16 20:00:00,0.0,0.505,33.01639189453689
2019-05-16 21:00:00,0.0,0.508,28.522103642331658
2019-05-16 22:00:00,0.0,0.544,16.959005473376354
2019-05-16 23:00:00,0.0,0.624,28.19941240834566
2019-05-17 00:00:00,0.0,0.668,44.28769422420681
2019-05-17 01:00:00,0.0,0.661,28.536197195230013
2019-05-17 02:00:00,0.0,0.592,28.21343043675442
2019-05-17 03:00:00,0.0,0.55,57.099358024507254
2019-05-17 04:00:00,0.0,0.361,29.408325589300944
2019-05-17 05:00:00,0.017,0.199,41.760575868036234
2019-05-17 06:00:00,0.116,0.349,40.86109109970063
2019-05-17 07:00:00,0.249,0.559,49.95168662848202
2019-05-17 08:00:00,0.38,0.653,51.581215323676254
2019-05-17 09:00:00,0.465,0.636,26.776336814937448
2019-05-17 10:00:00,0.548,0.595,27.98543561193324
2019-05-17 11:00:00,0.471,0.521,40.90563510843126
2019-05-17 12:00:00,0.424,0.428,43.239209732299074
2019-05-17 13:00:00,0.494,0.301,24.580204806201706
2019-05-17 14:00:00,0.437,0.172,35.407852139779536
2019-05-17 15:00:00,0.322,0.088,17.89888755510719
2019-05-17 16:00:00,0.219,0.082,32.65292227322334
2019-05-17 17:00:00,0.073,0.127,37.42804135338035
2019-05-17 18:00:00,0.01,0.17,36.01968466651755
2019-05-17 19:00:00,0.0,0.259,23.432815267037128
2019-05-17 20:00:00,0.0,0.355,27.275859622515004
2019-05-17 21:00:00,0.0,0.458,21.095057100285345
2019-05-17 22:00:00,0.0,0.51,30.291149381617565
2019-05-17 23:00:00,0.0,0.491,26.243407500285045
2019-05-18 00:00:00,0.0,0.504,53.17644356482864
2019-05-18 01:00:00,0.0,0.615,23.84135380974167
2019-05-18 02:00:00,0.0,0.731,35.14143348015066
2019-05-18 03:00:00,0.0,0.775,54.613731974598764
2019-05-18 04:00:00,0.0,0.77,32.000606841433324
2019-05-18 05:00:00,0.027,0.72,46.097938893949305
2019-05-18 06:00:00,0.156,0.669,28.908284155122054
2019-05-18 07:00:00,0.36,0.613,56.47370316745787
2019-05-18 08:00:00,0.549,0.574,26.5978730033723
2019-05-18 09:00:00,0.689,0.541,42.59866703480951
2019-05-18 10:00:00,0.776,0.524,24.696233404982983
2019-05-18 11:00:00,0.81,0.51,22.31643579835741
2019-05-18 12:00:00,0.787,0.491,31.523654479739196
2019-05-18 13:00:00,0.717,0.472,45.08560468439086
2019-05-18 14:00:00,0.615,0.487,35.29177456326429
2019-05-18 15:00:00,0.479,0.52,24.734069676100827
2019-05-18 16:00:00,0.298,0.581,7.780962603234826
2019-05-18 17:00:00,0.116,0.672,38.13907870523368
2019-05-18 18:00:00,0.021,0.75,27.405703331206325
2019-05-18 19:00:00,0.0,0.769,24.049541176012703
2019-05-18 20:00:00,0.0,0.811,9.23474474155406
2019-05-18 21:00:00,0.0,0.807,45.99739756729181
2019-05-18 22:00:00,0.0,0.785,33.66581383832147
2019-05-18 23:00:00,0.0,0.752,29.08998856700495
2019-05-19 00:00:00,0.0,0.742,29.253124442851934
2019-05-19 01:00:00,0.0,0.736,35.23998606389686
2019-05-19 02:00:00,0.0,0.735,33.132573975553164
2019-05-19 03:00:00,0.0,0.724,41.564987191565045
2019-05-19 04:00:00,0.0,0.711,46.96299221226129
2019-05-19 05:00:00,0.033,0.695,45.865581915937945
2019-05-19 06:00:00,0.146,0.744,27.969015233911513
2019-05-19 07:00:00,0.29,0.697,63.03888833529757
2019-05-19 08:00:00,0.403,0.603,54.018712989900564
2019-05-19 09:00:00,0.54,0.488,45.90475321977651
2019-05-19 10:00:00,0.676,0.364,35.1569668844692
2019-05-19 11:00:00,0.709,0.264,39.24321942846702
2019-05-19 12:00:00,0.639,0.2,31.183408709683402
2019-05-19 13:00:00,0.526,0.164,17.697622066977758
2019-05-19 14:00:00,0.45,0.141,20.20196130384742
2019-05-19 15:00:00,0.332,0.119,19.746721642271613
2019-05-19 16:00:00,0.22,0.105,22.405973293328152
2019-05-19 17:00:00,0.107,0.107,41.975894654795226
2019-05-19 18:00:00,0.018,0.128,14.798416478913428
2019-05-19 19:00:00,0.0,0.172,13.602676404950294
2019-05-19 20:00:00,0.0,0.169,25.95819936423834
2019-05-19 21:00:00,0.0,0.172,64.91977991183717
2019-05-19 22:00:00,0.0,0.2,39.56037240182695
2019-05-19 23:00:00,0.0,0.282,23.66718660131621
2019-05-20 00:00:00,0.0,0.416,13.22269618248491
2019-05-20 01:00:00,0.0,0.556,27.204249966014828
2019-05-20 02:00:00,0.0,0.651,42.0647035999365
2019-05-20 03:00:00,0.0,0.649,58.368955762597146
2019-05-20 04:00:00,0.0,0.637,57.37203648863982
2019-05-20 05:00:00,0.024,0.625,57.667718614463695
2019-05-20 06:00:00,0.163,0.586,41.62411263902176
2019-05-20 07:00:00,0.368,0.512,50.52440527312844
2019-05-20 08:00:00,0.547,0.43,39.77390113197137
2019-05-20 09:00:00,0.681,0.342,53.295351252995204
2019-05-20 10:00:00,0.767,0.261,48.53037055418193
2019-05-20 11:00:00,0.806,0.195,33.99432799528461
2019-05-20 12:00:00,0.8,0.158,28.31575513467735
2019-05-20 13:00:00,0.748,0.136,12.150369386529324
2019-05-20 14:00:00,0.651,0.134,41.86316714316473
2019-05-20 15:00:00,0.507,0.164,50.7053088872056
2019-05-20 16:00:00,0.32,0.213,35.690473029971336
2019-05-20 17:00:00,0.118,0.251,31.169662136387828
2019-05-20 18:00:00,0.019,0.285,41.1080827943354
2019-05-20 19:00:00,0.0,0.309,23.010661255657148
2019-05-20 20:00:00,0.0,0.252,39.37851008498107
2019-05-20 21:00:00,0.0,0.188,18.815276356033536
2019-05-20 22:00:00,0.0,0.126,28.713560000803966
2019-05-20 23:00:00,0.0,0.083,21.731110718074916
2019-05-21 00:00:00,0.0,0.064,44.33470372259729
2019-05-21 01:00:00,0.0,0.066,45.300273505203194
2019-05-21 02:00:00,0.0,0.068,22.070144336303382
2019-05-21 03:00:00,0.0,0.05,39.19208180270532
2019-05-21 04:00:00,0.0,0.022,50.73450200268101
2019-05-21 05:00:00,0.029,0.004,39.03756688319651
2019-05-21 06:00:00,0.151,0.013,36.68262354303891
2019-05-21 07:00:00,0.332,0.054,54.06238791013893
2019-05-21 08:00:00,0.506,0.092,60.473421336588316
2019-05-21 09:00:00,0.646,0.118,9.086596125997374
2019-05-21 10:00:00,0.752,0.127,34.714033430048666
2019-05-21 11:00:00,0.792,0.149,35.283669323768095
2019-05-21 12:00:00,0.787,0.194,46.17223309320556
2019-05-21 13:00:00,0.735,0.243,22.072358082075365
2019-05-21 14:00:00,0.639,0.274,30.065320392174574
2019-05-21 15:00:00,0.497,0.285,35.34483767101601
2019-05-21 16:00:00,0.314,0.294,28.046906941726
2019-05-21 17:00:00,0.119,0.311,25.55161656253577
2019-05-21 18:00:00,0.021,0.325,22.56061877381266
2019-05-21 19:00:00,0.0,0.261,3.5301838765909856
2019-05-21 20:00:00,0.0,0.148,55.5085929862704
2019-05-21 21:00:00,0.0,0.084,25.96903703882493
2019-05-21 22:00:00,0.0,0.077,25.667094454497217
2019-05-21 23:00:00,0.0,0.085,39.64611193452067
2019-05-22 00:00:00,0.0,0.068,58.77238015602232
2019-05-22 01:00:00,0.0,0.039,44.06676046380346
2019-05-22 02:00:00,0.0,0.015,33.168599848265586
2019-05-22 03:00:00,0.0,0.005,42.589310664854565
2019-05-22 04:00:00,0.0,0.005,55.95189519316453
2019-05-22 05:00:00,0.031,0.017,51.1353700416691
2019-05-22 06:00:00,0.152,0.014,46.96292052066415
2019-05-22 07:00:00,0.345,0.009,34.307786458432915
2019-05-22 08:00:00,0.517,0.009,19.636810204521172
2019-05-22 09:00:00,0.653,0.011,35.12991869737119
2019-05-22 10:00:00,0.749,0.012,18.48046496341263
2019-05-22 11:00:00,0.789,0.034,20.830001261807695
2019-05-22 12:00:00,0.784,0.073,2.6091590237397
2019-05-22 13:00:00,0.733,0.123,47.38761383203969
2019-05-22 14:00:00,0.636,0.142,40.6635513014849
2019-05-22 15:00:00,0.494,0.156,-3.4231085790998677
2019-05-22 16:00:00,0.312,0.184,29.965301396844833
2019-05-22 17:00:00,0.119,0.241,27.23073290339745
2019-05-22 18:00:00,0.021,0.332,29.49822233923228
2019-05-22 19:00:00,0.0,0.309,4.457874546456825
2019-05-22 20:00:00,0.0,0.205,36.10965331502844
2019-05-22 21:00:00,0.0,0.134,13.254175988689507
2019-05-22 22:00:00,0.0,0.086,46.95474893648174
2019-05-22 23:00:00,0.0,0.054,44.625974618547986
2019-05-23 00:00:00,0.0,0.036,17.238317108196203
2019-05-23 01:00:00,0.0,0.029,43.146576871791495
2019-05-23 02:00:00,0.0,0.031,36.68979773863202
2019-05-23 03:00:00,0.0,0.037,42.823840302699246
2019-05-23 04:00:00,0.0,0.036,29.8751519501846
2019-05-23 05:00:00,0.032,0.031,47.21567946560834
2019-05-23 06:00:00,0.162,0.025,54.46331271001169
2019-05-23 07:00:00,0.356,0.048,44.1168251648884
2019-05-23 08:00:00,0.527,0.081,52.80115842662227
2019-05-23 09:00:00,0.655,0.115,31.97386138410407
2019-05-23 10:00:00,0.736,0.16,40.76060400017323
2019-05-23 11:00:00,0.773,0.208,47.404625398050854
2019-05-23 12:00:00,0.761,0.251,56.35713851691037
2019-05-23 13:00:00,0.714,0.286,37.985256825381896
2019-05-23 14:00:00,0.605,0.32,37.809331938926334
2019-05-23 15:00:00,0.356,0.371,34.6840917475818
2019-05-23 16:00:00,0.104,0.42,23.51226131038038
2019-05-23 17:00:00,0.033,0.384,44.39528194739676
2019-05-23 18:00:00,0.002,0.295,14.552104196719009
2019-05-23 19:00:00,0.0,0.212,23.144074473285258
2019-05-23 20:00:00,0.0,0.155,8.541768922952084
2019-05-23 21:00:00,0.0,0.118,24.34589594992613
2019-05-23 22:00:00,0.0,0.076,15.60950281816048
2019-05-23 23:00:00,0.0,0.037,28.203323068913004
2019-05-24 00:00:00,0.0,0.025,39.125961946768435
2019-05-24 01:00:00,0.0,0.052,44.796598637365165
2019-05-24 02:00:00,0.0,0.088,58.76509643001802
2019-05-24 03:00:00,0.0,0.152,33.19205284162034
2019-05-24 04:00:00,0.0,0.191,44.790810644451774
2019-05-24 05:00:00,0.005,0.186,37.775356730341535
2019-05-24 06:00:00,0.037,0.114,64.71281389370938
2019-05-24 07:00:00,0.083,0.045,34.106928124281225
2019-05-24 08:00:00,0.1,0.027,34.253924104509196
2019-05-24 09:00:00,0.129,0.074,70.20708519782244
2019-05-24 10:00:00,0.189,0.107,30.94468637201806
2019-05-24 11:00:00,0.208,0.12,34.75151944605286
2019-05-24 12:00:00,0.229,0.136,28.237973365645146
2019-05-24 13:00:00,0.281,0.133,44.49475713374398
2019-05-24 14:00:00,0.189,0.127,9.62528785929793
2019-05-24 15:00:00,0.155,0.121,35.38866757839715
2019-05-24 16:00:00,0.109,0.083,25.804314664369493
2019-05-24 17:00:00,0.042,0.027,26.22610633720938
2019-05-24 18:00:00,0.003,0.014,31.755916661269637
2019-05-24 19:00:00,0.0,0.011,30.970640018499395
2019-05-24 20:00:00,0.0,0.039,33.427690580465764
2019-05-24 21:00:00,0.0,0.077,10.813492409107592
2019-05-24 22:00:00,0.0,0.123,37.88431808654016
2019-05-24 23:00:00,0.0,0.185,32.974095720229535
2019-05-25 00:00:00,0.0,0.261,15.751222218039928
2019-05-25 01:00:00,0.0,0.304,30.799413329995403
2019-05-25 02:00:00,0.0,0.306,34.05762222956163
2019-05-25 03:00:00,0.0,0.318,31.544351459389777
2019-05-25 04:00:00,0.0,0.328,48.75051156073351
2019-05-25 05:00:00,0.005,0.32,41.84868584585297
2019-05-25 06:00:00,0.05,0.289,22.469132705569002
2019-05-25 07:00:00,0.124,0.249,38.23248968921288
2019-05-25 08:00:00,0.19,0.218,24.854733837575893
2019-05-25 09:00:00,0.251,0.174,43.10734170920698
2019-05-25 10:00:00,0.32,0.098,38.96672548029355
2019-05-25 11:00:00,0.387,0.041,55.62999302710169
2019-05-25 12:00:00,0.439,0.009,30.837242972811524
2019-05-25 13:00:00,0.512,0.005,21.24091563824268
2019-05-25 14:00:00,0.488,0.011,23.4992175837609
2019-05-25 15:00:00,0.365,0.023,31.94545071326319
2019-05-25 16:00:00,0.235,0.037,21.540839422678577
2019-05-25 17:00:00,0.112,0.053,28.50528761247256
2019-05-25 18:00:00,0.023,0.086,3.5056454927953844
2019-05-25 19:00:00,0.0,0.136,33.425894577216965
2019-05-25 20:00:00,0.0,0.172,10.840326700178455
2019-05-25 21:00:00,0.0,0.192,17.485447878170923
2019-05-25 22:00:00,0.0,0.182,31.641569447289918
2019-05-25 23:00:00,0.0,0.261,25.367762532250214
2019-05-26 00:00:00,0.0,0.401,47.99538484487417
2019-05-26 01:00:00,0.0,0.54,23.065098858078425
2019-05-26 02:00:00,0.0,0.647,33.22517251782797
2019-05-26 03:00:00,0.0,0.701,31.230727292511457
2019-05-26 04:00:00,0.0,0.756,35.46773945371806
2019-05-26 05:00:00,0.026,0.747,44.341376464435115
2019-05-26 06:00:00,0.162,0.679,57.048543642988285
2019-05-26 07:00:00,0.349,0.566,35.43402252831709
2019-05-26 08:00:00,0.505,0.438,34.308495406437274
2019-05-26 09:00:00,0.629,0.348,30.168060198397875
2019-05-26 10:00:00,0.724,0.235,23.957663565939573
2019-05-26 11:00:00,0.785,0.129,30.402323140976982
2019-05-26 12:00:00,0.778,0.068,43.87556164123632
2019-05-26 13:00:00,0.727,0.061,36.74926166648412
2019-05-26 14:00:00,0.63,0.087,11.621117681021467
2019-05-26 15:00:00,0.49,0.123,-1.0433752799060088
2019-05-26 16:00:00,0.283,0.16,31.376416323298162
2019-05-26 17:00:00,0.118,0.228,18.41705297719833
2019-05-26 18:00:00,0.025,0.341,42.342674896907624
2019-05-26 19:00:00,0.0,0.362,23.88707847981371
2019-05-26 20:00:00,0.0,0.259,46.06668931815052
2019-05-26 21:00:00,0.0,0.11,27.10620751780186
2019-05-26 22:00:00,0.0,0.022,17.404013140692676
2019-05-26 23:00:00,0.0,0.062,19.790254600653427
2019-05-27 00:00:00,0.0,0.209,34.68163207198742
2019-05-27 01:00:00,0.0,0.362,28.260763987826408
2019-05-27 02:00:00,0.0,0.457,31.9146095715195
2019-05-27 03:00:00,0.0,0.536,39.93295552047624
2019-05-27 04:00:00,0.0,0.59,56.41067143756166
2019-05-27 05:00:00,0.029,0.599,51.009279071314914
2019-05-27 06:00:00,0.165,0.56,54.046959210027566
2019-05-27 07:00:00,0.359,0.476,35.55556986086246
2019-05-27 08:00:00,0.527,0.398,62.55136270618071
2019-05-27 09:00:00,0.628,0.341,38.52167046128368
2019-05-27 10:00:00,0.675,0.269,37.40942427647992
2019-05-27 11:00:00,0.687,0.192,30.978662358346533
2019-05-27 12:00:00,0.642,0.14,30.54889847145451
2019-05-27 13:00:00,0.545,0.134,21.124279843903143
2019-05-27 14:00:00,0.392,0.154,27.120103436681692
2019-05-27 15:00:00,0.308,0.167,27.344020359587926
2019-05-27 16:00:00,0.259,0.174,-1.3399038289005816
2019-05-27 17:00:00,0.123,0.187,56.79467569266922
2019-05-27 18:00:00,0.027,0.238,42.46815520534292
2019-05-27 19:00:00,0.0,0.337,39.14964946779319
2019-05-27 20:00:00,0.0,0.32,32.59064435143032
2019-05-27 21:00:00,0.0,0.234,27.512822796814564
2019-05-27 22:00:00,0.0,0.203,31.34998279219319
2019-05-27 23:00:00,0.0,0.261,34.85829684447457
2019-05-28 00:00:00,0.0,0.331,10.488559885453974
2019-05-28 01:00:00,0.0,0.413,39.3864027170893
2019-05-28 02:00:00,0.0,0.638,16.562124656971484
2019-05-28 03:00:00,0.0,0.737,27.432983524020464
2019-05-28 04:00:00,0.0,0.765,60.041047791549985
2019-05-28 05:00:00,0.028,0.75,38.62707235273833
2019-05-28 06:00:00,0.155,0.72,42.68297539355277
2019-05-28 07:00:00,0.34,0.62,34.45335115511451
2019-05-28 08:00:00,0.508,0.479,42.43028344658119
2019-05-28 09:00:00,0.646,0.367,29.251331668789007
2019-05-28 10:00:00,0.741,0.296,23.66033620952868
2019-05-28 11:00:00,0.787,0.242,12.595711056314215
2019-05-28 12:00:00,0.781,0.198,45.6565044118543
2019-05-28 13:00:00,0.731,0.152,31.62039033768979
2019-05-28 14:00:00,0.634,0.111,5.969587365008358
2019-05-28 15:00:00,0.493,0.068,50.72784794360764
2019-05-28 16:00:00,0.315,0.027,40.25356959558273
2019-05-28 17:00:00,0.121,0.054,35.42000580878467
2019-05-28 18:00:00,0.023,0.098,23.999118439903526
2019-05-28 19:00:00,0.0,0.153,28.054163103378443
2019-05-28 20:00:00,0.0,0.134,17.576546730968545
2019-05-28 21:00:00,0.0,0.063,16.503118173683855
2019-05-28 22:00:00,0.0,0.009,32.004750919699696
2019-05-28 23:00:00,0.0,0.091,58.842688060800214
2019-05-29 00:00:00,0.0,0.266,41.82986382312568
2019-05-29 01:00:00,0.0,0.457,31.22076623805739
2019-05-29 02:00:00,0.0,0.574,47.498722154357466
2019-05-29 03:00:00,0.0,0.646,49.658132663192035
2019-05-29 04:00:00,0.0,0.7,40.64206994117039
2019-05-29 05:00:00,0.031,0.69,26.53817271345861
2019-05-29 06:00:00,0.165,0.663,29.414599736413557
2019-05-29 07:00:00,0.368,0.575,28.26105037577892
2019-05-29 08:00:00,0.544,0.385,42.36139341047483
2019-05-29 09:00:00,0.676,0.187,46.247179709633244
2019-05-29 10:00:00,0.76,0.078,37.21954819292365
2019-05-29 11:00:00,0.797,0.045,57.95730508833375
2019-05-29 12:00:00,0.791,0.046,67.59401109718189
2019-05-29 13:00:00,0.74,0.066,47.80116485278436
2019-05-29 14:00:00,0.643,0.097,37.62957802632884
2019-05-29 15:00:00,0.501,0.108,28.904766928619566
2019-05-29 16:00:00,0.319,0.101,35.694789415937954
2019-05-29 17:00:00,0.122,0.105,35.12179745334444
2019-05-29 18:00:00,0.022,0.182,35.70936478394756
2019-05-29 19:00:00,0.0,0.294,18.523234983053765
2019-05-29 20:00:00,0.0,0.31,26.80590877554207
2019-05-29 21:00:00,0.0,0.274,30.925560768138784
2019-05-29 22:00:00,0.0,0.231,47.02267105721757
2019-05-29 23:00:00,0.0,0.163,28.535784604192237
2019-05-30 00:00:00,0.0,0.093,31.488907174646524
2019-05-30 01:00:00,0.0,0.038,49.15956862377723
2019-05-30 02:00:00,0.0,0.02,37.30408646117968
2019-05-30 03:00:00,0.0,0.023,33.17088925669494
2019-05-30 04:00:00,0.0,0.049,46.67982197725989
2019-05-30 05:00:00,0.027,0.074,81.8494930888132
2019-05-30 06:00:00,0.161,0.049,27.99734038406276
2019-05-30 07:00:00,0.356,0.019,29.175288037254084
2019-05-30 08:00:00,0.528,0.002,39.771808767208384
2019-05-30 09:00:00,0.658,0.002,56.32327249394522
2019-05-30 10:00:00,0.742,0.002,32.168864751521774
2019-05-30 11:00:00,0.78,0.007,38.385580492706886
2019-05-30 12:00:00,0.775,0.042,41.582995951415896
2019-05-30 13:00:00,0.725,0.106,36.487461115138316
2019-05-30 14:00:00,0.631,0.165,20.350129678520783
2019-05-30 15:00:00,0.49,0.223,29.04082664581116
2019-05-30 16:00:00,0.312,0.278,4.899310673481562
2019-05-30 17:00:00,0.123,0.334,5.074267317433989
2019-05-30 18:00:00,0.024,0.345,20.792798289209017
2019-05-30 19:00:00,0.0,0.235,7.609079718330371
2019-05-30 20:00:00,0.0,0.116,29.393595819809114
2019-05-30 21:00:00,0.0,0.051,35.04026918803935
2019-05-30 22:00:00,0.0,0.02,33.68198945145856
2019-05-30 23:00:00,0.0,0.004,44.423258276867756
2019-05-31 00:00:00,0.0,0.006,54.36357764798105
2019-05-31 01:00:00,0.0,0.012,43.56504262055388
2019-05-31 02:00:00,0.0,0.018,37.43781145368139
2019-05-31 03:00:00,0.0,0.022,13.709656367229194
2019-05-31 04:00:00,0.0,0.022,54.18848908704497
2019-05-31 05:00:00,0.027,0.018,35.65321626322044
2019-05-31 06:00:00,0.16,0.012,25.264337753362256
2019-05-31 07:00:00,0.352,0.05,37.58154282575049
2019-05-31 08:00:00,0.524,0.108,46.240738481570595
2019-05-31 09:00:00,0.654,0.165,46.270509856769806
2019-05-31 10:00:00,0.739,0.202,27.594364517873856
2019-05-31 11:00:00,0.778,0.231,35.48453431272638
2019-05-31 12:00:00,0.774,0.256,14.72009163618705
2019-05-31 13:00:00,0.726,0.269,56.398797131624185
2019-05-31 14:00:00,0.633,0.263,32.94369042792684
2019-05-31 15:00:00,0.495,0.256,18.09946364006373
2019-05-31 16:00:00,0.317,0.259,4.161041460940314
2019-05-31 17:00:00,0.123,0.285,19.58703649916587
2019-05-31 18:00:00,0.023,0.32,36.707222960464904
2019-05-31 19:00:00,0.0,0.328,21.21472986547954
2019-05-31 20:00:00,0.0,0.276,19.801999450739117
2019-05-31 21:00:00,0.0,0.188,35.838615064034826
2019-05-31 22:00:00,0.0,0.111,16.760817095420947
2019-05-31 23:00:00,0.0,0.058,27.92217502841436
2019-06-01 00:00:00,0.0,0.028,40.83383982305463
2019-06-01 01:00:00,0.0,0.014,32.93185654602352
2019-06-01 02:00:00,0.0,0.006,18.351707791197004
2019-06-01 03:00:00,0.0,0.003,40.00266736996102
2019-06-01 04:00:00,0.0,0.006,24.865492502099887
2019-06-01 05:00:00,0.026,0.012,51.26203200149692
2019-06-01 06:00:00,0.16,0.015,50.953784825133994
2019-06-01 07:00:00,0.353,0.064,45.807212358386494
2019-06-01 08:00:00,0.524,0.119,39.08660904204934
2019-06-01 09:00:00,0.654,0.154,2.0469322004978423
2019-06-01 10:00:00,0.737,0.178,38.366650677460754
2019-06-01 11:00:00,0.776,0.201,24.891719770340146
2019-06-01 12:00:00,0.771,0.219,20.07646094909608
2019-06-01 13:00:00,0.723,0.231,26.16380874163591
2019-06-01 14:00:00,0.63,0.237,28.08480851515261
2019-06-01 15:00:00,0.492,0.254,9.073029948092831
2019-06-01 16:00:00,0.315,0.286,42.629307322013595
2019-06-01 17:00:00,0.123,0.324,54.21156089891845
2019-06-01 18:00:00,0.023,0.341,14.495245068195103
2019-06-01 19:00:00,0.0,0.325,22.317374838688842
2019-06-01 20:00:00,0.0,0.264,29.168117381840187
2019-06-01 21:00:00,0.0,0.171,32.41568957496207
2019-06-01 22:00:00,0.0,0.089,50.38080102120024
2019-06-01 23:00:00,0.0,0.045,17.19402081680268
2019-06-02 00:00:00,0.0,0.029,55.43545964761765
2019-06-02 01:00:00,0.0,0.024,54.06993541696711
2019-06-02 02:00:00,0.0,0.021,47.579641640821016
2019-06-02 03:00:00,0.0,0.021,36.62821770471303
2019-06-02 04:00:00,0.0,0.02,41.98912165679786
2019-06-02 05:00:00,0.028,0.019,52.7617586775639
2019-06-02 06:00:00,0.159,0.045,42.77318170960499
2019-06-02 07:00:00,0.351,0.096,48.95980089318308
2019-06-02 08:00:00,0.521,0.147,31.56110327138647
2019-06-02 09:00:00,0.65,0.225,52.45634113871431
2019-06-02 10:00:00,0.733,0.322,20.09889846790832
2019-06-02 11:00:00,0.772,0.398,40.06013915145562
2019-06-02 12:00:00,0.766,0.447,15.7773929282444
2019-06-02 13:00:00,0.719,0.461,39.76419383966572
2019-06-02 14:00:00,0.628,0.444,28.394994508938144
2019-06-02 15:00:00,0.491,0.407,14.529780777235347
2019-06-02 16:00:00,0.315,0.379,13.746933753580615
2019-06-02 17:00:00,0.123,0.361,11.660605626659777
2019-06-02 18:00:00,0.024,0.321,35.46017982833394
2019-06-02 19:00:00,0.0,0.286,25.438752670259234
2019-06-02 20:00:00,0.0,0.238,18.273232795378597
2019-06-02 21:00:00,0.0,0.17,43.870762355696996
2019-06-02 22:00:00,0.0,0.115,27.20902243670717
2019-06-02 23:00:00,0.0,0.09,43.87999743839865
2019-06-03 00:00:00,0.0,0.09,35.19190772798696
2019-06-03 01:00:00,0.0,0.101,36.37456673138992
2019-06-03 02:00:00,0.0,0.112,34.093933347417945
2019-06-03 03:00:00,0.0,0.118,43.380927462615915
2019-06-03 04:00:00,0.0,0.113,29.88792500691489
2019-06-03 05:00:00,0.034,0.103,38.333285910959724
2019-06-03 06:00:00,0.159,0.143,47.71275183544187
2019-06-03 07:00:00,0.339,0.221,31.584492885614367
2019-06-03 08:00:00,0.49,0.289,40.995868929528086
2019-06-03 09:00:00,0.587,0.37,21.643278221334395
2019-06-03 10:00:00,0.65,0.434,33.75016955716183
2019-06-03 11:00:00,0.631,0.466,40.01048604829771
2019-06-03 12:00:00,0.625,0.473,27.83692520111388
2019-06-03 13:00:00,0.614,0.475,23.91866455512069
2019-06-03 14:00:00,0.587,0.466,32.59285519124523
2019-06-03 15:00:00,0.427,0.436,22.873789709003518
2019-06-03 16:00:00,0.27,0.404,46.43385793274001
2019-06-03 17:00:00,0.125,0.362,36.654144808095964
2019-06-03 18:00:00,0.03,0.293,23.79581135829065
2019-06-03 19:00:00,0.0,0.254,29.60767668103309
2019-06-03 20:00:00,0.0,0.225,35.40897969705584
2019-06-03 21:00:00,0.0,0.193,19.584826903885933
2019-06-03 22:00:00,0.0,0.184,26.537699342953093
2019-06-03 23:00:00,0.0,0.196,32.1012249558268
2019-06-04 00:00:00,0.0,0.21,29.60476824085813
2019-06-04 01:00:00,0.0,0.215,44.85589127139118
2019-06-04 02:00:00,0.0,0.207,42.30439548936224
2019-06-04 03:00:00,0.0,0.225,5.577040315726947
2019-06-04 04:00:00,0.0,0.243,17.248202756601376
2019-06-04 05:00:00,0.037,0.22,51.312511060839995
2019-06-04 06:00:00,0.148,0.2,52.58779252068095
2019-06-04 07:00:00,0.325,0.22,42.18646319945583
2019-06-04 08:00:00,0.502,0.264,16.294776481177408
2019-06-04 09:00:00,0.639,0.307,48.908418565560176
2019-06-04 10:00:00,0.723,0.337,35.88166230171352
2019-06-04 11:00:00,0.763,0.352,44.0310910649753
2019-06-04 12:00:00,0.761,0.367,40.9107202643302
2019-06-04 13:00:00,0.714,0.388,6.532671732584127
2019-06-04 14:00:00,0.622,0.407,26.58104444272771
2019-06-04 15:00:00,0.488,0.417,41.22982549242808
2019-06-04 16:00:00,0.314,0.42,22.88045004119509
2019-06-04 17:00:00,0.126,0.391,21.195481251686655
2019-06-04 18:00:00,0.027,0.311,1.0858658351930899
2019-06-04 19:00:00,0.0,0.225,46.41921730542856
2019-06-04 20:00:00,0.0,0.218,26.69277786501938
2019-06-04 21:00:00,0.0,0.253,19.971460093791823
2019-06-04 22:00:00,0.0,0.308,36.13927602790724
2019-06-04 23:00:00,0.0,0.358,32.95960426069665
2019-06-05 00:00:00,0.0,0.39,3.9880622510693087
2019-06-05 01:00:00,0.0,0.391,46.39720681911896
2019-06-05 02:00:00,0.0,0.367,47.97500904430857
2019-06-05 03:00:00,0.0,0.318,56.51679960856959
2019-06-05 04:00:00,0.0,0.27,48.40915397585772
2019-06-05 05:00:00,0.041,0.2,33.910038683395555
2019-06-05 06:00:00,0.148,0.146,39.846984970849334
2019-06-05 07:00:00,0.308,0.128,56.40609252951135
2019-06-05 08:00:00,0.494,0.145,21.191866761234387
2019-06-05 09:00:00,0.607,0.192,42.06684838206849
2019-06-05 10:00:00,0.669,0.278,47.2162072132788
2019-06-05 11:00:00,0.626,0.517,32.053472226690936
2019-06-05 12:00:00,0.47,0.896,50.057601005119174
2019-06-05 13:00:00,0.43,0.959,32.12475069053517
2019-06-05 14:00:00,0.624,0.955,26.539108558273263
2019-06-05 15:00:00,0.488,0.965,12.027415721848058
2019-06-05 16:00:00,0.32,0.965,29.71336389071748
2019-06-05 17:00:00,0.132,0.948,12.280089409364498
2019-06-05 18:00:00,0.031,0.901,16.760982726197177
2019-06-05 19:00:00,0.0,0.843,25.52756124377477
2019-06-05 20:00:00,0.0,0.76,25.0973063661362
2019-06-05 21:00:00,0.0,0.7,22.883751190396993
2019-06-05 22:00:00,0.0,0.618,45.74789269999654
2019-06-05 23:00:00,0.0,0.476,50.21239124587947
2019-06-06 00:00:00,0.0,0.355,22.646006121537305
2019-06-06 01:00:00,0.0,0.264,25.727545009355936
2019-06-06 02:00:00,0.0,0.161,45.08410681620218
2019-06-06 03:00:00,0.0,0.092,41.37368837963701
2019-06-06 04:00:00,0.0,0.059,45.62833329956216
2019-06-06 05:00:00,0.033,0.03,55.620150386953526
2019-06-06 06:00:00,0.163,0.011,35.36935248253779
2019-06-06 07:00:00,0.353,0.004,36.28104119349552
2019-06-06 08:00:00,0.523,0.047,25.5131723150062
2019-06-06 09:00:00,0.653,0.139,29.104255238285695
2019-06-06 10:00:00,0.734,0.245,35.03703617378036
2019-06-06 11:00:00,0.741,0.343,34.18588509772947
2019-06-06 12:00:00,0.688,0.403,47.94330932806547
2019-06-06 13:00:00,0.592,0.43,39.793699565400544
2019-06-06 14:00:00,0.51,0.44,32.02817600311254
2019-06-06 15:00:00,0.38,0.457,32.26238065234042
2019-06-06 16:00:00,0.223,0.471,27.37397616154928
2019-06-06 17:00:00,0.111,0.488,1.1686246056760083
2019-06-06 18:00:00,0.033,0.499,20.069841778846566
2019-06-06 19:00:00,0.0,0.484,31.852187961513295
2019-06-06 20:00:00,0.0,0.488,13.863808669921369
2019-06-06 21:00:00,0.0,0.476,28.08714745260678
2019-06-06 22:00:00,0.0,0.448,9.302088111098257
2019-06-06 23:00:00,0.0,0.427,25.06333225551908
2019-06-07 00:00:00,0.0,0.454,41.1835001004398
2019-06-07 01:00:00,0.0,0.491,32.275717578605224
2019-06-07 02:00:00,0.0,0.484,35.96443927993286
2019-06-07 03:00:00,0.0,0.448,30.63353031481497
2019-06-07 04:00:00,0.0,0.39,41.55786075843014
2019-06-07 05:00:00,0.038,0.304,53.578604431437356
2019-06-07 06:00:00,0.153,0.273,28.655956684833463
2019-06-07 07:00:00,0.346,0.302,42.746049349863775
2019-06-07 08:00:00,0.514,0.344,32.47995460915181
2019-06-07 09:00:00,0.64,0.358,31.88812006482517
2019-06-07 10:00:00,0.724,0.367,40.151149339931834
2019-06-07 11:00:00,0.767,0.347,43.5144602084421
2019-06-07 12:00:00,0.763,0.305,37.918485559933494
2019-06-07 13:00:00,0.717,0.254,15.300006777793357
2019-06-07 14:00:00,0.627,0.206,27.62368939708681
2019-06-07 15:00:00,0.491,0.148,-0.28729502889559555
2019-06-07 16:00:00,0.316,0.089,28.538857297619145
2019-06-07 17:00:00,0.126,0.05,5.478769118459404
2019-06-07 18:00:00,0.026,0.058,28.61659157156945
2019-06-07 19:00:00,0.0,0.1,43.196259037065886
2019-06-07 20:00:00,0.0,0.124,10.348724019519985
2019-06-07 21:00:00,0.0,0.122,16.65420149068875
2019-06-07 22:00:00,0.0,0.12,35.4590442082107
2019-06-07 23:00:00,0.0,0.161,29.36966320691294
2019-06-08 00:00:00,0.0,0.258,27.96116401900007
2019-06-08 01:00:00,0.0,0.402,37.427740539374575
2019-06-08 02:00:00,0.0,0.428,23.805787342220235
2019-06-08 03:00:00,0.0,0.294,29.92938560235782
2019-06-08 04:00:00,0.0,0.193,37.58347183126269
2019-06-08 05:00:00,0.032,0.179,48.400198979772014
2019-06-08 06:00:00,0.161,0.187,67.28214423264893
2019-06-08 07:00:00,0.352,0.175,36.84606895992356
2019-06-08 08:00:00,0.521,0.147,55.58123033013356
2019-06-08 09:00:00,0.65,0.147,18.409269413506507
2019-06-08 10:00:00,0.733,0.19,28.51851308030944
2019-06-08 11:00:00,0.77,0.252,18.627634296036568
2019-06-08 12:00:00,0.767,0.311,10.19709234278476
2019-06-08 13:00:00,0.718,0.347,27.21699128151454
2019-06-08 14:00:00,0.62,0.355,36.69666235262912
2019-06-08 15:00:00,0.479,0.35,43.315387620820346
2019-06-08 16:00:00,0.293,0.33,25.895668171203056
2019-06-08 17:00:00,0.112,0.289,11.935219391985687
2019-06-08 18:00:00,0.026,0.226,31.335505867038922
2019-06-08 19:00:00,0.0,0.156,35.31443727397472
2019-06-08 20:00:00,0.0,0.112,28.569810281852497
2019-06-08 21:00:00,0.0,0.085,30.948739417240812
2019-06-08 22:00:00,0.0,0.093,26.878856100220485
2019-06-08 23:00:00,0.0,0.122,35.165801899719604
2019-06-09 00:00:00,0.0,0.181,53.86557068452282
2019-06-09 01:00:00,0.0,0.248,52.738656894218025
2019-06-09 02:00:00,0.0,0.3,49.22360156599818
2019-06-09 03:00:00,0.0,0.291,11.644208352306968
2019-06-09 04:00:00,0.0,0.199,50.58063705733472
2019-06-09 05:00:00,0.018,0.181,24.977390624809544
2019-06-09 06:00:00,0.054,0.178,39.043790271165776
2019-06-09 07:00:00,0.125,0.108,42.52184733007508
2019-06-09 08:00:00,0.255,0.064,47.119942135179684
2019-06-09 09:00:00,0.346,0.054,20.589209590482636
2019-06-09 10:00:00,0.378,0.05,25.208337345421498
2019-06-09 11:00:00,0.388,0.03,16.576448838339928
2019-06-09 12:00:00,0.373,0.019,14.97576358374905
2019-06-09 13:00:00,0.323,0.045,43.029596852101655
2019-06-09 14:00:00,0.262,0.073,33.60538662357174
2019-06-09 15:00:00,0.221,0.089,35.764441070664795
2019-06-09 16:00:00,0.177,0.092,20.012706109202373
2019-06-09 17:00:00,0.117,0.084,8.883546354309651
2019-06-09 18:00:00,0.039,0.113,1.1918690278885755
2019-06-09 19:00:00,0.0,0.125,28.79966071731673
2019-06-09 20:00:00,0.0,0.063,19.21087402450658
2019-06-09 21:00:00,0.0,0.011,27.65359108993488
2019-06-09 22:00:00,0.0,0.013,14.297561122708592
2019-06-09 23:00:00,0.0,0.068,24.211214362584982
2019-06-10 00:00:00,0.0,0.131,17.800828262749924
2019-06-10 01:00:00,0.0,0.149,10.563232473059404
2019-06-10 02:00:00,0.0,0.137,41.7733563376576
2019-06-10 03:00:00,0.0,0.146,48.360136583248654
2019-06-10 04:00:00,0.0,0.226,49.754441080103746
2019-06-10 05:00:00,0.04,0.313,41.454490153622146
2019-06-10 06:00:00,0.158,0.311,31.709439687400973
2019-06-10 07:00:00,0.337,0.245,24.4954110629375
2019-06-10 08:00:00,0.502,0.233,33.65926606401811
2019-06-10 09:00:00,0.632,0.276,17.120949325104586
2019-06-10 10:00:00,0.715,0.356,28.563916839026618
2019-06-10 11:00:00,0.75,0.416,28.843594382651496
2019-06-10 12:00:00,0.742,0.465,32.70640949805829
2019-06-10 13:00:00,0.683,0.538,33.24795799731057
2019-06-10 14:00:00,0.508,0.633,33.362787698744555
2019-06-10 15:00:00,0.345,0.71,44.481262703771264
2019-06-10 16:00:00,0.202,0.72,7.817830092925288
2019-06-10 17:00:00,0.089,0.69,16.265938281801365
2019-06-10 18:00:00,0.027,0.644,23.21248782814326
2019-06-10 19:00:00,0.0,0.644,9.716396445525563
2019-06-10 20:00:00,0.0,0.617,23.356131335750884
2019-06-10 21:00:00,0.0,0.557,25.325060933526302
2019-06-10 22:00:00,0.0,0.462,21.713354469571815
2019-06-10 23:00:00,0.0,0.364,22.800133186687773
2019-06-11 00:00:00,0.0,0.23,16.821357193684236
2019-06-11 01:00:00,0.0,0.166,43.340042903118665
2019-06-11 02:00:00,0.0,0.144,56.63978167749812
2019-06-11 03:00:00,0.0,0.157,38.395739413945755
2019-06-11 04:00:00,0.0,0.171,37.94151919044929
2019-06-11 05:00:00,0.046,0.145,59.28748629576987
2019-06-11 06:00:00,0.147,0.112,30.1712466027565
2019-06-11 07:00:00,0.282,0.09,38.221648194351594
2019-06-11 08:00:00,0.351,0.118,51.25558545293559
2019-06-11 09:00:00,0.422,0.174,28.94735262010471
2019-06-11 10:00:00,0.424,0.255,36.31315316346522
2019-06-11 11:00:00,0.393,0.341,37.60847273866513
2019-06-11 12:00:00,0.39,0.367,7.947931488849353
2019-06-11 13:00:00,0.373,0.327,26.167856705573136
2019-06-11 14:00:00,0.337,0.262,26.49513937693844
2019-06-11 15:00:00,0.276,0.223,46.96001635338732
2019-06-11 16:00:00,0.21,0.2,39.232418994004234
2019-06-11 17:00:00,0.121,0.134,13.368833419698541
2019-06-11 18:00:00,0.036,0.059,41.63853222075661
2019-06-11 19:00:00,0.0,0.07,17.60390851029799
2019-06-11 20:00:00,0.0,0.133,15.387995949961885
2019-06-11 21:00:00,0.0,0.15,35.125195233420065
2019-06-11 22:00:00,0.0,0.124,39.96751764229161
2019-06-11 23:00:00,0.0,0.093,18.124822807794867
2019-06-12 00:00:00,0.0,0.074,27.259577489645103
2019-06-12 01:00:00,0.0,0.055,19.403307809766115
2019-06-12 02:00:00,0.0,0.042,43.00966100553104
2019-06-12 03:00:00,0.0,0.035,25.767914706562305
2019-06-12 04:00:00,0.0,0.029,49.76528010268643
2019-06-12 05:00:00,0.029,0.018,65.04936107697819
2019-06-12 06:00:00,0.162,0.014,26.65648788321621
2019-06-12 07:00:00,0.366,0.019,43.773887814972646
2019-06-12 08:00:00,0.541,0.018,62.05050030227691
2019-06-12 09:00:00,0.673,0.012,52.59988239738303
2019-06-12 10:00:00,0.757,0.007,37.577413137449525
2019-06-12 11:00:00,0.795,0.006,23.693425059273864
2019-06-12 12:00:00,0.788,0.025,21.035814137345394
2019-06-12 13:00:00,0.738,0.078,21.08822549331082
2019-06-12 14:00:00,0.642,0.164,48.311796497831295
2019-06-12 15:00:00,0.502,0.215,20.48913002506734
2019-06-12 16:00:00,0.324,0.223,41.785067736880976
2019-06-12 17:00:00,0.13,0.235,41.85261347190094
2019-06-12 18:00:00,0.025,0.259,47.41994505484482
2019-06-12 19:00:00,0.0,0.267,40.09803071713884
2019-06-12 20:00:00,0.0,0.228,36.34680176839528
2019-06-12 21:00:00,0.0,0.171,50.05970104777286
2019-06-12 22:00:00,0.0,0.122,23.23646636138883
2019-06-12 23:00:00,0.0,0.111,35.57426324172039
2019-06-13 00:00:00,0.0,0.154,37.45060271347275
2019-06-13 01:00:00,0.0,0.227,31.024693383942722
2019-06-13 02:00:00,0.0,0.302,44.17205409222771
2019-06-13 03:00:00,0.0,0.343,38.276673382244894
2019-06-13 04:00:00,0.0,0.361,27.226619061421346
2019-06-13 05:00:00,0.035,0.332,37.367108022332296
2019-06-13 06:00:00,0.161,0.288,36.69106751818226
2019-06-13 07:00:00,0.351,0.245,24.64800763519728
2019-06-13 08:00:00,0.518,0.252,34.76754671495513
2019-06-13 09:00:00,0.633,0.307,41.66189370649194
2019-06-13 10:00:00,0.709,0.369,28.715894591504767
2019-06-13 11:00:00,0.729,0.435,51.731283410639406
2019-06-13 12:00:00,0.694,0.485,37.25794594055602
2019-06-13 13:00:00,0.639,0.527,36.2517366344163
2019-06-13 14:00:00,0.551,0.55,18.994076553319346
2019-06-13 15:00:00,0.404,0.561,26.756921723792182
2019-06-13 16:00:00,0.257,0.549,37.66752878551757
2019-06-13 17:00:00,0.126,0.51,35.073673028199906
2019-06-13 18:00:00,0.034,0.432,35.594546010460704
2019-06-13 19:00:00,0.0,0.385,40.81461660371864
2019-06-13 20:00:00,0.0,0.413,44.635520172540296
2019-06-13 21:00:00,0.0,0.466,38.0265067120671
2019-06-13 22:00:00,0.0,0.523,44.739383019909596
2019-06-13 23:00:00,0.0,0.56,36.01833870579197
2019-06-14 00:00:00,0.0,0.552,45.12878542255996
2019-06-14 01:00:00,0.0,0.506,47.36594226609447
2019-06-14 02:00:00,0.0,0.469,38.74845404008245
2019-06-14 03:00:00,0.0,0.481,42.57738701251847
2019-06-14 04:00:00,0.0,0.429,35.81239875892658
2019-06-14 05:00:00,0.024,0.32,53.82297957257042
2019-06-14 06:00:00,0.156,0.093,43.972527198917774
2019-06-14 07:00:00,0.323,0.011,21.874869446652326
2019-06-14 08:00:00,0.42,0.045,51.719395862889485
2019-06-14 09:00:00,0.444,0.184,46.19039915519349
2019-06-14 10:00:00,0.479,0.18,35.301242759657235
2019-06-14 11:00:00,0.535,0.101,31.333999059588344
2019-06-14 12:00:00,0.679,0.153,37.918428586295505
2019-06-14 13:00:00,0.683,0.261,21.680237479042738
2019-06-14 14:00:00,0.592,0.413,29.062851885910995
2019-06-14 15:00:00,0.469,0.501,6.678500212230283
2019-06-14 16:00:00,0.309,0.498,13.227216689026992
2019-06-14 17:00:00,0.134,0.477,33.022858745813124
2019-06-14 18:00:00,0.033,0.435,30.604846455565426
2019-06-14 19:00:00,0.0,0.3,28.562987458811314
2019-06-14 20:00:00,0.0,0.185,22.750194772255128
2019-06-14 21:00:00,0.0,0.136,25.278815914991444
2019-06-14 22:00:00,0.0,0.1,25.804075607503712
2019-06-14 23:00:00,0.0,0.055,35.71457007552736
2019-06-15 00:00:00,0.0,0.033,29.443181964783054
2019-06-15 01:00:00,0.0,0.025,42.69601152692965
2019-06-15 02:00:00,0.0,0.053,33.52255762494358
2019-06-15 03:00:00,0.0,0.123,40.75262772720085
2019-06-15 04:00:00,0.0,0.264,27.91771678905563
2019-06-15 05:00:00,0.04,0.453,56.59383328205348
2019-06-15 06:00:00,0.152,0.542,52.36111149324642
2019-06-15 07:00:00,0.35,0.497,53.26895402888968
2019-06-15 08:00:00,0.519,0.388,34.928753419217706
2019-06-15 09:00:00,0.648,0.299,37.63634080322507
2019-06-15 10:00:00,0.73,0.236,18.671572680562342
2019-06-15 11:00:00,0.765,0.203,41.00544038407094
2019-06-15 12:00:00,0.756,0.213,21.574682559896598
2019-06-15 13:00:00,0.705,0.246,30.403116060397263
2019-06-15 14:00:00,0.611,0.248,19.586444049735213
2019-06-15 15:00:00,0.482,0.177,18.741399079747474
2019-06-15 16:00:00,0.317,0.072,23.876874335198227
2019-06-15 17:00:00,0.13,0.027,8.072891558592062
2019-06-15 18:00:00,0.026,0.008,19.042887940671616
2019-06-15 19:00:00,0.0,0.108,34.62225539664162
2019-06-15 20:00:00,0.0,0.233,33.94041058653848
2019-06-15 21:00:00,0.0,0.3,16.08471690720453
2019-06-15 22:00:00,0.0,0.261,19.32896613652107
2019-06-15 23:00:00,0.0,0.195,39.93368514680734
2019-06-16 00:00:00,0.0,0.122,36.33715780714213
2019-06-16 01:00:00,0.0,0.062,49.956875691118526
2019-06-16 02:00:00,0.0,0.028,36.917378895726785
2019-06-16 03:00:00,0.0,0.019,15.416128472450715
2019-06-16 04:00:00,0.0,0.024,47.823492586675584
2019-06-16 05:00:00,0.033,0.031,52.78208783278172
2019-06-16 06:00:00,0.159,0.003,26.486320446313474
2019-06-16 07:00:00,0.347,0.008,38.4525940076067
2019-06-16 08:00:00,0.515,0.024,44.5478734864366
2019-06-16 09:00:00,0.643,0.055,25.555843089142584
2019-06-16 10:00:00,0.726,0.101,18.41757378963316
2019-06-16 11:00:00,0.763,0.169,26.814802542572263
2019-06-16 12:00:00,0.759,0.233,30.08746792142949
2019-06-16 13:00:00,0.714,0.255,36.03322066298809
2019-06-16 14:00:00,0.62,0.261,29.58701978163218
2019-06-16 15:00:00,0.464,0.277,15.254315401097852
2019-06-16 16:00:00,0.27,0.286,22.984429293479103
2019-06-16 17:00:00,0.114,0.325,11.103176410746283
2019-06-16 18:00:00,0.025,0.372,23.042396356514264
2019-06-16 19:00:00,0.0,0.359,28.140705747857734
2019-06-16 20:00:00,0.0,0.266,12.787420486171825
2019-06-16 21:00:00,0.0,0.156,30.51386381127489
2019-06-16 22:00:00,0.0,0.073,9.559686173847439
2019-06-16 23:00:00,0.0,0.029,16.514956225366245
2019-06-17 00:00:00,0.0,0.026,27.01578426835964
2019-06-17 01:00:00,0.0,0.034,23.539648349748663
2019-06-17 02:00:00,0.0,0.037,43.210693711610865
2019-06-17 03:00:00,0.0,0.029,10.645922947513736
2019-06-17 04:00:00,0.0,0.018,48.831848088494546
2019-06-17 05:00:00,0.032,0.015,36.16375549578641
2019-06-17 06:00:00,0.157,0.017,30.254199278575005
2019-06-17 07:00:00,0.345,0.03,26.189689219132738
2019-06-17 08:00:00,0.512,0.044,42.74544523555481
2019-06-17 09:00:00,0.638,0.068,44.01586663696299
2019-06-17 10:00:00,0.72,0.107,53.3081913161019
2019-06-17 11:00:00,0.758,0.165,38.64227764329317
2019-06-17 12:00:00,0.756,0.233,43.015099326477326
2019-06-17 13:00:00,0.709,0.294,18.11328772530232
2019-06-17 14:00:00,0.619,0.334,26.305305571518335
2019-06-17 15:00:00,0.486,0.347,32.43880231602438
2019-06-17 16:00:00,0.315,0.358,35.18972161820194
2019-06-17 17:00:00,0.132,0.367,26.13115420285404
2019-06-17 18:00:00,0.029,0.341,36.942866797419924
2019-06-17 19:00:00,0.0,0.262,25.974547164141914
2019-06-17 20:00:00,0.0,0.201,21.444826568231054
2019-06-17 21:00:00,0.0,0.156,2.913955289050385
2019-06-17 22:00:00,0.0,0.122,28.102746855728544
2019-06-17 23:00:00,0.0,0.093,13.139720798726486
2019-06-18 00:00:00,0.0,0.072,33.15462761241701
2019-06-18 01:00:00,0.0,0.076,36.098403642996985
2019-06-18 02:00:00,0.0,0.091,37.23318106694874
2019-06-18 03:00:00,0.0,0.103,29.473832941288478
2019-06-18 04:00:00,0.0,0.113,31.317239410462452
2019-06-18 05:00:00,0.034,0.109,39.15954741136878
2019-06-18 06:00:00,0.154,0.128,37.53825685551437
2019-06-18 07:00:00,0.335,0.208,26.86343528843058
2019-06-18 08:00:00,0.487,0.302,41.643295995943
2019-06-18 09:00:00,0.617,0.386,35.4947351830182
2019-06-18 10:00:00,0.712,0.46,60.13595755812024
2019-06-18 11:00:00,0.758,0.527,51.81465463136047
2019-06-18 12:00:00,0.756,0.578,27.052212528788807
2019-06-18 13:00:00,0.711,0.606,32.669823613481846
2019-06-18 14:00:00,0.622,0.622,33.06788142976889
2019-06-18 15:00:00,0.487,0.607,12.700155996240374
2019-06-18 16:00:00,0.316,0.556,4.272592507056817
2019-06-18 17:00:00,0.131,0.485,42.9676739090076
2019-06-18 18:00:00,0.027,0.368,34.901713302994416
2019-06-18 19:00:00,0.0,0.245,8.25947380375407
2019-06-18 20:00:00,0.0,0.178,34.53574956048536
2019-06-18 21:00:00,0.0,0.153,7.578081300021349
2019-06-18 22:00:00,0.0,0.152,17.82142022877677
2019-06-18 23:00:00,0.0,0.167,6.3209805099543175
2019-06-19 00:00:00,0.0,0.196,28.935666853578866
2019-06-19 01:00:00,0.0,0.21,18.141780346646406
2019-06-19 02:00:00,0.0,0.203,55.94328600996158
2019-06-19 03:00:00,0.0,0.183,29.122373339240745
2019-06-19 04:00:00,0.0,0.157,49.74499460271856
2019-06-19 05:00:00,0.04,0.124,34.23817101690162
2019-06-19 06:00:00,0.154,0.098,29.03894323664307
2019-06-19 07:00:00,0.347,0.072,23.877924166215
2019-06-19 08:00:00,0.514,0.057,23.62218153664929
2019-06-19 09:00:00,0.638,0.054,44.92080403024237
2019-06-19 10:00:00,0.717,0.065,47.91492856859702
2019-06-19 11:00:00,0.755,0.099,31.925109216509124
2019-06-19 12:00:00,0.748,0.166,35.53276553069903
2019-06-19 13:00:00,0.7,0.22,17.825959395704952
2019-06-19 14:00:00,0.61,0.26,55.77850107681469
2019-06-19 15:00:00,0.453,0.268,17.234634655540823
2019-06-19 16:00:00,0.275,0.253,16.33281720973143
2019-06-19 17:00:00,0.131,0.231,25.987359444265238
2019-06-19 18:00:00,0.031,0.204,17.90021027186875
2019-06-19 19:00:00,0.0,0.156,52.48192111957184
2019-06-19 20:00:00,0.0,0.09,24.45085645006001
2019-06-19 21:00:00,0.0,0.043,45.839007421369274
2019-06-19 22:00:00,0.0,0.031,34.83305035233713
2019-06-19 23:00:00,0.0,0.058,29.22775814359702
2019-06-20 00:00:00,0.0,0.111,23.808929715731388
2019-06-20 01:00:00,0.0,0.144,20.608958083453825
2019-06-20 02:00:00,0.0,0.138,54.5851177715877
2019-06-20 03:00:00,0.0,0.117,13.440029569036724
2019-06-20 04:00:00,0.0,0.096,36.53895357719402
2019-06-20 05:00:00,0.044,0.077,45.37935705295304
2019-06-20 06:00:00,0.156,0.097,55.37526628894028
2019-06-20 07:00:00,0.313,0.167,43.36499715523515
2019-06-20 08:00:00,0.456,0.221,31.115024836591658
2019-06-20 09:00:00,0.578,0.238,25.14216654394811
2019-06-20 10:00:00,0.686,0.281,50.55750766117452
2019-06-20 11:00:00,0.724,0.364,55.343121094867826
2019-06-20 12:00:00,0.669,0.416,11.962972998725355
2019-06-20 13:00:00,0.426,0.414,31.71815456064531
2019-06-20 14:00:00,0.275,0.392,40.43775451575999
2019-06-20 15:00:00,0.186,0.344,36.883104333542605
2019-06-20 16:00:00,0.172,0.288,20.11283031623335
2019-06-20 17:00:00,0.141,0.236,-4.851856184331911
2019-06-20 18:00:00,0.036,0.187,22.54225569716481
2019-06-20 19:00:00,0.0,0.161,20.158662841239547
2019-06-20 20:00:00,0.0,0.182,27.557291204428203
2019-06-20 21:00:00,0.0,0.225,25.73236349175847
2019-06-20 22:00:00,0.0,0.22,11.749076995281285
2019-06-20 23:00:00,0.0,0.184,30.89024999048944
2019-06-21 00:00:00,0.0,0.158,45.85644769148456
2019-06-21 01:00:00,0.0,0.16,17.33625581126866
2019-06-21 02:00:00,0.0,0.181,46.0162295948537
2019-06-21 03:00:00,0.0,0.205,42.185702098290676
2019-06-21 04:00:00,0.0,0.204,45.739964375722266
2019-06-21 05:00:00,0.042,0.163,36.81289507518058
2019-06-21 06:00:00,0.155,0.179,44.062046798301836
2019-06-21 07:00:00,0.311,0.169,36.53966321678041
2019-06-21 08:00:00,0.461,0.119,38.569611208254365
2019-06-21 09:00:00,0.577,0.076,40.51483855596974
2019-06-21 10:00:00,0.656,0.054,42.0630045198013
2019-06-21 11:00:00,0.687,0.031,44.79774789353808
2019-06-21 12:00:00,0.668,0.012,39.451207720252626
2019-06-21 13:00:00,0.62,0.006,21.872438527923592
2019-06-21 14:00:00,0.539,0.005,31.002161768992664
2019-06-21 15:00:00,0.413,0.005,19.14979239047228
2019-06-21 16:00:00,0.276,0.005,20.937973413695673
2019-06-21 17:00:00,0.131,0.005,11.10542472169968
2019-06-21 18:00:00,0.035,0.004,16.19912414654421
2019-06-21 19:00:00,0.0,0.035,36.80806953344442
2019-06-21 20:00:00,0.0,0.032,16.059464440774967
2019-06-21 21:00:00,0.0,0.029,31.62929769113765
2019-06-21 22:00:00,0.0,0.036,36.020425603762384
2019-06-21 23:00:00,0.0,0.046,14.911365444626629
2019-06-22 00:00:00,0.0,0.06,17.879204211256184
2019-06-22 01:00:00,0.0,0.087,21.906388687082835
2019-06-22 02:00:00,0.0,0.144,43.93295747057101
2019-06-22 03:00:00,0.0,0.233,32.30602122212592
2019-06-22 04:00:00,0.0,0.308,30.447975568503146
2019-06-22 05:00:00,0.034,0.349,39.18430666804659
2019-06-22 06:00:00,0.157,0.347,53.06062932856713
2019-06-22 07:00:00,0.345,0.279,41.203467456169605
2019-06-22 08:00:00,0.51,0.225,40.31689927896446
2019-06-22 09:00:00,0.635,0.192,33.12378575497175
2019-06-22 10:00:00,0.714,0.139,27.33978354564387
2019-06-22 11:00:00,0.752,0.133,26.65268315176219
2019-06-22 12:00:00,0.741,0.218,20.59318913241325
2019-06-22 13:00:00,0.688,0.316,16.458974821204635
2019-06-22 14:00:00,0.455,0.398,35.68853155249464
2019-06-22 15:00:00,0.27,0.45,16.580677455214637
2019-06-22 16:00:00,0.291,0.451,12.611771816694601
2019-06-22 17:00:00,0.132,0.402,3.8745700011198814
2019-06-22 18:00:00,0.031,0.361,14.575858293497706
2019-06-22 19:00:00,0.0,0.277,33.44259851662264
2019-06-22 20:00:00,0.0,0.194,17.6273295894583
2019-06-22 21:00:00,0.0,0.137,13.392951537895414
2019-06-22 22:00:00,0.0,0.093,15.260544076569573
2019-06-22 23:00:00,0.0,0.056,7.208749771913155
2019-06-23 00:00:00,0.0,0.041,30.934033568318288
2019-06-23 01:00:00,0.0,0.057,19.61847521966732
2019-06-23 02:00:00,0.0,0.101,24.750288804115502
2019-06-23 03:00:00,0.0,0.139,51.929265618865614
2019-06-23 04:00:00,0.0,0.137,28.24473576459214
2019-06-23 05:00:00,0.036,0.094,39.312005532496386
2019-06-23 06:00:00,0.152,0.076,17.634696877877378
2019-06-23 07:00:00,0.332,0.088,33.94578572302311
2019-06-23 08:00:00,0.497,0.133,31.25943056898985
2019-06-23 09:00:00,0.624,0.176,37.133429873115375
2019-06-23 10:00:00,0.705,0.224,42.647118292766976
2019-06-23 11:00:00,0.744,0.272,26.73109930727398
2019-06-23 12:00:00,0.74,0.302,34.683646990349565
2019-06-23 13:00:00,0.696,0.31,26.69403434564384
2019-06-23 14:00:00,0.608,0.304,39.11301918526573
2019-06-23 15:00:00,0.476,0.292,12.923445942377981
2019-06-23 16:00:00,0.309,0.279,37.82949792581501
2019-06-23 17:00:00,0.13,0.264,24.54033344506924
2019-06-23 18:00:00,0.028,0.22,28.958176673148927
2019-06-23 19:00:00,0.0,0.158,32.71548092637704
2019-06-23 20:00:00,0.0,0.118,34.22066091066855
2019-06-23 21:00:00,0.0,0.098,32.02308588019887
2019-06-23 22:00:00,0.0,0.114,51.82491762018479
2019-06-23 23:00:00,0.0,0.157,16.675817850887217
2019-06-24 00:00:00,0.0,0.204,42.59439428273774
2019-06-24 01:00:00,0.0,0.249,30.151288470281056
2019-06-24 02:00:00,0.0,0.308,39.113716721706034
2019-06-24 03:00:00,0.0,0.394,14.909173944900868
2019-06-24 04:00:00,0.0,0.482,39.29662216231129
2019-06-24 05:00:00,0.039,0.483,64.79415837008821
2019-06-24 06:00:00,0.15,0.401,44.80313984649747
2019-06-24 07:00:00,0.328,0.4,48.30774898917096
2019-06-24 08:00:00,0.494,0.447,44.74258279041285
2019-06-24 09:00:00,0.621,0.534,42.757491040376685
2019-06-24 10:00:00,0.703,0.62,23.878076263990508
2019-06-24 11:00:00,0.74,0.684,36.62071457376877
2019-06-24 12:00:00,0.736,0.721,38.84755192714755
2019-06-24 13:00:00,0.685,0.729,21.261297260115974
2019-06-24 14:00:00,0.584,0.729,39.165719064539076
2019-06-24 15:00:00,0.448,0.727,15.271404993371068
2019-06-24 16:00:00,0.289,0.727,48.31559887003696
2019-06-24 17:00:00,0.127,0.709,27.996230114860545
2019-06-24 18:00:00,0.034,0.668,30.343953039188563
2019-06-24 19:00:00,0.0,0.574,29.914567551467947
2019-06-24 20:00:00,0.0,0.498,40.375147181343145
2019-06-24 21:00:00,0.0,0.491,24.402408999579315
2019-06-24 22:00:00,0.0,0.517,18.227217513823003
2019-06-24 23:00:00,0.0,0.552,34.2645708584064
2019-06-25 00:00:00,0.0,0.581,45.83629356257872
2019-06-25 01:00:00,0.0,0.577,47.683864289453915
2019-06-25 02:00:00,0.0,0.55,12.284895985587749
2019-06-25 03:00:00,0.0,0.543,43.89162121477327
2019-06-25 04:00:00,0.0,0.535,51.98520660331121
2019-06-25 05:00:00,0.041,0.501,31.96635430147964
2019-06-25 06:00:00,0.148,0.503,38.65037310526385
2019-06-25 07:00:00,0.302,0.48,23.660955613141343
2019-06-25 08:00:00,0.447,0.467,42.50265371962118
2019-06-25 09:00:00,0.577,0.48,43.57717903590967
2019-06-25 10:00:00,0.666,0.498,27.95067673621357
2019-06-25 11:00:00,0.707,0.524,22.73611932227358
2019-06-25 12:00:00,0.731,0.556,12.684591914704832
2019-06-25 13:00:00,0.686,0.586,8.743922952372337
2019-06-25 14:00:00,0.595,0.614,35.24574132222298
2019-06-25 15:00:00,0.466,0.619,33.65014233611578
2019-06-25 16:00:00,0.301,0.618,30.212051264773493
2019-06-25 17:00:00,0.132,0.622,40.67981034919738
2019-06-25 18:00:00,0.033,0.597,24.183538241766595
2019-06-25 19:00:00,0.0,0.526,31.941738985891703
2019-06-25 20:00:00,0.0,0.478,18.870414348958523
2019-06-25 21:00:00,0.0,0.491,34.448209126676794
2019-06-25 22:00:00,0.0,0.503,45.297032570257755
2019-06-25 23:00:00,0.0,0.538,27.991109921728697
2019-06-26 00:00:00,0.0,0.593,37.46958181790199
2019-06-26 01:00:00,0.0,0.645,13.641610170001329
2019-06-26 02:00:00,0.0,0.697,26.775687845492314
2019-06-26 03:00:00,0.0,0.765,54.57203334237203
2019-06-26 04:00:00,0.0,0.808,32.442749446238345
2019-06-26 05:00:00,0.04,0.795,34.1823694183106
2019-06-26 06:00:00,0.148,0.818,46.581481832471475
2019-06-26 07:00:00,0.315,0.858,14.988585458295098
2019-06-26 08:00:00,0.47,0.876,38.77350477971233
2019-06-26 09:00:00,0.593,0.89,43.669990342887274
2019-06-26 10:00:00,0.677,0.895,17.04894087636104
2019-06-26 11:00:00,0.717,0.889,34.430755538798735
2019-06-26 12:00:00,0.725,0.876,10.783661389726777
2019-06-26 13:00:00,0.679,0.857,44.761497649146776
2019-06-26 14:00:00,0.59,0.834,36.348436278190064
2019-06-26 15:00:00,0.457,0.8,26.95578968702189
2019-06-26 16:00:00,0.293,0.753,23.83973670753165
2019-06-26 17:00:00,0.13,0.692,28.7472153878866
2019-06-26 18:00:00,0.033,0.59,15.636127903433643
2019-06-26 19:00:00,0.0,0.532,9.554924883740807
2019-06-26 20:00:00,0.0,0.557,20.941142274586376
2019-06-26 21:00:00,0.0,0.579,-2.770101194454959
2019-06-26 22:00:00,0.0,0.592,22.252209780251675
2019-06-26 23:00:00,0.0,0.59,37.06741876688151
2019-06-27 00:00:00,0.0,0.562,44.42522567073123
2019-06-27 01:00:00,0.0,0.505,20.211799005290363
2019-06-27 02:00:00,0.0,0.425,44.41128395570254
2019-06-27 03:00:00,0.0,0.361,12.977905833165963
2019-06-27 04:00:00,0.0,0.318,27.516062138186726
2019-06-27 05:00:00,0.033,0.279,51.62209628993535
2019-06-27 06:00:00,0.148,0.224,65.29840384031151
2019-06-27 07:00:00,0.332,0.227,29.898023934194384
2019-06-27 08:00:00,0.497,0.236,35.62270023612009
2019-06-27 09:00:00,0.619,0.245,30.328712280452656
2019-06-27 10:00:00,0.698,0.254,32.4907599731118
2019-06-27 11:00:00,0.734,0.27,22.72244485111151
2019-06-27 12:00:00,0.731,0.278,15.803321612830441
2019-06-27 13:00:00,0.683,0.275,41.41958276837971
2019-06-27 14:00:00,0.594,0.255,12.87572466658099
2019-06-27 15:00:00,0.465,0.223,49.63094664090471
2019-06-27 16:00:00,0.302,0.188,4.151712116281242
2019-06-27 17:00:00,0.129,0.155,41.540351202905846
2019-06-27 18:00:00,0.028,0.131,40.54423549723987
2019-06-27 19:00:00,0.0,0.101,13.208769789620494
2019-06-27 20:00:00,0.0,0.056,33.62662416427048
2019-06-27 21:00:00,0.0,0.019,48.627420521738344
2019-06-27 22:00:00,0.0,0.003,35.524043371115816
2019-06-27 23:00:00,0.0,0.005,28.97782600318594
2019-06-28 00:00:00,0.0,0.018,34.32462895434468
2019-06-28 01:00:00,0.0,0.035,40.90036823025781
2019-06-28 02:00:00,0.0,0.066,36.80540351929541
2019-06-28 03:00:00,0.0,0.114,38.227507784807564
2019-06-28 04:00:00,0.0,0.154,66.21455833466369
2019-06-28 05:00:00,0.028,0.186,55.39074294820316
2019-06-28 06:00:00,0.148,0.174,42.81135826657643
2019-06-28 07:00:00,0.333,0.156,34.875337216584484
2019-06-28 08:00:00,0.496,0.133,39.157312244734435
2019-06-28 09:00:00,0.617,0.088,46.29618070678703
2019-06-28 10:00:00,0.695,0.047,39.42555422773726
2019-06-28 11:00:00,0.731,0.059,35.752332615183306
2019-06-28 12:00:00,0.726,0.102,27.549653829337817
2019-06-28 13:00:00,0.682,0.175,6.343654700858309
2019-06-28 14:00:00,0.596,0.247,16.746817888368664
2019-06-28 15:00:00,0.467,0.278,14.768662457571292
2019-06-28 16:00:00,0.304,0.294,28.894660893951304
2019-06-28 17:00:00,0.127,0.305,17.200614884964093
2019-06-28 18:00:00,0.026,0.32,13.647912498106454
2019-06-28 19:00:00,0.0,0.293,33.62661242561181
2019-06-28 20:00:00,0.0,0.204,7.997830872850919
2019-06-28 21:00:00,0.0,0.108,35.570504917615295
2019-06-28 22:00:00,0.0,0.072,33.4967032194509
2019-06-28 23:00:00,0.0,0.047,38.11376808581301
2019-06-29 00:00:00,0.0,0.032,39.52519648140824
2019-06-29 01:00:00,0.0,0.023,30.273725960505896
2019-06-29 02:00:00,0.0,0.019,25.3296212869736
2019-06-29 03:00:00,0.0,0.014,40.43301409719199
2019-06-29 04:00:00,0.0,0.01,16.681371956561502
2019-06-29 05:00:00,0.029,0.01,28.082815541428246
2019-06-29 06:00:00,0.146,0.008,38.705200453072095
2019-06-29 07:00:00,0.328,0.006,42.88377306007835
2019-06-29 08:00:00,0.489,0.034,49.08416987631668
2019-06-29 09:00:00,0.612,0.079,40.1001375087922
2019-06-29 10:00:00,0.692,0.132,42.59045499272747
2019-06-29 11:00:00,0.73,0.184,56.21754300742996
2019-06-29 12:00:00,0.729,0.233,4.061042639582777
2019-06-29 13:00:00,0.686,0.274,33.93013880763204
2019-06-29 14:00:00,0.6,0.3,-0.702999094652899
2019-06-29 15:00:00,0.473,0.307,-6.341661877157144
2019-06-29 16:00:00,0.308,0.294,28.458292000924544
2019-06-29 17:00:00,0.129,0.267,53.551921055549684
2019-06-29 18:00:00,0.024,0.22,7.756160675778247
2019-06-29 19:00:00,0.0,0.167,30.15492945601435
2019-06-29 20:00:00,0.0,0.107,10.461596258844331
2019-06-29 21:00:00,0.0,0.071,17.00300272219394
2019-06-29 22:00:00,0.0,0.068,36.72602670411239
2019-06-29 23:00:00,0.0,0.066,35.78460347706413
2019-06-30 00:00:00,0.0,0.05,30.751531840298664
2019-06-30 01:00:00,0.0,0.031,42.38026884262354
2019-06-30 02:00:00,0.0,0.022,45.76626595981767
2019-06-30 03:00:00,0.0,0.03,29.424169341602102
2019-06-30 04:00:00,0.0,0.055,27.462252701372545
2019-06-30 05:00:00,0.028,0.088,39.05670243029935
2019-06-30 06:00:00,0.148,0.086,65.91223837888019
2019-06-30 07:00:00,0.335,0.084,35.919427701161254
2019-06-30 08:00:00,0.498,0.074,48.86062759216544
2019-06-30 09:00:00,0.621,0.089,41.21961033330776
2019-06-30 10:00:00,0.699,0.126,41.0176365747145
2019-06-30 11:00:00,0.736,0.167,38.50281282252964
2019-06-30 12:00:00,0.728,0.201,25.91861618451265
2019-06-30 13:00:00,0.683,0.223,23.397668396847504
2019-06-30 14:00:00,0.596,0.229,4.1233118006712175
2019-06-30 15:00:00,0.467,0.223,28.310190407758537
2019-06-30 16:00:00,0.304,0.217,38.05132276776064
2019-06-30 17:00:00,0.129,0.211,25.37014364816604
2019-06-30 18:00:00,0.027,0.201,6.053160800369199
2019-06-30 19:00:00,0.0,0.176,17.688375111924614
2019-06-30 20:00:00,0.0,0.133,39.07031587327759
2019-06-30 21:00:00,0.0,0.102,30.337769655911934
2019-06-30 22:00:00,0.0,0.104,25.319563028877667
2019-06-30 23:00:00,0.0,0.132,24.97863898508161
2019-07-01 00:00:00,0.0,0.158,29.15119385329148
2019-07-01 01:00:00,0.0,0.164,17.148958180977314
2019-07-01 02:00:00,0.0,0.144,23.91318233429902
2019-07-01 03:00:00,0.0,0.117,38.68159552335098
2019-07-01 04:00:00,0.0,0.098,21.88590260436945
2019-07-01 05:00:00,0.032,0.093,57.4488682506144
2019-07-01 06:00:00,0.147,0.067,45.902853570887096
2019-07-01 07:00:00,0.327,0.036,34.94617975056008
2019-07-01 08:00:00,0.487,0.043,44.6793722232278
2019-07-01 09:00:00,0.611,0.075,43.58295992993084
2019-07-01 10:00:00,0.691,0.131,72.10919105798504
2019-07-01 11:00:00,0.728,0.199,14.170605291260692
2019-07-01 12:00:00,0.729,0.261,39.47275310714152
2019-07-01 13:00:00,0.689,0.294,36.5079767552866
2019-07-01 14:00:00,0.604,0.29,13.374608703692902
2019-07-01 15:00:00,0.474,0.268,27.95878480008038
2019-07-01 16:00:00,0.308,0.236,29.391955306596284
2019-07-01 17:00:00,0.13,0.203,48.2450069519943
2019-07-01 18:00:00,0.027,0.16,23.74717543309637
2019-07-01 19:00:00,0.0,0.118,11.476753822512954
2019-07-01 20:00:00,0.0,0.073,30.615232555387998
2019-07-01 21:00:00,0.0,0.034,7.016380293964584
2019-07-01 22:00:00,0.0,0.055,25.43037257619693
2019-07-01 23:00:00,0.0,0.114,24.863612701277965
2019-07-02 00:00:00,0.0,0.15,29.66637747142149
2019-07-02 01:00:00,0.0,0.16,25.841705760403826
2019-07-02 02:00:00,0.0,0.172,47.83795868603947
2019-07-02 03:00:00,0.0,0.192,35.00743282516857
2019-07-02 04:00:00,0.0,0.206,48.79698276129927
2019-07-02 05:00:00,0.036,0.158,28.517462843168914
2019-07-02 06:00:00,0.145,0.173,52.40437040577534
2019-07-02 07:00:00,0.316,0.203,43.24242310847408
2019-07-02 08:00:00,0.475,0.201,42.458334056868
2019-07-02 09:00:00,0.596,0.192,62.51007358157056
2019-07-02 10:00:00,0.673,0.185,23.99120715734165
2019-07-02 11:00:00,0.708,0.177,16.31660705830774
2019-07-02 12:00:00,0.702,0.168,42.607437343004115
2019-07-02 13:00:00,0.659,0.163,40.96951725532713
2019-07-02 14:00:00,0.579,0.161,16.562861106319474
2019-07-02 15:00:00,0.455,0.159,28.835453598037613
2019-07-02 16:00:00,0.299,0.158,40.40020902243713
2019-07-02 17:00:00,0.131,0.159,27.538361801336805
2019-07-02 18:00:00,0.03,0.166,14.339953271223276
2019-07-02 19:00:00,0.0,0.153,45.62654839964223
2019-07-02 20:00:00,0.0,0.106,16.649396284952623
2019-07-02 21:00:00,0.0,0.054,28.145943502336795
2019-07-02 22:00:00,0.0,0.018,30.633134526072087
2019-07-02 23:00:00,0.0,0.003,23.75423297174804
2019-07-03 00:00:00,0.0,0.01,27.28095486317676
2019-07-03 01:00:00,0.0,0.024,56.239769722692415
2019-07-03 02:00:00,0.0,0.025,33.128175073261225
2019-07-03 03:00:00,0.0,0.024,39.22220566107761
2019-07-03 04:00:00,0.0,0.027,26.902443426123806
2019-07-03 05:00:00,0.033,0.031,25.421376017913566
2019-07-03 06:00:00,0.145,0.019,54.14904899446243
2019-07-03 07:00:00,0.323,0.007,42.15724107871179
2019-07-03 08:00:00,0.484,0.002,40.49060894864117
2019-07-03 09:00:00,0.605,0.01,32.7501307322118
2019-07-03 10:00:00,0.686,0.051,67.24522479170523
2019-07-03 11:00:00,0.726,0.121,17.561873391940953
2019-07-03 12:00:00,0.724,0.19,31.96733620067677
2019-07-03 13:00:00,0.679,0.253,27.05784276238016
2019-07-03 14:00:00,0.59,0.308,37.813204660931895
2019-07-03 15:00:00,0.46,0.332,11.876229639275312
2019-07-03 16:00:00,0.302,0.316,16.561385538140247
2019-07-03 17:00:00,0.13,0.268,13.413227164456506
2019-07-03 18:00:00,0.028,0.199,8.784573525097603
2019-07-03 19:00:00,0.0,0.133,57.76220521810509
2019-07-03 20:00:00,0.0,0.077,31.353532744385504
2019-07-03 21:00:00,0.0,0.035,30.138213828129775
2019-07-03 22:00:00,0.0,0.017,33.980417985888224
2019-07-03 23:00:00,0.0,0.011,22.485203625258407
2019-07-04 00:00:00,0.0,0.014,22.661812775646183
2019-07-04 01:00:00,0.0,0.029,51.672576236990146
2019-07-04 02:00:00,0.0,0.055,36.67662861143822
2019-07-04 03:00:00,0.0,0.089,43.39896639160236
2019-07-04 04:00:00,0.0,0.123,38.93091986417516
2019-07-04 05:00:00,0.032,0.125,35.0433592517264
2019-07-04 06:00:00,0.147,0.055,37.53026258346437
2019-07-04 07:00:00,0.329,0.022,56.51406511143505
2019-07-04 08:00:00,0.491,0.04,29.414713110644094
2019-07-04 09:00:00,0.612,0.087,12.638512064260873
2019-07-04 10:00:00,0.692,0.148,25.835641532889117
2019-07-04 11:00:00,0.73,0.206,31.856131781676044
2019-07-04 12:00:00,0.725,0.247,40.27732996165469
2019-07-04 13:00:00,0.664,0.274,32.143224147687555
2019-07-04 14:00:00,0.556,0.288,10.324617628205939
2019-07-04 15:00:00,0.414,0.277,17.206453831156914
2019-07-04 16:00:00,0.252,0.264,30.29185047699665
2019-07-04 17:00:00,0.088,0.236,30.10189766361458
2019-07-04 18:00:00,0.021,0.182,36.18369026937182
2019-07-04 19:00:00,0.0,0.128,20.55856244523608
2019-07-04 20:00:00,0.0,0.085,17.565644439147494
2019-07-04 21:00:00,0.0,0.057,23.087402784898764
2019-07-04 22:00:00,0.0,0.039,14.885455364580949
2019-07-04 23:00:00,0.0,0.023,28.68894270947311
2019-07-05 00:00:00,0.0,0.012,45.85286788347277
2019-07-05 01:00:00,0.0,0.007,50.484069274306165
2019-07-05 02:00:00,0.0,0.005,46.35125912387056
2019-07-05 03:00:00,0.0,0.009,22.361543294920153
2019-07-05 04:00:00,0.0,0.016,46.55121375089896
2019-07-05 05:00:00,0.036,0.015,34.54713369981489
2019-07-05 06:00:00,0.143,0.016,43.310709245814
2019-07-05 07:00:00,0.317,0.05,35.8775772998905
2019-07-05 08:00:00,0.48,0.097,51.86186876737186
2019-07-05 09:00:00,0.607,0.139,39.6396260451976
2019-07-05 10:00:00,0.689,0.158,65.7856890713017
2019-07-05 11:00:00,0.727,0.167,35.71148135184348
2019-07-05 12:00:00,0.725,0.184,54.97932516112326
2019-07-05 13:00:00,0.679,0.225,46.17949457446312
2019-07-05 14:00:00,0.59,0.269,44.96293863778179
2019-07-05 15:00:00,0.46,0.294,25.389483308804362
2019-07-05 16:00:00,0.298,0.291,37.162958486817104
2019-07-05 17:00:00,0.13,0.267,5.928621234682684
2019-07-05 18:00:00,0.029,0.231,40.603778814389436
2019-07-05 19:00:00,0.0,0.186,15.557328486566416
2019-07-05 20:00:00,0.0,0.146,24.10306932937132
2019-07-05 21:00:00,0.0,0.111,34.16574557449511
2019-07-05 22:00:00,0.0,0.094,22.95938263030216
2019-07-05 23:00:00,0.0,0.097,31.39259371862138
2019-07-06 00:00:00,0.0,0.131,11.819883318668523
2019-07-06 01:00:00,0.0,0.181,35.31461438017183
2019-07-06 02:00:00,0.0,0.194,35.595241371584436
2019-07-06 03:00:00,0.0,0.115,37.963347173208945
2019-07-06 04:00:00,0.0,0.061,45.19437610895302
2019-07-06 05:00:00,0.028,0.045,55.5842760065655
2019-07-06 06:00:00,0.127,0.041,46.82038550653434
2019-07-06 07:00:00,0.277,0.076,33.60806416876344
2019-07-06 08:00:00,0.457,0.095,40.571565357642065
2019-07-06 09:00:00,0.607,0.088,52.12529109876758
2019-07-06 10:00:00,0.687,0.09,36.054870079404246
2019-07-06 11:00:00,0.723,0.144,27.45351205542402
2019-07-06 12:00:00,0.712,0.289,55.86096038881722
2019-07-06 13:00:00,0.662,0.348,23.895398395523028
2019-07-06 14:00:00,0.575,0.273,49.58714462932183
2019-07-06 15:00:00,0.447,0.278,1.8558751905100053
2019-07-06 16:00:00,0.29,0.328,22.206714111933863
2019-07-06 17:00:00,0.129,0.352,37.0566012783862
2019-07-06 18:00:00,0.031,0.319,27.97615733280449
2019-07-06 19:00:00,0.0,0.248,28.8960253140839
2019-07-06 20:00:00,0.0,0.179,38.51868603617919
2019-07-06 21:00:00,0.0,0.294,34.93659218654188
2019-07-06 22:00:00,0.0,0.351,25.93513117739374
2019-07-06 23:00:00,0.0,0.145,18.301186387546316
2019-07-07 00:00:00,0.0,0.071,26.421072630506984
2019-07-07 01:00:00,0.0,0.094,26.880032048833733
2019-07-07 02:00:00,0.0,0.218,24.349323571553686
2019-07-07 03:00:00,0.0,0.272,48.78044817201456
2019-07-07 04:00:00,0.0,0.146,12.970693435188949
2019-07-07 05:00:00,0.027,0.112,18.990751412511653
2019-07-07 06:00:00,0.103,0.225,55.55202301511146
2019-07-07 07:00:00,0.209,0.343,29.772025552580608
2019-07-07 08:00:00,0.33,0.371,53.84297100748094
2019-07-07 09:00:00,0.487,0.351,62.16519267192426
2019-07-07 10:00:00,0.629,0.262,20.39564699020593
2019-07-07 11:00:00,0.685,0.172,37.46262289384978
2019-07-07 12:00:00,0.685,0.091,56.16732985313781
2019-07-07 13:00:00,0.639,0.017,5.750295584057618
2019-07-07 14:00:00,0.552,0.096,21.083338266613104
2019-07-07 15:00:00,0.408,0.314,25.184403652942308
2019-07-07 16:00:00,0.175,0.583,26.526684237483934
2019-07-07 17:00:00,0.033,0.479,17.69944086931587
2019-07-07 18:00:00,0.004,0.035,34.67668256802
2019-07-07 19:00:00,0.0,0.209,-11.004057014045593
2019-07-07 20:00:00,0.0,0.447,8.78527646096915
2019-07-07 21:00:00,0.0,0.329,20.59712817283471
2019-07-07 22:00:00,0.0,0.183,38.709877601244216
2019-07-07 23:00:00,0.0,0.396,29.225069467083326
2019-07-08 00:00:00,0.0,0.464,44.6191498182131
2019-07-08 01:00:00,0.0,0.391,36.84321173849009
2019-07-08 02:00:00,0.0,0.228,34.87408618762685
2019-07-08 03:00:00,0.0,0.058,31.98583406271765
2019-07-08 04:00:00,0.0,0.042,42.349334986668765
2019-07-08 05:00:00,0.044,0.199,32.494847243181326
2019-07-08 06:00:00,0.147,0.167,20.49459620593504
2019-07-08 07:00:00,0.291,0.114,49.53510206753634
2019-07-08 08:00:00,0.338,0.114,50.365555944595975
2019-07-08 09:00:00,0.198,0.021,43.17345840200758
2019-07-08 10:00:00,0.272,0.085,37.88688789810651
2019-07-08 11:00:00,0.224,0.233,45.265956322716086
2019-07-08 12:00:00,0.342,0.388,28.708888374776357
2019-07-08 13:00:00,0.526,0.501,47.82869177237604
2019-07-08 14:00:00,0.513,0.535,34.89600496813562
2019-07-08 15:00:00,0.389,0.461,36.97337755716312
2019-07-08 16:00:00,0.246,0.391,24.122649184998046
2019-07-08 17:00:00,0.126,0.413,-0.055459176590190395
2019-07-08 18:00:00,0.031,0.429,35.32447372200681
2019-07-08 19:00:00,0.0,0.605,11.749066749248659
2019-07-08 20:00:00,0.0,0.536,44.32064703131995
2019-07-08 21:00:00,0.0,0.261,40.08527297081743
2019-07-08 22:00:00,0.0,0.124,23.09803059707066
2019-07-08 23:00:00,0.0,0.149,20.722057775474443
2019-07-09 00:00:00,0.0,0.272,15.78831263900782
2019-07-09 01:00:00,0.0,0.428,28.89952922947075
2019-07-09 02:00:00,0.0,0.566,39.350949258027185
2019-07-09 03:00:00,0.0,0.593,27.365128888458003
2019-07-09 04:00:00,0.0,0.577,58.70523759915865
2019-07-09 05:00:00,0.036,0.556,61.73864313382987
2019-07-09 06:00:00,0.123,0.506,67.1896637704792
2019-07-09 07:00:00,0.264,0.381,39.484093763847156
2019-07-09 08:00:00,0.428,0.289,34.32344192849628
2019-07-09 09:00:00,0.581,0.273,38.22014515365092
2019-07-09 10:00:00,0.664,0.297,35.961649888517805
2019-07-09 11:00:00,0.7,0.328,38.212631063005226
2019-07-09 12:00:00,0.696,0.361,28.55258150701073
2019-07-09 13:00:00,0.656,0.398,19.609120704541155
2019-07-09 14:00:00,0.567,0.455,37.46849335592504
2019-07-09 15:00:00,0.44,0.511,16.450995657795687
2019-07-09 16:00:00,0.286,0.523,33.80879848551828
2019-07-09 17:00:00,0.131,0.509,17.433882282434688
2019-07-09 18:00:00,0.03,0.47,8.614674428953986
2019-07-09 19:00:00,0.0,0.436,2.549670567680721
2019-07-09 20:00:00,0.0,0.435,26.644543295380533
2019-07-09 21:00:00,0.0,0.476,28.748017513393012
2019-07-09 22:00:00,0.0,0.516,13.749048439717633
2019-07-09 23:00:00,0.0,0.527,64.13164562084322
2019-07-10 00:00:00,0.0,0.513,45.177402656493754
2019-07-10 01:00:00,0.0,0.491,54.86435287293051
2019-07-10 02:00:00,0.0,0.467,41.75307462620947
2019-07-10 03:00:00,0.0,0.471,17.92435831970424
2019-07-10 04:00:00,0.0,0.503,53.017318249884724
2019-07-10 05:00:00,0.032,0.495,58.383099655851915
2019-07-10 06:00:00,0.144,0.438,20.652223285213072
2019-07-10 07:00:00,0.327,0.314,32.83956826553319
2019-07-10 08:00:00,0.49,0.189,51.620610975000034
2019-07-10 09:00:00,0.615,0.104,15.026777354160359
2019-07-10 10:00:00,0.696,0.076,39.54332318473058
2019-07-10 11:00:00,0.735,0.081,52.77953747252496
2019-07-10 12:00:00,0.733,0.1,19.06104352961762
2019-07-10 13:00:00,0.688,0.128,31.348568596939803
2019-07-10 14:00:00,0.601,0.16,41.14855864495896
2019-07-10 15:00:00,0.472,0.179,22.543250535018622
2019-07-10 16:00:00,0.307,0.192,32.41881484414032
2019-07-10 17:00:00,0.13,0.204,30.835542236102437
2019-07-10 18:00:00,0.025,0.261,17.371659719397606
2019-07-10 19:00:00,0.0,0.319,27.748761351343795
2019-07-10 20:00:00,0.0,0.286,24.291914828817852
2019-07-10 21:00:00,0.0,0.231,25.05792445990423
2019-07-10 22:00:00,0.0,0.153,39.24392249926823
2019-07-10 23:00:00,0.0,0.085,43.59349759673627
2019-07-11 00:00:00,0.0,0.046,30.934600698707623
2019-07-11 01:00:00,0.0,0.025,39.96369626857405
2019-07-11 02:00:00,0.0,0.014,19.987884365107455
2019-07-11 03:00:00,0.0,0.004,44.23178389052949
2019-07-11 04:00:00,0.0,0.002,46.120401058744996
2019-07-11 05:00:00,0.029,0.011,53.084321849878044
2019-07-11 06:00:00,0.143,0.028,36.289726789018914
2019-07-11 07:00:00,0.328,0.071,51.9944437162443
2019-07-11 08:00:00,0.493,0.126,33.13949610468507
2019-07-11 09:00:00,0.618,0.17,64.6727974408474
2019-07-11 10:00:00,0.698,0.179,36.69051488018378
2019-07-11 11:00:00,0.735,0.186,31.589269115726818
2019-07-11 12:00:00,0.732,0.201,11.796264753909309
2019-07-11 13:00:00,0.687,0.221,46.9284066226556
2019-07-11 14:00:00,0.599,0.239,30.515899047886034
2019-07-11 15:00:00,0.468,0.273,18.612396290472432
2019-07-11 16:00:00,0.303,0.312,17.874788490218947
2019-07-11 17:00:00,0.129,0.352,19.91874749535349
2019-07-11 18:00:00,0.025,0.42,20.16242573342307
2019-07-11 19:00:00,0.0,0.513,11.013001035548815
2019-07-11 20:00:00,0.0,0.513,29.828633535361885
2019-07-11 21:00:00,0.0,0.432,27.567416948045288
2019-07-11 22:00:00,0.0,0.312,23.851226229892863
2019-07-11 23:00:00,0.0,0.205,16.98647686944883
2019-07-12 00:00:00,0.0,0.132,34.857937774535756
2019-07-12 01:00:00,0.0,0.088,3.7759900409068052
2019-07-12 02:00:00,0.0,0.069,23.95313988555887
2019-07-12 03:00:00,0.0,0.068,51.323511626580505
2019-07-12 04:00:00,0.0,0.073,28.667954107334616
2019-07-12 05:00:00,0.03,0.072,25.956132381446952
2019-07-12 06:00:00,0.143,0.058,34.380652702028925
2019-07-12 07:00:00,0.327,0.053,46.155551894556005
2019-07-12 08:00:00,0.492,0.061,43.70153400935769
2019-07-12 09:00:00,0.614,0.088,48.33734411747364
2019-07-12 10:00:00,0.693,0.108,46.86689495650746
2019-07-12 11:00:00,0.73,0.167,41.888520728997065
2019-07-12 12:00:00,0.726,0.239,15.483860725146357
2019-07-12 13:00:00,0.682,0.296,33.130246851713814
2019-07-12 14:00:00,0.594,0.332,47.64004960471609
2019-07-12 15:00:00,0.463,0.344,31.904070199946748
2019-07-12 16:00:00,0.298,0.344,27.684607241867646
2019-07-12 17:00:00,0.127,0.364,39.35034218548486
2019-07-12 18:00:00,0.027,0.438,13.548978225507788
2019-07-12 19:00:00,0.0,0.402,26.41035191314832
2019-07-12 20:00:00,0.0,0.231,31.071275306367127
2019-07-12 21:00:00,0.0,0.112,16.664546635539693
2019-07-12 22:00:00,0.0,0.068,36.39867599817613
2019-07-12 23:00:00,0.0,0.083,37.982980078177796
2019-07-13 00:00:00,0.0,0.123,23.42731913419732
2019-07-13 01:00:00,0.0,0.146,43.56330201754921
2019-07-13 02:00:00,0.0,0.113,49.41651345364831
2019-07-13 03:00:00,0.0,0.103,36.542404647896966
2019-07-13 04:00:00,0.0,0.09,42.405022244084925
2019-07-13 05:00:00,0.026,0.046,29.28170513046977
2019-07-13 06:00:00,0.135,0.046,34.839747034486145
2019-07-13 07:00:00,0.142,0.055,28.988114604985643
2019-07-13 08:00:00,0.131,0.039,50.809696091828016
2019-07-13 09:00:00,0.172,0.062,34.815391506145865
2019-07-13 10:00:00,0.241,0.117,30.63143150212511
2019-07-13 11:00:00,0.287,0.114,29.70614394174779
2019-07-13 12:00:00,0.49,0.072,22.453352680454827
2019-07-13 13:00:00,0.652,0.061,36.40978803413464
2019-07-13 14:00:00,0.575,0.133,41.72265275606675
2019-07-13 15:00:00,0.447,0.165,26.97329682301147
2019-07-13 16:00:00,0.291,0.167,5.147124667351598
2019-07-13 17:00:00,0.134,0.167,16.38698503510965
2019-07-13 18:00:00,0.031,0.179,25.833975322916523
2019-07-13 19:00:00,0.0,0.193,34.96468903040308
2019-07-13 20:00:00,0.0,0.205,20.35835583057893
2019-07-13 21:00:00,0.0,0.21,4.142272684246862
2019-07-13 22:00:00,0.0,0.191,9.822092879410611
2019-07-13 23:00:00,0.0,0.146,26.263778638720254
2019-07-14 00:00:00,0.0,0.106,12.523041097627473
2019-07-14 01:00:00,0.0,0.091,45.36963441691722
2019-07-14 02:00:00,0.0,0.101,46.53678608993586
2019-07-14 03:00:00,0.0,0.133,33.85053830500349
2019-07-14 04:00:00,0.0,0.177,39.23995209604277
2019-07-14 05:00:00,0.034,0.194,65.05667887787533
2019-07-14 06:00:00,0.122,0.204,22.450750978904864
2019-07-14 07:00:00,0.282,0.248,25.14254990262516
2019-07-14 08:00:00,0.426,0.261,41.84336817869765
2019-07-14 09:00:00,0.537,0.238,29.642592000614567
2019-07-14 10:00:00,0.583,0.165,55.13182182387908
2019-07-14 11:00:00,0.558,0.09,37.38563775065159
2019-07-14 12:00:00,0.524,0.026,26.491543305416933
2019-07-14 13:00:00,0.514,0.005,28.32929515055053
2019-07-14 14:00:00,0.459,0.008,21.801715700177468
2019-07-14 15:00:00,0.402,0.041,34.27304301858385
2019-07-14 16:00:00,0.259,0.083,27.153754851063958
2019-07-14 17:00:00,0.124,0.106,13.771089802679626
2019-07-14 18:00:00,0.029,0.134,12.685336352071761
2019-07-14 19:00:00,0.0,0.181,42.50386163856882
2019-07-14 20:00:00,0.0,0.207,27.856437571029645
2019-07-14 21:00:00,0.0,0.233,31.103757975975633
2019-07-14 22:00:00,0.0,0.251,35.66961904948507
2019-07-14 23:00:00,0.0,0.233,40.475460936451256
2019-07-15 00:00:00,0.0,0.201,31.793307842425765
2019-07-15 01:00:00,0.0,0.228,37.82763036615184
2019-07-15 02:00:00,0.0,0.32,47.79632110105994
2019-07-15 03:00:00,0.0,0.386,36.48175181126868
2019-07-15 04:00:00,0.0,0.407,44.38022025431286
2019-07-15 05:00:00,0.028,0.373,37.40689369139748
2019-07-15 06:00:00,0.141,0.281,55.63091228848944
2019-07-15 07:00:00,0.327,0.126,58.5394418052156
2019-07-15 08:00:00,0.494,0.034,42.455151542667465
2019-07-15 09:00:00,0.62,0.011,42.80383482802204
2019-07-15 10:00:00,0.704,0.031,31.873512904124656
2019-07-15 11:00:00,0.744,0.067,41.30738536166492
2019-07-15 12:00:00,0.742,0.089,32.963027460399275
2019-07-15 13:00:00,0.696,0.113,35.81428447293138
2019-07-15 14:00:00,0.607,0.132,16.120193259914988
2019-07-15 15:00:00,0.476,0.13,39.41313669742288
2019-07-15 16:00:00,0.309,0.141,34.82150633885461
2019-07-15 17:00:00,0.13,0.188,17.020633674861244
2019-07-15 18:00:00,0.023,0.261,31.374578303775245
2019-07-15 19:00:00,0.0,0.351,31.281500299814084
2019-07-15 20:00:00,0.0,0.368,18.96976593622864
2019-07-15 21:00:00,0.0,0.297,18.301390949349766
2019-07-15 22:00:00,0.0,0.187,40.16082745233647
2019-07-15 23:00:00,0.0,0.096,29.717120137985468
2019-07-16 00:00:00,0.0,0.046,28.800271352479857
2019-07-16 01:00:00,0.0,0.02,10.184154803924791
2019-07-16 02:00:00,0.0,0.012,36.30551318419391
2019-07-16 03:00:00,0.0,0.011,63.411750690171154
2019-07-16 04:00:00,0.0,0.016,51.63746706239138
2019-07-16 05:00:00,0.029,0.022,42.39927354395858
2019-07-16 06:00:00,0.142,0.002,36.08385941604013
2019-07-16 07:00:00,0.33,0.017,55.85040098038532
2019-07-16 08:00:00,0.497,0.067,35.00450763417651
2019-07-16 09:00:00,0.623,0.144,30.564177963797164
2019-07-16 10:00:00,0.705,0.239,21.58373165543538
2019-07-16 11:00:00,0.742,0.325,17.579545448780937
2019-07-16 12:00:00,0.736,0.382,18.9196885955681
2019-07-16 13:00:00,0.686,0.416,39.79964105534761
2019-07-16 14:00:00,0.597,0.444,57.80855370438709
2019-07-16 15:00:00,0.469,0.441,32.88905285529675
2019-07-16 16:00:00,0.298,0.444,33.219115014929514
2019-07-16 17:00:00,0.118,0.466,21.93521302269045
2019-07-16 18:00:00,0.015,0.461,40.60337013831368
2019-07-16 19:00:00,0.0,0.406,13.685108607068202
2019-07-16 20:00:00,0.0,0.319,29.17309700363548
2019-07-16 21:00:00,0.0,0.227,23.598432920587552
2019-07-16 22:00:00,0.0,0.162,37.05316925955333
2019-07-16 23:00:00,0.0,0.118,25.463953918528347
2019-07-17 00:00:00,0.0,0.087,40.50652240164269
2019-07-17 01:00:00,0.0,0.065,27.879687194219414
2019-07-17 02:00:00,0.0,0.051,41.67673693517753
2019-07-17 03:00:00,0.0,0.053,34.11066174761938
2019-07-17 04:00:00,0.0,0.063,40.46539936513051
2019-07-17 05:00:00,0.037,0.056,37.373333220284266
2019-07-17 06:00:00,0.095,0.053,36.894006792514276
2019-07-17 07:00:00,0.17,0.033,23.433859745641985
2019-07-17 08:00:00,0.364,0.01,35.49164263625306
2019-07-17 09:00:00,0.519,0.003,36.0109048604601
2019-07-17 10:00:00,0.634,0.015,36.25797365153159
2019-07-17 11:00:00,0.662,0.069,34.645647341266844
2019-07-17 12:00:00,0.653,0.126,28.917860763116508
2019-07-17 13:00:00,0.559,0.17,30.743040446623038
2019-07-17 14:00:00,0.311,0.215,29.191983857028763
2019-07-17 15:00:00,0.2,0.208,32.71021350108377
2019-07-17 16:00:00,0.141,0.148,37.37078878993881
2019-07-17 17:00:00,0.076,0.084,50.17650775376025
2019-07-17 18:00:00,0.016,0.046,23.261718142114404
2019-07-17 19:00:00,0.0,0.029,16.979520944370158
2019-07-17 20:00:00,0.0,0.019,20.834198464649266
2019-07-17 21:00:00,0.0,0.03,15.484098738875645
2019-07-17 22:00:00,0.0,0.059,12.926279647655669
2019-07-17 23:00:00,0.0,0.086,33.34762656626949
2019-07-18 00:00:00,0.0,0.094,33.30475109114481
2019-07-18 01:00:00,0.0,0.102,30.71374361893006
2019-07-18 02:00:00,0.0,0.127,23.462988710666657
2019-07-18 03:00:00,0.0,0.168,27.11333408422456
2019-07-18 04:00:00,0.0,0.217,36.0271257374152
2019-07-18 05:00:00,0.034,0.24,45.94050454631054
2019-07-18 06:00:00,0.139,0.201,49.868537773100655
2019-07-18 07:00:00,0.317,0.119,47.96985561781794
2019-07-18 08:00:00,0.481,0.064,38.11895220916096
2019-07-18 09:00:00,0.599,0.054,61.132191894615126
2019-07-18 10:00:00,0.662,0.068,35.28396702313644
2019-07-18 11:00:00,0.719,0.117,44.150908940837226
2019-07-18 12:00:00,0.712,0.182,60.244686110220925
2019-07-18 13:00:00,0.628,0.233,31.04500894465953
2019-07-18 14:00:00,0.504,0.255,31.440965645907173
2019-07-18 15:00:00,0.394,0.264,40.40799214165192
2019-07-18 16:00:00,0.278,0.277,33.48936236782233
2019-07-18 17:00:00,0.128,0.309,44.76135039636834
2019-07-18 18:00:00,0.025,0.38,11.949770491504388
2019-07-18 19:00:00,0.0,0.42,36.44688479344777
2019-07-18 20:00:00,0.0,0.367,35.57561639367967
2019-07-18 21:00:00,0.0,0.278,15.01726972597498
2019-07-18 22:00:00,0.0,0.209,23.927112476644812
2019-07-18 23:00:00,0.0,0.168,18.4657693107836
2019-07-19 00:00:00,0.0,0.145,56.51128316135389
2019-07-19 01:00:00,0.0,0.124,49.368449026959276
2019-07-19 02:00:00,0.0,0.1,42.87973674001526
2019-07-19 03:00:00,0.0,0.076,40.393738408615576
2019-07-19 04:00:00,0.0,0.049,21.147403502175923
2019-07-19 05:00:00,0.033,0.021,36.742363621530046
2019-07-19 06:00:00,0.135,0.013,39.01239018329417
2019-07-19 07:00:00,0.32,0.017,38.55612332060631
2019-07-19 08:00:00,0.485,0.03,37.46390996449864
2019-07-19 09:00:00,0.612,0.058,43.399941264343326
2019-07-19 10:00:00,0.693,0.105,31.84297855692111
2019-07-19 11:00:00,0.732,0.158,24.240124824608742
2019-07-19 12:00:00,0.719,0.204,37.462096733015656
2019-07-19 13:00:00,0.673,0.243,25.86602447719335
2019-07-19 14:00:00,0.585,0.264,48.076405283029416
2019-07-19 15:00:00,0.456,0.274,29.674810680511676
2019-07-19 16:00:00,0.294,0.277,30.6130936681212
2019-07-19 17:00:00,0.126,0.278,40.47377074801514
2019-07-19 18:00:00,0.024,0.273,9.435241939736505
2019-07-19 19:00:00,0.0,0.242,20.30493875940423
2019-07-19 20:00:00,0.0,0.192,17.51904880179423
2019-07-19 21:00:00,0.0,0.136,25.329637287115958
2019-07-19 22:00:00,0.0,0.101,53.74276551540932
2019-07-19 23:00:00,0.0,0.071,17.234901920519427
2019-07-20 00:00:00,0.0,0.053,22.864799603189866
2019-07-20 01:00:00,0.0,0.05,31.07454441343861
2019-07-20 02:00:00,0.0,0.057,35.30673702130941
2019-07-20 03:00:00,0.0,0.065,48.735565539206675
2019-07-20 04:00:00,0.0,0.061,44.24706953306508
2019-07-20 05:00:00,0.031,0.042,28.100387818455683
2019-07-20 06:00:00,0.137,0.025,26.63128796399712
2019-07-20 07:00:00,0.316,0.026,36.508453006404224
2019-07-20 08:00:00,0.479,0.03,49.30505526830072
2019-07-20 09:00:00,0.603,0.031,41.6642935723666
2019-07-20 10:00:00,0.686,0.053,51.62995417623063
2019-07-20 11:00:00,0.725,0.119,35.96472774833112
2019-07-20 12:00:00,0.723,0.192,33.79668673940218
2019-07-20 13:00:00,0.677,0.26,40.249628094158126
2019-07-20 14:00:00,0.59,0.301,5.36946528316637
2019-07-20 15:00:00,0.455,0.314,22.35734889907902
2019-07-20 16:00:00,0.292,0.315,27.22977691565371
2019-07-20 17:00:00,0.125,0.316,31.33640682354696
2019-07-20 18:00:00,0.024,0.316,30.665184462353665
2019-07-20 19:00:00,0.0,0.309,8.209134138870219
2019-07-20 20:00:00,0.0,0.315,33.55608330487603
2019-07-20 21:00:00,0.0,0.313,29.077189670036113
2019-07-20 22:00:00,0.0,0.313,5.699501040136791
2019-07-20 23:00:00,0.0,0.32,59.176143262160366
2019-07-21 00:00:00,0.0,0.343,29.818407792022708
2019-07-21 01:00:00,0.0,0.367,45.75597907293679
2019-07-21 02:00:00,0.0,0.368,50.577990522917915
2019-07-21 03:00:00,0.0,0.355,49.3532025561992
2019-07-21 04:00:00,0.0,0.341,58.24200832421342
2019-07-21 05:00:00,0.032,0.3,48.82087364053681
2019-07-21 06:00:00,0.132,0.251,47.411232311545284
2019-07-21 07:00:00,0.292,0.207,28.629678763903858
2019-07-21 08:00:00,0.451,0.182,25.944738051071287
2019-07-21 09:00:00,0.582,0.179,68.49096304534643
2019-07-21 10:00:00,0.669,0.194,25.391646518063386
2019-07-21 11:00:00,0.695,0.223,49.97997163531588
2019-07-21 12:00:00,0.69,0.25,36.69717016698375
2019-07-21 13:00:00,0.654,0.255,33.717517369994994
2019-07-21 14:00:00,0.579,0.239,24.036591797654626
2019-07-21 15:00:00,0.449,0.211,15.073624745134325
2019-07-21 16:00:00,0.288,0.184,22.54473918731158
2019-07-21 17:00:00,0.124,0.161,5.532632698945729
2019-07-21 18:00:00,0.023,0.144,37.98435218220464
2019-07-21 19:00:00,0.0,0.13,18.58522461411787
2019-07-21 20:00:00,0.0,0.101,10.088133545348317
2019-07-21 21:00:00,0.0,0.07,30.04815950260357
2019-07-21 22:00:00,0.0,0.054,24.703395490803874
2019-07-21 23:00:00,0.0,0.052,18.566021274865474
2019-07-22 00:00:00,0.0,0.059,36.67279342751602
2019-07-22 01:00:00,0.0,0.061,26.70715718514667
2019-07-22 02:00:00,0.0,0.054,22.61767391181651
2019-07-22 03:00:00,0.0,0.044,37.690798212980575
2019-07-22 04:00:00,0.0,0.037,34.56113399124307
2019-07-22 05:00:00,0.03,0.034,36.17709382534584
2019-07-22 06:00:00,0.134,0.011,43.49939516842702
2019-07-22 07:00:00,0.308,0.003,35.069837536906064
2019-07-22 08:00:00,0.472,0.011,32.05840493440232
2019-07-22 09:00:00,0.601,0.017,35.079312209634665
2019-07-22 10:00:00,0.683,0.037,34.16302465132431
2019-07-22 11:00:00,0.722,0.092,32.07291804754914
2019-07-22 12:00:00,0.72,0.174,40.003805818856364
2019-07-22 13:00:00,0.675,0.272,24.511430525428025
2019-07-22 14:00:00,0.586,0.325,39.806733940845575
2019-07-22 15:00:00,0.456,0.332,29.02606887336351
2019-07-22 16:00:00,0.292,0.314,18.352106910982457
2019-07-22 17:00:00,0.123,0.272,25.966820018934293
2019-07-22 18:00:00,0.022,0.193,54.980428364913124
2019-07-22 19:00:00,0.0,0.127,2.7937516982958535
2019-07-22 20:00:00,0.0,0.064,32.48773912977662
2019-07-22 21:00:00,0.0,0.019,23.39718371258229
2019-07-22 22:00:00,0.0,0.008,32.42768355598919
2019-07-22 23:00:00,0.0,0.011,37.23938114123036
2019-07-23 00:00:00,0.0,0.019,48.39296835914742
2019-07-23 01:00:00,0.0,0.025,52.449705697186666
2019-07-23 02:00:00,0.0,0.022,38.85913294730365
2019-07-23 03:00:00,0.0,0.018,48.665244245144095
2019-07-23 04:00:00,0.0,0.013,22.273390319007525
2019-07-23 05:00:00,0.028,0.008,56.284955923910815
2019-07-23 06:00:00,0.134,0.014,49.10853947795075
2019-07-23 07:00:00,0.313,0.061,35.554634884445946
2019-07-23 08:00:00,0.478,0.101,55.05384608696174
2019-07-23 09:00:00,0.605,0.132,70.58156347051937
2019-07-23 10:00:00,0.686,0.159,46.56405731907957
2019-07-23 11:00:00,0.723,0.186,12.035060191527023
2019-07-23 12:00:00,0.719,0.223,23.881468307921686
2019-07-23 13:00:00,0.674,0.264,12.234950436435692
2019-07-23 14:00:00,0.585,0.3,36.00973227428328
2019-07-23 15:00:00,0.45,0.313,32.514094066436954
2019-07-23 16:00:00,0.287,0.306,14.369747719354457
2019-07-23 17:00:00,0.121,0.277,43.81183953390371
2019-07-23 18:00:00,0.021,0.214,10.740726410244429
2019-07-23 19:00:00,0.0,0.163,37.19584676978267
2019-07-23 20:00:00,0.0,0.102,26.008218992482824
2019-07-23 21:00:00,0.0,0.06,10.646240050588688
2019-07-23 22:00:00,0.0,0.034,44.85524874187381
2019-07-23 23:00:00,0.0,0.017,34.43222710745988
2019-07-24 00:00:00,0.0,0.012,31.98954818110008
2019-07-24 01:00:00,0.0,0.008,27.490593966053662
2019-07-24 02:00:00,0.0,0.005,50.15862518669777
2019-07-24 03:00:00,0.0,0.006,65.53549280495585
2019-07-24 04:00:00,0.0,0.005,60.80732418061669
2019-07-24 05:00:00,0.028,0.012,24.314732284966947
2019-07-24 06:00:00,0.133,0.022,40.50100216124697
2019-07-24 07:00:00,0.311,0.036,40.777816230026495
2019-07-24 08:00:00,0.475,0.005,55.16216950911625
2019-07-24 09:00:00,0.605,0.001,43.983370022595274
2019-07-24 10:00:00,0.685,0.006,30.842522379972053
2019-07-24 11:00:00,0.723,0.062,36.874959834135154
2019-07-24 12:00:00,0.715,0.192,42.8719934970406
2019-07-24 13:00:00,0.671,0.256,14.187947465751854
2019-07-24 14:00:00,0.584,0.3,14.920572742545243
2019-07-24 15:00:00,0.457,0.32,8.324514761463789
2019-07-24 16:00:00,0.294,0.322,5.591748833625449
2019-07-24 17:00:00,0.123,0.311,42.10801456012216
2019-07-24 18:00:00,0.021,0.282,26.563306435710803
2019-07-24 19:00:00,0.0,0.234,32.5503881378079
2019-07-24 20:00:00,0.0,0.172,37.02459996792539
2019-07-24 21:00:00,0.0,0.124,31.551976508760674
2019-07-24 22:00:00,0.0,0.093,32.37610494831471
2019-07-24 23:00:00,0.0,0.077,37.37424209109416
2019-07-25 00:00:00,0.0,0.072,38.76049324853014
2019-07-25 01:00:00,0.0,0.071,33.92671748664692
2019-07-25 02:00:00,0.0,0.068,17.91658737016669
2019-07-25 03:00:00,0.0,0.067,30.267700757877734
2019-07-25 04:00:00,0.0,0.067,21.7344539766628
2019-07-25 05:00:00,0.028,0.058,55.99130534959231
2019-07-25 06:00:00,0.133,0.043,45.835294095632754
2019-07-25 07:00:00,0.305,0.051,38.22996968933248
2019-07-25 08:00:00,0.461,0.077,46.57425225160139
2019-07-25 09:00:00,0.58,0.107,49.90079076321269
2019-07-25 10:00:00,0.66,0.141,30.350963562513396
2019-07-25 11:00:00,0.699,0.194,25.42716318117
2019-07-25 12:00:00,0.697,0.268,36.815910657074525
2019-07-25 13:00:00,0.653,0.344,26.397519154349084
2019-07-25 14:00:00,0.567,0.395,23.257524298653838
2019-07-25 15:00:00,0.441,0.425,15.053334179575723
2019-07-25 16:00:00,0.282,0.43,22.264182881304478
2019-07-25 17:00:00,0.121,0.4,8.494579780577848
2019-07-25 18:00:00,0.02,0.332,35.892223385077074
2019-07-25 19:00:00,0.0,0.243,17.33811943887674
2019-07-25 20:00:00,0.0,0.179,19.75759163681423
2019-07-25 21:00:00,0.0,0.122,43.471703790355875
2019-07-25 22:00:00,0.0,0.082,34.25972124110181
2019-07-25 23:00:00,0.0,0.068,40.248239821875636
2019-07-26 00:00:00,0.0,0.076,34.245519321396344
2019-07-26 01:00:00,0.0,0.092,35.59130309119955
2019-07-26 02:00:00,0.0,0.107,51.73465298176079
2019-07-26 03:00:00,0.0,0.12,53.25964146736666
2019-07-26 04:00:00,0.0,0.123,41.574364872487436
2019-07-26 05:00:00,0.029,0.111,24.412866492380928
2019-07-26 06:00:00,0.126,0.074,30.222768243317457
2019-07-26 07:00:00,0.271,0.063,21.530341501431998
2019-07-26 08:00:00,0.406,0.082,45.57488793055097
2019-07-26 09:00:00,0.427,0.11,41.14122001600325
2019-07-26 10:00:00,0.331,0.118,62.62984282031085
2019-07-26 11:00:00,0.281,0.083,12.604983852280036
2019-07-26 12:00:00,0.369,0.017,32.57210543802697
2019-07-26 13:00:00,0.504,0.008,31.378946371863016
2019-07-26 14:00:00,0.479,0.061,34.183510222876414
2019-07-26 15:00:00,0.413,0.118,52.27452147174079
2019-07-26 16:00:00,0.257,0.146,33.6215811411429
2019-07-26 17:00:00,0.106,0.12,28.446623052591438
2019-07-26 18:00:00,0.015,0.073,14.202880966625793
2019-07-26 19:00:00,0.0,0.035,30.759741634481987
2019-07-26 20:00:00,0.0,0.015,21.184291120814514
2019-07-26 21:00:00,0.0,0.02,23.054435411881197
2019-07-26 22:00:00,0.0,0.017,37.61454901781916
2019-07-26 23:00:00,0.0,0.014,42.07446386627252
2019-07-27 00:00:00,0.0,0.019,28.170540327556484
2019-07-27 01:00:00,0.0,0.033,23.655977575165686
2019-07-27 02:00:00,0.0,0.053,37.685826457014386
2019-07-27 03:00:00,0.0,0.062,32.673112745365415
2019-07-27 04:00:00,0.0,0.059,59.08106623303469
2019-07-27 05:00:00,0.026,0.056,63.39797905871791
2019-07-27 06:00:00,0.134,0.046,43.723037448685645
2019-07-27 07:00:00,0.302,0.042,41.064964443124516
2019-07-27 08:00:00,0.433,0.064,45.590545455285664
2019-07-27 09:00:00,0.553,0.083,35.20011748381172
2019-07-27 10:00:00,0.662,0.107,26.483598345325213
2019-07-27 11:00:00,0.705,0.129,18.888012322201693
2019-07-27 12:00:00,0.709,0.152,47.0577319615698
2019-07-27 13:00:00,0.655,0.212,57.358845581351446
2019-07-27 14:00:00,0.542,0.347,46.23371017465517
2019-07-27 15:00:00,0.407,0.519,30.779188252087547
2019-07-27 16:00:00,0.278,0.644,39.7187880928958
2019-07-27 17:00:00,0.122,0.69,12.102588253907438
2019-07-27 18:00:00,0.02,0.687,42.9997698876753
2019-07-27 19:00:00,0.0,0.752,20.349304204011574
2019-07-27 20:00:00,0.0,0.826,28.386392675079648
2019-07-27 21:00:00,0.0,0.868,34.757279718606796
2019-07-27 22:00:00,0.0,0.871,48.08248300197235
2019-07-27 23:00:00,0.0,0.855,26.21642458318625
2019-07-28 00:00:00,0.0,0.839,28.512921575155488
2019-07-28 01:00:00,0.0,0.827,38.29501594574963
2019-07-28 02:00:00,0.0,0.811,50.81438288410574
2019-07-28 03:00:00,0.0,0.786,36.91208891363605
2019-07-28 04:00:00,0.0,0.768,35.95456990915071
2019-07-28 05:00:00,0.021,0.733,32.45604295415657
2019-07-28 06:00:00,0.139,0.718,48.36622130729371
2019-07-28 07:00:00,0.339,0.642,49.18991691214015
2019-07-28 08:00:00,0.515,0.472,41.69282137479591
2019-07-28 09:00:00,0.646,0.297,34.91820940541752
2019-07-28 10:00:00,0.73,0.192,31.106007053371307
2019-07-28 11:00:00,0.768,0.159,20.39360573498087
2019-07-28 12:00:00,0.761,0.179,34.55518750930224
2019-07-28 13:00:00,0.712,0.205,33.38417058748127
2019-07-28 14:00:00,0.62,0.219,29.372562084916357
2019-07-28 15:00:00,0.485,0.205,13.347927627834295
2019-07-28 16:00:00,0.311,0.18,14.65294445185348
2019-07-28 17:00:00,0.124,0.18,21.03247659620039
2019-07-28 18:00:00,0.016,0.225,31.678199008017344
2019-07-28 19:00:00,0.0,0.305,39.48228013098107
2019-07-28 20:00:00,0.0,0.337,41.99596021401297
2019-07-28 21:00:00,0.0,0.347,33.04234865420878
2019-07-28 22:00:00,0.0,0.335,15.284155326118936
2019-07-28 23:00:00,0.0,0.267,22.937565772906815
2019-07-29 00:00:00,0.0,0.171,18.227414951299657
2019-07-29 01:00:00,0.0,0.093,35.26474636599407
2019-07-29 02:00:00,0.0,0.045,46.73052863849733
2019-07-29 03:00:00,0.0,0.025,44.210461397438785
2019-07-29 04:00:00,0.0,0.021,48.94944500410644
2019-07-29 05:00:00,0.023,0.025,40.6414746446789
2019-07-29 06:00:00,0.135,0.016,29.53524365779787
2019-07-29 07:00:00,0.326,0.04,47.76960764437111
2019-07-29 08:00:00,0.495,0.091,40.39120376754363
2019-07-29 09:00:00,0.625,0.119,40.434033316562505
2019-07-29 10:00:00,0.708,0.133,32.81236881994332
2019-07-29 11:00:00,0.747,0.157,42.73428074740749
2019-07-29 12:00:00,0.744,0.186,42.59053230261837
2019-07-29 13:00:00,0.697,0.21,44.32870638566767
2019-07-29 14:00:00,0.606,0.233,39.61930861130551
2019-07-29 15:00:00,0.47,0.245,30.86161733556699
2019-07-29 16:00:00,0.3,0.257,31.95664577358193
2019-07-29 17:00:00,0.121,0.274,41.776381805581686
2019-07-29 18:00:00,0.017,0.294,13.105411342614662
2019-07-29 19:00:00,0.0,0.269,34.97009815873387
2019-07-29 20:00:00,0.0,0.237,21.234886101469318
2019-07-29 21:00:00,0.0,0.207,26.66523715034672
2019-07-29 22:00:00,0.0,0.163,42.478755170443165
2019-07-29 23:00:00,0.0,0.117,29.719657544937963
2019-07-30 00:00:00,0.0,0.092,40.139195908758865
2019-07-30 01:00:00,0.0,0.074,50.29994546124578
2019-07-30 02:00:00,0.0,0.069,29.721739210230183
2019-07-30 03:00:00,0.0,0.128,29.126447927418297
2019-07-30 04:00:00,0.0,0.249,48.78626961792959
2019-07-30 05:00:00,0.025,0.285,33.75283004000799
2019-07-30 06:00:00,0.131,0.231,36.12713928861174
2019-07-30 07:00:00,0.295,0.167,37.68847861440533
2019-07-30 08:00:00,0.429,0.105,53.34345975471163
2019-07-30 09:00:00,0.549,0.05,31.07974847913822
2019-07-30 10:00:00,0.686,0.03,29.587831677576514
2019-07-30 11:00:00,0.737,0.068,47.79506415180652
2019-07-30 12:00:00,0.728,0.117,23.89939081181229
2019-07-30 13:00:00,0.681,0.145,38.587699710047325
2019-07-30 14:00:00,0.594,0.144,8.90293250067765
2019-07-30 15:00:00,0.464,0.122,6.740768495452922
2019-07-30 16:00:00,0.294,0.101,18.65466069662132
2019-07-30 17:00:00,0.121,0.093,12.800642679487776
2019-07-30 18:00:00,0.017,0.113,19.275814660942824
2019-07-30 19:00:00,0.0,0.122,1.3622600707988717
2019-07-30 20:00:00,0.0,0.108,38.05513736273369
2019-07-30 21:00:00,0.0,0.093,25.175600445915542
2019-07-30 22:00:00,0.0,0.073,38.890517974672235
2019-07-30 23:00:00,0.0,0.015,45.47019797500934
2019-07-31 00:00:00,0.0,0.011,19.89430771722392
2019-07-31 01:00:00,0.0,0.044,36.33336361826373
2019-07-31 02:00:00,0.0,0.076,43.019475189053715
2019-07-31 03:00:00,0.0,0.101,50.15765161976802
2019-07-31 04:00:00,0.0,0.127,50.6517582376284
2019-07-31 05:00:00,0.025,0.136,43.3401078200755
2019-07-31 06:00:00,0.127,0.112,53.65910283361778
2019-07-31 07:00:00,0.307,0.067,43.124501785972534
2019-07-31 08:00:00,0.491,0.012,35.61063445093427
2019-07-31 09:00:00,0.623,0.008,55.84605504920313
2019-07-31 10:00:00,0.708,0.014,31.723550232176887
2019-07-31 11:00:00,0.747,0.049,41.85331174099693
2019-07-31 12:00:00,0.739,0.103,28.84039421364463
2019-07-31 13:00:00,0.691,0.196,20.13001216354936
2019-07-31 14:00:00,0.6,0.294,17.64485762538328
2019-07-31 15:00:00,0.461,0.32,32.70620492496983
2019-07-31 16:00:00,0.287,0.289,26.33910435449857
2019-07-31 17:00:00,0.117,0.231,30.03995994422874
2019-07-31 18:00:00,0.016,0.204,24.654525979182072
2019-07-31 19:00:00,0.0,0.186,11.649370522355856
2019-07-31 20:00:00,0.0,0.152,17.99876151614822
2019-07-31 21:00:00,0.0,0.147,19.639433567229283
2019-07-31 22:00:00,0.0,0.131,20.906358198162614
2019-07-31 23:00:00,0.0,0.08,31.56109471021206
2019-08-01 00:00:00,0.0,0.084,28.984169945403757
2019-08-01 01:00:00,0.0,0.126,23.72762353940478
2019-08-01 02:00:00,0.0,0.192,50.084076473111395
2019-08-01 03:00:00,0.0,0.263,30.491686224831938
2019-08-01 04:00:00,0.0,0.281,34.571054212608395
2019-08-01 05:00:00,0.025,0.272,52.876907514925996
2019-08-01 06:00:00,0.13,0.278,34.85932538996493
2019-08-01 07:00:00,0.307,0.306,61.33323361905222
2019-08-01 08:00:00,0.476,0.32,53.16916908337696
2019-08-01 09:00:00,0.606,0.31,48.77441657462517
2019-08-01 10:00:00,0.688,0.281,50.57189314425105
2019-08-01 11:00:00,0.725,0.246,57.12719674461009
2019-08-01 12:00:00,0.718,0.221,27.867587356435827
2019-08-01 13:00:00,0.65,0.2,35.920961758142745
2019-08-01 14:00:00,0.517,0.204,14.19444260446774
2019-08-01 15:00:00,0.358,0.217,9.6179897408729
2019-08-01 16:00:00,0.208,0.245,36.52524222589575
2019-08-01 17:00:00,0.101,0.276,20.351890236585373
2019-08-01 18:00:00,0.015,0.282,47.77271388968476
2019-08-01 19:00:00,0.0,0.239,22.945454724525582
2019-08-01 20:00:00,0.0,0.2,17.681182871358935
2019-08-01 21:00:00,0.0,0.18,30.767770931047156
2019-08-01 22:00:00,0.0,0.145,37.29114290326758
2019-08-01 23:00:00,0.0,0.114,37.37356495571569
2019-08-02 00:00:00,0.0,0.093,44.76613475500206
2019-08-02 01:00:00,0.0,0.093,38.90303293942649
2019-08-02 02:00:00,0.0,0.121,31.53052981919625
2019-08-02 03:00:00,0.0,0.141,41.14240946619847
2019-08-02 04:00:00,0.0,0.138,36.00175692205176
2019-08-02 05:00:00,0.022,0.123,25.69743740204572
2019-08-02 06:00:00,0.131,0.072,38.496813510998535
2019-08-02 07:00:00,0.318,0.029,25.837182716309073
2019-08-02 08:00:00,0.488,0.007,55.37871289546925
2019-08-02 09:00:00,0.617,0.013,41.06704705410083
2019-08-02 10:00:00,0.702,0.063,41.32901019388601
2019-08-02 11:00:00,0.742,0.148,28.037378738011803
2019-08-02 12:00:00,0.742,0.22,31.165124425318616
2019-08-02 13:00:00,0.695,0.269,10.979221259219159
2019-08-02 14:00:00,0.605,0.302,31.484606374071536
2019-08-02 15:00:00,0.47,0.312,41.16945684318626
2019-08-02 16:00:00,0.299,0.303,27.729271826729505
2019-08-02 17:00:00,0.118,0.296,12.871770555660056
2019-08-02 18:00:00,0.014,0.27,21.955556416020396
2019-08-02 19:00:00,0.0,0.195,47.74412214783114
2019-08-02 20:00:00,0.0,0.122,16.915515391788844
2019-08-02 21:00:00,0.0,0.073,14.417001704577897
2019-08-02 22:00:00,0.0,0.041,26.032430868516187
2019-08-02 23:00:00,0.0,0.02,47.928133503077035
2019-08-03 00:00:00,0.0,0.011,40.057394963571554
2019-08-03 01:00:00,0.0,0.011,48.887409485644184
2019-08-03 02:00:00,0.0,0.013,34.37355712642236
2019-08-03 03:00:00,0.0,0.021,37.57154728128135
2019-08-03 04:00:00,0.0,0.03,38.12209428738184
2019-08-03 05:00:00,0.021,0.035,49.11061499278476
2019-08-03 06:00:00,0.13,0.026,45.253390004662734
2019-08-03 07:00:00,0.316,0.03,52.86049880162582
2019-08-03 08:00:00,0.486,0.05,40.52532438499051
2019-08-03 09:00:00,0.616,0.091,31.834982888212988
2019-08-03 10:00:00,0.699,0.156,37.22889189344496
2019-08-03 11:00:00,0.738,0.234,55.70464742299542
2019-08-03 12:00:00,0.734,0.311,36.94619021046159
2019-08-03 13:00:00,0.687,0.361,27.398152694154728
2019-08-03 14:00:00,0.595,0.376,12.04463501195043
2019-08-03 15:00:00,0.462,0.36,28.08940210801505
2019-08-03 16:00:00,0.291,0.337,22.68598319856451
2019-08-03 17:00:00,0.115,0.312,-2.082351119873774
2019-08-03 18:00:00,0.013,0.278,18.46621948443432
2019-08-03 19:00:00,0.0,0.219,28.12557225268371
2019-08-03 20:00:00,0.0,0.151,35.36219681027637
2019-08-03 21:00:00,0.0,0.106,39.187142585044036
2019-08-03 22:00:00,0.0,0.084,31.28603061872518
2019-08-03 23:00:00,0.0,0.078,27.448221311898898
2019-08-04 00:00:00,0.0,0.085,26.47438484803802
2019-08-04 01:00:00,0.0,0.099,44.715986267072594
2019-08-04 02:00:00,0.0,0.106,33.884005916734736
2019-08-04 03:00:00,0.0,0.094,47.82176126767553
2019-08-04 04:00:00,0.0,0.068,35.473586620924955
2019-08-04 05:00:00,0.021,0.045,65.31409136255152
2019-08-04 06:00:00,0.129,0.021,42.29865096333609
2019-08-04 07:00:00,0.313,0.01,43.82806235672446
2019-08-04 08:00:00,0.483,0.022,49.228147024713095
2019-08-04 09:00:00,0.611,0.071,52.056558792568985
2019-08-04 10:00:00,0.693,0.134,44.85313652808495
2019-08-04 11:00:00,0.73,0.196,43.104877607116336
2019-08-04 12:00:00,0.727,0.252,35.962039705751
2019-08-04 13:00:00,0.678,0.291,42.96497319336957
2019-08-04 14:00:00,0.587,0.305,42.14617358988774
2019-08-04 15:00:00,0.452,0.294,12.581280249466207
2019-08-04 16:00:00,0.284,0.272,45.306986087519036
2019-08-04 17:00:00,0.113,0.243,26.973736659055955
2019-08-04 18:00:00,0.012,0.213,18.2151037399323
2019-08-04 19:00:00,0.0,0.17,14.380044151172466
2019-08-04 20:00:00,0.0,0.119,27.72855748193051
2019-08-04 21:00:00,0.0,0.078,23.111748200711844
2019-08-04 22:00:00,0.0,0.058,35.27441702938939
2019-08-04 23:00:00,0.0,0.047,40.521067105175796
2019-08-05 00:00:00,0.0,0.05,36.32290217923531
2019-08-05 01:00:00,0.0,0.061,63.5414265203243
2019-08-05 02:00:00,0.0,0.068,51.24372149645309
2019-08-05 03:00:00,0.0,0.067,56.23393521219165
2019-08-05 04:00:00,0.0,0.058,31.905241386586273
2019-08-05 05:00:00,0.02,0.046,46.61328471012778
2019-08-05 06:00:00,0.127,0.029,57.391080518567165
2019-08-05 07:00:00,0.31,0.023,67.09612493718706
2019-08-05 08:00:00,0.479,0.024,28.641413019486883
2019-08-05 09:00:00,0.608,0.026,38.69030853556455
2019-08-05 10:00:00,0.69,0.064,39.90860244998671
2019-08-05 11:00:00,0.728,0.112,52.29219990418852
2019-08-05 12:00:00,0.728,0.163,37.98087145501693
2019-08-05 13:00:00,0.68,0.204,43.722375763165445
2019-08-05 14:00:00,0.588,0.235,25.180052174995208
2019-08-05 15:00:00,0.454,0.252,27.929232939238826
2019-08-05 16:00:00,0.283,0.257,2.74088772693532
2019-08-05 17:00:00,0.111,0.248,23.453497335386174
2019-08-05 18:00:00,0.011,0.213,31.591721460394666
2019-08-05 19:00:00,0.0,0.182,46.51512970895109
2019-08-05 20:00:00,0.0,0.158,16.191038449476494
2019-08-05 21:00:00,0.0,0.14,30.45637306776298
2019-08-05 22:00:00,0.0,0.132,29.375070737149148
2019-08-05 23:00:00,0.0,0.135,45.54372284462966
2019-08-06 00:00:00,0.0,0.155,43.35362974820241
2019-08-06 01:00:00,0.0,0.177,41.491714941709645
2019-08-06 02:00:00,0.0,0.191,45.324177049207414
2019-08-06 03:00:00,0.0,0.206,24.969694568282748
2019-08-06 04:00:00,0.0,0.214,41.39763801525333
2019-08-06 05:00:00,0.02,0.191,13.790735987344156
2019-08-06 06:00:00,0.125,0.155,49.299918418330726
2019-08-06 07:00:00,0.295,0.106,18.552175817818867
2019-08-06 08:00:00,0.463,0.076,56.69454523107777
2019-08-06 09:00:00,0.591,0.057,64.01824605464614
2019-08-06 10:00:00,0.672,0.04,50.79601363982673
2019-08-06 11:00:00,0.711,0.027,38.786467243633496
2019-08-06 12:00:00,0.704,0.03,43.92799410777401
2019-08-06 13:00:00,0.659,0.05,10.937156120757752
2019-08-06 14:00:00,0.567,0.084,10.345636096599069
2019-08-06 15:00:00,0.377,0.112,16.776455829690196
2019-08-06 16:00:00,0.235,0.123,23.042120873525285
2019-08-06 17:00:00,0.112,0.136,1.3548938049015966
2019-08-06 18:00:00,0.011,0.172,28.25952874179737
2019-08-06 19:00:00,0.0,0.185,24.480015409461977
2019-08-06 20:00:00,0.0,0.169,34.437673520472934
2019-08-06 21:00:00,0.0,0.144,32.17294869845156
2019-08-06 22:00:00,0.0,0.123,34.73646373139934
2019-08-06 23:00:00,0.0,0.142,32.026902114926244
2019-08-07 00:00:00,0.0,0.185,23.080159724910274
2019-08-07 01:00:00,0.0,0.223,53.43873044417909
2019-08-07 02:00:00,0.0,0.21,17.194031289711493
2019-08-07 03:00:00,0.0,0.163,57.186791871498635
2019-08-07 04:00:00,0.0,0.118,40.17296728653474
2019-08-07 05:00:00,0.01,0.088,54.63812054107362
2019-08-07 06:00:00,0.064,0.078,21.0731234728001
2019-08-07 07:00:00,0.165,0.056,41.62146972262654
2019-08-07 08:00:00,0.37,0.008,50.87190592928279
2019-08-07 09:00:00,0.452,0.002,48.513973844222036
2019-08-07 10:00:00,0.558,0.002,29.86773742975283
2019-08-07 11:00:00,0.519,0.003,45.68897414331067
2019-08-07 12:00:00,0.378,0.02,30.57955687622245
2019-08-07 13:00:00,0.288,0.078,34.674432510564834
2019-08-07 14:00:00,0.219,0.12,22.28572186345405
2019-08-07 15:00:00,0.14,0.128,21.780692782640052
2019-08-07 16:00:00,0.08,0.142,16.010032469974508
2019-08-07 17:00:00,0.032,0.156,49.0958024805317
2019-08-07 18:00:00,0.0,0.159,33.574842672527176
2019-08-07 19:00:00,0.0,0.148,13.000068743429313
2019-08-07 20:00:00,0.0,0.133,34.331685537894515
2019-08-07 21:00:00,0.0,0.128,38.84696284768363
2019-08-07 22:00:00,0.0,0.148,24.12692793323206
2019-08-07 23:00:00,0.0,0.18,31.98741516428983
2019-08-08 00:00:00,0.0,0.189,40.52117497556366
2019-08-08 01:00:00,0.0,0.165,25.96344496163448
2019-08-08 02:00:00,0.0,0.13,40.91467703354458
2019-08-08 03:00:00,0.0,0.086,27.925538320975654
2019-08-08 04:00:00,0.0,0.047,26.909350647736947
2019-08-08 05:00:00,0.016,0.03,46.160964415785415
2019-08-08 06:00:00,0.125,0.023,54.29637208802612
2019-08-08 07:00:00,0.315,0.018,57.86643876117225
2019-08-08 08:00:00,0.484,0.014,48.11361488661136
2019-08-08 09:00:00,0.613,0.007,36.48602971796251
2019-08-08 10:00:00,0.696,0.041,43.162493703643506
2019-08-08 11:00:00,0.734,0.115,40.4818957161076
2019-08-08 12:00:00,0.729,0.192,27.590271975422763
2019-08-08 13:00:00,0.681,0.243,25.700291535933985
2019-08-08 14:00:00,0.588,0.283,10.953754458625284
2019-08-08 15:00:00,0.455,0.312,24.80305888598418
2019-08-08 16:00:00,0.286,0.332,35.171023494639584
2019-08-08 17:00:00,0.109,0.351,29.161119065212727
2019-08-08 18:00:00,0.007,0.343,10.610943801628025
2019-08-08 19:00:00,0.0,0.272,32.879514210702254
2019-08-08 20:00:00,0.0,0.206,34.25212214758942
2019-08-08 21:00:00,0.0,0.183,35.86999886252351
2019-08-08 22:00:00,0.0,0.167,27.388351955197184
2019-08-08 23:00:00,0.0,0.143,35.73804657139294
2019-08-09 00:00:00,0.0,0.145,34.3713985961526
2019-08-09 01:00:00,0.0,0.154,28.373688744504094
2019-08-09 02:00:00,0.0,0.147,41.591022276778
2019-08-09 03:00:00,0.0,0.141,10.619701471414096
2019-08-09 04:00:00,0.0,0.135,21.450622207139787
2019-08-09 05:00:00,0.016,0.118,48.73296766005982
2019-08-09 06:00:00,0.123,0.097,40.81685935259404
2019-08-09 07:00:00,0.316,0.1,55.477349490057364
2019-08-09 08:00:00,0.486,0.121,44.36115943509121
2019-08-09 09:00:00,0.615,0.137,67.64493211521048
2019-08-09 10:00:00,0.699,0.157,33.778170709133384
2019-08-09 11:00:00,0.74,0.212,34.739559803137276
2019-08-09 12:00:00,0.735,0.265,31.56795081402144
2019-08-09 13:00:00,0.684,0.297,38.05302551563716
2019-08-09 14:00:00,0.596,0.305,35.81450725344166
2019-08-09 15:00:00,0.46,0.304,9.717872765164934
2019-08-09 16:00:00,0.287,0.302,25.88246158695553
2019-08-09 17:00:00,0.108,0.286,26.672588498594614
2019-08-09 18:00:00,0.006,0.225,42.50949956988845
2019-08-09 19:00:00,0.0,0.14,55.40633328173463
2019-08-09 20:00:00,0.0,0.079,29.968142617373108
2019-08-09 21:00:00,0.0,0.04,36.02879775210293
2019-08-09 22:00:00,0.0,0.017,20.059698649458298
2019-08-09 23:00:00,0.0,0.003,36.744515321108295
2019-08-10 00:00:00,0.0,0.011,12.974111627797427
2019-08-10 01:00:00,0.0,0.047,41.39194271889123
2019-08-10 02:00:00,0.0,0.095,31.893018228370735
2019-08-10 03:00:00,0.0,0.144,30.173024414408708
2019-08-10 04:00:00,0.0,0.172,40.41337421127162
2019-08-10 05:00:00,0.015,0.156,28.067052760249425
2019-08-10 06:00:00,0.124,0.114,34.71934641633864
2019-08-10 07:00:00,0.312,0.096,39.434415840838476
2019-08-10 08:00:00,0.481,0.1,48.8960406037312
2019-08-10 09:00:00,0.61,0.127,24.961724698720236
2019-08-10 10:00:00,0.691,0.142,41.69633028802376
2019-08-10 11:00:00,0.728,0.161,13.038830817065133
2019-08-10 12:00:00,0.73,0.188,32.18084353113679
2019-08-10 13:00:00,0.681,0.212,53.84742523419524
2019-08-10 14:00:00,0.59,0.25,24.95786479165462
2019-08-10 15:00:00,0.453,0.272,21.65842865260337
2019-08-10 16:00:00,0.281,0.272,33.90025566150459
2019-08-10 17:00:00,0.106,0.278,18.57545595349528
2019-08-10 18:00:00,0.006,0.281,32.50462275125186
2019-08-10 19:00:00,0.0,0.249,47.92261080180534
2019-08-10 20:00:00,0.0,0.202,33.796548124820916
2019-08-10 21:00:00,0.0,0.178,18.443491182765364
2019-08-10 22:00:00,0.0,0.187,34.17661709113709
2019-08-10 23:00:00,0.0,0.237,24.186715576402793
2019-08-11 00:00:00,0.0,0.288,25.983518455352144
2019-08-11 01:00:00,0.0,0.33,21.886719620289192
2019-08-11 02:00:00,0.0,0.388,49.86236308433961
2019-08-11 03:00:00,0.0,0.426,48.97788785366641
2019-08-11 04:00:00,0.0,0.418,38.64314479862631
2019-08-11 05:00:00,0.013,0.332,35.21675842096042
2019-08-11 06:00:00,0.1,0.264,0.07120065963735556
2019-08-11 07:00:00,0.225,0.19,54.31545452377793
2019-08-11 08:00:00,0.398,0.114,23.969302248302547
2019-08-11 09:00:00,0.506,0.037,53.01245152968257
2019-08-11 10:00:00,0.609,0.014,42.38683566646439
2019-08-11 11:00:00,0.632,0.035,48.49589399977618
2019-08-11 12:00:00,0.629,0.033,50.90488510891758
2019-08-11 13:00:00,0.615,0.026,25.07337771568228
2019-08-11 14:00:00,0.533,0.011,38.39738224090176
2019-08-11 15:00:00,0.437,0.011,33.41139440709507
2019-08-11 16:00:00,0.276,0.009,13.774700921257491
2019-08-11 17:00:00,0.105,0.022,32.8108687745305
2019-08-11 18:00:00,0.006,0.069,13.026330501389918
2019-08-11 19:00:00,0.0,0.079,23.357929866548627
2019-08-11 20:00:00,0.0,0.067,32.42367871902534
2019-08-11 21:00:00,0.0,0.045,25.30819335033508
2019-08-11 22:00:00,0.0,0.026,28.079077797533373
2019-08-11 23:00:00,0.0,0.093,46.18220934434724
2019-08-12 00:00:00,0.0,0.207,15.875902575163419
2019-08-12 01:00:00,0.0,0.237,16.8037449580156
2019-08-12 02:00:00,0.0,0.195,50.602692264935214
2019-08-12 03:00:00,0.0,0.145,34.16347834887887
2019-08-12 04:00:00,0.0,0.098,46.89010930432665
2019-08-12 05:00:00,0.004,0.046,65.00434719369096
2019-08-12 06:00:00,0.073,0.087,57.81931963257651
2019-08-12 07:00:00,0.201,0.138,33.80904353354676
2019-08-12 08:00:00,0.356,0.142,66.26720017493555
2019-08-12 09:00:00,0.499,0.099,39.07722092015218
2019-08-12 10:00:00,0.616,0.073,33.78327353854794
2019-08-12 11:00:00,0.729,0.101,31.68364494796206
2019-08-12 12:00:00,0.731,0.154,24.19923423726418
2019-08-12 13:00:00,0.669,0.201,19.81018690390836
2019-08-12 14:00:00,0.542,0.245,20.523439837644652
2019-08-12 15:00:00,0.431,0.261,28.275786743233727
2019-08-12 16:00:00,0.289,0.251,30.63252760670739
2019-08-12 17:00:00,0.11,0.236,14.766737092496752
2019-08-12 18:00:00,0.005,0.243,40.40873900438067
2019-08-12 19:00:00,0.0,0.251,44.92320094129604
2019-08-12 20:00:00,0.0,0.274,12.332892912511355
2019-08-12 21:00:00,0.0,0.311,37.55446610965006
2019-08-12 22:00:00,0.0,0.28,34.56878019702154
2019-08-12 23:00:00,0.0,0.208,38.26134613496362
2019-08-13 00:00:00,0.0,0.167,18.834759211532855
2019-08-13 01:00:00,0.0,0.158,24.960545212374512
2019-08-13 02:00:00,0.0,0.151,48.557608701441154
2019-08-13 03:00:00,0.0,0.147,57.732798253351774
2019-08-13 04:00:00,0.0,0.155,39.16509284642326
2019-08-13 05:00:00,0.002,0.163,45.28467966701306
2019-08-13 06:00:00,0.053,0.181,45.187401790083584
2019-08-13 07:00:00,0.226,0.186,37.62288237265393
2019-08-13 08:00:00,0.496,0.203,46.99479588948634
2019-08-13 09:00:00,0.634,0.207,57.490126686487834
2019-08-13 10:00:00,0.719,0.228,58.1857128049663
2019-08-13 11:00:00,0.761,0.281,11.55218319867926
2019-08-13 12:00:00,0.752,0.349,30.065002534874985
2019-08-13 13:00:00,0.701,0.422,-5.08613949554163
2019-08-13 14:00:00,0.606,0.475,50.565483378830535
2019-08-13 15:00:00,0.468,0.488,23.962780897522965
2019-08-13 16:00:00,0.293,0.484,14.910795369638969
2019-08-13 17:00:00,0.108,0.456,31.772810988994166
2019-08-13 18:00:00,0.004,0.468,25.502158939504557
2019-08-13 19:00:00,0.0,0.492,33.26408084747922
2019-08-13 20:00:00,0.0,0.466,32.31782040380753
2019-08-13 21:00:00,0.0,0.432,43.676136170395054
2019-08-13 22:00:00,0.0,0.387,51.42456804823968
2019-08-13 23:00:00,0.0,0.347,41.946513957598135
2019-08-14 00:00:00,0.0,0.316,31.49829797970926
2019-08-14 01:00:00,0.0,0.286,40.567306836033346
2019-08-14 02:00:00,0.0,0.278,43.60185807349129
2019-08-14 03:00:00,0.0,0.259,54.31240489645836
2019-08-14 04:00:00,0.0,0.257,22.86293874083422
2019-08-14 05:00:00,0.006,0.294,54.630864577612684
2019-08-14 06:00:00,0.09,0.3,65.96904795990989
2019-08-14 07:00:00,0.265,0.274,51.11797841785056
2019-08-14 08:00:00,0.498,0.256,43.4538249551262
2019-08-14 09:00:00,0.637,0.24,47.17684908279533
2019-08-14 10:00:00,0.722,0.248,48.24123603170523
2019-08-14 11:00:00,0.76,0.249,29.729566673211405
2019-08-14 12:00:00,0.755,0.237,41.56837607722845
2019-08-14 13:00:00,0.706,0.228,37.6862630869915
2019-08-14 14:00:00,0.613,0.256,12.58649266220828
2019-08-14 15:00:00,0.474,0.302,7.85806751392294
2019-08-14 16:00:00,0.295,0.358,25.527030015352153
2019-08-14 17:00:00,0.106,0.413,28.35165914535744
2019-08-14 18:00:00,0.003,0.506,40.07189013830025
2019-08-14 19:00:00,0.0,0.511,32.48660090105455
2019-08-14 20:00:00,0.0,0.414,9.408263530676571
2019-08-14 21:00:00,0.0,0.323,53.9409721784461
2019-08-14 22:00:00,0.0,0.255,23.228549546401464
2019-08-14 23:00:00,0.0,0.206,21.852058821626457
2019-08-15 00:00:00,0.0,0.174,45.061516888849354
2019-08-15 01:00:00,0.0,0.144,24.964537456062565
2019-08-15 02:00:00,0.0,0.118,40.49326847468658
2019-08-15 03:00:00,0.0,0.099,44.82315153728745
2019-08-15 04:00:00,0.0,0.084,17.033442495300925
2019-08-15 05:00:00,0.008,0.079,43.0855166882993
2019-08-15 06:00:00,0.12,0.071,55.12776416993701
2019-08-15 07:00:00,0.316,0.055,52.99619392302764
2019-08-15 08:00:00,0.492,0.035,35.046187721716464
2019-08-15 09:00:00,0.624,0.031,53.145861942717666
2019-08-15 10:00:00,0.708,0.031,27.46143966766404
2019-08-15 11:00:00,0.746,0.1,43.41331785113975
2019-08-15 12:00:00,0.74,0.182,22.06352612805675
2019-08-15 13:00:00,0.692,0.251,44.08415386500299
2019-08-15 14:00:00,0.594,0.296,28.365124502083518
2019-08-15 15:00:00,0.457,0.315,45.77882786873383
2019-08-15 16:00:00,0.28,0.323,44.70791125033804
2019-08-15 17:00:00,0.101,0.334,2.6415577070686176
2019-08-15 18:00:00,0.002,0.395,17.92060097638033
2019-08-15 19:00:00,0.0,0.413,27.21657763268028
2019-08-15 20:00:00,0.0,0.355,51.577690363450735
2019-08-15 21:00:00,0.0,0.289,19.336985702018147
2019-08-15 22:00:00,0.0,0.263,36.14125935972086
2019-08-15 23:00:00,0.0,0.254,25.016461633793035
2019-08-16 00:00:00,0.0,0.252,29.728751527766896
2019-08-16 01:00:00,0.0,0.231,44.56640155653959
2019-08-16 02:00:00,0.0,0.2,48.61948823610639
2019-08-16 03:00:00,0.0,0.155,33.783781896479
2019-08-16 04:00:00,0.0,0.104,32.16071173023002
2019-08-16 05:00:00,0.008,0.058,66.87867667896526
2019-08-16 06:00:00,0.119,0.031,51.06425355650167
2019-08-16 07:00:00,0.298,0.024,55.56717667324011
2019-08-16 08:00:00,0.463,0.026,31.79098244994785
2019-08-16 09:00:00,0.564,0.035,45.92753389901527
2019-08-16 10:00:00,0.617,0.05,40.48893098600441
2019-08-16 11:00:00,0.655,0.065,50.441980875268754
2019-08-16 12:00:00,0.685,0.083,25.78542113378987
2019-08-16 13:00:00,0.639,0.108,41.528951327305734
2019-08-16 14:00:00,0.574,0.156,36.98354625313039
2019-08-16 15:00:00,0.462,0.193,34.553455097781644
2019-08-16 16:00:00,0.286,0.208,9.135959587150996
2019-08-16 17:00:00,0.101,0.241,12.042461837098728
2019-08-16 18:00:00,0.002,0.297,39.42418550539348
2019-08-16 19:00:00,0.0,0.303,11.619819916147577
2019-08-16 20:00:00,0.0,0.288,25.043242268480128
2019-08-16 21:00:00,0.0,0.255,-12.154810641894606
2019-08-16 22:00:00,0.0,0.203,33.56048325998689
2019-08-16 23:00:00,0.0,0.135,43.840190381418964
2019-08-17 00:00:00,0.0,0.08,30.869605441647636
2019-08-17 01:00:00,0.0,0.057,22.989843643604413
2019-08-17 02:00:00,0.0,0.051,46.703710289292616
2019-08-17 03:00:00,0.0,0.058,27.270684317649096
2019-08-17 04:00:00,0.0,0.069,38.91837140605491
2019-08-17 05:00:00,0.007,0.079,47.71307412350173
2019-08-17 06:00:00,0.117,0.097,39.78168125990464
2019-08-17 07:00:00,0.31,0.128,31.394018712870796
2019-08-17 08:00:00,0.486,0.156,39.786038110024286
2019-08-17 09:00:00,0.621,0.178,32.65925450137116
2019-08-17 10:00:00,0.707,0.186,34.18426488180164
2019-08-17 11:00:00,0.747,0.191,24.01530790615527
2019-08-17 12:00:00,0.743,0.201,56.29063138961611
2019-08-17 13:00:00,0.695,0.213,27.473774182875943
2019-08-17 14:00:00,0.601,0.222,37.43915168349618
2019-08-17 15:00:00,0.461,0.232,17.273908268561915
2019-08-17 16:00:00,0.283,0.243,31.451626609813683
2019-08-17 17:00:00,0.098,0.243,42.16446560779735
2019-08-17 18:00:00,0.001,0.221,8.986314840817059
2019-08-17 19:00:00,0.0,0.189,10.166384175377477
2019-08-17 20:00:00,0.0,0.16,21.468637467772314
2019-08-17 21:00:00,0.0,0.153,10.285563397706287
2019-08-17 22:00:00,0.0,0.171,35.07039262094286
2019-08-17 23:00:00,0.0,0.197,24.239013519946337
2019-08-18 00:00:00,0.0,0.25,30.97288128781806
2019-08-18 01:00:00,0.0,0.311,17.211698658025764
2019-08-18 02:00:00,0.0,0.354,45.919625721327535
2019-08-18 03:00:00,0.0,0.364,48.145324507301765
2019-08-18 04:00:00,0.0,0.36,36.038726028267426
2019-08-18 05:00:00,0.006,0.338,35.88877070727321
2019-08-18 06:00:00,0.104,0.323,23.082506650873174
2019-08-18 07:00:00,0.295,0.3,43.56745512437655
2019-08-18 08:00:00,0.468,0.261,36.19687435818041
2019-08-18 09:00:00,0.6,0.244,30.49745494337303
2019-08-18 10:00:00,0.684,0.237,49.1738240415856
2019-08-18 11:00:00,0.726,0.24,41.496704634341796
2019-08-18 12:00:00,0.726,0.259,17.191720131380304
2019-08-18 13:00:00,0.685,0.285,18.005280067498514
2019-08-18 14:00:00,0.593,0.303,41.41736120087249
2019-08-18 15:00:00,0.453,0.297,2.908993897841931
2019-08-18 16:00:00,0.276,0.294,57.66926331643132
2019-08-18 17:00:00,0.095,0.305,25.300538844731534
2019-08-18 18:00:00,0.0,0.264,27.511795539490652
2019-08-18 19:00:00,0.0,0.2,27.6207767353736
2019-08-18 20:00:00,0.0,0.149,21.340964520659462
2019-08-18 21:00:00,0.0,0.146,33.2944784951583
2019-08-18 22:00:00,0.0,0.152,38.22797693918078
2019-08-18 23:00:00,0.0,0.134,34.62167510349264
2019-08-19 00:00:00,0.0,0.094,16.85339483172318
2019-08-19 01:00:00,0.0,0.058,51.3434504154386
2019-08-19 02:00:00,0.0,0.019,30.941459495439723
2019-08-19 03:00:00,0.0,0.033,42.118650284100305
2019-08-19 04:00:00,0.0,0.067,56.84645039704738
2019-08-19 05:00:00,0.006,0.105,55.73655267030253
2019-08-19 06:00:00,0.107,0.114,35.53539062936055
2019-08-19 07:00:00,0.269,0.111,27.713836124910944
2019-08-19 08:00:00,0.444,0.121,65.3641367638158
2019-08-19 09:00:00,0.586,0.168,25.40856067285352
2019-08-19 10:00:00,0.667,0.237,21.130592119503206
2019-08-19 11:00:00,0.692,0.317,24.952618026243766
2019-08-19 12:00:00,0.675,0.401,49.99190581826202
2019-08-19 13:00:00,0.618,0.456,32.82794506501704
2019-08-19 14:00:00,0.526,0.467,29.198651438649
2019-08-19 15:00:00,0.399,0.454,17.41750068897131
2019-08-19 16:00:00,0.258,0.457,14.827644364853398
2019-08-19 17:00:00,0.089,0.467,20.05488993708078
2019-08-19 18:00:00,0.0,0.464,35.30594771561221
2019-08-19 19:00:00,0.0,0.444,33.47383831649612
2019-08-19 20:00:00,0.0,0.443,30.239933811806537
2019-08-19 21:00:00,0.0,0.469,29.765906627347533
2019-08-19 22:00:00,0.0,0.523,18.92432440707478
2019-08-19 23:00:00,0.0,0.556,38.58865713294105
2019-08-20 00:00:00,0.0,0.598,37.65719401422483
2019-08-20 01:00:00,0.0,0.636,35.75974087295621
2019-08-20 02:00:00,0.0,0.632,34.76352606070096
2019-08-20 03:00:00,0.0,0.609,56.85726643956676
2019-08-20 04:00:00,0.0,0.577,56.56518353344943
2019-08-20 05:00:00,0.001,0.532,50.0158704997577
2019-08-20 06:00:00,0.05,0.479,41.78275578110076
2019-08-20 07:00:00,0.119,0.42,23.448790135469707
2019-08-20 08:00:00,0.17,0.302,26.275193285009813
2019-08-20 09:00:00,0.172,0.179,51.84291018819749
2019-08-20 10:00:00,0.202,0.087,27.63308763754874
2019-08-20 11:00:00,0.279,0.055,56.45427522699986
2019-08-20 12:00:00,0.379,0.061,25.20718150415994
2019-08-20 13:00:00,0.409,0.053,38.19916290437842
2019-08-20 14:00:00,0.412,0.036,24.643771160861686
2019-08-20 15:00:00,0.344,0.022,43.20106258025318
2019-08-20 16:00:00,0.229,0.068,34.86074644844098
2019-08-20 17:00:00,0.09,0.142,26.098743083351998
2019-08-20 18:00:00,0.0,0.252,3.237863729607053
2019-08-20 19:00:00,0.0,0.329,28.423924994333355
2019-08-20 20:00:00,0.0,0.341,23.344989426814468
2019-08-20 21:00:00,0.0,0.289,29.859842604170858
2019-08-20 22:00:00,0.0,0.21,41.53022059025138
2019-08-20 23:00:00,0.0,0.141,34.495750219489494
2019-08-21 00:00:00,0.0,0.078,20.119640430384397
2019-08-21 01:00:00,0.0,0.034,32.14935468674348
2019-08-21 02:00:00,0.0,0.003,51.9270746844379
2019-08-21 03:00:00,0.0,0.019,36.74839751764168
2019-08-21 04:00:00,0.0,0.068,41.71740685850612
2019-08-21 05:00:00,0.005,0.138,49.69888092135472
2019-08-21 06:00:00,0.112,0.193,36.28457405158407
2019-08-21 07:00:00,0.295,0.249,57.28339425029615
2019-08-21 08:00:00,0.459,0.264,43.13015227686748
2019-08-21 09:00:00,0.591,0.237,29.25632253614192
2019-08-21 10:00:00,0.671,0.18,55.57570849838535
2019-08-21 11:00:00,0.687,0.117,31.78606934659002
2019-08-21 12:00:00,0.588,0.083,40.03353014991285
2019-08-21 13:00:00,0.43,0.095,39.43877269315442
2019-08-21 14:00:00,0.296,0.128,42.526080573725
2019-08-21 15:00:00,0.189,0.172,20.30047543922099
2019-08-21 16:00:00,0.089,0.235,28.903106051991266
2019-08-21 17:00:00,0.024,0.223,40.68015097290933
2019-08-21 18:00:00,0.0,0.164,39.216422999225685
2019-08-21 19:00:00,0.0,0.124,28.01306873302934
2019-08-21 20:00:00,0.0,0.092,22.28333843719615
2019-08-21 21:00:00,0.0,0.079,38.6501977581931
2019-08-21 22:00:00,0.0,0.042,31.53665351902292
2019-08-21 23:00:00,0.0,0.029,32.075899990775234
2019-08-22 00:00:00,0.0,0.035,43.72754972218675
2019-08-22 01:00:00,0.0,0.027,26.485290173928533
2019-08-22 02:00:00,0.0,0.03,39.053793022496656
2019-08-22 03:00:00,0.0,0.062,47.04262874071581
2019-08-22 04:00:00,0.0,0.101,37.50194476909502
2019-08-22 05:00:00,0.003,0.141,31.773942883214954
2019-08-22 06:00:00,0.113,0.147,65.41339725690143
2019-08-22 07:00:00,0.308,0.091,33.50461272482963
2019-08-22 08:00:00,0.486,0.047,46.741976940157144
2019-08-22 09:00:00,0.623,0.026,63.17478789936567
2019-08-22 10:00:00,0.709,0.017,24.192844618168703
2019-08-22 11:00:00,0.746,0.002,41.63347607828535
2019-08-22 12:00:00,0.741,0.001,15.208062612800312
2019-08-22 13:00:00,0.684,0.011,61.61544549939211
2019-08-22 14:00:00,0.587,0.088,29.344538941629466
2019-08-22 15:00:00,0.445,0.19,11.327616999385985
2019-08-22 16:00:00,0.267,0.233,19.37413857386273
2019-08-22 17:00:00,0.09,0.293,30.77212558555166
2019-08-22 18:00:00,0.0,0.328,35.6811936706474
2019-08-22 19:00:00,0.0,0.249,25.594407537607392
2019-08-22 20:00:00,0.0,0.131,46.8809306838554
2019-08-22 21:00:00,0.0,0.05,47.92843023993984
2019-08-22 22:00:00,0.0,0.012,36.584815571435286
2019-08-22 23:00:00,0.0,0.002,42.350443298435
2019-08-23 00:00:00,0.0,0.014,43.38592879380373
2019-08-23 01:00:00,0.0,0.028,68.81418850069153
2019-08-23 02:00:00,0.0,0.05,52.17728190903006
2019-08-23 03:00:00,0.0,0.087,43.112919362783
2019-08-23 04:00:00,0.0,0.133,59.39092582280707
2019-08-23 05:00:00,0.003,0.154,18.094744253704377
2019-08-23 06:00:00,0.112,0.106,37.06714497744858
2019-08-23 07:00:00,0.294,0.053,57.97692253191279
2019-08-23 08:00:00,0.431,0.041,37.800102527483595
2019-08-23 09:00:00,0.562,0.037,39.01353140045897
2019-08-23 10:00:00,0.699,0.026,22.098558244121463
2019-08-23 11:00:00,0.743,0.022,33.83129195844136
2019-08-23 12:00:00,0.738,0.034,30.05800683656637
2019-08-23 13:00:00,0.687,0.049,11.455247605826774
2019-08-23 14:00:00,0.582,0.058,34.877429347455006
2019-08-23 15:00:00,0.415,0.079,20.410655011813002
2019-08-23 16:00:00,0.224,0.12,21.135927351205943
2019-08-23 17:00:00,0.076,0.152,14.134393792657937
2019-08-23 18:00:00,0.0,0.181,31.966556176439255
2019-08-23 19:00:00,0.0,0.152,26.968243710065497
2019-08-23 20:00:00,0.0,0.104,18.198189111964048
2019-08-23 21:00:00,0.0,0.061,25.85499076144554
2019-08-23 22:00:00,0.0,0.03,43.768701689343615
2019-08-23 23:00:00,0.0,0.013,38.93524123562605
2019-08-24 00:00:00,0.0,0.009,40.74136963575438
2019-08-24 01:00:00,0.0,0.011,27.517660818608192
2019-08-24 02:00:00,0.0,0.011,33.45995410647607
2019-08-24 03:00:00,0.0,0.013,58.94512423845901
2019-08-24 04:00:00,0.0,0.014,55.358092480163386
2019-08-24 05:00:00,0.002,0.013,26.692237674349762
2019-08-24 06:00:00,0.11,0.009,38.98973043125516
2019-08-24 07:00:00,0.3,0.012,16.264498867775206
2019-08-24 08:00:00,0.479,0.028,45.4425242352815
2019-08-24 09:00:00,0.619,0.038,45.27742502668702
2019-08-24 10:00:00,0.707,0.047,45.446157892544505
2019-08-24 11:00:00,0.747,0.063,38.895861563128776
2019-08-24 12:00:00,0.733,0.086,-2.7542554421949035
2019-08-24 13:00:00,0.692,0.1,19.89929697864508
2019-08-24 14:00:00,0.592,0.112,28.884659037252778
2019-08-24 15:00:00,0.455,0.123,20.80956607003464
2019-08-24 16:00:00,0.272,0.142,23.70273655871481
2019-08-24 17:00:00,0.087,0.174,17.759534435060957
2019-08-24 18:00:00,0.0,0.225,29.667641237666288
2019-08-24 19:00:00,0.0,0.215,23.631112110172936
2019-08-24 20:00:00,0.0,0.167,12.282517189889301
2019-08-24 21:00:00,0.0,0.121,34.47275027483371
2019-08-24 22:00:00,0.0,0.084,24.7680410442537
2019-08-24 23:00:00,0.0,0.054,22.795092648685916
2019-08-25 00:00:00,0.0,0.03,30.927290098789804
2019-08-25 01:00:00,0.0,0.016,43.06582388156994
2019-08-25 02:00:00,0.0,0.011,42.55290744729024
2019-08-25 03:00:00,0.0,0.008,59.80432692611138
2019-08-25 04:00:00,0.0,0.006,29.28072276928106
2019-08-25 05:00:00,0.001,0.006,29.55606692949198
2019-08-25 06:00:00,0.092,0.005,35.89375171840703
2019-08-25 07:00:00,0.263,0.007,52.517128314381814
2019-08-25 08:00:00,0.46,0.005,46.51052724300604
2019-08-25 09:00:00,0.611,0.003,39.807275166506855
2019-08-25 10:00:00,0.703,0.017,54.072170246975915
2019-08-25 11:00:00,0.746,0.068,36.96444822661111
2019-08-25 12:00:00,0.739,0.15,33.250882509214215
2019-08-25 13:00:00,0.693,0.205,41.33108929873373
2019-08-25 14:00:00,0.597,0.244,54.03155776377585
2019-08-25 15:00:00,0.449,0.257,23.291005432297574
2019-08-25 16:00:00,0.274,0.251,22.67690289947521
2019-08-25 17:00:00,0.087,0.233,29.29646742349297
2019-08-25 18:00:00,0.0,0.193,28.969684960089182
2019-08-25 19:00:00,0.0,0.137,21.325678175392888
2019-08-25 20:00:00,0.0,0.076,37.1811986668264
2019-08-25 21:00:00,0.0,0.034,38.37296206260355
2019-08-25 22:00:00,0.0,0.013,41.51177382587387
2019-08-25 23:00:00,0.0,0.005,60.00656837522869
2019-08-26 00:00:00,0.0,0.003,41.334772585187864
2019-08-26 01:00:00,0.0,0.009,36.218940265727
2019-08-26 02:00:00,0.0,0.015,37.223994718322054
2019-08-26 03:00:00,0.0,0.014,52.40867573583276
2019-08-26 04:00:00,0.0,0.008,79.23182557760404
2019-08-26 05:00:00,0.002,0.003,44.45233113800156
2019-08-26 06:00:00,0.093,0.002,48.83863780294452
2019-08-26 07:00:00,0.159,0.001,43.59245283189182
2019-08-26 08:00:00,0.292,0.006,37.754539656188626
2019-08-26 09:00:00,0.48,0.025,44.754546708004156
2019-08-26 10:00:00,0.569,0.062,45.78840247880243
2019-08-26 11:00:00,0.597,0.112,42.035098585880945
2019-08-26 12:00:00,0.56,0.164,13.04550562466229
2019-08-26 13:00:00,0.455,0.192,62.14896619046835
2019-08-26 14:00:00,0.289,0.171,38.61555799584286
2019-08-26 15:00:00,0.181,0.184,14.275203532951293
2019-08-26 16:00:00,0.092,0.192,39.345657507134845
2019-08-26 17:00:00,0.024,0.155,16.664675611229626
2019-08-26 18:00:00,0.0,0.13,29.68163933789519
2019-08-26 19:00:00,0.0,0.124,13.516800921456745
2019-08-26 20:00:00,0.0,0.07,12.393588925216264
2019-08-26 21:00:00,0.0,0.099,28.60728132943917
2019-08-26 22:00:00,0.0,0.208,43.866609614070015
2019-08-26 23:00:00,0.0,0.306,42.17789186349712
2019-08-27 00:00:00,0.0,0.358,31.884781735777292
2019-08-27 01:00:00,0.0,0.392,24.521206101877574
2019-08-27 02:00:00,0.0,0.31,10.271696400559652
2019-08-27 03:00:00,0.0,0.299,54.897552273149884
2019-08-27 04:00:00,0.0,0.31,54.29025737161052
2019-08-27 05:00:00,0.0,0.318,33.13660196578135
2019-08-27 06:00:00,0.009,0.352,43.411692383532795
2019-08-27 07:00:00,0.04,0.334,32.00281240274884
2019-08-27 08:00:00,0.077,0.329,33.03016435867352
2019-08-27 09:00:00,0.157,0.367,27.912249856063532
2019-08-27 10:00:00,0.328,0.325,40.984156151083525
2019-08-27 11:00:00,0.53,0.254,24.608969324906965
2019-08-27 12:00:00,0.587,0.225,51.726587677186785
2019-08-27 13:00:00,0.516,0.243,41.410843243846614
2019-08-27 14:00:00,0.376,0.261,44.93744948202659
2019-08-27 15:00:00,0.219,0.249,38.87345045643632
2019-08-27 16:00:00,0.102,0.219,25.508442434815706
2019-08-27 17:00:00,0.033,0.188,37.85086533467006
2019-08-27 18:00:00,0.0,0.161,19.161521766466162
2019-08-27 19:00:00,0.0,0.13,21.827759278954012
2019-08-27 20:00:00,0.0,0.089,17.53162802144635
2019-08-27 21:00:00,0.0,0.053,-2.7439224174005368
2019-08-27 22:00:00,0.0,0.034,2.2440171185692783
2019-08-27 23:00:00,0.0,0.027,15.033495482281175
2019-08-28 00:00:00,0.0,0.028,38.86905108515026
2019-08-28 01:00:00,0.0,0.035,41.57779655382109
2019-08-28 02:00:00,0.0,0.057,39.23112881109824
2019-08-28 03:00:00,0.0,0.098,20.394509129211983
2019-08-28 04:00:00,0.0,0.158,55.185403805430134
2019-08-28 05:00:00,0.0,0.211,36.01624827668841
2019-08-28 06:00:00,0.101,0.183,59.027979056161726
2019-08-28 07:00:00,0.291,0.143,61.84196567777052
2019-08-28 08:00:00,0.467,0.084,28.950879543617333
2019-08-28 09:00:00,0.602,0.038,49.30696529125166
2019-08-28 10:00:00,0.663,0.013,28.86988886053239
2019-08-28 11:00:00,0.678,0.001,57.662883191733194
2019-08-28 12:00:00,0.677,0.001,24.153678495641262
2019-08-28 13:00:00,0.636,0.002,18.948061195734745
2019-08-28 14:00:00,0.553,0.002,32.36869871652645
2019-08-28 15:00:00,0.406,0.002,28.82695190098548
2019-08-28 16:00:00,0.237,0.041,34.067112415082434
2019-08-28 17:00:00,0.077,0.155,20.41972757853243
2019-08-28 18:00:00,0.0,0.309,43.22562454431943
2019-08-28 19:00:00,0.0,0.334,20.26983547457619
2019-08-28 20:00:00,0.0,0.252,25.52849001858266
2019-08-28 21:00:00,0.0,0.171,41.81039695101495
2019-08-28 22:00:00,0.0,0.107,35.0233945458403
2019-08-28 23:00:00,0.0,0.064,16.9556103726611
2019-08-29 00:00:00,0.0,0.031,19.479383899426484
2019-08-29 01:00:00,0.0,0.013,12.633481614517862
2019-08-29 02:00:00,0.0,0.007,58.47138986185736
2019-08-29 03:00:00,0.0,0.009,30.96459961645365
2019-08-29 04:00:00,0.0,0.027,38.6164344116469
2019-08-29 05:00:00,0.0,0.042,64.04890959935278
2019-08-29 06:00:00,0.105,0.032,43.06517083845346
2019-08-29 07:00:00,0.293,0.009,70.39494128719609
2019-08-29 08:00:00,0.429,0.006,29.401972784376305
2019-08-29 09:00:00,0.546,0.009,30.312342816712288
2019-08-29 10:00:00,0.683,0.036,21.23269665753034
2019-08-29 11:00:00,0.693,0.089,30.86423015776559
2019-08-29 12:00:00,0.491,0.133,28.696832662878734
2019-08-29 13:00:00,0.335,0.169,59.686970563842344
2019-08-29 14:00:00,0.266,0.191,28.844344610640967
2019-08-29 15:00:00,0.267,0.182,26.21079787126465
2019-08-29 16:00:00,0.184,0.171,47.70270818636922
2019-08-29 17:00:00,0.059,0.169,40.03360649848155
2019-08-29 18:00:00,0.0,0.164,41.49745415622719
2019-08-29 19:00:00,0.0,0.136,29.160089764148154
2019-08-29 20:00:00,0.0,0.101,38.13130724668544
2019-08-29 21:00:00,0.0,0.074,29.982534263934298
2019-08-29 22:00:00,0.0,0.055,31.880512103060173
2019-08-29 23:00:00,0.0,0.038,35.487310617920436
2019-08-30 00:00:00,0.0,0.026,30.711727335250288
2019-08-30 01:00:00,0.0,0.017,57.808361973536144
2019-08-30 02:00:00,0.0,0.014,31.13048658227126
2019-08-30 03:00:00,0.0,0.012,17.28538103731407
2019-08-30 04:00:00,0.0,0.012,45.715959133808994
2019-08-30 05:00:00,0.0,0.016,52.3110799737803
2019-08-30 06:00:00,0.072,0.015,13.990277423473415
2019-08-30 07:00:00,0.218,0.002,32.19531776624315
2019-08-30 08:00:00,0.388,0.003,15.753819476934016
2019-08-30 09:00:00,0.509,0.002,47.50200708744155
2019-08-30 10:00:00,0.6,0.002,61.51017934743968
2019-08-30 11:00:00,0.66,0.002,29.465546441442296
2019-08-30 12:00:00,0.649,0.003,23.305290809726426
2019-08-30 13:00:00,0.588,0.008,39.04499205309508
2019-08-30 14:00:00,0.509,0.022,7.047956755100852
2019-08-30 15:00:00,0.377,0.058,32.63309745379594
2019-08-30 16:00:00,0.219,0.094,37.958601682765995
2019-08-30 17:00:00,0.067,0.148,17.710807695427963
2019-08-30 18:00:00,0.0,0.201,22.527415873402532
2019-08-30 19:00:00,0.0,0.175,35.39404447018946
2019-08-30 20:00:00,0.0,0.121,37.027340313852385
2019-08-30 21:00:00,0.0,0.073,43.035572155789254
2019-08-30 22:00:00,0.0,0.04,20.783422711247596
2019-08-30 23:00:00,0.0,0.022,8.016801537116997
2019-08-31 00:00:00,0.0,0.019,44.15495737879998
2019-08-31 01:00:00,0.0,0.021,53.16436744366858
2019-08-31 02:00:00,0.0,0.027,53.76472103320874
2019-08-31 03:00:00,0.0,0.028,39.74741316037388
2019-08-31 04:00:00,0.0,0.029,27.309656051493914
2019-08-31 05:00:00,0.0,0.03,24.150675356467524
2019-08-31 06:00:00,0.102,0.021,51.125698776435314
2019-08-31 07:00:00,0.293,0.002,54.83141915816655
2019-08-31 08:00:00,0.468,0.002,55.118376104130704
2019-08-31 09:00:00,0.595,0.002,36.83899521718494
2019-08-31 10:00:00,0.665,0.004,45.666237117068086
2019-08-31 11:00:00,0.692,0.008,32.53461526666189
2019-08-31 12:00:00,0.675,0.02,31.121616792752583
2019-08-31 13:00:00,0.616,0.035,20.866010392504748
2019-08-31 14:00:00,0.509,0.045,41.81147608027398
2019-08-31 15:00:00,0.377,0.04,21.979540477616425
2019-08-31 16:00:00,0.219,0.034,23.763493561565422
2019-08-31 17:00:00,0.065,0.056,40.153373431214646
2019-08-31 18:00:00,0.0,0.09,30.003200064046965
2019-08-31 19:00:00,0.0,0.093,47.027884523369735
2019-08-31 20:00:00,0.0,0.072,39.18377064734834
2019-08-31 21:00:00,0.0,0.047,41.8767008893289
2019-08-31 22:00:00,0.0,0.028,31.783750526864253
2019-08-31 23:00:00,0.0,0.022,34.979039538027365
2019-09-01 00:00:00,0.0,0.03,14.44910768452733
2019-09-01 01:00:00,0.0,0.048,53.93318926226695
2019-09-01 02:00:00,0.0,0.068,44.976479820176976
2019-09-01 03:00:00,0.0,0.078,47.19853650444471
2019-09-01 04:00:00,0.0,0.076,45.73950268339251
2019-09-01 05:00:00,0.0,0.069,47.003489079374965
2019-09-01 06:00:00,0.062,0.049,46.55023246557013
2019-09-01 07:00:00,0.207,0.043,51.0774868349527
2019-09-01 08:00:00,0.396,0.069,45.57336149350052
2019-09-01 09:00:00,0.52,0.111,49.62133474616043
2019-09-01 10:00:00,0.552,0.136,56.55718440973057
2019-09-01 11:00:00,0.536,0.148,24.112720770823145
2019-09-01 12:00:00,0.553,0.158,44.351111143056016
2019-09-01 13:00:00,0.563,0.16,22.678210247270354
2019-09-01 14:00:00,0.42,0.152,44.383030151651596
2019-09-01 15:00:00,0.227,0.153,41.61196238808063
2019-09-01 16:00:00,0.111,0.182,25.645607975735473
2019-09-01 17:00:00,0.019,0.249,8.261938501016065
2019-09-01 18:00:00,0.0,0.27,17.630620204320984
2019-09-01 19:00:00,0.0,0.21,22.80169804563628
2019-09-01 20:00:00,0.0,0.131,3.373896605773364
2019-09-01 21:00:00,0.0,0.081,22.66196173184197
2019-09-01 22:00:00,0.0,0.074,31.515176671450213
2019-09-01 23:00:00,0.0,0.113,51.471394290952134
2019-09-02 00:00:00,0.0,0.151,36.470812754129966
2019-09-02 01:00:00,0.0,0.157,29.93031916730125
2019-09-02 02:00:00,0.0,0.171,15.332882942246052
2019-09-02 03:00:00,0.0,0.243,50.12026390459826
2019-09-02 04:00:00,0.0,0.364,59.01979340539862
2019-09-02 05:00:00,0.0,0.378,41.779499890309886
2019-09-02 06:00:00,0.06,0.379,44.49311809075233
2019-09-02 07:00:00,0.214,0.364,20.094003784028544
2019-09-02 08:00:00,0.451,0.267,13.480942737029835
2019-09-02 09:00:00,0.616,0.135,40.67743564377034
2019-09-02 10:00:00,0.706,0.083,28.69498309679014
2019-09-02 11:00:00,0.74,0.119,32.47922930258037
2019-09-02 12:00:00,0.74,0.201,27.929742054695406
2019-09-02 13:00:00,0.693,0.295,24.932098200768515
2019-09-02 14:00:00,0.599,0.356,23.855770285957924
2019-09-02 15:00:00,0.454,0.349,29.14478536206536
2019-09-02 16:00:00,0.268,0.321,27.818763842420577
2019-09-02 17:00:00,0.075,0.317,44.89941950025687
2019-09-02 18:00:00,0.0,0.346,31.29957920685488
2019-09-02 19:00:00,0.0,0.317,13.001702171165862
2019-09-02 20:00:00,0.0,0.264,13.887346498778342
2019-09-02 21:00:00,0.0,0.199,42.72413110385084
2019-09-02 22:00:00,0.0,0.175,20.14777357462726
2019-09-02 23:00:00,0.0,0.133,29.289285512872354
2019-09-03 00:00:00,0.0,0.049,30.14108558604083
2019-09-03 01:00:00,0.0,0.019,36.40912272192702
2019-09-03 02:00:00,0.0,0.019,52.104578266072394
2019-09-03 03:00:00,0.0,0.032,51.4221960376069
2019-09-03 04:00:00,0.0,0.034,57.37248461539002
2019-09-03 05:00:00,0.0,0.027,43.45945025584901
2019-09-03 06:00:00,0.101,0.014,36.288708363894244
2019-09-03 07:00:00,0.301,0.014,20.406648709344417
2019-09-03 08:00:00,0.486,0.015,29.704626589682384
2019-09-03 09:00:00,0.636,0.015,40.4563695175781
2019-09-03 10:00:00,0.729,0.008,47.41819909666963
2019-09-03 11:00:00,0.771,0.001,56.32484251633193
2019-09-03 12:00:00,0.766,0.001,25.965558251908924
2019-09-03 13:00:00,0.714,0.002,22.63314426943235
2019-09-03 14:00:00,0.614,0.004,38.85838481916617
2019-09-03 15:00:00,0.463,0.015,31.258903270440964
2019-09-03 16:00:00,0.266,0.076,7.234608782599267
2019-09-03 17:00:00,0.068,0.137,26.033678541828788
2019-09-03 18:00:00,0.0,0.216,30.205738804376917
2019-09-03 19:00:00,0.0,0.202,25.798195600557392
2019-09-03 20:00:00,0.0,0.134,12.636938351221932
2019-09-03 21:00:00,0.0,0.072,38.30759405672598
2019-09-03 22:00:00,0.0,0.032,45.17543601241985
2019-09-03 23:00:00,0.0,0.011,30.338572948875978
2019-09-04 00:00:00,0.0,0.004,14.633870487806224
2019-09-04 01:00:00,0.0,0.003,55.740504837474425
2019-09-04 02:00:00,0.0,0.005,26.744031150557028
2019-09-04 03:00:00,0.0,0.011,31.228778570520376
2019-09-04 04:00:00,0.0,0.027,57.1657754618542
2019-09-04 05:00:00,0.0,0.05,31.585377353988466
2019-09-04 06:00:00,0.105,0.063,23.92238564606645
2019-09-04 07:00:00,0.313,0.046,54.92037255341458
2019-09-04 08:00:00,0.501,0.023,36.51166010940782
2019-09-04 09:00:00,0.642,0.023,39.14448356213029
2019-09-04 10:00:00,0.731,0.024,36.4778859535175
2019-09-04 11:00:00,0.772,0.019,40.484453906209026
2019-09-04 12:00:00,0.767,0.006,54.536348142037326
2019-09-04 13:00:00,0.714,0.004,0.9960842408476012
2019-09-04 14:00:00,0.613,0.004,23.766099660084464
2019-09-04 15:00:00,0.462,0.005,25.13135302481161
2019-09-04 16:00:00,0.27,0.025,24.570599046855353
2019-09-04 17:00:00,0.071,0.089,0.8497574009242967
2019-09-04 18:00:00,0.0,0.177,20.38437399264751
2019-09-04 19:00:00,0.0,0.237,46.47280915011976
2019-09-04 20:00:00,0.0,0.252,38.50853827939278
2019-09-04 21:00:00,0.0,0.234,17.20127618843486
2019-09-04 22:00:00,0.0,0.202,15.667349231763069
2019-09-04 23:00:00,0.0,0.185,46.57776125971347
2019-09-05 00:00:00,0.0,0.212,28.156117276298783
2019-09-05 01:00:00,0.0,0.254,29.15354912185703
2019-09-05 02:00:00,0.0,0.285,64.7957525800332
2019-09-05 03:00:00,0.0,0.323,57.418071878415155
2019-09-05 04:00:00,0.0,0.376,40.81269322869941
2019-09-05 05:00:00,0.0,0.439,46.09503490967171
2019-09-05 06:00:00,0.099,0.409,58.65216522801176
2019-09-05 07:00:00,0.296,0.309,67.52057959457508
2019-09-05 08:00:00,0.471,0.194,30.75384311530373
2019-09-05 09:00:00,0.627,0.103,40.178941702443744
2019-09-05 10:00:00,0.714,0.061,28.922618581356808
2019-09-05 11:00:00,0.759,0.033,50.60546930691712
2019-09-05 12:00:00,0.741,0.023,10.28813193003618
2019-09-05 13:00:00,0.677,0.027,41.16407604582717
2019-09-05 14:00:00,0.541,0.009,53.147234901238775
2019-09-05 15:00:00,0.458,0.007,29.42924803342362
2019-09-05 16:00:00,0.27,0.012,36.696853224148796
2019-09-05 17:00:00,0.071,0.115,8.32884122216063
2019-09-05 18:00:00,0.0,0.191,28.295118194673
2019-09-05 19:00:00,0.0,0.201,25.847785331758654
2019-09-05 20:00:00,0.0,0.216,28.43238388165092
2019-09-05 21:00:00,0.0,0.274,20.32554803127166
2019-09-05 22:00:00,0.0,0.312,15.251763985434213
2019-09-05 23:00:00,0.0,0.325,26.405250816938686
2019-09-06 00:00:00,0.0,0.33,24.786038191737553
2019-09-06 01:00:00,0.0,0.306,40.7761089592616
2019-09-06 02:00:00,0.0,0.259,47.435728734340216
2019-09-06 03:00:00,0.0,0.21,26.091317613358633
2019-09-06 04:00:00,0.0,0.146,47.34160659971377
2019-09-06 05:00:00,0.0,0.086,49.49292219919305
2019-09-06 06:00:00,0.055,0.029,51.353005925226434
2019-09-06 07:00:00,0.15,0.02,57.10651354203992
2019-09-06 08:00:00,0.229,0.027,35.16158428750094
2019-09-06 09:00:00,0.329,0.026,40.15568105686586
2019-09-06 10:00:00,0.387,0.022,41.361609863978785
2019-09-06 11:00:00,0.567,0.027,29.943517124948485
2019-09-06 12:00:00,0.763,0.037,22.821650566818903
2019-09-06 13:00:00,0.718,0.044,55.063315341415596
2019-09-06 14:00:00,0.618,0.046,27.770572350475494
2019-09-06 15:00:00,0.466,0.054,33.476380369686545
2019-09-06 16:00:00,0.272,0.071,14.013130240330998
2019-09-06 17:00:00,0.071,0.105,19.705050487038434
2019-09-06 18:00:00,0.0,0.155,47.645838989872736
2019-09-06 19:00:00,0.0,0.17,19.952411359528796
2019-09-06 20:00:00,0.0,0.167,46.451030099866095
2019-09-06 21:00:00,0.0,0.181,17.248822006949087
2019-09-06 22:00:00,0.0,0.188,33.77893219992508
2019-09-06 23:00:00,0.0,0.17,22.05656690612748
2019-09-07 00:00:00,0.0,0.127,22.17860207411451
2019-09-07 01:00:00,0.0,0.025,35.44181361416079
2019-09-07 02:00:00,0.0,0.026,40.66853834784679
2019-09-07 03:00:00,0.0,0.093,20.625750638446767
2019-09-07 04:00:00,0.0,0.111,58.23154889297917
2019-09-07 05:00:00,0.0,0.115,34.57542509857816
2019-09-07 06:00:00,0.09,0.105,41.32821668211312
2019-09-07 07:00:00,0.258,0.057,34.528767446535625
2019-09-07 08:00:00,0.452,0.031,39.04561085394071
2019-09-07 09:00:00,0.627,0.025,45.28990443012957
2019-09-07 10:00:00,0.731,0.008,43.398572930286136
2019-09-07 11:00:00,0.772,0.001,23.46759418875248
2019-09-07 12:00:00,0.766,0.001,7.622256301927756
2019-09-07 13:00:00,0.708,0.002,22.80999356690708
2019-09-07 14:00:00,0.611,0.005,35.28278773692091
2019-09-07 15:00:00,0.457,0.041,26.19592301210703
2019-09-07 16:00:00,0.263,0.157,33.929006372351644
2019-09-07 17:00:00,0.065,0.295,35.75654451221217
2019-09-07 18:00:00,0.0,0.413,41.36314278090286
2019-09-07 19:00:00,0.0,0.404,37.33654438239591
2019-09-07 20:00:00,0.0,0.341,9.152251584548196
2019-09-07 21:00:00,0.0,0.269,35.217706700203316
2019-09-07 22:00:00,0.0,0.202,43.24740089376976
2019-09-07 23:00:00,0.0,0.141,27.997284136814066
2019-09-08 00:00:00,0.0,0.108,57.82284956058882
2019-09-08 01:00:00,0.0,0.116,32.44029526981782
2019-09-08 02:00:00,0.0,0.145,43.372037464168656
2019-09-08 03:00:00,0.0,0.162,53.28573865672894
2019-09-08 04:00:00,0.0,0.176,35.410364204855064
2019-09-08 05:00:00,0.0,0.183,34.552957173527325
2019-09-08 06:00:00,0.094,0.186,61.35847528339623
2019-09-08 07:00:00,0.303,0.16,43.659703330176235
2019-09-08 08:00:00,0.501,0.168,46.118480447993306
2019-09-08 09:00:00,0.645,0.181,52.1855816505014
2019-09-08 10:00:00,0.739,0.179,20.211596792314104
2019-09-08 11:00:00,0.78,0.15,62.60508958649194
2019-09-08 12:00:00,0.771,0.111,50.572841567644815
2019-09-08 13:00:00,0.716,0.099,36.847424686019245
2019-09-08 14:00:00,0.614,0.123,26.56044156385608
2019-09-08 15:00:00,0.463,0.191,36.97067793274671
2019-09-08 16:00:00,0.266,0.274,34.28339536130661
2019-09-08 17:00:00,0.065,0.35,34.032946802667304
2019-09-08 18:00:00,0.0,0.386,2.2367278801450325
2019-09-08 19:00:00,0.0,0.32,22.871440576047686
2019-09-08 20:00:00,0.0,0.236,33.33584875311904
2019-09-08 21:00:00,0.0,0.163,32.38023247692447
2019-09-08 22:00:00,0.0,0.111,46.27969598956081
2019-09-08 23:00:00,0.0,0.073,34.37707854030904
2019-09-09 00:00:00,0.0,0.045,50.99357461446893
2019-09-09 01:00:00,0.0,0.034,33.88764190551606
2019-09-09 02:00:00,0.0,0.054,47.83289119040232
2019-09-09 03:00:00,0.0,0.078,23.94067056770565
2019-09-09 04:00:00,0.0,0.104,48.90630327836957
2019-09-09 05:00:00,0.0,0.127,47.97896470419905
2019-09-09 06:00:00,0.096,0.124,43.44373568134364
2019-09-09 07:00:00,0.305,0.099,45.72192137615677
2019-09-09 08:00:00,0.498,0.063,46.6372556910309
2019-09-09 09:00:00,0.638,0.048,33.645930756902104
2019-09-09 10:00:00,0.729,0.052,25.24305622508167
2019-09-09 11:00:00,0.767,0.058,43.35401056807589
2019-09-09 12:00:00,0.752,0.083,46.858925897326166
2019-09-09 13:00:00,0.689,0.134,33.71159725829809
2019-09-09 14:00:00,0.587,0.2,-1.9735343470006619
2019-09-09 15:00:00,0.43,0.261,37.181593127484724
2019-09-09 16:00:00,0.237,0.325,25.616470178305057
2019-09-09 17:00:00,0.051,0.402,19.778610011278847
2019-09-09 18:00:00,0.0,0.464,43.644100494693255
2019-09-09 19:00:00,0.0,0.511,36.11053321920935
2019-09-09 20:00:00,0.0,0.575,38.84138797369022
2019-09-09 21:00:00,0.0,0.629,38.09587375155088
2019-09-09 22:00:00,0.0,0.661,34.516483741036
2019-09-09 23:00:00,0.0,0.586,31.096376954123674
2019-09-10 00:00:00,0.0,0.35,41.71488345489834
2019-09-10 01:00:00,0.0,0.188,33.925569769034524
2019-09-10 02:00:00,0.0,0.4,23.441262218429905
2019-09-10 03:00:00,0.0,0.698,38.388723898127246
2019-09-10 04:00:00,0.0,0.837,27.147439028634846
2019-09-10 05:00:00,0.0,0.901,44.35281732900713
2019-09-10 06:00:00,0.049,0.928,35.11858851199908
2019-09-10 07:00:00,0.155,0.892,83.95643094976819
2019-09-10 08:00:00,0.198,0.773,46.07960050280445
2019-09-10 09:00:00,0.265,0.502,17.49244874699113
2019-09-10 10:00:00,0.368,0.289,38.483334895914204
2019-09-10 11:00:00,0.303,0.42,55.56451028995342
2019-09-10 12:00:00,0.236,0.528,25.756379674965437
2019-09-10 13:00:00,0.245,0.469,44.895634356723434
2019-09-10 14:00:00,0.231,0.344,47.25782839911783
2019-09-10 15:00:00,0.199,0.295,49.647460374702135
2019-09-10 16:00:00,0.126,0.273,46.54440416003828
2019-09-10 17:00:00,0.032,0.202,38.839233468118
2019-09-10 18:00:00,0.0,0.155,24.189906687588923
2019-09-10 19:00:00,0.0,0.167,31.031526918220496
2019-09-10 20:00:00,0.0,0.308,27.30852423038944
2019-09-10 21:00:00,0.0,0.538,50.08280873240365
2019-09-10 22:00:00,0.0,0.703,34.47916705461521
2019-09-10 23:00:00,0.0,0.853,44.98580574786342
2019-09-11 00:00:00,0.0,0.947,40.52380790996213
2019-09-11 01:00:00,0.0,0.98,35.74102213434426
2019-09-11 02:00:00,0.0,0.979,56.66857929352998
2019-09-11 03:00:00,0.0,0.951,57.34343177749722
2019-09-11 04:00:00,0.0,0.927,37.54869253377871
2019-09-11 05:00:00,0.0,0.919,46.53045228919968
2019-09-11 06:00:00,0.029,0.907,65.04727209770937
2019-09-11 07:00:00,0.119,0.911,36.904965458705306
2019-09-11 08:00:00,0.238,0.93,54.433761559654634
2019-09-11 09:00:00,0.337,0.937,41.172826862892116
2019-09-11 10:00:00,0.396,0.937,27.308001680030596
2019-09-11 11:00:00,0.386,0.944,56.57615642786085
2019-09-11 12:00:00,0.419,0.939,48.933646579218006
2019-09-11 13:00:00,0.472,0.93,54.35774039800465
2019-09-11 14:00:00,0.447,0.921,21.418926607135887
2019-09-11 15:00:00,0.362,0.9,48.322693975259455
2019-09-11 16:00:00,0.22,0.85,25.809801016585677
2019-09-11 17:00:00,0.053,0.768,28.764909656701928
2019-09-11 18:00:00,0.0,0.728,34.27669012985186
2019-09-11 19:00:00,0.0,0.653,15.490784773502163
2019-09-11 20:00:00,0.0,0.601,28.34406698548723
2019-09-11 21:00:00,0.0,0.59,29.48431608888808
2019-09-11 22:00:00,0.0,0.62,25.25861555185439
2019-09-11 23:00:00,0.0,0.652,34.60537620415178
2019-09-12 00:00:00,0.0,0.668,32.40401548977792
2019-09-12 01:00:00,0.0,0.669,63.223471704420774
2019-09-12 02:00:00,0.0,0.682,57.16834023551293
2019-09-12 03:00:00,0.0,0.691,48.4291880756049
2019-09-12 04:00:00,0.0,0.644,52.780156699435224
2019-09-12 05:00:00,0.0,0.535,35.64368996203778
2019-09-12 06:00:00,0.048,0.367,43.362212350770236
2019-09-12 07:00:00,0.21,0.209,30.27450571643777
2019-09-12 08:00:00,0.434,0.121,27.015912996529238
2019-09-12 09:00:00,0.592,0.11,20.741579310243008
2019-09-12 10:00:00,0.684,0.089,45.7061522859291
2019-09-12 11:00:00,0.726,0.084,46.04458522226745
2019-09-12 12:00:00,0.728,0.09,32.10019830919689
2019-09-12 13:00:00,0.679,0.103,34.860400096882024
2019-09-12 14:00:00,0.578,0.128,26.853950264629468
2019-09-12 15:00:00,0.427,0.176,42.77999427971872
2019-09-12 16:00:00,0.233,0.231,49.51480660255712
2019-09-12 17:00:00,0.048,0.294,44.64175339003478
2019-09-12 18:00:00,0.0,0.3,49.53453697780082
2019-09-12 19:00:00,0.0,0.253,38.13892691411628
2019-09-12 20:00:00,0.0,0.225,25.153013786732558
2019-09-12 21:00:00,0.0,0.227,46.200447342442345
2019-09-12 22:00:00,0.0,0.273,33.06006885492428
2019-09-12 23:00:00,0.0,0.391,35.99637421051066
2019-09-13 00:00:00,0.0,0.566,31.73942102599169
2019-09-13 01:00:00,0.0,0.692,37.21026415504791
2019-09-13 02:00:00,0.0,0.755,58.51884648051313
2019-09-13 03:00:00,0.0,0.777,46.89139113699055
2019-09-13 04:00:00,0.0,0.771,41.0012211059253
2019-09-13 05:00:00,0.0,0.759,18.6487716962699
2019-09-13 06:00:00,0.045,0.729,48.39688341230961
2019-09-13 07:00:00,0.1,0.672,55.179985192619945
2019-09-13 08:00:00,0.111,0.707,59.2763986613175
2019-09-13 09:00:00,0.224,0.758,46.82492181596861
2019-09-13 10:00:00,0.467,0.862,55.062456692296976
2019-09-13 11:00:00,0.61,0.879,51.319131252647544
2019-09-13 12:00:00,0.63,0.821,65.43021906629096
2019-09-13 13:00:00,0.415,0.685,38.946079487776814
2019-09-13 14:00:00,0.257,0.592,51.59036760820178
2019-09-13 15:00:00,0.11,0.541,20.7169175895853
2019-09-13 16:00:00,0.084,0.529,31.971103735795104
2019-09-13 17:00:00,0.019,0.396,29.77775915441302
2019-09-13 18:00:00,0.0,0.323,37.42158056488661
2019-09-13 19:00:00,0.0,0.27,25.941829786390095
2019-09-13 20:00:00,0.0,0.206,29.910058886266665
2019-09-13 21:00:00,0.0,0.196,27.411077880567248
2019-09-13 22:00:00,0.0,0.204,25.8737749642479
2019-09-13 23:00:00,0.0,0.243,41.19408031039357
2019-09-14 00:00:00,0.0,0.298,25.640841055285577
2019-09-14 01:00:00,0.0,0.362,14.972312507768876
2019-09-14 02:00:00,0.0,0.449,43.16637934099208
2019-09-14 03:00:00,0.0,0.533,41.755389652635614
2019-09-14 04:00:00,0.0,0.553,31.444803850141767
2019-09-14 05:00:00,0.0,0.59,45.514932915855844
2019-09-14 06:00:00,0.044,0.615,39.148837174910355
2019-09-14 07:00:00,0.189,0.561,35.41800179692713
2019-09-14 08:00:00,0.365,0.68,56.00314868906821
2019-09-14 09:00:00,0.464,0.749,52.42555256797517
2019-09-14 10:00:00,0.499,0.762,26.85586449538002
2019-09-14 11:00:00,0.537,0.762,33.53213212996472
2019-09-14 12:00:00,0.546,0.772,27.031089350622132
2019-09-14 13:00:00,0.509,0.775,23.990787361400457
2019-09-14 14:00:00,0.446,0.775,26.106464227276202
2019-09-14 15:00:00,0.33,0.773,27.565499365685106
2019-09-14 16:00:00,0.184,0.744,51.877017825405076
2019-09-14 17:00:00,0.035,0.686,32.24257741438004
2019-09-14 18:00:00,0.0,0.656,9.741026676713322
2019-09-14 19:00:00,0.0,0.655,32.26640340036274
2019-09-14 20:00:00,0.0,0.665,22.612029751038676
2019-09-14 21:00:00,0.0,0.687,27.80597487595068
2019-09-14 22:00:00,0.0,0.675,28.850403373771222
2019-09-14 23:00:00,0.0,0.663,37.969136150779036
2019-09-15 00:00:00,0.0,0.647,40.757943038570104
2019-09-15 01:00:00,0.0,0.644,42.550607830915716
2019-09-15 02:00:00,0.0,0.677,22.796205009838616
2019-09-15 03:00:00,0.0,0.729,45.094290177166954
2019-09-15 04:00:00,0.0,0.763,26.80276976553003
2019-09-15 05:00:00,0.0,0.778,55.62979195656468
2019-09-15 06:00:00,0.049,0.746,49.38457724348019
2019-09-15 07:00:00,0.204,0.707,31.827678255859837
2019-09-15 08:00:00,0.402,0.799,20.864672429214778
2019-09-15 09:00:00,0.569,0.822,27.100107964150162
2019-09-15 10:00:00,0.663,0.831,36.42389758828631
2019-09-15 11:00:00,0.701,0.815,32.462668799683144
2019-09-15 12:00:00,0.677,0.786,43.32478087570681
2019-09-15 13:00:00,0.603,0.756,50.505435159688716
2019-09-15 14:00:00,0.457,0.753,36.15804648293901
2019-09-15 15:00:00,0.291,0.763,36.018393737747374
2019-09-15 16:00:00,0.15,0.759,58.02313921260654
2019-09-15 17:00:00,0.025,0.712,41.40676902952276
2019-09-15 18:00:00,0.0,0.694,14.378272358995165
2019-09-15 19:00:00,0.0,0.676,12.114456445059027
2019-09-15 20:00:00,0.0,0.659,1.3793514648350644
2019-09-15 21:00:00,0.0,0.646,41.233277769548394
2019-09-15 22:00:00,0.0,0.646,48.90726233822504
2019-09-15 23:00:00,0.0,0.62,38.48253977182335
2019-09-16 00:00:00,0.0,0.544,62.5504428411048
2019-09-16 01:00:00,0.0,0.519,24.510001040270332
2019-09-16 02:00:00,0.0,0.53,61.93322468527877
2019-09-16 03:00:00,0.0,0.518,52.571758593847036
2019-09-16 04:00:00,0.0,0.476,46.324696226717904
2019-09-16 05:00:00,0.0,0.42,41.305207915934794
2019-09-16 06:00:00,0.06,0.352,47.29039324399747
2019-09-16 07:00:00,0.246,0.273,19.85420426350832
2019-09-16 08:00:00,0.436,0.322,33.65047579422641
2019-09-16 09:00:00,0.584,0.307,32.58405354937614
2019-09-16 10:00:00,0.68,0.284,37.465775808702965
2019-09-16 11:00:00,0.725,0.279,39.12283158983377
2019-09-16 12:00:00,0.715,0.272,58.40470976455991
2019-09-16 13:00:00,0.66,0.245,22.62462678487347
2019-09-16 14:00:00,0.555,0.209,21.380380241379356
2019-09-16 15:00:00,0.4,0.187,20.142244490064538
2019-09-16 16:00:00,0.208,0.167,35.09215907281474
2019-09-16 17:00:00,0.036,0.149,14.712557061036382
2019-09-16 18:00:00,0.0,0.124,22.2190256054687
2019-09-16 19:00:00,0.0,0.084,31.502277389472095
2019-09-16 20:00:00,0.0,0.047,38.71615917203976
2019-09-16 21:00:00,0.0,0.025,21.95582345049478
2019-09-16 22:00:00,0.0,0.017,35.1477912830232
2019-09-16 23:00:00,0.0,0.017,31.19771780173499
2019-09-17 00:00:00,0.0,0.017,19.161239257883835
2019-09-17 01:00:00,0.0,0.021,39.64176170290301
2019-09-17 02:00:00,0.0,0.031,32.99034010808237
2019-09-17 03:00:00,0.0,0.057,31.316752796463646
2019-09-17 04:00:00,0.0,0.106,53.93075069524665
2019-09-17 05:00:00,0.0,0.179,38.11671796849525
2019-09-17 06:00:00,0.059,0.225,32.30233805892281
2019-09-17 07:00:00,0.237,0.158,46.49636230553347
2019-09-17 08:00:00,0.373,0.09,32.70628387031133
2019-09-17 09:00:00,0.407,0.059,47.867642756886355
2019-09-17 10:00:00,0.407,0.048,55.44240259300644
2019-09-17 11:00:00,0.619,0.077,17.717580534818474
2019-09-17 12:00:00,0.719,0.07,61.27760630730935
2019-09-17 13:00:00,0.482,0.079,46.44646089119812
2019-09-17 14:00:00,0.245,0.106,19.33559713849709
2019-09-17 15:00:00,0.161,0.093,29.46882897349281
2019-09-17 16:00:00,0.126,0.058,45.8032021631889
2019-09-17 17:00:00,0.02,0.033,39.158658121263294
2019-09-17 18:00:00,0.0,0.009,25.95569181505778
2019-09-17 19:00:00,0.0,0.004,16.220395293501653
2019-09-17 20:00:00,0.0,0.013,6.474873246531715
2019-09-17 21:00:00,0.0,0.017,24.61406476024697
2019-09-17 22:00:00,0.0,0.01,34.72794966967695
2019-09-17 23:00:00,0.0,0.021,13.060490338080886
2019-09-18 00:00:00,0.0,0.045,45.14137678483712
2019-09-18 01:00:00,0.0,0.095,32.044686077360495
2019-09-18 02:00:00,0.0,0.168,55.98697651417698
2019-09-18 03:00:00,0.0,0.212,63.98746387659934
2019-09-18 04:00:00,0.0,0.25,33.62513657769124
2019-09-18 05:00:00,0.0,0.303,26.010298097287567
2019-09-18 06:00:00,0.042,0.32,49.980476387068784
2019-09-18 07:00:00,0.213,0.203,54.27511454537199
2019-09-18 08:00:00,0.426,0.093,47.04805843663406
2019-09-18 09:00:00,0.563,0.017,41.826466717899606
2019-09-18 10:00:00,0.655,0.002,37.9970061717627
2019-09-18 11:00:00,0.692,0.017,44.37375915967009
2019-09-18 12:00:00,0.663,0.056,22.56153764000981
2019-09-18 13:00:00,0.55,0.097,9.214747957216929
2019-09-18 14:00:00,0.393,0.131,38.534061434282336
2019-09-18 15:00:00,0.243,0.155,17.270909167724607
2019-09-18 16:00:00,0.122,0.181,34.378238574527906
2019-09-18 17:00:00,0.019,0.198,35.11614431328029
2019-09-18 18:00:00,0.0,0.178,40.086824245753334
2019-09-18 19:00:00,0.0,0.157,33.21491320930504
2019-09-18 20:00:00,0.0,0.159,33.211479670135276
2019-09-18 21:00:00,0.0,0.142,18.714657548447676
2019-09-18 22:00:00,0.0,0.107,39.52384334788667
2019-09-18 23:00:00,0.0,0.082,37.689864236217545
2019-09-19 00:00:00,0.0,0.07,33.495175500304875
2019-09-19 01:00:00,0.0,0.068,39.26612310516617
2019-09-19 02:00:00,0.0,0.073,39.867696475120155
2019-09-19 03:00:00,0.0,0.082,59.95247364526095
2019-09-19 04:00:00,0.0,0.083,66.74388855573052
2019-09-19 05:00:00,0.0,0.074,63.48661012771058
2019-09-19 06:00:00,0.042,0.068,52.84119984022239
2019-09-19 07:00:00,0.212,0.055,49.242226028450986
2019-09-19 08:00:00,0.407,0.064,49.18731812527078
2019-09-19 09:00:00,0.562,0.08,49.117155240238816
2019-09-19 10:00:00,0.663,0.089,32.04840718848669
2019-09-19 11:00:00,0.703,0.101,28.966599070403653
2019-09-19 12:00:00,0.701,0.112,33.110660508350655
2019-09-19 13:00:00,0.643,0.118,19.2772511472634
2019-09-19 14:00:00,0.535,0.127,35.02705539082908
2019-09-19 15:00:00,0.381,0.14,19.11216689710905
2019-09-19 16:00:00,0.197,0.17,40.194808570353814
2019-09-19 17:00:00,0.031,0.235,5.573714518800063
2019-09-19 18:00:00,0.0,0.278,14.101437952405664
2019-09-19 19:00:00,0.0,0.274,25.570984707588746
2019-09-19 20:00:00,0.0,0.267,43.032149338582336
2019-09-19 21:00:00,0.0,0.263,32.5276586808858
2019-09-19 22:00:00,0.0,0.259,52.27376446044096
2019-09-19 23:00:00,0.0,0.27,17.783041584178047
2019-09-20 00:00:00,0.0,0.289,35.311003199581044
2019-09-20 01:00:00,0.0,0.317,25.49797238750626
2019-09-20 02:00:00,0.0,0.357,42.36528975847831
2019-09-20 03:00:00,0.0,0.395,30.560816881364985
2019-09-20 04:00:00,0.0,0.423,29.996415560359473
2019-09-20 05:00:00,0.0,0.439,46.77683718763271
2019-09-20 06:00:00,0.026,0.428,26.46316281660119
2019-09-20 07:00:00,0.134,0.41,58.20185731607208
2019-09-20 08:00:00,0.328,0.414,37.43337182724204
2019-09-20 09:00:00,0.534,0.38,48.305233237396166
2019-09-20 10:00:00,0.619,0.348,47.467510085413615
2019-09-20 11:00:00,0.632,0.364,50.39736593743899
2019-09-20 12:00:00,0.576,0.409,36.93362862819905
2019-09-20 13:00:00,0.474,0.441,26.164584414738783
2019-09-20 14:00:00,0.366,0.447,35.48244845447997
2019-09-20 15:00:00,0.207,0.429,35.77201435035577
2019-09-20 16:00:00,0.071,0.403,37.98075314654656
2019-09-20 17:00:00,0.005,0.375,3.2173170270010267
2019-09-20 18:00:00,0.0,0.379,20.935239477633466
2019-09-20 19:00:00,0.0,0.398,25.556869013942546
2019-09-20 20:00:00,0.0,0.418,33.17756141367625
2019-09-20 21:00:00,0.0,0.448,19.136424774205466
2019-09-20 22:00:00,0.0,0.504,37.60659375301171
2019-09-20 23:00:00,0.0,0.549,45.1199941987379
2019-09-21 00:00:00,0.0,0.55,45.731446782688195
2019-09-21 01:00:00,0.0,0.532,52.335465467024264
2019-09-21 02:00:00,0.0,0.502,39.22528196841227
2019-09-21 03:00:00,0.0,0.495,38.39949240742189
2019-09-21 04:00:00,0.0,0.507,32.39572830954778
2019-09-21 05:00:00,0.0,0.544,30.985372176705734
2019-09-21 06:00:00,0.0,0.577,57.44662983943685
2019-09-21 07:00:00,0.027,0.554,41.95280192424921
2019-09-21 08:00:00,0.084,0.476,44.345234796991434
2019-09-21 09:00:00,0.248,0.415,49.727785363838755
2019-09-21 10:00:00,0.34,0.317,36.51046963579093
2019-09-21 11:00:00,0.393,0.217,56.00535519532296
2019-09-21 12:00:00,0.387,0.169,37.053443408651106
2019-09-21 13:00:00,0.346,0.147,52.79710658750408
2019-09-21 14:00:00,0.263,0.132,35.13354486513716
2019-09-21 15:00:00,0.191,0.138,22.588830635242164
2019-09-21 16:00:00,0.106,0.169,28.495075636989867
2019-09-21 17:00:00,0.016,0.191,19.35645659619003
2019-09-21 18:00:00,0.0,0.205,44.32224769664401
2019-09-21 19:00:00,0.0,0.207,23.131179253913064
2019-09-21 20:00:00,0.0,0.193,10.768549643239979
2019-09-21 21:00:00,0.0,0.138,32.44597269384736
2019-09-21 22:00:00,0.0,0.074,12.242472175717612
2019-09-21 23:00:00,0.0,0.033,27.895570239840882
2019-09-22 00:00:00,0.0,0.014,26.01283191910916
2019-09-22 01:00:00,0.0,0.009,43.00555461866125
2019-09-22 02:00:00,0.0,0.007,51.7241621392711
2019-09-22 03:00:00,0.0,0.004,38.358682264570014
2019-09-22 04:00:00,0.0,0.005,28.07988323622559
2019-09-22 05:00:00,0.0,0.009,43.4092944231516
2019-09-22 06:00:00,0.047,0.018,65.91917950344049
2019-09-22 07:00:00,0.218,0.031,38.095169282613305
2019-09-22 08:00:00,0.434,0.049,43.11092854610189
2019-09-22 09:00:00,0.591,0.073,47.258890219031
2019-09-22 10:00:00,0.684,0.094,34.24773381643827
2019-09-22 11:00:00,0.725,0.114,33.39093186020697
2019-09-22 12:00:00,0.714,0.125,60.41586105073966
2019-09-22 13:00:00,0.593,0.157,26.303993072045813
2019-09-22 14:00:00,0.402,0.183,32.5605724073214
2019-09-22 15:00:00,0.243,0.177,34.29994055175942
2019-09-22 16:00:00,0.108,0.144,46.70149856096144
2019-09-22 17:00:00,0.008,0.101,42.03968860987516
2019-09-22 18:00:00,0.0,0.077,7.752577180377642
2019-09-22 19:00:00,0.0,0.068,18.93925116641897
2019-09-22 20:00:00,0.0,0.088,20.308356803888262
2019-09-22 21:00:00,0.0,0.123,30.83596105341497
2019-09-22 22:00:00,0.0,0.163,33.38695377648274
2019-09-22 23:00:00,0.0,0.181,28.178022760012063
2019-09-23 00:00:00,0.0,0.164,36.08268593882452
2019-09-23 01:00:00,0.0,0.152,34.640501576465034
2019-09-23 02:00:00,0.0,0.209,45.575137353370515
2019-09-23 03:00:00,0.0,0.305,39.36622240761908
2019-09-23 04:00:00,0.0,0.291,51.22824909642366
2019-09-23 05:00:00,0.0,0.189,40.98951184137559
2019-09-23 06:00:00,0.032,0.106,35.817614984669056
2019-09-23 07:00:00,0.153,0.055,19.1739710377935
2019-09-23 08:00:00,0.338,0.028,30.84559801682627
2019-09-23 09:00:00,0.352,0.032,71.19753700334849
2019-09-23 10:00:00,0.476,0.047,54.310949996071095
2019-09-23 11:00:00,0.57,0.074,49.80651656535636
2019-09-23 12:00:00,0.372,0.106,43.351201426233175
2019-09-23 13:00:00,0.294,0.125,44.70986304483104
2019-09-23 14:00:00,0.501,0.126,38.527346519214404
2019-09-23 15:00:00,0.389,0.126,51.48066369197955
2019-09-23 16:00:00,0.194,0.133,33.19129490522553
2019-09-23 17:00:00,0.023,0.172,38.18291301655298
2019-09-23 18:00:00,0.0,0.235,10.49458037072354
2019-09-23 19:00:00,0.0,0.275,40.59362085176707
2019-09-23 20:00:00,0.0,0.281,36.3964320817246
2019-09-23 21:00:00,0.0,0.248,33.38666355076159
2019-09-23 22:00:00,0.0,0.202,26.213778663479594
2019-09-23 23:00:00,0.0,0.161,12.208407534437836
2019-09-24 00:00:00,0.0,0.13,50.23577627368165
2019-09-24 01:00:00,0.0,0.113,22.299947143458226
2019-09-24 02:00:00,0.0,0.102,50.938475037708656
2019-09-24 03:00:00,0.0,0.09,38.66976226974702
2019-09-24 04:00:00,0.0,0.073,19.425087301246307
2019-09-24 05:00:00,0.0,0.063,46.12257356902382
2019-09-24 06:00:00,0.056,0.066,43.98757201765365
2019-09-24 07:00:00,0.268,0.079,43.58157132923634
2019-09-24 08:00:00,0.468,0.138,69.97743315849758
2019-09-24 09:00:00,0.622,0.2,32.954875926413635
2019-09-24 10:00:00,0.715,0.227,42.93076107333007
2019-09-24 11:00:00,0.758,0.218,32.419790312932804
2019-09-24 12:00:00,0.753,0.213,20.230780758108967
2019-09-24 13:00:00,0.698,0.236,24.0269284447156
2019-09-24 14:00:00,0.592,0.261,39.19642271189664
2019-09-24 15:00:00,0.433,0.261,21.936984370697203
2019-09-24 16:00:00,0.227,0.233,40.35707464075767
2019-09-24 17:00:00,0.028,0.22,31.00732941913029
2019-09-24 18:00:00,0.0,0.231,62.692247525372565
2019-09-24 19:00:00,0.0,0.205,31.31351367927253
2019-09-24 20:00:00,0.0,0.151,38.78492273810268
2019-09-24 21:00:00,0.0,0.092,49.4640243534853
2019-09-24 22:00:00,0.0,0.041,48.35699042537854
2019-09-24 23:00:00,0.0,0.012,32.49381741784301
2019-09-25 00:00:00,0.0,0.029,40.53875541389462
2019-09-25 01:00:00,0.0,0.084,38.33653478286708
2019-09-25 02:00:00,0.0,0.134,13.384038905915865
2019-09-25 03:00:00,0.0,0.145,27.285348407843905
2019-09-25 04:00:00,0.0,0.12,50.879808706879224
2019-09-25 05:00:00,0.0,0.105,61.57482099248633
2019-09-25 06:00:00,0.041,0.089,42.59800400836646
2019-09-25 07:00:00,0.216,0.082,40.413718644680465
2019-09-25 08:00:00,0.454,0.067,50.56080145488288
2019-09-25 09:00:00,0.609,0.037,38.607229607712895
2019-09-25 10:00:00,0.709,0.025,58.09401708510093
2019-09-25 11:00:00,0.756,0.047,63.54435564069597
2019-09-25 12:00:00,0.736,0.087,48.371899853386424
2019-09-25 13:00:00,0.539,0.131,41.195485816150274
2019-09-25 14:00:00,0.403,0.148,23.23755223162348
2019-09-25 15:00:00,0.399,0.141,29.925972158410882
2019-09-25 16:00:00,0.187,0.125,20.090039727083973
2019-09-25 17:00:00,0.012,0.111,34.85790071393967
2019-09-25 18:00:00,0.0,0.108,24.781629115521557
2019-09-25 19:00:00,0.0,0.111,51.08968748655215
2019-09-25 20:00:00,0.0,0.121,25.82592934583227
2019-09-25 21:00:00,0.0,0.147,49.13080143883713
2019-09-25 22:00:00,0.0,0.181,47.631227369895086
2019-09-25 23:00:00,0.0,0.201,16.025616545340696
2019-09-26 00:00:00,0.0,0.196,20.484594218568514
2019-09-26 01:00:00,0.0,0.186,27.29151079486971
2019-09-26 02:00:00,0.0,0.183,25.82998966594419
2019-09-26 03:00:00,0.0,0.196,16.85614855718231
2019-09-26 04:00:00,0.0,0.219,48.71380772157262
2019-09-26 05:00:00,0.0,0.228,40.17711641237586
2019-09-26 06:00:00,0.054,0.208,55.8546058617252
2019-09-26 07:00:00,0.265,0.138,52.45994634993147
2019-09-26 08:00:00,0.466,0.085,46.51323682891855
2019-09-26 09:00:00,0.615,0.042,16.220320932149427
2019-09-26 10:00:00,0.711,0.036,39.342192713722895
2019-09-26 11:00:00,0.753,0.045,28.629744920775124
2019-09-26 12:00:00,0.747,0.072,28.171305412985298
2019-09-26 13:00:00,0.693,0.123,34.87211866829035
2019-09-26 14:00:00,0.588,0.189,19.447398737844637
2019-09-26 15:00:00,0.431,0.251,43.52996996992543
2019-09-26 16:00:00,0.227,0.295,36.23554138157225
2019-09-26 17:00:00,0.025,0.343,38.19970567310189
2019-09-26 18:00:00,0.0,0.346,33.107457420267956
2019-09-26 19:00:00,0.0,0.299,30.99040818088362
2019-09-26 20:00:00,0.0,0.245,22.269348523161717
2019-09-26 21:00:00,0.0,0.185,55.48707432604865
2019-09-26 22:00:00,0.0,0.126,53.19004469796208
2019-09-26 23:00:00,0.0,0.074,38.21551499156138
2019-09-27 00:00:00,0.0,0.048,42.5626157170007
2019-09-27 01:00:00,0.0,0.055,34.457704248596826
2019-09-27 02:00:00,0.0,0.062,38.44838161022478
2019-09-27 03:00:00,0.0,0.067,49.28701331737874
2019-09-27 04:00:00,0.0,0.07,26.903362508600594
2019-09-27 05:00:00,0.0,0.064,31.659052789199002
2019-09-27 06:00:00,0.037,0.053,34.70515926209693
2019-09-27 07:00:00,0.213,0.052,42.071842048313606
2019-09-27 08:00:00,0.437,0.069,46.93390445568555
2019-09-27 09:00:00,0.589,0.084,37.93509520574704
2019-09-27 10:00:00,0.69,0.103,22.57533990694965
2019-09-27 11:00:00,0.734,0.125,32.128228211229604
2019-09-27 12:00:00,0.73,0.153,28.05792437144999
2019-09-27 13:00:00,0.675,0.179,37.88794383535094
2019-09-27 14:00:00,0.567,0.202,26.985289781836364
2019-09-27 15:00:00,0.407,0.208,22.894122715327207
2019-09-27 16:00:00,0.205,0.221,46.86537610604596
2019-09-27 17:00:00,0.019,0.266,40.09789240647346
2019-09-27 18:00:00,0.0,0.285,37.60653324750963
2019-09-27 19:00:00,0.0,0.243,17.47686022499789
2019-09-27 20:00:00,0.0,0.187,28.86638012532746
2019-09-27 21:00:00,0.0,0.136,12.806727753095842
2019-09-27 22:00:00,0.0,0.076,37.320234419869564
2019-09-27 23:00:00,0.0,0.022,49.092027446474255
2019-09-28 00:00:00,0.0,0.002,25.2461551925345
2019-09-28 01:00:00,0.0,0.012,33.403078729457675
2019-09-28 02:00:00,0.0,0.038,49.84431250587714
2019-09-28 03:00:00,0.0,0.058,51.25428264536909
2019-09-28 04:00:00,0.0,0.065,39.82896586461596
2019-09-28 05:00:00,0.0,0.068,68.48027723779968
2019-09-28 06:00:00,0.032,0.071,33.49076577629087
2019-09-28 07:00:00,0.209,0.087,53.98161267279382
2019-09-28 08:00:00,0.379,0.126,25.477511941881463
2019-09-28 09:00:00,0.486,0.159,22.04948127114188
2019-09-28 10:00:00,0.623,0.182,44.53220156798454
2019-09-28 11:00:00,0.664,0.185,59.19737394120425
2019-09-28 12:00:00,0.695,0.178,36.14989034736671
2019-09-28 13:00:00,0.648,0.169,30.85732709899886
2019-09-28 14:00:00,0.553,0.157,21.473442153888808
2019-09-28 15:00:00,0.394,0.168,37.4867785192233
2019-09-28 16:00:00,0.177,0.19,26.277303483480956
2019-09-28 17:00:00,0.017,0.237,25.68632529996385
2019-09-28 18:00:00,0.0,0.249,14.832840445022253
2019-09-28 19:00:00,0.0,0.216,-16.02883059090742
2019-09-28 20:00:00,0.0,0.196,47.69831261241593
2019-09-28 21:00:00,0.0,0.178,36.13603477321139
2019-09-28 22:00:00,0.0,0.166,20.621882621534425
2019-09-28 23:00:00,0.0,0.159,29.41358375235336
2019-09-29 00:00:00,0.0,0.167,48.912128406040175
2019-09-29 01:00:00,0.0,0.179,41.88962696093315
2019-09-29 02:00:00,0.0,0.182,42.760655685863455
2019-09-29 03:00:00,0.0,0.176,52.97448880898029
2019-09-29 04:00:00,0.0,0.167,47.34855149097061
2019-09-29 05:00:00,0.0,0.157,38.18244411871003
2019-09-29 06:00:00,0.038,0.157,53.90471297950345
2019-09-29 07:00:00,0.224,0.153,47.82265523794507
2019-09-29 08:00:00,0.448,0.149,45.83032008323522
2019-09-29 09:00:00,0.611,0.16,35.87435458205875
2019-09-29 10:00:00,0.707,0.186,24.413484363712115
2019-09-29 11:00:00,0.751,0.196,62.44454916230386
2019-09-29 12:00:00,0.746,0.206,33.0140820216201
2019-09-29 13:00:00,0.693,0.226,43.819088006383076
2019-09-29 14:00:00,0.588,0.242,23.45387643788281
2019-09-29 15:00:00,0.428,0.249,19.207904530507996
2019-09-29 16:00:00,0.221,0.264,13.902017899225093
2019-09-29 17:00:00,0.019,0.312,31.623000203237545
2019-09-29 18:00:00,0.0,0.33,37.310894370764245
2019-09-29 19:00:00,0.0,0.31,16.854912368505353
2019-09-29 20:00:00,0.0,0.257,49.91218936438038
2019-09-29 21:00:00,0.0,0.176,31.64015544408005
2019-09-29 22:00:00,0.0,0.111,30.15038656575958
2019-09-29 23:00:00,0.0,0.074,37.627601487558465
2019-09-30 00:00:00,0.0,0.05,34.80144637337015
2019-09-30 01:00:00,0.0,0.033,34.68276648760427
2019-09-30 02:00:00,0.0,0.026,63.134111484583094
2019-09-30 03:00:00,0.0,0.036,59.920680198971006
2019-09-30 04:00:00,0.0,0.054,74.85157459280497
2019-09-30 05:00:00,0.0,0.066,43.47082794825363
2019-09-30 06:00:00,0.028,0.078,59.88138138908657
2019-09-30 07:00:00,0.17,0.089,57.821829951042275
2019-09-30 08:00:00,0.343,0.109,36.46671995601811
2019-09-30 09:00:00,0.519,0.125,41.58836217171804
2019-09-30 10:00:00,0.605,0.122,33.57919773300138
2019-09-30 11:00:00,0.695,0.114,22.664600972622353
2019-09-30 12:00:00,0.691,0.103,4.816719984412117
2019-09-30 13:00:00,0.633,0.121,19.122445427417226
2019-09-30 14:00:00,0.544,0.154,24.771101846239347
2019-09-30 15:00:00,0.381,0.167,36.92532934848657
2019-09-30 16:00:00,0.179,0.184,12.371758293524387
2019-09-30 17:00:00,0.011,0.217,20.252749482269632
2019-09-30 18:00:00,0.0,0.209,44.506982678410864
2019-09-30 19:00:00,0.0,0.17,54.33149712414908
2019-09-30 20:00:00,0.0,0.138,49.9156856248233
2019-09-30 21:00:00,0.0,0.113,19.042218468524577
2019-09-30 22:00:00,0.0,0.089,20.283955919474124
2019-09-30 23:00:00,0.0,0.062,47.37075539407309
2019-10-01 00:00:00,0.0,0.041,54.05693853582436
2019-10-01 01:00:00,0.0,0.029,37.420937481261305
2019-10-01 02:00:00,0.0,0.026,49.22721923270415
2019-10-01 03:00:00,0.0,0.026,60.61158206181888
2019-10-01 04:00:00,0.0,0.026,28.936537780326063
2019-10-01 05:00:00,0.0,0.03,31.38260410137816
2019-10-01 06:00:00,0.029,0.041,44.958272652629205
2019-10-01 07:00:00,0.196,0.046,40.09424425628938
2019-10-01 08:00:00,0.397,0.054,22.25330308701694
2019-10-01 09:00:00,0.582,0.06,55.61936261061026
2019-10-01 10:00:00,0.679,0.074,35.511821992228505
2019-10-01 11:00:00,0.719,0.094,30.526476219925264
2019-10-01 12:00:00,0.712,0.109,43.569855581789305
2019-10-01 13:00:00,0.656,0.124,40.45892145120975
2019-10-01 14:00:00,0.551,0.152,56.87090857219944
2019-10-01 15:00:00,0.394,0.173,42.91529930797637
2019-10-01 16:00:00,0.167,0.179,18.627489684500258
2019-10-01 17:00:00,0.008,0.189,23.929725262213605
2019-10-01 18:00:00,0.0,0.191,45.74803810096752
2019-10-01 19:00:00,0.0,0.203,28.70232722021517
2019-10-01 20:00:00,0.0,0.235,39.01706069442632
2019-10-01 21:00:00,0.0,0.259,43.901686197605244
2019-10-01 22:00:00,0.0,0.256,15.550848877986446
2019-10-01 23:00:00,0.0,0.207,15.190420722952041
2019-10-02 00:00:00,0.0,0.128,40.13919391283771
2019-10-02 01:00:00,0.0,0.07,61.25763307694425
2019-10-02 02:00:00,0.0,0.059,55.313177852441406
2019-10-02 03:00:00,0.0,0.151,30.793043305438086
2019-10-02 04:00:00,0.0,0.328,43.22230344112424
2019-10-02 05:00:00,0.0,0.501,45.33296891769653
2019-10-02 06:00:00,0.047,0.627,33.08996428314863
2019-10-02 07:00:00,0.273,0.744,42.07685658761332
2019-10-02 08:00:00,0.484,0.84,46.57620334841325
2019-10-02 09:00:00,0.634,0.847,56.67993837838216
2019-10-02 10:00:00,0.725,0.826,34.108151497208155
2019-10-02 11:00:00,0.763,0.781,22.355129930932616
2019-10-02 12:00:00,0.752,0.715,43.65700995624036
2019-10-02 13:00:00,0.694,0.646,11.196766866697104
2019-10-02 14:00:00,0.59,0.563,26.91618914814101
2019-10-02 15:00:00,0.429,0.494,28.68390857083255
2019-10-02 16:00:00,0.225,0.427,23.94390378472213
2019-10-02 17:00:00,0.016,0.357,38.17316084175668
2019-10-02 18:00:00,0.0,0.348,47.431436090798165
2019-10-02 19:00:00,0.0,0.353,18.331772938820862
2019-10-02 20:00:00,0.0,0.349,17.637818846683174
2019-10-02 21:00:00,0.0,0.355,37.056593065744146
2019-10-02 22:00:00,0.0,0.309,41.99443854810312
2019-10-02 23:00:00,0.0,0.222,46.06635967127719
2019-10-03 00:00:00,0.0,0.164,41.05812962665881
2019-10-03 01:00:00,0.0,0.18,29.8520627903244
2019-10-03 02:00:00,0.0,0.217,37.02571912633099
2019-10-03 03:00:00,0.0,0.245,49.257249887043926
2019-10-03 04:00:00,0.0,0.307,16.487093327807763
2019-10-03 05:00:00,0.0,0.374,46.00506988716622
2019-10-03 06:00:00,0.013,0.424,69.50598432697348
2019-10-03 07:00:00,0.152,0.431,29.81254430986749
2019-10-03 08:00:00,0.425,0.413,52.701700680937144
2019-10-03 09:00:00,0.63,0.388,43.396361994860094
2019-10-03 10:00:00,0.717,0.299,40.84290329620683
2019-10-03 11:00:00,0.773,0.217,41.34844826275082
2019-10-03 12:00:00,0.767,0.16,49.64570964229121
2019-10-03 13:00:00,0.709,0.128,35.69232706293927
2019-10-03 14:00:00,0.578,0.115,38.10590868895402
2019-10-03 15:00:00,0.388,0.115,31.26954393860827
2019-10-03 16:00:00,0.21,0.131,34.57505142883316
2019-10-03 17:00:00,0.014,0.165,32.8243842055506
2019-10-03 18:00:00,0.0,0.2,23.67398627197016
2019-10-03 19:00:00,0.0,0.237,20.374566433749294
2019-10-03 20:00:00,0.0,0.24,48.390822642547406
2019-10-03 21:00:00,0.0,0.199,47.55237233446007
2019-10-03 22:00:00,0.0,0.145,42.4005160495609
2019-10-03 23:00:00,0.0,0.092,30.512922409082424
2019-10-04 00:00:00,0.0,0.025,48.03119994729786
2019-10-04 01:00:00,0.0,0.015,34.37740848477468
2019-10-04 02:00:00,0.0,0.023,36.87627466379907
2019-10-04 03:00:00,0.0,0.064,35.96256098675636
2019-10-04 04:00:00,0.0,0.083,59.751330217349434
2019-10-04 05:00:00,0.0,0.101,41.169256770392586
2019-10-04 06:00:00,0.037,0.12,53.19654337579235
2019-10-04 07:00:00,0.245,0.111,54.3543743405628
2019-10-04 08:00:00,0.461,0.093,41.84397754993418
2019-10-04 09:00:00,0.614,0.065,49.34500803830518
2019-10-04 10:00:00,0.71,0.029,31.415438309749533
2019-10-04 11:00:00,0.753,0.003,32.99010504213334
2019-10-04 12:00:00,0.745,0.003,46.952779146164474
2019-10-04 13:00:00,0.687,0.004,36.38160294560447
2019-10-04 14:00:00,0.579,0.005,33.67254567112058
2019-10-04 15:00:00,0.416,0.017,49.020487175327744
2019-10-04 16:00:00,0.207,0.135,29.55588953481808
2019-10-04 17:00:00,0.01,0.265,46.56828466678371
2019-10-04 18:00:00,0.0,0.336,25.19504811518404
2019-10-04 19:00:00,0.0,0.331,18.938945516448563
2019-10-04 20:00:00,0.0,0.301,22.099031197119643
2019-10-04 21:00:00,0.0,0.233,47.639370798667514
2019-10-04 22:00:00,0.0,0.133,27.477615108534128
2019-10-04 23:00:00,0.0,0.054,55.54069652513704
2019-10-05 00:00:00,0.0,0.021,36.77898592951497
2019-10-05 01:00:00,0.0,0.027,34.6986023790762
2019-10-05 02:00:00,0.0,0.043,40.965853472410885
2019-10-05 03:00:00,0.0,0.047,53.46385286382085
2019-10-05 04:00:00,0.0,0.061,36.49962156028524
2019-10-05 05:00:00,0.0,0.087,48.32884186612765
2019-10-05 06:00:00,0.031,0.098,48.56612618696298
2019-10-05 07:00:00,0.226,0.078,57.196414915284535
2019-10-05 08:00:00,0.439,0.039,42.85956136724911
2019-10-05 09:00:00,0.602,0.015,45.43271282210214
2019-10-05 10:00:00,0.706,0.008,42.81964392114762
2019-10-05 11:00:00,0.75,0.008,61.363007734712426
2019-10-05 12:00:00,0.746,0.007,58.09910920722607
2019-10-05 13:00:00,0.692,0.023,46.09013997678987
2019-10-05 14:00:00,0.587,0.054,38.76193870842601
2019-10-05 15:00:00,0.426,0.082,38.94442008033844
2019-10-05 16:00:00,0.213,0.179,41.9315618149886
2019-10-05 17:00:00,0.009,0.281,13.045550577810236
2019-10-05 18:00:00,0.0,0.282,32.446686380648956
2019-10-05 19:00:00,0.0,0.201,36.12374477987304
2019-10-05 20:00:00,0.0,0.132,39.835903255380494
2019-10-05 21:00:00,0.0,0.089,50.21589490143578
2019-10-05 22:00:00,0.0,0.059,18.611885762002654
2019-10-05 23:00:00,0.0,0.039,43.15921373583791
2019-10-06 00:00:00,0.0,0.028,62.45925367083131
2019-10-06 01:00:00,0.0,0.026,35.25943205683033
2019-10-06 02:00:00,0.0,0.028,20.65905851737509
2019-10-06 03:00:00,0.0,0.025,53.93185915785277
2019-10-06 04:00:00,0.0,0.021,54.509290671882255
2019-10-06 05:00:00,0.0,0.032,46.9752802555357
2019-10-06 06:00:00,0.026,0.062,50.87184518881205
2019-10-06 07:00:00,0.23,0.068,50.474574936913776
2019-10-06 08:00:00,0.449,0.067,29.90353930250834
2019-10-06 09:00:00,0.592,0.087,38.02006653496474
2019-10-06 10:00:00,0.592,0.149,36.8096518792989
2019-10-06 11:00:00,0.525,0.152,29.926765639199942
2019-10-06 12:00:00,0.653,0.164,33.07408566523356
2019-10-06 13:00:00,0.672,0.158,32.293646529219714
2019-10-06 14:00:00,0.571,0.214,23.841968349855023
2019-10-06 15:00:00,0.408,0.346,31.61808957961961
2019-10-06 16:00:00,0.205,0.495,36.212129704345806
2019-10-06 17:00:00,0.007,0.633,30.8884443205865
2019-10-06 18:00:00,0.0,0.718,20.538964049977483
2019-10-06 19:00:00,0.0,0.793,29.41334824951456
2019-10-06 20:00:00,0.0,0.82,13.866534057199189
2019-10-06 21:00:00,0.0,0.826,48.54203086403979
2019-10-06 22:00:00,0.0,0.826,28.78527544014992
2019-10-06 23:00:00,0.0,0.819,48.07717132442839
2019-10-07 00:00:00,0.0,0.777,29.292330873560047
2019-10-07 01:00:00,0.0,0.702,54.5930301306764
2019-10-07 02:00:00,0.0,0.618,52.91829900426714
2019-10-07 03:00:00,0.0,0.61,63.35503406342563
2019-10-07 04:00:00,0.0,0.59,77.8421403392987
2019-10-07 05:00:00,0.0,0.523,45.637621746936304
2019-10-07 06:00:00,0.007,0.491,42.58505888043764
2019-10-07 07:00:00,0.222,0.519,48.00856073174724
2019-10-07 08:00:00,0.456,0.488,54.70621950489145
2019-10-07 09:00:00,0.599,0.422,60.19105778695884
2019-10-07 10:00:00,0.66,0.355,21.026756438478994
2019-10-07 11:00:00,0.499,0.307,42.94689217581596
2019-10-07 12:00:00,0.504,0.253,34.44286880540943
2019-10-07 13:00:00,0.506,0.178,20.23703537171909
2019-10-07 14:00:00,0.463,0.115,51.154798258027625
2019-10-07 15:00:00,0.347,0.064,32.73094504892336
2019-10-07 16:00:00,0.163,0.019,43.94763921348859
2019-10-07 17:00:00,0.005,0.042,33.605816833251296
2019-10-07 18:00:00,0.0,0.128,46.31661779871173
2019-10-07 19:00:00,0.0,0.259,13.341135697981464
2019-10-07 20:00:00,0.0,0.368,32.74293167117176
2019-10-07 21:00:00,0.0,0.459,51.687346183278194
2019-10-07 22:00:00,0.0,0.538,34.47560702414303
2019-10-07 23:00:00,0.0,0.598,37.087991166798986
2019-10-08 00:00:00,0.0,0.602,41.6684953147208
2019-10-08 01:00:00,0.0,0.552,31.505271773739953
2019-10-08 02:00:00,0.0,0.503,32.87749647528899
2019-10-08 03:00:00,0.0,0.442,30.684698510116146
2019-10-08 04:00:00,0.0,0.398,34.09563019181414
2019-10-08 05:00:00,0.0,0.384,43.79258244907147
2019-10-08 06:00:00,0.026,0.379,57.98377300041254
2019-10-08 07:00:00,0.23,0.364,49.302732706504955
2019-10-08 08:00:00,0.441,0.413,54.91461193976018
2019-10-08 09:00:00,0.595,0.413,36.98371846744468
2019-10-08 10:00:00,0.694,0.385,45.5023029700653
2019-10-08 11:00:00,0.739,0.364,22.496607204642523
2019-10-08 12:00:00,0.733,0.337,34.26870229684413
2019-10-08 13:00:00,0.677,0.305,23.366788190471606
2019-10-08 14:00:00,0.569,0.28,41.44358410517519
2019-10-08 15:00:00,0.405,0.274,56.67866587022638
2019-10-08 16:00:00,0.194,0.31,40.22040201770379
2019-10-08 17:00:00,0.003,0.402,36.99125776190165
2019-10-08 18:00:00,0.0,0.447,18.519179187986133
2019-10-08 19:00:00,0.0,0.436,26.268452018548853
2019-10-08 20:00:00,0.0,0.413,28.662519366875205
2019-10-08 21:00:00,0.0,0.369,53.60630937860851
2019-10-08 22:00:00,0.0,0.316,58.90393877812173
2019-10-08 23:00:00,0.0,0.279,30.116744408993668
2019-10-09 00:00:00,0.0,0.278,34.9707876905836
2019-10-09 01:00:00,0.0,0.297,54.61892587813905
2019-10-09 02:00:00,0.0,0.317,36.05531832133374
2019-10-09 03:00:00,0.0,0.309,41.53650284254898
2019-10-09 04:00:00,0.0,0.272,28.980867552327442
2019-10-09 05:00:00,0.0,0.246,45.83000985275644
2019-10-09 06:00:00,0.01,0.225,56.94455075051789
2019-10-09 07:00:00,0.149,0.191,34.74295718714762
2019-10-09 08:00:00,0.329,0.197,55.74943329600008
2019-10-09 09:00:00,0.515,0.191,40.19857541497274
2019-10-09 10:00:00,0.64,0.179,24.8232137332574
2019-10-09 11:00:00,0.721,0.181,38.9242152663492
2019-10-09 12:00:00,0.714,0.175,35.516615349021414
2019-10-09 13:00:00,0.654,0.16,30.78856282707398
2019-10-09 14:00:00,0.536,0.168,31.219679654915215
2019-10-09 15:00:00,0.372,0.176,12.75521151724891
2019-10-09 16:00:00,0.151,0.174,41.82292988607927
2019-10-09 17:00:00,0.001,0.187,19.607010835653053
2019-10-09 18:00:00,0.0,0.164,24.023876495024055
2019-10-09 19:00:00,0.0,0.104,12.770892943705284
2019-10-09 20:00:00,0.0,0.097,38.07207916993027
2019-10-09 21:00:00,0.0,0.152,35.82106532495536
2019-10-09 22:00:00,0.0,0.194,32.016943717595026
2019-10-09 23:00:00,0.0,0.201,32.279893494281986
2019-10-10 00:00:00,0.0,0.176,38.25805858914284
2019-10-10 01:00:00,0.0,0.144,52.380659329852804
2019-10-10 02:00:00,0.0,0.105,49.59881926841581
2019-10-10 03:00:00,0.0,0.057,38.170415188907356
2019-10-10 04:00:00,0.0,0.031,39.252525435453336
2019-10-10 05:00:00,0.0,0.011,44.64780966905163
2019-10-10 06:00:00,0.009,0.039,47.500983739251105
2019-10-10 07:00:00,0.173,0.036,54.24558076019139
2019-10-10 08:00:00,0.411,0.052,31.500868744088727
2019-10-10 09:00:00,0.589,0.07,22.94099877696646
2019-10-10 10:00:00,0.698,0.053,30.291421712384505
2019-10-10 11:00:00,0.745,0.031,44.45500758000705
2019-10-10 12:00:00,0.737,0.021,39.08887961793992
2019-10-10 13:00:00,0.681,0.005,46.49396583913031
2019-10-10 14:00:00,0.571,0.004,26.04469530769888
2019-10-10 15:00:00,0.407,0.013,40.18829349374373
2019-10-10 16:00:00,0.192,0.093,23.472037738839045
2019-10-10 17:00:00,0.001,0.197,29.018980877773163
2019-10-10 18:00:00,0.0,0.278,45.7880701134938
2019-10-10 19:00:00,0.0,0.279,32.1494612072695
2019-10-10 20:00:00,0.0,0.235,35.74019286250441
2019-10-10 21:00:00,0.0,0.175,60.428941484370405
2019-10-10 22:00:00,0.0,0.115,21.654852096715373
2019-10-10 23:00:00,0.0,0.076,29.927685379065885
2019-10-11 00:00:00,0.0,0.057,18.758025947039627
2019-10-11 01:00:00,0.0,0.053,40.52841808116929
2019-10-11 02:00:00,0.0,0.057,32.60689164911703
2019-10-11 03:00:00,0.0,0.058,74.96336603785564
2019-10-11 04:00:00,0.0,0.061,55.25732806005357
2019-10-11 05:00:00,0.0,0.073,59.28931056199752
2019-10-11 06:00:00,0.005,0.1,65.52076211507917
2019-10-11 07:00:00,0.129,0.125,52.79761112964603
2019-10-11 08:00:00,0.255,0.231,40.8728518280078
2019-10-11 09:00:00,0.342,0.319,28.937792649454174
2019-10-11 10:00:00,0.506,0.354,59.48894612619375
2019-10-11 11:00:00,0.566,0.379,37.240270012463284
2019-10-11 12:00:00,0.536,0.402,36.42727529791651
2019-10-11 13:00:00,0.493,0.405,25.559525997368535
2019-10-11 14:00:00,0.386,0.398,43.07675864313588
2019-10-11 15:00:00,0.289,0.403,52.893276866743804
2019-10-11 16:00:00,0.152,0.412,40.22395349984524
2019-10-11 17:00:00,0.0,0.416,37.930738118514405
2019-10-11 18:00:00,0.0,0.398,2.717798650402706
2019-10-11 19:00:00,0.0,0.358,10.19076030457645
2019-10-11 20:00:00,0.0,0.306,42.15005780456721
2019-10-11 21:00:00,0.0,0.284,44.83285446098403
2019-10-11 22:00:00,0.0,0.239,39.29967258650605
2019-10-11 23:00:00,0.0,0.214,39.369764818345395
2019-10-12 00:00:00,0.0,0.231,35.41911541797489
2019-10-12 01:00:00,0.0,0.264,42.7728419710392
2019-10-12 02:00:00,0.0,0.284,50.78852121541098
2019-10-12 03:00:00,0.0,0.283,47.466417248178175
2019-10-12 04:00:00,0.0,0.291,55.242153190867484
2019-10-12 05:00:00,0.0,0.305,45.45960604010439
2019-10-12 06:00:00,0.0,0.305,38.06052990586727
2019-10-12 07:00:00,0.047,0.27,44.86701014796794
2019-10-12 08:00:00,0.154,0.264,37.8056936537812
2019-10-12 09:00:00,0.27,0.233,58.07463636119145
2019-10-12 10:00:00,0.392,0.204,46.693517109202205
2019-10-12 11:00:00,0.578,0.182,42.320435662239476
2019-10-12 12:00:00,0.673,0.181,46.389176454052645
2019-10-12 13:00:00,0.59,0.209,31.373212389185788
2019-10-12 14:00:00,0.37,0.249,20.11347342397471
2019-10-12 15:00:00,0.148,0.284,56.56194731912893
2019-10-12 16:00:00,0.048,0.305,22.334961049418705
2019-10-12 17:00:00,0.0,0.274,40.48184430778376
2019-10-12 18:00:00,0.0,0.217,19.47543155021352
2019-10-12 19:00:00,0.0,0.204,28.84970326288133
2019-10-12 20:00:00,0.0,0.241,28.33462572489438
2019-10-12 21:00:00,0.0,0.312,34.75838410053671
2019-10-12 22:00:00,0.0,0.383,32.29886571699086
2019-10-12 23:00:00,0.0,0.394,38.23871589506524
2019-10-13 00:00:00,0.0,0.41,29.258680326959205
2019-10-13 01:00:00,0.0,0.399,33.59484458225454
2019-10-13 02:00:00,0.0,0.364,37.56944772935184
2019-10-13 03:00:00,0.0,0.347,33.177041850350165
2019-10-13 04:00:00,0.0,0.33,55.70696746595968
2019-10-13 05:00:00,0.0,0.305,50.13471772588802
2019-10-13 06:00:00,0.001,0.278,32.73534992124471
2019-10-13 07:00:00,0.109,0.223,47.13360284317817
2019-10-13 08:00:00,0.329,0.193,60.10230040421532
2019-10-13 09:00:00,0.449,0.186,40.18054505730236
2019-10-13 10:00:00,0.548,0.211,40.63325090816383
2019-10-13 11:00:00,0.59,0.243,31.803285770686983
2019-10-13 12:00:00,0.6,0.263,44.61004954075923
2019-10-13 13:00:00,0.552,0.279,30.580865104447817
2019-10-13 14:00:00,0.463,0.3,47.84575527309234
2019-10-13 15:00:00,0.304,0.311,20.587802062409672
2019-10-13 16:00:00,0.137,0.325,42.524679931545435
2019-10-13 17:00:00,0.0,0.343,12.654985487919603
2019-10-13 18:00:00,0.0,0.4,22.707347834564906
2019-10-13 19:00:00,0.0,0.451,27.120912923090337
2019-10-13 20:00:00,0.0,0.472,40.22723110532715
2019-10-13 21:00:00,0.0,0.457,30.862683191973066
2019-10-13 22:00:00,0.0,0.401,48.034162592164606
2019-10-13 23:00:00,0.0,0.369,27.63386453239513
2019-10-14 00:00:00,0.0,0.395,39.85416068857824
2019-10-14 01:00:00,0.0,0.457,19.393434384859894
2019-10-14 02:00:00,0.0,0.513,48.45057113876239
2019-10-14 03:00:00,0.0,0.538,44.43621834445928
2019-10-14 04:00:00,0.0,0.538,31.775935998284822
2019-10-14 05:00:00,0.0,0.538,59.126002635839214
2019-10-14 06:00:00,0.001,0.523,52.34031011324497
2019-10-14 07:00:00,0.093,0.462,15.909083096053799
2019-10-14 08:00:00,0.247,0.413,23.264825680513535
2019-10-14 09:00:00,0.274,0.358,39.67789351045263
2019-10-14 10:00:00,0.293,0.249,23.152529888919574
2019-10-14 11:00:00,0.223,0.146,51.54791192453405
2019-10-14 12:00:00,0.177,0.1,54.42709720682949
2019-10-14 13:00:00,0.153,0.094,53.65121716437942
2019-10-14 14:00:00,0.141,0.112,28.76772878391312
2019-10-14 15:00:00,0.191,0.136,39.19964707649039
2019-10-14 16:00:00,0.061,0.153,32.390353083300646
2019-10-14 17:00:00,0.0,0.196,23.453138039480493
2019-10-14 18:00:00,0.0,0.207,47.69739794673599
2019-10-14 19:00:00,0.0,0.171,23.569338514396506
2019-10-14 20:00:00,0.0,0.159,32.04827254886458
2019-10-14 21:00:00,0.0,0.302,51.063708287472764
2019-10-14 22:00:00,0.0,0.59,50.37380753642902
2019-10-14 23:00:00,0.0,0.853,52.67576171679558
2019-10-15 00:00:00,0.0,0.944,40.617362901909665
2019-10-15 01:00:00,0.0,0.93,63.501348689621665
2019-10-15 02:00:00,0.0,0.93,52.98994630164189
2019-10-15 03:00:00,0.0,0.93,29.99100025714161
2019-10-15 04:00:00,0.0,0.932,40.063250909039446
2019-10-15 05:00:00,0.0,0.938,52.441755817835755
2019-10-15 06:00:00,0.013,0.944,30.73108645407188
2019-10-15 07:00:00,0.231,0.953,52.49819415314278
2019-10-15 08:00:00,0.465,0.967,44.48658320397745
2019-10-15 09:00:00,0.634,0.965,43.26713431255485
2019-10-15 10:00:00,0.737,0.949,37.49979851709127
2019-10-15 11:00:00,0.783,0.914,49.70053480130742
2019-10-15 12:00:00,0.777,0.862,41.913215421601315
2019-10-15 13:00:00,0.719,0.788,39.10426311203727
2019-10-15 14:00:00,0.606,0.715,38.33248003213505
2019-10-15 15:00:00,0.435,0.662,31.528097716334038
2019-10-15 16:00:00,0.211,0.586,39.896331938013915
2019-10-15 17:00:00,0.0,0.498,25.890865775667088
2019-10-15 18:00:00,0.0,0.42,24.71815682474456
2019-10-15 19:00:00,0.0,0.363,34.3392865079695
2019-10-15 20:00:00,0.0,0.308,8.918317874064165
2019-10-15 21:00:00,0.0,0.26,42.24512532285023
2019-10-15 22:00:00,0.0,0.217,24.094399945658978
2019-10-15 23:00:00,0.0,0.178,33.67498566739712
2019-10-16 00:00:00,0.0,0.153,51.85754291902771
2019-10-16 01:00:00,0.0,0.142,32.03351836945927
2019-10-16 02:00:00,0.0,0.14,39.9997009776581
2019-10-16 03:00:00,0.0,0.134,60.79837389808331
2019-10-16 04:00:00,0.0,0.114,48.74114037833014
2019-10-16 05:00:00,0.0,0.084,58.866510030596274
2019-10-16 06:00:00,0.009,0.066,60.37268232874939
2019-10-16 07:00:00,0.204,0.053,27.243807385170584
2019-10-16 08:00:00,0.423,0.045,47.295615551731586
2019-10-16 09:00:00,0.595,0.093,49.78456578296842
2019-10-16 10:00:00,0.689,0.112,44.15147271735831
2019-10-16 11:00:00,0.74,0.1,39.54069264975428
2019-10-16 12:00:00,0.73,0.087,41.61762381001124
2019-10-16 13:00:00,0.676,0.077,38.751592637455545
2019-10-16 14:00:00,0.566,0.072,29.13379456434931
2019-10-16 15:00:00,0.402,0.091,37.288779876939735
2019-10-16 16:00:00,0.186,0.133,31.75738356475478
2019-10-16 17:00:00,0.0,0.195,43.10978910561833
2019-10-16 18:00:00,0.0,0.231,21.736602592274085
2019-10-16 19:00:00,0.0,0.225,18.954526383320797
2019-10-16 20:00:00,0.0,0.207,25.830878084881906
2019-10-16 21:00:00,0.0,0.2,15.374999726600251
2019-10-16 22:00:00,0.0,0.186,48.01229647879863
2019-10-16 23:00:00,0.0,0.145,21.275959819028216
2019-10-17 00:00:00,0.0,0.094,38.617643201262204
2019-10-17 01:00:00,0.0,0.055,43.07315341815815
2019-10-17 02:00:00,0.0,0.031,57.52392452211037
2019-10-17 03:00:00,0.0,0.017,50.85320817142326
2019-10-17 04:00:00,0.0,0.015,51.03559468672631
2019-10-17 05:00:00,0.0,0.029,36.07837834929114
2019-10-17 06:00:00,0.005,0.047,50.583978184819536
2019-10-17 07:00:00,0.192,0.061,24.714804361400056
2019-10-17 08:00:00,0.415,0.035,41.4571772342215
2019-10-17 09:00:00,0.582,0.061,39.70536076798783
2019-10-17 10:00:00,0.688,0.053,49.93965527404341
2019-10-17 11:00:00,0.736,0.043,20.03197504369935
2019-10-17 12:00:00,0.727,0.05,10.92902521009195
2019-10-17 13:00:00,0.645,0.046,28.434778549032032
2019-10-17 14:00:00,0.411,0.044,43.84690491251974
2019-10-17 15:00:00,0.102,0.051,35.61228375171871
2019-10-17 16:00:00,0.023,0.058,55.506397509134445
2019-10-17 17:00:00,0.0,0.08,19.111849157947667
2019-10-17 18:00:00,0.0,0.079,23.814949694744268
2019-10-17 19:00:00,0.0,0.064,26.22103455399541
2019-10-17 20:00:00,0.0,0.065,24.291796295382245
2019-10-17 21:00:00,0.0,0.089,39.60203373180588
2019-10-17 22:00:00,0.0,0.115,28.902184523237842
2019-10-17 23:00:00,0.0,0.133,27.786567270039075
2019-10-18 00:00:00,0.0,0.122,27.763476147824225
2019-10-18 01:00:00,0.0,0.123,21.228644183499647
2019-10-18 02:00:00,0.0,0.174,48.18212577272889
2019-10-18 03:00:00,0.0,0.169,35.31460120993542
2019-10-18 04:00:00,0.0,0.154,65.92227554975746
2019-10-18 05:00:00,0.0,0.146,27.66700259201015
2019-10-18 06:00:00,0.0,0.155,29.989467800132065
2019-10-18 07:00:00,0.15,0.133,48.07156401260633
2019-10-18 08:00:00,0.229,0.101,57.63196503163273
2019-10-18 09:00:00,0.228,0.092,66.2836857944104
2019-10-18 10:00:00,0.267,0.073,27.56979654439172
2019-10-18 11:00:00,0.477,0.077,22.734438124080324
2019-10-18 12:00:00,0.593,0.124,47.0484534711231
2019-10-18 13:00:00,0.548,0.132,28.929626752817448
2019-10-18 14:00:00,0.387,0.115,47.773361664736186
2019-10-18 15:00:00,0.126,0.072,17.77149710327436
2019-10-18 16:00:00,0.026,0.033,40.71435276030161
2019-10-18 17:00:00,0.0,0.072,41.67323064293775
2019-10-18 18:00:00,0.0,0.131,48.900967807544546
2019-10-18 19:00:00,0.0,0.119,18.717789041573425
2019-10-18 20:00:00,0.0,0.09,18.915750426043
2019-10-18 21:00:00,0.0,0.084,35.093306660467796
2019-10-18 22:00:00,0.0,0.098,46.03898906195501
2019-10-18 23:00:00,0.0,0.122,30.468311574134752
2019-10-19 00:00:00,0.0,0.151,59.12950624044484
2019-10-19 01:00:00,0.0,0.162,31.58342509083694
2019-10-19 02:00:00,0.0,0.175,32.07445991298796
2019-10-19 03:00:00,0.0,0.176,34.86503835112778
2019-10-19 04:00:00,0.0,0.14,42.51802685940092
2019-10-19 05:00:00,0.0,0.108,53.99702362122664
2019-10-19 06:00:00,0.0,0.088,71.21987212837132
2019-10-19 07:00:00,0.157,0.067,47.0807015080031
2019-10-19 08:00:00,0.393,0.057,45.52232235588132
2019-10-19 09:00:00,0.566,0.073,40.63872046157947
2019-10-19 10:00:00,0.672,0.129,44.79101770009749
2019-10-19 11:00:00,0.72,0.244,47.00873076522879
2019-10-19 12:00:00,0.707,0.402,17.115028197089003
2019-10-19 13:00:00,0.651,0.541,13.931396329397053
2019-10-19 14:00:00,0.548,0.633,29.178287165091653
2019-10-19 15:00:00,0.382,0.677,48.14878636291443
2019-10-19 16:00:00,0.165,0.672,24.780640780232112
2019-10-19 17:00:00,0.0,0.661,24.65379661507098
2019-10-19 18:00:00,0.0,0.626,23.97832470892952
2019-10-19 19:00:00,0.0,0.586,15.643881098618769
2019-10-19 20:00:00,0.0,0.543,44.775589164457436
2019-10-19 21:00:00,0.0,0.517,39.2926330396216
2019-10-19 22:00:00,0.0,0.498,39.16213108830813
2019-10-19 23:00:00,0.0,0.51,28.95157152881734
2019-10-20 00:00:00,0.0,0.571,35.62891122828097
2019-10-20 01:00:00,0.0,0.605,43.7740065495165
2019-10-20 02:00:00,0.0,0.613,38.586285068028246
2019-10-20 03:00:00,0.0,0.609,37.95441391992743
2019-10-20 04:00:00,0.0,0.578,57.47688280380916
2019-10-20 05:00:00,0.0,0.544,29.709789528491477
2019-10-20 06:00:00,0.0,0.532,40.07494626343264
2019-10-20 07:00:00,0.126,0.491,58.04351480572785
2019-10-20 08:00:00,0.306,0.501,50.12759130662566
2019-10-20 09:00:00,0.433,0.488,47.871237637388035
2019-10-20 10:00:00,0.537,0.383,33.6944556490673
2019-10-20 11:00:00,0.614,0.261,50.15276475265025
2019-10-20 12:00:00,0.526,0.178,47.51382039761667
2019-10-20 13:00:00,0.249,0.225,24.102806665427604
2019-10-20 14:00:00,0.158,0.241,18.260952012997564
2019-10-20 15:00:00,0.14,0.15,51.28134277452838
2019-10-20 16:00:00,0.113,0.149,14.224211881774107
2019-10-20 17:00:00,0.0,0.22,29.899190177493896
2019-10-20 18:00:00,0.0,0.308,14.49034516997882
2019-10-20 19:00:00,0.0,0.332,20.93295133734913
2019-10-20 20:00:00,0.0,0.251,13.379154900719769
2019-10-20 21:00:00,0.0,0.16,35.47138848975787
2019-10-20 22:00:00,0.0,0.141,43.88426147755937
2019-10-20 23:00:00,0.0,0.193,41.24885705395337
2019-10-21 00:00:00,0.0,0.264,24.53615092119011
2019-10-21 01:00:00,0.0,0.321,35.55666959492902
2019-10-21 02:00:00,0.0,0.365,52.87496967183718
2019-10-21 03:00:00,0.0,0.401,35.75531846850451
2019-10-21 04:00:00,0.0,0.413,46.71684170692443
2019-10-21 05:00:00,0.0,0.418,59.262304243272844
2019-10-21 06:00:00,0.0,0.429,61.16875318597511
2019-10-21 07:00:00,0.034,0.394,31.95860483732866
2019-10-21 08:00:00,0.194,0.295,38.61217433882691
2019-10-21 09:00:00,0.168,0.231,41.94078764440553
2019-10-21 10:00:00,0.328,0.174,43.86226813561573
2019-10-21 11:00:00,0.322,0.1,21.227282812981493
2019-10-21 12:00:00,0.258,0.031,40.775485461539446
2019-10-21 13:00:00,0.213,0.007,37.11417640165675
2019-10-21 14:00:00,0.442,0.03,26.725088617135384
2019-10-21 15:00:00,0.185,0.091,37.552582011998986
2019-10-21 16:00:00,0.03,0.116,39.677571674350915
2019-10-21 17:00:00,0.0,0.138,30.410821278619622
2019-10-21 18:00:00,0.0,0.142,25.468705622550004
2019-10-21 19:00:00,0.0,0.141,7.239868151735372
2019-10-21 20:00:00,0.0,0.255,42.08997273425523
2019-10-21 21:00:00,0.0,0.278,45.829264532069416
2019-10-21 22:00:00,0.0,0.321,45.88490449126933
2019-10-21 23:00:00,0.0,0.431,37.53601606080781
2019-10-22 00:00:00,0.0,0.51,53.439452464088376
2019-10-22 01:00:00,0.0,0.432,35.735558664000976
2019-10-22 02:00:00,0.0,0.36,29.74901110482218
2019-10-22 03:00:00,0.0,0.438,38.11198852516435
2019-10-22 04:00:00,0.0,0.597,62.57431253146973
2019-10-22 05:00:00,0.0,0.686,57.949817136422304
2019-10-22 06:00:00,0.0,0.799,20.96588028315646
2019-10-22 07:00:00,0.014,0.843,54.88846424234552
2019-10-22 08:00:00,0.026,0.844,56.207585678356494
2019-10-22 09:00:00,0.031,0.865,48.51763122277056
2019-10-22 10:00:00,0.04,0.906,59.86044102482706
2019-10-22 11:00:00,0.059,0.968,55.89485563823213
2019-10-22 12:00:00,0.061,0.981,8.481087705918164
2019-10-22 13:00:00,0.049,0.977,42.2085697324205
2019-10-22 14:00:00,0.036,0.973,38.22411864543034
2019-10-22 15:00:00,0.017,0.977,56.78475492339938
2019-10-22 16:00:00,0.0,0.98,39.72562782936747
2019-10-22 17:00:00,0.0,0.958,20.83444394363864
2019-10-22 18:00:00,0.0,0.894,32.955626592556
2019-10-22 19:00:00,0.0,0.862,66.71675175900128
2019-10-22 20:00:00,0.0,0.898,21.897642687179697
2019-10-22 21:00:00,0.0,0.918,37.198474163307544
2019-10-22 22:00:00,0.0,0.854,19.874627040056176
2019-10-22 23:00:00,0.0,0.75,41.26131116979238
2019-10-23 00:00:00,0.0,0.663,36.54923596782692
2019-10-23 01:00:00,0.0,0.556,37.354545285581416
2019-10-23 02:00:00,0.0,0.438,50.35413206791064
2019-10-23 03:00:00,0.0,0.249,49.733991059331395
2019-10-23 04:00:00,0.0,0.192,49.950109697012294
2019-10-23 05:00:00,0.0,0.112,63.02471450381191
2019-10-23 06:00:00,0.0,0.064,52.52510254992809
2019-10-23 07:00:00,0.025,0.068,49.22509609569118
2019-10-23 08:00:00,0.082,0.073,62.69611957445064
2019-10-23 09:00:00,0.134,0.096,60.80692471058292
2019-10-23 10:00:00,0.186,0.167,49.27554060815607
2019-10-23 11:00:00,0.241,0.26,49.15942977933234
2019-10-23 12:00:00,0.326,0.311,43.37966060735389
2019-10-23 13:00:00,0.481,0.351,37.02095822664505
2019-10-23 14:00:00,0.429,0.369,43.824797776241475
2019-10-23 15:00:00,0.288,0.389,22.165147712875118
2019-10-23 16:00:00,0.105,0.441,32.58578964580535
2019-10-23 17:00:00,0.0,0.555,33.30452269841578
2019-10-23 18:00:00,0.0,0.667,25.87031086300529
2019-10-23 19:00:00,0.0,0.719,18.264230887513627
2019-10-23 20:00:00,0.0,0.695,35.243515307216505
2019-10-23 21:00:00,0.0,0.589,46.16722454747497
2019-10-23 22:00:00,0.0,0.435,45.46414121203635
2019-10-23 23:00:00,0.0,0.315,19.53194063579731
2019-10-24 00:00:00,0.0,0.225,30.447686336276426
2019-10-24 01:00:00,0.0,0.208,60.00318374361012
2019-10-24 02:00:00,0.0,0.27,51.74085361591007
2019-10-24 03:00:00,0.0,0.308,44.14724192111148
2019-10-24 04:00:00,0.0,0.331,44.99683709180132
2019-10-24 05:00:00,0.0,0.375,48.897063618855334
2019-10-24 06:00:00,0.0,0.414,43.11696034940253
2019-10-24 07:00:00,0.093,0.394,66.02406778057566
2019-10-24 08:00:00,0.301,0.468,37.13892985375145
2019-10-24 09:00:00,0.57,0.636,34.03824637243288
2019-10-24 10:00:00,0.682,0.73,37.27809924859553
2019-10-24 11:00:00,0.732,0.735,53.149646067237676
2019-10-24 12:00:00,0.732,0.716,22.585130173940115
2019-10-24 13:00:00,0.67,0.687,31.474319667541657
2019-10-24 14:00:00,0.55,0.666,18.680283179338325
2019-10-24 15:00:00,0.368,0.63,26.333687926273637
2019-10-24 16:00:00,0.142,0.572,32.45575984568505
2019-10-24 17:00:00,0.0,0.574,33.990684291373285
2019-10-24 18:00:00,0.0,0.597,27.34823419733979
2019-10-24 19:00:00,0.0,0.621,45.33317469517459
2019-10-24 20:00:00,0.0,0.653,49.4371229302533
2019-10-24 21:00:00,0.0,0.685,35.929539574914934
2019-10-24 22:00:00,0.0,0.703,39.87620655865299
2019-10-24 23:00:00,0.0,0.7,51.95986728548706
2019-10-25 00:00:00,0.0,0.688,50.28317579693288
2019-10-25 01:00:00,0.0,0.676,31.82402595530916
2019-10-25 02:00:00,0.0,0.661,39.33499978929036
2019-10-25 03:00:00,0.0,0.642,38.942188764631695
2019-10-25 04:00:00,0.0,0.636,58.92281151636614
2019-10-25 05:00:00,0.0,0.622,50.85061779451428
2019-10-25 06:00:00,0.0,0.6,39.44993631040619
2019-10-25 07:00:00,0.18,0.526,50.95043032917379
2019-10-25 08:00:00,0.423,0.379,42.423173268706535
2019-10-25 09:00:00,0.596,0.231,35.15298162570846
2019-10-25 10:00:00,0.701,0.114,35.28047360609639
2019-10-25 11:00:00,0.748,0.053,42.62905404197125
2019-10-25 12:00:00,0.741,0.026,42.6702767324358
2019-10-25 13:00:00,0.682,0.012,20.26560518468657
2019-10-25 14:00:00,0.569,0.009,32.960602597910004
2019-10-25 15:00:00,0.395,0.024,28.795248623439242
2019-10-25 16:00:00,0.174,0.065,17.172177913825713
2019-10-25 17:00:00,0.0,0.09,49.89477832711151
2019-10-25 18:00:00,0.0,0.085,32.12957569432546
2019-10-25 19:00:00,0.0,0.071,38.774935604705576
2019-10-25 20:00:00,0.0,0.056,25.85216205477445
2019-10-25 21:00:00,0.0,0.037,48.80735863572261
2019-10-25 22:00:00,0.0,0.025,35.24520715302149
2019-10-25 23:00:00,0.0,0.018,48.83579208448551
2019-10-26 00:00:00,0.0,0.017,19.770470951972527
2019-10-26 01:00:00,0.0,0.018,30.316509228420784
2019-10-26 02:00:00,0.0,0.022,57.926767255283465
2019-10-26 03:00:00,0.0,0.041,58.37632510543844
2019-10-26 04:00:00,0.0,0.071,42.86690039753666
2019-10-26 05:00:00,0.0,0.102,45.27285737237972
2019-10-26 06:00:00,0.0,0.123,46.723604044310335
2019-10-26 07:00:00,0.162,0.13,43.20362654049874
2019-10-26 08:00:00,0.399,0.086,73.22371246763215
2019-10-26 09:00:00,0.574,0.035,67.12338590100603
2019-10-26 10:00:00,0.68,0.017,24.92709806164895
2019-10-26 11:00:00,0.729,0.01,49.48547123857185
2019-10-26 12:00:00,0.723,0.009,56.40204137745242
2019-10-26 13:00:00,0.664,0.017,38.96289119338461
2019-10-26 14:00:00,0.549,0.036,28.512021752555455
2019-10-26 15:00:00,0.374,0.063,30.474436065906254
2019-10-26 16:00:00,0.159,0.096,36.67580721016189
2019-10-26 17:00:00,0.0,0.112,30.57600682174497
2019-10-26 18:00:00,0.0,0.089,22.721890127619172
2019-10-26 19:00:00,0.0,0.059,25.2101980619923
2019-10-26 20:00:00,0.0,0.038,30.817097955112228
2019-10-26 21:00:00,0.0,0.034,45.81507951662773
2019-10-26 22:00:00,0.0,0.041,29.23530312510826
2019-10-26 23:00:00,0.0,0.054,17.592315052826976
2019-10-27 00:00:00,0.0,0.069,47.14480034570049
2019-10-27 01:00:00,0.0,0.084,38.100128469398136
2019-10-27 02:00:00,0.0,0.09,32.1888067801211
2019-10-27 03:00:00,0.0,0.088,37.414173326939405
2019-10-27 04:00:00,0.0,0.084,61.176674610464374
2019-10-27 05:00:00,0.0,0.08,73.6425446685019
2019-10-27 06:00:00,0.0,0.072,63.03683378821031
2019-10-27 07:00:00,0.095,0.058,50.84661892378484
2019-10-27 08:00:00,0.285,0.025,57.72308532487432
2019-10-27 09:00:00,0.454,0.01,68.80107032399388
2019-10-27 10:00:00,0.627,0.011,63.38249708646883
2019-10-27 11:00:00,0.692,0.014,58.26812638381432
2019-10-27 12:00:00,0.691,0.015,29.6579215815675
2019-10-27 13:00:00,0.637,0.014,33.932575549882884
2019-10-27 14:00:00,0.528,0.017,57.18626145883179
2019-10-27 15:00:00,0.354,0.042,18.301464665465478
2019-10-27 16:00:00,0.135,0.074,30.101678042661437
2019-10-27 17:00:00,0.0,0.108,41.774698427214524
2019-10-27 18:00:00,0.0,0.112,30.10676784169546
2019-10-27 19:00:00,0.0,0.099,33.905221602060884
2019-10-27 20:00:00,0.0,0.082,31.15386015470252
2019-10-27 21:00:00,0.0,0.073,29.59334878917039
2019-10-27 22:00:00,0.0,0.067,34.58625823339798
2019-10-27 23:00:00,0.0,0.058,46.5918523838974
2019-10-28 00:00:00,0.0,0.051,38.18977290262873
2019-10-28 01:00:00,0.0,0.041,31.82517952820263
2019-10-28 02:00:00,0.0,0.031,46.38902934753817
2019-10-28 03:00:00,0.0,0.027,53.640115792103245
2019-10-28 04:00:00,0.0,0.028,34.12695165584862
2019-10-28 05:00:00,0.0,0.035,53.70452877546936
2019-10-28 06:00:00,0.0,0.046,62.517156778798764
2019-10-28 07:00:00,0.077,0.063,56.33471987900305
2019-10-28 08:00:00,0.206,0.094,52.02421905367208
2019-10-28 09:00:00,0.259,0.133,56.688664251393504
2019-10-28 10:00:00,0.266,0.144,36.839336202758474
2019-10-28 11:00:00,0.203,0.144,46.56286928842906
2019-10-28 12:00:00,0.152,0.131,17.403912494670625
2019-10-28 13:00:00,0.115,0.104,60.7131918085939
2019-10-28 14:00:00,0.073,0.086,49.380917023895904
2019-10-28 15:00:00,0.033,0.096,25.574658096227964
2019-10-28 16:00:00,0.002,0.122,42.88243246677668
2019-10-28 17:00:00,0.0,0.134,28.470755962974586
2019-10-28 18:00:00,0.0,0.135,18.809091974575395
2019-10-28 19:00:00,0.0,0.112,35.38874399690911
2019-10-28 20:00:00,0.0,0.074,33.141121366058556
2019-10-28 21:00:00,0.0,0.043,22.72225183918922
2019-10-28 22:00:00,0.0,0.027,26.62087974583571
2019-10-28 23:00:00,0.0,0.017,47.04808965333581
2019-10-29 00:00:00,0.0,0.012,56.25857487984956
2019-10-29 01:00:00,0.0,0.015,24.35982412477195
2019-10-29 02:00:00,0.0,0.017,34.95585357666475
2019-10-29 03:00:00,0.0,0.014,35.818217916347905
2019-10-29 04:00:00,0.0,0.018,58.78397548943019
2019-10-29 05:00:00,0.0,0.035,55.85625779004385
2019-10-29 06:00:00,0.0,0.058,44.916962295872295
2019-10-29 07:00:00,0.061,0.076,66.2372295827398
2019-10-29 08:00:00,0.187,0.069,51.5465599437851
2019-10-29 09:00:00,0.354,0.06,32.24407098179506
2019-10-29 10:00:00,0.503,0.05,43.68023261691066
2019-10-29 11:00:00,0.575,0.041,47.5238126435168
2019-10-29 12:00:00,0.562,0.032,49.44092192136465
2019-10-29 13:00:00,0.466,0.025,31.226160101684187
2019-10-29 14:00:00,0.299,0.022,48.834284284502104
2019-10-29 15:00:00,0.13,0.018,35.96091050455457
2019-10-29 16:00:00,0.031,0.012,-10.812488434685037
2019-10-29 17:00:00,0.0,0.007,24.98583819423404
2019-10-29 18:00:00,0.0,0.005,37.64496636277122
2019-10-29 19:00:00,0.0,0.008,34.329166059651804
2019-10-29 20:00:00,0.0,0.013,49.14652049150352
2019-10-29 21:00:00,0.0,0.022,36.69506991691306
2019-10-29 22:00:00,0.0,0.039,49.064517536394035
2019-10-29 23:00:00,0.0,0.066,52.187611567467606
2019-10-30 00:00:00,0.0,0.09,34.70635430324257
2019-10-30 01:00:00,0.0,0.107,34.40024273068563
2019-10-30 02:00:00,0.0,0.137,45.699032049383426
2019-10-30 03:00:00,0.0,0.186,40.253296082462384
2019-10-30 04:00:00,0.0,0.223,36.124192283104826
2019-10-30 05:00:00,0.0,0.235,26.201776851538437
2019-10-30 06:00:00,0.0,0.235,31.287907962285605
2019-10-30 07:00:00,0.119,0.235,53.96409570307681
2019-10-30 08:00:00,0.342,0.194,45.84330060984023
2019-10-30 09:00:00,0.484,0.156,70.31376661070504
2019-10-30 10:00:00,0.634,0.13,41.017515587201316
2019-10-30 11:00:00,0.69,0.123,51.793839836661334
2019-10-30 12:00:00,0.68,0.144,48.70835203636934
2019-10-30 13:00:00,0.622,0.138,28.839997252329418
2019-10-30 14:00:00,0.462,0.093,20.08278019421973
2019-10-30 15:00:00,0.212,0.072,22.17913665489127
2019-10-30 16:00:00,0.039,0.059,37.11248711026113
2019-10-30 17:00:00,0.0,0.074,49.28403961801722
2019-10-30 18:00:00,0.0,0.104,23.233260839826805
2019-10-30 19:00:00,0.0,0.139,10.131915751207337
2019-10-30 20:00:00,0.0,0.169,32.38096922385115
2019-10-30 21:00:00,0.0,0.193,28.091068330335844
2019-10-30 22:00:00,0.0,0.219,31.16067131290671
2019-10-30 23:00:00,0.0,0.258,59.745199585151454
2019-10-31 00:00:00,0.0,0.328,43.15830337511908
2019-10-31 01:00:00,0.0,0.432,34.38894614347717
2019-10-31 02:00:00,0.0,0.503,37.57685171795504
2019-10-31 03:00:00,0.0,0.557,50.09505648144292
2019-10-31 04:00:00,0.0,0.627,31.629951480509398
2019-10-31 05:00:00,0.0,0.602,38.17557070983116
2019-10-31 06:00:00,0.0,0.598,58.45802008481201
2019-10-31 07:00:00,0.057,0.577,42.86560853074754
2019-10-31 08:00:00,0.17,0.475,30.120742708520336
2019-10-31 09:00:00,0.307,0.411,34.965763397255536
2019-10-31 10:00:00,0.475,0.339,64.34335548041298
2019-10-31 11:00:00,0.573,0.297,34.771915149490695
2019-10-31 12:00:00,0.521,0.325,32.14212818426612
2019-10-31 13:00:00,0.601,0.368,39.7070399811149
2019-10-31 14:00:00,0.516,0.375,32.7077903040258
2019-10-31 15:00:00,0.336,0.294,21.674746007253773
2019-10-31 16:00:00,0.112,0.192,36.65040816366407
2019-10-31 17:00:00,0.0,0.164,15.748978364135986
2019-10-31 18:00:00,0.0,0.164,22.324598477117135
2019-10-31 19:00:00,0.0,0.156,28.089128032617726
2019-10-31 20:00:00,0.0,0.133,51.03460291319777
2019-10-31 21:00:00,0.0,0.134,40.59124457687481
2019-10-31 22:00:00,0.0,0.151,55.63325218077729
2019-10-31 23:00:00,0.0,0.179,21.351514621972193
2019-11-01 00:00:00,0.0,0.227,31.066325628274477
2019-11-01 01:00:00,0.0,0.301,36.72764919342576
2019-11-01 02:00:00,0.0,0.364,35.7864106869652
2019-11-01 03:00:00,0.0,0.379,30.334102876559786
2019-11-01 04:00:00,0.0,0.358,58.07273992649688
2019-11-01 05:00:00,0.0,0.323,56.510494545421864
2019-11-01 06:00:00,0.0,0.285,45.6135859437971
2019-11-01 07:00:00,0.108,0.217,41.11024756556769
2019-11-01 08:00:00,0.258,0.124,31.383462605081686
2019-11-01 09:00:00,0.37,0.084,38.91867219120393
2019-11-01 10:00:00,0.441,0.096,29.239203986549782
2019-11-01 11:00:00,0.474,0.099,43.36107889996019
2019-11-01 12:00:00,0.544,0.09,27.34428171946828
2019-11-01 13:00:00,0.536,0.09,46.490397899435635
2019-11-01 14:00:00,0.451,0.109,28.725253612336218
2019-11-01 15:00:00,0.218,0.132,44.096740833972376
2019-11-01 16:00:00,0.02,0.179,30.777422139087456
2019-11-01 17:00:00,0.0,0.261,36.145109054646404
2019-11-01 18:00:00,0.0,0.317,23.502287279919294
2019-11-01 19:00:00,0.0,0.343,35.481551720984996
2019-11-01 20:00:00,0.0,0.338,48.103797056252944
2019-11-01 21:00:00,0.0,0.308,28.81937338586728
2019-11-01 22:00:00,0.0,0.348,43.94814158280977
2019-11-01 23:00:00,0.0,0.426,67.06977787154428
2019-11-02 00:00:00,0.0,0.415,52.860773679908746
2019-11-02 01:00:00,0.0,0.454,56.30834198236495
2019-11-02 02:00:00,0.0,0.498,50.78581507645618
2019-11-02 03:00:00,0.0,0.494,42.819378780687344
2019-11-02 04:00:00,0.0,0.544,31.940583431542233
2019-11-02 05:00:00,0.0,0.613,51.41460499369066
2019-11-02 06:00:00,0.0,0.581,46.191890642750145
2019-11-02 07:00:00,0.1,0.519,43.81857944143148
2019-11-02 08:00:00,0.342,0.44,50.97240769213974
2019-11-02 09:00:00,0.529,0.513,64.36128408768664
2019-11-02 10:00:00,0.643,0.558,33.90904858242257
2019-11-02 11:00:00,0.682,0.558,34.18094079853435
2019-11-02 12:00:00,0.659,0.532,40.642358095258935
2019-11-02 13:00:00,0.612,0.447,27.35759454200925
2019-11-02 14:00:00,0.493,0.388,29.46308244857657
2019-11-02 15:00:00,0.285,0.32,43.461987336761865
2019-11-02 16:00:00,0.057,0.192,17.437708335481492
2019-11-02 17:00:00,0.0,0.145,33.07505174442848
2019-11-02 18:00:00,0.0,0.167,46.48351610100829
2019-11-02 19:00:00,0.0,0.206,27.503608460620676
2019-11-02 20:00:00,0.0,0.343,18.323458359162746
2019-11-02 21:00:00,0.0,0.58,36.41971900151438
2019-11-02 22:00:00,0.0,0.663,44.10029279297097
2019-11-02 23:00:00,0.0,0.651,51.664335702055865
2019-11-03 00:00:00,0.0,0.665,46.63487127721524
2019-11-03 01:00:00,0.0,0.795,42.79358929529911
2019-11-03 02:00:00,0.0,0.89,32.53080750392626
2019-11-03 03:00:00,0.0,0.888,67.98729685859927
2019-11-03 04:00:00,0.0,0.896,61.06476586684536
2019-11-03 05:00:00,0.0,0.914,47.83954014436867
2019-11-03 06:00:00,0.0,0.931,63.236246643373654
2019-11-03 07:00:00,0.089,0.961,45.203121705010965
2019-11-03 08:00:00,0.309,0.975,37.37185378543103
2019-11-03 09:00:00,0.477,0.989,20.18148168837231
2019-11-03 10:00:00,0.64,0.99,53.22930017091923
2019-11-03 11:00:00,0.717,0.991,49.472273554418415
2019-11-03 12:00:00,0.708,0.991,46.31478680722212
2019-11-03 13:00:00,0.659,0.991,30.918996733665207
2019-11-03 14:00:00,0.546,0.988,37.6863932140244
2019-11-03 15:00:00,0.37,0.98,29.77886213121733
2019-11-03 16:00:00,0.123,0.951,56.86982832077626
2019-11-03 17:00:00,0.0,0.896,43.682131606933645
2019-11-03 18:00:00,0.0,0.797,34.877632617010555
2019-11-03 19:00:00,0.0,0.722,30.133266069325092
2019-11-03 20:00:00,0.0,0.652,40.84346821151521
2019-11-03 21:00:00,0.0,0.601,35.80207457454641
2019-11-03 22:00:00,0.0,0.582,56.34314277321651
2019-11-03 23:00:00,0.0,0.622,51.102607114903655
2019-11-04 00:00:00,0.0,0.668,20.605637572562856
2019-11-04 01:00:00,0.0,0.676,25.38410865743842
2019-11-04 02:00:00,0.0,0.649,25.145758586971606
2019-11-04 03:00:00,0.0,0.552,68.05106776172013
2019-11-04 04:00:00,0.0,0.507,10.089400647816973
2019-11-04 05:00:00,0.0,0.513,49.67609829971706
2019-11-04 06:00:00,0.0,0.535,37.24136357610199
2019-11-04 07:00:00,0.115,0.584,46.7483872138654
2019-11-04 08:00:00,0.355,0.59,48.821906785576
2019-11-04 09:00:00,0.532,0.782,44.752219411364656
2019-11-04 10:00:00,0.65,0.888,44.40094157239988
2019-11-04 11:00:00,0.705,0.911,50.27181810364081
2019-11-04 12:00:00,0.701,0.893,35.05991185963024
2019-11-04 13:00:00,0.636,0.861,38.33930973527743
2019-11-04 14:00:00,0.499,0.833,37.39567475919653
2019-11-04 15:00:00,0.243,0.751,32.37564569236868
2019-11-04 16:00:00,0.073,0.574,11.83655720420127
2019-11-04 17:00:00,0.0,0.502,27.30405806400291
2019-11-04 18:00:00,0.0,0.502,16.29398019488449
2019-11-04 19:00:00,0.0,0.561,50.64067879087716
2019-11-04 20:00:00,0.0,0.648,9.060624784274665
2019-11-04 21:00:00,0.0,0.673,20.120202001787387
2019-11-04 22:00:00,0.0,0.63,17.136154189115736
2019-11-04 23:00:00,0.0,0.652,51.746416616246805
2019-11-05 00:00:00,0.0,0.762,45.12834057061442
2019-11-05 01:00:00,0.0,0.849,27.48011611601782
2019-11-05 02:00:00,0.0,0.882,63.03503603772084
2019-11-05 03:00:00,0.0,0.888,63.81197468204421
2019-11-05 04:00:00,0.0,0.887,44.260265620213175
2019-11-05 05:00:00,0.0,0.885,55.226760917765574
2019-11-05 06:00:00,0.0,0.87,46.05978068021743
2019-11-05 07:00:00,0.111,0.842,50.22960293568682
2019-11-05 08:00:00,0.314,0.815,53.64407593728373
2019-11-05 09:00:00,0.461,0.881,37.65552482945964
2019-11-05 10:00:00,0.605,0.877,41.613223202277254
2019-11-05 11:00:00,0.683,0.884,31.260167426463113
2019-11-05 12:00:00,0.682,0.909,53.327536786595786
2019-11-05 13:00:00,0.61,0.921,51.48419492345128
2019-11-05 14:00:00,0.466,0.931,25.8615766149568
2019-11-05 15:00:00,0.27,0.93,33.48367550570347
2019-11-05 16:00:00,0.064,0.915,40.84423136414403
2019-11-05 17:00:00,0.0,0.917,15.031236419735556
2019-11-05 18:00:00,0.0,0.946,36.710089086885894
2019-11-05 19:00:00,0.0,0.961,50.07229793354634
2019-11-05 20:00:00,0.0,0.959,46.64882037154851
2019-11-05 21:00:00,0.0,0.964,16.825897565551436
2019-11-05 22:00:00,0.0,0.964,44.15050415533058
2019-11-05 23:00:00,0.0,0.964,39.012914646853424
2019-11-06 00:00:00,0.0,0.967,32.403071624820164
2019-11-06 01:00:00,0.0,0.966,31.350859484861807
2019-11-06 02:00:00,0.0,0.966,32.498186279944434
2019-11-06 03:00:00,0.0,0.964,53.90998357090703
2019-11-06 04:00:00,0.0,0.963,43.77947033248259
2019-11-06 05:00:00,0.0,0.968,57.204927897642335
2019-11-06 06:00:00,0.0,0.973,15.43890315820041
2019-11-06 07:00:00,0.097,0.975,33.96619350995138
2019-11-06 08:00:00,0.34,0.981,45.00817259515821
2019-11-06 09:00:00,0.551,0.982,55.82594165601416
2019-11-06 10:00:00,0.67,0.975,42.21732837544098
2019-11-06 11:00:00,0.727,0.96,29.572725012481854
2019-11-06 12:00:00,0.725,0.936,48.918544165102276
2019-11-06 13:00:00,0.666,0.906,48.06699777575007
2019-11-06 14:00:00,0.546,0.878,45.13300885602351
2019-11-06 15:00:00,0.364,0.837,51.16052709650954
2019-11-06 16:00:00,0.105,0.763,25.605427798793855
2019-11-06 17:00:00,0.0,0.712,19.495815865374347
2019-11-06 18:00:00,0.0,0.666,39.95655409753465
2019-11-06 19:00:00,0.0,0.61,22.783497903144983
2019-11-06 20:00:00,0.0,0.565,28.04797218585832
2019-11-06 21:00:00,0.0,0.526,41.12106406438033
2019-11-06 22:00:00,0.0,0.472,29.66670515510468
2019-11-06 23:00:00,0.0,0.395,41.92581434325193
2019-11-07 00:00:00,0.0,0.317,44.22777302829339
2019-11-07 01:00:00,0.0,0.282,59.02609479322189
2019-11-07 02:00:00,0.0,0.313,48.20871719695514
2019-11-07 03:00:00,0.0,0.395,55.94615528902799
2019-11-07 04:00:00,0.0,0.496,45.82857658118356
2019-11-07 05:00:00,0.0,0.574,55.05552923655501
2019-11-07 06:00:00,0.0,0.615,44.22575237776462
2019-11-07 07:00:00,0.09,0.586,53.0023971256521
2019-11-07 08:00:00,0.337,0.578,39.580262772169995
2019-11-07 09:00:00,0.499,0.696,46.22187914685409
2019-11-07 10:00:00,0.623,0.791,34.571249678868185
2019-11-07 11:00:00,0.654,0.87,44.44371218523577
2019-11-07 12:00:00,0.545,0.913,34.96723286273629
2019-11-07 13:00:00,0.377,0.915,18.56439624212741
2019-11-07 14:00:00,0.304,0.902,38.43960107043018
2019-11-07 15:00:00,0.298,0.875,23.807327335524114
2019-11-07 16:00:00,0.095,0.837,45.492836909299506
2019-11-07 17:00:00,0.0,0.808,46.683161436053325
2019-11-07 18:00:00,0.0,0.788,44.09050118144511
2019-11-07 19:00:00,0.0,0.72,45.54984351522513
2019-11-07 20:00:00,0.0,0.66,37.756699367733255
2019-11-07 21:00:00,0.0,0.636,38.459627605251384
2019-11-07 22:00:00,0.0,0.695,48.37879499466417
2019-11-07 23:00:00,0.0,0.778,41.96022899082708
2019-11-08 00:00:00,0.0,0.849,45.96137984983896
2019-11-08 01:00:00,0.0,0.849,45.04239070394961
2019-11-08 02:00:00,0.0,0.825,42.79855165362856
2019-11-08 03:00:00,0.0,0.836,49.15848888161307
2019-11-08 04:00:00,0.0,0.858,53.04442850012556
2019-11-08 05:00:00,0.0,0.89,38.61906300211821
2019-11-08 06:00:00,0.0,0.901,46.88109142507692
2019-11-08 07:00:00,0.081,0.906,60.38097614815798
2019-11-08 08:00:00,0.319,0.952,57.00811396797029
2019-11-08 09:00:00,0.465,0.98,56.72984951416835
2019-11-08 10:00:00,0.508,0.984,42.52721145840992
2019-11-08 11:00:00,0.605,0.986,20.98125647126072
2019-11-08 12:00:00,0.669,0.983,45.088353273795164
2019-11-08 13:00:00,0.591,0.981,36.792199281217364
2019-11-08 14:00:00,0.371,0.982,45.857046233468324
2019-11-08 15:00:00,0.129,0.985,56.85225506126207
2019-11-08 16:00:00,0.014,0.984,46.293418323928634
2019-11-08 17:00:00,0.0,0.979,-1.4372255454166947
2019-11-08 18:00:00,0.0,0.977,32.67751799667912
2019-11-08 19:00:00,0.0,0.977,32.248009241511326
2019-11-08 20:00:00,0.0,0.976,42.28474918961901
2019-11-08 21:00:00,0.0,0.975,37.32514953526231
2019-11-08 22:00:00,0.0,0.976,30.153274341645304
2019-11-08 23:00:00,0.0,0.974,49.646079517135206
2019-11-09 00:00:00,0.0,0.969,36.12919829610969
2019-11-09 01:00:00,0.0,0.962,59.1690036840851
2019-11-09 02:00:00,0.0,0.948,53.39866241515892
2019-11-09 03:00:00,0.0,0.945,36.128200408404254
2019-11-09 04:00:00,0.0,0.938,41.97163857375031
2019-11-09 05:00:00,0.0,0.932,60.52214714350493
2019-11-09 06:00:00,0.0,0.919,75.8751346080121
2019-11-09 07:00:00,0.085,0.921,56.49165970462232
2019-11-09 08:00:00,0.356,0.932,43.38653685467931
2019-11-09 09:00:00,0.563,0.93,34.71070163752577
2019-11-09 10:00:00,0.671,0.895,45.056240868660915
2019-11-09 11:00:00,0.699,0.865,42.20686208051036
2019-11-09 12:00:00,0.715,0.84,62.897363865158155
2019-11-09 13:00:00,0.669,0.788,41.99721882883841
2019-11-09 14:00:00,0.538,0.73,35.28174015228465
2019-11-09 15:00:00,0.27,0.646,25.91937909913674
2019-11-09 16:00:00,0.043,0.556,27.405639265671162
2019-11-09 17:00:00,0.0,0.521,29.39179364454135
2019-11-09 18:00:00,0.0,0.518,21.74667941080616
2019-11-09 19:00:00,0.0,0.541,36.844532118538936
2019-11-09 20:00:00,0.0,0.698,18.741190604343746
2019-11-09 21:00:00,0.0,0.815,59.82415261851981
2019-11-09 22:00:00,0.0,0.828,50.16047373654129
2019-11-09 23:00:00,0.0,0.867,19.451400194519373
2019-11-10 00:00:00,0.0,0.919,42.478193972529176
2019-11-10 01:00:00,0.0,0.935,46.39007215716967
2019-11-10 02:00:00,0.0,0.929,52.55321987513584
2019-11-10 03:00:00,0.0,0.921,48.40314999971493
2019-11-10 04:00:00,0.0,0.881,61.798778598891275
2019-11-10 05:00:00,0.0,0.83,42.01829759605584
2019-11-10 06:00:00,0.0,0.772,61.929288648861004
2019-11-10 07:00:00,0.062,0.724,32.519625598751205
2019-11-10 08:00:00,0.272,0.69,45.83435336104838
2019-11-10 09:00:00,0.417,0.679,30.628381239955477
2019-11-10 10:00:00,0.499,0.647,15.206622126178608
2019-11-10 11:00:00,0.581,0.627,29.609491883989797
2019-11-10 12:00:00,0.619,0.726,24.20668282970542
2019-11-10 13:00:00,0.568,0.837,40.717271661730784
2019-11-10 14:00:00,0.45,0.863,31.39354881736933
2019-11-10 15:00:00,0.286,0.849,43.555742941455534
2019-11-10 16:00:00,0.059,0.809,38.660253865773555
2019-11-10 17:00:00,0.0,0.829,28.57674831166666
2019-11-10 18:00:00,0.0,0.845,22.607776727742312
2019-11-10 19:00:00,0.0,0.861,50.74436562474562
2019-11-10 20:00:00,0.0,0.825,30.31237351792361
2019-11-10 21:00:00,0.0,0.774,41.907977599261336
2019-11-10 22:00:00,0.0,0.811,17.138307357558993
2019-11-10 23:00:00,0.0,0.84,38.48844405806132
2019-11-11 00:00:00,0.0,0.854,24.995573868721536
2019-11-11 01:00:00,0.0,0.886,28.4931904273457
2019-11-11 02:00:00,0.0,0.866,64.31922017833816
2019-11-11 03:00:00,0.0,0.866,60.64436512516335
2019-11-11 04:00:00,0.0,0.862,27.963557587381494
2019-11-11 05:00:00,0.0,0.852,57.82442224003349
2019-11-11 06:00:00,0.0,0.857,37.71099578458923
2019-11-11 07:00:00,0.054,0.829,42.88421724506391
2019-11-11 08:00:00,0.195,0.765,53.4841304521059
2019-11-11 09:00:00,0.328,0.692,42.71475741585939
2019-11-11 10:00:00,0.407,0.586,33.891993400103246
2019-11-11 11:00:00,0.536,0.523,43.37807449778146
2019-11-11 12:00:00,0.575,0.495,26.81691199859577
2019-11-11 13:00:00,0.509,0.464,40.77268655275074
2019-11-11 14:00:00,0.338,0.491,46.07180421237257
2019-11-11 15:00:00,0.162,0.583,33.9069749443074
2019-11-11 16:00:00,0.018,0.732,18.65752582708845
2019-11-11 17:00:00,0.0,0.848,35.8508649705703
2019-11-11 18:00:00,0.0,0.902,22.19874646741325
2019-11-11 19:00:00,0.0,0.922,33.95277704472642
2019-11-11 20:00:00,0.0,0.934,50.86668729091776
2019-11-11 21:00:00,0.0,0.95,42.10559273595596
2019-11-11 22:00:00,0.0,0.953,45.56073275816877
2019-11-11 23:00:00,0.0,0.932,59.87746846957005
2019-11-12 00:00:00,0.0,0.901,47.6074855367536
2019-11-12 01:00:00,0.0,0.867,45.58357423320956
2019-11-12 02:00:00,0.0,0.833,42.655950853686846
2019-11-12 03:00:00,0.0,0.785,45.064068202784625
2019-11-12 04:00:00,0.0,0.74,41.04652026013821
2019-11-12 05:00:00,0.0,0.744,59.38892613137856
2019-11-12 06:00:00,0.0,0.784,59.436529904477815
2019-11-12 07:00:00,0.11,0.819,41.26976205973026
2019-11-12 08:00:00,0.387,0.831,61.23856829832239
2019-11-12 09:00:00,0.579,0.865,58.64716134348116
2019-11-12 10:00:00,0.693,0.881,44.24732642901325
2019-11-12 11:00:00,0.742,0.867,20.87937124719146
2019-11-12 12:00:00,0.732,0.851,52.368536835593474
2019-11-12 13:00:00,0.668,0.846,47.49171263592867
2019-11-12 14:00:00,0.546,0.872,43.63353577628357
2019-11-12 15:00:00,0.361,0.897,27.942572801707716
2019-11-12 16:00:00,0.076,0.897,33.30049797812522
2019-11-12 17:00:00,0.0,0.912,26.74741252482248
2019-11-12 18:00:00,0.0,0.911,46.14705205581202
2019-11-12 19:00:00,0.0,0.877,40.07257102702294
2019-11-12 20:00:00,0.0,0.831,15.208425502977612
2019-11-12 21:00:00,0.0,0.768,18.074090941383652
2019-11-12 22:00:00,0.0,0.701,24.970609995995254
2019-11-12 23:00:00,0.0,0.653,19.467603108441736
2019-11-13 00:00:00,0.0,0.642,51.066149939772224
2019-11-13 01:00:00,0.0,0.594,56.6704988126295
2019-11-13 02:00:00,0.0,0.45,59.94315383906496
2019-11-13 03:00:00,0.0,0.305,37.66303556367501
2019-11-13 04:00:00,0.0,0.191,35.852967011211405
2019-11-13 05:00:00,0.0,0.092,33.787582880598166
2019-11-13 06:00:00,0.0,0.048,48.73447949178032
2019-11-13 07:00:00,0.0,0.088,24.39023429305482
2019-11-13 08:00:00,0.039,0.167,55.29068802372386
2019-11-13 09:00:00,0.129,0.244,42.67923997914579
2019-11-13 10:00:00,0.332,0.258,48.924832207685895
2019-11-13 11:00:00,0.51,0.221,57.86191645388406
2019-11-13 12:00:00,0.646,0.204,37.86113497704876
2019-11-13 13:00:00,0.625,0.206,47.5843086753096
2019-11-13 14:00:00,0.504,0.195,43.163343883384115
2019-11-13 15:00:00,0.329,0.195,48.00410447028802
2019-11-13 16:00:00,0.06,0.294,33.15803603827369
2019-11-13 17:00:00,0.0,0.536,49.08826539334635
2019-11-13 18:00:00,0.0,0.69,24.920954975642953
2019-11-13 19:00:00,0.0,0.681,47.429756427762705
2019-11-13 20:00:00,0.0,0.586,46.19516301708084
2019-11-13 21:00:00,0.0,0.466,28.336341760892733
2019-11-13 22:00:00,0.0,0.322,48.49514753326664
2019-11-13 23:00:00,0.0,0.192,31.583729551282353
2019-11-14 00:00:00,0.0,0.209,39.22464067217792
2019-11-14 01:00:00,0.0,0.453,61.581017361895974
2019-11-14 02:00:00,0.0,0.765,33.279507694926714
2019-11-14 03:00:00,0.0,0.871,33.0530904931678
2019-11-14 04:00:00,0.0,0.866,38.536338294780464
2019-11-14 05:00:00,0.0,0.805,42.73653406716445
2019-11-14 06:00:00,0.0,0.715,56.19982057160229
2019-11-14 07:00:00,0.0,0.688,32.484417298153495
2019-11-14 08:00:00,0.029,0.655,39.461967366815884
2019-11-14 09:00:00,0.131,0.766,40.28594061830928
2019-11-14 10:00:00,0.269,0.819,36.76125600391982
2019-11-14 11:00:00,0.33,0.849,34.85221606227641
2019-11-14 12:00:00,0.41,0.883,28.49267530870506
2019-11-14 13:00:00,0.306,0.903,54.30698363742777
2019-11-14 14:00:00,0.242,0.913,34.107023578905604
2019-11-14 15:00:00,0.118,0.894,31.219627981077167
2019-11-14 16:00:00,0.008,0.857,20.76027154710921
2019-11-14 17:00:00,0.0,0.793,20.14035953840621
2019-11-14 18:00:00,0.0,0.706,31.74405506390999
2019-11-14 19:00:00,0.0,0.601,31.184630939452454
2019-11-14 20:00:00,0.0,0.377,34.58427419385604
2019-11-14 21:00:00,0.0,0.155,37.95232420204446
2019-11-14 22:00:00,0.0,0.078,56.116106025571085
2019-11-14 23:00:00,0.0,0.055,35.096698065343226
2019-11-15 00:00:00,0.0,0.022,14.700050825602144
2019-11-15 01:00:00,0.0,0.033,64.09118974145508
2019-11-15 02:00:00,0.0,0.123,53.81944417335332
2019-11-15 03:00:00,0.0,0.22,36.585858429707514
2019-11-15 04:00:00,0.0,0.347,40.69097215780779
2019-11-15 05:00:00,0.0,0.467,46.90099674899639
2019-11-15 06:00:00,0.0,0.504,35.72439921847385
2019-11-15 07:00:00,0.036,0.452,47.56128541184055
2019-11-15 08:00:00,0.277,0.387,39.48527980931691
2019-11-15 09:00:00,0.513,0.419,79.20481284118222
2019-11-15 10:00:00,0.604,0.423,30.93650432225842
2019-11-15 11:00:00,0.459,0.407,40.899072555788095
2019-11-15 12:00:00,0.361,0.396,24.149806425277816
2019-11-15 13:00:00,0.239,0.45,44.99612741434317
2019-11-15 14:00:00,0.125,0.51,48.30810772617858
2019-11-15 15:00:00,0.078,0.559,26.68758371814589
2019-11-15 16:00:00,0.01,0.612,21.434308324329916
2019-11-15 17:00:00,0.0,0.692,21.249772325065894
2019-11-15 18:00:00,0.0,0.75,30.801877580812373
2019-11-15 19:00:00,0.0,0.765,46.467939642876686
2019-11-15 20:00:00,0.0,0.754,15.45229759971106
2019-11-15 21:00:00,0.0,0.758,25.13713127863147
2019-11-15 22:00:00,0.0,0.743,47.29613142625437
2019-11-15 23:00:00,0.0,0.714,61.83885089505572
2019-11-16 00:00:00,0.0,0.7,41.19269139074387
2019-11-16 01:00:00,0.0,0.677,37.15063456792734
2019-11-16 02:00:00,0.0,0.652,31.265309170788928
2019-11-16 03:00:00,0.0,0.604,35.84695482882714
2019-11-16 04:00:00,0.0,0.539,52.234347470812125
2019-11-16 05:00:00,0.0,0.463,47.804845193227465
2019-11-16 06:00:00,0.0,0.369,68.75042257963486
2019-11-16 07:00:00,0.079,0.319,40.46413970002338
2019-11-16 08:00:00,0.283,0.241,49.70005957772267
2019-11-16 09:00:00,0.47,0.157,55.136219217212016
2019-11-16 10:00:00,0.619,0.108,52.84935112852066
2019-11-16 11:00:00,0.69,0.139,56.3719962408895
2019-11-16 12:00:00,0.702,0.233,34.947158866378246
2019-11-16 13:00:00,0.654,0.391,26.118385030962106
2019-11-16 14:00:00,0.536,0.562,40.057681485677996
2019-11-16 15:00:00,0.323,0.645,44.21808367995999
2019-11-16 16:00:00,0.041,0.655,15.18178823843639
2019-11-16 17:00:00,0.0,0.655,51.17805977463402
2019-11-16 18:00:00,0.0,0.655,12.124215677277483
2019-11-16 19:00:00,0.0,0.721,32.20211670562002
2019-11-16 20:00:00,0.0,0.817,33.27065827194856
2019-11-16 21:00:00,0.0,0.873,34.612035301661784
2019-11-16 22:00:00,0.0,0.891,44.32597576734461
2019-11-16 23:00:00,0.0,0.889,15.552594133094956
2019-11-17 00:00:00,0.0,0.888,30.497942982313344
2019-11-17 01:00:00,0.0,0.891,39.47678472245892
2019-11-17 02:00:00,0.0,0.885,35.207266415082564
2019-11-17 03:00:00,0.0,0.889,45.24932267998863
2019-11-17 04:00:00,0.0,0.898,27.73583885076482
2019-11-17 05:00:00,0.0,0.903,37.9829245827278
2019-11-17 06:00:00,0.0,0.894,40.79314757496728
2019-11-17 07:00:00,0.032,0.873,52.577190903391276
2019-11-17 08:00:00,0.188,0.846,55.14988642758526
2019-11-17 09:00:00,0.453,0.875,62.8515605507099
2019-11-17 10:00:00,0.657,0.874,29.06304141085326
2019-11-17 11:00:00,0.717,0.832,33.676800900974904
2019-11-17 12:00:00,0.673,0.756,60.74156530019863
2019-11-17 13:00:00,0.502,0.668,35.39218121604401
2019-11-17 14:00:00,0.347,0.609,45.67689844752888
2019-11-17 15:00:00,0.151,0.621,33.42051839293574
2019-11-17 16:00:00,0.0,0.586,38.87202580786817
2019-11-17 17:00:00,0.0,0.413,44.068367176138906
2019-11-17 18:00:00,0.0,0.388,36.84800961125993
2019-11-17 19:00:00,0.0,0.425,30.275660029113602
2019-11-17 20:00:00,0.0,0.477,47.99898108642222
2019-11-17 21:00:00,0.0,0.498,35.43863501010385
2019-11-17 22:00:00,0.0,0.467,21.480817927894215
2019-11-17 23:00:00,0.0,0.435,32.43970933205587
2019-11-18 00:00:00,0.0,0.414,76.85503220840702
2019-11-18 01:00:00,0.0,0.394,51.23277684933872
2019-11-18 02:00:00,0.0,0.394,68.76503130002827
2019-11-18 03:00:00,0.0,0.424,35.15305157464482
2019-11-18 04:00:00,0.0,0.452,46.603304373184336
2019-11-18 05:00:00,0.0,0.438,48.76458307034654
2019-11-18 06:00:00,0.0,0.438,36.968977025022056
2019-11-18 07:00:00,0.063,0.484,42.70823612071075
2019-11-18 08:00:00,0.296,0.462,60.316424385614525
2019-11-18 09:00:00,0.506,0.41,57.55118933344586
2019-11-18 10:00:00,0.621,0.362,50.032069384967535
2019-11-18 11:00:00,0.564,0.245,64.56143295343531
2019-11-18 12:00:00,0.414,0.126,32.580252200454176
2019-11-18 13:00:00,0.211,0.063,38.27834243947047
2019-11-18 14:00:00,0.167,0.064,36.169954779379815
2019-11-18 15:00:00,0.114,0.137,61.69694315071069
2019-11-18 16:00:00,0.014,0.253,11.871080293046944
2019-11-18 17:00:00,0.0,0.436,37.71900768091654
2019-11-18 18:00:00,0.0,0.601,27.63724465548927
2019-11-18 19:00:00,0.0,0.682,34.09519416575607
2019-11-18 20:00:00,0.0,0.697,31.586881983797806
2019-11-18 21:00:00,0.0,0.674,49.46564743601588
2019-11-18 22:00:00,0.0,0.644,31.84689411204124
2019-11-18 23:00:00,0.0,0.601,11.638031016050643
2019-11-19 00:00:00,0.0,0.572,46.123464779153686
2019-11-19 01:00:00,0.0,0.583,70.85306276870399
2019-11-19 02:00:00,0.0,0.599,40.13610924894141
2019-11-19 03:00:00,0.0,0.609,45.2633312278669
2019-11-19 04:00:00,0.0,0.62,61.99888174208216
2019-11-19 05:00:00,0.0,0.644,58.439531381583684
2019-11-19 06:00:00,0.0,0.662,62.848391085789004
2019-11-19 07:00:00,0.09,0.642,45.24430126327527
2019-11-19 08:00:00,0.369,0.526,63.69054362637556
2019-11-19 09:00:00,0.578,0.413,31.453931925793057
2019-11-19 10:00:00,0.701,0.334,44.707201247856126
2019-11-19 11:00:00,0.756,0.272,35.7903535258962
2019-11-19 12:00:00,0.751,0.192,36.83417248906574
2019-11-19 13:00:00,0.688,0.138,35.50662294874026
2019-11-19 14:00:00,0.565,0.112,32.60066373326653
2019-11-19 15:00:00,0.372,0.111,46.5330502152093
2019-11-19 16:00:00,0.054,0.12,36.41187959019912
2019-11-19 17:00:00,0.0,0.104,5.992231724836046
2019-11-19 18:00:00,0.0,0.074,22.762192600267078
2019-11-19 19:00:00,0.0,0.05,37.78537954460817
2019-11-19 20:00:00,0.0,0.041,13.098019104943198
2019-11-19 21:00:00,0.0,0.033,45.34739573731006
2019-11-19 22:00:00,0.0,0.02,41.29928702000611
2019-11-19 23:00:00,0.0,0.005,47.43033964683185
2019-11-20 00:00:00,0.0,0.004,52.87037411809524
2019-11-20 01:00:00,0.0,0.007,55.00341905371925
2019-11-20 02:00:00,0.0,0.008,35.5723116914959
2019-11-20 03:00:00,0.0,0.005,55.56237328268221
2019-11-20 04:00:00,0.0,0.005,35.34477100162939
2019-11-20 05:00:00,0.0,0.011,63.38924678159586
2019-11-20 06:00:00,0.0,0.022,70.04525914985902
2019-11-20 07:00:00,0.007,0.038,25.883488342105217
2019-11-20 08:00:00,0.076,0.041,49.7129159907971
2019-11-20 09:00:00,0.15,0.048,39.960934824135414
2019-11-20 10:00:00,0.206,0.084,54.81771666064553
2019-11-20 11:00:00,0.242,0.108,32.03003746300972
2019-11-20 12:00:00,0.248,0.105,53.014277215608836
2019-11-20 13:00:00,0.227,0.086,49.324266144833985
2019-11-20 14:00:00,0.176,0.071,22.298330062134013
2019-11-20 15:00:00,0.1,0.068,34.1276233894032
2019-11-20 16:00:00,0.011,0.089,26.95878595415457
2019-11-20 17:00:00,0.0,0.118,27.72777400852469
2019-11-20 18:00:00,0.0,0.134,42.730643753651876
2019-11-20 19:00:00,0.0,0.132,41.06132311339957
2019-11-20 20:00:00,0.0,0.121,43.04316205863072
2019-11-20 21:00:00,0.0,0.125,43.13292322314757
2019-11-20 22:00:00,0.0,0.152,48.46323577579537
2019-11-20 23:00:00,0.0,0.149,47.08572805873169
2019-11-21 00:00:00,0.0,0.101,40.36598689063706
2019-11-21 01:00:00,0.0,0.048,36.97721661183937
2019-11-21 02:00:00,0.0,0.027,39.54272813998615
2019-11-21 03:00:00,0.0,0.028,40.466634908984545
2019-11-21 04:00:00,0.0,0.061,64.87133496207699
2019-11-21 05:00:00,0.0,0.127,41.966946186046215
2019-11-21 06:00:00,0.0,0.218,47.22484324330742
2019-11-21 07:00:00,0.025,0.296,65.04414944853878
2019-11-21 08:00:00,0.139,0.323,51.17281036875977
2019-11-21 09:00:00,0.299,0.347,73.33270088188688
2019-11-21 10:00:00,0.605,0.347,44.26949269882149
2019-11-21 11:00:00,0.664,0.322,45.904975178434015
2019-11-21 12:00:00,0.52,0.291,53.41366679749462
2019-11-21 13:00:00,0.351,0.264,47.59519660070088
2019-11-21 14:00:00,0.203,0.22,26.98298011796679
2019-11-21 15:00:00,0.07,0.142,9.205551987991779
2019-11-21 16:00:00,0.0,0.077,14.065360348618878
2019-11-21 17:00:00,0.0,0.061,23.43355610812082
2019-11-21 18:00:00,0.0,0.088,48.59826316933486
2019-11-21 19:00:00,0.0,0.123,41.52289921925173
2019-11-21 20:00:00,0.0,0.149,20.18011260680582
2019-11-21 21:00:00,0.0,0.148,44.75908027871428
2019-11-21 22:00:00,0.0,0.157,31.683884708430462
2019-11-21 23:00:00,0.0,0.161,31.163646923653566
2019-11-22 00:00:00,0.0,0.158,48.62172224893577
2019-11-22 01:00:00,0.0,0.147,36.50070922329962
2019-11-22 02:00:00,0.0,0.139,45.978009386698275
2019-11-22 03:00:00,0.0,0.124,41.29860518154637
2019-11-22 04:00:00,0.0,0.114,60.41878983913008
2019-11-22 05:00:00,0.0,0.12,49.99410407664407
2019-11-22 06:00:00,0.0,0.14,52.031508240363294
2019-11-22 07:00:00,0.001,0.163,56.35495135016078
2019-11-22 08:00:00,0.052,0.196,53.012032796388254
2019-11-22 09:00:00,0.174,0.272,17.58399731418381
2019-11-22 10:00:00,0.244,0.427,50.89490299449998
2019-11-22 11:00:00,0.214,0.568,39.405835228903086
2019-11-22 12:00:00,0.244,0.671,55.027072197471455
2019-11-22 13:00:00,0.204,0.743,31.002099407358
2019-11-22 14:00:00,0.047,0.701,27.48241983242556
2019-11-22 15:00:00,0.028,0.644,12.457860953788224
2019-11-22 16:00:00,0.0,0.693,24.239231987855295
2019-11-22 17:00:00,0.0,0.809,23.79828090039308
2019-11-22 18:00:00,0.0,0.882,47.05897113195773
2019-11-22 19:00:00,0.0,0.942,41.9730578667397
2019-11-22 20:00:00,0.0,0.967,34.69446149900177
2019-11-22 21:00:00,0.0,0.966,32.85564282096951
2019-11-22 22:00:00,0.0,0.957,27.54075138601487
2019-11-22 23:00:00,0.0,0.941,36.93853113595044
2019-11-23 00:00:00,0.0,0.867,47.57248269240317
2019-11-23 01:00:00,0.0,0.704,50.08380862096797
2019-11-23 02:00:00,0.0,0.504,50.204963965767206
2019-11-23 03:00:00,0.0,0.431,58.15462081125865
2019-11-23 04:00:00,0.0,0.388,52.86792512398007
2019-11-23 05:00:00,0.0,0.372,79.62153875126823
2019-11-23 06:00:00,0.0,0.401,59.69312210096708
2019-11-23 07:00:00,0.018,0.519,25.670095695012954
2019-11-23 08:00:00,0.085,0.737,18.744207851107635
2019-11-23 09:00:00,0.157,0.947,48.14662485532455
2019-11-23 10:00:00,0.205,0.984,33.13861361684263
2019-11-23 11:00:00,0.201,0.99,57.20247601937028
2019-11-23 12:00:00,0.174,0.989,32.47744457699441
2019-11-23 13:00:00,0.198,0.97,42.25790128237848
2019-11-23 14:00:00,0.246,0.958,34.80255944431944
2019-11-23 15:00:00,0.103,0.966,53.06767410298683
2019-11-23 16:00:00,0.0,0.982,25.485015431801262
2019-11-23 17:00:00,0.0,0.99,22.346562365472217
2019-11-23 18:00:00,0.0,0.991,32.41965801079278
2019-11-23 19:00:00,0.0,0.983,35.61613040686677
2019-11-23 20:00:00,0.0,0.975,65.58778877675866
2019-11-23 21:00:00,0.0,0.971,49.61043535197621
2019-11-23 22:00:00,0.0,0.974,30.33064280684501
2019-11-23 23:00:00,0.0,0.981,58.00938756794952
2019-11-24 00:00:00,0.0,0.985,23.280825947882207
2019-11-24 01:00:00,0.0,0.984,30.476075862221947
2019-11-24 02:00:00,0.0,0.979,46.277110244972604
2019-11-24 03:00:00,0.0,0.973,28.11672578255201
2019-11-24 04:00:00,0.0,0.971,66.88741163318826
2019-11-24 05:00:00,0.0,0.971,27.08812792583975
2019-11-24 06:00:00,0.0,0.967,49.88414245616652
2019-11-24 07:00:00,0.069,0.954,37.31909214100507
2019-11-24 08:00:00,0.333,0.931,55.93789339017405
2019-11-24 09:00:00,0.541,0.92,41.042830291489174
2019-11-24 10:00:00,0.663,0.894,37.757787827674676
2019-11-24 11:00:00,0.717,0.837,29.73905522985657
2019-11-24 12:00:00,0.708,0.755,30.968274082887206
2019-11-24 13:00:00,0.642,0.644,25.92895137737123
2019-11-24 14:00:00,0.515,0.538,37.96600182570587
2019-11-24 15:00:00,0.3,0.519,31.942443207636085
2019-11-24 16:00:00,0.019,0.668,36.71271540137616
2019-11-24 17:00:00,0.0,0.785,28.91515786113846
2019-11-24 18:00:00,0.0,0.817,25.093853085701927
2019-11-24 19:00:00,0.0,0.814,32.909300825344964
2019-11-24 20:00:00,0.0,0.77,56.009414086623394
2019-11-24 21:00:00,0.0,0.713,29.334318102897747
2019-11-24 22:00:00,0.0,0.682,35.485777689076805
2019-11-24 23:00:00,0.0,0.648,57.692518409433305
2019-11-25 00:00:00,0.0,0.6,16.250464036878412
2019-11-25 01:00:00,0.0,0.552,57.03533561136186
2019-11-25 02:00:00,0.0,0.52,33.35602610464866
2019-11-25 03:00:00,0.0,0.518,52.57121425800699
2019-11-25 04:00:00,0.0,0.556,40.13822746032022
2019-11-25 05:00:00,0.0,0.59,47.54614301588762
2019-11-25 06:00:00,0.0,0.588,32.733301415151914
2019-11-25 07:00:00,0.059,0.571,61.157026664593126
2019-11-25 08:00:00,0.301,0.523,63.971917405860296
2019-11-25 09:00:00,0.511,0.544,55.19129304670252
2019-11-25 10:00:00,0.631,0.519,29.785732188648517
2019-11-25 11:00:00,0.685,0.432,43.71587975585586
2019-11-25 12:00:00,0.679,0.343,15.785627105806647
2019-11-25 13:00:00,0.615,0.262,37.77990063005531
2019-11-25 14:00:00,0.474,0.175,35.402926129833205
2019-11-25 15:00:00,0.255,0.123,43.01184070837897
2019-11-25 16:00:00,0.012,0.114,29.06004133560769
2019-11-25 17:00:00,0.0,0.089,32.10816330725137
2019-11-25 18:00:00,0.0,0.054,55.74098929394209
2019-11-25 19:00:00,0.0,0.054,39.98633111017098
2019-11-25 20:00:00,0.0,0.068,20.485458400071398
2019-11-25 21:00:00,0.0,0.057,48.33937255361347
2019-11-25 22:00:00,0.0,0.042,47.53640551486083
2019-11-25 23:00:00,0.0,0.033,28.084555589715723
2019-11-26 00:00:00,0.0,0.023,42.998152215365295
2019-11-26 01:00:00,0.0,0.021,52.8952708753405
2019-11-26 02:00:00,0.0,0.031,43.33479585957483
2019-11-26 03:00:00,0.0,0.072,50.407032417823395
2019-11-26 04:00:00,0.0,0.143,38.95183619856029
2019-11-26 05:00:00,0.0,0.187,61.44912249228835
2019-11-26 06:00:00,0.0,0.191,54.54767907252687
2019-11-26 07:00:00,0.012,0.192,80.07188059651821
2019-11-26 08:00:00,0.129,0.192,43.72927948764186
2019-11-26 09:00:00,0.389,0.185,44.75853373989471
2019-11-26 10:00:00,0.62,0.203,59.90262176141218
2019-11-26 11:00:00,0.682,0.192,51.56079495607581
2019-11-26 12:00:00,0.673,0.161,42.71167507163091
2019-11-26 13:00:00,0.606,0.146,43.54826167288966
2019-11-26 14:00:00,0.471,0.175,38.06575644950527
2019-11-26 15:00:00,0.252,0.21,21.532180964445274
2019-11-26 16:00:00,0.012,0.304,28.85074913416488
2019-11-26 17:00:00,0.0,0.372,19.564809300791545
2019-11-26 18:00:00,0.0,0.374,8.955843700048803
2019-11-26 19:00:00,0.0,0.316,34.27385182218565
2019-11-26 20:00:00,0.0,0.241,36.85046466389941
2019-11-26 21:00:00,0.0,0.175,8.90551404704713
2019-11-26 22:00:00,0.0,0.159,38.38454624567744
2019-11-26 23:00:00,0.0,0.231,65.62764285096989
2019-11-27 00:00:00,0.0,0.404,46.05578493681017
2019-11-27 01:00:00,0.0,0.487,53.55919860815534
2019-11-27 02:00:00,0.0,0.654,21.131669816927815
2019-11-27 03:00:00,0.0,0.799,46.37282364403072
2019-11-27 04:00:00,0.0,0.823,35.066753902005345
2019-11-27 05:00:00,0.0,0.814,28.6801272788337
2019-11-27 06:00:00,0.0,0.816,52.90164785089462
2019-11-27 07:00:00,0.051,0.795,49.938806774958266
2019-11-27 08:00:00,0.283,0.674,46.70033441279373
2019-11-27 09:00:00,0.493,0.633,43.06120745685325
2019-11-27 10:00:00,0.425,0.727,20.080668561437438
2019-11-27 11:00:00,0.353,0.69,63.151003335852636
2019-11-27 12:00:00,0.289,0.692,47.397125710532364
2019-11-27 13:00:00,0.207,0.668,45.943584511078
2019-11-27 14:00:00,0.139,0.543,31.581647078945014
2019-11-27 15:00:00,0.069,0.362,18.04378123520172
2019-11-27 16:00:00,0.006,0.235,30.518852687621013
2019-11-27 17:00:00,0.0,0.179,33.64309947350885
2019-11-27 18:00:00,0.0,0.158,30.693164317725333
2019-11-27 19:00:00,0.0,0.174,36.628314002899074
2019-11-27 20:00:00,0.0,0.245,31.498525247063753
2019-11-27 21:00:00,0.0,0.37,51.026858964659745
2019-11-27 22:00:00,0.0,0.54,51.87326827243073
2019-11-27 23:00:00,0.0,0.663,24.548582674206145
2019-11-28 00:00:00,0.0,0.697,39.880978323307524
2019-11-28 01:00:00,0.0,0.699,23.929235437089435
2019-11-28 02:00:00,0.0,0.71,46.323060507361006
2019-11-28 03:00:00,0.0,0.747,56.648986901598946
2019-11-28 04:00:00,0.0,0.791,40.44444258780029
2019-11-28 05:00:00,0.0,0.791,47.089826797756395
2019-11-28 06:00:00,0.0,0.774,61.555791671334575
2019-11-28 07:00:00,0.057,0.672,39.19342334137679
2019-11-28 08:00:00,0.305,0.43,64.07490466405503
2019-11-28 09:00:00,0.503,0.394,51.723519752430015
2019-11-28 10:00:00,0.614,0.498,44.88812357312378
2019-11-28 11:00:00,0.68,0.521,26.935256247375065
2019-11-28 12:00:00,0.652,0.516,19.53218539349097
2019-11-28 13:00:00,0.572,0.532,58.84629336755684
2019-11-28 14:00:00,0.482,0.51,45.43124745809981
2019-11-28 15:00:00,0.278,0.424,49.92981371546725
2019-11-28 16:00:00,0.013,0.388,49.50449221884022
2019-11-28 17:00:00,0.0,0.419,61.00901191474961
2019-11-28 18:00:00,0.0,0.42,22.46753804991892
2019-11-28 19:00:00,0.0,0.368,30.9399605929127
2019-11-28 20:00:00,0.0,0.279,48.52791626544596
2019-11-28 21:00:00,0.0,0.291,36.51729819317823
2019-11-28 22:00:00,0.0,0.373,38.033591196733624
2019-11-28 23:00:00,0.0,0.432,47.512368292818806
2019-11-29 00:00:00,0.0,0.479,34.36588561928999
2019-11-29 01:00:00,0.0,0.48,47.95897407343777
2019-11-29 02:00:00,0.0,0.481,48.5735951691948
2019-11-29 03:00:00,0.0,0.521,45.49068692888628
2019-11-29 04:00:00,0.0,0.492,40.61357899016078
2019-11-29 05:00:00,0.0,0.422,58.80096021943379
2019-11-29 06:00:00,0.0,0.461,42.98220430219051
2019-11-29 07:00:00,0.008,0.444,38.13117949465535
2019-11-29 08:00:00,0.068,0.355,49.630182804375
2019-11-29 09:00:00,0.175,0.253,36.55482139222162
2019-11-29 10:00:00,0.51,0.319,42.97695877498654
2019-11-29 11:00:00,0.571,0.357,54.34762650095183
2019-11-29 12:00:00,0.667,0.296,35.077096160887436
2019-11-29 13:00:00,0.615,0.22,57.87280833344421
2019-11-29 14:00:00,0.494,0.151,12.365210464798082
2019-11-29 15:00:00,0.297,0.11,43.45625316776845
2019-11-29 16:00:00,0.019,0.093,41.7816386274521
2019-11-29 17:00:00,0.0,0.067,23.734974727533917
2019-11-29 18:00:00,0.0,0.041,34.78187941760075
2019-11-29 19:00:00,0.0,0.026,20.250992984978485
2019-11-29 20:00:00,0.0,0.041,27.578103684537354
2019-11-29 21:00:00,0.0,0.074,37.06665528264151
2019-11-29 22:00:00,0.0,0.099,37.3210124846623
2019-11-29 23:00:00,0.0,0.106,43.2019057002105
2019-11-30 00:00:00,0.0,0.097,57.74256301893242
2019-11-30 01:00:00,0.0,0.083,26.40674298845048
2019-11-30 02:00:00,0.0,0.059,55.04870014035769
2019-11-30 03:00:00,0.0,0.041,54.92478391537122
2019-11-30 04:00:00,0.0,0.028,64.65761305070251
2019-11-30 05:00:00,0.0,0.013,58.725396988565315
2019-11-30 06:00:00,0.0,0.008,51.537043696599234
2019-11-30 07:00:00,0.011,0.014,62.93923618812255
2019-11-30 08:00:00,0.139,0.021,35.802097889350684
2019-11-30 09:00:00,0.279,0.033,51.74891753042281
2019-11-30 10:00:00,0.458,0.079,58.33227821344505
2019-11-30 11:00:00,0.574,0.144,28.395666119110015
2019-11-30 12:00:00,0.604,0.18,42.84116404237187
2019-11-30 13:00:00,0.555,0.183,39.74730573954338
2019-11-30 14:00:00,0.403,0.167,41.08762644674228
2019-11-30 15:00:00,0.213,0.132,36.34984810280194
2019-11-30 16:00:00,0.008,0.112,40.80387032789678
2019-11-30 17:00:00,0.0,0.092,18.834383473548215
2019-11-30 18:00:00,0.0,0.087,18.319750862455894
2019-11-30 19:00:00,0.0,0.109,53.58405949321782
2019-11-30 20:00:00,0.0,0.133,41.35131387785971
2019-11-30 21:00:00,0.0,0.156,33.149460907197025
2019-11-30 22:00:00,0.0,0.174,39.65954689516739
2019-11-30 23:00:00,0.0,0.179,64.49638318849365
2019-12-01 00:00:00,0.0,0.19,37.07913551840924
2019-12-01 01:00:00,0.0,0.201,53.43847606105027
2019-12-01 02:00:00,0.0,0.158,42.99334835812907
2019-12-01 03:00:00,0.0,0.123,57.83593055316669
2019-12-01 04:00:00,0.0,0.122,51.84263145945679
2019-12-01 05:00:00,0.0,0.159,48.855058395386294
2019-12-01 06:00:00,0.0,0.223,47.08389392529767
2019-12-01 07:00:00,0.014,0.286,56.6133396675266
2019-12-01 08:00:00,0.17,0.285,39.6994085212192
2019-12-01 09:00:00,0.367,0.278,55.26360160309761
2019-12-01 10:00:00,0.578,0.281,36.04640554657581
2019-12-01 11:00:00,0.66,0.271,50.33069859512566
2019-12-01 12:00:00,0.652,0.229,34.27507454641566
2019-12-01 13:00:00,0.583,0.175,31.06858178894067
2019-12-01 14:00:00,0.443,0.118,45.81187234539822
2019-12-01 15:00:00,0.196,0.075,32.22045325330589
2019-12-01 16:00:00,0.003,0.049,31.280782082126308
2019-12-01 17:00:00,0.0,0.038,35.3751393063483
2019-12-01 18:00:00,0.0,0.039,37.1726889302724
2019-12-01 19:00:00,0.0,0.065,20.643826034638842
2019-12-01 20:00:00,0.0,0.136,25.164371547067873
2019-12-01 21:00:00,0.0,0.233,39.649373348489576
2019-12-01 22:00:00,0.0,0.317,22.493430660607416
2019-12-01 23:00:00,0.0,0.345,47.72320715195012
2019-12-02 00:00:00,0.0,0.334,45.57252506756156
2019-12-02 01:00:00,0.0,0.328,58.90647767395305
2019-12-02 02:00:00,0.0,0.338,27.083995074406776
2019-12-02 03:00:00,0.0,0.328,62.83899528212558
2019-12-02 04:00:00,0.0,0.3,38.93896613713828
2019-12-02 05:00:00,0.0,0.286,33.847708265205696
2019-12-02 06:00:00,0.0,0.29,50.38174238644527
2019-12-02 07:00:00,0.008,0.288,46.69274496360846
2019-12-02 08:00:00,0.104,0.244,45.7499932270249
2019-12-02 09:00:00,0.229,0.166,47.00917300012891
2019-12-02 10:00:00,0.346,0.105,40.03411006892033
2019-12-02 11:00:00,0.44,0.063,43.141995780157316
2019-12-02 12:00:00,0.496,0.043,52.0659805051162
2019-12-02 13:00:00,0.472,0.028,44.021366482282495
2019-12-02 14:00:00,0.367,0.015,28.47320846099846
2019-12-02 15:00:00,0.189,0.003,48.41746184052666
2019-12-02 16:00:00,0.004,0.031,28.79716151905059
2019-12-02 17:00:00,0.0,0.051,24.996291311625153
2019-12-02 18:00:00,0.0,0.07,55.35089225655507
2019-12-02 19:00:00,0.0,0.071,42.29047513666948
2019-12-02 20:00:00,0.0,0.052,1.2579878130729512
2019-12-02 21:00:00,0.0,0.02,30.060487421214045
2019-12-02 22:00:00,0.0,0.043,18.193836384416024
2019-12-02 23:00:00,0.0,0.135,30.434320146075237
2019-12-03 00:00:00,0.0,0.212,57.98130744987577
2019-12-03 01:00:00,0.0,0.243,59.66706810519836
2019-12-03 02:00:00,0.0,0.261,42.212312968102076
2019-12-03 03:00:00,0.0,0.28,63.13630407201653
2019-12-03 04:00:00,0.0,0.284,50.07621420502851
2019-12-03 05:00:00,0.0,0.228,43.87989651257371
2019-12-03 06:00:00,0.0,0.148,59.01982052079858
2019-12-03 07:00:00,0.02,0.104,69.95558884099407
2019-12-03 08:00:00,0.182,0.133,55.83056494801879
2019-12-03 09:00:00,0.346,0.2,46.569538866159114
2019-12-03 10:00:00,0.544,0.251,42.18766787281462
2019-12-03 11:00:00,0.477,0.289,25.539412827549135
2019-12-03 12:00:00,0.363,0.376,13.03079870959333
2019-12-03 13:00:00,0.189,0.454,39.02587519370353
2019-12-03 14:00:00,0.078,0.484,57.29034614855022
2019-12-03 15:00:00,0.043,0.476,23.88267866178379
2019-12-03 16:00:00,0.0,0.513,24.910602812985303
2019-12-03 17:00:00,0.0,0.618,39.834627713090484
2019-12-03 18:00:00,0.0,0.762,22.651835229309263
2019-12-03 19:00:00,0.0,0.865,41.54978875149848
2019-12-03 20:00:00,0.0,0.933,62.38707838199318
2019-12-03 21:00:00,0.0,0.952,26.325485447502963
2019-12-03 22:00:00,0.0,0.959,29.97384423475595
2019-12-03 23:00:00,0.0,0.951,29.219067221174473
2019-12-04 00:00:00,0.0,0.958,30.185542146753285
2019-12-04 01:00:00,0.0,0.975,21.166389490871563
2019-12-04 02:00:00,0.0,0.978,34.68642409796954
2019-12-04 03:00:00,0.0,0.983,41.3706068162484
2019-12-04 04:00:00,0.0,0.986,37.81257226449901
2019-12-04 05:00:00,0.0,0.989,68.54085629114007
2019-12-04 06:00:00,0.0,0.991,32.99413664680459
2019-12-04 07:00:00,0.0,0.991,68.58365551193643
2019-12-04 08:00:00,0.014,0.991,37.376802538650026
2019-12-04 09:00:00,0.025,0.989,54.329797146043155
2019-12-04 10:00:00,0.019,0.986,57.69989130151808
2019-12-04 11:00:00,0.021,0.989,53.77968104024802
2019-12-04 12:00:00,0.014,0.989,76.00939942866137
2019-12-04 13:00:00,0.009,0.979,37.577561963900166
2019-12-04 14:00:00,0.003,0.954,49.0639959970306
2019-12-04 15:00:00,0.0,0.931,28.279997628782535
2019-12-04 16:00:00,0.0,0.929,34.29678342504762
2019-12-04 17:00:00,0.0,0.924,31.841872656624357
2019-12-04 18:00:00,0.0,0.896,52.05537628730677
2019-12-04 19:00:00,0.0,0.849,48.8433916095696
2019-12-04 20:00:00,0.0,0.822,6.08990369506477
2019-12-04 21:00:00,0.0,0.798,23.82918784050924
2019-12-04 22:00:00,0.0,0.8,32.361904196491196
2019-12-04 23:00:00,0.0,0.757,38.525740110974425
2019-12-05 00:00:00,0.0,0.74,40.52091708147098
2019-12-05 01:00:00,0.0,0.711,46.223365610967655
2019-12-05 02:00:00,0.0,0.691,41.06458582777527
2019-12-05 03:00:00,0.0,0.65,50.586436731956205
2019-12-05 04:00:00,0.0,0.604,44.9633157118512
2019-12-05 05:00:00,0.0,0.62,54.01301514734073
2019-12-05 06:00:00,0.0,0.686,40.37771754227754
2019-12-05 07:00:00,0.0,0.739,50.903710618612465
2019-12-05 08:00:00,0.019,0.793,39.24278874098778
2019-12-05 09:00:00,0.078,0.785,59.78858191698608
2019-12-05 10:00:00,0.135,0.759,28.305830422465625
2019-12-05 11:00:00,0.153,0.772,48.148162374238716
2019-12-05 12:00:00,0.114,0.739,48.24880078112578
2019-12-05 13:00:00,0.073,0.697,37.87654945169678
2019-12-05 14:00:00,0.028,0.681,21.538742836964982
2019-12-05 15:00:00,0.006,0.672,24.894339805840502
2019-12-05 16:00:00,0.0,0.649,25.110242538368038
2019-12-05 17:00:00,0.0,0.586,48.01992826221469
2019-12-05 18:00:00,0.0,0.544,27.710875298189187
2019-12-05 19:00:00,0.0,0.518,27.874103151131298
2019-12-05 20:00:00,0.0,0.502,56.09380741897247
2019-12-05 21:00:00,0.0,0.459,12.989391495703675
2019-12-05 22:00:00,0.0,0.407,32.8933457189841
2019-12-05 23:00:00,0.0,0.364,39.98917894091876
2019-12-06 00:00:00,0.0,0.325,42.768654244942226
2019-12-06 01:00:00,0.0,0.29,45.25400172160319
2019-12-06 02:00:00,0.0,0.252,81.58645983693685
2019-12-06 03:00:00,0.0,0.223,55.08839468052241
2019-12-06 04:00:00,0.0,0.174,28.198811275228593
2019-12-06 05:00:00,0.0,0.146,46.59134627663048
2019-12-06 06:00:00,0.0,0.121,44.23903123300513
2019-12-06 07:00:00,0.0,0.099,52.31167503245102
2019-12-06 08:00:00,0.069,0.084,55.69916650238852
2019-12-06 09:00:00,0.179,0.06,58.48329234239979
2019-12-06 10:00:00,0.271,0.038,49.186292139291645
2019-12-06 11:00:00,0.352,0.025,38.262543844646586
2019-12-06 12:00:00,0.413,0.019,43.64940980153174
2019-12-06 13:00:00,0.399,0.017,22.028225101244516
2019-12-06 14:00:00,0.322,0.021,59.27278136960582
2019-12-06 15:00:00,0.181,0.027,48.25749798473472
2019-12-06 16:00:00,0.002,0.04,39.00444026594447
2019-12-06 17:00:00,0.0,0.058,37.06299849521741
2019-12-06 18:00:00,0.0,0.079,36.23484375778412
2019-12-06 19:00:00,0.0,0.101,40.7306068122299
2019-12-06 20:00:00,0.0,0.122,27.088262018114847
2019-12-06 21:00:00,0.0,0.135,47.931999857806545
2019-12-06 22:00:00,0.0,0.134,31.3451063201613
2019-12-06 23:00:00,0.0,0.132,57.727614210519754
2019-12-07 00:00:00,0.0,0.141,33.84522285298572
2019-12-07 01:00:00,0.0,0.151,41.821476687869726
2019-12-07 02:00:00,0.0,0.158,56.27111731901702
2019-12-07 03:00:00,0.0,0.187,74.92308368416903
2019-12-07 04:00:00,0.0,0.232,35.38437865167299
2019-12-07 05:00:00,0.0,0.264,55.955653856033365
2019-12-07 06:00:00,0.0,0.298,39.306001727109745
2019-12-07 07:00:00,0.03,0.335,65.30820430371135
2019-12-07 08:00:00,0.264,0.316,51.856415958972065
2019-12-07 09:00:00,0.476,0.246,51.151843269771874
2019-12-07 10:00:00,0.613,0.191,48.62183120846144
2019-12-07 11:00:00,0.67,0.12,49.62259487104721
2019-12-07 12:00:00,0.664,0.069,67.39469625980158
2019-12-07 13:00:00,0.598,0.037,55.59955999856558
2019-12-07 14:00:00,0.465,0.018,51.178163660717175
2019-12-07 15:00:00,0.252,0.011,28.568101033527157
2019-12-07 16:00:00,0.005,0.012,53.11864039916702
2019-12-07 17:00:00,0.0,0.017,25.357258618978506
2019-12-07 18:00:00,0.0,0.029,37.37924190009028
2019-12-07 19:00:00,0.0,0.05,57.99718091410912
2019-12-07 20:00:00,0.0,0.074,33.424413531256576
2019-12-07 21:00:00,0.0,0.089,46.425039396136555
2019-12-07 22:00:00,0.0,0.101,49.14479531286788
2019-12-07 23:00:00,0.0,0.127,32.13056612837262
2019-12-08 00:00:00,0.0,0.174,44.16659075898801
2019-12-08 01:00:00,0.0,0.217,59.032916310423204
2019-12-08 02:00:00,0.0,0.272,22.65274314431365
2019-12-08 03:00:00,0.0,0.347,47.04279486823473
2019-12-08 04:00:00,0.0,0.406,51.88067315390769
2019-12-08 05:00:00,0.0,0.42,52.4532592406386
2019-12-08 06:00:00,0.0,0.414,64.42908234484028
2019-12-08 07:00:00,0.033,0.413,25.468695232987564
2019-12-08 08:00:00,0.283,0.332,49.43853270067308
2019-12-08 09:00:00,0.494,0.24,53.45752438601096
2019-12-08 10:00:00,0.622,0.204,41.32324236618287
2019-12-08 11:00:00,0.678,0.181,47.026550706381016
2019-12-08 12:00:00,0.668,0.184,45.41900893400391
2019-12-08 13:00:00,0.603,0.195,30.3289309979968
2019-12-08 14:00:00,0.471,0.2,53.53375401198636
2019-12-08 15:00:00,0.26,0.17,68.22860504085206
2019-12-08 16:00:00,0.006,0.18,24.79286085808033
2019-12-08 17:00:00,0.0,0.233,40.748423216010984
2019-12-08 18:00:00,0.0,0.302,57.35229875927159
2019-12-08 19:00:00,0.0,0.385,41.557643518160674
2019-12-08 20:00:00,0.0,0.441,35.457202660139075
2019-12-08 21:00:00,0.0,0.483,29.587448725717227
2019-12-08 22:00:00,0.0,0.577,33.474110479640096
2019-12-08 23:00:00,0.0,0.69,30.319268174243483
2019-12-09 00:00:00,0.0,0.766,67.0709813413443
2019-12-09 01:00:00,0.0,0.825,30.760900833895523
2019-12-09 02:00:00,0.0,0.857,64.8634825978525
2019-12-09 03:00:00,0.0,0.884,53.30985689614056
2019-12-09 04:00:00,0.0,0.923,49.22090161876762
2019-12-09 05:00:00,0.0,0.951,47.3831719355624
2019-12-09 06:00:00,0.0,0.964,40.53220556113332
2019-12-09 07:00:00,0.029,0.966,44.87801641352112
2019-12-09 08:00:00,0.3,0.967,73.73129845687478
2019-12-09 09:00:00,0.514,0.976,65.25595787219714
2019-12-09 10:00:00,0.64,0.989,43.576987299330476
2019-12-09 11:00:00,0.696,0.991,67.13360408023759
2019-12-09 12:00:00,0.684,0.991,41.58263281720008
2019-12-09 13:00:00,0.619,0.991,23.437455303222883
2019-12-09 14:00:00,0.495,0.991,24.097466672817625
2019-12-09 15:00:00,0.287,0.988,32.350601624508165
2019-12-09 16:00:00,0.008,0.986,42.19608659723099
2019-12-09 17:00:00,0.0,0.982,41.46697909110962
2019-12-09 18:00:00,0.0,0.973,26.574871226632546
2019-12-09 19:00:00,0.0,0.962,19.168718652316507
2019-12-09 20:00:00,0.0,0.947,45.844014359364216
2019-12-09 21:00:00,0.0,0.926,74.70613645662877
2019-12-09 22:00:00,0.0,0.901,23.08496144486746
2019-12-09 23:00:00,0.0,0.876,31.0021278922985
2019-12-10 00:00:00,0.0,0.862,45.663747212240715
2019-12-10 01:00:00,0.0,0.847,40.846157058019166
2019-12-10 02:00:00,0.0,0.799,51.0442464062939
2019-12-10 03:00:00,0.0,0.748,47.09602164175318
2019-12-10 04:00:00,0.0,0.74,45.69116278764881
2019-12-10 05:00:00,0.0,0.721,72.12354212569858
2019-12-10 06:00:00,0.0,0.69,65.7459834608386
2019-12-10 07:00:00,0.042,0.716,52.30595730817922
2019-12-10 08:00:00,0.324,0.698,36.229086266252274
2019-12-10 09:00:00,0.535,0.61,58.36210986742901
2019-12-10 10:00:00,0.653,0.513,46.596218933002234
2019-12-10 11:00:00,0.684,0.436,43.605047454243476
2019-12-10 12:00:00,0.662,0.346,29.22028125756687
2019-12-10 13:00:00,0.62,0.268,29.98365659088833
2019-12-10 14:00:00,0.494,0.21,35.856496793981314
2019-12-10 15:00:00,0.298,0.179,19.711958455220568
2019-12-10 16:00:00,0.01,0.18,51.650172130805046
2019-12-10 17:00:00,0.0,0.189,42.97983507829497
2019-12-10 18:00:00,0.0,0.171,42.09920217026093
2019-12-10 19:00:00,0.0,0.133,16.87413908520122
2019-12-10 20:00:00,0.0,0.098,32.98823251080809
2019-12-10 21:00:00,0.0,0.071,21.512557193771848
2019-12-10 22:00:00,0.0,0.058,33.46111239951343
2019-12-10 23:00:00,0.0,0.058,34.81965331480021
2019-12-11 00:00:00,0.0,0.06,55.387688489711444
2019-12-11 01:00:00,0.0,0.059,56.61380448362802
2019-12-11 02:00:00,0.0,0.066,58.01616626723946
2019-12-11 03:00:00,0.0,0.088,50.203387377193245
2019-12-11 04:00:00,0.0,0.111,25.406614841063274
2019-12-11 05:00:00,0.0,0.138,71.52086703042164
2019-12-11 06:00:00,0.0,0.182,47.081438468622466
2019-12-11 07:00:00,0.013,0.23,45.85395453663314
2019-12-11 08:00:00,0.194,0.245,53.52318200489779
2019-12-11 09:00:00,0.39,0.267,46.37089523957946
2019-12-11 10:00:00,0.579,0.383,78.83113415306289
2019-12-11 11:00:00,0.627,0.514,25.0494691318091
2019-12-11 12:00:00,0.537,0.728,61.85336631770012
2019-12-11 13:00:00,0.334,0.944,29.57649635493604
2019-12-11 14:00:00,0.224,0.974,24.290573610967698
2019-12-11 15:00:00,0.173,0.97,42.20878066160105
2019-12-11 16:00:00,0.004,0.981,41.43851035454341
2019-12-11 17:00:00,0.0,0.978,35.594612595315986
2019-12-11 18:00:00,0.0,0.97,31.650623428249453
2019-12-11 19:00:00,0.0,0.925,38.466907261633914
2019-12-11 20:00:00,0.0,0.835,32.05885139908695
2019-12-11 21:00:00,0.0,0.763,36.54884033192848
2019-12-11 22:00:00,0.0,0.734,37.46955802782509
2019-12-11 23:00:00,0.0,0.774,31.119502437203803
2019-12-12 00:00:00,0.0,0.834,49.96978229571505
2019-12-12 01:00:00,0.0,0.895,53.849515706787244
2019-12-12 02:00:00,0.0,0.923,49.65236920667191
2019-12-12 03:00:00,0.0,0.93,49.95771765867086
2019-12-12 04:00:00,0.0,0.923,31.82024255600186
2019-12-12 05:00:00,0.0,0.9,53.54226226720347
2019-12-12 06:00:00,0.0,0.873,52.63887497300734
2019-12-12 07:00:00,0.0,0.864,55.58160592176259
2019-12-12 08:00:00,0.056,0.855,40.943410498951096
2019-12-12 09:00:00,0.117,0.82,31.915842466299715
2019-12-12 10:00:00,0.199,0.837,48.91298949114685
2019-12-12 11:00:00,0.302,0.84,45.76394984490787
2019-12-12 12:00:00,0.247,0.853,19.83673659410841
2019-12-12 13:00:00,0.065,0.812,55.40769647208165
2019-12-12 14:00:00,0.038,0.759,53.833749927531784
2019-12-12 15:00:00,0.01,0.75,21.430551401875523
2019-12-12 16:00:00,0.0,0.813,53.2821039559606
2019-12-12 17:00:00,0.0,0.868,17.19360898697029
2019-12-12 18:00:00,0.0,0.889,16.441023213899395
2019-12-12 19:00:00,0.0,0.91,39.76723013558107
2019-12-12 20:00:00,0.0,0.939,40.99177526294315
2019-12-12 21:00:00,0.0,0.948,26.464595866776992
2019-12-12 22:00:00,0.0,0.949,46.3330591830077
2019-12-12 23:00:00,0.0,0.952,31.187692879371667
2019-12-13 00:00:00,0.0,0.96,38.70858369999509
2019-12-13 01:00:00,0.0,0.964,40.5361523548502
2019-12-13 02:00:00,0.0,0.967,43.95230009227417
2019-12-13 03:00:00,0.0,0.975,76.12704917998923
2019-12-13 04:00:00,0.0,0.982,59.49731186518552
2019-12-13 05:00:00,0.0,0.988,57.214781851996335
2019-12-13 06:00:00,0.0,0.991,57.593149718043364
2019-12-13 07:00:00,0.004,0.986,62.63886352272378
2019-12-13 08:00:00,0.132,0.978,40.286852789036516
2019-12-13 09:00:00,0.329,0.958,42.3572555386349
2019-12-13 10:00:00,0.478,0.912,73.26645658721938
2019-12-13 11:00:00,0.556,0.851,45.619759313240806
2019-12-13 12:00:00,0.539,0.832,53.04346423992661
2019-12-13 13:00:00,0.489,0.872,57.8811749959061
2019-12-13 14:00:00,0.387,0.928,35.23297149941722
2019-12-13 15:00:00,0.209,0.971,47.655933374373106
2019-12-13 16:00:00,0.001,0.989,40.5489135850623
2019-12-13 17:00:00,0.0,0.991,31.293014113576263
2019-12-13 18:00:00,0.0,0.989,36.66652763539906
2019-12-13 19:00:00,0.0,0.985,12.042444167698598
2019-12-13 20:00:00,0.0,0.978,34.16901287092369
2019-12-13 21:00:00,0.0,0.971,44.51742448408991
2019-12-13 22:00:00,0.0,0.968,35.15035387133379
2019-12-13 23:00:00,0.0,0.966,21.975513608496136
2019-12-14 00:00:00,0.0,0.96,29.500795494839178
2019-12-14 01:00:00,0.0,0.951,36.81798801187026
2019-12-14 02:00:00,0.0,0.951,49.18039068291393
2019-12-14 03:00:00,0.0,0.965,57.49177727478931
2019-12-14 04:00:00,0.0,0.968,75.89679701540038
2019-12-14 05:00:00,0.0,0.959,67.14108418928143
2019-12-14 06:00:00,0.0,0.941,42.98698539145093
2019-12-14 07:00:00,0.017,0.92,28.473635275164888
2019-12-14 08:00:00,0.271,0.852,35.45426999895634
2019-12-14 09:00:00,0.424,0.771,44.6734881826461
2019-12-14 10:00:00,0.53,0.798,66.04397166076276
2019-12-14 11:00:00,0.641,0.75,34.19291729916078
2019-12-14 12:00:00,0.583,0.675,32.71892160076516
2019-12-14 13:00:00,0.453,0.622,30.08466837857857
2019-12-14 14:00:00,0.224,0.542,38.370562441460564
2019-12-14 15:00:00,0.051,0.438,29.405995965515793
2019-12-14 16:00:00,0.0,0.361,36.39745512352409
2019-12-14 17:00:00,0.0,0.281,24.704831342377624
2019-12-14 18:00:00,0.0,0.2,49.92274796031624
2019-12-14 19:00:00,0.0,0.165,39.62979525821447
2019-12-14 20:00:00,0.0,0.162,29.89162885060587
2019-12-14 21:00:00,0.0,0.205,49.56339956265322
2019-12-14 22:00:00,0.0,0.257,39.715011655516925
2019-12-14 23:00:00,0.0,0.27,31.67936160225952
2019-12-15 00:00:00,0.0,0.28,54.512663129055625
2019-12-15 01:00:00,0.0,0.309,36.035212923315406
2019-12-15 02:00:00,0.0,0.358,30.82463480731337
2019-12-15 03:00:00,0.0,0.403,62.34459779444794
2019-12-15 04:00:00,0.0,0.436,41.394018950975166
2019-12-15 05:00:00,0.0,0.466,37.773996319340725
2019-12-15 06:00:00,0.0,0.484,31.964599407699772
2019-12-15 07:00:00,0.018,0.494,39.786302946814786
2019-12-15 08:00:00,0.236,0.422,71.77578747294042
2019-12-15 09:00:00,0.474,0.376,39.85575546483977
2019-12-15 10:00:00,0.616,0.454,40.712472976505694
2019-12-15 11:00:00,0.669,0.38,59.14981835811527
2019-12-15 12:00:00,0.668,0.261,40.56717787866816
2019-12-15 13:00:00,0.603,0.172,25.821013176649544
2019-12-15 14:00:00,0.472,0.133,24.302605698525728
2019-12-15 15:00:00,0.258,0.14,29.029634756744514
2019-12-15 16:00:00,0.003,0.178,43.46141386330647
2019-12-15 17:00:00,0.0,0.202,50.327097025132026
2019-12-15 18:00:00,0.0,0.202,34.274428803191306
2019-12-15 19:00:00,0.0,0.167,8.785731597415818
2019-12-15 20:00:00,0.0,0.122,34.39009523856147
2019-12-15 21:00:00,0.0,0.095,30.402285695448306
2019-12-15 22:00:00,0.0,0.089,44.931187057427024
2019-12-15 23:00:00,0.0,0.09,41.874987098978394
2019-12-16 00:00:00,0.0,0.097,34.76204040209093
2019-12-16 01:00:00,0.0,0.132,40.54110487398014
2019-12-16 02:00:00,0.0,0.19,56.22408178419002
2019-12-16 03:00:00,0.0,0.231,54.51259008591654
2019-12-16 04:00:00,0.0,0.262,49.122650559141896
2019-12-16 05:00:00,0.0,0.27,74.81325166808594
2019-12-16 06:00:00,0.0,0.282,30.17231628945187
2019-12-16 07:00:00,0.0,0.323,45.22510582508151
2019-12-16 08:00:00,0.032,0.355,34.358355211061436
2019-12-16 09:00:00,0.104,0.355,46.934709949213385
2019-12-16 10:00:00,0.173,0.341,49.865616381877004
2019-12-16 11:00:00,0.157,0.328,43.08701097159968
2019-12-16 12:00:00,0.119,0.347,58.67567457763838
2019-12-16 13:00:00,0.083,0.387,68.4544536953039
2019-12-16 14:00:00,0.062,0.408,26.405318755893624
2019-12-16 15:00:00,0.009,0.444,52.09379278363397
2019-12-16 16:00:00,0.0,0.54,47.1629569897709
2019-12-16 17:00:00,0.0,0.539,21.78862243460948
2019-12-16 18:00:00,0.0,0.51,27.036876282115912
2019-12-16 19:00:00,0.0,0.51,19.64301514862411
2019-12-16 20:00:00,0.0,0.501,34.298605828596294
2019-12-16 21:00:00,0.0,0.457,29.825156215034863
2019-12-16 22:00:00,0.0,0.435,52.24424051748099
2019-12-16 23:00:00,0.0,0.447,52.41499967101442
2019-12-17 00:00:00,0.0,0.51,28.162906339095855
2019-12-17 01:00:00,0.0,0.578,26.92487285616271
2019-12-17 02:00:00,0.0,0.612,49.96176484570141
2019-12-17 03:00:00,0.0,0.645,50.63599887032997
2019-12-17 04:00:00,0.0,0.664,50.090351692471316
2019-12-17 05:00:00,0.0,0.697,41.81017154060528
2019-12-17 06:00:00,0.0,0.733,66.65325621186938
2019-12-17 07:00:00,0.0,0.697,36.73211629822359
2019-12-17 08:00:00,0.05,0.625,57.5570798166314
2019-12-17 09:00:00,0.133,0.498,66.48720892788532
2019-12-17 10:00:00,0.218,0.395,22.27468317116505
2019-12-17 11:00:00,0.22,0.293,27.831055662531107
2019-12-17 12:00:00,0.11,0.211,29.06464465636971
2019-12-17 13:00:00,0.063,0.132,37.00975468232773
2019-12-17 14:00:00,0.036,0.1,39.58580261788308
2019-12-17 15:00:00,0.007,0.11,39.25196380956313
2019-12-17 16:00:00,0.0,0.148,40.59666325967106
2019-12-17 17:00:00,0.0,0.18,39.98584978233826
2019-12-17 18:00:00,0.0,0.163,54.77883472222197
2019-12-17 19:00:00,0.0,0.107,28.289956915998943
2019-12-17 20:00:00,0.0,0.069,33.48026716819268
2019-12-17 21:00:00,0.0,0.077,14.887130697788798
2019-12-17 22:00:00,0.0,0.132,25.611694359377083
2019-12-17 23:00:00,0.0,0.207,12.628493816372973
2019-12-18 00:00:00,0.0,0.274,30.474927599246467
2019-12-18 01:00:00,0.0,0.323,40.35700030235393
2019-12-18 02:00:00,0.0,0.357,53.674553115288646
2019-12-18 03:00:00,0.0,0.341,48.767256104886684
2019-12-18 04:00:00,0.0,0.311,52.478005013641564
2019-12-18 05:00:00,0.0,0.283,63.97419421615224
2019-12-18 06:00:00,0.0,0.268,68.56329538432523
2019-12-18 07:00:00,0.001,0.3,56.76840722279348
2019-12-18 08:00:00,0.089,0.358,62.01798913595643
2019-12-18 09:00:00,0.244,0.343,47.271681627965286
2019-12-18 10:00:00,0.447,0.271,44.32863178604052
2019-12-18 11:00:00,0.556,0.193,41.82478086739003
2019-12-18 12:00:00,0.58,0.122,50.03177114426562
2019-12-18 13:00:00,0.513,0.078,31.66402071298016
2019-12-18 14:00:00,0.367,0.076,24.589912957856917
2019-12-18 15:00:00,0.134,0.09,32.61015356574265
2019-12-18 16:00:00,0.0,0.078,37.230249949425556
2019-12-18 17:00:00,0.0,0.065,26.993331313930362
2019-12-18 18:00:00,0.0,0.057,33.11143386181886
2019-12-18 19:00:00,0.0,0.049,46.953365455813085
2019-12-18 20:00:00,0.0,0.048,49.85209934991771
2019-12-18 21:00:00,0.0,0.054,28.699663730444367
2019-12-18 22:00:00,0.0,0.053,38.807321485025895
2019-12-18 23:00:00,0.0,0.038,53.14130443682829
2019-12-19 00:00:00,0.0,0.026,36.93553371256738
2019-12-19 01:00:00,0.0,0.02,55.074874616050195
2019-12-19 02:00:00,0.0,0.024,50.401483005620804
2019-12-19 03:00:00,0.0,0.032,58.64635732733724
2019-12-19 04:00:00,0.0,0.035,58.29282322670157
2019-12-19 05:00:00,0.0,0.048,51.3603511948905
2019-12-19 06:00:00,0.0,0.087,55.71805851397904
2019-12-19 07:00:00,0.001,0.126,29.653411065240004
2019-12-19 08:00:00,0.066,0.141,50.93783530809881
2019-12-19 09:00:00,0.189,0.148,41.985070158961626
2019-12-19 10:00:00,0.53,0.233,40.07389991297285
2019-12-19 11:00:00,0.599,0.311,27.447651491089818
2019-12-19 12:00:00,0.585,0.401,62.277273577319114
2019-12-19 13:00:00,0.502,0.542,40.85773898217062
2019-12-19 14:00:00,0.328,0.637,25.97734862201039
2019-12-19 15:00:00,0.142,0.578,20.93567910716932
2019-12-19 16:00:00,0.0,0.51,16.439398655801778
2019-12-19 17:00:00,0.0,0.535,32.61892786446959
2019-12-19 18:00:00,0.0,0.591,22.397118994250945
2019-12-19 19:00:00,0.0,0.655,37.659882257412484
2019-12-19 20:00:00,0.0,0.731,55.60721738453715
2019-12-19 21:00:00,0.0,0.782,34.235255985666285
2019-12-19 22:00:00,0.0,0.803,27.275155514843483
2019-12-19 23:00:00,0.0,0.856,18.041584371635288
2019-12-20 00:00:00,0.0,0.918,49.25480678417114
2019-12-20 01:00:00,0.0,0.951,45.620715483943286
2019-12-20 02:00:00,0.0,0.964,25.6425926315962
2019-12-20 03:00:00,0.0,0.969,35.42605910612917
2019-12-20 04:00:00,0.0,0.976,32.9278919496533
2019-12-20 05:00:00,0.0,0.978,58.3352689386531
2019-12-20 06:00:00,0.0,0.979,33.87914414080304
2019-12-20 07:00:00,0.0,0.979,55.89350466049173
2019-12-20 08:00:00,0.004,0.971,62.12531401809636
2019-12-20 09:00:00,0.018,0.924,56.961478984085765
2019-12-20 10:00:00,0.057,0.788,29.757263335721067
2019-12-20 11:00:00,0.191,0.645,39.07510095474099
2019-12-20 12:00:00,0.491,0.543,37.13465859908028
2019-12-20 13:00:00,0.428,0.381,42.38482787606807
2019-12-20 14:00:00,0.161,0.201,78.66956367743651
2019-12-20 15:00:00,0.056,0.22,22.736071908685624
2019-12-20 16:00:00,0.0,0.376,29.6514403619477
2019-12-20 17:00:00,0.0,0.422,32.634641780250554
2019-12-20 18:00:00,0.0,0.415,34.83413414410485
2019-12-20 19:00:00,0.0,0.555,47.50536857518978
2019-12-20 20:00:00,0.0,0.685,43.82605154443965
2019-12-20 21:00:00,0.0,0.773,16.363469345772298
2019-12-20 22:00:00,0.0,0.787,45.18832434902446
2019-12-20 23:00:00,0.0,0.728,48.58151663708022
2019-12-21 00:00:00,0.0,0.624,36.63615920639766
2019-12-21 01:00:00,0.0,0.604,48.16907997564992
2019-12-21 02:00:00,0.0,0.614,39.192836997297746
2019-12-21 03:00:00,0.0,0.646,42.13641909610982
2019-12-21 04:00:00,0.0,0.646,49.59472382521035
2019-12-21 05:00:00,0.0,0.58,45.67952562869961
2019-12-21 06:00:00,0.0,0.436,53.85863861313239
2019-12-21 07:00:00,0.004,0.305,40.15127779737438
2019-12-21 08:00:00,0.083,0.231,51.04129888259352
2019-12-21 09:00:00,0.151,0.201,64.90827341026224
2019-12-21 10:00:00,0.147,0.245,42.49644170880973
2019-12-21 11:00:00,0.155,0.332,57.84499370446821
2019-12-21 12:00:00,0.14,0.46,52.51063063514259
2019-12-21 13:00:00,0.234,0.599,30.765457741999125
2019-12-21 14:00:00,0.177,0.778,48.16729771070237
2019-12-21 15:00:00,0.114,0.902,32.77865644758289
2019-12-21 16:00:00,0.0,0.944,24.246101999049348
2019-12-21 17:00:00,0.0,0.966,22.670745713143877
2019-12-21 18:00:00,0.0,0.967,30.552920344135938
2019-12-21 19:00:00,0.0,0.968,40.06752308234528
2019-12-21 20:00:00,0.0,0.989,32.92089805596524
2019-12-21 21:00:00,0.0,0.984,45.7304746799063
2019-12-21 22:00:00,0.0,0.975,29.89803473257676
2019-12-21 23:00:00,0.0,0.977,50.2584660460576
2019-12-22 00:00:00,0.0,0.978,16.0705989178199
2019-12-22 01:00:00,0.0,0.962,53.79973871094107
2019-12-22 02:00:00,0.0,0.971,33.21939975323079
2019-12-22 03:00:00,0.0,0.968,31.952962436870273
2019-12-22 04:00:00,0.0,0.969,50.42661175565019
2019-12-22 05:00:00,0.0,0.977,41.16165355396592
2019-12-22 06:00:00,0.0,0.987,55.31593366263193
2019-12-22 07:00:00,0.016,0.991,53.29067571811937
2019-12-22 08:00:00,0.253,0.985,21.589070227097398
2019-12-22 09:00:00,0.47,0.977,48.86874124122538
2019-12-22 10:00:00,0.607,0.974,69.05262336875386
2019-12-22 11:00:00,0.669,0.966,33.63813232912762
2019-12-22 12:00:00,0.658,0.95,17.353091188283393
2019-12-22 13:00:00,0.521,0.917,53.82180234902816
2019-12-22 14:00:00,0.326,0.847,38.42678523316125
2019-12-22 15:00:00,0.102,0.836,23.6233862908517
2019-12-22 16:00:00,0.0,0.919,44.086831753361665
2019-12-22 17:00:00,0.0,0.959,47.17428873916238
2019-12-22 18:00:00,0.0,0.962,40.13859633599531
2019-12-22 19:00:00,0.0,0.958,41.8672416479224
2019-12-22 20:00:00,0.0,0.939,22.963867077888615
2019-12-22 21:00:00,0.0,0.945,58.49602236740768
2019-12-22 22:00:00,0.0,0.971,47.61730502081066
2019-12-22 23:00:00,0.0,0.983,44.143591079001204
2019-12-23 00:00:00,0.0,0.984,37.42608465743751
2019-12-23 01:00:00,0.0,0.983,76.6171474271842
2019-12-23 02:00:00,0.0,0.974,66.21630311963409
2019-12-23 03:00:00,0.0,0.955,35.04906845390545
2019-12-23 04:00:00,0.0,0.919,48.78823696643184
2019-12-23 05:00:00,0.0,0.842,54.575035560413994
2019-12-23 06:00:00,0.0,0.768,59.527811409276424
2019-12-23 07:00:00,0.023,0.731,68.06605747786791
2019-12-23 08:00:00,0.28,0.676,51.220416153587465
2019-12-23 09:00:00,0.505,0.702,44.31514250489636
2019-12-23 10:00:00,0.626,0.753,54.29046587756183
2019-12-23 11:00:00,0.678,0.78,39.22456702797555
2019-12-23 12:00:00,0.668,0.803,44.48196091285753
2019-12-23 13:00:00,0.598,0.807,41.14129373514501
2019-12-23 14:00:00,0.461,0.757,27.918530348148494
2019-12-23 15:00:00,0.238,0.647,39.84262443384639
2019-12-23 16:00:00,0.002,0.562,44.14185416663152
2019-12-23 17:00:00,0.0,0.481,35.65802793997162
2019-12-23 18:00:00,0.0,0.38,26.629377971826905
2019-12-23 19:00:00,0.0,0.317,17.616327253006624
2019-12-23 20:00:00,0.0,0.305,20.637728528097895
2019-12-23 21:00:00,0.0,0.338,60.732328672213434
2019-12-23 22:00:00,0.0,0.385,54.25176574944594
2019-12-23 23:00:00,0.0,0.447,33.7135045263078
2019-12-24 00:00:00,0.0,0.484,42.94173201565718
2019-12-24 01:00:00,0.0,0.479,40.88747906676503
2019-12-24 02:00:00,0.0,0.488,49.5177356785746
2019-12-24 03:00:00,0.0,0.514,31.332070279634003
2019-12-24 04:00:00,0.0,0.527,46.91518105791244
2019-12-24 05:00:00,0.0,0.513,43.82029042625666
2019-12-24 06:00:00,0.0,0.501,51.32691264519413
2019-12-24 07:00:00,0.024,0.494,62.04273730499453
2019-12-24 08:00:00,0.281,0.439,65.32039505495712
2019-12-24 09:00:00,0.488,0.425,58.3773852536535
2019-12-24 10:00:00,0.607,0.425,53.47330643867821
2019-12-24 11:00:00,0.657,0.383,53.15947129845848
2019-12-24 12:00:00,0.645,0.376,55.77724132592197
2019-12-24 13:00:00,0.58,0.364,23.68433433457839
2019-12-24 14:00:00,0.449,0.336,36.81620096107677
2019-12-24 15:00:00,0.226,0.296,17.34237713616479
2019-12-24 16:00:00,0.002,0.298,30.185071054735644
2019-12-24 17:00:00,0.0,0.289,21.57410364856369
2019-12-24 18:00:00,0.0,0.27,50.44274875007917
2019-12-24 19:00:00,0.0,0.264,54.46461328134921
2019-12-24 20:00:00,0.0,0.265,25.981832303619477
2019-12-24 21:00:00,0.0,0.255,26.05993937075405
2019-12-24 22:00:00,0.0,0.254,39.81300847005046
2019-12-24 23:00:00,0.0,0.278,24.718757074996585
2019-12-25 00:00:00,0.0,0.337,65.37397356082691
2019-12-25 01:00:00,0.0,0.408,21.573178865926153
2019-12-25 02:00:00,0.0,0.468,52.589086579270116
2019-12-25 03:00:00,0.0,0.507,49.911910385928934
2019-12-25 04:00:00,0.0,0.515,55.27426901451918
2019-12-25 05:00:00,0.0,0.495,61.808661491673
2019-12-25 06:00:00,0.0,0.471,47.384219526612895
2019-12-25 07:00:00,0.022,0.447,45.35205746645329
2019-12-25 08:00:00,0.276,0.373,35.44174682670703
2019-12-25 09:00:00,0.487,0.256,66.57997588812293
2019-12-25 10:00:00,0.614,0.18,47.70256839988204
2019-12-25 11:00:00,0.666,0.135,40.872129349375186
2019-12-25 12:00:00,0.659,0.105,41.52174606544124
2019-12-25 13:00:00,0.592,0.087,46.43667362369416
2019-12-25 14:00:00,0.45,0.074,49.21945489836636
2019-12-25 15:00:00,0.18,0.082,28.160720219732134
2019-12-25 16:00:00,0.0,0.114,46.6841609597932
2019-12-25 17:00:00,0.0,0.155,30.487018042686866
2019-12-25 18:00:00,0.0,0.193,27.956677267257547
2019-12-25 19:00:00,0.0,0.217,41.915887528817215
2019-12-25 20:00:00,0.0,0.249,25.74208368880292
2019-12-25 21:00:00,0.0,0.281,22.80141834148577
2019-12-25 22:00:00,0.0,0.297,28.319430130801905
2019-12-25 23:00:00,0.0,0.3,33.074188379998674
2019-12-26 00:00:00,0.0,0.323,59.03564814515551
2019-12-26 01:00:00,0.0,0.388,47.65495094690656
2019-12-26 02:00:00,0.0,0.468,39.18601886448889
2019-12-26 03:00:00,0.0,0.523,42.010050942474734
2019-12-26 04:00:00,0.0,0.552,51.07060966049207
2019-12-26 05:00:00,0.0,0.572,63.27507290410429
2019-12-26 06:00:00,0.0,0.603,63.27787032502961
2019-12-26 07:00:00,0.008,0.621,56.18403136740217
2019-12-26 08:00:00,0.155,0.595,53.84372973454471
2019-12-26 09:00:00,0.239,0.618,49.051607741270054
2019-12-26 10:00:00,0.262,0.544,23.699303923838205
2019-12-26 11:00:00,0.346,0.458,35.95500744990462
2019-12-26 12:00:00,0.499,0.368,39.64194360817973
2019-12-26 13:00:00,0.514,0.259,27.648073370710375
2019-12-26 14:00:00,0.384,0.133,41.76811656583413
2019-12-26 15:00:00,0.163,0.053,58.797626520813736
2019-12-26 16:00:00,0.0,0.019,16.68067769322432
2019-12-26 17:00:00,0.0,0.025,32.57211321432281
2019-12-26 18:00:00,0.0,0.058,39.642717985839525
2019-12-26 19:00:00,0.0,0.107,42.78525101611178
2019-12-26 20:00:00,0.0,0.155,53.57253189213931
2019-12-26 21:00:00,0.0,0.222,29.075698710156857
2019-12-26 22:00:00,0.0,0.292,39.31123671353299
2019-12-26 23:00:00,0.0,0.35,36.13501041395406
2019-12-27 00:00:00,0.0,0.395,61.82873328997162
2019-12-27 01:00:00,0.0,0.42,40.297672769569985
2019-12-27 02:00:00,0.0,0.416,63.22415546361156
2019-12-27 03:00:00,0.0,0.396,43.23447819924918
2019-12-27 04:00:00,0.0,0.385,64.77168758604546
2019-12-27 05:00:00,0.0,0.398,50.301031060209226
2019-12-27 06:00:00,0.0,0.431,49.036248352819605
2019-12-27 07:00:00,0.029,0.464,64.06607712892534
2019-12-27 08:00:00,0.314,0.438,29.02171953592916
2019-12-27 09:00:00,0.529,0.348,54.25322115506298
2019-12-27 10:00:00,0.652,0.27,53.560444083200466
2019-12-27 11:00:00,0.705,0.227,54.94056448348218
2019-12-27 12:00:00,0.696,0.213,45.374395649758526
2019-12-27 13:00:00,0.633,0.192,29.691964455675603
2019-12-27 14:00:00,0.496,0.164,48.57745233638062
2019-12-27 15:00:00,0.27,0.153,42.210651196693576
2019-12-27 16:00:00,0.005,0.182,27.430891867881165
2019-12-27 17:00:00,0.0,0.229,33.21195956660517
2019-12-27 18:00:00,0.0,0.286,35.537881694387
2019-12-27 19:00:00,0.0,0.342,49.5715884982322
2019-12-27 20:00:00,0.0,0.367,29.96161480489327
2019-12-27 21:00:00,0.0,0.331,31.90040564670323
2019-12-27 22:00:00,0.0,0.27,38.38418313505067
2019-12-27 23:00:00,0.0,0.223,28.673847578808804
2019-12-28 00:00:00,0.0,0.179,64.05451289647257
2019-12-28 01:00:00,0.0,0.131,61.62646958515347
2019-12-28 02:00:00,0.0,0.095,70.63362568228894
2019-12-28 03:00:00,0.0,0.082,35.74710426743867
2019-12-28 04:00:00,0.0,0.076,56.56928696346849
2019-12-28 05:00:00,0.0,0.066,62.61747809128088
2019-12-28 06:00:00,0.0,0.053,50.97028713592166
2019-12-28 07:00:00,0.025,0.036,55.087724365652036
2019-12-28 08:00:00,0.297,0.028,59.005596121731784
2019-12-28 09:00:00,0.505,0.026,70.11116503219777
2019-12-28 10:00:00,0.629,0.029,30.543499006365607
2019-12-28 11:00:00,0.683,0.04,13.565390484640432
2019-12-28 12:00:00,0.676,0.055,50.39674516800424
2019-12-28 13:00:00,0.606,0.07,52.6695891173776
2019-12-28 14:00:00,0.465,0.078,35.746436632678986
2019-12-28 15:00:00,0.238,0.098,26.881909493430463
2019-12-28 16:00:00,0.002,0.119,14.672299998422552
2019-12-28 17:00:00,0.0,0.116,37.73866562116485
2019-12-28 18:00:00,0.0,0.109,29.95767268675742
2019-12-28 19:00:00,0.0,0.099,14.701678024442241
2019-12-28 20:00:00,0.0,0.079,29.731878812586103
2019-12-28 21:00:00,0.0,0.061,38.678488631682875
2019-12-28 22:00:00,0.0,0.051,20.593578446949895
2019-12-28 23:00:00,0.0,0.053,55.88267186587963
2019-12-29 00:00:00,0.0,0.073,46.32312954845645
2019-12-29 01:00:00,0.0,0.112,44.797822969256664
2019-12-29 02:00:00,0.0,0.14,52.04313211074923
2019-12-29 03:00:00,0.0,0.125,36.26246975688383
2019-12-29 04:00:00,0.0,0.12,60.10933230999137
2019-12-29 05:00:00,0.0,0.12,60.025006817056095
2019-12-29 06:00:00,0.0,0.103,68.64552718600731
2019-12-29 07:00:00,0.0,0.103,60.65656365216077
2019-12-29 08:00:00,0.034,0.106,55.530116007147086
2019-12-29 09:00:00,0.096,0.097,27.267806029210927
2019-12-29 10:00:00,0.168,0.091,35.126739941371696
2019-12-29 11:00:00,0.265,0.09,33.554241566216774
2019-12-29 12:00:00,0.356,0.07,36.840861096356974
2019-12-29 13:00:00,0.402,0.047,61.73312368698439
2019-12-29 14:00:00,0.268,0.034,55.89675712380914
2019-12-29 15:00:00,0.112,0.048,47.84603139242011
2019-12-29 16:00:00,0.0,0.054,33.4164405267722
2019-12-29 17:00:00,0.0,0.04,45.51891156760499
2019-12-29 18:00:00,0.0,0.024,36.61037950485775
2019-12-29 19:00:00,0.0,0.025,23.554684543761397
2019-12-29 20:00:00,0.0,0.028,30.459277900158718
2019-12-29 21:00:00,0.0,0.042,64.7342217768708
2019-12-29 22:00:00,0.0,0.059,37.335834102360295
2019-12-29 23:00:00,0.0,0.053,63.77255910747162
2019-12-30 00:00:00,0.0,0.038,49.237775939274776
2019-12-30 01:00:00,0.0,0.036,32.65730227476122
2019-12-30 02:00:00,0.0,0.038,50.725965481159484
2019-12-30 03:00:00,0.0,0.037,58.74508102376088
2019-12-30 04:00:00,0.0,0.036,57.15255362129459
2019-12-30 05:00:00,0.0,0.048,53.68386268034554
2019-12-30 06:00:00,0.0,0.059,43.15710908002758
2019-12-30 07:00:00,0.0,0.062,54.39053181943563
2019-12-30 08:00:00,0.052,0.065,48.047883721330685
2019-12-30 09:00:00,0.136,0.062,55.36528753409741
2019-12-30 10:00:00,0.287,0.051,48.015769617432795
2019-12-30 11:00:00,0.353,0.036,52.172435105366425
2019-12-30 12:00:00,0.385,0.015,31.68106544890776
2019-12-30 13:00:00,0.367,0.008,38.97971263606934
2019-12-30 14:00:00,0.272,0.008,25.7933456350229
2019-12-30 15:00:00,0.143,0.03,45.435975347437456
2019-12-30 16:00:00,0.0,0.049,29.41521063468638
2019-12-30 17:00:00,0.0,0.054,21.602536533334867
2019-12-30 18:00:00,0.0,0.045,43.46694347661663
2019-12-30 19:00:00,0.0,0.03,20.436434822400933
2019-12-30 20:00:00,0.0,0.014,23.458832685796228
2019-12-30 21:00:00,0.0,0.001,39.02200065276958
2019-12-30 22:00:00,0.0,0.001,33.29795798906868
2019-12-30 23:00:00,0.0,0.005,58.22309189507786
2019-12-31 00:00:00,0.0,0.011,35.24632477912619
2019-12-31 01:00:00,0.0,0.014,43.02865056889307
2019-12-31 02:00:00,0.0,0.015,55.050596976151226
2019-12-31 03:00:00,0.0,0.016,61.44401149378248
2019-12-31 04:00:00,0.0,0.014,63.65904182161087
2019-12-31 05:00:00,0.0,0.009,27.63915951338151
2019-12-31 06:00:00,0.0,0.005,43.75905137648995
2019-12-31 07:00:00,0.0,0.003,38.810892252720045
2019-12-31 08:00:00,0.049,0.001,76.85854740187233
2019-12-31 09:00:00,0.114,0.001,45.95615170593826
2019-12-31 10:00:00,0.143,0.011,47.2547450654697
2019-12-31 11:00:00,0.174,0.039,60.580996358164356
2019-12-31 12:00:00,0.207,0.06,36.5241108027548
2019-12-31 13:00:00,0.259,0.068,29.334812911867544
2019-12-31 14:00:00,0.232,0.071,38.86322360766271
2019-12-31 15:00:00,0.092,0.079,39.314774145456624
2019-12-31 16:00:00,0.0,0.093,40.09582928771379
2019-12-31 17:00:00,0.0,0.093,41.35655436839871
2019-12-31 18:00:00,0.0,0.079,38.05886143943166
2019-12-31 19:00:00,0.0,0.07,33.560250987561034
2019-12-31 20:00:00,0.0,0.073,55.01017897633314
2019-12-31 21:00:00,0.0,0.082,42.07515235678854
2019-12-31 22:00:00,0.0,0.087,34.772084827779246
2019-12-31 23:00:00,0.0,0.09,47.16756594907448
