solar_cf,wind_cf,price
0.0,0.107,97.3
0.0,0.117,97.3
0.0,0.119,97.3
0.0,0.122,97.3
0.0,0.13,97.3
0.0,0.143,97.3
0.0,0.16,97.3
0.0,0.186,97.3
0.007,0.213,97.3
0.038,0.214,97.3
0.063,0.19,97.3
0.07,0.176,97.3
0.075,0.168,97.3
0.056,0.164,97.3
0.02,0.174,97.3
0.0,0.192,97.3
0.0,0.206,97.3
0.0,0.214,97.3
0.0,0.22,97.3
0.0,0.223,97.3
0.0,0.22,97.3
0.0,0.217,97.3
0.0,0.209,97.3
0.0,0.186,97.3
0.0,0.165,97.3
0.0,0.139,97.3
0.0,0.116,97.3
0.0,0.096,97.3
0.0,0.085,97.3
0.0,0.079,97.3
0.0,0.071,97.3
0.0,0.056,97.3
0.0,0.042,97.3
0.02,0.031,97.3
0.04,0.019,97.3
0.053,0.017,97.3
0.05,0.015,97.3
0.029,0.013,97.3
0.008,0.012,97.3
0.0,0.013,97.3
0.0,0.012,97.3
0.0,0.015,97.3
0.0,0.019,97.3
0.0,0.025,97.3
0.0,0.034,97.3
0.0,0.048,97.3
0.0,0.063,97.3
0.0,0.07,97.3
0.0,0.076,97.3
0.0,0.088,97.3
0.0,0.101,97.3
0.0,0.106,97.3
0.0,0.126,97.3
0.0,0.155,97.3
0.0,0.189,97.3
0.0,0.227,97.3
0.025,0.253,97.3
0.121,0.238,97.3
0.198,0.233,97.3
0.243,0.25,97.3
0.246,0.31,97.3
0.204,0.355,97.3
0.099,0.425,97.3
0.0,0.511,97.3
0.0,0.538,97.3
0.0,0.541,97.3
0.0,0.556,97.3
0.0,0.528,97.3
0.0,0.507,97.3
0.0,0.519,97.3
0.0,0.534,97.3
0.0,0.55,97.3
0.0,0.562,97.3
0.0,0.581,97.3
0.0,0.599,97.3
0.0,0.618,97.3
0.0,0.635,97.3
0.0,0.648,97.3
0.0,0.659,97.3
0.0,0.663,97.3
0.002,0.663,97.3
0.034,0.669,97.3
0.075,0.724,97.3
0.103,0.735,97.3
0.099,0.707,97.3
0.068,0.663,97.3
0.022,0.649,97.3
0.0,0.661,97.3
0.0,0.661,97.3
0.0,0.644,97.3
0.0,0.624,97.3
0.0,0.586,97.3
0.0,0.566,97.3
0.0,0.556,97.3
0.0,0.55,97.3
0.0,0.528,97.3
0.0,0.501,97.3
0.0,0.523,97.3
0.0,0.462,97.3
0.0,0.449,97.3
0.0,0.485,97.3
0.0,0.488,97.3
0.0,0.488,97.3
0.0,0.474,97.3
0.024,0.447,97.3
0.095,0.401,97.3
0.155,0.388,97.3
0.153,0.352,97.3
0.123,0.333,97.3
0.076,0.325,97.3
0.029,0.305,97.3
0.0,0.323,97.3
0.0,0.389,97.3
0.0,0.422,97.3
0.0,0.419,97.3
0.0,0.387,97.3
0.0,0.398,97.3
0.0,0.41,97.3
0.0,0.41,97.3
0.0,0.401,97.3
0.0,0.397,97.3
0.0,0.406,97.3
0.0,0.391,97.3
0.0,0.384,97.3
0.0,0.356,97.3
0.0,0.359,97.3
0.0,0.343,97.3
0.0,0.32,97.3
0.021,0.293,97.3
0.076,0.202,97.3
0.091,0.138,97.3
0.076,0.105,97.3
0.049,0.093,97.3
0.024,0.099,97.3
0.005,0.115,97.3
0.0,0.137,97.3
0.0,0.156,97.3
0.0,0.167,97.3
0.0,0.168,97.3
0.0,0.161,97.3
0.0,0.152,97.3
0.0,0.139,97.3
0.0,0.126,97.3
0.0,0.12,97.3
0.0,0.125,97.3
0.0,0.144,97.3
0.0,0.17,97.3
0.0,0.206,97.3
0.0,0.241,97.3
0.0,0.278,97.3
0.0,0.301,97.3
0.0,0.309,97.3
0.0,0.302,97.3
0.012,0.285,97.3
0.027,0.272,97.3
0.037,0.289,97.3
0.032,0.325,97.3
0.02,0.359,97.3
0.003,0.386,97.3
0.0,0.401,97.3
0.0,0.388,97.3
0.0,0.376,97.3
0.0,0.365,97.3
0.0,0.361,97.3
0.0,0.358,97.3
0.0,0.362,97.3
0.0,0.354,97.3
0.0,0.361,97.3
0.0,0.363,97.3
0.0,0.352,97.3
0.0,0.344,97.3
0.0,0.334,97.3
0.0,0.313,97.3
0.0,0.281,97.3
0.0,0.242,97.3
0.0,0.202,97.3
0.002,0.163,97.3
0.036,0.121,97.3
0.081,0.084,97.3
0.116,0.078,97.3
0.128,0.082,97.3
0.103,0.083,97.3
0.053,0.086,97.3
0.0,0.103,97.3
0.0,0.117,97.3
0.0,0.112,97.3
0.0,0.093,97.3
0.0,0.065,97.3
0.0,0.042,97.3
0.0,0.029,97.3
0.0,0.03,97.3
0.0,0.044,97.3
0.0,0.065,97.3
0.0,0.076,97.3
0.0,0.074,97.3
0.0,0.071,97.3
0.0,0.076,97.3
0.0,0.089,97.3
0.0,0.102,97.3
0.0,0.111,97.3
0.064,0.11,97.3
0.18,0.097,97.3
0.264,0.086,97.3
0.297,0.089,97.3
0.252,0.112,97.3
0.146,0.153,97.3
0.055,0.201,97.3
0.0,0.24,97.3
0.0,0.248,97.3
0.0,0.239,97.3
0.0,0.224,97.3
0.0,0.206,97.3
0.0,0.179,97.3
0.0,0.141,97.3
0.0,0.124,97.3
0.0,0.124,97.3
0.0,0.132,97.3
0.0,0.147,97.3
0.0,0.158,97.3
0.0,0.165,97.3
0.0,0.173,97.3
0.0,0.177,97.3
0.0,0.179,97.3
0.0,0.187,97.3
0.029,0.192,97.3
0.092,0.182,97.3
0.194,0.166,97.3
0.266,0.174,97.3
0.268,0.21,97.3
0.16,0.226,97.3
0.049,0.249,97.3
0.0,0.308,97.3
0.0,0.344,97.3
0.0,0.332,97.3
0.0,0.321,97.3
0.0,0.302,97.3
0.0,0.302,97.3
0.0,0.308,97.3
0.0,0.329,97.3
0.0,0.349,97.3
0.0,0.372,97.3
0.0,0.399,97.3
0.0,0.434,97.3
0.0,0.46,97.3
0.0,0.454,97.3
0.0,0.495,97.3
0.0,0.532,97.3
0.0,0.534,97.3
0.0,0.534,97.3
0.006,0.525,97.3
0.015,0.532,97.3
0.024,0.542,97.3
0.036,0.55,97.3
0.037,0.58,97.3
0.007,0.653,97.3
0.0,0.753,97.3
0.0,0.784,97.3
0.0,0.788,97.3
0.0,0.829,97.3
0.0,0.846,97.3
0.0,0.84,97.3
0.0,0.827,97.3
0.0,0.826,97.3
0.0,0.834,97.3
0.0,0.846,97.3
0.0,0.86,97.3
0.0,0.89,97.3
0.0,0.886,97.3
0.0,0.825,97.3
0.0,0.705,97.3
0.0,0.554,97.3
0.0,0.444,97.3
0.016,0.404,97.3
0.09,0.367,97.3
0.157,0.441,97.3
0.242,0.494,97.3
0.258,0.542,97.3
0.18,0.591,97.3
0.06,0.622,97.3
0.0,0.627,97.3
0.0,0.608,97.3
0.0,0.564,97.3
0.0,0.525,97.3
0.0,0.468,97.3
0.0,0.416,97.3
0.0,0.41,97.3
0.0,0.434,97.3
0.0,0.48,97.3
0.0,0.547,97.3
0.0,0.59,97.3
0.0,0.603,97.3
0.0,0.607,97.3
0.0,0.619,97.3
0.0,0.624,97.3
0.0,0.61,97.3
0.0,0.595,97.3
0.097,0.545,97.3
0.236,0.454,97.3
0.309,0.399,97.3
0.398,0.484,97.3
0.419,0.494,97.3
0.292,0.453,97.3
0.106,0.394,97.3
0.003,0.397,97.3
0.0,0.423,97.3
0.0,0.441,97.3
0.0,0.465,97.3
0.0,0.455,97.3
0.0,0.46,97.3
0.0,0.414,97.3
0.0,0.352,97.3
0.0,0.295,97.3
0.0,0.254,97.3
0.0,0.233,97.3
0.0,0.21,97.3
0.0,0.183,97.3
0.0,0.154,97.3
0.0,0.16,97.3
0.0,0.195,97.3
0.0,0.249,97.3
0.02,0.29,97.3
0.066,0.273,97.3
0.102,0.289,97.3
0.113,0.325,97.3
0.092,0.335,97.3
0.059,0.316,97.3
0.023,0.311,97.3
0.0,0.37,97.3
0.0,0.44,97.3
0.0,0.464,97.3
0.0,0.476,97.3
0.0,0.501,97.3
0.0,0.508,97.3
0.0,0.495,97.3
0.0,0.464,97.3
0.0,0.432,97.3
0.0,0.41,97.3
0.0,0.388,97.3
0.0,0.358,97.3
0.0,0.323,97.3
0.0,0.284,97.3
0.0,0.245,97.3
0.0,0.207,97.3
0.0,0.179,97.3
0.091,0.148,97.3
0.236,0.102,97.3
0.3,0.077,97.3
0.298,0.069,97.3
0.287,0.071,97.3
0.211,0.067,97.3
0.103,0.062,97.3
0.009,0.054,97.3
0.0,0.049,97.3
0.0,0.043,97.3
0.0,0.031,97.3
0.0,0.016,97.3
0.0,0.007,97.3
0.0,0.011,97.3
0.0,0.025,97.3
0.0,0.045,97.3
0.0,0.067,97.3
0.0,0.101,97.3
0.0,0.15,97.3
0.0,0.195,97.3
0.0,0.25,97.3
0.0,0.311,97.3
0.0,0.367,97.3
0.0,0.417,97.3
0.004,0.431,97.3
0.021,0.435,97.3
0.033,0.473,97.3
0.038,0.503,97.3
0.034,0.523,97.3
0.018,0.516,97.3
0.001,0.492,97.3
0.0,0.472,97.3
0.0,0.451,97.3
0.0,0.407,97.3
0.0,0.334,97.3
0.0,0.294,97.3
0.0,0.22,97.3
0.0,0.194,97.3
0.0,0.164,97.3
0.0,0.137,97.3
0.0,0.123,97.3
0.0,0.182,97.3
0.0,0.293,97.3
0.0,0.414,97.3
0.0,0.479,97.3
0.0,0.499,97.3
0.0,0.498,97.3
0.0,0.501,97.3
0.025,0.501,97.3
0.118,0.462,97.3
0.239,0.388,97.3
0.292,0.355,97.3
0.281,0.359,97.3
0.212,0.383,97.3
0.108,0.413,97.3
0.01,0.469,97.3
0.0,0.498,97.3
0.0,0.469,97.3
0.0,0.45,97.3
0.0,0.426,97.3
0.0,0.395,97.3
0.0,0.373,97.3
0.0,0.374,97.3
0.0,0.403,97.3
0.0,0.433,97.3
0.0,0.464,97.3
0.0,0.495,97.3
0.0,0.507,97.3
0.0,0.522,97.3
0.0,0.523,97.3
0.0,0.515,97.3
0.0,0.513,97.3
0.019,0.484,97.3
0.036,0.444,97.3
0.078,0.48,97.3
0.151,0.528,97.3
0.172,0.613,97.3
0.082,0.649,97.3
0.03,0.656,97.3
0.0,0.646,97.3
0.0,0.621,97.3
0.0,0.598,97.3
0.0,0.592,97.3
0.0,0.595,97.3
0.0,0.559,97.3
0.0,0.571,97.3
0.0,0.643,97.3
0.0,0.695,97.3
0.0,0.748,97.3
0.0,0.776,97.3
0.0,0.779,97.3
0.0,0.806,97.3
0.0,0.849,97.3
0.0,0.898,97.3
0.0,0.897,97.3
0.0,0.923,97.3
0.0,0.927,97.3
0.0,0.904,97.3
0.019,0.859,97.3
0.04,0.852,97.3
0.079,0.895,97.3
0.065,0.92,97.3
0.012,0.911,97.3
0.0,0.902,97.3
0.0,0.906,97.3
0.0,0.905,97.3
0.0,0.898,97.3
0.0,0.895,97.3
0.0,0.897,97.3
0.0,0.901,97.3
0.0,0.91,97.3
0.0,0.917,97.3
0.0,0.915,97.3
0.0,0.898,97.3
0.0,0.888,97.3
0.0,0.871,97.3
0.0,0.872,97.3
0.0,0.878,97.3
0.0,0.885,97.3
0.0,0.886,97.3
0.018,0.874,97.3
0.056,0.858,97.3
0.122,0.845,97.3
0.179,0.852,97.3
0.158,0.837,97.3
0.069,0.82,97.3
0.039,0.841,97.3
0.004,0.873,97.3
0.0,0.875,97.3
0.0,0.872,97.3
0.0,0.884,97.3
0.0,0.901,97.3
0.0,0.929,97.3
0.0,0.954,97.3
0.0,0.963,97.3
0.0,0.973,97.3
0.0,0.985,97.3
0.0,0.991,97.3
0.0,0.982,97.3
0.0,0.986,97.3
0.0,0.991,97.3
0.0,0.972,97.3
0.0,0.95,97.3
0.0,0.922,97.3
0.183,0.899,97.3
0.335,0.905,97.3
0.346,0.929,97.3
0.268,0.947,97.3
0.193,0.952,97.3
0.092,0.943,97.3
0.048,0.93,97.3
0.002,0.9,97.3
0.0,0.847,97.3
0.0,0.746,97.3
0.0,0.602,97.3
0.0,0.395,97.3
0.0,0.2,97.3
0.0,0.065,97.3
0.0,0.029,97.3
0.0,0.185,97.3
0.0,0.343,97.3
0.0,0.421,97.3
0.0,0.501,97.3
0.0,0.556,97.3
0.0,0.577,97.3
0.0,0.566,97.3
0.0,0.536,97.3
0.001,0.501,97.3
0.169,0.448,97.3
0.353,0.38,97.3
0.465,0.41,97.3
0.522,0.457,97.3
0.51,0.453,97.3
0.429,0.432,97.3
0.267,0.398,97.3
0.059,0.398,97.3
0.0,0.398,97.3
0.0,0.369,97.3
0.0,0.329,97.3
0.0,0.315,97.3
0.0,0.337,97.3
0.0,0.374,97.3
0.0,0.381,97.3
0.0,0.361,97.3
0.0,0.335,97.3
0.0,0.316,97.3
0.0,0.362,97.3
0.0,0.429,97.3
0.0,0.412,97.3
0.0,0.413,97.3
0.0,0.416,97.3
0.0,0.368,97.3
0.014,0.319,97.3
0.049,0.272,97.3
0.089,0.221,97.3
0.092,0.181,97.3
0.099,0.144,97.3
0.102,0.095,97.3
0.042,0.047,97.3
0.0,0.028,97.3
0.0,0.032,97.3
0.0,0.047,97.3
0.0,0.064,97.3
0.0,0.093,97.3
0.0,0.139,97.3
0.0,0.199,97.3
0.0,0.247,97.3
0.0,0.279,97.3
0.0,0.311,97.3
0.0,0.339,97.3
0.0,0.362,97.3
0.0,0.383,97.3
0.0,0.398,97.3
0.0,0.397,97.3
0.0,0.383,97.3
0.0,0.328,97.3
0.133,0.223,97.3
0.322,0.11,97.3
0.456,0.069,97.3
0.489,0.059,97.3
0.412,0.067,97.3
0.234,0.1,97.3
0.066,0.139,97.3
0.001,0.158,97.3
0.0,0.161,97.3
0.0,0.181,97.3
0.0,0.212,97.3
0.0,0.239,97.3
0.0,0.249,97.3
0.0,0.245,97.3
0.0,0.222,97.3
0.0,0.199,97.3
0.0,0.17,97.3
0.0,0.159,97.3
0.0,0.163,97.3
0.0,0.182,97.3
0.0,0.21,97.3
0.0,0.227,97.3
0.0,0.229,97.3
0.002,0.21,97.3
0.16,0.161,97.3
0.357,0.088,97.3
0.487,0.082,97.3
0.516,0.112,97.3
0.467,0.191,97.3
0.316,0.281,97.3
0.133,0.344,97.3
0.025,0.448,97.3
0.0,0.566,97.3
0.0,0.646,97.3
0.0,0.709,97.3
0.0,0.735,97.3
0.0,0.756,97.3
0.0,0.77,97.3
0.0,0.772,97.3
0.0,0.812,97.3
0.0,0.844,97.3
0.0,0.834,97.3
0.0,0.811,97.3
0.0,0.765,97.3
0.0,0.713,97.3
0.0,0.63,97.3
0.0,0.539,97.3
0.0,0.437,97.3
0.025,0.333,97.3
0.073,0.244,97.3
0.141,0.206,97.3
0.198,0.224,97.3
0.177,0.25,97.3
0.132,0.232,97.3
0.111,0.2,97.3
0.021,0.248,97.3
0.0,0.302,97.3
0.0,0.355,97.3
0.0,0.402,97.3
0.0,0.425,97.3
0.0,0.432,97.3
0.0,0.431,97.3
0.0,0.481,97.3
0.0,0.518,97.3
0.0,0.539,97.3
0.0,0.538,97.3
0.0,0.547,97.3
0.0,0.569,97.3
0.0,0.541,97.3
0.0,0.474,97.3
0.0,0.395,97.3
0.0,0.342,97.3
0.0,0.317,97.3
0.021,0.288,97.3
0.063,0.272,97.3
0.114,0.274,97.3
0.115,0.318,97.3
0.062,0.305,97.3
0.025,0.277,97.3
0.0,0.268,97.3
0.0,0.269,97.3
0.0,0.247,97.3
0.0,0.245,97.3
0.0,0.253,97.3
0.0,0.249,97.3
0.0,0.244,97.3
0.0,0.21,97.3
0.0,0.128,97.3
0.0,0.072,97.3
0.0,0.037,97.3
0.0,0.004,97.3
0.0,0.031,97.3
0.0,0.111,97.3
0.0,0.224,97.3
0.0,0.283,97.3
0.0,0.273,97.3
0.0,0.24,97.3
0.011,0.213,97.3
0.024,0.146,97.3
0.036,0.111,97.3
0.04,0.078,97.3
0.029,0.054,97.3
0.013,0.051,97.3
0.0,0.062,97.3
0.0,0.076,97.3
0.0,0.078,97.3
0.0,0.078,97.3
0.0,0.071,97.3
0.0,0.068,97.3
0.0,0.078,97.3
0.0,0.132,97.3
0.0,0.243,97.3
0.0,0.302,97.3
0.0,0.366,97.3
0.0,0.461,97.3
0.0,0.551,97.3
0.0,0.71,97.3
0.0,0.862,97.3
0.0,0.919,97.3
0.0,0.912,97.3
0.049,0.87,97.3
0.206,0.826,97.3
0.399,0.794,97.3
0.457,0.82,97.3
0.393,0.811,97.3
0.32,0.749,97.3
0.209,0.704,97.3
0.038,0.726,97.3
0.0,0.737,97.3
0.0,0.706,97.3
0.0,0.633,97.3
0.0,0.47,97.3
0.0,0.337,97.3
0.0,0.285,97.3
0.0,0.261,97.3
0.0,0.251,97.3
0.0,0.267,97.3
0.0,0.278,97.3
0.0,0.291,97.3
0.0,0.368,97.3
0.0,0.457,97.3
0.0,0.522,97.3
0.0,0.534,97.3
0.002,0.521,97.3
0.043,0.558,97.3
0.068,0.618,97.3
0.083,0.645,97.3
0.091,0.665,97.3
0.102,0.687,97.3
0.089,0.705,97.3
0.05,0.713,97.3
0.006,0.714,97.3
0.0,0.695,97.3
0.0,0.663,97.3
0.0,0.618,97.3
0.0,0.583,97.3
0.0,0.554,97.3
0.0,0.552,97.3
0.0,0.544,97.3
0.0,0.501,97.3
0.0,0.454,97.3
0.0,0.429,97.3
0.0,0.418,97.3
0.0,0.402,97.3
0.0,0.369,97.3
0.0,0.343,97.3
0.0,0.308,97.3
0.015,0.266,97.3
0.142,0.232,97.3
0.304,0.213,97.3
0.358,0.252,97.3
0.377,0.32,97.3
0.39,0.362,97.3
0.426,0.365,97.3
0.312,0.346,97.3
0.071,0.404,97.3
0.0,0.509,97.3
0.0,0.529,97.3
0.0,0.517,97.3
0.0,0.497,97.3
0.0,0.479,97.3
0.0,0.45,97.3
0.0,0.424,97.3
0.0,0.37,97.3
0.0,0.332,97.3
0.0,0.308,97.3
0.0,0.28,97.3
0.0,0.261,97.3
0.0,0.243,97.3
0.0,0.211,97.3
0.0,0.187,97.3
0.0,0.163,97.3
0.037,0.114,97.3
0.089,0.078,97.3
0.121,0.064,97.3
0.127,0.064,97.3
0.105,0.072,97.3
0.07,0.087,97.3
0.034,0.105,97.3
0.005,0.135,97.3
0.0,0.169,97.3
0.0,0.17,97.3
0.0,0.144,97.3
0.0,0.109,97.3
0.0,0.086,97.3
0.0,0.051,97.3
0.0,0.008,97.3
0.0,0.044,97.3
0.0,0.036,97.3
0.0,0.019,97.3
0.0,0.076,97.3
0.0,0.13,97.3
0.0,0.133,97.3
0.0,0.199,97.3
0.0,0.351,97.3
0.0,0.459,97.3
0.008,0.459,97.3
0.015,0.369,97.3
0.011,0.275,97.3
0.023,0.175,97.3
0.036,0.147,97.3
0.035,0.237,97.3
0.017,0.387,97.3
0.0,0.422,97.3
0.0,0.429,97.3
0.0,0.438,97.3
0.0,0.489,97.3
0.0,0.592,97.3
0.0,0.642,97.3
0.0,0.635,97.3
0.0,0.639,97.3
0.0,0.654,97.3
0.0,0.74,97.3
0.0,0.787,97.3
0.0,0.811,97.3
0.0,0.742,97.3
0.0,0.647,97.3
0.0,0.51,97.3
0.0,0.494,97.3
0.0,0.449,97.3
0.018,0.379,97.3
0.037,0.305,97.3
0.027,0.251,97.3
0.025,0.256,97.3
0.023,0.211,97.3
0.016,0.13,97.3
0.003,0.07,97.3
0.0,0.055,97.3
0.0,0.154,97.3
0.0,0.353,97.3
0.0,0.462,97.3
0.0,0.483,97.3
0.0,0.513,97.3
0.0,0.516,97.3
0.0,0.566,97.3
0.0,0.618,97.3
0.0,0.656,97.3
0.0,0.655,97.3
0.0,0.625,97.3
0.0,0.583,97.3
0.0,0.507,97.3
0.0,0.415,97.3
0.0,0.329,97.3
0.002,0.254,97.3
0.041,0.192,97.3
0.079,0.14,97.3
0.101,0.096,97.3
0.135,0.076,97.3
0.149,0.079,97.3
0.133,0.071,97.3
0.08,0.063,97.3
0.019,0.097,97.3
0.0,0.176,97.3
0.0,0.245,97.3
0.0,0.299,97.3
0.0,0.341,97.3
0.0,0.362,97.3
0.0,0.34,97.3
0.0,0.329,97.3
0.0,0.317,97.3
0.0,0.299,97.3
0.0,0.283,97.3
0.0,0.273,97.3
0.0,0.261,97.3
0.0,0.249,97.3
0.0,0.225,97.3
0.0,0.179,97.3
0.0,0.137,97.3
0.011,0.11,97.3
0.044,0.084,97.3
0.084,0.08,97.3
0.12,0.093,97.3
0.195,0.101,97.3
0.162,0.092,97.3
0.071,0.067,97.3
0.01,0.045,97.3
0.0,0.03,97.3
0.0,0.015,97.3
0.0,0.005,97.3
0.0,0.006,97.3
0.0,0.028,97.3
0.0,0.064,97.3
0.0,0.104,97.3
0.0,0.144,97.3
0.0,0.183,97.3
0.0,0.212,97.3
0.0,0.223,97.3
0.0,0.223,97.3
0.0,0.248,97.3
0.0,0.274,97.3
0.0,0.304,97.3
0.0,0.361,97.3
0.014,0.37,97.3
0.038,0.355,97.3
0.061,0.421,97.3
0.087,0.495,97.3
0.088,0.558,97.3
0.057,0.601,97.3
0.025,0.652,97.3
0.002,0.71,97.3
0.0,0.777,97.3
0.0,0.831,97.3
0.0,0.849,97.3
0.0,0.855,97.3
0.0,0.861,97.3
0.0,0.879,97.3
0.0,0.901,97.3
0.0,0.917,97.3
0.0,0.931,97.3
0.0,0.939,97.3
0.0,0.949,97.3
0.0,0.951,97.3
0.0,0.953,97.3
0.0,0.954,97.3
0.0,0.954,97.3
0.0,0.954,97.3
0.032,0.953,97.3
0.073,0.947,97.3
0.084,0.932,97.3
0.082,0.91,97.3
0.067,0.888,97.3
0.043,0.873,97.3
0.02,0.862,97.3
0.001,0.856,97.3
0.0,0.849,97.3
0.0,0.842,97.3
0.0,0.829,97.3
0.0,0.817,97.3
0.0,0.819,97.3
0.0,0.824,97.3
0.0,0.827,97.3
0.0,0.824,97.3
0.0,0.812,97.3
0.0,0.806,97.3
0.0,0.804,97.3
0.0,0.8,97.3
0.0,0.797,97.3
0.0,0.791,97.3
0.0,0.777,97.3
0.006,0.773,97.3
0.052,0.786,97.3
0.085,0.785,97.3
0.095,0.769,97.3
0.102,0.742,97.3
0.087,0.707,97.3
0.055,0.678,97.3
0.025,0.657,97.3
0.002,0.643,97.3
0.0,0.635,97.3
0.0,0.618,97.3
0.0,0.607,97.3
0.0,0.583,97.3
0.0,0.551,97.3
0.0,0.509,97.3
0.0,0.49,97.3
0.0,0.478,97.3
0.0,0.474,97.3
0.0,0.466,97.3
0.0,0.459,97.3
0.0,0.434,97.3
0.0,0.42,97.3
0.0,0.404,97.3
0.0,0.377,97.3
0.025,0.367,97.3
0.123,0.379,97.3
0.207,0.391,97.3
0.262,0.42,97.3
0.253,0.402,97.3
0.278,0.371,97.3
0.24,0.338,97.3
0.156,0.316,97.3
0.038,0.317,97.3
0.0,0.366,97.3
0.0,0.422,97.3
0.0,0.449,97.3
0.0,0.453,97.3
0.0,0.432,97.3
0.0,0.398,97.3
0.0,0.37,97.3
0.0,0.364,97.3
0.0,0.364,97.3
0.0,0.373,97.3
0.0,0.387,97.3
0.0,0.401,97.3
0.0,0.407,97.3
0.0,0.401,97.3
0.0,0.404,97.3
0.043,0.391,97.3
0.178,0.348,97.3
0.335,0.352,97.3
0.431,0.328,97.3
0.416,0.278,97.3
0.37,0.233,97.3
0.277,0.208,97.3
0.179,0.2,97.3
0.065,0.194,97.3
0.0,0.209,97.3
0.0,0.223,97.3
0.0,0.22,97.3
0.0,0.22,97.3
0.0,0.216,97.3
0.0,0.209,97.3
0.0,0.206,97.3
0.0,0.19,97.3
0.0,0.162,97.3
0.0,0.134,97.3
0.0,0.112,97.3
0.0,0.099,97.3
0.0,0.096,97.3
0.0,0.102,97.3
0.0,0.112,97.3
0.108,0.121,97.3
0.341,0.112,97.3
0.526,0.078,97.3
0.631,0.078,97.3
0.672,0.068,97.3
0.649,0.072,97.3
0.568,0.094,97.3
0.416,0.122,97.3
0.185,0.148,97.3
0.002,0.186,97.3
0.0,0.231,97.3
0.0,0.266,97.3
0.0,0.285,97.3
0.0,0.299,97.3
0.0,0.307,97.3
0.0,0.302,97.3
0.0,0.29,97.3
0.0,0.285,97.3
0.0,0.289,97.3
0.0,0.294,97.3
0.0,0.323,97.3
0.0,0.354,97.3
0.0,0.382,97.3
0.0,0.414,97.3
0.108,0.444,97.3
0.304,0.442,97.3
0.492,0.447,97.3
0.584,0.479,97.3
0.589,0.558,97.3
0.571,0.635,97.3
0.454,0.685,97.3
0.363,0.703,97.3
0.177,0.693,97.3
0.002,0.691,97.3
0.0,0.68,97.3
0.0,0.688,97.3
0.0,0.685,97.3
0.0,0.684,97.3
0.0,0.678,97.3
0.0,0.674,97.3
0.0,0.652,97.3
0.0,0.64,97.3
0.0,0.618,97.3
0.0,0.568,97.3
0.0,0.519,97.3
0.0,0.474,97.3
0.0,0.454,97.3
0.0,0.454,97.3
0.196,0.444,97.3
0.426,0.364,97.3
0.6,0.284,97.3
0.697,0.291,97.3
0.73,0.347,97.3
0.703,0.401,97.3
0.617,0.479,97.3
0.463,0.533,97.3
0.232,0.51,97.3
0.011,0.519,97.3
0.0,0.539,97.3
0.0,0.544,97.3
0.0,0.559,97.3
0.0,0.583,97.3
0.0,0.534,97.3
0.0,0.43,97.3
0.0,0.442,97.3
0.0,0.481,97.3
0.0,0.484,97.3
0.0,0.444,97.3
0.0,0.413,97.3
0.0,0.408,97.3
0.0,0.447,97.3
0.0,0.468,97.3
0.143,0.462,97.3
0.307,0.414,97.3
0.312,0.374,97.3
0.3,0.39,97.3
0.246,0.536,97.3
0.144,0.552,97.3
0.124,0.553,97.3
0.152,0.591,97.3
0.103,0.646,97.3
0.0,0.704,97.3
0.0,0.712,97.3
0.0,0.696,97.3
0.0,0.677,97.3
0.0,0.651,97.3
0.0,0.637,97.3
0.0,0.633,97.3
0.0,0.615,97.3
0.0,0.599,97.3
0.0,0.589,97.3
0.0,0.612,97.3
0.0,0.629,97.3
0.0,0.636,97.3
0.0,0.637,97.3
0.0,0.645,97.3
0.0,0.674,97.3
0.009,0.714,97.3
0.019,0.703,97.3
0.027,0.679,97.3
0.037,0.646,97.3
0.057,0.668,97.3
0.044,0.692,97.3
0.03,0.669,97.3
0.011,0.627,97.3
0.0,0.602,97.3
0.0,0.537,97.3
0.0,0.468,97.3
0.0,0.422,97.3
0.0,0.388,97.3
0.0,0.409,97.3
0.0,0.402,97.3
0.0,0.37,97.3
0.0,0.398,97.3
0.0,0.442,97.3
0.0,0.447,97.3
0.0,0.454,97.3
0.0,0.474,97.3
0.0,0.511,97.3
0.0,0.558,97.3
0.009,0.587,97.3
0.045,0.601,97.3
0.112,0.589,97.3
0.167,0.562,97.3
0.168,0.559,97.3
0.136,0.556,97.3
0.094,0.568,97.3
0.047,0.598,97.3
0.01,0.682,97.3
0.0,0.756,97.3
0.0,0.756,97.3
0.0,0.675,97.3
0.0,0.642,97.3
0.0,0.633,97.3
0.0,0.593,97.3
0.0,0.573,97.3
0.0,0.596,97.3
0.0,0.605,97.3
0.0,0.586,97.3
0.0,0.568,97.3
0.0,0.62,97.3
0.0,0.607,97.3
0.0,0.578,97.3
0.0,0.554,97.3
0.003,0.507,97.3
0.04,0.498,97.3
0.043,0.5,97.3
0.068,0.539,97.3
0.11,0.571,97.3
0.175,0.637,97.3
0.196,0.669,97.3
0.115,0.702,97.3
0.017,0.697,97.3
0.0,0.661,97.3
0.0,0.658,97.3
0.0,0.674,97.3
0.0,0.7,97.3
0.0,0.672,97.3
0.0,0.641,97.3
0.0,0.621,97.3
0.0,0.589,97.3
0.0,0.571,97.3
0.0,0.573,97.3
0.0,0.583,97.3
0.0,0.59,97.3
0.0,0.594,97.3
0.0,0.635,97.3
0.0,0.724,97.3
0.042,0.8,97.3
0.135,0.784,97.3
0.151,0.718,97.3
0.14,0.746,97.3
0.109,0.812,97.3
0.052,0.799,97.3
0.048,0.809,97.3
0.032,0.789,97.3
0.004,0.755,97.3
0.0,0.744,97.3
0.0,0.755,97.3
0.0,0.738,97.3
0.0,0.65,97.3
0.0,0.582,97.3
0.0,0.584,97.3
0.0,0.586,97.3
0.0,0.558,97.3
0.0,0.519,97.3
0.0,0.478,97.3
0.0,0.436,97.3
0.0,0.382,97.3
0.0,0.346,97.3
0.0,0.352,97.3
0.0,0.35,97.3
0.004,0.344,97.3
0.028,0.347,97.3
0.056,0.376,97.3
0.095,0.449,97.3
0.189,0.513,97.3
0.282,0.558,97.3
0.23,0.558,97.3
0.186,0.544,97.3
0.095,0.553,97.3
0.004,0.58,97.3
0.0,0.615,97.3
0.0,0.613,97.3
0.0,0.629,97.3
0.0,0.633,97.3
0.0,0.622,97.3
0.0,0.663,97.3
0.0,0.625,97.3
0.0,0.586,97.3
0.0,0.593,97.3
0.0,0.599,97.3
0.0,0.575,97.3
0.0,0.573,97.3
0.0,0.578,97.3
0.0,0.584,97.3
0.065,0.574,97.3
0.209,0.574,97.3
0.436,0.572,97.3
0.536,0.644,97.3
0.578,0.697,97.3
0.558,0.709,97.3
0.4,0.71,97.3
0.14,0.715,97.3
0.067,0.751,97.3
0.008,0.754,97.3
0.0,0.781,97.3
0.0,0.781,97.3
0.0,0.77,97.3
0.0,0.757,97.3
0.0,0.739,97.3
0.0,0.735,97.3
0.0,0.711,97.3
0.0,0.704,97.3
0.0,0.676,97.3
0.0,0.604,97.3
0.0,0.57,97.3
0.0,0.547,97.3
0.0,0.51,97.3
0.0,0.442,97.3
0.022,0.409,97.3
0.165,0.385,97.3
0.398,0.379,97.3
0.557,0.352,97.3
0.6,0.346,97.3
0.588,0.32,97.3
0.513,0.282,97.3
0.381,0.234,97.3
0.196,0.254,97.3
0.022,0.358,97.3
0.0,0.447,97.3
0.0,0.488,97.3
0.0,0.505,97.3
0.0,0.516,97.3
0.0,0.54,97.3
0.0,0.554,97.3
0.0,0.567,97.3
0.0,0.557,97.3
0.0,0.554,97.3
0.0,0.563,97.3
0.0,0.575,97.3
0.0,0.574,97.3
0.0,0.58,97.3
0.0,0.574,97.3
0.03,0.55,97.3
0.111,0.485,97.3
0.269,0.382,97.3
0.378,0.349,97.3
0.384,0.338,97.3
0.274,0.324,97.3
0.211,0.308,97.3
0.132,0.325,97.3
0.051,0.376,97.3
0.0,0.437,97.3
0.0,0.468,97.3
0.0,0.5,97.3
0.0,0.459,97.3
0.0,0.386,97.3
0.0,0.332,97.3
0.0,0.382,97.3
0.0,0.464,97.3
0.0,0.487,97.3
0.0,0.479,97.3
0.0,0.493,97.3
0.0,0.513,97.3
0.0,0.503,97.3
0.0,0.498,97.3
0.0,0.498,97.3
0.058,0.466,97.3
0.177,0.474,97.3
0.302,0.516,97.3
0.423,0.618,97.3
0.481,0.71,97.3
0.511,0.739,97.3
0.45,0.721,97.3
0.333,0.694,97.3
0.142,0.679,97.3
0.014,0.68,97.3
0.0,0.703,97.3
0.0,0.721,97.3
0.0,0.711,97.3
0.0,0.674,97.3
0.0,0.686,97.3
0.0,0.697,97.3
0.0,0.703,97.3
0.0,0.712,97.3
0.0,0.726,97.3
0.0,0.722,97.3
0.0,0.692,97.3
0.0,0.673,97.3
0.0,0.654,97.3
0.0,0.633,97.3
0.138,0.562,97.3
0.299,0.488,97.3
0.429,0.526,97.3
0.526,0.642,97.3
0.573,0.654,97.3
0.582,0.649,97.3
0.517,0.594,97.3
0.381,0.525,97.3
0.191,0.482,97.3
0.025,0.519,97.3
0.0,0.604,97.3
0.0,0.671,97.3
0.0,0.684,97.3
0.0,0.661,97.3
0.0,0.619,97.3
0.0,0.618,97.3
0.0,0.606,97.3
0.0,0.548,97.3
0.0,0.51,97.3
0.0,0.513,97.3
0.0,0.525,97.3
0.0,0.525,97.3
0.0,0.51,97.3
0.0,0.477,97.3
0.066,0.385,97.3
0.177,0.285,97.3
0.302,0.237,97.3
0.4,0.252,97.3
0.442,0.217,97.3
0.397,0.18,97.3
0.29,0.163,97.3
0.173,0.157,97.3
0.063,0.167,97.3
0.002,0.191,97.3
0.0,0.214,97.3
0.0,0.214,97.3
0.0,0.201,97.3
0.0,0.179,97.3
0.0,0.159,97.3
0.0,0.146,97.3
0.0,0.145,97.3
0.0,0.167,97.3
0.0,0.209,97.3
0.0,0.261,97.3
0.0,0.286,97.3
0.0,0.289,97.3
0.0,0.274,97.3
0.002,0.251,97.3
0.199,0.193,97.3
0.419,0.136,97.3
0.568,0.17,97.3
0.659,0.185,97.3
0.695,0.218,97.3
0.674,0.274,97.3
0.599,0.328,97.3
0.465,0.352,97.3
0.267,0.312,97.3
0.051,0.26,97.3
0.0,0.278,97.3
0.0,0.274,97.3
0.0,0.251,97.3
0.0,0.206,97.3
0.0,0.161,97.3
0.0,0.118,97.3
0.0,0.079,97.3
0.0,0.054,97.3
0.0,0.042,97.3
0.0,0.03,97.3
0.0,0.019,97.3
0.0,0.012,97.3
0.0,0.01,97.3
0.0,0.011,97.3
0.024,0.01,97.3
0.085,0.009,97.3
0.17,0.008,97.3
0.28,0.009,97.3
0.474,0.013,97.3
0.567,0.012,97.3
0.509,0.013,97.3
0.427,0.021,97.3
0.241,0.038,97.3
0.046,0.082,97.3
0.0,0.143,97.3
0.0,0.189,97.3
0.0,0.217,97.3
0.0,0.228,97.3
0.0,0.233,97.3
0.0,0.223,97.3
0.0,0.203,97.3
0.0,0.175,97.3
0.0,0.133,97.3
0.0,0.098,97.3
0.0,0.076,97.3
0.0,0.067,97.3
0.0,0.068,97.3
0.0,0.069,97.3
0.026,0.064,97.3
0.081,0.06,97.3
0.142,0.065,97.3
0.207,0.066,97.3
0.278,0.078,97.3
0.418,0.12,97.3
0.514,0.158,97.3
0.446,0.191,97.3
0.267,0.21,97.3
0.057,0.275,97.3
0.0,0.396,97.3
0.0,0.467,97.3
0.0,0.475,97.3
0.0,0.442,97.3
0.0,0.37,97.3
0.0,0.296,97.3
0.0,0.246,97.3
0.0,0.206,97.3
0.0,0.177,97.3
0.0,0.183,97.3
0.0,0.205,97.3
0.0,0.233,97.3
0.0,0.233,97.3
0.0,0.231,97.3
0.028,0.226,97.3
0.088,0.209,97.3
0.173,0.201,97.3
0.311,0.198,97.3
0.465,0.198,97.3
0.616,0.191,97.3
0.592,0.191,97.3
0.461,0.195,97.3
0.269,0.186,97.3
0.06,0.233,97.3
0.0,0.343,97.3
0.0,0.433,97.3
0.0,0.468,97.3
0.0,0.457,97.3
0.0,0.432,97.3
0.0,0.403,97.3
0.0,0.358,97.3
0.0,0.299,97.3
0.0,0.251,97.3
0.0,0.22,97.3
0.0,0.192,97.3
0.0,0.171,97.3
0.0,0.157,97.3
0.0,0.145,97.3
0.055,0.12,97.3
0.16,0.111,97.3
0.429,0.104,97.3
0.623,0.094,97.3
0.683,0.108,97.3
0.66,0.118,97.3
0.584,0.098,97.3
0.454,0.071,97.3
0.268,0.045,97.3
0.061,0.026,97.3
0.0,0.018,97.3
0.0,0.015,97.3
0.0,0.013,97.3
0.0,0.011,97.3
0.0,0.012,97.3
0.0,0.02,97.3
0.0,0.034,97.3
0.0,0.047,97.3
0.0,0.057,97.3
0.0,0.061,97.3
0.0,0.058,97.3
0.0,0.05,97.3
0.0,0.043,97.3
0.0,0.038,97.3
0.05,0.034,97.3
0.141,0.028,97.3
0.229,0.026,97.3
0.306,0.038,97.3
0.334,0.065,97.3
0.346,0.088,97.3
0.294,0.104,97.3
0.235,0.109,97.3
0.139,0.099,97.3
0.025,0.095,97.3
0.0,0.099,97.3
0.0,0.081,97.3
0.0,0.06,97.3
0.0,0.041,97.3
0.0,0.037,97.3
0.0,0.044,97.3
0.0,0.056,97.3
0.0,0.072,97.3
0.0,0.086,97.3
0.0,0.09,97.3
0.0,0.088,97.3
0.0,0.092,97.3
0.0,0.094,97.3
0.0,0.103,97.3
0.022,0.118,97.3
0.07,0.126,97.3
0.131,0.132,97.3
0.225,0.145,97.3
0.325,0.16,97.3
0.376,0.183,97.3
0.296,0.223,97.3
0.215,0.272,97.3
0.098,0.314,97.3
0.014,0.313,97.3
0.0,0.352,97.3
0.0,0.382,97.3
0.0,0.4,97.3
0.0,0.414,97.3
0.0,0.407,97.3
0.0,0.425,97.3
0.0,0.444,97.3
0.0,0.461,97.3
0.0,0.472,97.3
0.0,0.475,97.3
0.0,0.472,97.3
0.0,0.459,97.3
0.0,0.448,97.3
0.027,0.423,97.3
0.247,0.327,97.3
0.449,0.375,97.3
0.597,0.364,97.3
0.691,0.307,97.3
0.728,0.264,97.3
0.719,0.237,97.3
0.64,0.228,97.3
0.507,0.234,97.3
0.317,0.251,97.3
0.093,0.284,97.3
0.0,0.343,97.3
0.0,0.366,97.3
0.0,0.358,97.3
0.0,0.334,97.3
0.0,0.302,97.3
0.0,0.261,97.3
0.0,0.215,97.3
0.0,0.179,97.3
0.0,0.149,97.3
0.0,0.123,97.3
0.0,0.101,97.3
0.0,0.08,97.3
0.0,0.065,97.3
0.017,0.055,97.3
0.19,0.045,97.3
0.396,0.063,97.3
0.501,0.074,97.3
0.576,0.069,97.3
0.593,0.057,97.3
0.61,0.041,97.3
0.554,0.029,97.3
0.431,0.025,97.3
0.254,0.03,97.3
0.053,0.05,97.3
0.0,0.083,97.3
0.0,0.106,97.3
0.0,0.115,97.3
0.0,0.118,97.3
0.0,0.122,97.3
0.0,0.122,97.3
0.0,0.115,97.3
0.0,0.101,97.3
0.0,0.085,97.3
0.0,0.066,97.3
0.0,0.043,97.3
0.0,0.027,97.3
0.0,0.018,97.3
0.012,0.014,97.3
0.117,0.016,97.3
0.304,0.031,97.3
0.426,0.047,97.3
0.542,0.058,97.3
0.535,0.071,97.3
0.558,0.084,97.3
0.476,0.094,97.3
0.374,0.103,97.3
0.213,0.111,97.3
0.047,0.128,97.3
0.0,0.154,97.3
0.0,0.161,97.3
0.0,0.154,97.3
0.0,0.134,97.3
0.0,0.112,97.3
0.0,0.087,97.3
0.0,0.064,97.3
0.0,0.05,97.3
0.0,0.046,97.3
0.0,0.05,97.3
0.0,0.058,97.3
0.0,0.066,97.3
0.0,0.069,97.3
0.008,0.067,97.3
0.095,0.058,97.3
0.222,0.045,97.3
0.339,0.04,97.3
0.476,0.046,97.3
0.535,0.063,97.3
0.481,0.09,97.3
0.289,0.123,97.3
0.132,0.155,97.3
0.039,0.177,97.3
0.002,0.186,97.3
0.0,0.184,97.3
0.0,0.185,97.3
0.0,0.204,97.3
0.0,0.249,97.3
0.0,0.297,97.3
0.0,0.364,97.3
0.0,0.398,97.3
0.0,0.4,97.3
0.0,0.379,97.3
0.0,0.348,97.3
0.0,0.328,97.3
0.0,0.325,97.3
0.0,0.323,97.3
0.002,0.33,97.3
0.047,0.32,97.3
0.148,0.311,97.3
0.28,0.337,97.3
0.282,0.32,97.3
0.318,0.28,97.3
0.371,0.261,97.3
0.369,0.277,97.3
0.239,0.291,97.3
0.158,0.245,97.3
0.054,0.158,97.3
0.0,0.109,97.3
0.0,0.068,97.3
0.0,0.027,97.3
0.0,0.006,97.3
0.0,0.006,97.3
0.0,0.017,97.3
0.0,0.054,97.3
0.0,0.115,97.3
0.0,0.187,97.3
0.0,0.233,97.3
0.0,0.261,97.3
0.0,0.263,97.3
0.0,0.255,97.3
0.0,0.305,97.3
0.02,0.362,97.3
0.04,0.399,97.3
0.07,0.446,97.3
0.104,0.457,97.3
0.114,0.516,97.3
0.146,0.672,97.3
0.186,0.803,97.3
0.081,0.824,97.3
0.022,0.832,97.3
0.001,0.858,97.3
0.0,0.894,97.3
0.0,0.918,97.3
0.0,0.932,97.3
0.0,0.944,97.3
0.0,0.957,97.3
0.0,0.961,97.3
0.0,0.962,97.3
0.0,0.962,97.3
0.0,0.962,97.3
0.0,0.962,97.3
0.0,0.962,97.3
0.0,0.963,97.3
0.0,0.964,97.3
0.0,0.974,97.3
0.114,0.988,97.3
0.261,0.991,97.3
0.199,0.983,97.3
0.152,0.979,97.3
0.205,0.99,97.3
0.422,0.987,97.3
0.506,0.972,97.3
0.268,0.941,97.3
0.122,0.899,97.3
0.052,0.866,97.3
0.0,0.856,97.3
0.0,0.847,97.3
0.0,0.841,97.3
0.0,0.849,97.3
0.0,0.886,97.3
0.0,0.882,97.3
0.0,0.858,97.3
0.0,0.83,97.3
0.0,0.811,97.3
0.0,0.787,97.3
0.0,0.75,97.3
0.0,0.687,97.3
0.0,0.644,97.3
0.007,0.642,97.3
0.062,0.69,97.3
0.252,0.757,97.3
0.407,0.85,97.3
0.494,0.913,97.3
0.254,0.946,97.3
0.095,0.947,97.3
0.075,0.925,97.3
0.11,0.905,97.3
0.074,0.862,97.3
0.018,0.822,97.3
0.0,0.802,97.3
0.0,0.798,97.3
0.0,0.772,97.3
0.0,0.727,97.3
0.0,0.712,97.3
0.0,0.725,97.3
0.0,0.751,97.3
0.0,0.806,97.3
0.0,0.862,97.3
0.0,0.911,97.3
0.0,0.958,97.3
0.0,0.973,97.3
0.0,0.964,97.3
0.0,0.956,97.3
0.083,0.966,97.3
0.212,0.977,97.3
0.22,0.984,97.3
0.242,0.986,97.3
0.255,0.986,97.3
0.203,0.985,97.3
0.189,0.978,97.3
0.205,0.971,97.3
0.149,0.955,97.3
0.049,0.913,97.3
0.0,0.855,97.3
0.0,0.794,97.3
0.0,0.728,97.3
0.0,0.672,97.3
0.0,0.659,97.3
0.0,0.661,97.3
0.0,0.661,97.3
0.0,0.64,97.3
0.0,0.597,97.3
0.0,0.544,97.3
0.0,0.483,97.3
0.0,0.464,97.3
0.0,0.495,97.3
0.002,0.494,97.3
0.071,0.466,97.3
0.268,0.538,97.3
0.493,0.588,97.3
0.607,0.626,97.3
0.654,0.657,97.3
0.633,0.682,97.3
0.526,0.692,97.3
0.315,0.684,97.3
0.122,0.58,97.3
0.025,0.518,97.3
0.0,0.494,97.3
0.0,0.495,97.3
0.0,0.521,97.3
0.0,0.579,97.3
0.0,0.566,97.3
0.0,0.538,97.3
0.0,0.447,97.3
0.0,0.364,97.3
0.0,0.357,97.3
0.0,0.366,97.3
0.0,0.39,97.3
0.0,0.428,97.3
0.0,0.441,97.3
0.041,0.432,97.3
0.216,0.416,97.3
0.417,0.568,97.3
0.546,0.657,97.3
0.613,0.717,97.3
0.627,0.763,97.3
0.589,0.788,97.3
0.521,0.803,97.3
0.416,0.809,97.3
0.245,0.785,97.3
0.083,0.721,97.3
0.0,0.692,97.3
0.0,0.657,97.3
0.0,0.638,97.3
0.0,0.61,97.3
0.0,0.577,97.3
0.0,0.55,97.3
0.0,0.524,97.3
0.0,0.491,97.3
0.0,0.457,97.3
0.0,0.422,97.3
0.0,0.397,97.3
0.0,0.384,97.3
0.0,0.371,97.3
0.005,0.329,97.3
0.036,0.248,97.3
0.066,0.191,97.3
0.088,0.144,97.3
0.1,0.097,97.3
0.105,0.075,97.3
0.093,0.067,97.3
0.073,0.056,97.3
0.055,0.045,97.3
0.044,0.034,97.3
0.013,0.02,97.3
0.0,0.022,97.3
0.0,0.054,97.3
0.0,0.089,97.3
0.0,0.128,97.3
0.0,0.171,97.3
0.0,0.213,97.3
0.0,0.248,97.3
0.0,0.284,97.3
0.0,0.334,97.3
0.0,0.392,97.3
0.0,0.432,97.3
0.0,0.448,97.3
0.0,0.441,97.3
0.008,0.419,97.3
0.053,0.413,97.3
0.112,0.459,97.3
0.255,0.523,97.3
0.509,0.567,97.3
0.537,0.594,97.3
0.528,0.59,97.3
0.476,0.584,97.3
0.388,0.598,97.3
0.227,0.601,97.3
0.064,0.484,97.3
0.0,0.407,97.3
0.0,0.42,97.3
0.0,0.395,97.3
0.0,0.355,97.3
0.0,0.332,97.3
0.0,0.27,97.3
0.0,0.197,97.3
0.0,0.171,97.3
0.0,0.125,97.3
0.0,0.112,97.3
0.0,0.101,97.3
0.0,0.076,97.3
0.0,0.058,97.3
0.008,0.059,97.3
0.054,0.061,97.3
0.119,0.077,97.3
0.154,0.106,97.3
0.184,0.148,97.3
0.178,0.208,97.3
0.166,0.261,97.3
0.163,0.318,97.3
0.132,0.369,97.3
0.077,0.383,97.3
0.037,0.354,97.3
0.0,0.355,97.3
0.0,0.366,97.3
0.0,0.369,97.3
0.0,0.388,97.3
0.0,0.413,97.3
0.0,0.434,97.3
0.0,0.432,97.3
0.0,0.413,97.3
0.0,0.388,97.3
0.0,0.364,97.3
0.0,0.364,97.3
0.0,0.343,97.3
0.0,0.35,97.3
0.064,0.35,97.3
0.302,0.343,97.3
0.498,0.41,97.3
0.638,0.406,97.3
0.724,0.367,97.3
0.75,0.323,97.3
0.714,0.292,97.3
0.641,0.287,97.3
0.49,0.311,97.3
0.329,0.359,97.3
0.148,0.404,97.3
0.004,0.457,97.3
0.0,0.489,97.3
0.0,0.454,97.3
0.0,0.42,97.3
0.0,0.398,97.3
0.0,0.366,97.3
0.0,0.325,97.3
0.0,0.265,97.3
0.0,0.2,97.3
0.0,0.141,97.3
0.0,0.101,97.3
0.0,0.074,97.3
0.0,0.049,97.3
0.054,0.03,97.3
0.255,0.022,97.3
0.478,0.031,97.3
0.62,0.036,97.3
0.694,0.047,97.3
0.681,0.071,97.3
0.59,0.105,97.3
0.439,0.142,97.3
0.28,0.175,97.3
0.139,0.191,97.3
0.041,0.192,97.3
0.0,0.21,97.3
0.0,0.24,97.3
0.0,0.246,97.3
0.0,0.245,97.3
0.0,0.243,97.3
0.0,0.239,97.3
0.0,0.289,97.3
0.0,0.344,97.3
0.0,0.364,97.3
0.0,0.394,97.3
0.0,0.422,97.3
0.0,0.449,97.3
0.0,0.454,97.3
0.029,0.48,97.3
0.122,0.59,97.3
0.368,0.645,97.3
0.508,0.641,97.3
0.651,0.624,97.3
0.665,0.606,97.3
0.558,0.604,97.3
0.518,0.615,97.3
0.453,0.615,97.3
0.214,0.603,97.3
0.067,0.547,97.3
0.0,0.493,97.3
0.0,0.469,97.3
0.0,0.429,97.3
0.0,0.388,97.3
0.0,0.363,97.3
0.0,0.345,97.3
0.0,0.332,97.3
0.0,0.331,97.3
0.0,0.337,97.3
0.0,0.332,97.3
0.0,0.318,97.3
0.0,0.297,97.3
0.0,0.275,97.3
0.04,0.227,97.3
0.142,0.182,97.3
0.3,0.153,97.3
0.467,0.118,97.3
0.579,0.096,97.3
0.635,0.085,97.3
0.653,0.084,97.3
0.607,0.096,97.3
0.49,0.11,97.3
0.364,0.114,97.3
0.16,0.11,97.3
0.008,0.101,97.3
0.0,0.07,97.3
0.0,0.029,97.3
0.0,0.011,97.3
0.0,0.025,97.3
0.0,0.071,97.3
0.0,0.142,97.3
0.0,0.225,97.3
0.0,0.291,97.3
0.0,0.314,97.3
0.0,0.285,97.3
0.0,0.243,97.3
0.0,0.216,97.3
0.011,0.192,97.3
0.058,0.179,97.3
0.143,0.181,97.3
0.295,0.185,97.3
0.487,0.207,97.3
0.704,0.236,97.3
0.678,0.259,97.3
0.621,0.263,97.3
0.516,0.248,97.3
0.353,0.223,97.3
0.158,0.176,97.3
0.01,0.137,97.3
0.0,0.112,97.3
0.0,0.114,97.3
0.0,0.148,97.3
0.0,0.196,97.3
0.0,0.238,97.3
0.0,0.261,97.3
0.0,0.27,97.3
0.0,0.283,97.3
0.0,0.304,97.3
0.0,0.311,97.3
0.0,0.302,97.3
0.0,0.264,97.3
0.032,0.208,97.3
0.152,0.18,97.3
0.453,0.181,97.3
0.619,0.209,97.3
0.7,0.272,97.3
0.705,0.317,97.3
0.632,0.344,97.3
0.553,0.348,97.3
0.464,0.328,97.3
0.314,0.286,97.3
0.143,0.201,97.3
0.009,0.173,97.3
0.0,0.162,97.3
0.0,0.153,97.3
0.0,0.141,97.3
0.0,0.135,97.3
0.0,0.136,97.3
0.0,0.144,97.3
0.0,0.167,97.3
0.0,0.191,97.3
0.0,0.212,97.3
0.0,0.243,97.3
0.0,0.269,97.3
0.0,0.272,97.3
0.014,0.235,97.3
0.057,0.188,97.3
0.114,0.174,97.3
0.189,0.179,97.3
0.282,0.203,97.3
0.454,0.245,97.3
0.497,0.305,97.3
0.451,0.364,97.3
0.366,0.386,97.3
0.306,0.357,97.3
0.141,0.266,97.3
0.013,0.248,97.3
0.0,0.297,97.3
0.0,0.367,97.3
0.0,0.425,97.3
0.0,0.464,97.3
0.0,0.501,97.3
0.0,0.571,97.3
0.0,0.597,97.3
0.0,0.58,97.3
0.0,0.58,97.3
0.0,0.566,97.3
0.0,0.555,97.3
0.0,0.55,97.3
0.064,0.494,97.3
0.239,0.457,97.3
0.425,0.481,97.3
0.588,0.641,97.3
0.683,0.733,97.3
0.693,0.762,97.3
0.672,0.77,97.3
0.537,0.768,97.3
0.363,0.739,97.3
0.212,0.666,97.3
0.084,0.618,97.3
0.005,0.657,97.3
0.0,0.68,97.3
0.0,0.655,97.3
0.0,0.655,97.3
0.0,0.683,97.3
0.0,0.637,97.3
0.0,0.587,97.3
0.0,0.622,97.3
0.0,0.682,97.3
0.0,0.704,97.3
0.0,0.691,97.3
0.0,0.742,97.3
0.0,0.785,97.3
0.044,0.791,97.3
0.107,0.796,97.3
0.161,0.794,97.3
0.264,0.794,97.3
0.357,0.791,97.3
0.414,0.772,97.3
0.443,0.732,97.3
0.43,0.695,97.3
0.377,0.665,97.3
0.239,0.605,97.3
0.132,0.491,97.3
0.014,0.401,97.3
0.0,0.39,97.3
0.0,0.447,97.3
0.0,0.505,97.3
0.0,0.51,97.3
0.0,0.49,97.3
0.0,0.473,97.3
0.0,0.48,97.3
0.0,0.493,97.3
0.0,0.506,97.3
0.0,0.532,97.3
0.0,0.59,97.3
0.0,0.637,97.3
0.048,0.617,97.3
0.116,0.602,97.3
0.16,0.731,97.3
0.169,0.872,97.3
0.161,0.886,97.3
0.17,0.886,97.3
0.201,0.885,97.3
0.226,0.884,97.3
0.163,0.861,97.3
0.091,0.809,97.3
0.036,0.744,97.3
0.005,0.71,97.3
0.0,0.695,97.3
0.0,0.645,97.3
0.0,0.624,97.3
0.0,0.632,97.3
0.0,0.648,97.3
0.0,0.663,97.3
0.0,0.666,97.3
0.0,0.661,97.3
0.0,0.655,97.3
0.0,0.644,97.3
0.0,0.628,97.3
0.0,0.594,97.3
0.073,0.55,97.3
0.298,0.519,97.3
0.469,0.612,97.3
0.601,0.644,97.3
0.696,0.648,97.3
0.734,0.643,97.3
0.72,0.624,97.3
0.657,0.59,97.3
0.546,0.525,97.3
0.386,0.422,97.3
0.191,0.332,97.3
0.024,0.346,97.3
0.0,0.379,97.3
0.0,0.396,97.3
0.0,0.401,97.3
0.0,0.399,97.3
0.0,0.384,97.3
0.0,0.358,97.3
0.0,0.323,97.3
0.0,0.281,97.3
0.0,0.243,97.3
0.0,0.205,97.3
0.0,0.175,97.3
0.0,0.159,97.3
0.064,0.161,97.3
0.204,0.122,97.3
0.396,0.068,97.3
0.576,0.054,97.3
0.678,0.077,97.3
0.718,0.102,97.3
0.705,0.119,97.3
0.65,0.127,97.3
0.54,0.132,97.3
0.382,0.134,97.3
0.191,0.119,97.3
0.026,0.093,97.3
0.0,0.084,97.3
0.0,0.086,97.3
0.0,0.091,97.3
0.0,0.091,97.3
0.0,0.088,97.3
0.0,0.084,97.3
0.0,0.08,97.3
0.0,0.084,97.3
0.0,0.095,97.3
0.0,0.106,97.3
0.0,0.113,97.3
0.0,0.112,97.3
0.118,0.101,97.3
0.316,0.063,97.3
0.491,0.034,97.3
0.616,0.022,97.3
0.687,0.021,97.3
0.709,0.026,97.3
0.682,0.028,97.3
0.614,0.025,97.3
0.492,0.021,97.3
0.329,0.02,97.3
0.142,0.025,97.3
0.018,0.042,97.3
0.0,0.054,97.3
0.0,0.058,97.3
0.0,0.054,97.3
0.0,0.044,97.3
0.0,0.031,97.3
0.0,0.021,97.3
0.0,0.021,97.3
0.0,0.04,97.3
0.0,0.095,97.3
0.0,0.168,97.3
0.0,0.218,97.3
0.0,0.266,97.3
0.073,0.286,97.3
0.251,0.3,97.3
0.443,0.438,97.3
0.564,0.534,97.3
0.657,0.547,97.3
0.699,0.52,97.3
0.677,0.493,97.3
0.622,0.491,97.3
0.518,0.504,97.3
0.366,0.525,97.3
0.185,0.547,97.3
0.03,0.532,97.3
0.0,0.525,97.3
0.0,0.501,97.3
0.0,0.457,97.3
0.0,0.43,97.3
0.0,0.42,97.3
0.0,0.413,97.3
0.0,0.41,97.3
0.0,0.405,97.3
0.0,0.395,97.3
0.0,0.386,97.3
0.0,0.376,97.3
0.0,0.374,97.3
0.118,0.371,97.3
0.297,0.398,97.3
0.476,0.382,97.3
0.63,0.346,97.3
0.712,0.313,97.3
0.731,0.358,97.3
0.729,0.468,97.3
0.64,0.525,97.3
0.544,0.556,97.3
0.363,0.574,97.3
0.177,0.543,97.3
0.026,0.466,97.3
0.0,0.445,97.3
0.0,0.481,97.3
0.0,0.508,97.3
0.0,0.559,97.3
0.0,0.585,97.3
0.0,0.558,97.3
0.0,0.519,97.3
0.0,0.477,97.3
0.0,0.451,97.3
0.0,0.452,97.3
0.0,0.432,97.3
0.0,0.403,97.3
0.091,0.338,97.3
0.254,0.343,97.3
0.465,0.314,97.3
0.616,0.286,97.3
0.708,0.26,97.3
0.744,0.251,97.3
0.726,0.27,97.3
0.667,0.311,97.3
0.561,0.349,97.3
0.396,0.388,97.3
0.206,0.435,97.3
0.035,0.46,97.3
0.0,0.476,97.3
0.0,0.48,97.3
0.0,0.436,97.3
0.0,0.395,97.3
0.0,0.347,97.3
0.0,0.294,97.3
0.0,0.251,97.3
0.0,0.213,97.3
0.0,0.179,97.3
0.0,0.151,97.3
0.0,0.123,97.3
0.0,0.101,97.3
0.057,0.077,97.3
0.157,0.072,97.3
0.265,0.071,97.3
0.385,0.073,97.3
0.473,0.08,97.3
0.577,0.088,97.3
0.671,0.105,97.3
0.616,0.137,97.3
0.517,0.183,97.3
0.354,0.232,97.3
0.182,0.272,97.3
0.033,0.293,97.3
0.0,0.342,97.3
0.0,0.425,97.3
0.0,0.528,97.3
0.0,0.611,97.3
0.0,0.636,97.3
0.0,0.618,97.3
0.0,0.589,97.3
0.0,0.568,97.3
0.0,0.559,97.3
0.0,0.559,97.3
0.0,0.621,97.3
0.0,0.71,97.3
0.048,0.791,97.3
0.16,0.853,97.3
0.216,0.895,97.3
0.315,0.894,97.3
0.448,0.884,97.3
0.499,0.88,97.3
0.434,0.878,97.3
0.308,0.879,97.3
0.235,0.882,97.3
0.174,0.875,97.3
0.083,0.857,97.3
0.011,0.849,97.3
0.0,0.859,97.3
0.0,0.872,97.3
0.0,0.865,97.3
0.0,0.846,97.3
0.0,0.829,97.3
0.0,0.8,97.3
0.0,0.765,97.3
0.0,0.737,97.3
0.0,0.723,97.3
0.0,0.714,97.3
0.0,0.687,97.3
0.0,0.644,97.3
0.033,0.61,97.3
0.1,0.624,97.3
0.186,0.684,97.3
0.211,0.697,97.3
0.231,0.698,97.3
0.187,0.69,97.3
0.203,0.701,97.3
0.154,0.727,97.3
0.083,0.726,97.3
0.057,0.711,97.3
0.037,0.648,97.3
0.004,0.59,97.3
0.0,0.593,97.3
0.0,0.584,97.3
0.0,0.569,97.3
0.0,0.526,97.3
0.0,0.56,97.3
0.0,0.625,97.3
0.0,0.666,97.3
0.0,0.693,97.3
0.0,0.71,97.3
0.0,0.779,97.3
0.0,0.823,97.3
0.0,0.85,97.3
0.024,0.842,97.3
0.1,0.861,97.3
0.185,0.854,97.3
0.302,0.855,97.3
0.393,0.833,97.3
0.441,0.813,97.3
0.435,0.791,97.3
0.418,0.765,97.3
0.367,0.739,97.3
0.219,0.697,97.3
0.103,0.614,97.3
0.024,0.519,97.3
0.0,0.496,97.3
0.0,0.491,97.3
0.0,0.464,97.3
0.0,0.425,97.3
0.0,0.375,97.3
0.0,0.34,97.3
0.0,0.315,97.3
0.0,0.313,97.3
0.0,0.324,97.3
0.0,0.332,97.3
0.0,0.333,97.3
0.005,0.333,97.3
0.099,0.293,97.3
0.234,0.278,97.3
0.408,0.32,97.3
0.55,0.358,97.3
0.701,0.395,97.3
0.732,0.42,97.3
0.735,0.433,97.3
0.671,0.437,97.3
0.562,0.444,97.3
0.399,0.444,97.3
0.205,0.408,97.3
0.041,0.347,97.3
0.0,0.39,97.3
0.0,0.459,97.3
0.0,0.507,97.3
0.0,0.513,97.3
0.0,0.501,97.3
0.0,0.501,97.3
0.0,0.482,97.3
0.0,0.466,97.3
0.0,0.464,97.3
0.0,0.463,97.3
0.0,0.459,97.3
0.005,0.442,97.3
0.074,0.379,97.3
0.181,0.355,97.3
0.288,0.454,97.3
0.394,0.454,97.3
0.471,0.432,97.3
0.541,0.406,97.3
0.572,0.364,97.3
0.525,0.312,97.3
0.446,0.254,97.3
0.305,0.187,97.3
0.169,0.113,97.3
0.041,0.088,97.3
0.0,0.134,97.3
0.0,0.208,97.3
0.0,0.259,97.3
0.0,0.251,97.3
0.0,0.235,97.3
0.0,0.244,97.3
0.0,0.259,97.3
0.0,0.288,97.3
0.0,0.308,97.3
0.0,0.322,97.3
0.0,0.332,97.3
0.0,0.325,97.3
0.025,0.311,97.3
0.077,0.331,97.3
0.143,0.368,97.3
0.192,0.395,97.3
0.22,0.404,97.3
0.22,0.405,97.3
0.189,0.41,97.3
0.143,0.418,97.3
0.101,0.43,97.3
0.061,0.447,97.3
0.024,0.466,97.3
0.0,0.532,97.3
0.0,0.613,97.3
0.0,0.661,97.3
0.0,0.689,97.3
0.0,0.689,97.3
0.0,0.663,97.3
0.0,0.62,97.3
0.0,0.592,97.3
0.0,0.583,97.3
0.0,0.579,97.3
0.0,0.593,97.3
0.0,0.607,97.3
0.007,0.594,97.3
0.083,0.587,97.3
0.202,0.63,97.3
0.342,0.613,97.3
0.48,0.606,97.3
0.597,0.582,97.3
0.608,0.539,97.3
0.592,0.505,97.3
0.564,0.485,97.3
0.491,0.466,97.3
0.366,0.428,97.3
0.203,0.379,97.3
0.052,0.316,97.3
0.0,0.293,97.3
0.0,0.264,97.3
0.0,0.23,97.3
0.0,0.208,97.3
0.0,0.209,97.3
0.0,0.234,97.3
0.0,0.272,97.3
0.0,0.302,97.3
0.0,0.312,97.3
0.0,0.301,97.3
0.0,0.278,97.3
0.007,0.25,97.3
0.07,0.205,97.3
0.158,0.203,97.3
0.246,0.227,97.3
0.305,0.241,97.3
0.336,0.249,97.3
0.405,0.251,97.3
0.451,0.251,97.3
0.438,0.257,97.3
0.395,0.269,97.3
0.304,0.267,97.3
0.178,0.249,97.3
0.052,0.22,97.3
0.0,0.219,97.3
0.0,0.215,97.3
0.0,0.208,97.3
0.0,0.205,97.3
0.0,0.204,97.3
0.0,0.2,97.3
0.0,0.193,97.3
0.0,0.189,97.3
0.0,0.191,97.3
0.0,0.189,97.3
0.0,0.185,97.3
0.016,0.175,97.3
0.162,0.132,97.3
0.353,0.109,97.3
0.477,0.09,97.3
0.487,0.084,97.3
0.498,0.084,97.3
0.576,0.095,97.3
0.554,0.118,97.3
0.495,0.144,97.3
0.424,0.156,97.3
0.303,0.155,97.3
0.17,0.126,97.3
0.051,0.078,97.3
0.0,0.046,97.3
0.0,0.026,97.3
0.0,0.016,97.3
0.0,0.012,97.3
0.0,0.011,97.3
0.0,0.009,97.3
0.0,0.008,97.3
0.0,0.008,97.3
0.0,0.009,97.3
0.0,0.011,97.3
0.0,0.016,97.3
0.018,0.031,97.3
0.164,0.048,97.3
0.346,0.073,97.3
0.487,0.079,97.3
0.517,0.084,97.3
0.512,0.097,97.3
0.566,0.116,97.3
0.501,0.146,97.3
0.42,0.194,97.3
0.318,0.251,97.3
0.23,0.297,97.3
0.132,0.32,97.3
0.039,0.32,97.3
0.0,0.351,97.3
0.0,0.376,97.3
0.0,0.383,97.3
0.0,0.368,97.3
0.0,0.341,97.3
0.0,0.302,97.3
0.0,0.259,97.3
0.0,0.219,97.3
0.0,0.184,97.3
0.0,0.158,97.3
0.0,0.146,97.3
0.019,0.144,97.3
0.148,0.124,97.3
0.335,0.139,97.3
0.477,0.137,97.3
0.589,0.133,97.3
0.616,0.13,97.3
0.65,0.132,97.3
0.627,0.139,97.3
0.555,0.146,97.3
0.467,0.155,97.3
0.347,0.174,97.3
0.187,0.204,97.3
0.054,0.257,97.3
0.0,0.362,97.3
0.0,0.436,97.3
0.0,0.449,97.3
0.0,0.437,97.3
0.0,0.401,97.3
0.0,0.38,97.3
0.0,0.341,97.3
0.0,0.309,97.3
0.0,0.289,97.3
0.0,0.272,97.3
0.0,0.26,97.3
0.019,0.249,97.3
0.167,0.195,97.3
0.363,0.223,97.3
0.539,0.227,97.3
0.63,0.213,97.3
0.705,0.205,97.3
0.736,0.211,97.3
0.713,0.233,97.3
0.622,0.266,97.3
0.491,0.31,97.3
0.346,0.356,97.3
0.216,0.401,97.3
0.066,0.428,97.3
0.0,0.49,97.3
0.0,0.519,97.3
0.0,0.494,97.3
0.0,0.476,97.3
0.0,0.462,97.3
0.0,0.447,97.3
0.0,0.432,97.3
0.0,0.409,97.3
0.0,0.388,97.3
0.0,0.371,97.3
0.0,0.371,97.3
0.02,0.379,97.3
0.177,0.332,97.3
0.377,0.379,97.3
0.55,0.328,97.3
0.678,0.27,97.3
0.755,0.233,97.3
0.784,0.223,97.3
0.765,0.241,97.3
0.701,0.278,97.3
0.592,0.325,97.3
0.435,0.369,97.3
0.244,0.401,97.3
0.066,0.393,97.3
0.0,0.388,97.3
0.0,0.37,97.3
0.0,0.323,97.3
0.0,0.275,97.3
0.0,0.234,97.3
0.0,0.204,97.3
0.0,0.176,97.3
0.0,0.133,97.3
0.0,0.097,97.3
0.0,0.069,97.3
0.0,0.048,97.3
0.013,0.035,97.3
0.08,0.03,97.3
0.21,0.029,97.3
0.435,0.035,97.3
0.562,0.038,97.3
0.66,0.043,97.3
0.719,0.048,97.3
0.729,0.055,97.3
0.665,0.067,97.3
0.548,0.083,97.3
0.377,0.105,97.3
0.181,0.143,97.3
0.057,0.206,97.3
0.0,0.291,97.3
0.0,0.325,97.3
0.0,0.316,97.3
0.0,0.294,97.3
0.0,0.265,97.3
0.0,0.243,97.3
0.0,0.223,97.3
0.0,0.186,97.3
0.0,0.15,97.3
0.0,0.132,97.3
0.0,0.125,97.3
0.019,0.115,97.3
0.096,0.106,97.3
0.198,0.092,97.3
0.306,0.081,97.3
0.376,0.064,97.3
0.417,0.043,97.3
0.373,0.032,97.3
0.296,0.031,97.3
0.247,0.035,97.3
0.273,0.041,97.3
0.207,0.046,97.3
0.101,0.045,97.3
0.038,0.039,97.3
0.0,0.035,97.3
0.0,0.035,97.3
0.0,0.036,97.3
0.0,0.041,97.3
0.0,0.047,97.3
0.0,0.05,97.3
0.0,0.047,97.3
0.0,0.041,97.3
0.0,0.034,97.3
0.0,0.025,97.3
0.0,0.017,97.3
0.028,0.012,97.3
0.164,0.007,97.3
0.343,0.005,97.3
0.502,0.015,97.3
0.597,0.017,97.3
0.66,0.01,97.3
0.646,0.005,97.3
0.583,0.007,97.3
0.518,0.015,97.3
0.391,0.034,97.3
0.271,0.061,97.3
0.131,0.1,97.3
0.049,0.159,97.3
0.0,0.245,97.3
0.0,0.312,97.3
0.0,0.337,97.3
0.0,0.33,97.3
0.0,0.302,97.3
0.0,0.265,97.3
0.0,0.227,97.3
0.0,0.2,97.3
0.0,0.187,97.3
0.0,0.192,97.3
0.0,0.212,97.3
0.023,0.222,97.3
0.119,0.2,97.3
0.257,0.234,97.3
0.416,0.337,97.3
0.512,0.411,97.3
0.618,0.432,97.3
0.699,0.436,97.3
0.704,0.459,97.3
0.654,0.494,97.3
0.568,0.521,97.3
0.43,0.535,97.3
0.25,0.56,97.3
0.075,0.574,97.3
0.0,0.547,97.3
0.0,0.528,97.3
0.0,0.51,97.3
0.0,0.49,97.3
0.0,0.464,97.3
0.0,0.417,97.3
0.0,0.341,97.3
0.0,0.281,97.3
0.0,0.249,97.3
0.0,0.236,97.3
0.0,0.23,97.3
0.029,0.222,97.3
0.153,0.188,97.3
0.31,0.195,97.3
0.455,0.191,97.3
0.574,0.179,97.3
0.669,0.171,97.3
0.749,0.179,97.3
0.773,0.189,97.3
0.717,0.199,97.3
0.612,0.211,97.3
0.46,0.225,97.3
0.269,0.245,97.3
0.081,0.274,97.3
0.001,0.322,97.3
0.0,0.347,97.3
0.0,0.323,97.3
0.0,0.305,97.3
0.0,0.28,97.3
0.0,0.243,97.3
0.0,0.203,97.3
0.0,0.169,97.3
0.0,0.138,97.3
0.0,0.111,97.3
0.0,0.093,97.3
0.029,0.084,97.3
0.188,0.078,97.3
0.398,0.081,97.3
0.566,0.082,97.3
0.693,0.085,97.3
0.767,0.094,97.3
0.794,0.107,97.3
0.776,0.121,97.3
0.716,0.138,97.3
0.608,0.161,97.3
0.454,0.195,97.3
0.266,0.243,97.3
0.08,0.29,97.3
0.001,0.379,97.3
0.0,0.444,97.3
0.0,0.442,97.3
0.0,0.418,97.3
0.0,0.388,97.3
0.0,0.364,97.3
0.0,0.346,97.3
0.0,0.32,97.3
0.0,0.292,97.3
0.0,0.263,97.3
0.0,0.24,97.3
0.032,0.206,97.3
0.149,0.166,97.3
0.314,0.235,97.3
0.478,0.249,97.3
0.551,0.248,97.3
0.563,0.256,97.3
0.567,0.278,97.3
0.546,0.311,97.3
0.49,0.353,97.3
0.408,0.406,97.3
0.296,0.456,97.3
0.166,0.481,97.3
0.065,0.476,97.3
0.004,0.494,97.3
0.0,0.535,97.3
0.0,0.538,97.3
0.0,0.522,97.3
0.0,0.502,97.3
0.0,0.469,97.3
0.0,0.438,97.3
0.0,0.425,97.3
0.0,0.422,97.3
0.0,0.413,97.3
0.0,0.397,97.3
0.037,0.337,97.3
0.152,0.346,97.3
0.324,0.341,97.3
0.522,0.315,97.3
0.644,0.3,97.3
0.746,0.279,97.3
0.735,0.264,97.3
0.711,0.274,97.3
0.656,0.296,97.3
0.54,0.315,97.3
0.358,0.354,97.3
0.181,0.407,97.3
0.072,0.425,97.3
0.005,0.458,97.3
0.0,0.504,97.3
0.0,0.498,97.3
0.0,0.484,97.3
0.0,0.457,97.3
0.0,0.436,97.3
0.0,0.413,97.3
0.0,0.383,97.3
0.0,0.347,97.3
0.0,0.312,97.3
0.0,0.304,97.3
0.034,0.268,97.3
0.21,0.212,97.3
0.411,0.227,97.3
0.58,0.196,97.3
0.703,0.178,97.3
0.778,0.182,97.3
0.805,0.205,97.3
0.786,0.237,97.3
0.724,0.264,97.3
0.616,0.279,97.3
0.454,0.296,97.3
0.22,0.322,97.3
0.065,0.341,97.3
0.003,0.403,97.3
0.0,0.459,97.3
0.0,0.447,97.3
0.0,0.442,97.3
0.0,0.422,97.3
0.0,0.387,97.3
0.0,0.365,97.3
0.0,0.344,97.3
0.0,0.325,97.3
0.0,0.283,97.3
0.0,0.254,97.3
0.037,0.197,97.3
0.206,0.117,97.3
0.399,0.102,97.3
0.561,0.11,97.3
0.673,0.115,97.3
0.739,0.108,97.3
0.761,0.089,97.3
0.723,0.071,97.3
0.628,0.064,97.3
0.521,0.071,97.3
0.391,0.094,97.3
0.247,0.133,97.3
0.085,0.208,97.3
0.005,0.357,97.3
0.0,0.505,97.3
0.0,0.55,97.3
0.0,0.526,97.3
0.0,0.494,97.3
0.0,0.457,97.3
0.0,0.423,97.3
0.0,0.397,97.3
0.0,0.379,97.3
0.0,0.362,97.3
0.0,0.347,97.3
0.043,0.259,97.3
0.192,0.157,97.3
0.352,0.144,97.3
0.461,0.243,97.3
0.551,0.308,97.3
0.624,0.271,97.3
0.635,0.2,97.3
0.54,0.151,97.3
0.466,0.157,97.3
0.409,0.222,97.3
0.328,0.335,97.3
0.185,0.494,97.3
0.06,0.606,97.3
0.001,0.619,97.3
0.0,0.63,97.3
0.0,0.651,97.3
0.0,0.682,97.3
0.0,0.62,97.3
0.0,0.533,97.3
0.0,0.528,97.3
0.0,0.471,97.3
0.0,0.447,97.3
0.0,0.45,97.3
0.0,0.488,97.3
0.026,0.516,97.3
0.069,0.578,97.3
0.089,0.605,97.3
0.095,0.641,97.3
0.141,0.695,97.3
0.22,0.752,97.3
0.323,0.783,97.3
0.438,0.793,97.3
0.494,0.78,97.3
0.507,0.75,97.3
0.409,0.703,97.3
0.25,0.635,97.3
0.094,0.539,97.3
0.011,0.471,97.3
0.0,0.459,97.3
0.0,0.435,97.3
0.0,0.407,97.3
0.0,0.374,97.3
0.0,0.337,97.3
0.0,0.296,97.3
0.0,0.252,97.3
0.0,0.206,97.3
0.0,0.168,97.3
0.0,0.135,97.3
0.044,0.103,97.3
0.154,0.06,97.3
0.293,0.029,97.3
0.421,0.019,97.3
0.507,0.024,97.3
0.592,0.035,97.3
0.632,0.05,97.3
0.604,0.065,97.3
0.538,0.077,97.3
0.433,0.089,97.3
0.28,0.105,97.3
0.185,0.12,97.3
0.077,0.124,97.3
0.01,0.128,97.3
0.0,0.125,97.3
0.0,0.113,97.3
0.0,0.118,97.3
0.0,0.141,97.3
0.0,0.173,97.3
0.0,0.201,97.3
0.0,0.221,97.3
0.0,0.228,97.3
0.0,0.208,97.3
0.0,0.172,97.3
0.048,0.137,97.3
0.187,0.101,97.3
0.34,0.096,97.3
0.458,0.115,97.3
0.531,0.141,97.3
0.577,0.168,97.3
0.593,0.192,97.3
0.575,0.218,97.3
0.552,0.248,97.3
0.5,0.264,97.3
0.402,0.264,97.3
0.257,0.267,97.3
0.096,0.282,97.3
0.013,0.311,97.3
0.0,0.36,97.3
0.0,0.369,97.3
0.0,0.361,97.3
0.0,0.357,97.3
0.0,0.362,97.3
0.0,0.364,97.3
0.0,0.367,97.3
0.0,0.381,97.3
0.0,0.397,97.3
0.0,0.392,97.3
0.049,0.341,97.3
0.198,0.3,97.3
0.352,0.294,97.3
0.452,0.294,97.3
0.541,0.299,97.3
0.606,0.306,97.3
0.641,0.311,97.3
0.605,0.311,97.3
0.558,0.302,97.3
0.474,0.278,97.3
0.364,0.251,97.3
0.236,0.218,97.3
0.095,0.171,97.3
0.014,0.13,97.3
0.0,0.093,97.3
0.0,0.068,97.3
0.0,0.07,97.3
0.0,0.103,97.3
0.0,0.169,97.3
0.0,0.27,97.3
0.0,0.373,97.3
0.0,0.43,97.3
0.0,0.429,97.3
0.0,0.425,97.3
0.043,0.382,97.3
0.137,0.358,97.3
0.229,0.442,97.3
0.382,0.501,97.3
0.497,0.535,97.3
0.545,0.556,97.3
0.441,0.569,97.3
0.296,0.562,97.3
0.237,0.535,97.3
0.237,0.529,97.3
0.236,0.526,97.3
0.112,0.474,97.3
0.025,0.453,97.3
0.0,0.535,97.3
0.0,0.661,97.3
0.0,0.732,97.3
0.0,0.809,97.3
0.0,0.89,97.3
0.0,0.946,97.3
0.0,0.967,97.3
0.0,0.977,97.3
0.0,0.976,97.3
0.0,0.975,97.3
0.0,0.972,97.3
0.015,0.972,97.3
0.08,0.971,97.3
0.188,0.971,97.3
0.299,0.972,97.3
0.513,0.976,97.3
0.639,0.979,97.3
0.65,0.981,97.3
0.626,0.983,97.3
0.524,0.982,97.3
0.416,0.978,97.3
0.287,0.969,97.3
0.18,0.943,97.3
0.079,0.901,97.3
0.011,0.847,97.3
0.0,0.799,97.3
0.0,0.752,97.3
0.0,0.712,97.3
0.0,0.668,97.3
0.0,0.617,97.3
0.0,0.569,97.3
0.0,0.55,97.3
0.0,0.547,97.3
0.0,0.548,97.3
0.0,0.547,97.3
0.049,0.563,97.3
0.168,0.67,97.3
0.306,0.762,97.3
0.415,0.792,97.3
0.436,0.798,97.3
0.502,0.793,97.3
0.589,0.784,97.3
0.613,0.765,97.3
0.587,0.726,97.3
0.54,0.65,97.3
0.42,0.538,97.3
0.259,0.419,97.3
0.099,0.286,97.3
0.018,0.179,97.3
0.0,0.138,97.3
0.0,0.145,97.3
0.0,0.186,97.3
0.0,0.226,97.3
0.0,0.234,97.3
0.0,0.205,97.3
0.0,0.175,97.3
0.0,0.161,97.3
0.0,0.148,97.3
0.0,0.133,97.3
0.043,0.101,97.3
0.124,0.067,97.3
0.192,0.054,97.3
0.234,0.046,97.3
0.29,0.038,97.3
0.344,0.035,97.3
0.378,0.032,97.3
0.387,0.029,97.3
0.313,0.026,97.3
0.213,0.026,97.3
0.15,0.041,97.3
0.11,0.059,97.3
0.061,0.085,97.3
0.011,0.118,97.3
0.0,0.152,97.3
0.0,0.167,97.3
0.0,0.183,97.3
0.0,0.201,97.3
0.0,0.211,97.3
0.0,0.215,97.3
0.0,0.205,97.3
0.0,0.182,97.3
0.0,0.155,97.3
0.0,0.133,97.3
0.055,0.112,97.3
0.199,0.105,97.3
0.385,0.12,97.3
0.527,0.141,97.3
0.647,0.161,97.3
0.737,0.181,97.3
0.787,0.212,97.3
0.778,0.261,97.3
0.718,0.312,97.3
0.617,0.351,97.3
0.472,0.341,97.3
0.289,0.289,97.3
0.103,0.206,97.3
0.018,0.127,97.3
0.0,0.076,97.3
0.0,0.038,97.3
0.0,0.035,97.3
0.0,0.051,97.3
0.0,0.091,97.3
0.0,0.155,97.3
0.0,0.249,97.3
0.0,0.337,97.3
0.0,0.4,97.3
0.0,0.415,97.3
0.017,0.362,97.3
0.054,0.31,97.3
0.089,0.305,97.3
0.112,0.355,97.3
0.191,0.481,97.3
0.232,0.707,97.3
0.202,0.805,97.3
0.191,0.806,97.3
0.151,0.781,97.3
0.121,0.766,97.3
0.133,0.74,97.3
0.133,0.722,97.3
0.083,0.677,97.3
0.019,0.656,97.3
0.0,0.633,97.3
0.0,0.618,97.3
0.0,0.603,97.3
0.0,0.6,97.3
0.0,0.594,97.3
0.0,0.572,97.3
0.0,0.55,97.3
0.0,0.535,97.3
0.0,0.516,97.3
0.002,0.484,97.3
0.045,0.414,97.3
0.143,0.368,97.3
0.126,0.37,97.3
0.065,0.27,97.3
0.099,0.297,97.3
0.347,0.452,97.3
0.525,0.574,97.3
0.514,0.615,97.3
0.45,0.598,97.3
0.262,0.515,97.3
0.181,0.378,97.3
0.084,0.274,97.3
0.014,0.249,97.3
0.0,0.237,97.3
0.0,0.314,97.3
0.0,0.58,97.3
0.0,0.648,97.3
0.0,0.53,97.3
0.0,0.494,97.3
0.0,0.457,97.3
0.0,0.454,97.3
0.0,0.538,97.3
0.0,0.663,97.3
0.0,0.77,97.3
0.039,0.796,97.3
0.073,0.789,97.3
0.025,0.822,97.3
0.162,0.721,97.3
0.602,0.669,97.3
0.705,0.722,97.3
0.727,0.708,97.3
0.679,0.7,97.3
0.563,0.663,97.3
0.516,0.569,97.3
0.362,0.466,97.3
0.143,0.308,97.3
0.069,0.199,97.3
0.01,0.105,97.3
0.0,0.039,97.3
0.0,0.024,97.3
0.0,0.054,97.3
0.0,0.068,97.3
0.0,0.059,97.3
0.0,0.043,97.3
0.0,0.022,97.3
0.0,0.008,97.3
0.0,0.016,97.3
0.002,0.028,97.3
0.048,0.035,97.3
0.088,0.029,97.3
0.14,0.021,97.3
0.231,0.017,97.3
0.31,0.013,97.3
0.312,0.01,97.3
0.306,0.005,97.3
0.325,0.004,97.3
0.193,0.006,97.3
0.159,0.012,97.3
0.14,0.021,97.3
0.095,0.031,97.3
0.072,0.053,97.3
0.02,0.084,97.3
0.0,0.167,97.3
0.0,0.284,97.3
0.0,0.341,97.3
0.0,0.3,97.3
0.0,0.228,97.3
0.0,0.183,97.3
0.0,0.192,97.3
0.0,0.247,97.3
0.0,0.312,97.3
0.006,0.328,97.3
0.063,0.238,97.3
0.221,0.265,97.3
0.399,0.286,97.3
0.55,0.265,97.3
0.65,0.225,97.3
0.704,0.179,97.3
0.694,0.138,97.3
0.631,0.104,97.3
0.549,0.076,97.3
0.443,0.047,97.3
0.315,0.019,97.3
0.183,0.003,97.3
0.087,0.003,97.3
0.022,0.021,97.3
0.0,0.066,97.3
0.0,0.131,97.3
0.0,0.188,97.3
0.0,0.227,97.3
0.0,0.249,97.3
0.0,0.255,97.3
0.0,0.24,97.3
0.0,0.208,97.3
0.0,0.182,97.3
0.008,0.179,97.3
0.071,0.141,97.3
0.208,0.109,97.3
0.321,0.123,97.3
0.426,0.118,97.3
0.49,0.09,97.3
0.517,0.06,97.3
0.499,0.04,97.3
0.422,0.027,97.3
0.291,0.018,97.3
0.208,0.013,97.3
0.148,0.013,97.3
0.089,0.013,97.3
0.041,0.013,97.3
0.004,0.017,97.3
0.0,0.026,97.3
0.0,0.041,97.3
0.0,0.052,97.3
0.0,0.056,97.3
0.0,0.055,97.3
0.0,0.048,97.3
0.0,0.044,97.3
0.0,0.041,97.3
0.0,0.039,97.3
0.0,0.038,97.3
0.036,0.034,97.3
0.1,0.03,97.3
0.183,0.025,97.3
0.28,0.019,97.3
0.359,0.019,97.3
0.41,0.025,97.3
0.452,0.034,97.3
0.459,0.039,97.3
0.426,0.041,97.3
0.388,0.042,97.3
0.241,0.049,97.3
0.145,0.062,97.3
0.086,0.076,97.3
0.026,0.096,97.3
0.0,0.117,97.3
0.0,0.108,97.3
0.0,0.08,97.3
0.0,0.054,97.3
0.0,0.032,97.3
0.0,0.016,97.3
0.0,0.009,97.3
0.0,0.006,97.3
0.0,0.007,97.3
0.005,0.007,97.3
0.058,0.011,97.3
0.149,0.022,97.3
0.285,0.04,97.3
0.421,0.066,97.3
0.461,0.096,97.3
0.321,0.124,97.3
0.271,0.142,97.3
0.207,0.151,97.3
0.199,0.149,97.3
0.166,0.133,97.3
0.129,0.107,97.3
0.095,0.078,97.3
0.063,0.05,97.3
0.02,0.037,97.3
0.0,0.041,97.3
0.0,0.067,97.3
0.0,0.122,97.3
0.0,0.2,97.3
0.0,0.261,97.3
0.0,0.296,97.3
0.0,0.311,97.3
0.0,0.311,97.3
0.0,0.31,97.3
0.003,0.294,97.3
0.051,0.257,97.3
0.135,0.305,97.3
0.291,0.362,97.3
0.437,0.386,97.3
0.5,0.374,97.3
0.536,0.346,97.3
0.494,0.306,97.3
0.466,0.261,97.3
0.439,0.231,97.3
0.401,0.213,97.3
0.287,0.192,97.3
0.196,0.156,97.3
0.101,0.109,97.3
0.029,0.08,97.3
0.0,0.086,97.3
0.0,0.133,97.3
0.0,0.209,97.3
0.0,0.277,97.3
0.0,0.3,97.3
0.0,0.31,97.3
0.0,0.32,97.3
0.0,0.338,97.3
0.0,0.314,97.3
0.002,0.303,97.3
0.044,0.249,97.3
0.109,0.233,97.3
0.24,0.186,97.3
0.41,0.107,97.3
0.415,0.093,97.3
0.413,0.137,97.3
0.466,0.231,97.3
0.489,0.355,97.3
0.44,0.455,97.3
0.502,0.491,97.3
0.418,0.447,97.3
0.259,0.374,97.3
0.108,0.289,97.3
0.025,0.191,97.3
0.0,0.125,97.3
0.0,0.08,97.3
0.0,0.061,97.3
0.0,0.07,97.3
0.0,0.097,97.3
0.0,0.13,97.3
0.0,0.16,97.3
0.0,0.193,97.3
0.0,0.233,97.3
0.007,0.273,97.3
0.066,0.254,97.3
0.184,0.266,97.3
0.335,0.304,97.3
0.486,0.32,97.3
0.598,0.323,97.3
0.658,0.318,97.3
0.676,0.305,97.3
0.665,0.285,97.3
0.63,0.264,97.3
0.545,0.234,97.3
0.419,0.19,97.3
0.263,0.138,97.3
0.114,0.093,97.3
0.031,0.059,97.3
0.0,0.037,97.3
0.0,0.033,97.3
0.0,0.058,97.3
0.0,0.116,97.3
0.0,0.184,97.3
0.0,0.223,97.3
0.0,0.25,97.3
0.0,0.272,97.3
0.0,0.289,97.3
0.002,0.286,97.3
0.033,0.248,97.3
0.076,0.22,97.3
0.125,0.205,97.3
0.176,0.199,97.3
0.238,0.175,97.3
0.285,0.155,97.3
0.32,0.127,97.3
0.301,0.104,97.3
0.296,0.095,97.3
0.307,0.104,97.3
0.245,0.129,97.3
0.181,0.156,97.3
0.099,0.167,97.3
0.037,0.155,97.3
0.0,0.151,97.3
0.0,0.128,97.3
0.0,0.102,97.3
0.0,0.102,97.3
0.0,0.122,97.3
0.0,0.135,97.3
0.0,0.144,97.3
0.0,0.159,97.3
0.0,0.159,97.3
0.015,0.132,97.3
0.078,0.087,97.3
0.221,0.083,97.3
0.382,0.118,97.3
0.511,0.167,97.3
0.581,0.251,97.3
0.574,0.345,97.3
0.405,0.407,97.3
0.245,0.44,97.3
0.182,0.46,97.3
0.208,0.515,97.3
0.277,0.618,97.3
0.184,0.665,97.3
0.097,0.657,97.3
0.02,0.697,97.3
0.0,0.743,97.3
0.0,0.75,97.3
0.0,0.743,97.3
0.0,0.759,97.3
0.0,0.777,97.3
0.0,0.796,97.3
0.0,0.813,97.3
0.0,0.831,97.3
0.0,0.834,97.3
0.014,0.827,97.3
0.072,0.827,97.3
0.22,0.863,97.3
0.385,0.906,97.3
0.523,0.928,97.3
0.61,0.947,97.3
0.69,0.959,97.3
0.713,0.965,97.3
0.687,0.969,97.3
0.635,0.971,97.3
0.546,0.972,97.3
0.427,0.971,97.3
0.272,0.967,97.3
0.117,0.963,97.3
0.032,0.953,97.3
0.0,0.946,97.3
0.0,0.943,97.3
0.0,0.944,97.3
0.0,0.944,97.3
0.0,0.942,97.3
0.0,0.939,97.3
0.0,0.935,97.3
0.0,0.932,97.3
0.0,0.926,97.3
0.0,0.914,97.3
0.015,0.884,97.3
0.078,0.845,97.3
0.167,0.806,97.3
0.212,0.758,97.3
0.239,0.685,97.3
0.365,0.648,97.3
0.354,0.613,97.3
0.31,0.59,97.3
0.337,0.558,97.3
0.353,0.502,97.3
0.324,0.422,97.3
0.231,0.314,97.3
0.119,0.193,97.3
0.03,0.099,97.3
0.0,0.049,97.3
0.0,0.029,97.3
0.0,0.037,97.3
0.0,0.07,97.3
0.0,0.117,97.3
0.0,0.158,97.3
0.0,0.194,97.3
0.0,0.231,97.3
0.0,0.27,97.3
0.006,0.294,97.3
0.063,0.302,97.3
0.177,0.346,97.3
0.328,0.435,97.3
0.456,0.495,97.3
0.511,0.532,97.3
0.522,0.56,97.3
0.472,0.562,97.3
0.31,0.534,97.3
0.437,0.497,97.3
0.444,0.444,97.3
0.217,0.402,97.3
0.091,0.341,97.3
0.034,0.316,97.3
0.008,0.337,97.3
0.0,0.422,97.3
0.0,0.547,97.3
0.0,0.619,97.3
0.0,0.66,97.3
0.0,0.677,97.3
0.0,0.687,97.3
0.0,0.674,97.3
0.0,0.686,97.3
0.0,0.653,97.3
0.0,0.617,97.3
0.02,0.661,97.3
0.044,0.682,97.3
0.071,0.666,97.3
0.118,0.619,97.3
0.177,0.563,97.3
0.251,0.504,97.3
0.266,0.447,97.3
0.202,0.386,97.3
0.199,0.334,97.3
0.178,0.261,97.3
0.186,0.192,97.3
0.166,0.136,97.3
0.091,0.106,97.3
0.023,0.117,97.3
0.0,0.153,97.3
0.0,0.2,97.3
0.0,0.249,97.3
0.0,0.278,97.3
0.0,0.281,97.3
0.0,0.268,97.3
0.0,0.25,97.3
0.0,0.241,97.3
0.0,0.22,97.3
0.006,0.213,97.3
0.049,0.249,97.3
0.123,0.348,97.3
0.237,0.506,97.3
0.368,0.603,97.3
0.48,0.622,97.3
0.587,0.601,97.3
0.589,0.594,97.3
0.485,0.593,97.3
0.359,0.594,97.3
0.267,0.609,97.3
0.212,0.619,97.3
0.145,0.579,97.3
0.085,0.461,97.3
0.031,0.393,97.3
0.0,0.374,97.3
0.0,0.39,97.3
0.0,0.398,97.3
0.0,0.386,97.3
0.0,0.376,97.3
0.0,0.367,97.3
0.0,0.362,97.3
0.0,0.358,97.3
0.0,0.345,97.3
0.017,0.331,97.3
0.079,0.279,97.3
0.194,0.278,97.3
0.319,0.274,97.3
0.465,0.3,97.3
0.576,0.347,97.3
0.646,0.391,97.3
0.688,0.427,97.3
0.691,0.469,97.3
0.662,0.532,97.3
0.587,0.595,97.3
0.439,0.655,97.3
0.223,0.676,97.3
0.077,0.61,97.3
0.019,0.512,97.3
0.0,0.476,97.3
0.0,0.492,97.3
0.0,0.497,97.3
0.0,0.493,97.3
0.0,0.498,97.3
0.0,0.479,97.3
0.0,0.484,97.3
0.0,0.478,97.3
0.0,0.498,97.3
0.001,0.501,97.3
0.026,0.516,97.3
0.067,0.521,97.3
0.134,0.557,97.3
0.252,0.558,97.3
0.433,0.55,97.3
0.648,0.547,97.3
0.707,0.547,97.3
0.694,0.541,97.3
0.621,0.532,97.3
0.55,0.513,97.3
0.407,0.465,97.3
0.283,0.403,97.3
0.125,0.337,97.3
0.037,0.264,97.3
0.0,0.219,97.3
0.0,0.195,97.3
0.0,0.165,97.3
0.0,0.127,97.3
0.0,0.082,97.3
0.0,0.049,97.3
0.0,0.032,97.3
0.0,0.023,97.3
0.0,0.017,97.3
0.019,0.013,97.3
0.079,0.01,97.3
0.204,0.011,97.3
0.296,0.011,97.3
0.378,0.017,97.3
0.412,0.024,97.3
0.506,0.027,97.3
0.677,0.025,97.3
0.728,0.02,97.3
0.624,0.017,97.3
0.453,0.018,97.3
0.35,0.025,97.3
0.244,0.049,97.3
0.122,0.096,97.3
0.038,0.198,97.3
0.0,0.345,97.3
0.0,0.432,97.3
0.0,0.438,97.3
0.0,0.41,97.3
0.0,0.374,97.3
0.0,0.341,97.3
0.0,0.325,97.3
0.0,0.304,97.3
0.0,0.259,97.3
0.017,0.199,97.3
0.072,0.122,97.3
0.241,0.12,97.3
0.417,0.101,97.3
0.564,0.083,97.3
0.671,0.085,97.3
0.737,0.101,97.3
0.762,0.121,97.3
0.749,0.144,97.3
0.696,0.169,97.3
0.602,0.196,97.3
0.468,0.225,97.3
0.302,0.253,97.3
0.125,0.287,97.3
0.027,0.323,97.3
0.0,0.376,97.3
0.0,0.391,97.3
0.0,0.37,97.3
0.0,0.348,97.3
0.0,0.317,97.3
0.0,0.294,97.3
0.0,0.27,97.3
0.0,0.249,97.3
0.0,0.229,97.3
0.016,0.192,97.3
0.071,0.122,97.3
0.246,0.103,97.3
0.425,0.084,97.3
0.573,0.072,97.3
0.679,0.069,97.3
0.741,0.074,97.3
0.763,0.084,97.3
0.744,0.098,97.3
0.688,0.12,97.3
0.592,0.149,97.3
0.459,0.187,97.3
0.295,0.225,97.3
0.124,0.263,97.3
0.029,0.355,97.3
0.0,0.477,97.3
0.0,0.528,97.3
0.0,0.51,97.3
0.0,0.469,97.3
0.0,0.42,97.3
0.0,0.386,97.3
0.0,0.355,97.3
0.0,0.322,97.3
0.0,0.281,97.3
0.018,0.207,97.3
0.072,0.111,97.3
0.24,0.071,97.3
0.411,0.072,97.3
0.553,0.083,97.3
0.657,0.095,97.3
0.722,0.102,97.3
0.746,0.102,97.3
0.732,0.1,97.3
0.678,0.099,97.3
0.584,0.105,97.3
0.453,0.125,97.3
0.292,0.157,97.3
0.124,0.2,97.3
0.03,0.284,97.3
0.0,0.403,97.3
0.0,0.481,97.3
0.0,0.511,97.3
0.0,0.504,97.3
0.0,0.472,97.3
0.0,0.422,97.3
0.0,0.367,97.3
0.0,0.313,97.3
0.0,0.255,97.3
0.018,0.199,97.3
0.071,0.12,97.3
0.238,0.073,97.3
0.411,0.076,97.3
0.554,0.116,97.3
0.659,0.143,97.3
0.723,0.161,97.3
0.748,0.179,97.3
0.733,0.204,97.3
0.68,0.243,97.3
0.587,0.282,97.3
0.456,0.31,97.3
0.294,0.322,97.3
0.124,0.34,97.3
0.028,0.432,97.3
0.0,0.541,97.3
0.0,0.602,97.3
0.0,0.6,97.3
0.0,0.559,97.3
0.0,0.491,97.3
0.0,0.415,97.3
0.0,0.348,97.3
0.0,0.305,97.3
0.0,0.278,97.3
0.019,0.243,97.3
0.073,0.148,97.3
0.236,0.096,97.3
0.404,0.103,97.3
0.544,0.129,97.3
0.646,0.138,97.3
0.707,0.136,97.3
0.73,0.123,97.3
0.715,0.105,97.3
0.662,0.085,97.3
0.571,0.068,97.3
0.444,0.06,97.3
0.284,0.065,97.3
0.117,0.074,97.3
0.031,0.096,97.3
0.0,0.143,97.3
0.0,0.178,97.3
0.0,0.167,97.3
0.0,0.169,97.3
0.0,0.231,97.3
0.0,0.309,97.3
0.0,0.344,97.3
0.0,0.334,97.3
0.0,0.302,97.3
0.018,0.259,97.3
0.081,0.187,97.3
0.192,0.158,97.3
0.324,0.186,97.3
0.405,0.205,97.3
0.449,0.211,97.3
0.472,0.205,97.3
0.49,0.217,97.3
0.5,0.243,97.3
0.495,0.257,97.3
0.431,0.241,97.3
0.335,0.207,97.3
0.23,0.182,97.3
0.122,0.17,97.3
0.043,0.161,97.3
0.0,0.165,97.3
0.0,0.176,97.3
0.0,0.162,97.3
0.0,0.139,97.3
0.0,0.119,97.3
0.0,0.1,97.3
0.0,0.071,97.3
0.0,0.034,97.3
0.0,0.01,97.3
0.023,0.003,97.3
0.081,0.004,97.3
0.183,0.011,97.3
0.314,0.011,97.3
0.418,0.007,97.3
0.519,0.009,97.3
0.633,0.021,97.3
0.659,0.036,97.3
0.623,0.045,97.3
0.505,0.053,97.3
0.314,0.076,97.3
0.149,0.127,97.3
0.056,0.183,97.3
0.016,0.225,97.3
0.001,0.256,97.3
0.0,0.294,97.3
0.0,0.327,97.3
0.0,0.324,97.3
0.0,0.302,97.3
0.0,0.284,97.3
0.0,0.284,97.3
0.0,0.292,97.3
0.0,0.301,97.3
0.0,0.309,97.3
0.003,0.284,97.3
0.033,0.259,97.3
0.075,0.268,97.3
0.158,0.291,97.3
0.219,0.32,97.3
0.267,0.341,97.3
0.316,0.367,97.3
0.38,0.389,97.3
0.418,0.41,97.3
0.449,0.413,97.3
0.417,0.395,97.3
0.362,0.368,97.3
0.251,0.345,97.3
0.134,0.318,97.3
0.049,0.278,97.3
0.002,0.236,97.3
0.0,0.224,97.3
0.0,0.224,97.3
0.0,0.225,97.3
0.0,0.223,97.3
0.0,0.223,97.3
0.0,0.227,97.3
0.0,0.228,97.3
0.0,0.225,97.3
0.021,0.2,97.3
0.074,0.146,97.3
0.236,0.119,97.3
0.401,0.103,97.3
0.542,0.102,97.3
0.638,0.11,97.3
0.704,0.122,97.3
0.726,0.133,97.3
0.713,0.142,97.3
0.662,0.149,97.3
0.571,0.155,97.3
0.446,0.158,97.3
0.291,0.164,97.3
0.13,0.172,97.3
0.034,0.184,97.3
0.001,0.225,97.3
0.0,0.251,97.3
0.0,0.245,97.3
0.0,0.23,97.3
0.0,0.207,97.3
0.0,0.184,97.3
0.0,0.16,97.3
0.0,0.136,97.3
0.0,0.108,97.3
0.02,0.079,97.3
0.073,0.048,97.3
0.237,0.057,97.3
0.406,0.062,97.3
0.547,0.071,97.3
0.649,0.079,97.3
0.713,0.084,97.3
0.737,0.086,97.3
0.724,0.093,97.3
0.671,0.105,97.3
0.58,0.12,97.3
0.452,0.136,97.3
0.294,0.156,97.3
0.129,0.176,97.3
0.033,0.205,97.3
0.001,0.263,97.3
0.0,0.3,97.3
0.0,0.304,97.3
0.0,0.289,97.3
0.0,0.259,97.3
0.0,0.227,97.3
0.0,0.202,97.3
0.0,0.188,97.3
0.0,0.167,97.3
0.021,0.122,97.3
0.074,0.049,97.3
0.237,0.02,97.3
0.403,0.015,97.3
0.541,0.011,97.3
0.643,0.01,97.3
0.706,0.008,97.3
0.731,0.006,97.3
0.714,0.008,97.3
0.663,0.013,97.3
0.574,0.024,97.3
0.447,0.037,97.3
0.291,0.054,97.3
0.129,0.077,97.3
0.034,0.111,97.3
0.001,0.162,97.3
0.0,0.185,97.3
0.0,0.183,97.3
0.0,0.162,97.3
0.0,0.124,97.3
0.0,0.082,97.3
0.0,0.045,97.3
0.0,0.021,97.3
0.0,0.012,97.3
0.025,0.017,97.3
0.082,0.025,97.3
0.205,0.038,97.3
0.309,0.052,97.3
0.389,0.061,97.3
0.429,0.076,97.3
0.557,0.09,97.3
0.65,0.102,97.3
0.69,0.113,97.3
0.659,0.127,97.3
0.574,0.142,97.3
0.45,0.144,97.3
0.295,0.129,97.3
0.134,0.1,97.3
0.033,0.07,97.3
0.002,0.048,97.3
0.0,0.034,97.3
0.0,0.034,97.3
0.0,0.044,97.3
0.0,0.058,97.3
0.0,0.076,97.3
0.0,0.105,97.3
0.0,0.157,97.3
0.0,0.209,97.3
0.021,0.223,97.3
0.074,0.145,97.3
0.234,0.107,97.3
0.399,0.113,97.3
0.536,0.11,97.3
0.638,0.102,97.3
0.7,0.095,97.3
0.725,0.096,97.3
0.714,0.1,97.3
0.663,0.101,97.3
0.575,0.101,97.3
0.449,0.104,97.3
0.277,0.116,97.3
0.122,0.13,97.3
0.041,0.138,97.3
0.002,0.138,97.3
0.0,0.126,97.3
0.0,0.11,97.3
0.0,0.113,97.3
0.0,0.122,97.3
0.0,0.125,97.3
0.0,0.133,97.3
0.0,0.165,97.3
0.0,0.218,97.3
0.023,0.223,97.3
0.077,0.149,97.3
0.228,0.122,97.3
0.395,0.117,97.3
0.532,0.137,97.3
0.63,0.167,97.3
0.686,0.193,97.3
0.697,0.211,97.3
0.68,0.222,97.3
0.631,0.244,97.3
0.523,0.274,97.3
0.373,0.297,97.3
0.236,0.301,97.3
0.128,0.289,97.3
0.04,0.254,97.3
0.001,0.245,97.3
0.0,0.303,97.3
0.0,0.354,97.3
0.0,0.376,97.3
0.0,0.358,97.3
0.0,0.328,97.3
0.0,0.267,97.3
0.0,0.213,97.3
0.0,0.207,97.3
0.005,0.199,97.3
0.044,0.179,97.3
0.146,0.174,97.3
0.294,0.193,97.3
0.429,0.235,97.3
0.501,0.285,97.3
0.591,0.328,97.3
0.651,0.367,97.3
0.688,0.4,97.3
0.676,0.437,97.3
0.591,0.463,97.3
0.467,0.454,97.3
0.309,0.41,97.3
0.141,0.347,97.3
0.036,0.285,97.3
0.003,0.243,97.3
0.0,0.224,97.3
0.0,0.195,97.3
0.0,0.163,97.3
0.0,0.133,97.3
0.0,0.106,97.3
0.0,0.084,97.3
0.0,0.06,97.3
0.0,0.032,97.3
0.02,0.013,97.3
0.072,0.006,97.3
0.239,0.005,97.3
0.409,0.006,97.3
0.552,0.008,97.3
0.656,0.012,97.3
0.719,0.017,97.3
0.744,0.019,97.3
0.729,0.019,97.3
0.677,0.017,97.3
0.586,0.015,97.3
0.458,0.013,97.3
0.3,0.012,97.3
0.133,0.016,97.3
0.032,0.031,97.3
0.002,0.074,97.3
0.0,0.122,97.3
0.0,0.148,97.3
0.0,0.156,97.3
0.0,0.167,97.3
0.0,0.186,97.3
0.0,0.206,97.3
0.0,0.216,97.3
0.0,0.217,97.3
0.021,0.203,97.3
0.072,0.136,97.3
0.236,0.078,97.3
0.403,0.089,97.3
0.541,0.103,97.3
0.641,0.096,97.3
0.703,0.084,97.3
0.726,0.073,97.3
0.712,0.074,97.3
0.662,0.083,97.3
0.572,0.096,97.3
0.447,0.122,97.3
0.293,0.157,97.3
0.132,0.194,97.3
0.037,0.225,97.3
0.002,0.262,97.3
0.0,0.304,97.3
0.0,0.316,97.3
0.0,0.317,97.3
0.0,0.302,97.3
0.0,0.286,97.3
0.0,0.274,97.3
0.0,0.27,97.3
0.0,0.264,97.3
0.018,0.222,97.3
0.06,0.181,97.3
0.11,0.153,97.3
0.191,0.128,97.3
0.289,0.105,97.3
0.481,0.093,97.3
0.635,0.084,97.3
0.7,0.076,97.3
0.691,0.074,97.3
0.642,0.079,97.3
0.552,0.091,97.3
0.424,0.104,97.3
0.278,0.119,97.3
0.136,0.138,97.3
0.046,0.186,97.3
0.002,0.258,97.3
0.0,0.298,97.3
0.0,0.296,97.3
0.0,0.291,97.3
0.0,0.29,97.3
0.0,0.284,97.3
0.0,0.27,97.3
0.0,0.25,97.3
0.0,0.241,97.3
0.005,0.22,97.3
0.073,0.151,97.3
0.225,0.084,97.3
0.39,0.074,97.3
0.525,0.09,97.3
0.623,0.084,97.3
0.682,0.068,97.3
0.702,0.05,97.3
0.689,0.033,97.3
0.636,0.021,97.3
0.546,0.018,97.3
0.413,0.017,97.3
0.272,0.018,97.3
0.127,0.024,97.3
0.041,0.025,97.3
0.003,0.018,97.3
0.0,0.015,97.3
0.0,0.036,97.3
0.0,0.096,97.3
0.0,0.176,97.3
0.0,0.246,97.3
0.0,0.339,97.3
0.0,0.448,97.3
0.0,0.484,97.3
0.027,0.45,97.3
0.086,0.326,97.3
0.197,0.158,97.3
0.343,0.071,97.3
0.466,0.05,97.3
0.456,0.069,97.3
0.415,0.108,97.3
0.464,0.155,97.3
0.495,0.201,97.3
0.472,0.22,97.3
0.391,0.204,97.3
0.365,0.164,97.3
0.244,0.118,97.3
0.118,0.094,97.3
0.031,0.107,97.3
0.0,0.149,97.3
0.0,0.179,97.3
0.0,0.188,97.3
0.0,0.185,97.3
0.0,0.196,97.3
0.0,0.244,97.3
0.0,0.274,97.3
0.0,0.273,97.3
0.0,0.265,97.3
0.009,0.267,97.3
0.027,0.292,97.3
0.065,0.232,97.3
0.159,0.179,97.3
0.344,0.195,97.3
0.486,0.202,97.3
0.519,0.179,97.3
0.626,0.172,97.3
0.596,0.198,97.3
0.493,0.235,97.3
0.335,0.251,97.3
0.264,0.248,97.3
0.216,0.223,97.3
0.125,0.221,97.3
0.047,0.302,97.3
0.002,0.388,97.3
0.0,0.433,97.3
0.0,0.438,97.3
0.0,0.44,97.3
0.0,0.425,97.3
0.0,0.413,97.3
0.0,0.405,97.3
0.0,0.379,97.3
0.0,0.386,97.3
0.027,0.358,97.3
0.082,0.325,97.3
0.217,0.3,97.3
0.367,0.255,97.3
0.488,0.212,97.3
0.542,0.185,97.3
0.579,0.134,97.3
0.609,0.085,97.3
0.621,0.054,97.3
0.567,0.015,97.3
0.497,0.004,97.3
0.388,0.011,97.3
0.231,0.083,97.3
0.114,0.188,97.3
0.03,0.305,97.3
0.0,0.419,97.3
0.0,0.502,97.3
0.0,0.534,97.3
0.0,0.556,97.3
0.0,0.623,97.3
0.0,0.585,97.3
0.0,0.328,97.3
0.0,0.101,97.3
0.0,0.192,97.3
0.021,0.405,97.3
0.088,0.346,97.3
0.218,0.176,97.3
0.339,0.098,97.3
0.383,0.086,97.3
0.515,0.084,97.3
0.598,0.075,97.3
0.626,0.058,97.3
0.59,0.046,97.3
0.586,0.038,97.3
0.511,0.039,97.3
0.386,0.044,97.3
0.243,0.064,97.3
0.106,0.123,97.3
0.031,0.252,97.3
0.0,0.391,97.3
0.0,0.449,97.3
0.0,0.471,97.3
0.0,0.461,97.3
0.0,0.524,97.3
0.0,0.546,97.3
0.0,0.556,97.3
0.0,0.581,97.3
0.0,0.59,97.3
0.013,0.554,97.3
0.065,0.537,97.3
0.103,0.527,97.3
0.14,0.501,97.3
0.217,0.476,97.3
0.312,0.455,97.3
0.421,0.441,97.3
0.567,0.432,97.3
0.593,0.438,97.3
0.474,0.459,97.3
0.357,0.476,97.3
0.231,0.479,97.3
0.152,0.479,97.3
0.084,0.476,97.3
0.037,0.468,97.3
0.001,0.482,97.3
0.0,0.487,97.3
0.0,0.416,97.3
0.0,0.424,97.3
0.0,0.411,97.3
0.0,0.4,97.3
0.0,0.392,97.3
0.0,0.406,97.3
0.0,0.425,97.3
0.014,0.407,97.3
0.049,0.376,97.3
0.091,0.425,97.3
0.133,0.435,97.3
0.181,0.403,97.3
0.226,0.368,97.3
0.27,0.347,97.3
0.323,0.352,97.3
0.347,0.37,97.3
0.343,0.396,97.3
0.318,0.41,97.3
0.264,0.413,97.3
0.177,0.398,97.3
0.08,0.379,97.3
0.021,0.372,97.3
0.0,0.379,97.3
0.0,0.374,97.3
0.0,0.353,97.3
0.0,0.332,97.3
0.0,0.291,97.3
0.0,0.254,97.3
0.0,0.23,97.3
0.0,0.217,97.3
0.0,0.216,97.3
0.01,0.203,97.3
0.058,0.181,97.3
0.145,0.185,97.3
0.3,0.175,97.3
0.446,0.156,97.3
0.517,0.144,97.3
0.522,0.138,97.3
0.49,0.139,97.3
0.432,0.149,97.3
0.396,0.164,97.3
0.349,0.178,97.3
0.29,0.178,97.3
0.205,0.179,97.3
0.119,0.191,97.3
0.047,0.211,97.3
0.002,0.247,97.3
0.0,0.272,97.3
0.0,0.265,97.3
0.0,0.245,97.3
0.0,0.221,97.3
0.0,0.201,97.3
0.0,0.192,97.3
0.0,0.184,97.3
0.0,0.161,97.3
0.025,0.131,97.3
0.083,0.106,97.3
0.199,0.084,97.3
0.326,0.058,97.3
0.492,0.038,97.3
0.623,0.037,97.3
0.662,0.052,97.3
0.691,0.072,97.3
0.661,0.086,97.3
0.611,0.09,97.3
0.539,0.088,97.3
0.432,0.082,97.3
0.298,0.081,97.3
0.142,0.093,97.3
0.035,0.115,97.3
0.003,0.136,97.3
0.0,0.124,97.3
0.0,0.096,97.3
0.0,0.07,97.3
0.0,0.057,97.3
0.0,0.061,97.3
0.0,0.09,97.3
0.0,0.148,97.3
0.0,0.216,97.3
0.027,0.246,97.3
0.083,0.2,97.3
0.177,0.203,97.3
0.28,0.252,97.3
0.385,0.313,97.3
0.47,0.36,97.3
0.495,0.376,97.3
0.481,0.367,97.3
0.443,0.334,97.3
0.429,0.289,97.3
0.365,0.236,97.3
0.285,0.193,97.3
0.177,0.151,97.3
0.087,0.108,97.3
0.026,0.07,97.3
0.0,0.042,97.3
0.0,0.021,97.3
0.0,0.01,97.3
0.0,0.005,97.3
0.0,0.001,97.3
0.0,0.002,97.3
0.0,0.008,97.3
0.0,0.017,97.3
0.0,0.025,97.3
0.022,0.035,97.3
0.078,0.038,97.3
0.159,0.039,97.3
0.285,0.041,97.3
0.416,0.044,97.3
0.525,0.048,97.3
0.606,0.043,97.3
0.622,0.029,97.3
0.565,0.015,97.3
0.452,0.009,97.3
0.407,0.013,97.3
0.359,0.025,97.3
0.229,0.045,97.3
0.122,0.081,97.3
0.044,0.133,97.3
0.0,0.215,97.3
0.0,0.299,97.3
0.0,0.335,97.3
0.0,0.355,97.3
0.0,0.367,97.3
0.0,0.378,97.3
0.0,0.402,97.3
0.0,0.4,97.3
0.0,0.367,97.3
0.015,0.337,97.3
0.054,0.322,97.3
0.12,0.305,97.3
0.27,0.274,97.3
0.443,0.267,97.3
0.484,0.282,97.3
0.494,0.299,97.3
0.547,0.314,97.3
0.567,0.322,97.3
0.475,0.316,97.3
0.338,0.3,97.3
0.196,0.259,97.3
0.089,0.228,97.3
0.036,0.231,97.3
0.011,0.243,97.3
0.0,0.249,97.3
0.0,0.255,97.3
0.0,0.266,97.3
0.0,0.269,97.3
0.0,0.253,97.3
0.0,0.262,97.3
0.0,0.231,97.3
0.0,0.193,97.3
0.0,0.16,97.3
0.009,0.11,97.3
0.048,0.081,97.3
0.094,0.059,97.3
0.178,0.037,97.3
0.276,0.025,97.3
0.303,0.014,97.3
0.298,0.008,97.3
0.348,0.006,97.3
0.405,0.005,97.3
0.396,0.005,97.3
0.242,0.011,97.3
0.146,0.025,97.3
0.106,0.045,97.3
0.069,0.065,97.3
0.029,0.068,97.3
0.0,0.085,97.3
0.0,0.168,97.3
0.0,0.185,97.3
0.0,0.147,97.3
0.0,0.144,97.3
0.0,0.133,97.3
0.0,0.118,97.3
0.0,0.135,97.3
0.0,0.148,97.3
0.011,0.156,97.3
0.061,0.127,97.3
0.157,0.101,97.3
0.282,0.094,97.3
0.413,0.108,97.3
0.499,0.138,97.3
0.538,0.185,97.3
0.534,0.254,97.3
0.493,0.315,97.3
0.438,0.36,97.3
0.372,0.39,97.3
0.288,0.413,97.3
0.179,0.45,97.3
0.09,0.494,97.3
0.03,0.521,97.3
0.0,0.514,97.3
0.0,0.52,97.3
0.0,0.493,97.3
0.0,0.442,97.3
0.0,0.38,97.3
0.0,0.348,97.3
0.0,0.325,97.3
0.0,0.31,97.3
0.0,0.28,97.3
0.003,0.257,97.3
0.038,0.244,97.3
0.106,0.239,97.3
0.185,0.235,97.3
0.258,0.243,97.3
0.325,0.259,97.3
0.33,0.269,97.3
0.332,0.282,97.3
0.331,0.311,97.3
0.293,0.355,97.3
0.203,0.4,97.3
0.105,0.433,97.3
0.059,0.433,97.3
0.032,0.407,97.3
0.009,0.364,97.3
0.0,0.334,97.3
0.0,0.313,97.3
0.0,0.3,97.3
0.0,0.284,97.3
0.0,0.274,97.3
0.0,0.28,97.3
0.0,0.296,97.3
0.0,0.311,97.3
0.0,0.32,97.3
0.003,0.317,97.3
0.033,0.302,97.3
0.085,0.325,97.3
0.158,0.341,97.3
0.231,0.338,97.3
0.301,0.334,97.3
0.32,0.326,97.3
0.298,0.317,97.3
0.298,0.311,97.3
0.279,0.301,97.3
0.255,0.286,97.3
0.218,0.264,97.3
0.166,0.239,97.3
0.093,0.208,97.3
0.034,0.175,97.3
0.0,0.155,97.3
0.0,0.155,97.3
0.0,0.149,97.3
0.0,0.146,97.3
0.0,0.155,97.3
0.0,0.162,97.3
0.0,0.168,97.3
0.0,0.181,97.3
0.0,0.174,97.3
0.01,0.133,97.3
0.065,0.087,97.3
0.169,0.069,97.3
0.301,0.064,97.3
0.412,0.065,97.3
0.488,0.067,97.3
0.597,0.068,97.3
0.681,0.07,97.3
0.693,0.075,97.3
0.651,0.076,97.3
0.57,0.065,97.3
0.454,0.05,97.3
0.298,0.036,97.3
0.14,0.025,97.3
0.039,0.019,97.3
0.002,0.031,97.3
0.0,0.047,97.3
0.0,0.076,97.3
0.0,0.133,97.3
0.0,0.193,97.3
0.0,0.242,97.3
0.0,0.27,97.3
0.0,0.273,97.3
0.0,0.277,97.3
0.025,0.27,97.3
0.09,0.201,97.3
0.204,0.155,97.3
0.328,0.206,97.3
0.4,0.219,97.3
0.45,0.206,97.3
0.452,0.186,97.3
0.499,0.168,97.3
0.425,0.158,97.3
0.221,0.141,97.3
0.125,0.118,97.3
0.079,0.095,97.3
0.049,0.068,97.3
0.023,0.037,97.3
0.004,0.017,97.3
0.0,0.011,97.3
0.0,0.017,97.3
0.0,0.028,97.3
0.0,0.037,97.3
0.0,0.055,97.3
0.0,0.077,97.3
0.0,0.103,97.3
0.0,0.12,97.3
0.0,0.115,97.3
0.028,0.092,97.3
0.085,0.064,97.3
0.199,0.057,97.3
0.299,0.059,97.3
0.38,0.058,97.3
0.389,0.054,97.3
0.34,0.049,97.3
0.285,0.042,97.3
0.204,0.041,97.3
0.194,0.044,97.3
0.217,0.053,97.3
0.261,0.059,97.3
0.211,0.058,97.3
0.107,0.054,97.3
0.038,0.051,97.3
0.0,0.052,97.3
0.0,0.069,97.3
0.0,0.108,97.3
0.0,0.157,97.3
0.0,0.193,97.3
0.0,0.237,97.3
0.0,0.292,97.3
0.0,0.32,97.3
0.0,0.318,97.3
0.01,0.296,97.3
0.063,0.261,97.3
0.187,0.284,97.3
0.354,0.294,97.3
0.519,0.291,97.3
0.618,0.264,97.3
0.683,0.233,97.3
0.687,0.201,97.3
0.649,0.167,97.3
0.616,0.136,97.3
0.534,0.096,97.3
0.375,0.068,97.3
0.209,0.055,97.3
0.096,0.048,97.3
0.03,0.057,97.3
0.0,0.107,97.3
0.0,0.221,97.3
0.0,0.342,97.3
0.0,0.4,97.3
0.0,0.432,97.3
0.0,0.516,97.3
0.0,0.625,97.3
0.0,0.583,97.3
0.0,0.512,97.3
0.026,0.586,97.3
0.045,0.605,97.3
0.184,0.644,97.3
0.384,0.817,97.3
0.531,0.876,97.3
0.596,0.879,97.3
0.573,0.891,97.3
0.537,0.9,97.3
0.597,0.913,97.3
0.604,0.927,97.3
0.528,0.933,97.3
0.415,0.926,97.3
0.273,0.897,97.3
0.138,0.85,97.3
0.039,0.77,97.3
0.001,0.66,97.3
0.0,0.548,97.3
0.0,0.491,97.3
0.0,0.458,97.3
0.0,0.425,97.3
0.0,0.388,97.3
0.0,0.364,97.3
0.0,0.362,97.3
0.0,0.338,97.3
0.024,0.289,97.3
0.076,0.23,97.3
0.213,0.301,97.3
0.369,0.388,97.3
0.505,0.435,97.3
0.603,0.434,97.3
0.66,0.411,97.3
0.669,0.381,97.3
0.655,0.343,97.3
0.586,0.296,97.3
0.437,0.249,97.3
0.303,0.208,97.3
0.177,0.162,97.3
0.101,0.112,97.3
0.038,0.07,97.3
0.0,0.041,97.3
0.0,0.021,97.3
0.0,0.012,97.3
0.0,0.009,97.3
0.0,0.012,97.3
0.0,0.018,97.3
0.0,0.025,97.3
0.0,0.029,97.3
0.0,0.036,97.3
0.021,0.048,97.3
0.065,0.055,97.3
0.223,0.071,97.3
0.38,0.088,97.3
0.496,0.1,97.3
0.604,0.109,97.3
0.691,0.104,97.3
0.702,0.093,97.3
0.636,0.077,97.3
0.572,0.066,97.3
0.499,0.066,97.3
0.372,0.078,97.3
0.232,0.093,97.3
0.125,0.104,97.3
0.04,0.101,97.3
0.0,0.095,97.3
0.0,0.084,97.3
0.0,0.069,97.3
0.0,0.059,97.3
0.0,0.048,97.3
0.0,0.034,97.3
0.0,0.028,97.3
0.0,0.034,97.3
0.0,0.048,97.3
0.022,0.068,97.3
0.066,0.062,97.3
0.217,0.061,97.3
0.378,0.062,97.3
0.52,0.063,97.3
0.625,0.071,97.3
0.688,0.086,97.3
0.709,0.102,97.3
0.689,0.11,97.3
0.631,0.112,97.3
0.541,0.098,97.3
0.412,0.076,97.3
0.264,0.055,97.3
0.127,0.043,97.3
0.04,0.036,97.3
0.0,0.037,97.3
0.0,0.035,97.3
0.0,0.035,97.3
0.0,0.029,97.3
0.0,0.014,97.3
0.0,0.006,97.3
0.0,0.009,97.3
0.0,0.02,97.3
0.0,0.031,97.3
0.01,0.036,97.3
0.042,0.033,97.3
0.077,0.027,97.3
0.12,0.028,97.3
0.157,0.027,97.3
0.201,0.021,97.3
0.256,0.012,97.3
0.297,0.005,97.3
0.295,0.002,97.3
0.254,0.003,97.3
0.187,0.008,97.3
0.129,0.015,97.3
0.081,0.026,97.3
0.038,0.044,97.3
0.017,0.061,97.3
0.0,0.06,97.3
0.0,0.051,97.3
0.0,0.045,97.3
0.0,0.041,97.3
0.0,0.035,97.3
0.0,0.039,97.3
0.0,0.047,97.3
0.0,0.046,97.3
0.0,0.035,97.3
0.01,0.023,97.3
0.047,0.008,97.3
0.088,0.006,97.3
0.138,0.007,97.3
0.207,0.005,97.3
0.291,0.005,97.3
0.353,0.007,97.3
0.486,0.005,97.3
0.549,0.005,97.3
0.412,0.01,97.3
0.283,0.015,97.3
0.201,0.022,97.3
0.187,0.026,97.3
0.124,0.028,97.3
0.045,0.032,97.3
0.0,0.042,97.3
0.0,0.049,97.3
0.0,0.049,97.3
0.0,0.046,97.3
0.0,0.042,97.3
0.0,0.048,97.3
0.0,0.058,97.3
0.0,0.067,97.3
0.0,0.085,97.3
0.008,0.101,97.3
0.046,0.087,97.3
0.101,0.078,97.3
0.192,0.102,97.3
0.235,0.134,97.3
0.146,0.118,97.3
0.248,0.087,97.3
0.249,0.082,97.3
0.238,0.088,97.3
0.258,0.105,97.3
0.304,0.107,97.3
0.276,0.088,97.3
0.182,0.061,97.3
0.119,0.033,97.3
0.044,0.016,97.3
0.0,0.01,97.3
0.0,0.028,97.3
0.0,0.076,97.3
0.0,0.121,97.3
0.0,0.206,97.3
0.0,0.274,97.3
0.0,0.311,97.3
0.0,0.302,97.3
0.0,0.298,97.3
0.008,0.281,97.3
0.027,0.265,97.3
0.081,0.271,97.3
0.149,0.302,97.3
0.129,0.323,97.3
0.145,0.351,97.3
0.171,0.38,97.3
0.2,0.429,97.3
0.261,0.488,97.3
0.362,0.539,97.3
0.407,0.558,97.3
0.319,0.556,97.3
0.209,0.532,97.3
0.095,0.496,97.3
0.024,0.446,97.3
0.0,0.422,97.3
0.0,0.429,97.3
0.0,0.436,97.3
0.0,0.446,97.3
0.0,0.461,97.3
0.0,0.454,97.3
0.0,0.454,97.3
0.0,0.478,97.3
0.0,0.448,97.3
0.013,0.442,97.3
0.059,0.45,97.3
0.124,0.516,97.3
0.189,0.57,97.3
0.196,0.565,97.3
0.185,0.59,97.3
0.179,0.627,97.3
0.187,0.651,97.3
0.22,0.672,97.3
0.247,0.685,97.3
0.235,0.69,97.3
0.192,0.684,97.3
0.145,0.686,97.3
0.093,0.663,97.3
0.037,0.649,97.3
0.0,0.672,97.3
0.0,0.701,97.3
0.0,0.748,97.3
0.0,0.782,97.3
0.0,0.79,97.3
0.0,0.786,97.3
0.0,0.775,97.3
0.0,0.735,97.3
0.0,0.712,97.3
0.007,0.697,97.3
0.053,0.695,97.3
0.122,0.684,97.3
0.211,0.705,97.3
0.303,0.731,97.3
0.371,0.742,97.3
0.414,0.741,97.3
0.423,0.73,97.3
0.411,0.711,97.3
0.395,0.686,97.3
0.368,0.664,97.3
0.321,0.649,97.3
0.231,0.646,97.3
0.127,0.635,97.3
0.042,0.613,97.3
0.0,0.58,97.3
0.0,0.55,97.3
0.0,0.551,97.3
0.0,0.535,97.3
0.0,0.496,97.3
0.0,0.464,97.3
0.0,0.444,97.3
0.0,0.444,97.3
0.0,0.44,97.3
0.015,0.419,97.3
0.07,0.382,97.3
0.191,0.379,97.3
0.35,0.349,97.3
0.522,0.328,97.3
0.587,0.328,97.3
0.635,0.343,97.3
0.644,0.361,97.3
0.622,0.369,97.3
0.6,0.382,97.3
0.555,0.4,97.3
0.435,0.41,97.3
0.286,0.401,97.3
0.132,0.384,97.3
0.035,0.352,97.3
0.0,0.346,97.3
0.0,0.36,97.3
0.0,0.362,97.3
0.0,0.362,97.3
0.0,0.359,97.3
0.0,0.373,97.3
0.0,0.395,97.3
0.0,0.42,97.3
0.0,0.432,97.3
0.016,0.401,97.3
0.055,0.321,97.3
0.215,0.351,97.3
0.383,0.334,97.3
0.526,0.315,97.3
0.629,0.291,97.3
0.692,0.281,97.3
0.716,0.292,97.3
0.703,0.322,97.3
0.653,0.357,97.3
0.565,0.38,97.3
0.441,0.397,97.3
0.288,0.398,97.3
0.129,0.344,97.3
0.03,0.274,97.3
0.0,0.266,97.3
0.0,0.257,97.3
0.0,0.243,97.3
0.0,0.231,97.3
0.0,0.223,97.3
0.0,0.22,97.3
0.0,0.22,97.3
0.0,0.22,97.3
0.0,0.201,97.3
0.016,0.155,97.3
0.057,0.08,97.3
0.209,0.048,97.3
0.372,0.063,97.3
0.511,0.083,97.3
0.616,0.11,97.3
0.681,0.145,97.3
0.708,0.182,97.3
0.697,0.219,97.3
0.648,0.264,97.3
0.56,0.302,97.3
0.437,0.319,97.3
0.285,0.312,97.3
0.128,0.275,97.3
0.031,0.231,97.3
0.0,0.242,97.3
0.0,0.256,97.3
0.0,0.245,97.3
0.0,0.227,97.3
0.0,0.206,97.3
0.0,0.18,97.3
0.0,0.152,97.3
0.0,0.124,97.3
0.0,0.105,97.3
0.017,0.09,97.3
0.063,0.059,97.3
0.202,0.05,97.3
0.349,0.05,97.3
0.475,0.058,97.3
0.566,0.066,97.3
0.601,0.07,97.3
0.597,0.075,97.3
0.6,0.087,97.3
0.57,0.107,97.3
0.489,0.131,97.3
0.391,0.152,97.3
0.26,0.171,97.3
0.123,0.194,97.3
0.034,0.225,97.3
0.0,0.282,97.3
0.0,0.319,97.3
0.0,0.312,97.3
0.0,0.286,97.3
0.0,0.255,97.3
0.0,0.22,97.3
0.0,0.184,97.3
0.0,0.151,97.3
0.0,0.13,97.3
0.015,0.108,97.3
0.059,0.067,97.3
0.206,0.056,97.3
0.372,0.046,97.3
0.516,0.037,97.3
0.623,0.032,97.3
0.69,0.032,97.3
0.717,0.035,97.3
0.703,0.042,97.3
0.652,0.05,97.3
0.562,0.058,97.3
0.436,0.064,97.3
0.282,0.067,97.3
0.125,0.073,97.3
0.03,0.1,97.3
0.0,0.146,97.3
0.0,0.178,97.3
0.0,0.19,97.3
0.0,0.188,97.3
0.0,0.176,97.3
0.0,0.152,97.3
0.0,0.123,97.3
0.0,0.095,97.3
0.0,0.065,97.3
0.015,0.042,97.3
0.06,0.02,97.3
0.203,0.007,97.3
0.362,0.006,97.3
0.501,0.006,97.3
0.605,0.005,97.3
0.671,0.006,97.3
0.697,0.012,97.3
0.679,0.024,97.3
0.627,0.039,97.3
0.531,0.055,97.3
0.387,0.07,97.3
0.258,0.088,97.3
0.12,0.118,97.3
0.032,0.168,97.3
0.0,0.231,97.3
0.0,0.258,97.3
0.0,0.258,97.3
0.0,0.241,97.3
0.0,0.212,97.3
0.0,0.179,97.3
0.0,0.148,97.3
0.0,0.124,97.3
0.0,0.11,97.3
0.014,0.107,97.3
0.056,0.085,97.3
0.203,0.084,97.3
0.369,0.085,97.3
0.514,0.088,97.3
0.624,0.097,97.3
0.693,0.114,97.3
0.723,0.139,97.3
0.709,0.169,97.3
0.66,0.195,97.3
0.571,0.213,97.3
0.445,0.227,97.3
0.288,0.238,97.3
0.126,0.245,97.3
0.028,0.271,97.3
0.0,0.328,97.3
0.0,0.351,97.3
0.0,0.339,97.3
0.0,0.314,97.3
0.0,0.284,97.3
0.0,0.253,97.3
0.0,0.225,97.3
0.0,0.201,97.3
0.0,0.172,97.3
0.013,0.14,97.3
0.056,0.091,97.3
0.2,0.096,97.3
0.359,0.092,97.3
0.514,0.084,97.3
0.615,0.083,97.3
0.684,0.09,97.3
0.719,0.105,97.3
0.703,0.122,97.3
0.648,0.136,97.3
0.56,0.152,97.3
0.412,0.175,97.3
0.268,0.221,97.3
0.119,0.319,97.3
0.029,0.361,97.3
0.0,0.3,97.3
0.0,0.386,97.3
0.0,0.425,97.3
0.0,0.369,97.3
0.0,0.378,97.3
0.0,0.445,97.3
0.0,0.457,97.3
0.0,0.432,97.3
0.0,0.469,97.3
0.011,0.34,97.3
0.05,0.22,97.3
0.083,0.211,97.3
0.108,0.233,97.3
0.129,0.261,97.3
0.157,0.256,97.3
0.233,0.159,97.3
0.378,0.093,97.3
0.447,0.056,97.3
0.447,0.024,97.3
0.371,0.005,97.3
0.258,0.004,97.3
0.161,0.004,97.3
0.079,0.004,97.3
0.018,0.009,97.3
0.0,0.021,97.3
0.0,0.01,97.3
0.0,0.005,97.3
0.0,0.007,97.3
0.0,0.015,97.3
0.0,0.02,97.3
0.0,0.021,97.3
0.0,0.027,97.3
0.0,0.042,97.3
0.01,0.058,97.3
0.064,0.055,97.3
0.185,0.05,97.3
0.324,0.057,97.3
0.439,0.068,97.3
0.506,0.073,97.3
0.52,0.072,97.3
0.527,0.072,97.3
0.519,0.07,97.3
0.483,0.064,97.3
0.398,0.05,97.3
0.307,0.031,97.3
0.223,0.016,97.3
0.11,0.009,97.3
0.028,0.012,97.3
0.0,0.023,97.3
0.0,0.046,97.3
0.0,0.072,97.3
0.0,0.095,97.3
0.0,0.107,97.3
0.0,0.102,97.3
0.0,0.087,97.3
0.0,0.068,97.3
0.0,0.054,97.3
0.011,0.054,97.3
0.063,0.046,97.3
0.189,0.048,97.3
0.327,0.069,97.3
0.442,0.082,97.3
0.517,0.087,97.3
0.533,0.093,97.3
0.504,0.096,97.3
0.441,0.102,97.3
0.375,0.109,97.3
0.326,0.112,97.3
0.219,0.113,97.3
0.161,0.113,97.3
0.089,0.114,97.3
0.023,0.124,97.3
0.0,0.145,97.3
0.0,0.154,97.3
0.0,0.153,97.3
0.0,0.162,97.3
0.0,0.186,97.3
0.0,0.212,97.3
0.0,0.222,97.3
0.0,0.22,97.3
0.0,0.217,97.3
0.008,0.22,97.3
0.061,0.192,97.3
0.126,0.204,97.3
0.2,0.245,97.3
0.278,0.287,97.3
0.32,0.311,97.3
0.28,0.323,97.3
0.247,0.316,97.3
0.259,0.313,97.3
0.32,0.305,97.3
0.355,0.278,97.3
0.248,0.235,97.3
0.125,0.189,97.3
0.026,0.159,97.3
0.004,0.152,97.3
0.0,0.159,97.3
0.0,0.186,97.3
0.0,0.237,97.3
0.0,0.3,97.3
0.0,0.339,97.3
0.0,0.357,97.3
0.0,0.367,97.3
0.0,0.382,97.3
0.0,0.388,97.3
0.009,0.391,97.3
0.057,0.39,97.3
0.188,0.5,97.3
0.359,0.649,97.3
0.483,0.745,97.3
0.568,0.793,97.3
0.634,0.814,97.3
0.658,0.812,97.3
0.642,0.797,97.3
0.614,0.786,97.3
0.518,0.785,97.3
0.384,0.788,97.3
0.257,0.795,97.3
0.12,0.795,97.3
0.026,0.785,97.3
0.0,0.789,97.3
0.0,0.806,97.3
0.0,0.814,97.3
0.0,0.805,97.3
0.0,0.78,97.3
0.0,0.742,97.3
0.0,0.701,97.3
0.0,0.674,97.3
0.0,0.618,97.3
0.008,0.586,97.3
0.048,0.568,97.3
0.204,0.688,97.3
0.377,0.764,97.3
0.523,0.785,97.3
0.634,0.789,97.3
0.704,0.78,97.3
0.732,0.766,97.3
0.717,0.748,97.3
0.663,0.723,97.3
0.573,0.693,97.3
0.442,0.668,97.3
0.278,0.637,97.3
0.117,0.579,97.3
0.023,0.51,97.3
0.0,0.501,97.3
0.0,0.516,97.3
0.0,0.494,97.3
0.0,0.481,97.3
0.0,0.449,97.3
0.0,0.417,97.3
0.0,0.381,97.3
0.0,0.345,97.3
0.0,0.309,97.3
0.0,0.261,97.3
0.023,0.195,97.3
0.054,0.167,97.3
0.085,0.192,97.3
0.133,0.259,97.3
0.183,0.328,97.3
0.183,0.391,97.3
0.198,0.447,97.3
0.284,0.48,97.3
0.423,0.522,97.3
0.468,0.605,97.3
0.382,0.695,97.3
0.243,0.739,97.3
0.118,0.768,97.3
0.029,0.811,97.3
0.0,0.845,97.3
0.0,0.875,97.3
0.0,0.883,97.3
0.0,0.877,97.3
0.0,0.866,97.3
0.0,0.85,97.3
0.0,0.826,97.3
0.0,0.791,97.3
0.0,0.74,97.3
0.004,0.672,97.3
0.055,0.622,97.3
0.159,0.666,97.3
0.307,0.692,97.3
0.484,0.687,97.3
0.588,0.666,97.3
0.657,0.625,97.3
0.675,0.568,97.3
0.658,0.502,97.3
0.608,0.432,97.3
0.527,0.367,97.3
0.407,0.309,97.3
0.259,0.259,97.3
0.113,0.207,97.3
0.024,0.167,97.3
0.0,0.163,97.3
0.0,0.172,97.3
0.0,0.2,97.3
0.0,0.236,97.3
0.0,0.259,97.3
0.0,0.251,97.3
0.0,0.242,97.3
0.0,0.247,97.3
0.0,0.245,97.3
0.003,0.229,97.3
0.052,0.176,97.3
0.139,0.151,97.3
0.218,0.157,97.3
0.291,0.161,97.3
0.35,0.165,97.3
0.396,0.167,97.3
0.442,0.171,97.3
0.458,0.18,97.3
0.451,0.189,97.3
0.397,0.191,97.3
0.306,0.184,97.3
0.216,0.178,97.3
0.102,0.171,97.3
0.022,0.174,97.3
0.0,0.192,97.3
0.0,0.192,97.3
0.0,0.186,97.3
0.0,0.181,97.3
0.0,0.179,97.3
0.0,0.179,97.3
0.0,0.177,97.3
0.0,0.164,97.3
0.0,0.144,97.3
0.004,0.126,97.3
0.044,0.101,97.3
0.195,0.085,97.3
0.365,0.078,97.3
0.511,0.078,97.3
0.617,0.083,97.3
0.682,0.089,97.3
0.708,0.095,97.3
0.69,0.099,97.3
0.643,0.1,97.3
0.563,0.094,97.3
0.436,0.089,97.3
0.272,0.084,97.3
0.112,0.079,97.3
0.02,0.095,97.3
0.0,0.116,97.3
0.0,0.126,97.3
0.0,0.127,97.3
0.0,0.119,97.3
0.0,0.103,97.3
0.0,0.087,97.3
0.0,0.074,97.3
0.0,0.071,97.3
0.0,0.087,97.3
0.001,0.118,97.3
0.053,0.118,97.3
0.179,0.108,97.3
0.313,0.099,97.3
0.459,0.084,97.3
0.553,0.082,97.3
0.646,0.093,97.3
0.676,0.104,97.3
0.637,0.102,97.3
0.549,0.094,97.3
0.416,0.086,97.3
0.312,0.08,97.3
0.18,0.08,97.3
0.082,0.092,97.3
0.019,0.125,97.3
0.0,0.171,97.3
0.0,0.211,97.3
0.0,0.233,97.3
0.0,0.233,97.3
0.0,0.214,97.3
0.0,0.185,97.3
0.0,0.156,97.3
0.0,0.127,97.3
0.0,0.101,97.3
0.003,0.084,97.3
0.051,0.062,97.3
0.183,0.046,97.3
0.334,0.045,97.3
0.461,0.039,97.3
0.555,0.035,97.3
0.599,0.031,97.3
0.591,0.028,97.3
0.525,0.026,97.3
0.455,0.022,97.3
0.39,0.014,97.3
0.289,0.011,97.3
0.182,0.018,97.3
0.092,0.04,97.3
0.018,0.082,97.3
0.0,0.133,97.3
0.0,0.164,97.3
0.0,0.177,97.3
0.0,0.175,97.3
0.0,0.164,97.3
0.0,0.142,97.3
0.0,0.12,97.3
0.0,0.101,97.3
0.0,0.085,97.3
0.0,0.07,97.3
0.048,0.045,97.3
0.145,0.02,97.3
0.267,0.013,97.3
0.407,0.016,97.3
0.513,0.021,97.3
0.552,0.034,97.3
0.503,0.047,97.3
0.39,0.056,97.3
0.329,0.061,97.3
0.345,0.068,97.3
0.28,0.079,97.3
0.208,0.093,97.3
0.096,0.112,97.3
0.018,0.167,97.3
0.0,0.279,97.3
0.0,0.393,97.3
0.0,0.447,97.3
0.0,0.444,97.3
0.0,0.439,97.3
0.0,0.442,97.3
0.0,0.442,97.3
0.0,0.43,97.3
0.0,0.395,97.3
0.0,0.408,97.3
0.047,0.407,97.3
0.145,0.454,97.3
0.333,0.538,97.3
0.485,0.614,97.3
0.571,0.673,97.3
0.625,0.722,97.3
0.561,0.746,97.3
0.507,0.765,97.3
0.488,0.793,97.3
0.422,0.807,97.3
0.358,0.79,97.3
0.24,0.755,97.3
0.105,0.702,97.3
0.018,0.644,97.3
0.0,0.586,97.3
0.0,0.532,97.3
0.0,0.501,97.3
0.0,0.476,97.3
0.0,0.444,97.3
0.0,0.414,97.3
0.0,0.399,97.3
0.0,0.386,97.3
0.0,0.364,97.3
0.0,0.335,97.3
0.051,0.254,97.3
0.181,0.231,97.3
0.326,0.302,97.3
0.428,0.358,97.3
0.421,0.388,97.3
0.415,0.395,97.3
0.38,0.388,97.3
0.299,0.401,97.3
0.229,0.449,97.3
0.163,0.457,97.3
0.138,0.358,97.3
0.11,0.316,97.3
0.068,0.354,97.3
0.013,0.42,97.3
0.0,0.468,97.3
0.0,0.461,97.3
0.0,0.479,97.3
0.0,0.528,97.3
0.0,0.566,97.3
0.0,0.658,97.3
0.0,0.724,97.3
0.0,0.763,97.3
0.0,0.73,97.3
0.0,0.712,97.3
0.044,0.678,97.3
0.183,0.71,97.3
0.342,0.765,97.3
0.468,0.773,97.3
0.563,0.776,97.3
0.644,0.782,97.3
0.676,0.791,97.3
0.661,0.805,97.3
0.607,0.815,97.3
0.516,0.82,97.3
0.389,0.818,97.3
0.232,0.794,97.3
0.084,0.728,97.3
0.008,0.689,97.3
0.0,0.697,97.3
0.0,0.706,97.3
0.0,0.676,97.3
0.0,0.63,97.3
0.0,0.575,97.3
0.0,0.519,97.3
0.0,0.459,97.3
0.0,0.44,97.3
0.0,0.431,97.3
0.0,0.42,97.3
0.042,0.362,97.3
0.07,0.337,97.3
0.112,0.393,97.3
0.169,0.491,97.3
0.206,0.583,97.3
0.235,0.622,97.3
0.279,0.621,97.3
0.408,0.65,97.3
0.49,0.695,97.3
0.391,0.711,97.3
0.346,0.684,97.3
0.234,0.622,97.3
0.101,0.528,97.3
0.015,0.464,97.3
0.0,0.446,97.3
0.0,0.444,97.3
0.0,0.452,97.3
0.0,0.457,97.3
0.0,0.436,97.3
0.0,0.42,97.3
0.0,0.41,97.3
0.0,0.403,97.3
0.0,0.393,97.3
0.0,0.372,97.3
0.042,0.309,97.3
0.16,0.256,97.3
0.308,0.259,97.3
0.446,0.241,97.3
0.556,0.231,97.3
0.637,0.224,97.3
0.673,0.223,97.3
0.657,0.22,97.3
0.605,0.206,97.3
0.535,0.178,97.3
0.414,0.155,97.3
0.256,0.129,97.3
0.099,0.098,97.3
0.013,0.077,97.3
0.0,0.059,97.3
0.0,0.048,97.3
0.0,0.049,97.3
0.0,0.061,97.3
0.0,0.088,97.3
0.0,0.126,97.3
0.0,0.165,97.3
0.0,0.199,97.3
0.0,0.225,97.3
0.0,0.242,97.3
0.037,0.218,97.3
0.146,0.167,97.3
0.273,0.179,97.3
0.386,0.183,97.3
0.544,0.172,97.3
0.608,0.155,97.3
0.677,0.133,97.3
0.69,0.106,97.3
0.639,0.083,97.3
0.55,0.071,97.3
0.417,0.065,97.3
0.255,0.059,97.3
0.096,0.051,97.3
0.012,0.039,97.3
0.0,0.022,97.3
0.0,0.009,97.3
0.0,0.005,97.3
0.0,0.007,97.3
0.0,0.011,97.3
0.0,0.023,97.3
0.0,0.044,97.3
0.0,0.066,97.3
0.0,0.09,97.3
0.0,0.12,97.3
0.032,0.142,97.3
0.112,0.113,97.3
0.219,0.109,97.3
0.33,0.123,97.3
0.392,0.13,97.3
0.463,0.133,97.3
0.455,0.133,97.3
0.398,0.125,97.3
0.405,0.111,97.3
0.422,0.1,97.3
0.277,0.087,97.3
0.158,0.08,97.3
0.084,0.067,97.3
0.012,0.046,97.3
0.0,0.037,97.3
0.0,0.034,97.3
0.0,0.036,97.3
0.0,0.036,97.3
0.0,0.036,97.3
0.0,0.05,97.3
0.0,0.089,97.3
0.0,0.152,97.3
0.0,0.208,97.3
0.0,0.257,97.3
0.035,0.26,97.3
0.103,0.235,97.3
0.235,0.312,97.3
0.417,0.401,97.3
0.575,0.456,97.3
0.64,0.491,97.3
0.608,0.513,97.3
0.585,0.501,97.3
0.584,0.479,97.3
0.427,0.463,97.3
0.358,0.422,97.3
0.24,0.377,97.3
0.089,0.294,97.3
0.009,0.241,97.3
0.0,0.256,97.3
0.0,0.296,97.3
0.0,0.337,97.3
0.0,0.345,97.3
0.0,0.343,97.3
0.0,0.331,97.3
0.0,0.334,97.3
0.0,0.329,97.3
0.0,0.316,97.3
0.0,0.291,97.3
0.035,0.228,97.3
0.138,0.184,97.3
0.283,0.202,97.3
0.457,0.249,97.3
0.59,0.294,97.3
0.671,0.323,97.3
0.714,0.334,97.3
0.698,0.337,97.3
0.618,0.32,97.3
0.492,0.285,97.3
0.385,0.228,97.3
0.25,0.162,97.3
0.089,0.101,97.3
0.008,0.061,97.3
0.0,0.034,97.3
0.0,0.02,97.3
0.0,0.024,97.3
0.0,0.051,97.3
0.0,0.094,97.3
0.0,0.154,97.3
0.0,0.205,97.3
0.0,0.241,97.3
0.0,0.254,97.3
0.0,0.256,97.3
0.033,0.241,97.3
0.165,0.176,97.3
0.353,0.205,97.3
0.509,0.249,97.3
0.62,0.289,97.3
0.673,0.332,97.3
0.677,0.391,97.3
0.674,0.434,97.3
0.595,0.448,97.3
0.484,0.439,97.3
0.394,0.427,97.3
0.24,0.428,97.3
0.084,0.432,97.3
0.005,0.475,97.3
0.0,0.547,97.3
0.0,0.578,97.3
0.0,0.588,97.3
0.0,0.599,97.3
0.0,0.59,97.3
0.0,0.513,97.3
0.0,0.469,97.3
0.0,0.457,97.3
0.0,0.457,97.3
0.0,0.465,97.3
0.027,0.476,97.3
0.113,0.552,97.3
0.292,0.658,97.3
0.423,0.699,97.3
0.471,0.71,97.3
0.419,0.722,97.3
0.254,0.736,97.3
0.222,0.726,97.3
0.279,0.706,97.3
0.394,0.69,97.3
0.404,0.71,97.3
0.26,0.74,97.3
0.093,0.725,97.3
0.006,0.677,97.3
0.0,0.625,97.3
0.0,0.581,97.3
0.0,0.527,97.3
0.0,0.475,97.3
0.0,0.446,97.3
0.0,0.416,97.3
0.0,0.407,97.3
0.0,0.425,97.3
0.0,0.443,97.3
0.0,0.442,97.3
0.037,0.398,97.3
0.153,0.367,97.3
0.249,0.454,97.3
0.311,0.542,97.3
0.298,0.594,97.3
0.29,0.595,97.3
0.259,0.574,97.3
0.27,0.525,97.3
0.237,0.478,97.3
0.218,0.431,97.3
0.174,0.376,97.3
0.11,0.314,97.3
0.063,0.248,97.3
0.004,0.24,97.3
0.0,0.257,97.3
0.0,0.261,97.3
0.0,0.264,97.3
0.0,0.271,97.3
0.0,0.278,97.3
0.0,0.283,97.3
0.0,0.286,97.3
0.0,0.281,97.3
0.0,0.264,97.3
0.0,0.243,97.3
0.033,0.203,97.3
0.133,0.149,97.3
0.217,0.156,97.3
0.311,0.192,97.3
0.483,0.254,97.3
0.525,0.32,97.3
0.538,0.374,97.3
0.552,0.41,97.3
0.556,0.44,97.3
0.452,0.454,97.3
0.323,0.45,97.3
0.153,0.408,97.3
0.056,0.32,97.3
0.0,0.312,97.3
0.0,0.36,97.3
0.0,0.389,97.3
0.0,0.404,97.3
0.0,0.4,97.3
0.0,0.388,97.3
0.0,0.362,97.3
0.0,0.344,97.3
0.0,0.32,97.3
0.0,0.297,97.3
0.0,0.287,97.3
0.02,0.253,97.3
0.091,0.235,97.3
0.186,0.289,97.3
0.269,0.335,97.3
0.368,0.347,97.3
0.487,0.335,97.3
0.569,0.323,97.3
0.531,0.316,97.3
0.453,0.311,97.3
0.357,0.291,97.3
0.28,0.268,97.3
0.132,0.241,97.3
0.033,0.21,97.3
0.0,0.201,97.3
0.0,0.209,97.3
0.0,0.227,97.3
0.0,0.249,97.3
0.0,0.265,97.3
0.0,0.273,97.3
0.0,0.284,97.3
0.0,0.275,97.3
0.0,0.274,97.3
0.0,0.27,97.3
0.0,0.277,97.3
0.028,0.261,97.3
0.157,0.211,97.3
0.318,0.233,97.3
0.468,0.243,97.3
0.575,0.252,97.3
0.643,0.259,97.3
0.659,0.257,97.3
0.626,0.248,97.3
0.566,0.226,97.3
0.439,0.194,97.3
0.352,0.166,97.3
0.191,0.138,97.3
0.065,0.112,97.3
0.0,0.099,97.3
0.0,0.078,97.3
0.0,0.053,97.3
0.0,0.031,97.3
0.0,0.018,97.3
0.0,0.012,97.3
0.0,0.013,97.3
0.0,0.016,97.3
0.0,0.021,97.3
0.0,0.032,97.3
0.0,0.051,97.3
0.025,0.072,97.3
0.123,0.064,97.3
0.234,0.066,97.3
0.359,0.076,97.3
0.481,0.076,97.3
0.445,0.071,97.3
0.334,0.067,97.3
0.248,0.059,97.3
0.193,0.048,97.3
0.153,0.036,97.3
0.109,0.027,97.3
0.057,0.023,97.3
0.012,0.036,97.3
0.0,0.082,97.3
0.0,0.157,97.3
0.0,0.241,97.3
0.0,0.261,97.3
0.0,0.225,97.3
0.0,0.184,97.3
0.0,0.183,97.3
0.0,0.238,97.3
0.0,0.337,97.3
0.0,0.385,97.3
0.0,0.404,97.3
0.018,0.421,97.3
0.1,0.388,97.3
0.214,0.448,97.3
0.286,0.482,97.3
0.331,0.485,97.3
0.35,0.481,97.3
0.295,0.479,97.3
0.273,0.484,97.3
0.251,0.513,97.3
0.193,0.533,97.3
0.136,0.547,97.3
0.056,0.538,97.3
0.011,0.539,97.3
0.0,0.569,97.3
0.0,0.575,97.3
0.0,0.586,97.3
0.0,0.587,97.3
0.0,0.578,97.3
0.0,0.571,97.3
0.0,0.571,97.3
0.0,0.567,97.3
0.0,0.547,97.3
0.0,0.563,97.3
0.0,0.547,97.3
0.02,0.523,97.3
0.114,0.502,97.3
0.27,0.506,97.3
0.436,0.544,97.3
0.58,0.532,97.3
0.669,0.494,97.3
0.701,0.464,97.3
0.677,0.449,97.3
0.619,0.444,97.3
0.527,0.455,97.3
0.376,0.476,97.3
0.217,0.479,97.3
0.07,0.457,97.3
0.0,0.49,97.3
0.0,0.491,97.3
0.0,0.464,97.3
0.0,0.454,97.3
0.0,0.457,97.3
0.0,0.469,97.3
0.0,0.519,97.3
0.0,0.488,97.3
0.0,0.467,97.3
0.0,0.459,97.3
0.0,0.452,97.3
0.021,0.391,97.3
0.161,0.296,97.3
0.34,0.272,97.3
0.495,0.289,97.3
0.612,0.302,97.3
0.681,0.317,97.3
0.707,0.347,97.3
0.684,0.372,97.3
0.62,0.374,97.3
0.51,0.377,97.3
0.386,0.405,97.3
0.229,0.407,97.3
0.064,0.355,97.3
0.0,0.385,97.3
0.0,0.407,97.3
0.0,0.382,97.3
0.0,0.358,97.3
0.0,0.328,97.3
0.0,0.305,97.3
0.0,0.305,97.3
0.0,0.298,97.3
0.0,0.285,97.3
0.0,0.263,97.3
0.0,0.231,97.3
0.019,0.179,97.3
0.162,0.088,97.3
0.337,0.054,97.3
0.48,0.05,97.3
0.598,0.057,97.3
0.677,0.074,97.3
0.705,0.104,97.3
0.691,0.15,97.3
0.627,0.203,97.3
0.52,0.254,97.3
0.374,0.302,97.3
0.208,0.34,97.3
0.061,0.35,97.3
0.0,0.337,97.3
0.0,0.332,97.3
0.0,0.337,97.3
0.0,0.355,97.3
0.0,0.382,97.3
0.0,0.443,97.3
0.0,0.488,97.3
0.0,0.51,97.3
0.0,0.519,97.3
0.0,0.491,97.3
0.0,0.46,97.3
0.006,0.442,97.3
0.034,0.429,97.3
0.089,0.427,97.3
0.162,0.466,97.3
0.31,0.47,97.3
0.308,0.466,97.3
0.304,0.483,97.3
0.357,0.522,97.3
0.315,0.557,97.3
0.25,0.562,97.3
0.243,0.536,97.3
0.153,0.48,97.3
0.057,0.412,97.3
0.0,0.408,97.3
0.0,0.421,97.3
0.0,0.401,97.3
0.0,0.391,97.3
0.0,0.386,97.3
0.0,0.383,97.3
0.0,0.384,97.3
0.0,0.394,97.3
0.0,0.401,97.3
0.0,0.404,97.3
0.0,0.415,97.3
0.016,0.413,97.3
0.126,0.358,97.3
0.276,0.402,97.3
0.457,0.479,97.3
0.59,0.532,97.3
0.66,0.576,97.3
0.684,0.602,97.3
0.657,0.619,97.3
0.601,0.63,97.3
0.504,0.635,97.3
0.378,0.632,97.3
0.212,0.604,97.3
0.06,0.535,97.3
0.0,0.487,97.3
0.0,0.464,97.3
0.0,0.449,97.3
0.0,0.449,97.3
0.0,0.447,97.3
0.0,0.443,97.3
0.0,0.442,97.3
0.0,0.444,97.3
0.0,0.451,97.3
0.0,0.449,97.3
0.0,0.444,97.3
0.018,0.436,97.3
0.113,0.415,97.3
0.223,0.437,97.3
0.335,0.501,97.3
0.476,0.559,97.3
0.599,0.578,97.3
0.66,0.587,97.3
0.61,0.604,97.3
0.554,0.619,97.3
0.414,0.633,97.3
0.281,0.638,97.3
0.134,0.619,97.3
0.045,0.583,97.3
0.0,0.55,97.3
0.0,0.523,97.3
0.0,0.494,97.3
0.0,0.468,97.3
0.0,0.449,97.3
0.0,0.432,97.3
0.0,0.433,97.3
0.0,0.45,97.3
0.0,0.478,97.3
0.0,0.51,97.3
0.0,0.516,97.3
0.016,0.532,97.3
0.105,0.514,97.3
0.201,0.557,97.3
0.258,0.58,97.3
0.299,0.602,97.3
0.278,0.622,97.3
0.249,0.643,97.3
0.267,0.652,97.3
0.278,0.654,97.3
0.263,0.648,97.3
0.197,0.627,97.3
0.109,0.575,97.3
0.037,0.504,97.3
0.0,0.483,97.3
0.0,0.459,97.3
0.0,0.447,97.3
0.0,0.447,97.3
0.0,0.444,97.3
0.0,0.432,97.3
0.0,0.402,97.3
0.0,0.395,97.3
0.0,0.392,97.3
0.0,0.387,97.3
0.0,0.379,97.3
0.01,0.364,97.3
0.093,0.359,97.3
0.252,0.413,97.3
0.426,0.459,97.3
0.57,0.457,97.3
0.648,0.444,97.3
0.685,0.453,97.3
0.666,0.485,97.3
0.612,0.525,97.3
0.513,0.55,97.3
0.375,0.568,97.3
0.206,0.574,97.3
0.052,0.542,97.3
0.0,0.505,97.3
0.0,0.459,97.3
0.0,0.41,97.3
0.0,0.4,97.3
0.0,0.389,97.3
0.0,0.37,97.3
0.0,0.355,97.3
0.0,0.352,97.3
0.0,0.367,97.3
0.0,0.348,97.3
0.0,0.329,97.3
0.013,0.289,97.3
0.138,0.214,97.3
0.316,0.213,97.3
0.483,0.22,97.3
0.598,0.223,97.3
0.676,0.242,97.3
0.706,0.274,97.3
0.689,0.311,97.3
0.628,0.355,97.3
0.519,0.395,97.3
0.368,0.423,97.3
0.198,0.436,97.3
0.05,0.415,97.3
0.0,0.401,97.3
0.0,0.398,97.3
0.0,0.377,97.3
0.0,0.36,97.3
0.0,0.334,97.3
0.0,0.294,97.3
0.0,0.255,97.3
0.0,0.247,97.3
0.0,0.241,97.3
0.0,0.209,97.3
0.0,0.178,97.3
0.002,0.155,97.3
0.056,0.126,97.3
0.142,0.123,97.3
0.273,0.115,97.3
0.472,0.103,97.3
0.609,0.095,97.3
0.662,0.097,97.3
0.637,0.11,97.3
0.597,0.126,97.3
0.488,0.135,97.3
0.354,0.136,97.3
0.156,0.135,97.3
0.031,0.139,97.3
0.0,0.16,97.3
0.0,0.167,97.3
0.0,0.16,97.3
0.0,0.149,97.3
0.0,0.136,97.3
0.0,0.121,97.3
0.0,0.106,97.3
0.0,0.095,97.3
0.0,0.092,97.3
0.0,0.095,97.3
0.0,0.11,97.3
0.009,0.122,97.3
0.109,0.093,97.3
0.259,0.088,97.3
0.4,0.084,97.3
0.508,0.077,97.3
0.595,0.069,97.3
0.645,0.067,97.3
0.629,0.07,97.3
0.583,0.078,97.3
0.49,0.091,97.3
0.352,0.112,97.3
0.193,0.141,97.3
0.045,0.196,97.3
0.0,0.291,97.3
0.0,0.345,97.3
0.0,0.348,97.3
0.0,0.328,97.3
0.0,0.311,97.3
0.0,0.3,97.3
0.0,0.297,97.3
0.0,0.305,97.3
0.0,0.318,97.3
0.0,0.327,97.3
0.0,0.328,97.3
0.009,0.305,97.3
0.137,0.204,97.3
0.318,0.18,97.3
0.479,0.204,97.3
0.597,0.183,97.3
0.669,0.144,97.3
0.696,0.12,97.3
0.682,0.116,97.3
0.623,0.131,97.3
0.52,0.158,97.3
0.372,0.194,97.3
0.198,0.24,97.3
0.043,0.31,97.3
0.0,0.407,97.3
0.0,0.425,97.3
0.0,0.404,97.3
0.0,0.398,97.3
0.0,0.395,97.3
0.0,0.383,97.3
0.0,0.367,97.3
0.0,0.362,97.3
0.0,0.371,97.3
0.0,0.367,97.3
0.0,0.365,97.3
0.007,0.351,97.3
0.131,0.308,97.3
0.309,0.323,97.3
0.48,0.293,97.3
0.596,0.255,97.3
0.671,0.218,97.3
0.698,0.185,97.3
0.677,0.167,97.3
0.615,0.157,97.3
0.51,0.161,97.3
0.363,0.181,97.3
0.19,0.218,97.3
0.04,0.292,97.3
0.0,0.4,97.3
0.0,0.431,97.3
0.0,0.41,97.3
0.0,0.385,97.3
0.0,0.358,97.3
0.0,0.328,97.3
0.0,0.307,97.3
0.0,0.292,97.3
0.0,0.284,97.3
0.0,0.281,97.3
0.0,0.28,97.3
0.005,0.265,97.3
0.127,0.168,97.3
0.306,0.112,97.3
0.468,0.159,97.3
0.589,0.152,97.3
0.664,0.129,97.3
0.694,0.103,97.3
0.684,0.082,97.3
0.626,0.069,97.3
0.522,0.071,97.3
0.376,0.087,97.3
0.199,0.122,97.3
0.04,0.201,97.3
0.0,0.293,97.3
0.0,0.334,97.3
0.0,0.323,97.3
0.0,0.283,97.3
0.0,0.237,97.3
0.0,0.194,97.3
0.0,0.155,97.3
0.0,0.118,97.3
0.0,0.084,97.3
0.0,0.067,97.3
0.0,0.067,97.3
0.005,0.077,97.3
0.131,0.068,97.3
0.309,0.041,97.3
0.466,0.03,97.3
0.573,0.03,97.3
0.631,0.029,97.3
0.605,0.024,97.3
0.526,0.017,97.3
0.357,0.015,97.3
0.2,0.022,97.3
0.087,0.047,97.3
0.066,0.102,97.3
0.019,0.17,97.3
0.0,0.227,97.3
0.0,0.256,97.3
0.0,0.261,97.3
0.0,0.261,97.3
0.0,0.261,97.3
0.0,0.252,97.3
0.0,0.241,97.3
0.0,0.223,97.3
0.0,0.2,97.3
0.0,0.169,97.3
0.0,0.138,97.3
0.003,0.113,97.3
0.107,0.084,97.3
0.272,0.048,97.3
0.419,0.038,97.3
0.541,0.046,97.3
0.615,0.036,97.3
0.652,0.027,97.3
0.649,0.024,97.3
0.592,0.028,97.3
0.49,0.04,97.3
0.347,0.066,97.3
0.18,0.115,97.3
0.033,0.186,97.3
0.0,0.278,97.3
0.0,0.341,97.3
0.0,0.364,97.3
0.0,0.379,97.3
0.0,0.394,97.3
0.0,0.394,97.3
0.0,0.37,97.3
0.0,0.334,97.3
0.0,0.302,97.3
0.0,0.27,97.3
0.0,0.251,97.3
0.002,0.249,97.3
0.121,0.181,97.3
0.301,0.121,97.3
0.462,0.122,97.3
0.579,0.17,97.3
0.648,0.195,97.3
0.675,0.188,97.3
0.659,0.176,97.3
0.601,0.184,97.3
0.5,0.217,97.3
0.356,0.253,97.3
0.183,0.289,97.3
0.031,0.355,97.3
0.0,0.435,97.3
0.0,0.474,97.3
0.0,0.481,97.3
0.0,0.476,97.3
0.0,0.454,97.3
0.0,0.42,97.3
0.0,0.406,97.3
0.0,0.398,97.3
0.0,0.36,97.3
0.0,0.289,97.3
0.0,0.254,97.3
0.002,0.251,97.3
0.101,0.195,97.3
0.236,0.151,97.3
0.331,0.174,97.3
0.387,0.21,97.3
0.428,0.232,97.3
0.469,0.253,97.3
0.468,0.256,97.3
0.411,0.237,97.3
0.328,0.211,97.3
0.19,0.176,97.3
0.066,0.139,97.3
0.005,0.134,97.3
0.0,0.171,97.3
0.0,0.228,97.3
0.0,0.282,97.3
0.0,0.302,97.3
0.0,0.302,97.3
0.0,0.294,97.3
0.0,0.293,97.3
0.0,0.289,97.3
0.0,0.25,97.3
0.0,0.201,97.3
0.0,0.186,97.3
0.0,0.193,97.3
0.056,0.175,97.3
0.175,0.155,97.3
0.301,0.204,97.3
0.366,0.274,97.3
0.395,0.322,97.3
0.317,0.334,97.3
0.216,0.312,97.3
0.173,0.273,97.3
0.151,0.228,97.3
0.131,0.191,97.3
0.09,0.158,97.3
0.02,0.14,97.3
0.0,0.156,97.3
0.0,0.193,97.3
0.0,0.252,97.3
0.0,0.311,97.3
0.0,0.335,97.3
0.0,0.352,97.3
0.0,0.374,97.3
0.0,0.391,97.3
0.0,0.401,97.3
0.0,0.398,97.3
0.0,0.401,97.3
0.0,0.429,97.3
0.081,0.398,97.3
0.182,0.395,97.3
0.281,0.442,97.3
0.439,0.48,97.3
0.548,0.482,97.3
0.596,0.457,97.3
0.567,0.41,97.3
0.472,0.37,97.3
0.32,0.338,97.3
0.238,0.319,97.3
0.116,0.291,97.3
0.017,0.264,97.3
0.0,0.296,97.3
0.0,0.332,97.3
0.0,0.388,97.3
0.0,0.43,97.3
0.0,0.416,97.3
0.0,0.382,97.3
0.0,0.344,97.3
0.0,0.317,97.3
0.0,0.291,97.3
0.0,0.264,97.3
0.0,0.237,97.3
0.0,0.209,97.3
0.052,0.153,97.3
0.154,0.109,97.3
0.288,0.087,97.3
0.434,0.072,97.3
0.52,0.077,97.3
0.541,0.097,97.3
0.55,0.125,97.3
0.493,0.158,97.3
0.363,0.19,97.3
0.221,0.212,97.3
0.102,0.218,97.3
0.017,0.213,97.3
0.0,0.214,97.3
0.0,0.193,97.3
0.0,0.173,97.3
0.0,0.16,97.3
0.0,0.149,97.3
0.0,0.136,97.3
0.0,0.122,97.3
0.0,0.105,97.3
0.0,0.085,97.3
0.0,0.064,97.3
0.0,0.045,97.3
0.0,0.034,97.3
0.077,0.026,97.3
0.192,0.026,97.3
0.281,0.03,97.3
0.368,0.035,97.3
0.384,0.043,97.3
0.392,0.051,97.3
0.426,0.062,97.3
0.464,0.071,97.3
0.372,0.08,97.3
0.187,0.092,97.3
0.08,0.109,97.3
0.01,0.157,97.3
0.0,0.238,97.3
0.0,0.311,97.3
0.0,0.358,97.3
0.0,0.367,97.3
0.0,0.355,97.3
0.0,0.346,97.3
0.0,0.337,97.3
0.0,0.32,97.3
0.0,0.3,97.3
0.0,0.294,97.3
0.0,0.296,97.3
0.0,0.299,97.3
0.067,0.243,97.3
0.238,0.177,97.3
0.406,0.168,97.3
0.447,0.186,97.3
0.383,0.199,97.3
0.274,0.186,97.3
0.193,0.167,97.3
0.145,0.145,97.3
0.102,0.133,97.3
0.064,0.142,97.3
0.031,0.163,97.3
0.0,0.207,97.3
0.0,0.252,97.3
0.0,0.286,97.3
0.0,0.295,97.3
0.0,0.288,97.3
0.0,0.284,97.3
0.0,0.258,97.3
0.0,0.223,97.3
0.0,0.195,97.3
0.0,0.163,97.3
0.0,0.133,97.3
0.0,0.109,97.3
0.0,0.096,97.3
0.076,0.089,97.3
0.254,0.079,97.3
0.423,0.1,97.3
0.546,0.133,97.3
0.622,0.17,97.3
0.659,0.212,97.3
0.608,0.262,97.3
0.551,0.323,97.3
0.423,0.39,97.3
0.274,0.435,97.3
0.113,0.439,97.3
0.01,0.379,97.3
0.0,0.332,97.3
0.0,0.329,97.3
0.0,0.34,97.3
0.0,0.341,97.3
0.0,0.334,97.3
0.0,0.304,97.3
0.0,0.27,97.3
0.0,0.255,97.3
0.0,0.256,97.3
0.0,0.259,97.3
0.0,0.249,97.3
0.0,0.231,97.3
0.093,0.195,97.3
0.249,0.165,97.3
0.397,0.184,97.3
0.505,0.198,97.3
0.608,0.217,97.3
0.672,0.225,97.3
0.657,0.227,97.3
0.598,0.228,97.3
0.493,0.217,97.3
0.339,0.187,97.3
0.156,0.141,97.3
0.013,0.113,97.3
0.0,0.097,97.3
0.0,0.084,97.3
0.0,0.08,97.3
0.0,0.084,97.3
0.0,0.096,97.3
0.0,0.116,97.3
0.0,0.14,97.3
0.0,0.169,97.3
0.0,0.198,97.3
0.0,0.217,97.3
0.0,0.217,97.3
0.0,0.216,97.3
0.057,0.197,97.3
0.206,0.155,97.3
0.394,0.154,97.3
0.522,0.147,97.3
0.578,0.139,97.3
0.601,0.126,97.3
0.596,0.108,97.3
0.537,0.087,97.3
0.408,0.062,97.3
0.251,0.041,97.3
0.105,0.026,97.3
0.008,0.025,97.3
0.0,0.033,97.3
0.0,0.048,97.3
0.0,0.064,97.3
0.0,0.07,97.3
0.0,0.072,97.3
0.0,0.071,97.3
0.0,0.072,97.3
0.0,0.075,97.3
0.0,0.079,97.3
0.0,0.087,97.3
0.0,0.101,97.3
0.0,0.117,97.3
0.05,0.112,97.3
0.165,0.077,97.3
0.308,0.076,97.3
0.421,0.078,97.3
0.516,0.064,97.3
0.553,0.049,97.3
0.509,0.042,97.3
0.401,0.052,97.3
0.258,0.085,97.3
0.174,0.136,97.3
0.073,0.201,97.3
0.003,0.302,97.3
0.0,0.376,97.3
0.0,0.368,97.3
0.0,0.341,97.3
0.0,0.328,97.3
0.0,0.311,97.3
0.0,0.289,97.3
0.0,0.28,97.3
0.0,0.27,97.3
0.0,0.274,97.3
0.0,0.267,97.3
0.0,0.267,97.3
0.0,0.272,97.3
0.064,0.22,97.3
0.213,0.171,97.3
0.37,0.171,97.3
0.497,0.158,97.3
0.576,0.137,97.3
0.601,0.112,97.3
0.544,0.082,97.3
0.405,0.061,97.3
0.273,0.055,97.3
0.162,0.064,97.3
0.06,0.096,97.3
0.001,0.166,97.3
0.0,0.239,97.3
0.0,0.264,97.3
0.0,0.269,97.3
0.0,0.26,97.3
0.0,0.24,97.3
0.0,0.22,97.3
0.0,0.207,97.3
0.0,0.201,97.3
0.0,0.199,97.3
0.0,0.204,97.3
0.0,0.217,97.3
0.0,0.231,97.3
0.044,0.214,97.3
0.184,0.214,97.3
0.386,0.252,97.3
0.52,0.212,97.3
0.609,0.179,97.3
0.653,0.175,97.3
0.646,0.186,97.3
0.585,0.202,97.3
0.467,0.227,97.3
0.318,0.253,97.3
0.142,0.265,97.3
0.007,0.3,97.3
0.0,0.347,97.3
0.0,0.345,97.3
0.0,0.314,97.3
0.0,0.279,97.3
0.0,0.236,97.3
0.0,0.195,97.3
0.0,0.158,97.3
0.0,0.113,97.3
0.0,0.083,97.3
0.0,0.059,97.3
0.0,0.035,97.3
0.0,0.022,97.3
0.088,0.025,97.3
0.273,0.024,97.3
0.402,0.022,97.3
0.397,0.035,97.3
0.442,0.031,97.3
0.563,0.03,97.3
0.495,0.032,97.3
0.45,0.033,97.3
0.255,0.041,97.3
0.163,0.042,97.3
0.078,0.033,97.3
0.003,0.019,97.3
0.0,0.015,97.3
0.0,0.015,97.3
0.0,0.021,97.3
0.0,0.034,97.3
0.0,0.056,97.3
0.0,0.09,97.3
0.0,0.129,97.3
0.0,0.156,97.3
0.0,0.169,97.3
0.0,0.179,97.3
0.0,0.191,97.3
0.0,0.211,97.3
0.036,0.225,97.3
0.153,0.178,97.3
0.36,0.164,97.3
0.543,0.179,97.3
0.641,0.171,97.3
0.678,0.177,97.3
0.66,0.186,97.3
0.598,0.194,97.3
0.488,0.199,97.3
0.331,0.2,97.3
0.144,0.2,97.3
0.004,0.226,97.3
0.0,0.262,97.3
0.0,0.293,97.3
0.0,0.335,97.3
0.0,0.4,97.3
0.0,0.467,97.3
0.0,0.498,97.3
0.0,0.497,97.3
0.0,0.491,97.3
0.0,0.491,97.3
0.0,0.502,97.3
0.0,0.519,97.3
0.0,0.544,97.3
0.071,0.51,97.3
0.261,0.494,97.3
0.427,0.666,97.3
0.563,0.688,97.3
0.646,0.661,97.3
0.667,0.645,97.3
0.559,0.642,97.3
0.393,0.63,97.3
0.271,0.599,97.3
0.165,0.531,97.3
0.067,0.393,97.3
0.0,0.322,97.3
0.0,0.279,97.3
0.0,0.231,97.3
0.0,0.191,97.3
0.0,0.14,97.3
0.0,0.104,97.3
0.0,0.11,97.3
0.0,0.154,97.3
0.0,0.21,97.3
0.0,0.261,97.3
0.0,0.297,97.3
0.0,0.312,97.3
0.0,0.32,97.3
0.067,0.298,97.3
0.25,0.243,97.3
0.421,0.302,97.3
0.548,0.374,97.3
0.625,0.436,97.3
0.642,0.488,97.3
0.628,0.519,97.3
0.573,0.521,97.3
0.473,0.501,97.3
0.323,0.483,97.3
0.14,0.448,97.3
0.002,0.42,97.3
0.0,0.461,97.3
0.0,0.493,97.3
0.0,0.507,97.3
0.0,0.498,97.3
0.0,0.484,97.3
0.0,0.449,97.3
0.0,0.382,97.3
0.0,0.345,97.3
0.0,0.318,97.3
0.0,0.283,97.3
0.0,0.259,97.3
0.0,0.252,97.3
0.041,0.22,97.3
0.189,0.176,97.3
0.342,0.169,97.3
0.458,0.167,97.3
0.511,0.157,97.3
0.505,0.144,97.3
0.459,0.123,97.3
0.379,0.101,97.3
0.3,0.082,97.3
0.21,0.07,97.3
0.094,0.073,97.3
0.0,0.108,97.3
0.0,0.155,97.3
0.0,0.196,97.3
0.0,0.233,97.3
0.0,0.259,97.3
0.0,0.264,97.3
0.0,0.235,97.3
0.0,0.194,97.3
0.0,0.155,97.3
0.0,0.139,97.3
0.0,0.188,97.3
0.0,0.235,97.3
0.0,0.224,97.3
0.034,0.192,97.3
0.186,0.141,97.3
0.328,0.163,97.3
0.457,0.252,97.3
0.556,0.281,97.3
0.558,0.265,97.3
0.419,0.227,97.3
0.326,0.191,97.3
0.263,0.176,97.3
0.114,0.198,97.3
0.021,0.249,97.3
0.0,0.324,97.3
0.0,0.381,97.3
0.0,0.373,97.3
0.0,0.348,97.3
0.0,0.316,97.3
0.0,0.295,97.3
0.0,0.299,97.3
0.0,0.311,97.3
0.0,0.319,97.3
0.0,0.32,97.3
0.0,0.328,97.3
0.0,0.349,97.3
0.0,0.386,97.3
0.003,0.415,97.3
0.02,0.437,97.3
0.063,0.476,97.3
0.164,0.586,97.3
0.183,0.77,97.3
0.14,0.84,97.3
0.11,0.845,97.3
0.14,0.813,97.3
0.238,0.811,97.3
0.268,0.765,97.3
0.123,0.635,97.3
0.0,0.516,97.3
0.0,0.444,97.3
0.0,0.393,97.3
0.0,0.381,97.3
0.0,0.413,97.3
0.0,0.444,97.3
0.0,0.439,97.3
0.0,0.417,97.3
0.0,0.379,97.3
0.0,0.337,97.3
0.0,0.325,97.3
0.0,0.33,97.3
0.0,0.33,97.3
0.04,0.295,97.3
0.157,0.225,97.3
0.236,0.233,97.3
0.304,0.295,97.3
0.315,0.341,97.3
0.315,0.394,97.3
0.398,0.428,97.3
0.489,0.434,97.3
0.445,0.418,97.3
0.278,0.398,97.3
0.079,0.383,97.3
0.0,0.433,97.3
0.0,0.498,97.3
0.0,0.535,97.3
0.0,0.544,97.3
0.0,0.556,97.3
0.0,0.562,97.3
0.0,0.565,97.3
0.0,0.556,97.3
0.0,0.574,97.3
0.0,0.563,97.3
0.0,0.622,97.3
0.0,0.607,97.3
0.0,0.542,97.3
0.0,0.453,97.3
0.045,0.494,97.3
0.116,0.603,97.3
0.191,0.691,97.3
0.3,0.722,97.3
0.345,0.724,97.3
0.385,0.729,97.3
0.361,0.738,97.3
0.271,0.743,97.3
0.134,0.712,97.3
0.032,0.664,97.3
0.0,0.638,97.3
0.0,0.636,97.3
0.0,0.658,97.3
0.0,0.668,97.3
0.0,0.65,97.3
0.0,0.615,97.3
0.0,0.583,97.3
0.0,0.55,97.3
0.0,0.55,97.3
0.0,0.55,97.3
0.0,0.526,97.3
0.0,0.507,97.3
0.0,0.499,97.3
0.025,0.484,97.3
0.123,0.415,97.3
0.289,0.465,97.3
0.456,0.552,97.3
0.513,0.59,97.3
0.526,0.623,97.3
0.428,0.659,97.3
0.301,0.697,97.3
0.134,0.712,97.3
0.043,0.719,97.3
0.009,0.731,97.3
0.0,0.74,97.3
0.0,0.732,97.3
0.0,0.739,97.3
0.0,0.752,97.3
0.0,0.751,97.3
0.0,0.748,97.3
0.0,0.702,97.3
0.0,0.711,97.3
0.0,0.759,97.3
0.0,0.75,97.3
0.0,0.777,97.3
0.0,0.752,97.3
0.0,0.739,97.3
0.013,0.737,97.3
0.086,0.753,97.3
0.15,0.813,97.3
0.159,0.829,97.3
0.155,0.826,97.3
0.135,0.807,97.3
0.089,0.772,97.3
0.068,0.733,97.3
0.036,0.724,97.3
0.01,0.718,97.3
0.0,0.724,97.3
0.0,0.715,97.3
0.0,0.683,97.3
0.0,0.63,97.3
0.0,0.563,97.3
0.0,0.485,97.3
0.0,0.395,97.3
0.0,0.317,97.3
0.0,0.283,97.3
0.0,0.256,97.3
0.0,0.249,97.3
0.0,0.237,97.3
0.0,0.251,97.3
0.0,0.301,97.3
0.013,0.314,97.3
0.07,0.29,97.3
0.122,0.267,97.3
0.121,0.273,97.3
0.137,0.311,97.3
0.104,0.395,97.3
0.073,0.525,97.3
0.068,0.634,97.3
0.06,0.712,97.3
0.037,0.801,97.3
0.004,0.88,97.3
0.0,0.93,97.3
0.0,0.949,97.3
0.0,0.947,97.3
0.0,0.958,97.3
0.0,0.976,97.3
0.0,0.976,97.3
0.0,0.966,97.3
0.0,0.923,97.3
0.0,0.825,97.3
0.0,0.636,97.3
0.0,0.382,97.3
0.0,0.22,97.3
0.0,0.146,97.3
0.0,0.113,97.3
0.003,0.157,97.3
0.021,0.286,97.3
0.049,0.372,97.3
0.106,0.293,97.3
0.13,0.22,97.3
0.127,0.266,97.3
0.116,0.388,97.3
0.082,0.466,97.3
0.067,0.52,97.3
0.033,0.535,97.3
0.0,0.577,97.3
0.0,0.608,97.3
0.0,0.642,97.3
0.0,0.611,97.3
0.0,0.595,97.3
0.0,0.593,97.3
0.0,0.605,97.3
0.0,0.593,97.3
0.0,0.561,97.3
0.0,0.543,97.3
0.0,0.507,97.3
0.0,0.484,97.3
0.0,0.49,97.3
0.028,0.503,97.3
0.215,0.472,97.3
0.386,0.58,97.3
0.441,0.682,97.3
0.455,0.733,97.3
0.464,0.752,97.3
0.477,0.762,97.3
0.48,0.757,97.3
0.382,0.746,97.3
0.237,0.702,97.3
0.076,0.64,97.3
0.0,0.578,97.3
0.0,0.574,97.3
0.0,0.599,97.3
0.0,0.596,97.3
0.0,0.633,97.3
0.0,0.63,97.3
0.0,0.618,97.3
0.0,0.59,97.3
0.0,0.606,97.3
0.0,0.661,97.3
0.0,0.668,97.3
0.0,0.611,97.3
0.0,0.608,97.3
0.028,0.662,97.3
0.175,0.669,97.3
0.263,0.737,97.3
0.257,0.849,97.3
0.261,0.877,97.3
0.177,0.827,97.3
0.098,0.685,97.3
0.133,0.523,97.3
0.275,0.464,97.3
0.244,0.466,97.3
0.062,0.51,97.3
0.0,0.574,97.3
0.0,0.639,97.3
0.0,0.684,97.3
0.0,0.735,97.3
0.0,0.765,97.3
0.0,0.786,97.3
0.0,0.829,97.3
0.0,0.831,97.3
0.0,0.835,97.3
0.0,0.838,97.3
0.0,0.838,97.3
0.0,0.839,97.3
0.0,0.827,97.3
0.0,0.814,97.3
0.034,0.785,97.3
0.142,0.732,97.3
0.286,0.704,97.3
0.266,0.712,97.3
0.173,0.66,97.3
0.176,0.61,97.3
0.291,0.624,97.3
0.269,0.593,97.3
0.166,0.527,97.3
0.056,0.507,97.3
0.0,0.532,97.3
0.0,0.521,97.3
0.0,0.494,97.3
0.0,0.454,97.3
0.0,0.388,97.3
0.0,0.309,97.3
0.0,0.235,97.3
0.0,0.191,97.3
0.0,0.171,97.3
0.0,0.155,97.3
0.0,0.123,97.3
0.0,0.081,97.3
0.0,0.039,97.3
0.006,0.012,97.3
0.093,0.003,97.3
0.21,0.001,97.3
0.39,0.002,97.3
0.505,0.003,97.3
0.539,0.004,97.3
0.512,0.005,97.3
0.436,0.005,97.3
0.317,0.005,97.3
0.173,0.005,97.3
0.042,0.005,97.3
0.0,0.009,97.3
0.0,0.03,97.3
0.0,0.064,97.3
0.0,0.097,97.3
0.0,0.122,97.3
0.0,0.144,97.3
0.0,0.167,97.3
0.0,0.179,97.3
0.0,0.165,97.3
0.0,0.136,97.3
0.0,0.109,97.3
0.0,0.088,97.3
0.0,0.072,97.3
0.022,0.062,97.3
0.182,0.045,97.3
0.396,0.03,97.3
0.542,0.038,97.3
0.628,0.051,97.3
0.662,0.058,97.3
0.646,0.067,97.3
0.58,0.08,97.3
0.461,0.1,97.3
0.29,0.123,97.3
0.094,0.175,97.3
0.0,0.258,97.3
0.0,0.325,97.3
0.0,0.362,97.3
0.0,0.373,97.3
0.0,0.374,97.3
0.0,0.373,97.3
0.0,0.367,97.3
0.0,0.358,97.3
0.0,0.338,97.3
0.0,0.309,97.3
0.0,0.274,97.3
0.0,0.245,97.3
0.0,0.22,97.3
0.009,0.183,97.3
0.125,0.125,97.3
0.379,0.101,97.3
0.531,0.092,97.3
0.62,0.101,97.3
0.656,0.097,97.3
0.638,0.078,97.3
0.569,0.058,97.3
0.446,0.042,97.3
0.268,0.037,97.3
0.076,0.055,97.3
0.0,0.095,97.3
0.0,0.134,97.3
0.0,0.152,97.3
0.0,0.145,97.3
0.0,0.116,97.3
0.0,0.074,97.3
0.0,0.04,97.3
0.0,0.022,97.3
0.0,0.014,97.3
0.0,0.01,97.3
0.0,0.008,97.3
0.0,0.017,97.3
0.0,0.029,97.3
0.0,0.023,97.3
0.06,0.011,97.3
0.214,0.005,97.3
0.428,0.008,97.3
0.559,0.017,97.3
0.602,0.023,97.3
0.552,0.034,97.3
0.481,0.065,97.3
0.355,0.12,97.3
0.186,0.171,97.3
0.023,0.2,97.3
0.0,0.221,97.3
0.0,0.233,97.3
0.0,0.245,97.3
0.0,0.262,97.3
0.0,0.317,97.3
0.0,0.381,97.3
0.0,0.362,97.3
0.0,0.352,97.3
0.0,0.374,97.3
0.0,0.4,97.3
0.0,0.367,97.3
0.0,0.305,97.3
0.0,0.278,97.3
0.0,0.274,97.3
0.049,0.249,97.3
0.112,0.191,97.3
0.181,0.187,97.3
0.336,0.233,97.3
0.414,0.266,97.3
0.467,0.297,97.3
0.373,0.337,97.3
0.348,0.367,97.3
0.189,0.358,97.3
0.047,0.34,97.3
0.0,0.367,97.3
0.0,0.374,97.3
0.0,0.379,97.3
0.0,0.379,97.3
0.0,0.379,97.3
0.0,0.384,97.3
0.0,0.355,97.3
0.0,0.334,97.3
0.0,0.328,97.3
0.0,0.343,97.3
0.0,0.388,97.3
0.0,0.422,97.3
0.0,0.435,97.3
0.0,0.438,97.3
0.028,0.407,97.3
0.115,0.363,97.3
0.213,0.373,97.3
0.273,0.411,97.3
0.298,0.42,97.3
0.287,0.426,97.3
0.335,0.435,97.3
0.311,0.459,97.3
0.228,0.469,97.3
0.069,0.46,97.3
0.0,0.472,97.3
0.0,0.45,97.3
0.0,0.425,97.3
0.0,0.418,97.3
0.0,0.395,97.3
0.0,0.376,97.3
0.0,0.343,97.3
0.0,0.315,97.3
0.0,0.293,97.3
0.0,0.274,97.3
0.0,0.28,97.3
0.0,0.285,97.3
0.0,0.28,97.3
0.0,0.274,97.3
0.081,0.238,97.3
0.225,0.162,97.3
0.35,0.138,97.3
0.522,0.133,97.3
0.56,0.133,97.3
0.543,0.153,97.3
0.442,0.183,97.3
0.285,0.201,97.3
0.126,0.193,97.3
0.021,0.185,97.3
0.0,0.209,97.3
0.0,0.248,97.3
0.0,0.291,97.3
0.0,0.336,97.3
0.0,0.344,97.3
0.0,0.328,97.3
0.0,0.31,97.3
0.0,0.289,97.3
0.0,0.279,97.3
0.0,0.284,97.3
0.0,0.288,97.3
0.0,0.305,97.3
0.0,0.341,97.3
0.0,0.363,97.3
0.089,0.376,97.3
0.264,0.37,97.3
0.427,0.427,97.3
0.49,0.496,97.3
0.413,0.516,97.3
0.341,0.525,97.3
0.222,0.523,97.3
0.137,0.503,97.3
0.071,0.468,97.3
0.011,0.463,97.3
0.0,0.484,97.3
0.0,0.537,97.3
0.0,0.565,97.3
0.0,0.58,97.3
0.0,0.574,97.3
0.0,0.611,97.3
0.0,0.613,97.3
0.0,0.598,97.3
0.0,0.581,97.3
0.0,0.583,97.3
0.0,0.578,97.3
0.0,0.527,97.3
0.0,0.499,97.3
0.0,0.447,97.3
0.029,0.415,97.3
0.187,0.388,97.3
0.41,0.39,97.3
0.571,0.337,97.3
0.623,0.28,97.3
0.621,0.238,97.3
0.549,0.21,97.3
0.424,0.187,97.3
0.249,0.171,97.3
0.052,0.183,97.3
0.0,0.196,97.3
0.0,0.179,97.3
0.0,0.153,97.3
0.0,0.124,97.3
0.0,0.095,97.3
0.0,0.061,97.3
0.0,0.034,97.3
0.0,0.015,97.3
0.0,0.005,97.3
0.0,0.004,97.3
0.0,0.01,97.3
0.0,0.024,97.3
0.0,0.047,97.3
0.0,0.084,97.3
0.074,0.114,97.3
0.247,0.105,97.3
0.335,0.117,97.3
0.537,0.132,97.3
0.548,0.141,97.3
0.507,0.145,97.3
0.433,0.14,97.3
0.356,0.13,97.3
0.131,0.128,97.3
0.022,0.151,97.3
0.0,0.191,97.3
0.0,0.245,97.3
0.0,0.298,97.3
0.0,0.346,97.3
0.0,0.38,97.3
0.0,0.388,97.3
0.0,0.372,97.3
0.0,0.354,97.3
0.0,0.345,97.3
0.0,0.337,97.3
0.0,0.323,97.3
0.0,0.325,97.3
0.0,0.338,97.3
0.0,0.35,97.3
0.029,0.306,97.3
0.068,0.257,97.3
0.091,0.239,97.3
0.109,0.264,97.3
0.107,0.296,97.3
0.089,0.308,97.3
0.068,0.31,97.3
0.047,0.305,97.3
0.028,0.294,97.3
0.004,0.306,97.3
0.0,0.343,97.3
0.0,0.382,97.3
0.0,0.394,97.3
0.0,0.381,97.3
0.0,0.365,97.3
0.0,0.383,97.3
0.0,0.398,97.3
0.0,0.369,97.3
0.0,0.354,97.3
0.0,0.35,97.3
0.0,0.351,97.3
0.0,0.355,97.3
0.0,0.355,97.3
0.0,0.361,97.3
0.069,0.295,97.3
0.11,0.215,97.3
0.132,0.204,97.3
0.111,0.253,97.3
0.115,0.299,97.3
0.127,0.32,97.3
0.129,0.33,97.3
0.088,0.347,97.3
0.036,0.401,97.3
0.001,0.47,97.3
0.0,0.502,97.3
0.0,0.494,97.3
0.0,0.49,97.3
0.0,0.487,97.3
0.0,0.497,97.3
0.0,0.552,97.3
0.0,0.507,97.3
0.0,0.501,97.3
0.0,0.501,97.3
0.0,0.529,97.3
0.0,0.523,97.3
0.0,0.505,97.3
0.0,0.501,97.3
0.0,0.471,97.3
0.004,0.436,97.3
0.029,0.481,97.3
0.073,0.506,97.3
0.158,0.543,97.3
0.242,0.65,97.3
0.221,0.704,97.3
0.223,0.746,97.3
0.185,0.75,97.3
0.075,0.762,97.3
0.006,0.797,97.3
0.0,0.806,97.3
0.0,0.792,97.3
0.0,0.753,97.3
0.0,0.698,97.3
0.0,0.704,97.3
0.0,0.71,97.3
0.0,0.744,97.3
0.0,0.755,97.3
0.0,0.748,97.3
0.0,0.735,97.3
0.0,0.746,97.3
0.0,0.79,97.3
0.0,0.846,97.3
0.0,0.924,97.3
0.0,0.962,97.3
0.066,0.931,97.3
0.196,0.889,97.3
0.362,0.89,97.3
0.523,0.902,97.3
0.535,0.9,97.3
0.447,0.898,97.3
0.343,0.9,97.3
0.177,0.887,97.3
0.017,0.875,97.3
0.0,0.859,97.3
0.0,0.826,97.3
0.0,0.75,97.3
0.0,0.635,97.3
0.0,0.571,97.3
0.0,0.681,97.3
0.0,0.816,97.3
0.0,0.882,97.3
0.0,0.877,97.3
0.0,0.79,97.3
0.0,0.624,97.3
0.0,0.874,97.3
0.0,0.964,97.3
0.0,0.955,97.3
0.031,0.937,97.3
0.111,0.903,97.3
0.107,0.837,97.3
0.066,0.794,97.3
0.124,0.796,97.3
0.131,0.763,97.3
0.114,0.734,97.3
0.148,0.729,97.3
0.094,0.744,97.3
0.005,0.739,97.3
0.0,0.715,97.3
0.0,0.686,97.3
0.0,0.633,97.3
0.0,0.586,97.3
0.0,0.58,97.3
0.0,0.62,97.3
0.0,0.692,97.3
0.0,0.742,97.3
0.0,0.734,97.3
0.0,0.746,97.3
0.0,0.772,97.3
0.0,0.808,97.3
0.0,0.827,97.3
0.0,0.845,97.3
0.042,0.86,97.3
0.183,0.867,97.3
0.382,0.888,97.3
0.436,0.895,97.3
0.376,0.875,97.3
0.243,0.822,97.3
0.151,0.755,97.3
0.071,0.665,97.3
0.034,0.56,97.3
0.0,0.476,97.3
0.0,0.421,97.3
0.0,0.364,97.3
0.0,0.294,97.3
0.0,0.234,97.3
0.0,0.191,97.3
0.0,0.176,97.3
0.0,0.171,97.3
0.0,0.151,97.3
0.0,0.115,97.3
0.0,0.084,97.3
0.0,0.056,97.3
0.0,0.037,97.3
0.0,0.039,97.3
0.0,0.054,97.3
0.039,0.068,97.3
0.122,0.071,97.3
0.165,0.078,97.3
0.182,0.098,97.3
0.204,0.117,97.3
0.247,0.132,97.3
0.254,0.13,97.3
0.227,0.125,97.3
0.101,0.155,97.3
0.004,0.217,97.3
0.0,0.272,97.3
0.0,0.315,97.3
0.0,0.355,97.3
0.0,0.396,97.3
0.0,0.414,97.3
0.0,0.411,97.3
0.0,0.401,97.3
0.0,0.376,97.3
0.0,0.355,97.3
0.0,0.343,97.3
0.0,0.358,97.3
0.0,0.388,97.3
0.0,0.4,97.3
0.0,0.388,97.3
0.096,0.333,97.3
0.344,0.241,97.3
0.508,0.22,97.3
0.604,0.336,97.3
0.645,0.353,97.3
0.633,0.349,97.3
0.566,0.352,97.3
0.44,0.353,97.3
0.256,0.346,97.3
0.02,0.407,97.3
0.0,0.501,97.3
0.0,0.544,97.3
0.0,0.538,97.3
0.0,0.508,97.3
0.0,0.477,97.3
0.0,0.473,97.3
0.0,0.468,97.3
0.0,0.419,97.3
0.0,0.414,97.3
0.0,0.447,97.3
0.0,0.465,97.3
0.0,0.484,97.3
0.0,0.492,97.3
0.0,0.502,97.3
0.0,0.466,97.3
0.032,0.389,97.3
0.123,0.344,97.3
0.299,0.363,97.3
0.515,0.361,97.3
0.531,0.353,97.3
0.433,0.352,97.3
0.302,0.349,97.3
0.132,0.345,97.3
0.001,0.413,97.3
0.0,0.489,97.3
0.0,0.498,97.3
0.0,0.466,97.3
0.0,0.457,97.3
0.0,0.447,97.3
0.0,0.421,97.3
0.0,0.4,97.3
0.0,0.391,97.3
0.0,0.381,97.3
0.0,0.371,97.3
0.0,0.363,97.3
0.0,0.362,97.3
0.0,0.36,97.3
0.0,0.348,97.3
0.026,0.35,97.3
0.138,0.352,97.3
0.179,0.367,97.3
0.377,0.474,97.3
0.491,0.575,97.3
0.48,0.628,97.3
0.426,0.645,97.3
0.3,0.609,97.3
0.116,0.58,97.3
0.002,0.627,97.3
0.0,0.674,97.3
0.0,0.604,97.3
0.0,0.591,97.3
0.0,0.601,97.3
0.0,0.603,97.3
0.0,0.675,97.3
0.0,0.653,97.3
0.0,0.669,97.3
0.0,0.619,97.3
0.0,0.593,97.3
0.0,0.578,97.3
0.0,0.569,97.3
0.0,0.558,97.3
0.0,0.557,97.3
0.083,0.552,97.3
0.286,0.589,97.3
0.452,0.617,97.3
0.545,0.67,97.3
0.579,0.7,97.3
0.53,0.705,97.3
0.465,0.689,97.3
0.34,0.659,97.3
0.162,0.601,97.3
0.003,0.568,97.3
0.0,0.574,97.3
0.0,0.523,97.3
0.0,0.486,97.3
0.0,0.469,97.3
0.0,0.464,97.3
0.0,0.464,97.3
0.0,0.471,97.3
0.0,0.474,97.3
0.0,0.472,97.3
0.0,0.459,97.3
0.0,0.444,97.3
0.0,0.428,97.3
0.0,0.41,97.3
0.0,0.402,97.3
0.05,0.407,97.3
0.306,0.39,97.3
0.474,0.442,97.3
0.571,0.466,97.3
0.607,0.526,97.3
0.589,0.555,97.3
0.517,0.552,97.3
0.39,0.542,97.3
0.207,0.568,97.3
0.004,0.615,97.3
0.0,0.642,97.3
0.0,0.647,97.3
0.0,0.641,97.3
0.0,0.635,97.3
0.0,0.638,97.3
0.0,0.618,97.3
0.0,0.586,97.3
0.0,0.591,97.3
0.0,0.612,97.3
0.0,0.626,97.3
0.0,0.635,97.3
0.0,0.644,97.3
0.0,0.647,97.3
0.0,0.66,97.3
0.066,0.658,97.3
0.257,0.649,97.3
0.42,0.746,97.3
0.514,0.819,97.3
0.546,0.829,97.3
0.474,0.824,97.3
0.237,0.823,97.3
0.07,0.825,97.3
0.011,0.819,97.3
0.0,0.779,97.3
0.0,0.737,97.3
0.0,0.693,97.3
0.0,0.672,97.3
0.0,0.61,97.3
0.0,0.523,97.3
0.0,0.457,97.3
0.0,0.414,97.3
0.0,0.423,97.3
0.0,0.446,97.3
0.0,0.444,97.3
0.0,0.457,97.3
0.0,0.45,97.3
0.0,0.47,97.3
0.0,0.544,97.3
0.0,0.67,97.3
0.004,0.785,97.3
0.014,0.868,97.3
0.023,0.905,97.3
0.047,0.89,97.3
0.138,0.841,97.3
0.174,0.755,97.3
0.06,0.682,97.3
0.015,0.624,97.3
0.0,0.59,97.3
0.0,0.504,97.3
0.0,0.418,97.3
0.0,0.395,97.3
0.0,0.404,97.3
0.0,0.408,97.3
0.0,0.413,97.3
0.0,0.404,97.3
0.0,0.398,97.3
0.0,0.395,97.3
0.0,0.391,97.3
0.0,0.407,97.3
0.0,0.432,97.3
0.0,0.453,97.3
0.0,0.491,97.3
0.007,0.515,97.3
0.039,0.525,97.3
0.068,0.566,97.3
0.099,0.64,97.3
0.121,0.705,97.3
0.146,0.798,97.3
0.068,0.857,97.3
0.02,0.84,97.3
0.004,0.841,97.3
0.0,0.812,97.3
0.0,0.821,97.3
0.0,0.675,97.3
0.0,0.624,97.3
0.0,0.63,97.3
0.0,0.634,97.3
0.0,0.663,97.3
0.0,0.682,97.3
0.0,0.7,97.3
0.0,0.707,97.3
0.0,0.701,97.3
0.0,0.702,97.3
0.0,0.713,97.3
0.0,0.709,97.3
0.0,0.704,97.3
0.006,0.704,97.3
0.055,0.727,97.3
0.117,0.75,97.3
0.214,0.765,97.3
0.281,0.784,97.3
0.293,0.788,97.3
0.223,0.773,97.3
0.122,0.725,97.3
0.038,0.651,97.3
0.0,0.586,97.3
0.0,0.549,97.3
0.0,0.522,97.3
0.0,0.498,97.3
0.0,0.46,97.3
0.0,0.422,97.3
0.0,0.396,97.3
0.0,0.355,97.3
0.0,0.325,97.3
0.0,0.266,97.3
0.0,0.233,97.3
0.0,0.222,97.3
0.0,0.238,97.3
0.0,0.245,97.3
0.0,0.234,97.3
0.0,0.227,97.3
0.017,0.228,97.3
0.038,0.223,97.3
0.062,0.206,97.3
0.094,0.182,97.3
0.112,0.16,97.3
0.112,0.154,97.3
0.093,0.147,97.3
0.035,0.161,97.3
0.0,0.198,97.3
0.0,0.2,97.3
0.0,0.184,97.3
0.0,0.163,97.3
0.0,0.144,97.3
0.0,0.126,97.3
0.0,0.103,97.3
0.0,0.078,97.3
0.0,0.059,97.3
0.0,0.046,97.3
0.0,0.033,97.3
0.0,0.022,97.3
0.0,0.016,97.3
0.0,0.013,97.3
0.0,0.012,97.3
0.013,0.012,97.3
0.082,0.008,97.3
0.164,0.004,97.3
0.247,0.005,97.3
0.335,0.011,97.3
0.28,0.024,97.3
0.185,0.034,97.3
0.084,0.038,97.3
0.019,0.034,97.3
0.0,0.021,97.3
0.0,0.009,97.3
0.0,0.005,97.3
0.0,0.012,97.3
0.0,0.034,97.3
0.0,0.063,97.3
0.0,0.091,97.3
0.0,0.126,97.3
0.0,0.178,97.3
0.0,0.247,97.3
0.0,0.322,97.3
0.0,0.371,97.3
0.0,0.391,97.3
0.0,0.386,97.3
0.0,0.355,97.3
0.0,0.3,97.3
0.029,0.244,97.3
0.047,0.198,97.3
0.072,0.181,97.3
0.123,0.192,97.3
0.174,0.239,97.3
0.215,0.312,97.3
0.15,0.362,97.3
0.037,0.407,97.3
0.0,0.466,97.3
0.0,0.472,97.3
0.0,0.47,97.3
0.0,0.466,97.3
0.0,0.466,97.3
0.0,0.459,97.3
0.0,0.431,97.3
0.0,0.401,97.3
0.0,0.387,97.3
0.0,0.347,97.3
0.0,0.326,97.3
0.0,0.297,97.3
0.0,0.241,97.3
0.0,0.234,97.3
0.0,0.246,97.3
0.006,0.253,97.3
0.06,0.251,97.3
0.146,0.235,97.3
0.217,0.235,97.3
0.335,0.278,97.3
0.381,0.313,97.3
0.296,0.328,97.3
0.165,0.316,97.3
0.066,0.325,97.3
0.0,0.364,97.3
0.0,0.391,97.3
0.0,0.413,97.3
0.0,0.44,97.3
0.0,0.464,97.3
0.0,0.473,97.3
0.0,0.467,97.3
0.0,0.458,97.3
0.0,0.442,97.3
0.0,0.428,97.3
0.0,0.439,97.3
0.0,0.431,97.3
0.0,0.425,97.3
0.0,0.444,97.3
0.0,0.464,97.3
0.0,0.501,97.3
0.01,0.516,97.3
0.037,0.519,97.3
0.09,0.528,97.3
0.171,0.613,97.3
0.18,0.671,97.3
0.111,0.668,97.3
0.038,0.649,97.3
0.003,0.693,97.3
0.0,0.758,97.3
0.0,0.79,97.3
0.0,0.827,97.3
0.0,0.848,97.3
0.0,0.886,97.3
0.0,0.887,97.3
0.0,0.881,97.3
0.0,0.861,97.3
0.0,0.806,97.3
0.0,0.768,97.3
0.0,0.752,97.3
0.0,0.72,97.3
0.0,0.71,97.3
0.0,0.709,97.3
0.0,0.726,97.3
0.003,0.724,97.3
0.141,0.727,97.3
0.307,0.741,97.3
0.424,0.795,97.3
0.503,0.798,97.3
0.488,0.791,97.3
0.412,0.774,97.3
0.273,0.741,97.3
0.083,0.682,97.3
0.0,0.652,97.3
0.0,0.635,97.3
0.0,0.601,97.3
0.0,0.566,97.3
0.0,0.532,97.3
0.0,0.495,97.3
0.0,0.466,97.3
0.0,0.421,97.3
0.0,0.352,97.3
0.0,0.29,97.3
0.0,0.259,97.3
0.0,0.246,97.3
0.0,0.235,97.3
0.0,0.219,97.3
0.0,0.199,97.3
0.012,0.179,97.3
0.098,0.165,97.3
0.207,0.131,97.3
0.228,0.111,97.3
0.26,0.1,97.3
0.272,0.095,97.3
0.198,0.084,97.3
0.134,0.078,97.3
0.06,0.08,97.3
0.0,0.072,97.3
0.0,0.076,97.3
0.0,0.093,97.3
0.0,0.117,97.3
0.0,0.155,97.3
0.0,0.217,97.3
0.0,0.287,97.3
0.0,0.345,97.3
0.0,0.385,97.3
0.0,0.4,97.3
0.0,0.376,97.3
0.0,0.328,97.3
0.0,0.31,97.3
0.0,0.302,97.3
0.0,0.323,97.3
0.0,0.337,97.3
0.039,0.341,97.3
0.127,0.392,97.3
0.227,0.404,97.3
0.219,0.386,97.3
0.184,0.345,97.3
0.144,0.291,97.3
0.084,0.24,97.3
0.022,0.241,97.3
0.0,0.302,97.3
0.0,0.339,97.3
0.0,0.344,97.3
0.0,0.317,97.3
0.0,0.309,97.3
0.0,0.323,97.3
0.0,0.332,97.3
0.0,0.315,97.3
0.0,0.292,97.3
0.0,0.289,97.3
0.0,0.306,97.3
0.0,0.337,97.3
0.0,0.334,97.3
0.0,0.294,97.3
0.0,0.259,97.3
0.002,0.233,97.3
0.062,0.171,97.3
0.137,0.138,97.3
0.183,0.121,97.3
0.204,0.121,97.3
0.191,0.123,97.3
0.129,0.115,97.3
0.063,0.104,97.3
0.01,0.111,97.3
0.0,0.138,97.3
0.0,0.17,97.3
0.0,0.196,97.3
0.0,0.212,97.3
0.0,0.23,97.3
0.0,0.228,97.3
0.0,0.214,97.3
0.0,0.198,97.3
0.0,0.187,97.3
0.0,0.181,97.3
0.0,0.183,97.3
0.0,0.183,97.3
0.0,0.167,97.3
0.0,0.141,97.3
0.0,0.128,97.3
0.0,0.13,97.3
0.029,0.126,97.3
0.081,0.106,97.3
0.121,0.085,97.3
0.145,0.074,97.3
0.143,0.075,97.3
0.115,0.084,97.3
0.06,0.104,97.3
0.011,0.145,97.3
0.0,0.207,97.3
0.0,0.249,97.3
0.0,0.27,97.3
0.0,0.278,97.3
0.0,0.281,97.3
0.0,0.289,97.3
0.0,0.308,97.3
0.0,0.315,97.3
0.0,0.285,97.3
0.0,0.235,97.3
0.0,0.201,97.3
0.0,0.194,97.3
0.0,0.225,97.3
0.0,0.263,97.3
0.0,0.278,97.3
0.0,0.283,97.3
0.057,0.315,97.3
0.204,0.358,97.3
0.347,0.379,97.3
0.3,0.413,97.3
0.196,0.476,97.3
0.11,0.488,97.3
0.078,0.497,97.3
0.043,0.562,97.3
0.0,0.622,97.3
0.0,0.692,97.3
0.0,0.729,97.3
0.0,0.719,97.3
0.0,0.666,97.3
0.0,0.633,97.3
0.0,0.655,97.3
0.0,0.653,97.3
0.0,0.613,97.3
0.0,0.586,97.3
0.0,0.535,97.3
0.0,0.454,97.3
0.0,0.401,97.3
0.0,0.345,97.3
0.0,0.303,97.3
0.0,0.25,97.3
0.065,0.196,97.3
0.16,0.153,97.3
0.222,0.154,97.3
0.259,0.179,97.3
0.241,0.196,97.3
0.167,0.188,97.3
0.096,0.155,97.3
0.02,0.161,97.3
0.0,0.171,97.3
0.0,0.159,97.3
0.0,0.135,97.3
0.0,0.109,97.3
0.0,0.084,97.3
0.0,0.068,97.3
0.0,0.067,97.3
0.0,0.076,97.3
0.0,0.102,97.3
0.0,0.144,97.3
0.0,0.194,97.3
0.0,0.217,97.3
0.0,0.223,97.3
0.0,0.23,97.3
0.0,0.229,97.3
0.0,0.217,97.3
0.058,0.164,97.3
0.159,0.122,97.3
0.245,0.145,97.3
0.285,0.167,97.3
0.278,0.175,97.3
0.231,0.191,97.3
0.131,0.214,97.3
0.027,0.264,97.3
0.0,0.334,97.3
0.0,0.343,97.3
0.0,0.317,97.3
0.0,0.293,97.3
0.0,0.278,97.3
0.0,0.261,97.3
0.0,0.246,97.3
0.0,0.235,97.3
0.0,0.223,97.3
0.0,0.208,97.3
0.0,0.191,97.3
0.0,0.175,97.3
0.0,0.159,97.3
0.0,0.148,97.3
0.0,0.14,97.3
0.0,0.131,97.3
0.034,0.097,97.3
0.089,0.085,97.3
0.116,0.084,97.3
0.122,0.083,97.3
0.109,0.084,97.3
0.08,0.084,97.3
0.038,0.086,97.3
0.002,0.094,97.3
0.0,0.106,97.3
0.0,0.118,97.3
0.0,0.126,97.3
0.0,0.127,97.3
0.0,0.118,97.3
0.0,0.101,97.3
0.0,0.077,97.3
0.0,0.059,97.3
0.0,0.053,97.3
0.0,0.053,97.3
0.0,0.051,97.3
0.0,0.043,97.3
0.0,0.035,97.3
0.0,0.03,97.3
0.0,0.024,97.3
0.0,0.017,97.3
0.057,0.011,97.3
0.141,0.008,97.3
0.235,0.01,97.3
0.307,0.013,97.3
0.259,0.018,97.3
0.206,0.024,97.3
0.089,0.028,97.3
0.009,0.031,97.3
0.0,0.03,97.3
0.0,0.038,97.3
0.0,0.069,97.3
0.0,0.126,97.3
0.0,0.195,97.3
0.0,0.252,97.3
0.0,0.276,97.3
0.0,0.289,97.3
0.0,0.319,97.3
0.0,0.343,97.3
0.0,0.367,97.3
0.0,0.376,97.3
0.0,0.363,97.3
0.0,0.376,97.3
0.0,0.361,97.3
0.0,0.345,97.3
0.025,0.329,97.3
0.108,0.325,97.3
0.257,0.364,97.3
0.418,0.394,97.3
0.417,0.379,97.3
0.263,0.4,97.3
0.187,0.393,97.3
0.042,0.382,97.3
0.0,0.423,97.3
0.0,0.42,97.3
0.0,0.413,97.3
0.0,0.437,97.3
0.0,0.452,97.3
0.0,0.436,97.3
0.0,0.434,97.3
0.0,0.441,97.3
0.0,0.451,97.3
0.0,0.481,97.3
0.0,0.479,97.3
0.0,0.454,97.3
0.0,0.447,97.3
0.0,0.459,97.3
0.0,0.46,97.3
0.0,0.447,97.3
0.051,0.442,97.3
0.216,0.464,97.3
0.366,0.534,97.3
0.444,0.603,97.3
0.394,0.63,97.3
0.266,0.61,97.3
0.136,0.566,97.3
0.021,0.544,97.3
0.0,0.524,97.3
0.0,0.517,97.3
0.0,0.506,97.3
0.0,0.498,97.3
0.0,0.49,97.3
0.0,0.483,97.3
0.0,0.481,97.3
0.0,0.479,97.3
0.0,0.48,97.3
0.0,0.468,97.3
0.0,0.461,97.3
0.0,0.446,97.3
0.0,0.438,97.3
0.0,0.442,97.3
0.0,0.44,97.3
0.001,0.425,97.3
0.137,0.369,97.3
0.287,0.294,97.3
0.34,0.304,97.3
0.261,0.339,97.3
0.192,0.333,97.3
0.107,0.301,97.3
0.057,0.267,97.3
0.006,0.272,97.3
0.0,0.293,97.3
0.0,0.286,97.3
0.0,0.27,97.3
0.0,0.258,97.3
0.0,0.249,97.3
0.0,0.241,97.3
0.0,0.234,97.3
0.0,0.234,97.3
0.0,0.243,97.3
0.0,0.252,97.3
0.0,0.26,97.3
0.0,0.26,97.3
0.0,0.259,97.3
0.0,0.262,97.3
0.0,0.278,97.3
0.0,0.286,97.3
0.018,0.267,97.3
0.045,0.252,97.3
0.068,0.26,97.3
0.084,0.31,97.3
0.067,0.346,97.3
0.04,0.336,97.3
0.015,0.31,97.3
0.0,0.3,97.3
0.0,0.303,97.3
0.0,0.302,97.3
0.0,0.307,97.3
0.0,0.32,97.3
0.0,0.32,97.3
0.0,0.311,97.3
0.0,0.313,97.3
0.0,0.328,97.3
0.0,0.341,97.3
0.0,0.33,97.3
0.0,0.294,97.3
0.0,0.29,97.3
0.0,0.362,97.3
0.0,0.425,97.3
0.0,0.457,97.3
0.0,0.494,97.3
0.099,0.487,97.3
0.254,0.435,97.3
0.362,0.419,97.3
0.393,0.484,97.3
0.323,0.501,97.3
0.197,0.506,97.3
0.082,0.513,97.3
0.007,0.538,97.3
0.0,0.57,97.3
0.0,0.596,97.3
0.0,0.591,97.3
0.0,0.578,97.3
0.0,0.563,97.3
0.0,0.541,97.3
0.0,0.519,97.3
0.0,0.507,97.3
0.0,0.501,97.3
0.0,0.485,97.3
0.0,0.479,97.3
0.0,0.464,97.3
0.0,0.412,97.3
0.0,0.337,97.3
0.0,0.264,97.3
0.0,0.2,97.3
0.076,0.151,97.3
0.292,0.097,97.3
0.453,0.063,97.3
0.487,0.05,97.3
0.456,0.061,97.3
0.375,0.071,97.3
0.238,0.084,97.3
0.041,0.113,97.3
0.0,0.146,97.3
0.0,0.167,97.3
0.0,0.168,97.3
0.0,0.157,97.3
0.0,0.126,97.3
0.0,0.086,97.3
0.0,0.051,97.3
0.0,0.03,97.3
0.0,0.025,97.3
0.0,0.032,97.3
0.0,0.049,97.3
0.0,0.065,97.3
0.0,0.073,97.3
0.0,0.078,97.3
0.0,0.08,97.3
0.0,0.078,97.3
0.026,0.075,97.3
0.082,0.061,97.3
0.139,0.045,97.3
0.185,0.046,97.3
0.224,0.051,97.3
0.199,0.051,97.3
0.132,0.051,97.3
0.022,0.055,97.3
0.0,0.055,97.3
0.0,0.047,97.3
0.0,0.035,97.3
0.0,0.023,97.3
0.0,0.017,97.3
0.0,0.018,97.3
0.0,0.025,97.3
0.0,0.038,97.3
0.0,0.05,97.3
0.0,0.057,97.3
0.0,0.061,97.3
0.0,0.067,97.3
0.0,0.073,97.3
0.0,0.085,97.3
0.0,0.101,97.3
0.0,0.122,97.3
0.027,0.143,97.3
0.1,0.141,97.3
0.16,0.135,97.3
0.185,0.133,97.3
0.161,0.118,97.3
0.106,0.097,97.3
0.047,0.087,97.3
0.0,0.095,97.3
0.0,0.112,97.3
0.0,0.133,97.3
0.0,0.155,97.3
0.0,0.163,97.3
0.0,0.155,97.3
0.0,0.131,97.3
0.0,0.105,97.3
0.0,0.09,97.3
0.0,0.084,97.3
0.0,0.077,97.3
0.0,0.068,97.3
0.0,0.06,97.3
0.0,0.054,97.3
0.0,0.055,97.3
0.0,0.066,97.3
0.0,0.094,97.3
0.014,0.133,97.3
0.064,0.177,97.3
0.127,0.241,97.3
0.221,0.298,97.3
0.315,0.369,97.3
0.296,0.447,97.3
0.144,0.47,97.3
0.011,0.454,97.3
0.0,0.421,97.3
0.0,0.383,97.3
0.0,0.364,97.3
0.0,0.371,97.3
0.0,0.362,97.3
0.0,0.37,97.3
0.0,0.408,97.3
0.0,0.439,97.3
0.0,0.448,97.3
0.0,0.42,97.3
0.0,0.401,97.3
0.0,0.41,97.3
0.0,0.442,97.3
0.0,0.505,97.3
0.0,0.565,97.3
0.0,0.615,97.3
0.015,0.642,97.3
0.036,0.686,97.3
0.037,0.77,97.3
0.031,0.82,97.3
0.02,0.809,97.3
0.005,0.741,97.3
0.0,0.593,97.3
0.0,0.464,97.3
0.0,0.376,97.3
0.0,0.358,97.3
0.0,0.358,97.3
0.0,0.374,97.3
0.0,0.374,97.3
0.0,0.364,97.3
0.0,0.312,97.3
0.0,0.238,97.3
0.0,0.18,97.3
0.0,0.134,97.3
0.0,0.106,97.3
0.0,0.09,97.3
0.0,0.074,97.3
0.0,0.059,97.3
0.0,0.055,97.3
0.0,0.065,97.3
0.028,0.089,97.3
0.058,0.131,97.3
0.091,0.182,97.3
0.074,0.249,97.3
0.046,0.294,97.3
0.022,0.289,97.3
0.003,0.253,97.3
0.0,0.172,97.3
0.0,0.105,97.3
0.0,0.095,97.3
0.0,0.106,97.3
0.0,0.112,97.3
0.0,0.124,97.3
0.0,0.155,97.3
0.0,0.205,97.3
0.0,0.255,97.3
0.0,0.3,97.3
0.0,0.32,97.3
0.0,0.312,97.3
0.0,0.3,97.3
0.0,0.28,97.3
0.0,0.245,97.3
0.0,0.236,97.3
0.0,0.274,97.3
0.001,0.341,97.3
0.014,0.388,97.3
0.024,0.388,97.3
0.034,0.374,97.3
0.046,0.345,97.3
0.051,0.326,97.3
0.025,0.328,97.3
0.0,0.345,97.3
0.0,0.373,97.3
0.0,0.385,97.3
0.0,0.379,97.3
0.0,0.371,97.3
0.0,0.371,97.3
0.0,0.364,97.3
0.0,0.352,97.3
0.0,0.371,97.3
0.0,0.416,97.3
0.0,0.459,97.3
0.0,0.499,97.3
0.0,0.566,97.3
0.0,0.637,97.3
0.0,0.685,97.3
0.0,0.726,97.3
0.0,0.734,97.3
0.016,0.712,97.3
0.049,0.654,97.3
0.078,0.552,97.3
0.082,0.425,97.3
0.092,0.374,97.3
0.071,0.399,97.3
0.029,0.462,97.3
0.0,0.516,97.3
0.0,0.529,97.3
0.0,0.535,97.3
0.0,0.558,97.3
0.0,0.61,97.3
0.0,0.648,97.3
0.0,0.695,97.3
0.0,0.704,97.3
0.0,0.725,97.3
0.0,0.774,97.3
0.0,0.806,97.3
0.0,0.831,97.3
0.0,0.854,97.3
0.0,0.86,97.3
0.0,0.857,97.3
0.0,0.844,97.3
0.0,0.831,97.3
0.0,0.813,97.3
0.011,0.781,97.3
0.016,0.76,97.3
0.032,0.737,97.3
0.042,0.7,97.3
0.047,0.66,97.3
0.019,0.586,97.3
0.0,0.506,97.3
0.0,0.424,97.3
0.0,0.437,97.3
0.0,0.494,97.3
0.0,0.556,97.3
0.0,0.601,97.3
0.0,0.635,97.3
0.0,0.683,97.3
0.0,0.739,97.3
0.0,0.791,97.3
0.0,0.842,97.3
0.0,0.944,97.3
0.0,0.964,97.3
0.0,0.966,97.3
0.0,0.954,97.3
0.0,0.921,97.3
0.0,0.903,97.3
0.014,0.902,97.3
0.061,0.913,97.3
0.043,0.916,97.3
0.049,0.905,97.3
0.051,0.881,97.3
0.046,0.862,97.3
0.032,0.827,97.3
0.0,0.784,97.3
0.0,0.729,97.3
0.0,0.682,97.3
0.0,0.639,97.3
0.0,0.581,97.3
0.0,0.52,97.3
0.0,0.433,97.3
0.0,0.425,97.3
0.0,0.519,97.3
0.0,0.586,97.3
0.0,0.665,97.3
0.0,0.728,97.3
0.0,0.731,97.3
0.0,0.727,97.3
0.0,0.686,97.3
0.0,0.62,97.3
0.0,0.593,97.3
0.002,0.516,97.3
0.025,0.425,97.3
0.061,0.379,97.3
0.097,0.4,97.3
0.095,0.422,97.3
0.062,0.434,97.3
0.034,0.391,97.3
0.0,0.349,97.3
0.0,0.294,97.3
0.0,0.2,97.3
0.0,0.106,97.3
0.0,0.051,97.3
0.0,0.045,97.3
0.0,0.057,97.3
0.0,0.074,97.3
0.0,0.117,97.3
0.0,0.168,97.3
0.0,0.252,97.3
0.0,0.367,97.3
0.0,0.466,97.3
0.0,0.561,97.3
0.0,0.604,97.3
0.0,0.622,97.3
0.0,0.597,97.3
0.017,0.642,97.3
0.051,0.69,97.3
0.052,0.791,97.3
0.06,0.866,97.3
0.032,0.899,97.3
0.007,0.88,97.3
0.0,0.841,97.3
0.0,0.779,97.3
0.0,0.697,97.3
0.0,0.607,97.3
0.0,0.528,97.3
0.0,0.46,97.3
0.0,0.376,97.3
0.0,0.278,97.3
0.0,0.234,97.3
0.0,0.223,97.3
0.0,0.201,97.3
0.0,0.187,97.3
0.0,0.18,97.3
0.0,0.186,97.3
0.0,0.183,97.3
0.0,0.174,97.3
0.0,0.172,97.3
0.0,0.169,97.3
0.001,0.154,97.3
0.016,0.13,97.3
0.023,0.12,97.3
0.025,0.12,97.3
0.025,0.149,97.3
0.018,0.269,97.3
0.004,0.441,97.3
0.0,0.561,97.3
0.0,0.601,97.3
0.0,0.655,97.3
0.0,0.669,97.3
0.0,0.657,97.3
0.0,0.641,97.3
0.0,0.615,97.3
0.0,0.571,97.3
0.0,0.525,97.3
0.0,0.514,97.3
0.0,0.475,97.3
0.0,0.41,97.3
0.0,0.347,97.3
0.0,0.315,97.3
0.0,0.235,97.3
0.0,0.168,97.3
0.0,0.126,97.3
0.0,0.1,97.3
0.028,0.064,97.3
0.063,0.047,97.3
0.084,0.035,97.3
0.08,0.027,97.3
0.045,0.03,97.3
0.012,0.046,97.3
0.0,0.072,97.3
0.0,0.088,97.3
0.0,0.101,97.3
0.0,0.122,97.3
0.0,0.144,97.3
0.0,0.155,97.3
0.0,0.153,97.3
0.0,0.143,97.3
0.0,0.153,97.3
0.0,0.149,97.3
0.0,0.093,97.3
0.0,0.047,97.3
0.0,0.029,97.3
0.0,0.031,97.3
0.0,0.039,97.3
0.0,0.05,97.3
0.0,0.084,97.3
0.014,0.138,97.3
0.074,0.189,97.3
0.174,0.256,97.3
0.128,0.353,97.3
0.07,0.409,97.3
0.034,0.434,97.3
0.013,0.488,97.3
0.0,0.567,97.3
0.0,0.638,97.3
0.0,0.726,97.3
0.0,0.759,97.3
0.0,0.672,97.3
0.0,0.413,97.3
0.0,0.477,97.3
0.0,0.717,97.3
0.0,0.792,97.3
0.0,0.8,97.3
0.0,0.737,97.3
0.0,0.648,97.3
0.0,0.583,97.3
0.0,0.502,97.3
0.0,0.416,97.3
0.0,0.406,97.3
0.0,0.402,97.3
0.019,0.38,97.3
0.072,0.391,97.3
0.13,0.389,97.3
0.139,0.422,97.3
0.095,0.435,97.3
0.058,0.536,97.3
0.038,0.66,97.3
0.0,0.729,97.3
0.0,0.781,97.3
0.0,0.81,97.3
0.0,0.853,97.3
0.0,0.893,97.3
0.0,0.928,97.3
0.0,0.931,97.3
0.0,0.867,97.3
0.0,0.759,97.3
0.0,0.672,97.3
0.0,0.628,97.3
0.0,0.615,97.3
0.0,0.676,97.3
0.0,0.72,97.3
0.0,0.717,97.3
0.0,0.72,97.3
0.0,0.74,97.3
0.01,0.733,97.3
0.07,0.722,97.3
0.128,0.72,97.3
0.134,0.758,97.3
0.105,0.74,97.3
0.065,0.724,97.3
0.032,0.71,97.3
0.0,0.679,97.3
0.0,0.633,97.3
0.0,0.595,97.3
0.0,0.539,97.3
0.0,0.479,97.3
0.0,0.486,97.3
0.0,0.415,97.3
0.0,0.379,97.3
0.0,0.379,97.3
0.0,0.37,97.3
0.0,0.386,97.3
0.0,0.395,97.3
0.0,0.38,97.3
0.0,0.372,97.3
0.0,0.382,97.3
0.0,0.393,97.3
0.0,0.387,97.3
0.0,0.364,97.3
0.014,0.354,97.3
0.04,0.305,97.3
0.042,0.264,97.3
0.031,0.273,97.3
0.018,0.298,97.3
0.006,0.343,97.3
0.0,0.391,97.3
0.0,0.407,97.3
0.0,0.397,97.3
0.0,0.398,97.3
0.0,0.418,97.3
0.0,0.443,97.3
0.0,0.484,97.3
0.0,0.481,97.3
0.0,0.512,97.3
0.0,0.59,97.3
0.0,0.629,97.3
0.0,0.706,97.3
0.0,0.746,97.3
0.0,0.737,97.3
0.0,0.71,97.3
0.0,0.659,97.3
0.0,0.594,97.3
0.0,0.481,97.3
0.009,0.388,97.3
0.025,0.272,97.3
0.036,0.152,97.3
0.031,0.075,97.3
0.017,0.065,97.3
0.002,0.113,97.3
0.0,0.179,97.3
0.0,0.204,97.3
0.0,0.18,97.3
0.0,0.133,97.3
0.0,0.086,97.3
0.0,0.064,97.3
0.0,0.063,97.3
0.0,0.073,97.3
0.0,0.09,97.3
0.0,0.114,97.3
0.0,0.138,97.3
0.0,0.158,97.3
0.0,0.166,97.3
0.0,0.155,97.3
0.0,0.155,97.3
0.0,0.187,97.3
0.0,0.238,97.3
0.001,0.282,97.3
0.036,0.307,97.3
0.095,0.308,97.3
0.156,0.298,97.3
0.208,0.264,97.3
0.19,0.22,97.3
0.076,0.215,97.3
0.0,0.249,97.3
0.0,0.306,97.3
0.0,0.368,97.3
0.0,0.403,97.3
0.0,0.417,97.3
0.0,0.433,97.3
0.0,0.43,97.3
0.0,0.443,97.3
0.0,0.499,97.3
0.0,0.571,97.3
0.0,0.614,97.3
0.0,0.623,97.3
0.0,0.63,97.3
0.0,0.613,97.3
0.0,0.583,97.3
0.0,0.558,97.3
0.0,0.538,97.3
0.0,0.519,97.3
0.02,0.488,97.3
0.052,0.469,97.3
0.056,0.468,97.3
0.039,0.466,97.3
0.021,0.505,97.3
0.003,0.532,97.3
0.0,0.568,97.3
0.0,0.567,97.3
0.0,0.541,97.3
0.0,0.502,97.3
0.0,0.491,97.3
0.0,0.51,97.3
0.0,0.55,97.3
0.0,0.55,97.3
0.0,0.564,97.3
0.0,0.591,97.3
0.0,0.59,97.3
0.0,0.571,97.3
0.0,0.553,97.3
0.0,0.541,97.3
0.0,0.504,97.3
0.0,0.491,97.3
0.0,0.501,97.3
0.003,0.464,97.3
0.034,0.422,97.3
0.059,0.415,97.3
0.069,0.402,97.3
0.061,0.405,97.3
0.043,0.42,97.3
0.016,0.43,97.3
0.0,0.464,97.3
0.0,0.49,97.3
0.0,0.493,97.3
0.0,0.495,97.3
0.0,0.498,97.3
0.0,0.482,97.3
0.0,0.452,97.3
0.0,0.407,97.3
0.0,0.372,97.3
0.0,0.388,97.3
0.0,0.397,97.3
0.0,0.367,97.3
0.0,0.365,97.3
0.0,0.386,97.3
0.0,0.391,97.3
0.0,0.386,97.3
0.0,0.379,97.3
0.0,0.378,97.3
0.013,0.371,97.3
0.03,0.323,97.3
0.034,0.367,97.3
0.03,0.367,97.3
0.017,0.358,97.3
0.0,0.394,97.3
0.0,0.433,97.3
0.0,0.472,97.3
0.0,0.477,97.3
0.0,0.476,97.3
0.0,0.466,97.3
0.0,0.482,97.3
0.0,0.503,97.3
0.0,0.447,97.3
0.0,0.473,97.3
0.0,0.501,97.3
0.0,0.501,97.3
0.0,0.491,97.3
0.0,0.489,97.3
0.0,0.467,97.3
0.0,0.448,97.3
0.0,0.434,97.3
0.0,0.425,97.3
0.001,0.405,97.3
0.023,0.398,97.3
0.037,0.376,97.3
0.045,0.374,97.3
0.032,0.364,97.3
0.02,0.364,97.3
0.006,0.334,97.3
0.0,0.328,97.3
0.0,0.317,97.3
0.0,0.32,97.3
0.0,0.328,97.3
0.0,0.328,97.3
0.0,0.32,97.3
0.0,0.296,97.3
0.0,0.269,97.3
0.0,0.241,97.3
0.0,0.213,97.3
0.0,0.181,97.3
0.0,0.153,97.3
0.0,0.138,97.3
0.0,0.134,97.3
0.0,0.128,97.3
0.0,0.115,97.3
0.0,0.1,97.3
0.053,0.083,97.3
0.197,0.068,97.3
0.313,0.042,97.3
0.387,0.028,97.3
0.387,0.025,97.3
0.299,0.028,97.3
0.142,0.041,97.3
0.0,0.057,97.3
0.0,0.07,97.3
0.0,0.081,97.3
0.0,0.084,97.3
0.0,0.075,97.3
0.0,0.059,97.3
0.0,0.044,97.3
0.0,0.032,97.3
0.0,0.023,97.3
0.0,0.017,97.3
0.0,0.012,97.3
0.0,0.011,97.3
0.0,0.014,97.3
0.0,0.02,97.3
0.0,0.028,97.3
0.0,0.043,97.3
0.0,0.068,97.3
0.0,0.099,97.3
0.009,0.118,97.3
0.028,0.111,97.3
0.037,0.095,97.3
0.036,0.088,97.3
0.023,0.085,97.3
0.005,0.09,97.3
0.0,0.099,97.3
0.0,0.107,97.3
0.0,0.118,97.3
0.0,0.124,97.3
0.0,0.121,97.3
0.0,0.112,97.3
0.0,0.111,97.3
0.0,0.118,97.3
0.0,0.124,97.3
0.0,0.127,97.3
0.0,0.126,97.3
0.0,0.121,97.3
0.0,0.115,97.3
0.0,0.112,97.3
0.0,0.115,97.3
0.0,0.114,97.3
0.0,0.111,97.3
0.0,0.099,97.3
0.013,0.076,97.3
0.037,0.069,97.3
0.062,0.067,97.3
0.064,0.061,97.3
0.045,0.061,97.3
0.014,0.069,97.3
0.0,0.088,97.3
0.0,0.098,97.3
0.0,0.095,97.3
0.0,0.089,97.3
0.0,0.081,97.3
0.0,0.068,97.3
0.0,0.055,97.3
0.0,0.046,97.3
0.0,0.045,97.3
0.0,0.06,97.3
0.0,0.083,97.3
0.0,0.113,97.3
0.0,0.148,97.3
0.0,0.174,97.3
0.0,0.184,97.3
0.0,0.185,97.3
0.0,0.177,97.3
0.0,0.16,97.3
0.02,0.146,97.3
0.045,0.152,97.3
0.069,0.155,97.3
0.074,0.166,97.3
0.057,0.177,97.3
0.018,0.176,97.3
0.0,0.195,97.3
0.0,0.227,97.3
0.0,0.252,97.3
0.0,0.279,97.3
0.0,0.296,97.3
0.0,0.309,97.3
0.0,0.305,97.3
0.0,0.278,97.3
0.0,0.251,97.3
0.0,0.227,97.3
0.0,0.218,97.3
0.0,0.211,97.3
0.0,0.201,97.3
0.0,0.189,97.3
0.0,0.169,97.3
0.0,0.136,97.3
0.0,0.101,97.3
0.023,0.068,97.3
0.108,0.038,97.3
0.211,0.022,97.3
0.27,0.025,97.3
0.252,0.029,97.3
0.204,0.035,97.3
0.111,0.051,97.3
0.0,0.07,97.3
0.0,0.09,97.3
0.0,0.115,97.3
0.0,0.137,97.3
0.0,0.154,97.3
0.0,0.155,97.3
0.0,0.144,97.3
0.0,0.139,97.3
0.0,0.128,97.3
0.0,0.103,97.3
0.0,0.085,97.3
0.0,0.072,97.3
0.0,0.061,97.3
0.0,0.054,97.3
0.0,0.055,97.3
0.0,0.059,97.3
0.0,0.062,97.3
0.079,0.063,97.3
0.295,0.052,97.3
0.448,0.036,97.3
0.499,0.028,97.3
0.475,0.026,97.3
0.376,0.03,97.3
0.194,0.046,97.3
0.002,0.07,97.3
0.0,0.1,97.3
0.0,0.126,97.3
0.0,0.149,97.3
0.0,0.168,97.3
0.0,0.179,97.3
0.0,0.177,97.3
0.0,0.164,97.3
0.0,0.145,97.3
0.0,0.122,97.3
0.0,0.097,97.3
0.0,0.078,97.3
0.0,0.076,97.3
0.0,0.101,97.3
0.0,0.144,97.3
0.0,0.179,97.3
0.0,0.195,97.3
0.028,0.185,97.3
0.101,0.155,97.3
0.144,0.138,97.3
0.21,0.146,97.3
0.212,0.152,97.3
0.09,0.15,97.3
0.023,0.192,97.3
0.0,0.274,97.3
0.0,0.344,97.3
0.0,0.376,97.3
0.0,0.379,97.3
0.0,0.379,97.3
0.0,0.385,97.3
0.0,0.386,97.3
0.0,0.368,97.3
0.0,0.328,97.3
0.0,0.287,97.3
0.0,0.258,97.3
0.0,0.237,97.3
0.0,0.227,97.3
0.0,0.235,97.3
0.0,0.244,97.3
0.0,0.243,97.3
0.0,0.3,97.3
0.002,0.355,97.3
0.027,0.351,97.3
0.033,0.328,97.3
0.035,0.36,97.3
0.035,0.397,97.3
0.028,0.427,97.3
0.006,0.447,97.3
0.0,0.489,97.3
0.0,0.525,97.3
0.0,0.586,97.3
0.0,0.629,97.3
0.0,0.601,97.3
0.0,0.641,97.3
0.0,0.751,97.3
0.0,0.808,97.3
0.0,0.789,97.3
0.0,0.75,97.3
0.0,0.73,97.3
0.0,0.697,97.3
0.0,0.696,97.3
0.0,0.65,97.3
0.0,0.639,97.3
0.0,0.59,97.3
0.0,0.511,97.3
0.0,0.485,97.3
0.017,0.475,97.3
0.022,0.466,97.3
0.028,0.447,97.3
0.017,0.401,97.3
0.006,0.341,97.3
0.0,0.261,97.3
0.0,0.197,97.3
0.0,0.132,97.3
0.0,0.086,97.3
0.0,0.084,97.3
0.0,0.111,97.3
0.0,0.162,97.3
0.0,0.278,97.3
0.0,0.374,97.3
0.0,0.475,97.3
0.0,0.539,97.3
0.0,0.556,97.3
0.0,0.573,97.3
0.0,0.579,97.3
0.0,0.604,97.3
0.0,0.626,97.3
0.0,0.647,97.3
0.0,0.632,97.3
0.015,0.644,97.3
0.107,0.613,97.3
0.268,0.601,97.3
0.405,0.56,97.3
0.395,0.559,97.3
0.294,0.548,97.3
0.141,0.538,97.3
0.0,0.574,97.3
0.0,0.599,97.3
0.0,0.602,97.3
0.0,0.593,97.3
0.0,0.55,97.3
0.0,0.515,97.3
0.0,0.485,97.3
0.0,0.457,97.3
0.0,0.423,97.3
0.0,0.393,97.3
0.0,0.388,97.3
0.0,0.37,97.3
0.0,0.36,97.3
0.0,0.345,97.3
0.0,0.341,97.3
0.0,0.343,97.3
0.0,0.352,97.3
0.03,0.343,97.3
0.119,0.3,97.3
0.156,0.294,97.3
0.134,0.294,97.3
0.089,0.295,97.3
0.047,0.311,97.3
0.012,0.337,97.3
0.0,0.367,97.3
0.0,0.376,97.3
0.0,0.367,97.3
0.0,0.345,97.3
0.0,0.328,97.3
0.0,0.312,97.3
0.0,0.294,97.3
0.0,0.278,97.3
0.0,0.271,97.3
0.0,0.256,97.3
0.0,0.232,97.3
0.0,0.219,97.3
0.0,0.224,97.3
0.0,0.231,97.3
0.0,0.235,97.3
0.0,0.249,97.3
0.0,0.278,97.3
0.0,0.3,97.3
0.018,0.295,97.3
0.035,0.284,97.3
0.045,0.289,97.3
0.027,0.311,97.3
0.011,0.34,97.3
0.0,0.386,97.3
0.0,0.44,97.3
0.0,0.488,97.3
0.0,0.525,97.3
0.0,0.541,97.3
0.0,0.523,97.3
0.0,0.523,97.3
0.0,0.54,97.3
0.0,0.532,97.3
0.0,0.524,97.3
0.0,0.544,97.3
0.0,0.532,97.3
0.0,0.532,97.3
0.0,0.569,97.3
0.0,0.6,97.3
0.0,0.6,97.3
0.0,0.602,97.3
0.0,0.642,97.3
0.002,0.694,97.3
0.023,0.759,97.3
0.027,0.81,97.3
0.048,0.925,97.3
0.084,0.904,97.3
0.013,0.838,97.3
0.0,0.808,97.3
0.0,0.762,97.3
0.0,0.726,97.3
0.0,0.746,97.3
0.0,0.769,97.3
0.0,0.783,97.3
0.0,0.782,97.3
0.0,0.808,97.3
0.0,0.793,97.3
0.0,0.774,97.3
0.0,0.734,97.3
0.0,0.654,97.3
0.0,0.563,97.3
0.0,0.472,97.3
0.0,0.42,97.3
0.0,0.343,97.3
0.0,0.249,97.3
0.0,0.214,97.3
0.0,0.219,97.3
0.026,0.241,97.3
0.063,0.28,97.3
0.028,0.34,97.3
0.009,0.422,97.3
0.0,0.495,97.3
0.0,0.523,97.3
0.0,0.697,97.3
0.0,0.733,97.3
0.0,0.744,97.3
0.0,0.804,97.3
0.0,0.808,97.3
0.0,0.714,97.3
0.0,0.639,97.3
0.0,0.603,97.3
0.0,0.561,97.3
0.0,0.568,97.3
0.0,0.593,97.3
0.0,0.663,97.3
0.0,0.714,97.3
0.0,0.751,97.3
0.0,0.787,97.3
0.0,0.794,97.3
0.0,0.818,97.3
0.013,0.829,97.3
0.076,0.84,97.3
0.116,0.841,97.3
0.141,0.828,97.3
0.188,0.812,97.3
0.164,0.811,97.3
0.047,0.813,97.3
0.0,0.829,97.3
0.0,0.806,97.3
0.0,0.792,97.3
0.0,0.808,97.3
0.0,0.812,97.3
0.0,0.832,97.3
0.0,0.831,97.3
0.0,0.839,97.3
0.0,0.846,97.3
0.0,0.873,97.3
0.0,0.857,97.3
0.0,0.836,97.3
0.0,0.831,97.3
0.0,0.792,97.3
0.0,0.784,97.3
0.0,0.776,97.3
0.0,0.786,97.3
0.001,0.774,97.3
0.021,0.783,97.3
0.042,0.799,97.3
0.057,0.797,97.3
0.114,0.753,97.3
0.11,0.762,97.3
0.031,0.754,97.3
0.0,0.747,97.3
0.0,0.74,97.3
0.0,0.679,97.3
0.0,0.642,97.3
0.0,0.633,97.3
0.0,0.603,97.3
0.0,0.575,97.3
0.0,0.556,97.3
0.0,0.547,97.3
