solar_cf,wind_cf,price
0.0,0.086,96.8
0.0,0.084,96.8
0.0,0.079,96.8
0.0,0.081,96.8
0.0,0.086,96.8
0.0,0.091,96.8
0.0,0.095,96.8
0.0,0.093,96.8
0.033,0.084,96.8
0.122,0.063,96.8
0.243,0.052,96.8
0.32,0.062,96.8
0.339,0.071,96.8
0.24,0.067,96.8
0.1,0.068,96.8
0.0,0.076,96.8
0.0,0.089,96.8
0.0,0.105,96.8
0.0,0.119,96.8
0.0,0.126,96.8
0.0,0.127,96.8
0.0,0.131,96.8
0.0,0.134,96.8
0.0,0.138,96.8
0.0,0.138,96.8
0.0,0.13,96.8
0.0,0.121,96.8
0.0,0.115,96.8
0.0,0.105,96.8
0.0,0.099,96.8
0.0,0.099,96.8
0.0,0.094,96.8
0.037,0.083,96.8
0.112,0.053,96.8
0.189,0.029,96.8
0.235,0.018,96.8
0.208,0.012,96.8
0.137,0.008,96.8
0.054,0.005,96.8
0.0,0.004,96.8
0.0,0.005,96.8
0.0,0.009,96.8
0.0,0.017,96.8
0.0,0.029,96.8
0.0,0.047,96.8
0.0,0.067,96.8
0.0,0.09,96.8
0.0,0.127,96.8
0.0,0.168,96.8
0.0,0.188,96.8
0.0,0.195,96.8
0.0,0.183,96.8
0.0,0.18,96.8
0.0,0.2,96.8
0.0,0.212,96.8
0.0,0.235,96.8
0.044,0.211,96.8
0.117,0.175,96.8
0.207,0.231,96.8
0.212,0.296,96.8
0.136,0.337,96.8
0.06,0.343,96.8
0.013,0.352,96.8
0.0,0.329,96.8
0.0,0.295,96.8
0.0,0.279,96.8
0.0,0.264,96.8
0.0,0.233,96.8
0.0,0.201,96.8
0.0,0.175,96.8
0.0,0.156,96.8
0.0,0.147,96.8
0.0,0.149,96.8
0.0,0.155,96.8
0.0,0.158,96.8
0.0,0.16,96.8
0.0,0.169,96.8
0.0,0.163,96.8
0.0,0.16,96.8
0.0,0.168,96.8
0.033,0.153,96.8
0.097,0.122,96.8
0.152,0.132,96.8
0.174,0.143,96.8
0.154,0.145,96.8
0.097,0.144,96.8
0.035,0.167,96.8
0.0,0.221,96.8
0.0,0.237,96.8
0.0,0.234,96.8
0.0,0.216,96.8
0.0,0.204,96.8
0.0,0.182,96.8
0.0,0.172,96.8
0.0,0.167,96.8
0.0,0.168,96.8
0.0,0.169,96.8
0.0,0.168,96.8
0.0,0.181,96.8
0.0,0.18,96.8
0.0,0.183,96.8
0.0,0.185,96.8
0.0,0.167,96.8
0.0,0.155,96.8
0.117,0.128,96.8
0.284,0.093,96.8
0.378,0.101,96.8
0.387,0.106,96.8
0.285,0.123,96.8
0.138,0.149,96.8
0.038,0.172,96.8
0.0,0.243,96.8
0.0,0.272,96.8
0.0,0.261,96.8
0.0,0.249,96.8
0.0,0.235,96.8
0.0,0.195,96.8
0.0,0.184,96.8
0.0,0.192,96.8
0.0,0.197,96.8
0.0,0.204,96.8
0.0,0.204,96.8
0.0,0.209,96.8
0.0,0.219,96.8
0.0,0.217,96.8
0.0,0.205,96.8
0.0,0.202,96.8
0.0,0.192,96.8
0.021,0.148,96.8
0.102,0.104,96.8
0.211,0.092,96.8
0.27,0.088,96.8
0.249,0.093,96.8
0.131,0.098,96.8
0.038,0.113,96.8
0.0,0.149,96.8
0.0,0.172,96.8
0.0,0.173,96.8
0.0,0.16,96.8
0.0,0.144,96.8
0.0,0.131,96.8
0.0,0.113,96.8
0.0,0.104,96.8
0.0,0.106,96.8
0.0,0.119,96.8
0.0,0.142,96.8
0.0,0.168,96.8
0.0,0.186,96.8
0.0,0.194,96.8
0.0,0.203,96.8
0.0,0.22,96.8
0.0,0.227,96.8
0.019,0.214,96.8
0.054,0.197,96.8
0.073,0.211,96.8
0.069,0.231,96.8
0.049,0.212,96.8
0.026,0.187,96.8
0.004,0.199,96.8
0.0,0.238,96.8
0.0,0.265,96.8
0.0,0.274,96.8
0.0,0.28,96.8
0.0,0.284,96.8
0.0,0.289,96.8
0.0,0.3,96.8
0.0,0.311,96.8
0.0,0.314,96.8
0.0,0.311,96.8
0.0,0.301,96.8
0.0,0.288,96.8
0.0,0.261,96.8
0.0,0.233,96.8
0.0,0.209,96.8
0.0,0.191,96.8
0.0,0.174,96.8
0.0,0.152,96.8
0.018,0.128,96.8
0.033,0.121,96.8
0.038,0.124,96.8
0.041,0.118,96.8
0.035,0.101,96.8
0.017,0.084,96.8
0.0,0.093,96.8
0.0,0.098,96.8
0.0,0.099,96.8
0.0,0.093,96.8
0.0,0.086,96.8
0.0,0.078,96.8
0.0,0.072,96.8
0.0,0.076,96.8
0.0,0.087,96.8
0.0,0.099,96.8
0.0,0.101,96.8
0.0,0.094,96.8
0.0,0.09,96.8
0.0,0.092,96.8
0.0,0.084,96.8
0.0,0.067,96.8
0.0,0.05,96.8
0.028,0.035,96.8
0.097,0.023,96.8
0.151,0.023,96.8
0.184,0.028,96.8
0.169,0.038,96.8
0.118,0.041,96.8
0.052,0.04,96.8
0.0,0.045,96.8
0.0,0.041,96.8
0.0,0.04,96.8
0.0,0.045,96.8
0.0,0.05,96.8
0.0,0.056,96.8
0.0,0.052,96.8
0.0,0.039,96.8
0.0,0.03,96.8
0.0,0.032,96.8
0.0,0.036,96.8
0.0,0.037,96.8
0.0,0.035,96.8
0.0,0.027,96.8
0.0,0.018,96.8
0.0,0.011,96.8
0.0,0.007,96.8
0.051,0.008,96.8
0.141,0.01,96.8
0.242,0.009,96.8
0.303,0.01,96.8
0.324,0.013,96.8
0.247,0.017,96.8
0.094,0.023,96.8
0.001,0.034,96.8
0.0,0.048,96.8
0.0,0.067,96.8
0.0,0.092,96.8
0.0,0.12,96.8
0.0,0.145,96.8
0.0,0.17,96.8
0.0,0.194,96.8
0.0,0.22,96.8
0.0,0.233,96.8
0.0,0.237,96.8
0.0,0.251,96.8
0.0,0.259,96.8
0.0,0.278,96.8
0.0,0.291,96.8
0.0,0.312,96.8
0.0,0.334,96.8
0.11,0.327,96.8
0.198,0.291,96.8
0.22,0.31,96.8
0.234,0.41,96.8
0.22,0.441,96.8
0.112,0.464,96.8
0.029,0.509,96.8
0.0,0.557,96.8
0.0,0.581,96.8
0.0,0.603,96.8
0.0,0.618,96.8
0.0,0.666,96.8
0.0,0.698,96.8
0.0,0.684,96.8
0.0,0.684,96.8
0.0,0.73,96.8
0.0,0.759,96.8
0.0,0.76,96.8
0.0,0.786,96.8
0.0,0.814,96.8
0.0,0.822,96.8
0.0,0.813,96.8
0.0,0.811,96.8
0.0,0.786,96.8
0.0,0.728,96.8
0.011,0.621,96.8
0.034,0.454,96.8
0.05,0.4,96.8
0.065,0.442,96.8
0.059,0.451,96.8
0.044,0.491,96.8
0.0,0.521,96.8
0.0,0.529,96.8
0.0,0.506,96.8
0.0,0.477,96.8
0.0,0.449,96.8
0.0,0.407,96.8
0.0,0.353,96.8
0.0,0.315,96.8
0.0,0.282,96.8
0.0,0.278,96.8
0.0,0.288,96.8
0.0,0.296,96.8
0.0,0.32,96.8
0.0,0.32,96.8
0.0,0.394,96.8
0.0,0.422,96.8
0.0,0.434,96.8
0.033,0.434,96.8
0.132,0.43,96.8
0.256,0.425,96.8
0.326,0.523,96.8
0.34,0.562,96.8
0.181,0.543,96.8
0.063,0.515,96.8
0.0,0.503,96.8
0.0,0.483,96.8
0.0,0.457,96.8
0.0,0.465,96.8
0.0,0.448,96.8
0.0,0.448,96.8
0.0,0.413,96.8
0.0,0.414,96.8
0.0,0.401,96.8
0.0,0.352,96.8
0.0,0.289,96.8
0.0,0.245,96.8
0.0,0.213,96.8
0.0,0.203,96.8
0.0,0.164,96.8
0.0,0.114,96.8
0.0,0.076,96.8
0.065,0.048,96.8
0.159,0.034,96.8
0.237,0.051,96.8
0.241,0.067,96.8
0.19,0.092,96.8
0.104,0.117,96.8
0.037,0.144,96.8
0.0,0.209,96.8
0.0,0.276,96.8
0.0,0.309,96.8
0.0,0.303,96.8
0.0,0.301,96.8
0.0,0.299,96.8
0.0,0.296,96.8
0.0,0.297,96.8
0.0,0.289,96.8
0.0,0.272,96.8
0.0,0.251,96.8
0.0,0.234,96.8
0.0,0.201,96.8
0.0,0.172,96.8
0.0,0.153,96.8
0.0,0.133,96.8
0.003,0.122,96.8
0.123,0.104,96.8
0.23,0.093,96.8
0.29,0.125,96.8
0.283,0.139,96.8
0.246,0.164,96.8
0.152,0.18,96.8
0.066,0.186,96.8
0.0,0.216,96.8
0.0,0.203,96.8
0.0,0.174,96.8
0.0,0.14,96.8
0.0,0.106,96.8
0.0,0.077,96.8
0.0,0.062,96.8
0.0,0.056,96.8
0.0,0.054,96.8
0.0,0.049,96.8
0.0,0.036,96.8
0.0,0.023,96.8
0.0,0.017,96.8
0.0,0.026,96.8
0.0,0.042,96.8
0.0,0.057,96.8
0.0,0.076,96.8
0.058,0.085,96.8
0.134,0.085,96.8
0.188,0.099,96.8
0.189,0.126,96.8
0.11,0.155,96.8
0.058,0.163,96.8
0.018,0.176,96.8
0.0,0.211,96.8
0.0,0.256,96.8
0.0,0.28,96.8
0.0,0.278,96.8
0.0,0.264,96.8
0.0,0.246,96.8
0.0,0.227,96.8
0.0,0.203,96.8
0.0,0.177,96.8
0.0,0.144,96.8
0.0,0.11,96.8
0.0,0.082,96.8
0.0,0.058,96.8
0.0,0.045,96.8
0.0,0.042,96.8
0.0,0.045,96.8
0.0,0.063,96.8
0.005,0.094,96.8
0.018,0.128,96.8
0.02,0.144,96.8
0.021,0.174,96.8
0.019,0.223,96.8
0.009,0.274,96.8
0.0,0.301,96.8
0.0,0.334,96.8
0.0,0.363,96.8
0.0,0.385,96.8
0.0,0.366,96.8
0.0,0.341,96.8
0.0,0.328,96.8
0.0,0.32,96.8
0.0,0.329,96.8
0.0,0.331,96.8
0.0,0.328,96.8
0.0,0.317,96.8
0.0,0.309,96.8
0.0,0.305,96.8
0.0,0.299,96.8
0.0,0.303,96.8
0.0,0.311,96.8
0.0,0.325,96.8
0.024,0.335,96.8
0.071,0.36,96.8
0.119,0.383,96.8
0.158,0.437,96.8
0.115,0.479,96.8
0.062,0.495,96.8
0.029,0.527,96.8
0.0,0.584,96.8
0.0,0.559,96.8
0.0,0.558,96.8
0.0,0.546,96.8
0.0,0.521,96.8
0.0,0.528,96.8
0.0,0.516,96.8
0.0,0.522,96.8
0.0,0.525,96.8
0.0,0.51,96.8
0.0,0.504,96.8
0.0,0.536,96.8
0.0,0.633,96.8
0.0,0.717,96.8
0.0,0.753,96.8
0.0,0.82,96.8
0.0,0.885,96.8
0.001,0.92,96.8
0.01,0.928,96.8
0.012,0.918,96.8
0.012,0.883,96.8
0.015,0.848,96.8
0.019,0.839,96.8
0.014,0.812,96.8
0.0,0.763,96.8
0.0,0.72,96.8
0.0,0.707,96.8
0.0,0.674,96.8
0.0,0.632,96.8
0.0,0.623,96.8
0.0,0.62,96.8
0.0,0.613,96.8
0.0,0.606,96.8
0.0,0.621,96.8
0.0,0.652,96.8
0.0,0.664,96.8
0.0,0.679,96.8
0.0,0.672,96.8
0.0,0.642,96.8
0.0,0.672,96.8
0.0,0.622,96.8
0.023,0.633,96.8
0.058,0.633,96.8
0.086,0.619,96.8
0.162,0.688,96.8
0.152,0.683,96.8
0.089,0.647,96.8
0.038,0.678,96.8
0.0,0.716,96.8
0.0,0.737,96.8
0.0,0.746,96.8
0.0,0.761,96.8
0.0,0.785,96.8
0.0,0.804,96.8
0.0,0.828,96.8
0.0,0.846,96.8
0.0,0.866,96.8
0.0,0.883,96.8
0.0,0.909,96.8
0.0,0.934,96.8
0.0,0.962,96.8
0.0,0.975,96.8
0.0,0.953,96.8
0.0,0.861,96.8
0.0,0.701,96.8
0.132,0.535,96.8
0.403,0.479,96.8
0.525,0.583,96.8
0.522,0.7,96.8
0.429,0.752,96.8
0.256,0.757,96.8
0.02,0.744,96.8
0.0,0.714,96.8
0.0,0.673,96.8
0.0,0.586,96.8
0.0,0.508,96.8
0.0,0.594,96.8
0.0,0.821,96.8
0.0,0.904,96.8
0.0,0.878,96.8
0.0,0.929,96.8
0.0,0.943,96.8
0.0,0.908,96.8
0.0,0.759,96.8
0.0,0.501,96.8
0.0,0.287,96.8
0.0,0.147,96.8
0.0,0.106,96.8
0.0,0.106,96.8
0.022,0.099,96.8
0.063,0.093,96.8
0.129,0.112,96.8
0.213,0.125,96.8
0.324,0.137,96.8
0.173,0.132,96.8
0.165,0.103,96.8
0.028,0.091,96.8
0.0,0.074,96.8
0.0,0.061,96.8
0.0,0.065,96.8
0.0,0.099,96.8
0.0,0.158,96.8
0.0,0.185,96.8
0.0,0.192,96.8
0.0,0.182,96.8
0.0,0.187,96.8
0.0,0.212,96.8
0.0,0.272,96.8
0.0,0.332,96.8
0.0,0.362,96.8
0.0,0.37,96.8
0.0,0.361,96.8
0.002,0.342,96.8
0.074,0.273,96.8
0.196,0.219,96.8
0.303,0.221,96.8
0.357,0.223,96.8
0.373,0.209,96.8
0.282,0.141,96.8
0.088,0.074,96.8
0.002,0.059,96.8
0.0,0.097,96.8
0.0,0.167,96.8
0.0,0.202,96.8
0.0,0.181,96.8
0.0,0.144,96.8
0.0,0.123,96.8
0.0,0.084,96.8
0.0,0.043,96.8
0.0,0.054,96.8
0.0,0.147,96.8
0.0,0.308,96.8
0.0,0.432,96.8
0.0,0.54,96.8
0.0,0.604,96.8
0.0,0.595,96.8
0.0,0.583,96.8
0.013,0.515,96.8
0.054,0.466,96.8
0.116,0.407,96.8
0.159,0.367,96.8
0.177,0.325,96.8
0.157,0.254,96.8
0.096,0.172,96.8
0.014,0.185,96.8
0.0,0.211,96.8
0.0,0.192,96.8
0.0,0.201,96.8
0.0,0.238,96.8
0.0,0.285,96.8
0.0,0.313,96.8
0.0,0.328,96.8
0.0,0.331,96.8
0.0,0.328,96.8
0.0,0.312,96.8
0.0,0.274,96.8
0.0,0.219,96.8
0.0,0.153,96.8
0.0,0.097,96.8
0.0,0.069,96.8
0.0,0.059,96.8
0.036,0.052,96.8
0.163,0.058,96.8
0.421,0.072,96.8
0.514,0.085,96.8
0.518,0.099,96.8
0.426,0.124,96.8
0.226,0.146,96.8
0.028,0.181,96.8
0.0,0.216,96.8
0.0,0.251,96.8
0.0,0.328,96.8
0.0,0.41,96.8
0.0,0.46,96.8
0.0,0.511,96.8
0.0,0.598,96.8
0.0,0.631,96.8
0.0,0.668,96.8
0.0,0.692,96.8
0.0,0.703,96.8
0.0,0.721,96.8
0.0,0.735,96.8
0.0,0.727,96.8
0.0,0.708,96.8
0.0,0.677,96.8
0.024,0.591,96.8
0.059,0.519,96.8
0.09,0.474,96.8
0.113,0.42,96.8
0.116,0.396,96.8
0.102,0.342,96.8
0.07,0.311,96.8
0.01,0.332,96.8
0.0,0.382,96.8
0.0,0.383,96.8
0.0,0.339,96.8
0.0,0.345,96.8
0.0,0.355,96.8
0.0,0.34,96.8
0.0,0.321,96.8
0.0,0.338,96.8
0.0,0.348,96.8
0.0,0.355,96.8
0.0,0.367,96.8
0.0,0.379,96.8
0.0,0.416,96.8
0.0,0.473,96.8
0.0,0.457,96.8
0.0,0.525,96.8
0.002,0.481,96.8
0.008,0.432,96.8
0.022,0.391,96.8
0.026,0.376,96.8
0.015,0.355,96.8
0.007,0.359,96.8
0.0,0.355,96.8
0.0,0.344,96.8
0.0,0.338,96.8
0.0,0.34,96.8
0.0,0.334,96.8
0.0,0.331,96.8
0.0,0.332,96.8
0.0,0.335,96.8
0.0,0.343,96.8
0.0,0.305,96.8
0.0,0.243,96.8
0.0,0.203,96.8
0.0,0.18,96.8
0.0,0.169,96.8
0.0,0.2,96.8
0.0,0.225,96.8
0.0,0.259,96.8
0.0,0.305,96.8
0.001,0.337,96.8
0.011,0.337,96.8
0.02,0.314,96.8
0.022,0.355,96.8
0.016,0.534,96.8
0.006,0.646,96.8
0.001,0.66,96.8
0.0,0.562,96.8
0.0,0.391,96.8
0.0,0.221,96.8
0.0,0.126,96.8
0.0,0.087,96.8
0.0,0.111,96.8
0.0,0.188,96.8
0.0,0.251,96.8
0.0,0.368,96.8
0.0,0.381,96.8
0.0,0.343,96.8
0.0,0.318,96.8
0.0,0.379,96.8
0.0,0.442,96.8
0.0,0.547,96.8
0.0,0.751,96.8
0.0,0.869,96.8
0.026,0.907,96.8
0.136,0.869,96.8
0.241,0.817,96.8
0.316,0.785,96.8
0.267,0.762,96.8
0.132,0.676,96.8
0.101,0.608,96.8
0.022,0.556,96.8
0.0,0.521,96.8
0.0,0.528,96.8
0.0,0.621,96.8
0.0,0.693,96.8
0.0,0.652,96.8
0.0,0.657,96.8
0.0,0.645,96.8
0.0,0.535,96.8
0.0,0.392,96.8
0.0,0.284,96.8
0.0,0.216,96.8
0.0,0.149,96.8
0.0,0.118,96.8
0.0,0.107,96.8
0.0,0.108,96.8
0.008,0.107,96.8
0.054,0.108,96.8
0.083,0.147,96.8
0.106,0.215,96.8
0.116,0.283,96.8
0.111,0.341,96.8
0.084,0.383,96.8
0.044,0.386,96.8
0.002,0.364,96.8
0.0,0.357,96.8
0.0,0.325,96.8
0.0,0.313,96.8
0.0,0.304,96.8
0.0,0.284,96.8
0.0,0.278,96.8
0.0,0.294,96.8
0.0,0.313,96.8
0.0,0.312,96.8
0.0,0.278,96.8
0.0,0.254,96.8
0.0,0.255,96.8
0.0,0.256,96.8
0.0,0.247,96.8
0.0,0.234,96.8
0.121,0.207,96.8
0.383,0.149,96.8
0.544,0.189,96.8
0.622,0.203,96.8
0.573,0.205,96.8
0.391,0.228,96.8
0.246,0.264,96.8
0.133,0.249,96.8
0.036,0.246,96.8
0.0,0.345,96.8
0.0,0.37,96.8
0.0,0.384,96.8
0.0,0.376,96.8
0.0,0.376,96.8
0.0,0.374,96.8
0.0,0.364,96.8
0.0,0.349,96.8
0.0,0.345,96.8
0.0,0.341,96.8
0.0,0.32,96.8
0.0,0.299,96.8
0.0,0.282,96.8
0.0,0.261,96.8
0.0,0.248,96.8
0.003,0.22,96.8
0.042,0.158,96.8
0.08,0.109,96.8
0.103,0.081,96.8
0.106,0.044,96.8
0.09,0.02,96.8
0.061,0.014,96.8
0.022,0.03,96.8
0.0,0.079,96.8
0.0,0.167,96.8
0.0,0.244,96.8
0.0,0.246,96.8
0.0,0.188,96.8
0.0,0.191,96.8
0.0,0.211,96.8
0.0,0.134,96.8
0.0,0.2,96.8
0.0,0.284,96.8
0.0,0.231,96.8
0.0,0.133,96.8
0.0,0.157,96.8
0.0,0.196,96.8
0.0,0.154,96.8
0.0,0.181,96.8
0.001,0.294,96.8
0.018,0.364,96.8
0.034,0.381,96.8
0.04,0.4,96.8
0.035,0.439,96.8
0.038,0.525,96.8
0.051,0.568,96.8
0.072,0.551,96.8
0.008,0.522,96.8
0.0,0.583,96.8
0.0,0.541,96.8
0.0,0.471,96.8
0.0,0.513,96.8
0.0,0.504,96.8
0.0,0.444,96.8
0.0,0.503,96.8
0.0,0.573,96.8
0.0,0.612,96.8
0.0,0.602,96.8
0.0,0.625,96.8
0.0,0.568,96.8
0.0,0.501,96.8
0.0,0.468,96.8
0.0,0.479,96.8
0.0,0.415,96.8
0.008,0.374,96.8
0.029,0.375,96.8
0.04,0.305,96.8
0.12,0.332,96.8
0.086,0.415,96.8
0.228,0.501,96.8
0.156,0.596,96.8
0.027,0.656,96.8
0.0,0.663,96.8
0.0,0.616,96.8
0.0,0.619,96.8
0.0,0.704,96.8
0.0,0.758,96.8
0.0,0.796,96.8
0.0,0.749,96.8
0.0,0.69,96.8
0.0,0.637,96.8
0.0,0.62,96.8
0.0,0.563,96.8
0.0,0.476,96.8
0.0,0.427,96.8
0.0,0.365,96.8
0.0,0.297,96.8
0.014,0.247,96.8
0.049,0.201,96.8
0.135,0.183,96.8
0.272,0.133,96.8
0.442,0.085,96.8
0.508,0.087,96.8
0.183,0.083,96.8
0.073,0.047,96.8
0.017,0.051,96.8
0.0,0.091,96.8
0.0,0.167,96.8
0.0,0.225,96.8
0.0,0.254,96.8
0.0,0.264,96.8
0.0,0.279,96.8
0.0,0.293,96.8
0.0,0.285,96.8
0.0,0.285,96.8
0.0,0.287,96.8
0.0,0.284,96.8
0.0,0.272,96.8
0.0,0.269,96.8
0.0,0.264,96.8
0.0,0.245,96.8
0.0,0.231,96.8
0.033,0.201,96.8
0.067,0.153,96.8
0.094,0.117,96.8
0.113,0.138,96.8
0.112,0.11,96.8
0.1,0.079,96.8
0.081,0.056,96.8
0.013,0.044,96.8
0.0,0.022,96.8
0.0,0.007,96.8
0.0,0.002,96.8
0.0,0.009,96.8
0.0,0.036,96.8
0.0,0.076,96.8
0.0,0.108,96.8
0.0,0.133,96.8
0.0,0.152,96.8
0.0,0.179,96.8
0.0,0.198,96.8
0.0,0.195,96.8
0.0,0.193,96.8
0.0,0.192,96.8
0.0,0.201,96.8
0.005,0.223,96.8
0.033,0.205,96.8
0.056,0.207,96.8
0.067,0.285,96.8
0.073,0.363,96.8
0.078,0.423,96.8
0.107,0.463,96.8
0.052,0.476,96.8
0.004,0.494,96.8
0.0,0.556,96.8
0.0,0.599,96.8
0.0,0.598,96.8
0.0,0.6,96.8
0.0,0.601,96.8
0.0,0.599,96.8
0.0,0.601,96.8
0.0,0.615,96.8
0.0,0.641,96.8
0.0,0.666,96.8
0.0,0.7,96.8
0.0,0.71,96.8
0.0,0.646,96.8
0.0,0.615,96.8
0.0,0.602,96.8
0.0,0.538,96.8
0.011,0.486,96.8
0.04,0.479,96.8
0.081,0.437,96.8
0.098,0.352,96.8
0.079,0.253,96.8
0.051,0.204,96.8
0.018,0.167,96.8
0.0,0.155,96.8
0.0,0.177,96.8
0.0,0.217,96.8
0.0,0.279,96.8
0.0,0.319,96.8
0.0,0.362,96.8
0.0,0.386,96.8
0.0,0.389,96.8
0.0,0.348,96.8
0.0,0.311,96.8
0.0,0.335,96.8
0.0,0.349,96.8
0.0,0.326,96.8
0.0,0.326,96.8
0.0,0.295,96.8
0.0,0.281,96.8
0.008,0.264,96.8
0.058,0.243,96.8
0.117,0.223,96.8
0.149,0.208,96.8
0.173,0.177,96.8
0.162,0.147,96.8
0.121,0.133,96.8
0.066,0.132,96.8
0.015,0.14,96.8
0.0,0.153,96.8
0.0,0.17,96.8
0.0,0.174,96.8
0.0,0.171,96.8
0.0,0.171,96.8
0.0,0.154,96.8
0.0,0.141,96.8
0.0,0.14,96.8
0.0,0.147,96.8
0.0,0.157,96.8
0.0,0.163,96.8
0.0,0.171,96.8
0.0,0.179,96.8
0.0,0.177,96.8
0.0,0.159,96.8
0.084,0.138,96.8
0.315,0.131,96.8
0.497,0.117,96.8
0.595,0.122,96.8
0.617,0.128,96.8
0.565,0.138,96.8
0.437,0.153,96.8
0.297,0.169,96.8
0.074,0.206,96.8
0.0,0.246,96.8
0.0,0.277,96.8
0.0,0.291,96.8
0.0,0.277,96.8
0.0,0.253,96.8
0.0,0.213,96.8
0.0,0.179,96.8
0.0,0.161,96.8
0.0,0.145,96.8
0.0,0.123,96.8
0.0,0.105,96.8
0.0,0.105,96.8
0.0,0.126,96.8
0.0,0.151,96.8
0.0,0.157,96.8
0.107,0.158,96.8
0.269,0.191,96.8
0.401,0.245,96.8
0.508,0.254,96.8
0.523,0.264,96.8
0.417,0.282,96.8
0.269,0.307,96.8
0.129,0.315,96.8
0.029,0.272,96.8
0.0,0.265,96.8
0.0,0.291,96.8
0.0,0.275,96.8
0.0,0.252,96.8
0.0,0.241,96.8
0.0,0.228,96.8
0.0,0.198,96.8
0.0,0.185,96.8
0.0,0.164,96.8
0.0,0.139,96.8
0.0,0.116,96.8
0.0,0.092,96.8
0.0,0.072,96.8
0.0,0.058,96.8
0.0,0.047,96.8
0.117,0.038,96.8
0.333,0.042,96.8
0.499,0.043,96.8
0.569,0.033,96.8
0.55,0.02,96.8
0.513,0.019,96.8
0.448,0.041,96.8
0.318,0.08,96.8
0.116,0.116,96.8
0.0,0.153,96.8
0.0,0.179,96.8
0.0,0.192,96.8
0.0,0.201,96.8
0.0,0.197,96.8
0.0,0.201,96.8
0.0,0.201,96.8
0.0,0.184,96.8
0.0,0.181,96.8
0.0,0.177,96.8
0.0,0.167,96.8
0.0,0.167,96.8
0.0,0.178,96.8
0.0,0.182,96.8
0.0,0.207,96.8
0.202,0.219,96.8
0.419,0.239,96.8
0.576,0.327,96.8
0.636,0.396,96.8
0.589,0.434,96.8
0.603,0.472,96.8
0.519,0.505,96.8
0.371,0.517,96.8
0.143,0.484,96.8
0.0,0.503,96.8
0.0,0.538,96.8
0.0,0.513,96.8
0.0,0.52,96.8
0.0,0.498,96.8
0.0,0.488,96.8
0.0,0.481,96.8
0.0,0.454,96.8
0.0,0.431,96.8
0.0,0.43,96.8
0.0,0.391,96.8
0.0,0.378,96.8
0.0,0.386,96.8
0.0,0.343,96.8
0.0,0.311,96.8
0.247,0.294,96.8
0.484,0.264,96.8
0.636,0.272,96.8
0.72,0.343,96.8
0.744,0.367,96.8
0.71,0.358,96.8
0.615,0.345,96.8
0.452,0.353,96.8
0.212,0.369,96.8
0.001,0.391,96.8
0.0,0.403,96.8
0.0,0.398,96.8
0.0,0.415,96.8
0.0,0.436,96.8
0.0,0.481,96.8
0.0,0.515,96.8
0.0,0.488,96.8
0.0,0.491,96.8
0.0,0.547,96.8
0.0,0.56,96.8
0.0,0.53,96.8
0.0,0.527,96.8
0.0,0.552,96.8
0.0,0.56,96.8
0.246,0.554,96.8
0.487,0.502,96.8
0.638,0.566,96.8
0.72,0.576,96.8
0.728,0.577,96.8
0.641,0.586,96.8
0.508,0.551,96.8
0.239,0.53,96.8
0.041,0.566,96.8
0.0,0.607,96.8
0.0,0.665,96.8
0.0,0.702,96.8
0.0,0.71,96.8
0.0,0.71,96.8
0.0,0.704,96.8
0.0,0.695,96.8
0.0,0.677,96.8
0.0,0.65,96.8
0.0,0.638,96.8
0.0,0.627,96.8
0.0,0.623,96.8
0.0,0.618,96.8
0.0,0.596,96.8
0.0,0.578,96.8
0.008,0.561,96.8
0.033,0.558,96.8
0.091,0.583,96.8
0.176,0.61,96.8
0.18,0.633,96.8
0.087,0.603,96.8
0.05,0.547,96.8
0.027,0.542,96.8
0.002,0.568,96.8
0.0,0.65,96.8
0.0,0.632,96.8
0.0,0.552,96.8
0.0,0.47,96.8
0.0,0.395,96.8
0.0,0.376,96.8
0.0,0.371,96.8
0.0,0.364,96.8
0.0,0.337,96.8
0.0,0.337,96.8
0.0,0.376,96.8
0.0,0.401,96.8
0.0,0.406,96.8
0.0,0.417,96.8
0.0,0.436,96.8
0.036,0.42,96.8
0.125,0.391,96.8
0.215,0.388,96.8
0.253,0.402,96.8
0.313,0.415,96.8
0.21,0.432,96.8
0.128,0.462,96.8
0.074,0.501,96.8
0.02,0.558,96.8
0.0,0.615,96.8
0.0,0.627,96.8
0.0,0.626,96.8
0.0,0.618,96.8
0.0,0.633,96.8
0.0,0.599,96.8
0.0,0.661,96.8
0.0,0.695,96.8
0.0,0.652,96.8
0.0,0.635,96.8
0.0,0.663,96.8
0.0,0.649,96.8
0.0,0.639,96.8
0.0,0.63,96.8
0.0,0.586,96.8
0.116,0.466,96.8
0.256,0.364,96.8
0.343,0.403,96.8
0.37,0.449,96.8
0.374,0.469,96.8
0.38,0.467,96.8
0.348,0.452,96.8
0.23,0.455,96.8
0.068,0.447,96.8
0.0,0.472,96.8
0.0,0.475,96.8
0.0,0.454,96.8
0.0,0.451,96.8
0.0,0.48,96.8
0.0,0.498,96.8
0.0,0.496,96.8
0.0,0.47,96.8
0.0,0.435,96.8
0.0,0.42,96.8
0.0,0.417,96.8
0.0,0.418,96.8
0.0,0.417,96.8
0.0,0.41,96.8
0.0,0.403,96.8
0.026,0.464,96.8
0.182,0.51,96.8
0.334,0.569,96.8
0.206,0.61,96.8
0.181,0.647,96.8
0.159,0.65,96.8
0.075,0.634,96.8
0.032,0.639,96.8
0.024,0.674,96.8
0.0,0.687,96.8
0.0,0.678,96.8
0.0,0.746,96.8
0.0,0.653,96.8
0.0,0.642,96.8
0.0,0.631,96.8
0.0,0.554,96.8
0.0,0.513,96.8
0.0,0.457,96.8
0.0,0.412,96.8
0.0,0.381,96.8
0.0,0.374,96.8
0.0,0.344,96.8
0.0,0.312,96.8
0.0,0.3,96.8
0.051,0.279,96.8
0.234,0.249,96.8
0.356,0.289,96.8
0.335,0.314,96.8
0.349,0.324,96.8
0.396,0.325,96.8
0.387,0.31,96.8
0.251,0.281,96.8
0.076,0.285,96.8
0.0,0.36,96.8
0.0,0.43,96.8
0.0,0.448,96.8
0.0,0.447,96.8
0.0,0.457,96.8
0.0,0.504,96.8
0.0,0.521,96.8
0.0,0.486,96.8
0.0,0.469,96.8
0.0,0.465,96.8
0.0,0.473,96.8
0.0,0.454,96.8
0.0,0.421,96.8
0.0,0.382,96.8
0.0,0.358,96.8
0.027,0.365,96.8
0.167,0.366,96.8
0.371,0.411,96.8
0.528,0.464,96.8
0.577,0.489,96.8
0.551,0.504,96.8
0.453,0.517,96.8
0.272,0.507,96.8
0.106,0.556,96.8
0.003,0.609,96.8
0.0,0.655,96.8
0.0,0.67,96.8
0.0,0.67,96.8
0.0,0.658,96.8
0.0,0.647,96.8
0.0,0.639,96.8
0.0,0.625,96.8
0.0,0.622,96.8
0.0,0.613,96.8
0.0,0.584,96.8
0.0,0.534,96.8
0.0,0.484,96.8
0.0,0.43,96.8
0.0,0.381,96.8
0.032,0.366,96.8
0.321,0.311,96.8
0.482,0.327,96.8
0.634,0.309,96.8
0.656,0.307,96.8
0.63,0.311,96.8
0.545,0.324,96.8
0.405,0.31,96.8
0.206,0.371,96.8
0.019,0.518,96.8
0.0,0.624,96.8
0.0,0.648,96.8
0.0,0.646,96.8
0.0,0.635,96.8
0.0,0.618,96.8
0.0,0.598,96.8
0.0,0.567,96.8
0.0,0.538,96.8
0.0,0.52,96.8
0.0,0.515,96.8
0.0,0.52,96.8
0.0,0.506,96.8
0.0,0.49,96.8
0.0,0.489,96.8
0.04,0.471,96.8
0.111,0.413,96.8
0.185,0.348,96.8
0.259,0.302,96.8
0.277,0.28,96.8
0.28,0.251,96.8
0.252,0.235,96.8
0.165,0.264,96.8
0.066,0.343,96.8
0.001,0.457,96.8
0.0,0.502,96.8
0.0,0.505,96.8
0.0,0.521,96.8
0.0,0.505,96.8
0.0,0.472,96.8
0.0,0.484,96.8
0.0,0.491,96.8
0.0,0.485,96.8
0.0,0.505,96.8
0.0,0.528,96.8
0.0,0.552,96.8
0.0,0.559,96.8
0.0,0.553,96.8
0.0,0.532,96.8
0.102,0.445,96.8
0.26,0.315,96.8
0.387,0.243,96.8
0.45,0.311,96.8
0.471,0.428,96.8
0.508,0.462,96.8
0.445,0.481,96.8
0.305,0.484,96.8
0.121,0.498,96.8
0.007,0.541,96.8
0.0,0.544,96.8
0.0,0.514,96.8
0.0,0.522,96.8
0.0,0.504,96.8
0.0,0.513,96.8
0.0,0.513,96.8
0.0,0.503,96.8
0.0,0.495,96.8
0.0,0.497,96.8
0.0,0.488,96.8
0.0,0.476,96.8
0.0,0.459,96.8
0.0,0.447,96.8
0.002,0.432,96.8
0.112,0.337,96.8
0.29,0.227,96.8
0.496,0.184,96.8
0.581,0.229,96.8
0.601,0.273,96.8
0.587,0.278,96.8
0.5,0.272,96.8
0.349,0.27,96.8
0.154,0.294,96.8
0.011,0.377,96.8
0.0,0.477,96.8
0.0,0.528,96.8
0.0,0.545,96.8
0.0,0.538,96.8
0.0,0.52,96.8
0.0,0.506,96.8
0.0,0.497,96.8
0.0,0.484,96.8
0.0,0.466,96.8
0.0,0.449,96.8
0.0,0.448,96.8
0.0,0.44,96.8
0.0,0.42,96.8
0.007,0.391,96.8
0.163,0.27,96.8
0.354,0.144,96.8
0.497,0.096,96.8
0.577,0.111,96.8
0.6,0.12,96.8
0.562,0.122,96.8
0.459,0.119,96.8
0.256,0.106,96.8
0.074,0.1,96.8
0.0,0.116,96.8
0.0,0.142,96.8
0.0,0.163,96.8
0.0,0.175,96.8
0.0,0.19,96.8
0.0,0.213,96.8
0.0,0.217,96.8
0.0,0.213,96.8
0.0,0.206,96.8
0.0,0.195,96.8
0.0,0.182,96.8
0.0,0.171,96.8
0.0,0.167,96.8
0.0,0.193,96.8
0.0,0.231,96.8
0.015,0.212,96.8
0.075,0.174,96.8
0.19,0.186,96.8
0.385,0.202,96.8
0.493,0.206,96.8
0.559,0.211,96.8
0.552,0.251,96.8
0.43,0.294,96.8
0.229,0.294,96.8
0.023,0.305,96.8
0.0,0.343,96.8
0.0,0.355,96.8
0.0,0.343,96.8
0.0,0.305,96.8
0.0,0.264,96.8
0.0,0.219,96.8
0.0,0.161,96.8
0.0,0.108,96.8
0.0,0.072,96.8
0.0,0.051,96.8
0.0,0.038,96.8
0.0,0.028,96.8
0.0,0.022,96.8
0.0,0.018,96.8
0.055,0.016,96.8
0.157,0.016,96.8
0.326,0.025,96.8
0.528,0.059,96.8
0.61,0.083,96.8
0.6,0.101,96.8
0.54,0.117,96.8
0.404,0.13,96.8
0.222,0.133,96.8
0.031,0.139,96.8
0.0,0.169,96.8
0.0,0.175,96.8
0.0,0.163,96.8
0.0,0.142,96.8
0.0,0.127,96.8
0.0,0.132,96.8
0.0,0.146,96.8
0.0,0.156,96.8
0.0,0.163,96.8
0.0,0.164,96.8
0.0,0.163,96.8
0.0,0.161,96.8
0.0,0.164,96.8
0.025,0.158,96.8
0.23,0.118,96.8
0.444,0.103,96.8
0.602,0.106,96.8
0.681,0.104,96.8
0.706,0.108,96.8
0.677,0.112,96.8
0.596,0.115,96.8
0.458,0.123,96.8
0.261,0.127,96.8
0.049,0.167,96.8
0.0,0.241,96.8
0.0,0.279,96.8
0.0,0.285,96.8
0.0,0.277,96.8
0.0,0.262,96.8
0.0,0.242,96.8
0.0,0.215,96.8
0.0,0.186,96.8
0.0,0.159,96.8
0.0,0.133,96.8
0.0,0.102,96.8
0.0,0.077,96.8
0.0,0.069,96.8
0.004,0.072,96.8
0.101,0.081,96.8
0.418,0.088,96.8
0.598,0.079,96.8
0.69,0.087,96.8
0.713,0.101,96.8
0.683,0.103,96.8
0.601,0.1,96.8
0.463,0.102,96.8
0.266,0.104,96.8
0.053,0.138,96.8
0.0,0.197,96.8
0.0,0.253,96.8
0.0,0.306,96.8
0.0,0.352,96.8
0.0,0.391,96.8
0.0,0.416,96.8
0.0,0.432,96.8
0.0,0.438,96.8
0.0,0.434,96.8
0.0,0.421,96.8
0.0,0.388,96.8
0.0,0.355,96.8
0.0,0.347,96.8
0.031,0.328,96.8
0.225,0.223,96.8
0.433,0.177,96.8
0.608,0.185,96.8
0.686,0.184,96.8
0.707,0.174,96.8
0.676,0.152,96.8
0.593,0.13,96.8
0.455,0.113,96.8
0.261,0.12,96.8
0.052,0.199,96.8
0.0,0.302,96.8
0.0,0.375,96.8
0.0,0.408,96.8
0.0,0.41,96.8
0.0,0.407,96.8
0.0,0.413,96.8
0.0,0.426,96.8
0.0,0.442,96.8
0.0,0.449,96.8
0.0,0.442,96.8
0.0,0.422,96.8
0.0,0.389,96.8
0.0,0.341,96.8
0.004,0.294,96.8
0.068,0.234,96.8
0.208,0.127,96.8
0.386,0.06,96.8
0.498,0.047,96.8
0.539,0.065,96.8
0.51,0.09,96.8
0.427,0.118,96.8
0.3,0.129,96.8
0.147,0.112,96.8
0.021,0.104,96.8
0.0,0.094,96.8
0.0,0.086,96.8
0.0,0.078,96.8
0.0,0.071,96.8
0.0,0.07,96.8
0.0,0.068,96.8
0.0,0.056,96.8
0.0,0.036,96.8
0.0,0.021,96.8
0.0,0.014,96.8
0.0,0.012,96.8
0.0,0.01,96.8
0.0,0.007,96.8
0.0,0.008,96.8
0.028,0.014,96.8
0.059,0.02,96.8
0.066,0.035,96.8
0.062,0.056,96.8
0.058,0.087,96.8
0.063,0.133,96.8
0.055,0.178,96.8
0.039,0.174,96.8
0.017,0.129,96.8
0.0,0.118,96.8
0.0,0.139,96.8
0.0,0.166,96.8
0.0,0.194,96.8
0.0,0.223,96.8
0.0,0.244,96.8
0.0,0.223,96.8
0.0,0.194,96.8
0.0,0.171,96.8
0.0,0.172,96.8
0.0,0.182,96.8
0.0,0.202,96.8
0.0,0.229,96.8
0.0,0.249,96.8
0.015,0.25,96.8
0.188,0.248,96.8
0.435,0.284,96.8
0.611,0.278,96.8
0.706,0.245,96.8
0.748,0.219,96.8
0.725,0.202,96.8
0.645,0.19,96.8
0.505,0.186,96.8
0.303,0.189,96.8
0.072,0.199,96.8
0.0,0.211,96.8
0.0,0.184,96.8
0.0,0.146,96.8
0.0,0.113,96.8
0.0,0.093,96.8
0.0,0.084,96.8
0.0,0.079,96.8
0.0,0.076,96.8
0.0,0.068,96.8
0.0,0.052,96.8
0.0,0.037,96.8
0.0,0.028,96.8
0.0,0.025,96.8
0.076,0.023,96.8
0.31,0.013,96.8
0.508,0.018,96.8
0.646,0.036,96.8
0.726,0.045,96.8
0.75,0.049,96.8
0.724,0.046,96.8
0.643,0.044,96.8
0.504,0.043,96.8
0.306,0.045,96.8
0.073,0.066,96.8
0.0,0.094,96.8
0.0,0.116,96.8
0.0,0.124,96.8
0.0,0.12,96.8
0.0,0.118,96.8
0.0,0.119,96.8
0.0,0.114,96.8
0.0,0.105,96.8
0.0,0.09,96.8
0.0,0.074,96.8
0.0,0.058,96.8
0.0,0.041,96.8
0.0,0.025,96.8
0.076,0.012,96.8
0.304,0.003,96.8
0.504,0.008,96.8
0.644,0.019,96.8
0.723,0.028,96.8
0.745,0.041,96.8
0.718,0.058,96.8
0.636,0.076,96.8
0.496,0.096,96.8
0.289,0.118,96.8
0.066,0.158,96.8
0.0,0.196,96.8
0.0,0.206,96.8
0.0,0.206,96.8
0.0,0.201,96.8
0.0,0.185,96.8
0.0,0.156,96.8
0.0,0.119,96.8
0.0,0.085,96.8
0.0,0.064,96.8
0.0,0.061,96.8
0.0,0.07,96.8
0.0,0.082,96.8
0.0,0.084,96.8
0.007,0.067,96.8
0.046,0.042,96.8
0.095,0.037,96.8
0.17,0.038,96.8
0.26,0.036,96.8
0.464,0.036,96.8
0.509,0.037,96.8
0.383,0.034,96.8
0.249,0.03,96.8
0.12,0.026,96.8
0.026,0.025,96.8
0.0,0.017,96.8
0.0,0.009,96.8
0.0,0.007,96.8
0.0,0.012,96.8
0.0,0.021,96.8
0.0,0.03,96.8
0.0,0.044,96.8
0.0,0.06,96.8
0.0,0.081,96.8
0.0,0.105,96.8
0.0,0.131,96.8
0.0,0.155,96.8
0.0,0.179,96.8
0.002,0.193,96.8
0.041,0.17,96.8
0.089,0.187,96.8
0.106,0.214,96.8
0.108,0.204,96.8
0.091,0.187,96.8
0.102,0.177,96.8
0.074,0.167,96.8
0.036,0.157,96.8
0.014,0.159,96.8
0.0,0.167,96.8
0.0,0.169,96.8
0.0,0.179,96.8
0.0,0.18,96.8
0.0,0.168,96.8
0.0,0.152,96.8
0.0,0.135,96.8
0.0,0.111,96.8
0.0,0.089,96.8
0.0,0.093,96.8
0.0,0.099,96.8
0.0,0.093,96.8
0.0,0.09,96.8
0.0,0.088,96.8
0.0,0.095,96.8
0.029,0.112,96.8
0.166,0.132,96.8
0.21,0.144,96.8
0.192,0.175,96.8
0.249,0.206,96.8
0.205,0.258,96.8
0.188,0.308,96.8
0.153,0.358,96.8
0.094,0.379,96.8
0.009,0.436,96.8
0.0,0.499,96.8
0.0,0.545,96.8
0.0,0.58,96.8
0.0,0.613,96.8
0.0,0.649,96.8
0.0,0.706,96.8
0.0,0.8,96.8
0.0,0.826,96.8
0.0,0.826,96.8
0.0,0.832,96.8
0.0,0.815,96.8
0.0,0.845,96.8
0.0,0.867,96.8
0.001,0.879,96.8
0.062,0.893,96.8
0.142,0.907,96.8
0.213,0.942,96.8
0.473,0.972,96.8
0.513,0.978,96.8
0.498,0.977,96.8
0.312,0.961,96.8
0.183,0.919,96.8
0.097,0.85,96.8
0.021,0.785,96.8
0.0,0.764,96.8
0.0,0.759,96.8
0.0,0.752,96.8
0.0,0.758,96.8
0.0,0.803,96.8
0.0,0.831,96.8
0.0,0.831,96.8
0.0,0.811,96.8
0.0,0.788,96.8
0.0,0.77,96.8
0.0,0.739,96.8
0.0,0.676,96.8
0.0,0.58,96.8
0.025,0.503,96.8
0.133,0.504,96.8
0.213,0.605,96.8
0.342,0.712,96.8
0.549,0.758,96.8
0.546,0.796,96.8
0.406,0.829,96.8
0.292,0.845,96.8
0.113,0.845,96.8
0.03,0.833,96.8
0.001,0.806,96.8
0.0,0.759,96.8
0.0,0.701,96.8
0.0,0.653,96.8
0.0,0.615,96.8
0.0,0.615,96.8
0.0,0.647,96.8
0.0,0.662,96.8
0.0,0.655,96.8
0.0,0.674,96.8
0.0,0.751,96.8
0.0,0.823,96.8
0.0,0.896,96.8
0.0,0.937,96.8
0.0,0.967,96.8
0.033,0.971,96.8
0.082,0.934,96.8
0.191,0.901,96.8
0.342,0.921,96.8
0.425,0.94,96.8
0.315,0.943,96.8
0.2,0.938,96.8
0.141,0.936,96.8
0.104,0.921,96.8
0.035,0.873,96.8
0.0,0.792,96.8
0.0,0.666,96.8
0.0,0.503,96.8
0.0,0.456,96.8
0.0,0.467,96.8
0.0,0.466,96.8
0.0,0.479,96.8
0.0,0.493,96.8
0.0,0.501,96.8
0.0,0.484,96.8
0.0,0.469,96.8
0.0,0.464,96.8
0.0,0.422,96.8
0.005,0.375,96.8
0.03,0.358,96.8
0.049,0.364,96.8
0.06,0.329,96.8
0.081,0.329,96.8
0.119,0.355,96.8
0.218,0.433,96.8
0.26,0.502,96.8
0.219,0.54,96.8
0.135,0.512,96.8
0.047,0.476,96.8
0.0,0.457,96.8
0.0,0.394,96.8
0.0,0.375,96.8
0.0,0.368,96.8
0.0,0.371,96.8
0.0,0.432,96.8
0.0,0.503,96.8
0.0,0.506,96.8
0.0,0.398,96.8
0.0,0.341,96.8
0.0,0.282,96.8
0.0,0.216,96.8
0.0,0.255,96.8
0.0,0.287,96.8
0.03,0.321,96.8
0.212,0.428,96.8
0.483,0.466,96.8
0.585,0.538,96.8
0.539,0.615,96.8
0.449,0.674,96.8
0.355,0.714,96.8
0.252,0.731,96.8
0.131,0.683,96.8
0.04,0.618,96.8
0.0,0.618,96.8
0.0,0.63,96.8
0.0,0.624,96.8
0.0,0.62,96.8
0.0,0.583,96.8
0.0,0.544,96.8
0.0,0.507,96.8
0.0,0.494,96.8
0.0,0.479,96.8
0.0,0.464,96.8
0.0,0.433,96.8
0.0,0.387,96.8
0.0,0.362,96.8
0.003,0.313,96.8
0.034,0.296,96.8
0.085,0.337,96.8
0.194,0.352,96.8
0.246,0.347,96.8
0.26,0.338,96.8
0.237,0.332,96.8
0.205,0.312,96.8
0.143,0.278,96.8
0.071,0.24,96.8
0.01,0.184,96.8
0.0,0.159,96.8
0.0,0.141,96.8
0.0,0.112,96.8
0.0,0.09,96.8
0.0,0.083,96.8
0.0,0.087,96.8
0.0,0.094,96.8
0.0,0.095,96.8
0.0,0.101,96.8
0.0,0.117,96.8
0.0,0.141,96.8
0.0,0.175,96.8
0.0,0.209,96.8
0.004,0.241,96.8
0.048,0.308,96.8
0.14,0.333,96.8
0.374,0.334,96.8
0.359,0.325,96.8
0.417,0.323,96.8
0.387,0.317,96.8
0.344,0.314,96.8
0.262,0.315,96.8
0.15,0.295,96.8
0.043,0.235,96.8
0.0,0.241,96.8
0.0,0.253,96.8
0.0,0.254,96.8
0.0,0.208,96.8
0.0,0.152,96.8
0.0,0.117,96.8
0.0,0.07,96.8
0.0,0.049,96.8
0.0,0.031,96.8
0.0,0.02,96.8
0.0,0.025,96.8
0.0,0.042,96.8
0.0,0.051,96.8
0.023,0.04,96.8
0.12,0.039,96.8
0.229,0.044,96.8
0.453,0.054,96.8
0.488,0.053,96.8
0.457,0.058,96.8
0.268,0.068,96.8
0.292,0.083,96.8
0.163,0.089,96.8
0.075,0.084,96.8
0.012,0.068,96.8
0.0,0.078,96.8
0.0,0.102,96.8
0.0,0.127,96.8
0.0,0.155,96.8
0.0,0.189,96.8
0.0,0.227,96.8
0.0,0.251,96.8
0.0,0.241,96.8
0.0,0.209,96.8
0.0,0.209,96.8
0.0,0.18,96.8
0.0,0.186,96.8
0.0,0.172,96.8
0.053,0.175,96.8
0.28,0.251,96.8
0.504,0.337,96.8
0.556,0.4,96.8
0.533,0.422,96.8
0.535,0.434,96.8
0.45,0.43,96.8
0.417,0.391,96.8
0.352,0.342,96.8
0.231,0.298,96.8
0.079,0.249,96.8
0.0,0.245,96.8
0.0,0.245,96.8
0.0,0.256,96.8
0.0,0.259,96.8
0.0,0.245,96.8
0.0,0.216,96.8
0.0,0.182,96.8
0.0,0.155,96.8
0.0,0.126,96.8
0.0,0.101,96.8
0.0,0.08,96.8
0.0,0.055,96.8
0.0,0.036,96.8
0.118,0.019,96.8
0.352,0.015,96.8
0.535,0.022,96.8
0.659,0.031,96.8
0.728,0.04,96.8
0.752,0.043,96.8
0.705,0.045,96.8
0.601,0.049,96.8
0.449,0.056,96.8
0.278,0.062,96.8
0.116,0.06,96.8
0.0,0.051,96.8
0.0,0.062,96.8
0.0,0.107,96.8
0.0,0.177,96.8
0.0,0.228,96.8
0.0,0.238,96.8
0.0,0.236,96.8
0.0,0.233,96.8
0.0,0.259,96.8
0.0,0.294,96.8
0.0,0.344,96.8
0.0,0.397,96.8
0.0,0.423,96.8
0.002,0.418,96.8
0.046,0.41,96.8
0.163,0.493,96.8
0.486,0.544,96.8
0.6,0.559,96.8
0.493,0.561,96.8
0.399,0.559,96.8
0.316,0.568,96.8
0.325,0.587,96.8
0.195,0.592,96.8
0.054,0.555,96.8
0.0,0.521,96.8
0.0,0.482,96.8
0.0,0.432,96.8
0.0,0.395,96.8
0.0,0.355,96.8
0.0,0.323,96.8
0.0,0.317,96.8
0.0,0.312,96.8
0.0,0.278,96.8
0.0,0.274,96.8
0.0,0.274,96.8
0.0,0.265,96.8
0.0,0.226,96.8
0.011,0.19,96.8
0.063,0.221,96.8
0.133,0.205,96.8
0.329,0.202,96.8
0.53,0.195,96.8
0.538,0.181,96.8
0.516,0.167,96.8
0.438,0.159,96.8
0.336,0.155,96.8
0.23,0.149,96.8
0.078,0.132,96.8
0.0,0.138,96.8
0.0,0.155,96.8
0.0,0.158,96.8
0.0,0.14,96.8
0.0,0.109,96.8
0.0,0.069,96.8
0.0,0.035,96.8
0.0,0.022,96.8
0.0,0.038,96.8
0.0,0.08,96.8
0.0,0.127,96.8
0.0,0.163,96.8
0.0,0.184,96.8
0.049,0.156,96.8
0.14,0.104,96.8
0.208,0.119,96.8
0.226,0.124,96.8
0.263,0.12,96.8
0.285,0.11,96.8
0.299,0.094,96.8
0.35,0.077,96.8
0.396,0.063,96.8
0.297,0.049,96.8
0.112,0.034,96.8
0.0,0.027,96.8
0.0,0.039,96.8
0.0,0.072,96.8
0.0,0.121,96.8
0.0,0.169,96.8
0.0,0.207,96.8
0.0,0.24,96.8
0.0,0.259,96.8
0.0,0.264,96.8
0.0,0.256,96.8
0.0,0.255,96.8
0.0,0.27,96.8
0.0,0.282,96.8
0.132,0.235,96.8
0.346,0.112,96.8
0.526,0.092,96.8
0.646,0.098,96.8
0.715,0.108,96.8
0.737,0.126,96.8
0.71,0.146,96.8
0.64,0.168,96.8
0.516,0.184,96.8
0.343,0.186,96.8
0.131,0.168,96.8
0.002,0.179,96.8
0.0,0.181,96.8
0.0,0.174,96.8
0.0,0.157,96.8
0.0,0.127,96.8
0.0,0.092,96.8
0.0,0.065,96.8
0.0,0.041,96.8
0.0,0.025,96.8
0.0,0.017,96.8
0.0,0.018,96.8
0.0,0.026,96.8
0.0,0.037,96.8
0.043,0.041,96.8
0.112,0.032,96.8
0.208,0.043,96.8
0.313,0.052,96.8
0.413,0.052,96.8
0.474,0.068,96.8
0.447,0.107,96.8
0.317,0.144,96.8
0.243,0.157,96.8
0.143,0.15,96.8
0.057,0.128,96.8
0.0,0.121,96.8
0.0,0.103,96.8
0.0,0.098,96.8
0.0,0.13,96.8
0.0,0.181,96.8
0.0,0.221,96.8
0.0,0.248,96.8
0.0,0.261,96.8
0.0,0.272,96.8
0.0,0.282,96.8
0.0,0.3,96.8
0.0,0.33,96.8
0.0,0.331,96.8
0.053,0.261,96.8
0.216,0.244,96.8
0.414,0.295,96.8
0.537,0.363,96.8
0.662,0.409,96.8
0.678,0.415,96.8
0.636,0.432,96.8
0.583,0.457,96.8
0.462,0.48,96.8
0.284,0.466,96.8
0.088,0.413,96.8
0.0,0.413,96.8
0.0,0.444,96.8
0.0,0.459,96.8
0.0,0.469,96.8
0.0,0.518,96.8
0.0,0.525,96.8
0.0,0.553,96.8
0.0,0.613,96.8
0.0,0.632,96.8
0.0,0.595,96.8
0.0,0.59,96.8
0.0,0.62,96.8
0.0,0.618,96.8
0.045,0.63,96.8
0.098,0.706,96.8
0.3,0.752,96.8
0.313,0.759,96.8
0.2,0.744,96.8
0.179,0.728,96.8
0.242,0.736,96.8
0.269,0.695,96.8
0.217,0.596,96.8
0.156,0.467,96.8
0.077,0.362,96.8
0.002,0.325,96.8
0.0,0.306,96.8
0.0,0.267,96.8
0.0,0.261,96.8
0.0,0.291,96.8
0.0,0.31,96.8
0.0,0.322,96.8
0.0,0.337,96.8
0.0,0.361,96.8
0.0,0.391,96.8
0.0,0.407,96.8
0.0,0.407,96.8
0.0,0.401,96.8
0.09,0.332,96.8
0.234,0.278,96.8
0.354,0.428,96.8
0.428,0.557,96.8
0.341,0.631,96.8
0.261,0.646,96.8
0.24,0.629,96.8
0.218,0.59,96.8
0.162,0.53,96.8
0.15,0.487,96.8
0.071,0.442,96.8
0.0,0.422,96.8
0.0,0.395,96.8
0.0,0.383,96.8
0.0,0.419,96.8
0.0,0.434,96.8
0.0,0.427,96.8
0.0,0.411,96.8
0.0,0.403,96.8
0.0,0.418,96.8
0.0,0.436,96.8
0.0,0.437,96.8
0.0,0.431,96.8
0.0,0.434,96.8
0.126,0.35,96.8
0.341,0.231,96.8
0.472,0.245,96.8
0.562,0.386,96.8
0.654,0.395,96.8
0.714,0.384,96.8
0.692,0.36,96.8
0.624,0.329,96.8
0.513,0.289,96.8
0.352,0.228,96.8
0.158,0.212,96.8
0.009,0.235,96.8
0.0,0.249,96.8
0.0,0.264,96.8
0.0,0.276,96.8
0.0,0.27,96.8
0.0,0.245,96.8
0.0,0.212,96.8
0.0,0.177,96.8
0.0,0.14,96.8
0.0,0.108,96.8
0.0,0.087,96.8
0.0,0.072,96.8
0.003,0.068,96.8
0.157,0.077,96.8
0.362,0.065,96.8
0.531,0.037,96.8
0.647,0.038,96.8
0.712,0.041,96.8
0.731,0.041,96.8
0.711,0.041,96.8
0.643,0.042,96.8
0.526,0.045,96.8
0.358,0.055,96.8
0.152,0.076,96.8
0.009,0.116,96.8
0.0,0.171,96.8
0.0,0.225,96.8
0.0,0.266,96.8
0.0,0.29,96.8
0.0,0.31,96.8
0.0,0.336,96.8
0.0,0.367,96.8
0.0,0.39,96.8
0.0,0.398,96.8
0.0,0.399,96.8
0.0,0.392,96.8
0.003,0.374,96.8
0.154,0.299,96.8
0.358,0.145,96.8
0.526,0.06,96.8
0.639,0.029,96.8
0.7,0.026,96.8
0.718,0.035,96.8
0.694,0.04,96.8
0.624,0.042,96.8
0.51,0.042,96.8
0.349,0.047,96.8
0.159,0.051,96.8
0.011,0.061,96.8
0.0,0.077,96.8
0.0,0.093,96.8
0.0,0.098,96.8
0.0,0.077,96.8
0.0,0.043,96.8
0.0,0.018,96.8
0.0,0.019,96.8
0.0,0.05,96.8
0.0,0.106,96.8
0.0,0.163,96.8
0.0,0.206,96.8
0.004,0.227,96.8
0.11,0.196,96.8
0.25,0.099,96.8
0.334,0.051,96.8
0.415,0.083,96.8
0.561,0.144,96.8
0.621,0.199,96.8
0.649,0.238,96.8
0.583,0.275,96.8
0.469,0.318,96.8
0.316,0.36,96.8
0.142,0.384,96.8
0.012,0.396,96.8
0.0,0.428,96.8
0.0,0.394,96.8
0.0,0.34,96.8
0.0,0.288,96.8
0.0,0.247,96.8
0.0,0.219,96.8
0.0,0.193,96.8
0.0,0.167,96.8
0.0,0.127,96.8
0.0,0.086,96.8
0.0,0.059,96.8
0.0,0.067,96.8
0.029,0.084,96.8
0.084,0.117,96.8
0.249,0.184,96.8
0.479,0.202,96.8
0.617,0.193,96.8
0.735,0.193,96.8
0.738,0.225,96.8
0.684,0.289,96.8
0.559,0.337,96.8
0.378,0.38,96.8
0.172,0.422,96.8
0.011,0.414,96.8
0.0,0.412,96.8
0.0,0.391,96.8
0.0,0.337,96.8
0.0,0.312,96.8
0.0,0.319,96.8
0.0,0.306,96.8
0.0,0.302,96.8
0.0,0.305,96.8
0.0,0.27,96.8
0.0,0.241,96.8
0.0,0.201,96.8
0.006,0.147,96.8
0.098,0.126,96.8
0.244,0.125,96.8
0.443,0.118,96.8
0.631,0.123,96.8
0.689,0.129,96.8
0.711,0.134,96.8
0.666,0.14,96.8
0.583,0.144,96.8
0.456,0.144,96.8
0.289,0.147,96.8
0.126,0.145,96.8
0.015,0.167,96.8
0.0,0.228,96.8
0.0,0.286,96.8
0.0,0.323,96.8
0.0,0.296,96.8
0.0,0.253,96.8
0.0,0.184,96.8
0.0,0.123,96.8
0.0,0.075,96.8
0.0,0.051,96.8
0.0,0.045,96.8
0.0,0.047,96.8
0.005,0.05,96.8
0.099,0.055,96.8
0.22,0.068,96.8
0.412,0.068,96.8
0.643,0.065,96.8
0.71,0.062,96.8
0.736,0.061,96.8
0.729,0.057,96.8
0.662,0.05,96.8
0.54,0.049,96.8
0.36,0.058,96.8
0.155,0.072,96.8
0.016,0.102,96.8
0.0,0.138,96.8
0.0,0.182,96.8
0.0,0.246,96.8
0.0,0.294,96.8
0.0,0.328,96.8
0.0,0.367,96.8
0.0,0.387,96.8
0.0,0.416,96.8
0.0,0.448,96.8
0.0,0.472,96.8
0.0,0.484,96.8
0.0,0.504,96.8
0.004,0.532,96.8
0.01,0.569,96.8
0.048,0.599,96.8
0.168,0.693,96.8
0.283,0.763,96.8
0.318,0.806,96.8
0.332,0.801,96.8
0.36,0.786,96.8
0.26,0.786,96.8
0.147,0.739,96.8
0.073,0.613,96.8
0.012,0.491,96.8
0.0,0.51,96.8
0.0,0.562,96.8
0.0,0.618,96.8
0.0,0.687,96.8
0.0,0.686,96.8
0.0,0.695,96.8
0.0,0.613,96.8
0.0,0.612,96.8
0.0,0.586,96.8
0.0,0.523,96.8
0.0,0.51,96.8
0.002,0.479,96.8
0.052,0.482,96.8
0.129,0.516,96.8
0.173,0.518,96.8
0.229,0.552,96.8
0.267,0.593,96.8
0.284,0.627,96.8
0.26,0.661,96.8
0.219,0.649,96.8
0.144,0.606,96.8
0.098,0.557,96.8
0.03,0.445,96.8
0.0,0.371,96.8
0.0,0.391,96.8
0.0,0.38,96.8
0.0,0.398,96.8
0.0,0.382,96.8
0.0,0.375,96.8
0.0,0.368,96.8
0.0,0.357,96.8
0.0,0.369,96.8
0.0,0.412,96.8
0.0,0.409,96.8
0.0,0.408,96.8
0.0,0.505,96.8
0.035,0.65,96.8
0.073,0.819,96.8
0.08,0.77,96.8
0.118,0.697,96.8
0.134,0.697,96.8
0.128,0.705,96.8
0.147,0.725,96.8
0.174,0.725,96.8
0.195,0.742,96.8
0.126,0.724,96.8
0.053,0.638,96.8
0.013,0.561,96.8
0.0,0.523,96.8
0.0,0.452,96.8
0.0,0.425,96.8
0.0,0.376,96.8
0.0,0.382,96.8
0.0,0.358,96.8
0.0,0.362,96.8
0.0,0.333,96.8
0.0,0.294,96.8
0.0,0.277,96.8
0.0,0.25,96.8
0.013,0.216,96.8
0.111,0.143,96.8
0.283,0.144,96.8
0.483,0.144,96.8
0.651,0.15,96.8
0.702,0.166,96.8
0.741,0.184,96.8
0.741,0.201,96.8
0.684,0.22,96.8
0.565,0.231,96.8
0.396,0.223,96.8
0.198,0.199,96.8
0.03,0.189,96.8
0.0,0.201,96.8
0.0,0.233,96.8
0.0,0.294,96.8
0.0,0.343,96.8
0.0,0.369,96.8
0.0,0.367,96.8
0.0,0.358,96.8
0.0,0.367,96.8
0.0,0.395,96.8
0.0,0.42,96.8
0.0,0.411,96.8
0.011,0.362,96.8
0.07,0.255,96.8
0.15,0.179,96.8
0.257,0.181,96.8
0.43,0.263,96.8
0.554,0.28,96.8
0.628,0.3,96.8
0.586,0.311,96.8
0.522,0.312,96.8
0.407,0.295,96.8
0.233,0.251,96.8
0.094,0.179,96.8
0.013,0.131,96.8
0.0,0.077,96.8
0.0,0.041,96.8
0.0,0.032,96.8
0.0,0.049,96.8
0.0,0.071,96.8
0.0,0.071,96.8
0.0,0.09,96.8
0.0,0.125,96.8
0.0,0.133,96.8
0.0,0.101,96.8
0.0,0.066,96.8
0.012,0.043,96.8
0.064,0.021,96.8
0.085,0.02,96.8
0.124,0.037,96.8
0.171,0.067,96.8
0.185,0.095,96.8
0.149,0.116,96.8
0.121,0.129,96.8
0.095,0.139,96.8
0.06,0.146,96.8
0.03,0.161,96.8
0.011,0.201,96.8
0.0,0.242,96.8
0.0,0.295,96.8
0.0,0.337,96.8
0.0,0.382,96.8
0.0,0.414,96.8
0.0,0.385,96.8
0.0,0.376,96.8
0.0,0.296,96.8
0.0,0.194,96.8
0.0,0.142,96.8
0.0,0.101,96.8
0.0,0.079,96.8
0.0,0.114,96.8
0.002,0.142,96.8
0.021,0.142,96.8
0.045,0.174,96.8
0.079,0.169,96.8
0.118,0.181,96.8
0.114,0.205,96.8
0.127,0.245,96.8
0.107,0.294,96.8
0.081,0.325,96.8
0.054,0.294,96.8
0.039,0.242,96.8
0.006,0.222,96.8
0.0,0.249,96.8
0.0,0.27,96.8
0.0,0.255,96.8
0.0,0.235,96.8
0.0,0.214,96.8
0.0,0.185,96.8
0.0,0.162,96.8
0.0,0.154,96.8
0.0,0.154,96.8
0.0,0.155,96.8
0.0,0.152,96.8
0.022,0.122,96.8
0.127,0.099,96.8
0.303,0.122,96.8
0.409,0.133,96.8
0.426,0.149,96.8
0.441,0.172,96.8
0.433,0.193,96.8
0.433,0.208,96.8
0.385,0.226,96.8
0.292,0.233,96.8
0.205,0.22,96.8
0.113,0.177,96.8
0.026,0.124,96.8
0.0,0.102,96.8
0.0,0.085,96.8
0.0,0.085,96.8
0.0,0.103,96.8
0.0,0.125,96.8
0.0,0.138,96.8
0.0,0.146,96.8
0.0,0.154,96.8
0.0,0.159,96.8
0.0,0.15,96.8
0.0,0.133,96.8
0.017,0.093,96.8
0.113,0.068,96.8
0.307,0.098,96.8
0.494,0.106,96.8
0.575,0.086,96.8
0.578,0.073,96.8
0.58,0.074,96.8
0.484,0.084,96.8
0.39,0.099,96.8
0.326,0.115,96.8
0.236,0.138,96.8
0.121,0.149,96.8
0.028,0.163,96.8
0.0,0.195,96.8
0.0,0.196,96.8
0.0,0.171,96.8
0.0,0.136,96.8
0.0,0.099,96.8
0.0,0.064,96.8
0.0,0.039,96.8
0.0,0.026,96.8
0.0,0.025,96.8
0.0,0.021,96.8
0.0,0.017,96.8
0.032,0.015,96.8
0.178,0.012,96.8
0.362,0.035,96.8
0.395,0.049,96.8
0.426,0.053,96.8
0.455,0.058,96.8
0.562,0.068,96.8
0.51,0.077,96.8
0.464,0.09,96.8
0.328,0.116,96.8
0.199,0.138,96.8
0.106,0.146,96.8
0.023,0.148,96.8
0.0,0.177,96.8
0.0,0.183,96.8
0.0,0.164,96.8
0.0,0.144,96.8
0.0,0.124,96.8
0.0,0.106,96.8
0.0,0.085,96.8
0.0,0.065,96.8
0.0,0.05,96.8
0.0,0.039,96.8
0.0,0.033,96.8
0.027,0.028,96.8
0.137,0.026,96.8
0.276,0.055,96.8
0.399,0.08,96.8
0.53,0.082,96.8
0.562,0.084,96.8
0.498,0.089,96.8
0.496,0.097,96.8
0.454,0.107,96.8
0.377,0.118,96.8
0.26,0.136,96.8
0.144,0.148,96.8
0.034,0.164,96.8
0.0,0.202,96.8
0.0,0.231,96.8
0.0,0.248,96.8
0.0,0.255,96.8
0.0,0.251,96.8
0.0,0.231,96.8
0.0,0.202,96.8
0.0,0.173,96.8
0.0,0.144,96.8
0.0,0.12,96.8
0.0,0.104,96.8
0.032,0.085,96.8
0.165,0.047,96.8
0.322,0.112,96.8
0.495,0.174,96.8
0.631,0.201,96.8
0.703,0.213,96.8
0.731,0.22,96.8
0.705,0.223,96.8
0.609,0.223,96.8
0.431,0.223,96.8
0.247,0.222,96.8
0.123,0.194,96.8
0.037,0.174,96.8
0.0,0.193,96.8
0.0,0.211,96.8
0.0,0.228,96.8
0.0,0.249,96.8
0.0,0.267,96.8
0.0,0.255,96.8
0.0,0.223,96.8
0.0,0.191,96.8
0.0,0.167,96.8
0.0,0.153,96.8
0.0,0.139,96.8
0.036,0.113,96.8
0.172,0.071,96.8
0.363,0.12,96.8
0.538,0.2,96.8
0.673,0.227,96.8
0.739,0.213,96.8
0.747,0.202,96.8
0.689,0.206,96.8
0.482,0.22,96.8
0.224,0.227,96.8
0.154,0.216,96.8
0.101,0.184,96.8
0.03,0.178,96.8
0.0,0.217,96.8
0.0,0.251,96.8
0.0,0.261,96.8
0.0,0.236,96.8
0.0,0.192,96.8
0.0,0.151,96.8
0.0,0.112,96.8
0.0,0.081,96.8
0.0,0.059,96.8
0.0,0.051,96.8
0.0,0.059,96.8
0.028,0.067,96.8
0.117,0.061,96.8
0.293,0.076,96.8
0.468,0.106,96.8
0.569,0.155,96.8
0.626,0.187,96.8
0.555,0.208,96.8
0.392,0.215,96.8
0.316,0.212,96.8
0.213,0.196,96.8
0.124,0.168,96.8
0.052,0.126,96.8
0.011,0.12,96.8
0.0,0.133,96.8
0.0,0.138,96.8
0.0,0.138,96.8
0.0,0.122,96.8
0.0,0.096,96.8
0.0,0.072,96.8
0.0,0.054,96.8
0.0,0.045,96.8
0.0,0.042,96.8
0.0,0.048,96.8
0.0,0.053,96.8
0.004,0.05,96.8
0.059,0.038,96.8
0.179,0.037,96.8
0.314,0.038,96.8
0.449,0.032,96.8
0.465,0.024,96.8
0.475,0.017,96.8
0.487,0.017,96.8
0.488,0.021,96.8
0.404,0.027,96.8
0.236,0.032,96.8
0.104,0.034,96.8
0.029,0.033,96.8
0.0,0.033,96.8
0.0,0.035,96.8
0.0,0.034,96.8
0.0,0.029,96.8
0.0,0.022,96.8
0.0,0.016,96.8
0.0,0.014,96.8
0.0,0.018,96.8
0.0,0.026,96.8
0.0,0.035,96.8
0.0,0.039,96.8
0.042,0.039,96.8
0.19,0.021,96.8
0.369,0.004,96.8
0.526,0.005,96.8
0.61,0.004,96.8
0.618,0.002,96.8
0.677,0.001,96.8
0.635,0.001,96.8
0.552,0.003,96.8
0.44,0.006,96.8
0.317,0.013,96.8
0.153,0.025,96.8
0.041,0.051,96.8
0.0,0.085,96.8
0.0,0.11,96.8
0.0,0.118,96.8
0.0,0.103,96.8
0.0,0.066,96.8
0.0,0.028,96.8
0.0,0.005,96.8
0.0,0.003,96.8
0.0,0.016,96.8
0.0,0.039,96.8
0.0,0.065,96.8
0.042,0.083,96.8
0.162,0.054,96.8
0.325,0.04,96.8
0.46,0.054,96.8
0.564,0.071,96.8
0.603,0.082,96.8
0.615,0.094,96.8
0.568,0.113,96.8
0.511,0.143,96.8
0.409,0.199,96.8
0.263,0.288,96.8
0.118,0.384,96.8
0.039,0.432,96.8
0.0,0.443,96.8
0.0,0.41,96.8
0.0,0.372,96.8
0.0,0.343,96.8
0.0,0.313,96.8
0.0,0.294,96.8
0.0,0.248,96.8
0.0,0.18,96.8
0.0,0.142,96.8
0.0,0.141,96.8
0.0,0.149,96.8
0.04,0.107,96.8
0.163,0.108,96.8
0.348,0.151,96.8
0.535,0.137,96.8
0.681,0.13,96.8
0.757,0.126,96.8
0.778,0.136,96.8
0.764,0.149,96.8
0.695,0.158,96.8
0.581,0.161,96.8
0.426,0.167,96.8
0.234,0.176,96.8
0.054,0.202,96.8
0.0,0.281,96.8
0.0,0.337,96.8
0.0,0.338,96.8
0.0,0.311,96.8
0.0,0.274,96.8
0.0,0.218,96.8
0.0,0.161,96.8
0.0,0.118,96.8
0.0,0.086,96.8
0.0,0.074,96.8
0.0,0.066,96.8
0.047,0.048,96.8
0.226,0.044,96.8
0.434,0.061,96.8
0.601,0.06,96.8
0.721,0.06,96.8
0.787,0.062,96.8
0.805,0.067,96.8
0.779,0.068,96.8
0.708,0.067,96.8
0.592,0.066,96.8
0.432,0.068,96.8
0.238,0.076,96.8
0.054,0.106,96.8
0.0,0.164,96.8
0.0,0.22,96.8
0.0,0.258,96.8
0.0,0.28,96.8
0.0,0.287,96.8
0.0,0.28,96.8
0.0,0.261,96.8
0.0,0.24,96.8
0.0,0.216,96.8
0.0,0.195,96.8
0.0,0.18,96.8
0.051,0.134,96.8
0.186,0.087,96.8
0.345,0.153,96.8
0.518,0.155,96.8
0.671,0.138,96.8
0.749,0.129,96.8
0.77,0.133,96.8
0.698,0.146,96.8
0.576,0.167,96.8
0.446,0.186,96.8
0.299,0.206,96.8
0.161,0.225,96.8
0.048,0.245,96.8
0.0,0.316,96.8
0.0,0.386,96.8
0.0,0.402,96.8
0.0,0.37,96.8
0.0,0.344,96.8
0.0,0.316,96.8
0.0,0.278,96.8
0.0,0.249,96.8
0.0,0.226,96.8
0.0,0.22,96.8
0.0,0.198,96.8
0.05,0.142,96.8
0.24,0.179,96.8
0.439,0.197,96.8
0.594,0.179,96.8
0.722,0.159,96.8
0.788,0.145,96.8
0.807,0.144,96.8
0.771,0.151,96.8
0.64,0.152,96.8
0.571,0.152,96.8
0.385,0.163,96.8
0.215,0.183,96.8
0.057,0.189,96.8
0.0,0.219,96.8
0.0,0.253,96.8
0.0,0.269,96.8
0.0,0.265,96.8
0.0,0.253,96.8
0.0,0.238,96.8
0.0,0.223,96.8
0.0,0.204,96.8
0.0,0.189,96.8
0.0,0.179,96.8
0.0,0.168,96.8
0.052,0.134,96.8
0.244,0.052,96.8
0.443,0.05,96.8
0.605,0.072,96.8
0.72,0.082,96.8
0.786,0.084,96.8
0.805,0.083,96.8
0.781,0.083,96.8
0.711,0.085,96.8
0.596,0.09,96.8
0.437,0.107,96.8
0.243,0.133,96.8
0.058,0.183,96.8
0.0,0.286,96.8
0.0,0.361,96.8
0.0,0.374,96.8
0.0,0.344,96.8
0.0,0.317,96.8
0.0,0.315,96.8
0.0,0.345,96.8
0.0,0.383,96.8
0.0,0.373,96.8
0.0,0.343,96.8
0.0,0.319,96.8
0.054,0.228,96.8
0.237,0.151,96.8
0.432,0.205,96.8
0.593,0.186,96.8
0.705,0.155,96.8
0.768,0.113,96.8
0.788,0.076,96.8
0.764,0.053,96.8
0.696,0.041,96.8
0.582,0.038,96.8
0.428,0.045,96.8
0.24,0.059,96.8
0.059,0.103,96.8
0.0,0.191,96.8
0.0,0.269,96.8
0.0,0.299,96.8
0.0,0.302,96.8
0.0,0.307,96.8
0.0,0.318,96.8
0.0,0.316,96.8
0.0,0.298,96.8
0.0,0.271,96.8
0.0,0.235,96.8
0.0,0.205,96.8
0.059,0.161,96.8
0.238,0.068,96.8
0.427,0.023,96.8
0.571,0.026,96.8
0.668,0.042,96.8
0.736,0.053,96.8
0.761,0.054,96.8
0.737,0.047,96.8
0.665,0.039,96.8
0.5,0.035,96.8
0.203,0.036,96.8
0.074,0.045,96.8
0.018,0.088,96.8
0.0,0.182,96.8
0.0,0.294,96.8
0.0,0.337,96.8
0.0,0.344,96.8
0.0,0.371,96.8
0.0,0.394,96.8
0.0,0.389,96.8
0.0,0.358,96.8
0.0,0.336,96.8
0.0,0.361,96.8
0.0,0.376,96.8
0.049,0.305,96.8
0.193,0.328,96.8
0.391,0.453,96.8
0.538,0.55,96.8
0.583,0.591,96.8
0.617,0.615,96.8
0.661,0.647,96.8
0.664,0.672,96.8
0.599,0.68,96.8
0.497,0.666,96.8
0.356,0.644,96.8
0.198,0.609,96.8
0.062,0.527,96.8
0.001,0.479,96.8
0.0,0.451,96.8
0.0,0.422,96.8
0.0,0.4,96.8
0.0,0.36,96.8
0.0,0.347,96.8
0.0,0.299,96.8
0.0,0.238,96.8
0.0,0.175,96.8
0.0,0.118,96.8
0.0,0.082,96.8
0.008,0.065,96.8
0.055,0.063,96.8
0.18,0.053,96.8
0.36,0.029,96.8
0.467,0.016,96.8
0.53,0.012,96.8
0.58,0.009,96.8
0.641,0.005,96.8
0.567,0.003,96.8
0.46,0.002,96.8
0.327,0.005,96.8
0.184,0.012,96.8
0.058,0.031,96.8
0.0,0.071,96.8
0.0,0.102,96.8
0.0,0.107,96.8
0.0,0.098,96.8
0.0,0.088,96.8
0.0,0.086,96.8
0.0,0.101,96.8
0.0,0.126,96.8
0.0,0.135,96.8
0.0,0.108,96.8
0.0,0.067,96.8
0.028,0.033,96.8
0.087,0.028,96.8
0.333,0.032,96.8
0.56,0.029,96.8
0.68,0.034,96.8
0.756,0.041,96.8
0.757,0.054,96.8
0.688,0.069,96.8
0.564,0.082,96.8
0.452,0.086,96.8
0.276,0.105,96.8
0.123,0.142,96.8
0.04,0.197,96.8
0.0,0.289,96.8
0.0,0.344,96.8
0.0,0.317,96.8
0.0,0.262,96.8
0.0,0.222,96.8
0.0,0.189,96.8
0.0,0.182,96.8
0.0,0.185,96.8
0.0,0.17,96.8
0.0,0.145,96.8
0.0,0.135,96.8
0.022,0.147,96.8
0.126,0.217,96.8
0.349,0.286,96.8
0.516,0.317,96.8
0.56,0.352,96.8
0.528,0.368,96.8
0.482,0.367,96.8
0.445,0.353,96.8
0.431,0.325,96.8
0.379,0.297,96.8
0.286,0.282,96.8
0.165,0.27,96.8
0.061,0.232,96.8
0.003,0.243,96.8
0.0,0.261,96.8
0.0,0.235,96.8
0.0,0.186,96.8
0.0,0.124,96.8
0.0,0.072,96.8
0.0,0.054,96.8
0.0,0.067,96.8
0.0,0.101,96.8
0.0,0.148,96.8
0.002,0.2,96.8
0.07,0.186,96.8
0.227,0.137,96.8
0.403,0.169,96.8
0.545,0.198,96.8
0.608,0.233,96.8
0.64,0.259,96.8
0.645,0.279,96.8
0.557,0.309,96.8
0.302,0.335,96.8
0.167,0.314,96.8
0.122,0.252,96.8
0.076,0.21,96.8
0.027,0.246,96.8
0.0,0.357,96.8
0.0,0.47,96.8
0.0,0.538,96.8
0.0,0.59,96.8
0.0,0.646,96.8
0.0,0.681,96.8
0.0,0.668,96.8
0.0,0.654,96.8
0.0,0.648,96.8
0.0,0.72,96.8
0.0,0.849,96.8
0.008,0.894,96.8
0.07,0.91,96.8
0.153,0.912,96.8
0.239,0.924,96.8
0.352,0.949,96.8
0.325,0.957,96.8
0.41,0.965,96.8
0.575,0.971,96.8
0.535,0.967,96.8
0.403,0.952,96.8
0.318,0.917,96.8
0.198,0.872,96.8
0.077,0.792,96.8
0.007,0.706,96.8
0.0,0.646,96.8
0.0,0.601,96.8
0.0,0.526,96.8
0.0,0.501,96.8
0.0,0.468,96.8
0.0,0.411,96.8
0.0,0.425,96.8
0.0,0.438,96.8
0.0,0.437,96.8
0.0,0.442,96.8
0.05,0.483,96.8
0.176,0.622,96.8
0.255,0.676,96.8
0.275,0.674,96.8
0.3,0.672,96.8
0.368,0.679,96.8
0.422,0.708,96.8
0.469,0.739,96.8
0.43,0.749,96.8
0.373,0.714,96.8
0.299,0.624,96.8
0.195,0.512,96.8
0.07,0.366,96.8
0.007,0.272,96.8
0.0,0.225,96.8
0.0,0.193,96.8
0.0,0.224,96.8
0.0,0.293,96.8
0.0,0.342,96.8
0.0,0.363,96.8
0.0,0.358,96.8
0.0,0.353,96.8
0.0,0.334,96.8
0.001,0.302,96.8
0.044,0.255,96.8
0.092,0.245,96.8
0.169,0.231,96.8
0.291,0.196,96.8
0.393,0.167,96.8
0.523,0.146,96.8
0.539,0.12,96.8
0.518,0.089,96.8
0.491,0.062,96.8
0.387,0.034,96.8
0.176,0.017,96.8
0.049,0.011,96.8
0.016,0.013,96.8
0.0,0.034,96.8
0.0,0.058,96.8
0.0,0.074,96.8
0.0,0.107,96.8
0.0,0.157,96.8
0.0,0.219,96.8
0.0,0.27,96.8
0.0,0.288,96.8
0.0,0.242,96.8
0.0,0.191,96.8
0.0,0.151,96.8
0.012,0.167,96.8
0.074,0.191,96.8
0.155,0.224,96.8
0.337,0.264,96.8
0.554,0.283,96.8
0.654,0.297,96.8
0.689,0.279,96.8
0.686,0.241,96.8
0.649,0.216,96.8
0.561,0.205,96.8
0.425,0.195,96.8
0.252,0.175,96.8
0.08,0.137,96.8
0.011,0.111,96.8
0.0,0.082,96.8
0.0,0.057,96.8
0.0,0.036,96.8
0.0,0.02,96.8
0.0,0.013,96.8
0.0,0.019,96.8
0.0,0.04,96.8
0.0,0.084,96.8
0.0,0.154,96.8
0.006,0.251,96.8
0.048,0.294,96.8
0.089,0.248,96.8
0.147,0.237,96.8
0.246,0.295,96.8
0.274,0.4,96.8
0.375,0.459,96.8
0.497,0.528,96.8
0.443,0.582,96.8
0.394,0.608,96.8
0.301,0.606,96.8
0.22,0.583,96.8
0.14,0.523,96.8
0.073,0.479,96.8
0.011,0.505,96.8
0.0,0.536,96.8
0.0,0.531,96.8
0.0,0.509,96.8
0.0,0.485,96.8
0.0,0.47,96.8
0.0,0.464,96.8
0.0,0.457,96.8
0.0,0.452,96.8
0.0,0.434,96.8
0.005,0.418,96.8
0.056,0.407,96.8
0.161,0.448,96.8
0.362,0.669,96.8
0.515,0.708,96.8
0.611,0.726,96.8
0.634,0.75,96.8
0.608,0.766,96.8
0.56,0.783,96.8
0.45,0.774,96.8
0.398,0.714,96.8
0.283,0.618,96.8
0.121,0.614,96.8
0.044,0.65,96.8
0.004,0.634,96.8
0.0,0.623,96.8
0.0,0.593,96.8
0.0,0.575,96.8
0.0,0.528,96.8
0.0,0.481,96.8
0.0,0.439,96.8
0.0,0.472,96.8
0.0,0.491,96.8
0.0,0.625,96.8
0.005,0.707,96.8
0.081,0.634,96.8
0.202,0.663,96.8
0.191,0.774,96.8
0.238,0.69,96.8
0.578,0.599,96.8
0.477,0.497,96.8
0.583,0.423,96.8
0.274,0.398,96.8
0.192,0.335,96.8
0.163,0.242,96.8
0.102,0.192,96.8
0.056,0.166,96.8
0.02,0.221,96.8
0.0,0.252,96.8
0.0,0.279,96.8
0.0,0.291,96.8
0.0,0.307,96.8
0.0,0.266,96.8
0.0,0.206,96.8
0.0,0.163,96.8
0.0,0.129,96.8
0.0,0.101,96.8
0.0,0.078,96.8
0.002,0.072,96.8
0.038,0.062,96.8
0.098,0.032,96.8
0.17,0.022,96.8
0.189,0.011,96.8
0.186,0.008,96.8
0.267,0.009,96.8
0.289,0.009,96.8
0.308,0.017,96.8
0.201,0.041,96.8
0.11,0.084,96.8
0.058,0.132,96.8
0.034,0.144,96.8
0.015,0.141,96.8
0.0,0.147,96.8
0.0,0.168,96.8
0.0,0.197,96.8
0.0,0.227,96.8
0.0,0.254,96.8
0.0,0.269,96.8
0.0,0.265,96.8
0.0,0.26,96.8
0.0,0.247,96.8
0.0,0.217,96.8
0.005,0.179,96.8
0.075,0.126,96.8
0.218,0.112,96.8
0.393,0.101,96.8
0.54,0.073,96.8
0.621,0.057,96.8
0.598,0.047,96.8
0.562,0.039,96.8
0.522,0.032,96.8
0.469,0.026,96.8
0.381,0.018,96.8
0.256,0.012,96.8
0.122,0.009,96.8
0.053,0.006,96.8
0.006,0.008,96.8
0.0,0.018,96.8
0.0,0.03,96.8
0.0,0.041,96.8
0.0,0.047,96.8
0.0,0.049,96.8
0.0,0.043,96.8
0.0,0.028,96.8
0.0,0.014,96.8
0.0,0.011,96.8
0.013,0.011,96.8
0.086,0.011,96.8
0.225,0.007,96.8
0.383,0.007,96.8
0.446,0.009,96.8
0.469,0.012,96.8
0.478,0.012,96.8
0.457,0.012,96.8
0.429,0.014,96.8
0.365,0.019,96.8
0.221,0.027,96.8
0.131,0.041,96.8
0.072,0.061,96.8
0.024,0.083,96.8
0.0,0.121,96.8
0.0,0.162,96.8
0.0,0.179,96.8
0.0,0.168,96.8
0.0,0.148,96.8
0.0,0.126,96.8
0.0,0.112,96.8
0.0,0.109,96.8
0.0,0.12,96.8
0.0,0.14,96.8
0.008,0.155,96.8
0.077,0.121,96.8
0.236,0.082,96.8
0.41,0.089,96.8
0.551,0.077,96.8
0.62,0.065,96.8
0.638,0.058,96.8
0.574,0.054,96.8
0.503,0.053,96.8
0.445,0.051,96.8
0.351,0.049,96.8
0.269,0.05,96.8
0.154,0.056,96.8
0.067,0.059,96.8
0.013,0.062,96.8
0.0,0.061,96.8
0.0,0.069,96.8
0.0,0.096,96.8
0.0,0.14,96.8
0.0,0.194,96.8
0.0,0.243,96.8
0.0,0.26,96.8
0.0,0.259,96.8
0.0,0.24,96.8
0.009,0.21,96.8
0.068,0.171,96.8
0.14,0.189,96.8
0.273,0.209,96.8
0.373,0.208,96.8
0.399,0.251,96.8
0.342,0.316,96.8
0.294,0.346,96.8
0.28,0.322,96.8
0.284,0.312,96.8
0.243,0.325,96.8
0.185,0.335,96.8
0.126,0.27,96.8
0.075,0.218,96.8
0.016,0.272,96.8
0.0,0.374,96.8
0.0,0.413,96.8
0.0,0.428,96.8
0.0,0.405,96.8
0.0,0.38,96.8
0.0,0.364,96.8
0.0,0.346,96.8
0.0,0.324,96.8
0.0,0.289,96.8
0.013,0.231,96.8
0.077,0.179,96.8
0.191,0.172,96.8
0.283,0.199,96.8
0.423,0.226,96.8
0.549,0.272,96.8
0.601,0.294,96.8
0.62,0.295,96.8
0.582,0.279,96.8
0.483,0.248,96.8
0.365,0.203,96.8
0.225,0.149,96.8
0.101,0.1,96.8
0.033,0.072,96.8
0.0,0.076,96.8
0.0,0.099,96.8
0.0,0.139,96.8
0.0,0.204,96.8
0.0,0.26,96.8
0.0,0.286,96.8
0.0,0.279,96.8
0.0,0.278,96.8
0.0,0.266,96.8
0.0,0.277,96.8
0.002,0.305,96.8
0.046,0.286,96.8
0.142,0.323,96.8
0.288,0.421,96.8
0.448,0.484,96.8
0.433,0.535,96.8
0.331,0.566,96.8
0.309,0.575,96.8
0.236,0.556,96.8
0.208,0.538,96.8
0.176,0.533,96.8
0.131,0.516,96.8
0.116,0.493,96.8
0.082,0.489,96.8
0.023,0.458,96.8
0.0,0.362,96.8
0.0,0.286,96.8
0.0,0.186,96.8
0.0,0.138,96.8
0.0,0.125,96.8
0.0,0.139,96.8
0.0,0.177,96.8
0.0,0.208,96.8
0.0,0.231,96.8
0.0,0.221,96.8
0.014,0.206,96.8
0.035,0.198,96.8
0.078,0.226,96.8
0.147,0.259,96.8
0.182,0.245,96.8
0.255,0.228,96.8
0.289,0.22,96.8
0.33,0.22,96.8
0.35,0.23,96.8
0.311,0.24,96.8
0.249,0.229,96.8
0.164,0.19,96.8
0.089,0.133,96.8
0.02,0.142,96.8
0.0,0.155,96.8
0.0,0.142,96.8
0.0,0.126,96.8
0.0,0.122,96.8
0.0,0.135,96.8
0.0,0.16,96.8
0.0,0.189,96.8
0.0,0.21,96.8
0.0,0.211,96.8
0.016,0.183,96.8
0.075,0.133,96.8
0.188,0.149,96.8
0.305,0.176,96.8
0.299,0.201,96.8
0.381,0.193,96.8
0.452,0.181,96.8
0.473,0.184,96.8
0.456,0.183,96.8
0.316,0.169,96.8
0.22,0.142,96.8
0.16,0.122,96.8
0.107,0.106,96.8
0.059,0.086,96.8
0.015,0.084,96.8
0.0,0.095,96.8
0.0,0.104,96.8
0.0,0.115,96.8
0.0,0.12,96.8
0.0,0.125,96.8
0.0,0.134,96.8
0.0,0.133,96.8
0.0,0.121,96.8
0.0,0.093,96.8
0.008,0.059,96.8
0.052,0.038,96.8
0.129,0.034,96.8
0.366,0.023,96.8
0.553,0.025,96.8
0.67,0.038,96.8
0.73,0.061,96.8
0.747,0.103,96.8
0.671,0.141,96.8
0.46,0.164,96.8
0.232,0.184,96.8
0.141,0.219,96.8
0.141,0.251,96.8
0.051,0.272,96.8
0.013,0.328,96.8
0.0,0.404,96.8
0.0,0.445,96.8
0.0,0.514,96.8
0.0,0.604,96.8
0.0,0.608,96.8
0.0,0.585,96.8
0.0,0.54,96.8
0.0,0.506,96.8
0.0,0.478,96.8
0.015,0.447,96.8
0.08,0.374,96.8
0.24,0.479,96.8
0.413,0.646,96.8
0.538,0.71,96.8
0.651,0.751,96.8
0.724,0.781,96.8
0.743,0.8,96.8
0.718,0.812,96.8
0.646,0.812,96.8
0.524,0.802,96.8
0.375,0.765,96.8
0.224,0.69,96.8
0.092,0.568,96.8
0.023,0.491,96.8
0.0,0.501,96.8
0.0,0.503,96.8
0.0,0.483,96.8
0.0,0.47,96.8
0.0,0.479,96.8
0.0,0.496,96.8
0.0,0.513,96.8
0.0,0.54,96.8
0.0,0.584,96.8
0.024,0.605,96.8
0.088,0.652,96.8
0.127,0.82,96.8
0.162,0.845,96.8
0.384,0.867,96.8
0.558,0.89,96.8
0.585,0.895,96.8
0.539,0.888,96.8
0.476,0.876,96.8
0.351,0.857,96.8
0.232,0.816,96.8
0.136,0.733,96.8
0.077,0.599,96.8
0.032,0.443,96.8
0.006,0.316,96.8
0.0,0.239,96.8
0.0,0.21,96.8
0.0,0.231,96.8
0.0,0.265,96.8
0.0,0.309,96.8
0.0,0.356,96.8
0.0,0.391,96.8
0.0,0.379,96.8
0.0,0.328,96.8
0.012,0.307,96.8
0.082,0.32,96.8
0.225,0.432,96.8
0.401,0.504,96.8
0.567,0.529,96.8
0.67,0.528,96.8
0.733,0.521,96.8
0.748,0.506,96.8
0.734,0.498,96.8
0.571,0.471,96.8
0.338,0.402,96.8
0.378,0.311,96.8
0.232,0.243,96.8
0.083,0.183,96.8
0.019,0.183,96.8
0.0,0.272,96.8
0.0,0.401,96.8
0.0,0.457,96.8
0.0,0.447,96.8
0.0,0.464,96.8
0.0,0.491,96.8
0.0,0.498,96.8
0.0,0.503,96.8
0.0,0.494,96.8
0.024,0.485,96.8
0.099,0.491,96.8
0.241,0.476,96.8
0.413,0.532,96.8
0.562,0.604,96.8
0.588,0.634,96.8
0.526,0.619,96.8
0.367,0.587,96.8
0.205,0.514,96.8
0.168,0.437,96.8
0.124,0.379,96.8
0.08,0.294,96.8
0.084,0.264,96.8
0.083,0.25,96.8
0.026,0.274,96.8
0.0,0.343,96.8
0.0,0.381,96.8
0.0,0.365,96.8
0.0,0.34,96.8
0.0,0.344,96.8
0.0,0.352,96.8
0.0,0.343,96.8
0.0,0.362,96.8
0.0,0.388,96.8
0.008,0.367,96.8
0.04,0.352,96.8
0.102,0.432,96.8
0.17,0.552,96.8
0.271,0.625,96.8
0.341,0.707,96.8
0.341,0.776,96.8
0.338,0.786,96.8
0.429,0.754,96.8
0.408,0.731,96.8
0.325,0.729,96.8
0.184,0.663,96.8
0.112,0.532,96.8
0.057,0.412,96.8
0.018,0.387,96.8
0.0,0.375,96.8
0.0,0.329,96.8
0.0,0.31,96.8
0.0,0.349,96.8
0.0,0.343,96.8
0.0,0.337,96.8
0.0,0.325,96.8
0.0,0.299,96.8
0.0,0.305,96.8
0.015,0.261,96.8
0.082,0.194,96.8
0.178,0.181,96.8
0.282,0.162,96.8
0.348,0.155,96.8
0.442,0.161,96.8
0.497,0.184,96.8
0.511,0.243,96.8
0.493,0.338,96.8
0.371,0.44,96.8
0.337,0.514,96.8
0.286,0.569,96.8
0.202,0.576,96.8
0.091,0.481,96.8
0.026,0.391,96.8
0.0,0.408,96.8
0.0,0.432,96.8
0.0,0.435,96.8
0.0,0.454,96.8
0.0,0.437,96.8
0.0,0.405,96.8
0.0,0.403,96.8
0.0,0.407,96.8
0.0,0.431,96.8
0.002,0.385,96.8
0.022,0.381,96.8
0.05,0.442,96.8
0.084,0.519,96.8
0.106,0.532,96.8
0.151,0.545,96.8
0.231,0.558,96.8
0.407,0.565,96.8
0.481,0.565,96.8
0.487,0.563,96.8
0.434,0.551,96.8
0.332,0.536,96.8
0.212,0.488,96.8
0.096,0.359,96.8
0.025,0.248,96.8
0.0,0.236,96.8
0.0,0.203,96.8
0.0,0.178,96.8
0.0,0.154,96.8
0.0,0.143,96.8
0.0,0.131,96.8
0.0,0.107,96.8
0.0,0.08,96.8
0.0,0.049,96.8
0.012,0.02,96.8
0.059,0.01,96.8
0.151,0.012,96.8
0.439,0.027,96.8
0.57,0.035,96.8
0.68,0.04,96.8
0.702,0.051,96.8
0.508,0.065,96.8
0.387,0.078,96.8
0.537,0.075,96.8
0.56,0.065,96.8
0.361,0.061,96.8
0.236,0.065,96.8
0.097,0.089,96.8
0.03,0.142,96.8
0.0,0.22,96.8
0.0,0.272,96.8
0.0,0.292,96.8
0.0,0.282,96.8
0.0,0.256,96.8
0.0,0.225,96.8
0.0,0.188,96.8
0.0,0.148,96.8
0.0,0.101,96.8
0.02,0.059,96.8
0.091,0.015,96.8
0.264,0.013,96.8
0.435,0.041,96.8
0.577,0.071,96.8
0.675,0.093,96.8
0.734,0.103,96.8
0.751,0.112,96.8
0.728,0.123,96.8
0.665,0.135,96.8
0.568,0.146,96.8
0.434,0.159,96.8
0.267,0.172,96.8
0.095,0.18,96.8
0.023,0.206,96.8
0.0,0.268,96.8
0.0,0.3,96.8
0.0,0.281,96.8
0.0,0.233,96.8
0.0,0.192,96.8
0.0,0.16,96.8
0.0,0.141,96.8
0.0,0.13,96.8
0.0,0.126,96.8
0.02,0.115,96.8
0.092,0.054,96.8
0.269,0.05,96.8
0.443,0.055,96.8
0.584,0.058,96.8
0.683,0.068,96.8
0.739,0.073,96.8
0.756,0.078,96.8
0.733,0.094,96.8
0.672,0.122,96.8
0.571,0.159,96.8
0.432,0.201,96.8
0.262,0.233,96.8
0.095,0.235,96.8
0.025,0.289,96.8
0.0,0.362,96.8
0.0,0.395,96.8
0.0,0.394,96.8
0.0,0.365,96.8
0.0,0.322,96.8
0.0,0.27,96.8
0.0,0.209,96.8
0.0,0.153,96.8
0.0,0.105,96.8
0.021,0.07,96.8
0.092,0.025,96.8
0.261,0.004,96.8
0.428,0.027,96.8
0.566,0.054,96.8
0.664,0.069,96.8
0.721,0.074,96.8
0.716,0.074,96.8
0.72,0.073,96.8
0.605,0.074,96.8
0.515,0.073,96.8
0.409,0.077,96.8
0.234,0.088,96.8
0.096,0.107,96.8
0.026,0.14,96.8
0.0,0.201,96.8
0.0,0.248,96.8
0.0,0.289,96.8
0.0,0.333,96.8
0.0,0.34,96.8
0.0,0.337,96.8
0.0,0.343,96.8
0.0,0.348,96.8
0.0,0.347,96.8
0.019,0.308,96.8
0.091,0.169,96.8
0.269,0.083,96.8
0.44,0.122,96.8
0.578,0.146,96.8
0.677,0.157,96.8
0.734,0.16,96.8
0.751,0.159,96.8
0.728,0.162,96.8
0.665,0.167,96.8
0.565,0.17,96.8
0.429,0.172,96.8
0.264,0.167,96.8
0.095,0.16,96.8
0.023,0.177,96.8
0.0,0.204,96.8
0.0,0.213,96.8
0.0,0.214,96.8
0.0,0.209,96.8
0.0,0.197,96.8
0.0,0.19,96.8
0.0,0.189,96.8
0.0,0.192,96.8
0.0,0.198,96.8
0.022,0.205,96.8
0.091,0.161,96.8
0.261,0.085,96.8
0.427,0.063,96.8
0.562,0.079,96.8
0.658,0.096,96.8
0.715,0.122,96.8
0.733,0.145,96.8
0.713,0.156,96.8
0.655,0.152,96.8
0.557,0.139,96.8
0.422,0.134,96.8
0.259,0.141,96.8
0.096,0.163,96.8
0.028,0.228,96.8
0.0,0.327,96.8
0.0,0.398,96.8
0.0,0.413,96.8
0.0,0.388,96.8
0.0,0.346,96.8
0.0,0.294,96.8
0.0,0.251,96.8
0.0,0.217,96.8
0.0,0.179,96.8
0.027,0.148,96.8
0.092,0.093,96.8
0.194,0.046,96.8
0.298,0.037,96.8
0.314,0.048,96.8
0.325,0.054,96.8
0.396,0.051,96.8
0.391,0.049,96.8
0.318,0.047,96.8
0.241,0.043,96.8
0.16,0.038,96.8
0.112,0.029,96.8
0.066,0.023,96.8
0.029,0.021,96.8
0.005,0.023,96.8
0.0,0.026,96.8
0.0,0.029,96.8
0.0,0.031,96.8
0.0,0.034,96.8
0.0,0.035,96.8
0.0,0.034,96.8
0.0,0.035,96.8
0.0,0.036,96.8
0.0,0.036,96.8
0.026,0.033,96.8
0.101,0.024,96.8
0.217,0.021,96.8
0.336,0.011,96.8
0.41,0.005,96.8
0.518,0.005,96.8
0.514,0.006,96.8
0.419,0.01,96.8
0.31,0.02,96.8
0.274,0.032,96.8
0.192,0.045,96.8
0.11,0.055,96.8
0.048,0.058,96.8
0.021,0.063,96.8
0.002,0.075,96.8
0.0,0.09,96.8
0.0,0.103,96.8
0.0,0.112,96.8
0.0,0.111,96.8
0.0,0.105,96.8
0.0,0.097,96.8
0.0,0.099,96.8
0.0,0.118,96.8
0.0,0.14,96.8
0.023,0.129,96.8
0.078,0.103,96.8
0.155,0.125,96.8
0.248,0.124,96.8
0.351,0.122,96.8
0.428,0.125,96.8
0.528,0.133,96.8
0.531,0.145,96.8
0.497,0.163,96.8
0.46,0.192,96.8
0.369,0.232,96.8
0.246,0.279,96.8
0.147,0.312,96.8
0.079,0.315,96.8
0.024,0.27,96.8
0.0,0.261,96.8
0.0,0.257,96.8
0.0,0.252,96.8
0.0,0.244,96.8
0.0,0.234,96.8
0.0,0.209,96.8
0.0,0.196,96.8
0.0,0.197,96.8
0.0,0.191,96.8
0.03,0.15,96.8
0.097,0.142,96.8
0.18,0.138,96.8
0.254,0.119,96.8
0.417,0.118,96.8
0.493,0.126,96.8
0.51,0.138,96.8
0.498,0.146,96.8
0.487,0.155,96.8
0.413,0.161,96.8
0.358,0.164,96.8
0.289,0.167,96.8
0.191,0.167,96.8
0.096,0.155,96.8
0.033,0.139,96.8
0.0,0.168,96.8
0.0,0.183,96.8
0.0,0.181,96.8
0.0,0.184,96.8
0.0,0.175,96.8
0.0,0.16,96.8
0.0,0.148,96.8
0.0,0.135,96.8
0.0,0.125,96.8
0.028,0.099,96.8
0.098,0.064,96.8
0.26,0.075,96.8
0.416,0.084,96.8
0.551,0.09,96.8
0.605,0.09,96.8
0.621,0.09,96.8
0.626,0.093,96.8
0.599,0.096,96.8
0.534,0.1,96.8
0.435,0.1,96.8
0.321,0.096,96.8
0.162,0.096,96.8
0.085,0.093,96.8
0.031,0.09,96.8
0.0,0.104,96.8
0.0,0.111,96.8
0.0,0.113,96.8
0.0,0.114,96.8
0.0,0.106,96.8
0.0,0.09,96.8
0.0,0.071,96.8
0.0,0.057,96.8
0.0,0.045,96.8
0.029,0.036,96.8
0.097,0.019,96.8
0.237,0.033,96.8
0.388,0.042,96.8
0.492,0.048,96.8
0.604,0.058,96.8
0.656,0.068,96.8
0.672,0.073,96.8
0.665,0.071,96.8
0.605,0.065,96.8
0.496,0.058,96.8
0.379,0.055,96.8
0.244,0.055,96.8
0.104,0.059,96.8
0.032,0.072,96.8
0.0,0.091,96.8
0.0,0.102,96.8
0.0,0.099,96.8
0.0,0.084,96.8
0.0,0.064,96.8
0.0,0.045,96.8
0.0,0.03,96.8
0.0,0.018,96.8
0.0,0.012,96.8
0.03,0.009,96.8
0.099,0.008,96.8
0.243,0.004,96.8
0.396,0.013,96.8
0.521,0.028,96.8
0.574,0.045,96.8
0.6,0.062,96.8
0.573,0.082,96.8
0.519,0.098,96.8
0.413,0.102,96.8
0.332,0.1,96.8
0.271,0.093,96.8
0.203,0.09,96.8
0.102,0.097,96.8
0.032,0.121,96.8
0.0,0.168,96.8
0.0,0.214,96.8
0.0,0.237,96.8
0.0,0.227,96.8
0.0,0.199,96.8
0.0,0.168,96.8
0.0,0.138,96.8
0.0,0.103,96.8
0.0,0.057,96.8
0.026,0.017,96.8
0.093,0.002,96.8
0.255,0.004,96.8
0.417,0.019,96.8
0.551,0.027,96.8
0.648,0.034,96.8
0.705,0.04,96.8
0.723,0.045,96.8
0.703,0.049,96.8
0.645,0.051,96.8
0.548,0.054,96.8
0.416,0.053,96.8
0.257,0.048,96.8
0.101,0.045,96.8
0.029,0.046,96.8
0.0,0.056,96.8
0.0,0.07,96.8
0.0,0.085,96.8
0.0,0.092,96.8
0.0,0.1,96.8
0.0,0.119,96.8
0.0,0.131,96.8
0.0,0.133,96.8
0.0,0.125,96.8
0.028,0.093,96.8
0.094,0.051,96.8
0.252,0.053,96.8
0.414,0.058,96.8
0.545,0.053,96.8
0.64,0.048,96.8
0.696,0.046,96.8
0.713,0.051,96.8
0.69,0.062,96.8
0.624,0.079,96.8
0.525,0.094,96.8
0.4,0.111,96.8
0.249,0.135,96.8
0.103,0.154,96.8
0.032,0.17,96.8
0.0,0.21,96.8
0.0,0.223,96.8
0.0,0.204,96.8
0.0,0.17,96.8
0.0,0.144,96.8
0.0,0.142,96.8
0.0,0.164,96.8
0.0,0.179,96.8
0.0,0.185,96.8
0.026,0.161,96.8
0.087,0.185,96.8
0.14,0.22,96.8
0.288,0.243,96.8
0.471,0.272,96.8
0.539,0.306,96.8
0.511,0.376,96.8
0.333,0.447,96.8
0.36,0.491,96.8
0.407,0.499,96.8
0.422,0.49,96.8
0.368,0.482,96.8
0.246,0.468,96.8
0.112,0.435,96.8
0.037,0.407,96.8
0.0,0.41,96.8
0.0,0.4,96.8
0.0,0.35,96.8
0.0,0.294,96.8
0.0,0.236,96.8
0.0,0.201,96.8
0.0,0.169,96.8
0.0,0.137,96.8
0.0,0.101,96.8
0.024,0.046,96.8
0.093,0.03,96.8
0.27,0.047,96.8
0.443,0.043,96.8
0.583,0.038,96.8
0.681,0.035,96.8
0.737,0.039,96.8
0.754,0.044,96.8
0.733,0.046,96.8
0.673,0.045,96.8
0.574,0.042,96.8
0.438,0.041,96.8
0.273,0.041,96.8
0.103,0.041,96.8
0.025,0.051,96.8
0.0,0.079,96.8
0.0,0.112,96.8
0.0,0.141,96.8
0.0,0.167,96.8
0.0,0.194,96.8
0.0,0.228,96.8
0.0,0.274,96.8
0.0,0.32,96.8
0.0,0.359,96.8
0.021,0.32,96.8
0.091,0.169,96.8
0.266,0.1,96.8
0.432,0.134,96.8
0.567,0.094,96.8
0.662,0.068,96.8
0.717,0.046,96.8
0.732,0.028,96.8
0.711,0.018,96.8
0.652,0.013,96.8
0.555,0.011,96.8
0.423,0.012,96.8
0.263,0.018,96.8
0.101,0.03,96.8
0.026,0.043,96.8
0.0,0.053,96.8
0.0,0.058,96.8
0.0,0.052,96.8
0.0,0.05,96.8
0.0,0.064,96.8
0.0,0.095,96.8
0.0,0.128,96.8
0.0,0.161,96.8
0.0,0.192,96.8
0.024,0.179,96.8
0.077,0.133,96.8
0.205,0.129,96.8
0.372,0.135,96.8
0.463,0.125,96.8
0.487,0.106,96.8
0.497,0.101,96.8
0.551,0.1,96.8
0.645,0.085,96.8
0.613,0.075,96.8
0.526,0.076,96.8
0.372,0.083,96.8
0.221,0.096,96.8
0.109,0.12,96.8
0.036,0.175,96.8
0.0,0.253,96.8
0.0,0.289,96.8
0.0,0.273,96.8
0.0,0.251,96.8
0.0,0.237,96.8
0.0,0.23,96.8
0.0,0.231,96.8
0.0,0.243,96.8
0.0,0.243,96.8
0.03,0.192,96.8
0.096,0.102,96.8
0.232,0.071,96.8
0.38,0.069,96.8
0.508,0.062,96.8
0.609,0.066,96.8
0.67,0.078,96.8
0.675,0.091,96.8
0.655,0.093,96.8
0.589,0.082,96.8
0.5,0.071,96.8
0.371,0.071,96.8
0.235,0.076,96.8
0.104,0.083,96.8
0.034,0.083,96.8
0.0,0.08,96.8
0.0,0.073,96.8
0.0,0.083,96.8
0.0,0.115,96.8
0.0,0.186,96.8
0.0,0.274,96.8
0.0,0.359,96.8
0.0,0.422,96.8
0.0,0.444,96.8
0.026,0.401,96.8
0.091,0.27,96.8
0.25,0.163,96.8
0.404,0.142,96.8
0.528,0.207,96.8
0.615,0.204,96.8
0.661,0.196,96.8
0.668,0.208,96.8
0.638,0.22,96.8
0.577,0.202,96.8
0.487,0.155,96.8
0.368,0.127,96.8
0.231,0.097,96.8
0.103,0.057,96.8
0.033,0.051,96.8
0.0,0.089,96.8
0.0,0.135,96.8
0.0,0.163,96.8
0.0,0.168,96.8
0.0,0.155,96.8
0.0,0.137,96.8
0.0,0.131,96.8
0.0,0.085,96.8
0.0,0.045,96.8
0.032,0.057,96.8
0.099,0.038,96.8
0.237,0.026,96.8
0.378,0.029,96.8
0.438,0.041,96.8
0.437,0.054,96.8
0.444,0.05,96.8
0.468,0.045,96.8
0.554,0.057,96.8
0.465,0.089,96.8
0.319,0.114,96.8
0.21,0.101,96.8
0.136,0.088,96.8
0.086,0.109,96.8
0.031,0.148,96.8
0.0,0.215,96.8
0.0,0.308,96.8
0.0,0.386,96.8
0.0,0.4,96.8
0.0,0.379,96.8
0.0,0.302,96.8
0.0,0.251,96.8
0.0,0.205,96.8
0.0,0.194,96.8
0.03,0.159,96.8
0.098,0.118,96.8
0.242,0.116,96.8
0.353,0.099,96.8
0.372,0.089,96.8
0.4,0.071,96.8
0.556,0.034,96.8
0.674,0.021,96.8
0.673,0.018,96.8
0.577,0.011,96.8
0.444,0.007,96.8
0.301,0.005,96.8
0.185,0.015,96.8
0.095,0.039,96.8
0.025,0.074,96.8
0.0,0.198,96.8
0.0,0.435,96.8
0.0,0.525,96.8
0.0,0.527,96.8
0.0,0.5,96.8
0.0,0.459,96.8
0.0,0.484,96.8
0.0,0.572,96.8
0.0,0.618,96.8
0.034,0.594,96.8
0.096,0.537,96.8
0.151,0.505,96.8
0.326,0.478,96.8
0.538,0.376,96.8
0.629,0.283,96.8
0.677,0.263,96.8
0.651,0.219,96.8
0.639,0.171,96.8
0.566,0.11,96.8
0.435,0.053,96.8
0.277,0.022,96.8
0.189,0.011,96.8
0.06,0.002,96.8
0.004,0.025,96.8
0.0,0.138,96.8
0.0,0.262,96.8
0.0,0.256,96.8
0.0,0.212,96.8
0.0,0.199,96.8
0.0,0.163,96.8
0.0,0.12,96.8
0.0,0.106,96.8
0.0,0.14,96.8
0.027,0.114,96.8
0.092,0.082,96.8
0.194,0.122,96.8
0.283,0.233,96.8
0.334,0.367,96.8
0.467,0.397,96.8
0.573,0.343,96.8
0.627,0.275,96.8
0.614,0.223,96.8
0.54,0.181,96.8
0.428,0.154,96.8
0.3,0.139,96.8
0.187,0.147,96.8
0.088,0.183,96.8
0.029,0.245,96.8
0.0,0.306,96.8
0.0,0.306,96.8
0.0,0.233,96.8
0.0,0.21,96.8
0.0,0.217,96.8
0.0,0.22,96.8
0.0,0.189,96.8
0.0,0.176,96.8
0.0,0.213,96.8
0.038,0.249,96.8
0.111,0.319,96.8
0.235,0.313,96.8
0.312,0.258,96.8
0.294,0.215,96.8
0.278,0.192,96.8
0.247,0.177,96.8
0.215,0.154,96.8
0.175,0.144,96.8
0.163,0.155,96.8
0.126,0.161,96.8
0.092,0.154,96.8
0.073,0.132,96.8
0.059,0.118,96.8
0.021,0.117,96.8
0.0,0.155,96.8
0.0,0.193,96.8
0.0,0.188,96.8
0.0,0.158,96.8
0.0,0.169,96.8
0.0,0.17,96.8
0.0,0.152,96.8
0.0,0.142,96.8
0.0,0.136,96.8
0.011,0.121,96.8
0.068,0.1,96.8
0.163,0.088,96.8
0.254,0.079,96.8
0.334,0.07,96.8
0.389,0.064,96.8
0.444,0.059,96.8
0.425,0.059,96.8
0.345,0.066,96.8
0.261,0.085,96.8
0.253,0.101,96.8
0.227,0.108,96.8
0.153,0.123,96.8
0.085,0.139,96.8
0.025,0.171,96.8
0.0,0.24,96.8
0.0,0.268,96.8
0.0,0.243,96.8
0.0,0.204,96.8
0.0,0.165,96.8
0.0,0.132,96.8
0.0,0.125,96.8
0.0,0.12,96.8
0.0,0.113,96.8
0.008,0.094,96.8
0.051,0.073,96.8
0.123,0.08,96.8
0.208,0.099,96.8
0.279,0.112,96.8
0.361,0.119,96.8
0.419,0.114,96.8
0.377,0.101,96.8
0.287,0.097,96.8
0.295,0.101,96.8
0.23,0.111,96.8
0.182,0.123,96.8
0.129,0.134,96.8
0.069,0.128,96.8
0.022,0.129,96.8
0.0,0.155,96.8
0.0,0.168,96.8
0.0,0.182,96.8
0.0,0.185,96.8
0.0,0.167,96.8
0.0,0.15,96.8
0.0,0.148,96.8
0.0,0.167,96.8
0.0,0.176,96.8
0.029,0.127,96.8
0.095,0.073,96.8
0.25,0.085,96.8
0.405,0.1,96.8
0.526,0.112,96.8
0.6,0.116,96.8
0.635,0.108,96.8
0.639,0.098,96.8
0.618,0.084,96.8
0.553,0.065,96.8
0.459,0.046,96.8
0.351,0.035,96.8
0.226,0.028,96.8
0.11,0.023,96.8
0.035,0.023,96.8
0.0,0.034,96.8
0.0,0.044,96.8
0.0,0.047,96.8
0.0,0.047,96.8
0.0,0.054,96.8
0.0,0.058,96.8
0.0,0.052,96.8
0.0,0.042,96.8
0.0,0.036,96.8
0.033,0.035,96.8
0.1,0.022,96.8
0.244,0.018,96.8
0.4,0.023,96.8
0.534,0.024,96.8
0.616,0.022,96.8
0.637,0.02,96.8
0.589,0.017,96.8
0.458,0.012,96.8
0.302,0.007,96.8
0.208,0.002,96.8
0.183,0.003,96.8
0.152,0.008,96.8
0.09,0.016,96.8
0.029,0.027,96.8
0.0,0.04,96.8
0.0,0.061,96.8
0.0,0.092,96.8
0.0,0.133,96.8
0.0,0.168,96.8
0.0,0.199,96.8
0.0,0.227,96.8
0.0,0.249,96.8
0.0,0.225,96.8
0.014,0.177,96.8
0.055,0.13,96.8
0.158,0.098,96.8
0.335,0.125,96.8
0.513,0.135,96.8
0.543,0.128,96.8
0.517,0.137,96.8
0.492,0.145,96.8
0.456,0.158,96.8
0.348,0.167,96.8
0.212,0.163,96.8
0.107,0.141,96.8
0.065,0.118,96.8
0.04,0.101,96.8
0.017,0.089,96.8
0.0,0.103,96.8
0.0,0.133,96.8
0.0,0.156,96.8
0.0,0.154,96.8
0.0,0.161,96.8
0.0,0.185,96.8
0.0,0.17,96.8
0.0,0.101,96.8
0.0,0.062,96.8
0.026,0.068,96.8
0.095,0.03,96.8
0.193,0.005,96.8
0.267,0.003,96.8
0.388,0.016,96.8
0.528,0.032,96.8
0.544,0.051,96.8
0.559,0.094,96.8
0.544,0.168,96.8
0.502,0.206,96.8
0.396,0.22,96.8
0.229,0.225,96.8
0.186,0.182,96.8
0.114,0.16,96.8
0.023,0.168,96.8
0.0,0.118,96.8
0.0,0.122,96.8
0.0,0.183,96.8
0.0,0.202,96.8
0.0,0.148,96.8
0.0,0.104,96.8
0.0,0.107,96.8
0.0,0.131,96.8
0.0,0.166,96.8
0.019,0.177,96.8
0.067,0.135,96.8
0.137,0.101,96.8
0.227,0.094,96.8
0.322,0.073,96.8
0.403,0.068,96.8
0.48,0.075,96.8
0.522,0.083,96.8
0.472,0.102,96.8
0.405,0.14,96.8
0.315,0.196,96.8
0.214,0.274,96.8
0.088,0.311,96.8
0.049,0.295,96.8
0.01,0.27,96.8
0.0,0.256,96.8
0.0,0.227,96.8
0.0,0.201,96.8
0.0,0.201,96.8
0.0,0.19,96.8
0.0,0.179,96.8
0.0,0.181,96.8
0.0,0.185,96.8
0.0,0.178,96.8
0.029,0.14,96.8
0.085,0.103,96.8
0.126,0.115,96.8
0.188,0.112,96.8
0.255,0.102,96.8
0.291,0.103,96.8
0.292,0.112,96.8
0.32,0.125,96.8
0.371,0.141,96.8
0.356,0.164,96.8
0.341,0.19,96.8
0.253,0.21,96.8
0.178,0.228,96.8
0.103,0.241,96.8
0.028,0.204,96.8
0.0,0.193,96.8
0.0,0.21,96.8
0.0,0.228,96.8
0.0,0.234,96.8
0.0,0.245,96.8
0.0,0.249,96.8
0.0,0.231,96.8
0.0,0.234,96.8
0.0,0.241,96.8
0.01,0.238,96.8
0.047,0.261,96.8
0.106,0.305,96.8
0.187,0.328,96.8
0.278,0.329,96.8
0.322,0.331,96.8
0.399,0.328,96.8
0.273,0.328,96.8
0.259,0.328,96.8
0.234,0.319,96.8
0.21,0.303,96.8
0.173,0.282,96.8
0.123,0.249,96.8
0.07,0.187,96.8
0.02,0.117,96.8
0.0,0.095,96.8
0.0,0.103,96.8
0.0,0.103,96.8
0.0,0.103,96.8
0.0,0.101,96.8
0.0,0.103,96.8
0.0,0.117,96.8
0.0,0.138,96.8
0.0,0.15,96.8
0.026,0.113,96.8
0.093,0.084,96.8
0.206,0.097,96.8
0.358,0.087,96.8
0.485,0.08,96.8
0.553,0.078,96.8
0.57,0.078,96.8
0.652,0.083,96.8
0.652,0.092,96.8
0.586,0.1,96.8
0.499,0.101,96.8
0.392,0.087,96.8
0.251,0.065,96.8
0.111,0.046,96.8
0.035,0.032,96.8
0.0,0.019,96.8
0.0,0.011,96.8
0.0,0.009,96.8
0.0,0.017,96.8
0.0,0.039,96.8
0.0,0.073,96.8
0.0,0.11,96.8
0.0,0.141,96.8
0.0,0.167,96.8
0.023,0.177,96.8
0.095,0.117,96.8
0.228,0.064,96.8
0.383,0.05,96.8
0.532,0.036,96.8
0.632,0.027,96.8
0.685,0.02,96.8
0.699,0.016,96.8
0.656,0.012,96.8
0.563,0.011,96.8
0.338,0.011,96.8
0.191,0.008,96.8
0.068,0.007,96.8
0.024,0.009,96.8
0.001,0.021,96.8
0.0,0.043,96.8
0.0,0.056,96.8
0.0,0.05,96.8
0.0,0.029,96.8
0.0,0.01,96.8
0.0,0.007,96.8
0.0,0.021,96.8
0.0,0.047,96.8
0.0,0.076,96.8
0.033,0.076,96.8
0.106,0.031,96.8
0.209,0.011,96.8
0.308,0.009,96.8
0.351,0.012,96.8
0.368,0.016,96.8
0.3,0.017,96.8
0.179,0.013,96.8
0.19,0.008,96.8
0.155,0.007,96.8
0.091,0.008,96.8
0.048,0.017,96.8
0.026,0.036,96.8
0.013,0.061,96.8
0.004,0.089,96.8
0.0,0.121,96.8
0.0,0.144,96.8
0.0,0.155,96.8
0.0,0.172,96.8
0.0,0.221,96.8
0.0,0.264,96.8
0.0,0.274,96.8
0.0,0.263,96.8
0.0,0.22,96.8
0.006,0.18,96.8
0.053,0.144,96.8
0.161,0.114,96.8
0.32,0.066,96.8
0.464,0.057,96.8
0.525,0.062,96.8
0.602,0.073,96.8
0.582,0.095,96.8
0.552,0.113,96.8
0.57,0.118,96.8
0.529,0.111,96.8
0.389,0.093,96.8
0.203,0.071,96.8
0.107,0.049,96.8
0.034,0.042,96.8
0.0,0.069,96.8
0.0,0.173,96.8
0.0,0.298,96.8
0.0,0.349,96.8
0.0,0.358,96.8
0.0,0.372,96.8
0.0,0.388,96.8
0.0,0.384,96.8
0.0,0.395,96.8
0.022,0.413,96.8
0.095,0.58,96.8
0.071,0.657,96.8
0.127,0.718,96.8
0.12,0.652,96.8
0.262,0.519,96.8
0.52,0.552,96.8
0.692,0.654,96.8
0.6,0.725,96.8
0.642,0.712,96.8
0.552,0.682,96.8
0.39,0.637,96.8
0.215,0.547,96.8
0.086,0.402,96.8
0.032,0.29,96.8
0.0,0.221,96.8
0.0,0.179,96.8
0.0,0.171,96.8
0.0,0.172,96.8
0.0,0.179,96.8
0.0,0.205,96.8
0.0,0.241,96.8
0.0,0.289,96.8
0.0,0.312,96.8
0.027,0.25,96.8
0.089,0.167,96.8
0.231,0.144,96.8
0.4,0.154,96.8
0.532,0.189,96.8
0.623,0.209,96.8
0.684,0.202,96.8
0.688,0.194,96.8
0.65,0.183,96.8
0.588,0.158,96.8
0.509,0.132,96.8
0.334,0.116,96.8
0.186,0.092,96.8
0.092,0.07,96.8
0.031,0.056,96.8
0.0,0.043,96.8
0.0,0.035,96.8
0.0,0.031,96.8
0.0,0.031,96.8
0.0,0.015,96.8
0.0,0.005,96.8
0.0,0.003,96.8
0.0,0.003,96.8
0.0,0.002,96.8
0.032,0.003,96.8
0.096,0.004,96.8
0.238,0.002,96.8
0.382,0.001,96.8
0.441,0.001,96.8
0.478,0.001,96.8
0.401,0.005,96.8
0.321,0.009,96.8
0.264,0.015,96.8
0.21,0.039,96.8
0.175,0.07,96.8
0.138,0.112,96.8
0.11,0.13,96.8
0.044,0.105,96.8
0.006,0.101,96.8
0.0,0.124,96.8
0.0,0.118,96.8
0.0,0.118,96.8
0.0,0.121,96.8
0.0,0.112,96.8
0.0,0.111,96.8
0.0,0.098,96.8
0.0,0.116,96.8
0.0,0.142,96.8
0.01,0.127,96.8
0.047,0.079,96.8
0.116,0.064,96.8
0.225,0.078,96.8
0.376,0.084,96.8
0.464,0.082,96.8
0.486,0.084,96.8
0.499,0.096,96.8
0.498,0.102,96.8
0.444,0.105,96.8
0.35,0.118,96.8
0.248,0.114,96.8
0.188,0.101,96.8
0.1,0.088,96.8
0.033,0.077,96.8
0.0,0.067,96.8
0.0,0.059,96.8
0.0,0.063,96.8
0.0,0.077,96.8
0.0,0.093,96.8
0.0,0.086,96.8
0.0,0.065,96.8
0.0,0.063,96.8
0.0,0.065,96.8
0.031,0.058,96.8
0.07,0.044,96.8
0.104,0.028,96.8
0.17,0.022,96.8
0.262,0.023,96.8
0.279,0.021,96.8
0.36,0.019,96.8
0.485,0.015,96.8
0.367,0.01,96.8
0.25,0.007,96.8
0.188,0.007,96.8
0.148,0.007,96.8
0.103,0.008,96.8
0.037,0.005,96.8
0.007,0.009,96.8
0.0,0.021,96.8
0.0,0.039,96.8
0.0,0.059,96.8
0.0,0.041,96.8
0.0,0.02,96.8
0.0,0.006,96.8
0.0,0.006,96.8
0.0,0.025,96.8
0.0,0.056,96.8
0.007,0.087,96.8
0.039,0.093,96.8
0.089,0.105,96.8
0.179,0.128,96.8
0.258,0.141,96.8
0.344,0.126,96.8
0.419,0.099,96.8
0.529,0.081,96.8
0.517,0.06,96.8
0.504,0.037,96.8
0.444,0.018,96.8
0.323,0.01,96.8
0.2,0.006,96.8
0.102,0.003,96.8
0.029,0.003,96.8
0.0,0.016,96.8
0.0,0.04,96.8
0.0,0.058,96.8
0.0,0.064,96.8
0.0,0.068,96.8
0.0,0.079,96.8
0.0,0.106,96.8
0.0,0.133,96.8
0.0,0.154,96.8
0.018,0.15,96.8
0.094,0.092,96.8
0.197,0.068,96.8
0.204,0.101,96.8
0.289,0.138,96.8
0.282,0.097,96.8
0.207,0.077,96.8
0.248,0.068,96.8
0.226,0.048,96.8
0.179,0.03,96.8
0.161,0.031,96.8
0.137,0.042,96.8
0.134,0.05,96.8
0.07,0.04,96.8
0.009,0.024,96.8
0.0,0.025,96.8
0.0,0.047,96.8
0.0,0.041,96.8
0.0,0.058,96.8
0.0,0.062,96.8
0.0,0.075,96.8
0.0,0.075,96.8
0.0,0.058,96.8
0.0,0.039,96.8
0.0,0.025,96.8
0.018,0.018,96.8
0.051,0.023,96.8
0.089,0.037,96.8
0.142,0.059,96.8
0.239,0.075,96.8
0.4,0.083,96.8
0.495,0.079,96.8
0.502,0.077,96.8
0.41,0.078,96.8
0.262,0.078,96.8
0.148,0.077,96.8
0.091,0.076,96.8
0.042,0.07,96.8
0.006,0.067,96.8
0.0,0.075,96.8
0.0,0.101,96.8
0.0,0.102,96.8
0.0,0.058,96.8
0.0,0.04,96.8
0.0,0.04,96.8
0.0,0.051,96.8
0.0,0.068,96.8
0.0,0.099,96.8
0.002,0.131,96.8
0.017,0.144,96.8
0.048,0.124,96.8
0.1,0.167,96.8
0.171,0.271,96.8
0.226,0.376,96.8
0.229,0.414,96.8
0.212,0.398,96.8
0.207,0.396,96.8
0.168,0.364,96.8
0.145,0.329,96.8
0.121,0.272,96.8
0.086,0.187,96.8
0.043,0.137,96.8
0.005,0.104,96.8
0.0,0.061,96.8
0.0,0.046,96.8
0.0,0.042,96.8
0.0,0.036,96.8
0.0,0.026,96.8
0.0,0.011,96.8
0.0,0.009,96.8
0.0,0.027,96.8
0.0,0.037,96.8
0.024,0.025,96.8
0.085,0.007,96.8
0.208,0.003,96.8
0.35,0.006,96.8
0.522,0.008,96.8
0.622,0.011,96.8
0.678,0.021,96.8
0.685,0.034,96.8
0.645,0.045,96.8
0.559,0.058,96.8
0.481,0.068,96.8
0.353,0.08,96.8
0.204,0.102,96.8
0.092,0.145,96.8
0.023,0.182,96.8
0.0,0.223,96.8
0.0,0.238,96.8
0.0,0.249,96.8
0.0,0.255,96.8
0.0,0.239,96.8
0.0,0.233,96.8
0.0,0.222,96.8
0.0,0.214,96.8
0.0,0.208,96.8
0.018,0.183,96.8
0.078,0.179,96.8
0.147,0.171,96.8
0.185,0.162,96.8
0.163,0.158,96.8
0.174,0.139,96.8
0.199,0.112,96.8
0.271,0.099,96.8
0.413,0.098,96.8
0.458,0.101,96.8
0.398,0.109,96.8
0.292,0.118,96.8
0.182,0.123,96.8
0.09,0.12,96.8
0.025,0.115,96.8
0.0,0.147,96.8
0.0,0.184,96.8
0.0,0.204,96.8
0.0,0.205,96.8
0.0,0.194,96.8
0.0,0.171,96.8
0.0,0.14,96.8
0.0,0.12,96.8
0.0,0.121,96.8
0.02,0.112,96.8
0.083,0.107,96.8
0.212,0.132,96.8
0.368,0.147,96.8
0.495,0.18,96.8
0.592,0.211,96.8
0.635,0.233,96.8
0.68,0.258,96.8
0.668,0.289,96.8
0.628,0.325,96.8
0.539,0.355,96.8
0.414,0.381,96.8
0.256,0.394,96.8
0.104,0.391,96.8
0.025,0.415,96.8
0.0,0.455,96.8
0.0,0.413,96.8
0.0,0.345,96.8
0.0,0.3,96.8
0.0,0.261,96.8
0.0,0.23,96.8
0.0,0.204,96.8
0.0,0.187,96.8
0.0,0.174,96.8
0.02,0.141,96.8
0.074,0.077,96.8
0.238,0.073,96.8
0.406,0.084,96.8
0.544,0.094,96.8
0.643,0.11,96.8
0.7,0.132,96.8
0.717,0.155,96.8
0.696,0.181,96.8
0.635,0.203,96.8
0.537,0.223,96.8
0.404,0.249,96.8
0.245,0.265,96.8
0.098,0.264,96.8
0.024,0.32,96.8
0.0,0.395,96.8
0.0,0.381,96.8
0.0,0.318,96.8
0.0,0.261,96.8
0.0,0.213,96.8
0.0,0.171,96.8
0.0,0.137,96.8
0.0,0.109,96.8
0.0,0.095,96.8
0.021,0.087,96.8
0.078,0.058,96.8
0.232,0.068,96.8
0.394,0.076,96.8
0.531,0.083,96.8
0.629,0.084,96.8
0.686,0.085,96.8
0.703,0.087,96.8
0.687,0.094,96.8
0.62,0.104,96.8
0.517,0.112,96.8
0.375,0.121,96.8
0.213,0.13,96.8
0.088,0.126,96.8
0.023,0.118,96.8
0.0,0.12,96.8
0.0,0.113,96.8
0.0,0.095,96.8
0.0,0.071,96.8
0.0,0.045,96.8
0.0,0.022,96.8
0.0,0.009,96.8
0.0,0.01,96.8
0.0,0.021,96.8
0.02,0.032,96.8
0.075,0.025,96.8
0.233,0.034,96.8
0.403,0.044,96.8
0.548,0.047,96.8
0.652,0.048,96.8
0.713,0.053,96.8
0.734,0.059,96.8
0.713,0.067,96.8
0.654,0.072,96.8
0.555,0.077,96.8
0.419,0.082,96.8
0.257,0.085,96.8
0.101,0.089,96.8
0.023,0.107,96.8
0.0,0.13,96.8
0.0,0.137,96.8
0.0,0.136,96.8
0.0,0.134,96.8
0.0,0.132,96.8
0.0,0.129,96.8
0.0,0.125,96.8
0.0,0.123,96.8
0.0,0.115,96.8
0.019,0.103,96.8
0.073,0.061,96.8
0.237,0.028,96.8
0.405,0.031,96.8
0.545,0.028,96.8
0.647,0.024,96.8
0.707,0.02,96.8
0.725,0.019,96.8
0.705,0.022,96.8
0.645,0.026,96.8
0.546,0.029,96.8
0.41,0.032,96.8
0.249,0.036,96.8
0.098,0.043,96.8
0.022,0.054,96.8
0.0,0.068,96.8
0.0,0.074,96.8
0.0,0.07,96.8
0.0,0.061,96.8
0.0,0.051,96.8
0.0,0.045,96.8
0.0,0.042,96.8
0.0,0.038,96.8
0.0,0.029,96.8
0.018,0.022,96.8
0.079,0.013,96.8
0.194,0.009,96.8
0.328,0.012,96.8
0.468,0.014,96.8
0.55,0.017,96.8
0.565,0.024,96.8
0.608,0.035,96.8
0.563,0.048,96.8
0.428,0.059,96.8
0.397,0.062,96.8
0.302,0.062,96.8
0.173,0.068,96.8
0.071,0.085,96.8
0.016,0.13,96.8
0.0,0.191,96.8
0.0,0.225,96.8
0.0,0.219,96.8
0.0,0.192,96.8
0.0,0.163,96.8
0.0,0.141,96.8
0.0,0.124,96.8
0.0,0.112,96.8
0.0,0.1,96.8
0.018,0.079,96.8
0.073,0.037,96.8
0.229,0.039,96.8
0.394,0.037,96.8
0.533,0.024,96.8
0.633,0.018,96.8
0.693,0.019,96.8
0.713,0.024,96.8
0.692,0.03,96.8
0.633,0.035,96.8
0.534,0.039,96.8
0.401,0.044,96.8
0.244,0.058,96.8
0.096,0.103,96.8
0.021,0.206,96.8
0.0,0.233,96.8
0.0,0.262,96.8
0.0,0.332,96.8
0.0,0.322,96.8
0.0,0.228,96.8
0.0,0.165,96.8
0.0,0.272,96.8
0.0,0.432,96.8
0.0,0.388,96.8
0.015,0.269,96.8
0.07,0.12,96.8
0.092,0.021,96.8
0.115,0.014,96.8
0.139,0.011,96.8
0.146,0.012,96.8
0.215,0.045,96.8
0.33,0.038,96.8
0.306,0.016,96.8
0.267,0.029,96.8
0.239,0.094,96.8
0.193,0.118,96.8
0.11,0.088,96.8
0.051,0.049,96.8
0.01,0.021,96.8
0.0,0.014,96.8
0.0,0.047,96.8
0.0,0.07,96.8
0.0,0.122,96.8
0.0,0.147,96.8
0.0,0.152,96.8
0.0,0.166,96.8
0.0,0.179,96.8
0.0,0.193,96.8
0.016,0.182,96.8
0.075,0.108,96.8
0.221,0.077,96.8
0.382,0.085,96.8
0.516,0.087,96.8
0.605,0.093,96.8
0.641,0.095,96.8
0.647,0.092,96.8
0.619,0.085,96.8
0.554,0.079,96.8
0.427,0.077,96.8
0.33,0.082,96.8
0.204,0.09,96.8
0.094,0.093,96.8
0.02,0.09,96.8
0.0,0.093,96.8
0.0,0.117,96.8
0.0,0.156,96.8
0.0,0.191,96.8
0.0,0.205,96.8
0.0,0.212,96.8
0.0,0.213,96.8
0.0,0.21,96.8
0.0,0.222,96.8
0.012,0.21,96.8
0.074,0.134,96.8
0.172,0.112,96.8
0.264,0.146,96.8
0.402,0.196,96.8
0.545,0.227,96.8
0.643,0.235,96.8
0.637,0.241,96.8
0.566,0.249,96.8
0.498,0.251,96.8
0.435,0.248,96.8
0.276,0.233,96.8
0.176,0.191,96.8
0.074,0.141,96.8
0.012,0.133,96.8
0.0,0.168,96.8
0.0,0.206,96.8
0.0,0.221,96.8
0.0,0.229,96.8
0.0,0.243,96.8
0.0,0.243,96.8
0.0,0.233,96.8
0.0,0.212,96.8
0.0,0.185,96.8
0.014,0.154,96.8
0.068,0.105,96.8
0.134,0.098,96.8
0.193,0.135,96.8
0.286,0.186,96.8
0.301,0.201,96.8
0.244,0.185,96.8
0.347,0.17,96.8
0.435,0.16,96.8
0.395,0.153,96.8
0.162,0.162,96.8
0.051,0.192,96.8
0.032,0.191,96.8
0.027,0.167,96.8
0.004,0.152,96.8
0.0,0.158,96.8
0.0,0.189,96.8
0.0,0.243,96.8
0.0,0.302,96.8
0.0,0.325,96.8
0.0,0.32,96.8
0.0,0.309,96.8
0.0,0.299,96.8
0.0,0.302,96.8
0.013,0.289,96.8
0.074,0.241,96.8
0.18,0.281,96.8
0.271,0.357,96.8
0.476,0.4,96.8
0.587,0.443,96.8
0.635,0.464,96.8
0.646,0.466,96.8
0.641,0.472,96.8
0.6,0.479,96.8
0.521,0.486,96.8
0.392,0.481,96.8
0.22,0.428,96.8
0.087,0.347,96.8
0.017,0.326,96.8
0.0,0.344,96.8
0.0,0.353,96.8
0.0,0.386,96.8
0.0,0.426,96.8
0.0,0.398,96.8
0.0,0.403,96.8
0.0,0.4,96.8
0.0,0.42,96.8
0.0,0.4,96.8
0.008,0.367,96.8
0.061,0.3,96.8
0.199,0.395,96.8
0.401,0.481,96.8
0.542,0.55,96.8
0.637,0.571,96.8
0.695,0.563,96.8
0.713,0.55,96.8
0.667,0.532,96.8
0.61,0.505,96.8
0.474,0.475,96.8
0.316,0.432,96.8
0.141,0.333,96.8
0.071,0.245,96.8
0.012,0.231,96.8
0.0,0.229,96.8
0.0,0.208,96.8
0.0,0.186,96.8
0.0,0.176,96.8
0.0,0.181,96.8
0.0,0.192,96.8
0.0,0.205,96.8
0.0,0.227,96.8
0.0,0.252,96.8
0.013,0.27,96.8
0.072,0.184,96.8
0.214,0.135,96.8
0.336,0.22,96.8
0.454,0.26,96.8
0.547,0.264,96.8
0.615,0.251,96.8
0.616,0.249,96.8
0.579,0.274,96.8
0.465,0.341,96.8
0.342,0.377,96.8
0.206,0.372,96.8
0.17,0.376,96.8
0.092,0.391,96.8
0.017,0.418,96.8
0.0,0.435,96.8
0.0,0.42,96.8
0.0,0.398,96.8
0.0,0.447,96.8
0.0,0.483,96.8
0.0,0.544,96.8
0.0,0.548,96.8
0.0,0.538,96.8
0.0,0.523,96.8
0.012,0.501,96.8
0.069,0.484,96.8
0.213,0.62,96.8
0.382,0.672,96.8
0.525,0.682,96.8
0.624,0.665,96.8
0.682,0.63,96.8
0.685,0.583,96.8
0.653,0.528,96.8
0.569,0.464,96.8
0.426,0.388,96.8
0.242,0.31,96.8
0.165,0.219,96.8
0.086,0.133,96.8
0.013,0.101,96.8
0.0,0.084,96.8
0.0,0.068,96.8
0.0,0.091,96.8
0.0,0.095,96.8
0.0,0.063,96.8
0.0,0.071,96.8
0.0,0.105,96.8
0.0,0.144,96.8
0.0,0.156,96.8
0.008,0.138,96.8
0.07,0.09,96.8
0.2,0.111,96.8
0.387,0.149,96.8
0.514,0.177,96.8
0.632,0.192,96.8
0.683,0.215,96.8
0.69,0.246,96.8
0.623,0.27,96.8
0.469,0.28,96.8
0.274,0.278,96.8
0.187,0.266,96.8
0.142,0.246,96.8
0.072,0.177,96.8
0.009,0.171,96.8
0.0,0.196,96.8
0.0,0.188,96.8
0.0,0.166,96.8
0.0,0.144,96.8
0.0,0.128,96.8
0.0,0.115,96.8
0.0,0.106,96.8
0.0,0.102,96.8
0.0,0.095,96.8
0.003,0.08,96.8
0.054,0.045,96.8
0.139,0.037,96.8
0.25,0.042,96.8
0.313,0.047,96.8
0.357,0.049,96.8
0.537,0.061,96.8
0.579,0.078,96.8
0.559,0.094,96.8
0.486,0.109,96.8
0.355,0.118,96.8
0.278,0.11,96.8
0.158,0.09,96.8
0.085,0.061,96.8
0.015,0.037,96.8
0.0,0.015,96.8
0.0,0.004,96.8
0.0,0.006,96.8
0.0,0.017,96.8
0.0,0.037,96.8
0.0,0.065,96.8
0.0,0.09,96.8
0.0,0.101,96.8
0.0,0.092,96.8
0.0,0.077,96.8
0.029,0.056,96.8
0.102,0.032,96.8
0.229,0.021,96.8
0.365,0.019,96.8
0.468,0.018,96.8
0.462,0.019,96.8
0.418,0.022,96.8
0.383,0.025,96.8
0.311,0.02,96.8
0.259,0.016,96.8
0.142,0.011,96.8
0.114,0.007,96.8
0.063,0.009,96.8
0.008,0.018,96.8
0.0,0.035,96.8
0.0,0.048,96.8
0.0,0.05,96.8
0.0,0.041,96.8
0.0,0.03,96.8
0.0,0.02,96.8
0.0,0.014,96.8
0.0,0.011,96.8
0.0,0.008,96.8
0.005,0.005,96.8
0.064,0.005,96.8
0.179,0.006,96.8
0.302,0.008,96.8
0.412,0.01,96.8
0.432,0.012,96.8
0.424,0.013,96.8
0.391,0.009,96.8
0.404,0.007,96.8
0.338,0.006,96.8
0.217,0.005,96.8
0.216,0.006,96.8
0.163,0.009,96.8
0.067,0.014,96.8
0.006,0.02,96.8
0.0,0.025,96.8
0.0,0.021,96.8
0.0,0.011,96.8
0.0,0.003,96.8
0.0,0.002,96.8
0.0,0.006,96.8
0.0,0.015,96.8
0.0,0.023,96.8
0.0,0.025,96.8
0.004,0.025,96.8
0.062,0.026,96.8
0.168,0.018,96.8
0.293,0.008,96.8
0.448,0.006,96.8
0.513,0.01,96.8
0.515,0.016,96.8
0.432,0.023,96.8
0.428,0.028,96.8
0.36,0.03,96.8
0.313,0.033,96.8
0.229,0.036,96.8
0.167,0.042,96.8
0.075,0.052,96.8
0.009,0.073,96.8
0.0,0.131,96.8
0.0,0.224,96.8
0.0,0.316,96.8
0.0,0.362,96.8
0.0,0.367,96.8
0.0,0.355,96.8
0.0,0.328,96.8
0.0,0.31,96.8
0.0,0.315,96.8
0.001,0.312,96.8
0.06,0.27,96.8
0.191,0.27,96.8
0.341,0.325,96.8
0.474,0.355,96.8
0.519,0.392,96.8
0.597,0.427,96.8
0.592,0.481,96.8
0.509,0.529,96.8
0.516,0.556,96.8
0.382,0.529,96.8
0.328,0.481,96.8
0.207,0.383,96.8
0.079,0.312,96.8
0.008,0.301,96.8
0.0,0.317,96.8
0.0,0.347,96.8
0.0,0.355,96.8
0.0,0.351,96.8
0.0,0.343,96.8
0.0,0.329,96.8
0.0,0.324,96.8
0.0,0.314,96.8
0.0,0.282,96.8
0.003,0.261,96.8
0.062,0.207,96.8
0.181,0.179,96.8
0.279,0.229,96.8
0.362,0.272,96.8
0.61,0.302,96.8
0.666,0.341,96.8
0.649,0.36,96.8
0.57,0.348,96.8
0.555,0.329,96.8
0.446,0.341,96.8
0.279,0.354,96.8
0.153,0.311,96.8
0.064,0.295,96.8
0.005,0.366,96.8
0.0,0.388,96.8
0.0,0.384,96.8
0.0,0.395,96.8
0.0,0.402,96.8
0.0,0.401,96.8
0.0,0.417,96.8
0.0,0.484,96.8
0.0,0.55,96.8
0.0,0.603,96.8
0.002,0.568,96.8
0.059,0.504,96.8
0.19,0.547,96.8
0.378,0.525,96.8
0.517,0.505,96.8
0.624,0.494,96.8
0.645,0.49,96.8
0.582,0.501,96.8
0.566,0.522,96.8
0.542,0.556,96.8
0.424,0.586,96.8
0.227,0.54,96.8
0.171,0.432,96.8
0.074,0.358,96.8
0.006,0.368,96.8
0.0,0.388,96.8
0.0,0.403,96.8
0.0,0.402,96.8
0.0,0.391,96.8
0.0,0.373,96.8
0.0,0.345,96.8
0.0,0.313,96.8
0.0,0.291,96.8
0.0,0.278,96.8
0.0,0.266,96.8
0.058,0.228,96.8
0.169,0.207,96.8
0.227,0.251,96.8
0.446,0.348,96.8
0.569,0.439,96.8
0.567,0.488,96.8
0.361,0.481,96.8
0.383,0.422,96.8
0.52,0.401,96.8
0.407,0.4,96.8
0.286,0.37,96.8
0.179,0.28,96.8
0.072,0.209,96.8
0.005,0.204,96.8
0.0,0.245,96.8
0.0,0.283,96.8
0.0,0.32,96.8
0.0,0.323,96.8
0.0,0.325,96.8
0.0,0.323,96.8
0.0,0.313,96.8
0.0,0.298,96.8
0.0,0.285,96.8
0.0,0.265,96.8
0.058,0.181,96.8
0.197,0.112,96.8
0.346,0.158,96.8
0.442,0.196,96.8
0.479,0.249,96.8
0.483,0.297,96.8
0.479,0.321,96.8
0.53,0.307,96.8
0.515,0.289,96.8
0.419,0.262,96.8
0.326,0.212,96.8
0.193,0.157,96.8
0.071,0.094,96.8
0.003,0.064,96.8
0.0,0.048,96.8
0.0,0.033,96.8
0.0,0.022,96.8
0.0,0.023,96.8
0.0,0.03,96.8
0.0,0.037,96.8
0.0,0.049,96.8
0.0,0.063,96.8
0.0,0.072,96.8
0.001,0.076,96.8
0.057,0.063,96.8
0.129,0.031,96.8
0.284,0.026,96.8
0.5,0.035,96.8
0.601,0.046,96.8
0.656,0.05,96.8
0.664,0.05,96.8
0.605,0.049,96.8
0.475,0.047,96.8
0.428,0.038,96.8
0.291,0.032,96.8
0.173,0.029,96.8
0.065,0.027,96.8
0.003,0.03,96.8
0.0,0.028,96.8
0.0,0.021,96.8
0.0,0.017,96.8
0.0,0.017,96.8
0.0,0.018,96.8
0.0,0.017,96.8
0.0,0.017,96.8
0.0,0.019,96.8
0.0,0.023,96.8
0.0,0.031,96.8
0.056,0.035,96.8
0.198,0.02,96.8
0.35,0.015,96.8
0.456,0.018,96.8
0.508,0.021,96.8
0.537,0.021,96.8
0.508,0.02,96.8
0.388,0.021,96.8
0.224,0.026,96.8
0.149,0.025,96.8
0.168,0.018,96.8
0.167,0.01,96.8
0.065,0.005,96.8
0.002,0.01,96.8
0.0,0.026,96.8
0.0,0.057,96.8
0.0,0.084,96.8
0.0,0.095,96.8
0.0,0.113,96.8
0.0,0.133,96.8
0.0,0.123,96.8
0.0,0.094,96.8
0.0,0.077,96.8
0.0,0.07,96.8
0.053,0.062,96.8
0.14,0.049,96.8
0.21,0.054,96.8
0.283,0.08,96.8
0.503,0.104,96.8
0.638,0.128,96.8
0.604,0.171,96.8
0.497,0.217,96.8
0.285,0.252,96.8
0.207,0.243,96.8
0.2,0.234,96.8
0.15,0.201,96.8
0.065,0.16,96.8
0.002,0.15,96.8
0.0,0.11,96.8
0.0,0.062,96.8
0.0,0.028,96.8
0.0,0.009,96.8
0.0,0.005,96.8
0.0,0.012,96.8
0.0,0.031,96.8
0.0,0.064,96.8
0.0,0.097,96.8
0.0,0.112,96.8
0.046,0.093,96.8
0.211,0.049,96.8
0.388,0.069,96.8
0.532,0.107,96.8
0.636,0.139,96.8
0.697,0.164,96.8
0.717,0.189,96.8
0.695,0.207,96.8
0.632,0.212,96.8
0.536,0.208,96.8
0.395,0.2,96.8
0.226,0.179,96.8
0.066,0.148,96.8
0.0,0.14,96.8
0.0,0.122,96.8
0.0,0.086,96.8
0.0,0.046,96.8
0.0,0.013,96.8
0.0,0.004,96.8
0.0,0.015,96.8
0.0,0.045,96.8
0.0,0.089,96.8
0.0,0.132,96.8
0.0,0.174,96.8
0.04,0.194,96.8
0.099,0.141,96.8
0.164,0.089,96.8
0.295,0.08,96.8
0.504,0.096,96.8
0.684,0.113,96.8
0.706,0.124,96.8
0.622,0.133,96.8
0.489,0.145,96.8
0.353,0.141,96.8
0.203,0.127,96.8
0.119,0.109,96.8
0.046,0.081,96.8
0.0,0.09,96.8
0.0,0.137,96.8
0.0,0.243,96.8
0.0,0.386,96.8
0.0,0.449,96.8
0.0,0.417,96.8
0.0,0.339,96.8
0.0,0.326,96.8
0.0,0.358,96.8
0.0,0.369,96.8
0.0,0.389,96.8
0.048,0.36,96.8
0.145,0.424,96.8
0.266,0.523,96.8
0.438,0.614,96.8
0.45,0.656,96.8
0.449,0.684,96.8
0.446,0.72,96.8
0.351,0.736,96.8
0.286,0.722,96.8
0.152,0.661,96.8
0.064,0.566,96.8
0.041,0.476,96.8
0.044,0.431,96.8
0.0,0.439,96.8
0.0,0.404,96.8
0.0,0.358,96.8
0.0,0.367,96.8
0.0,0.422,96.8
0.0,0.417,96.8
0.0,0.401,96.8
0.0,0.366,96.8
0.0,0.341,96.8
0.0,0.315,96.8
0.0,0.3,96.8
0.043,0.259,96.8
0.133,0.289,96.8
0.286,0.355,96.8
0.377,0.423,96.8
0.364,0.497,96.8
0.478,0.556,96.8
0.425,0.574,96.8
0.303,0.553,96.8
0.209,0.456,96.8
0.18,0.367,96.8
0.151,0.328,96.8
0.098,0.274,96.8
0.05,0.191,96.8
0.0,0.186,96.8
0.0,0.221,96.8
0.0,0.234,96.8
0.0,0.251,96.8
0.0,0.256,96.8
0.0,0.251,96.8
0.0,0.243,96.8
0.0,0.243,96.8
0.0,0.243,96.8
0.0,0.243,96.8
0.0,0.23,96.8
0.019,0.198,96.8
0.059,0.167,96.8
0.123,0.178,96.8
0.238,0.218,96.8
0.412,0.24,96.8
0.531,0.267,96.8
0.588,0.291,96.8
0.491,0.311,96.8
0.418,0.332,96.8
0.326,0.343,96.8
0.287,0.344,96.8
0.115,0.289,96.8
0.046,0.245,96.8
0.0,0.278,96.8
0.0,0.302,96.8
0.0,0.294,96.8
0.0,0.282,96.8
0.0,0.29,96.8
0.0,0.324,96.8
0.0,0.362,96.8
0.0,0.355,96.8
0.0,0.306,96.8
0.0,0.309,96.8
0.0,0.324,96.8
0.025,0.305,96.8
0.09,0.289,96.8
0.225,0.313,96.8
0.335,0.337,96.8
0.494,0.343,96.8
0.577,0.343,96.8
0.587,0.337,96.8
0.532,0.329,96.8
0.515,0.313,96.8
0.421,0.302,96.8
0.232,0.279,96.8
0.124,0.235,96.8
0.036,0.18,96.8
0.0,0.169,96.8
0.0,0.175,96.8
0.0,0.177,96.8
0.0,0.186,96.8
0.0,0.208,96.8
0.0,0.212,96.8
0.0,0.204,96.8
0.0,0.195,96.8
0.0,0.192,96.8
0.0,0.192,96.8
0.0,0.185,96.8
0.042,0.131,96.8
0.189,0.098,96.8
0.359,0.091,96.8
0.506,0.079,96.8
0.614,0.082,96.8
0.673,0.102,96.8
0.672,0.128,96.8
0.619,0.147,96.8
0.553,0.155,96.8
0.457,0.147,96.8
0.342,0.124,96.8
0.168,0.093,96.8
0.051,0.064,96.8
0.0,0.045,96.8
0.0,0.034,96.8
0.0,0.026,96.8
0.0,0.02,96.8
0.0,0.017,96.8
0.0,0.016,96.8
0.0,0.023,96.8
0.0,0.034,96.8
0.0,0.047,96.8
0.0,0.06,96.8
0.0,0.078,96.8
0.026,0.092,96.8
0.116,0.063,96.8
0.296,0.047,96.8
0.481,0.05,96.8
0.59,0.051,96.8
0.655,0.054,96.8
0.672,0.054,96.8
0.583,0.049,96.8
0.411,0.041,96.8
0.266,0.03,96.8
0.16,0.027,96.8
0.08,0.029,96.8
0.023,0.023,96.8
0.0,0.02,96.8
0.0,0.026,96.8
0.0,0.061,96.8
0.0,0.182,96.8
0.0,0.309,96.8
0.0,0.308,96.8
0.0,0.28,96.8
0.0,0.249,96.8
0.0,0.268,96.8
0.0,0.28,96.8
0.0,0.258,96.8
0.042,0.19,96.8
0.176,0.163,96.8
0.326,0.179,96.8
0.395,0.198,96.8
0.342,0.261,96.8
0.295,0.328,96.8
0.22,0.376,96.8
0.227,0.396,96.8
0.228,0.38,96.8
0.201,0.345,96.8
0.197,0.304,96.8
0.126,0.249,96.8
0.038,0.203,96.8
0.0,0.227,96.8
0.0,0.265,96.8
0.0,0.264,96.8
0.0,0.231,96.8
0.0,0.188,96.8
0.0,0.144,96.8
0.0,0.094,96.8
0.0,0.038,96.8
0.0,0.005,96.8
0.0,0.009,96.8
0.0,0.021,96.8
0.034,0.037,96.8
0.139,0.05,96.8
0.259,0.088,96.8
0.437,0.122,96.8
0.512,0.153,96.8
0.537,0.179,96.8
0.45,0.196,96.8
0.48,0.211,96.8
0.478,0.227,96.8
0.433,0.249,96.8
0.312,0.272,96.8
0.147,0.265,96.8
0.044,0.261,96.8
0.0,0.284,96.8
0.0,0.286,96.8
0.0,0.253,96.8
0.0,0.235,96.8
0.0,0.236,96.8
0.0,0.27,96.8
0.0,0.289,96.8
0.0,0.311,96.8
0.0,0.3,96.8
0.0,0.257,96.8
0.0,0.209,96.8
0.035,0.141,96.8
0.195,0.049,96.8
0.377,0.117,96.8
0.53,0.235,96.8
0.642,0.271,96.8
0.708,0.271,96.8
0.73,0.267,96.8
0.709,0.264,96.8
0.641,0.25,96.8
0.503,0.249,96.8
0.34,0.271,96.8
0.192,0.264,96.8
0.048,0.254,96.8
0.0,0.309,96.8
0.0,0.328,96.8
0.0,0.32,96.8
0.0,0.314,96.8
0.0,0.277,96.8
0.0,0.245,96.8
0.0,0.213,96.8
0.0,0.181,96.8
0.0,0.154,96.8
0.0,0.126,96.8
0.0,0.099,96.8
0.035,0.068,96.8
0.199,0.023,96.8
0.382,0.009,96.8
0.528,0.017,96.8
0.629,0.018,96.8
0.674,0.02,96.8
0.657,0.03,96.8
0.583,0.05,96.8
0.423,0.074,96.8
0.357,0.094,96.8
0.309,0.109,96.8
0.186,0.133,96.8
0.045,0.176,96.8
0.0,0.262,96.8
0.0,0.333,96.8
0.0,0.329,96.8
0.0,0.292,96.8
0.0,0.274,96.8
0.0,0.272,96.8
0.0,0.295,96.8
0.0,0.347,96.8
0.0,0.352,96.8
0.0,0.356,96.8
0.0,0.305,96.8
0.018,0.259,96.8
0.07,0.233,96.8
0.151,0.252,96.8
0.247,0.225,96.8
0.36,0.189,96.8
0.439,0.181,96.8
0.467,0.206,96.8
0.488,0.248,96.8
0.443,0.284,96.8
0.313,0.296,96.8
0.197,0.301,96.8
0.066,0.267,96.8
0.011,0.264,96.8
0.0,0.302,96.8
0.0,0.294,96.8
0.0,0.281,96.8
0.0,0.251,96.8
0.0,0.225,96.8
0.0,0.209,96.8
0.0,0.21,96.8
0.0,0.202,96.8
0.0,0.201,96.8
0.0,0.216,96.8
0.0,0.228,96.8
0.03,0.193,96.8
0.147,0.169,96.8
0.277,0.237,96.8
0.446,0.311,96.8
0.582,0.367,96.8
0.539,0.429,96.8
0.367,0.476,96.8
0.364,0.507,96.8
0.39,0.521,96.8
0.328,0.507,96.8
0.21,0.459,96.8
0.117,0.367,96.8
0.033,0.335,96.8
0.0,0.35,96.8
0.0,0.32,96.8
0.0,0.296,96.8
0.0,0.284,96.8
0.0,0.264,96.8
0.0,0.261,96.8
0.0,0.237,96.8
0.0,0.218,96.8
0.0,0.202,96.8
0.0,0.182,96.8
0.0,0.174,96.8
0.015,0.166,96.8
0.087,0.153,96.8
0.2,0.229,96.8
0.337,0.305,96.8
0.43,0.31,96.8
0.488,0.296,96.8
0.544,0.302,96.8
0.521,0.309,96.8
0.494,0.307,96.8
0.412,0.317,96.8
0.222,0.32,96.8
0.087,0.27,96.8
0.026,0.251,96.8
0.0,0.279,96.8
0.0,0.293,96.8
0.0,0.303,96.8
0.0,0.294,96.8
0.0,0.273,96.8
0.0,0.264,96.8
0.0,0.266,96.8
0.0,0.264,96.8
0.0,0.288,96.8
0.0,0.316,96.8
0.0,0.323,96.8
0.006,0.345,96.8
0.042,0.294,96.8
0.093,0.325,96.8
0.16,0.395,96.8
0.201,0.407,96.8
0.202,0.398,96.8
0.21,0.382,96.8
0.23,0.369,96.8
0.224,0.348,96.8
0.197,0.321,96.8
0.148,0.275,96.8
0.091,0.212,96.8
0.024,0.186,96.8
0.0,0.241,96.8
0.0,0.288,96.8
0.0,0.307,96.8
0.0,0.311,96.8
0.0,0.326,96.8
0.0,0.302,96.8
0.0,0.294,96.8
0.0,0.274,96.8
0.0,0.25,96.8
0.0,0.264,96.8
0.0,0.27,96.8
0.013,0.233,96.8
0.07,0.211,96.8
0.15,0.209,96.8
0.226,0.235,96.8
0.288,0.245,96.8
0.452,0.261,96.8
0.584,0.272,96.8
0.476,0.28,96.8
0.426,0.293,96.8
0.393,0.299,96.8
0.269,0.281,96.8
0.144,0.234,96.8
0.034,0.225,96.8
0.0,0.28,96.8
0.0,0.305,96.8
0.0,0.285,96.8
0.0,0.252,96.8
0.0,0.22,96.8
0.0,0.195,96.8
0.0,0.179,96.8
0.0,0.154,96.8
0.0,0.12,96.8
0.0,0.103,96.8
0.0,0.102,96.8
0.025,0.102,96.8
0.171,0.066,96.8
0.348,0.085,96.8
0.513,0.118,96.8
0.615,0.145,96.8
0.674,0.158,96.8
0.705,0.168,96.8
0.692,0.175,96.8
0.629,0.183,96.8
0.52,0.197,96.8
0.355,0.211,96.8
0.172,0.206,96.8
0.026,0.215,96.8
0.0,0.268,96.8
0.0,0.293,96.8
0.0,0.283,96.8
0.0,0.243,96.8
0.0,0.197,96.8
0.0,0.177,96.8
0.0,0.151,96.8
0.0,0.133,96.8
0.0,0.121,96.8
0.0,0.102,96.8
0.0,0.079,96.8
0.015,0.055,96.8
0.089,0.04,96.8
0.183,0.039,96.8
0.336,0.027,96.8
0.54,0.019,96.8
0.645,0.018,96.8
0.683,0.021,96.8
0.667,0.028,96.8
0.612,0.035,96.8
0.505,0.041,96.8
0.352,0.045,96.8
0.175,0.05,96.8
0.028,0.062,96.8
0.0,0.086,96.8
0.0,0.1,96.8
0.0,0.101,96.8
0.0,0.092,96.8
0.0,0.083,96.8
0.0,0.077,96.8
0.0,0.077,96.8
0.0,0.084,96.8
0.0,0.095,96.8
0.0,0.107,96.8
0.0,0.12,96.8
0.022,0.122,96.8
0.17,0.061,96.8
0.359,0.046,96.8
0.514,0.05,96.8
0.624,0.047,96.8
0.689,0.046,96.8
0.709,0.048,96.8
0.688,0.054,96.8
0.621,0.062,96.8
0.511,0.072,96.8
0.358,0.085,96.8
0.18,0.102,96.8
0.029,0.14,96.8
0.0,0.201,96.8
0.0,0.236,96.8
0.0,0.242,96.8
0.0,0.227,96.8
0.0,0.201,96.8
0.0,0.173,96.8
0.0,0.149,96.8
0.0,0.13,96.8
0.0,0.117,96.8
0.0,0.107,96.8
0.0,0.103,96.8
0.021,0.101,96.8
0.174,0.061,96.8
0.36,0.024,96.8
0.512,0.035,96.8
0.62,0.039,96.8
0.685,0.031,96.8
0.705,0.02,96.8
0.683,0.011,96.8
0.617,0.008,96.8
0.508,0.01,96.8
0.356,0.019,96.8
0.177,0.036,96.8
0.026,0.08,96.8
0.0,0.155,96.8
0.0,0.218,96.8
0.0,0.24,96.8
0.0,0.233,96.8
0.0,0.21,96.8
0.0,0.188,96.8
0.0,0.168,96.8
0.0,0.149,96.8
0.0,0.129,96.8
0.0,0.106,96.8
0.0,0.088,96.8
0.019,0.07,96.8
0.168,0.033,96.8
0.352,0.013,96.8
0.506,0.011,96.8
0.613,0.015,96.8
0.676,0.013,96.8
0.696,0.011,96.8
0.674,0.011,96.8
0.607,0.012,96.8
0.495,0.018,96.8
0.342,0.03,96.8
0.166,0.06,96.8
0.023,0.139,96.8
0.0,0.248,96.8
0.0,0.278,96.8
0.0,0.256,96.8
0.0,0.233,96.8
0.0,0.22,96.8
0.0,0.205,96.8
0.0,0.188,96.8
0.0,0.168,96.8
0.0,0.148,96.8
0.0,0.126,96.8
0.0,0.106,96.8
0.017,0.09,96.8
0.16,0.049,96.8
0.342,0.018,96.8
0.493,0.008,96.8
0.6,0.004,96.8
0.663,0.002,96.8
0.683,0.001,96.8
0.666,0.001,96.8
0.6,0.001,96.8
0.491,0.007,96.8
0.341,0.015,96.8
0.165,0.031,96.8
0.021,0.084,96.8
0.0,0.172,96.8
0.0,0.223,96.8
0.0,0.22,96.8
0.0,0.185,96.8
0.0,0.144,96.8
0.0,0.108,96.8
0.0,0.074,96.8
0.0,0.048,96.8
0.0,0.032,96.8
0.0,0.023,96.8
0.0,0.016,96.8
0.016,0.01,96.8
0.158,0.005,96.8
0.346,0.001,96.8
0.501,0.005,96.8
0.61,0.004,96.8
0.673,0.005,96.8
0.695,0.009,96.8
0.674,0.018,96.8
0.605,0.028,96.8
0.467,0.041,96.8
0.229,0.064,96.8
0.062,0.118,96.8
0.001,0.179,96.8
0.0,0.189,96.8
0.0,0.164,96.8
0.0,0.136,96.8
0.0,0.115,96.8
0.0,0.093,96.8
0.0,0.074,96.8
0.0,0.058,96.8
0.0,0.045,96.8
0.0,0.032,96.8
0.0,0.021,96.8
0.0,0.013,96.8
0.012,0.012,96.8
0.134,0.013,96.8
0.298,0.007,96.8
0.447,0.011,96.8
0.563,0.017,96.8
0.629,0.018,96.8
0.638,0.018,96.8
0.606,0.02,96.8
0.527,0.023,96.8
0.425,0.029,96.8
0.295,0.04,96.8
0.145,0.067,96.8
0.017,0.122,96.8
0.0,0.188,96.8
0.0,0.245,96.8
0.0,0.294,96.8
0.0,0.333,96.8
0.0,0.357,96.8
0.0,0.367,96.8
0.0,0.365,96.8
0.0,0.358,96.8
0.0,0.343,96.8
0.0,0.325,96.8
0.0,0.311,96.8
0.012,0.283,96.8
0.156,0.164,96.8
0.341,0.084,96.8
0.496,0.091,96.8
0.605,0.135,96.8
0.668,0.145,96.8
0.688,0.142,96.8
0.666,0.144,96.8
0.6,0.152,96.8
0.49,0.168,96.8
0.339,0.188,96.8
0.161,0.186,96.8
0.016,0.223,96.8
0.0,0.289,96.8
0.0,0.349,96.8
0.0,0.391,96.8
0.0,0.407,96.8
0.0,0.412,96.8
0.0,0.42,96.8
0.0,0.43,96.8
0.0,0.417,96.8
0.0,0.388,96.8
0.0,0.348,96.8
0.0,0.32,96.8
0.011,0.3,96.8
0.148,0.2,96.8
0.325,0.112,96.8
0.472,0.095,96.8
0.573,0.093,96.8
0.632,0.098,96.8
0.622,0.119,96.8
0.475,0.14,96.8
0.289,0.161,96.8
0.156,0.171,96.8
0.064,0.157,96.8
0.031,0.133,96.8
0.001,0.165,96.8
0.0,0.201,96.8
0.0,0.193,96.8
0.0,0.176,96.8
0.0,0.162,96.8
0.0,0.17,96.8
0.0,0.192,96.8
0.0,0.223,96.8
0.0,0.242,96.8
0.0,0.222,96.8
0.0,0.2,96.8
0.0,0.199,96.8
0.0,0.197,96.8
0.042,0.155,96.8
0.097,0.1,96.8
0.148,0.081,96.8
0.191,0.08,96.8
0.213,0.077,96.8
0.233,0.071,96.8
0.229,0.065,96.8
0.18,0.065,96.8
0.143,0.064,96.8
0.089,0.058,96.8
0.037,0.058,96.8
0.0,0.074,96.8
0.0,0.11,96.8
0.0,0.17,96.8
0.0,0.234,96.8
0.0,0.278,96.8
0.0,0.294,96.8
0.0,0.289,96.8
0.0,0.28,96.8
0.0,0.271,96.8
0.0,0.252,96.8
0.0,0.233,96.8
0.0,0.219,96.8
0.006,0.203,96.8
0.141,0.143,96.8
0.331,0.176,96.8
0.495,0.214,96.8
0.612,0.227,96.8
0.679,0.227,96.8
0.698,0.228,96.8
0.671,0.233,96.8
0.599,0.235,96.8
0.453,0.225,96.8
0.272,0.215,96.8
0.113,0.195,96.8
0.007,0.192,96.8
0.0,0.22,96.8
0.0,0.223,96.8
0.0,0.218,96.8
0.0,0.204,96.8
0.0,0.194,96.8
0.0,0.185,96.8
0.0,0.178,96.8
0.0,0.163,96.8
0.0,0.142,96.8
0.0,0.124,96.8
0.0,0.118,96.8
0.004,0.112,96.8
0.113,0.074,96.8
0.295,0.066,96.8
0.447,0.092,96.8
0.549,0.113,96.8
0.589,0.125,96.8
0.578,0.133,96.8
0.571,0.134,96.8
0.528,0.127,96.8
0.443,0.112,96.8
0.305,0.096,96.8
0.127,0.081,96.8
0.006,0.069,96.8
0.0,0.056,96.8
0.0,0.046,96.8
0.0,0.042,96.8
0.0,0.045,96.8
0.0,0.055,96.8
0.0,0.065,96.8
0.0,0.07,96.8
0.0,0.07,96.8
0.0,0.065,96.8
0.0,0.052,96.8
0.0,0.035,96.8
0.0,0.02,96.8
0.062,0.009,96.8
0.244,0.005,96.8
0.457,0.004,96.8
0.568,0.004,96.8
0.626,0.005,96.8
0.616,0.006,96.8
0.516,0.007,96.8
0.361,0.009,96.8
0.22,0.015,96.8
0.118,0.024,96.8
0.04,0.044,96.8
0.0,0.09,96.8
0.0,0.152,96.8
0.0,0.205,96.8
0.0,0.238,96.8
0.0,0.245,96.8
0.0,0.251,96.8
0.0,0.262,96.8
0.0,0.27,96.8
0.0,0.261,96.8
0.0,0.246,96.8
0.0,0.238,96.8
0.0,0.25,96.8
0.004,0.255,96.8
0.11,0.161,96.8
0.292,0.073,96.8
0.466,0.073,96.8
0.535,0.089,96.8
0.478,0.086,96.8
0.389,0.083,96.8
0.39,0.077,96.8
0.417,0.064,96.8
0.338,0.056,96.8
0.218,0.065,96.8
0.051,0.057,96.8
0.0,0.049,96.8
0.0,0.064,96.8
0.0,0.124,96.8
0.0,0.212,96.8
0.0,0.276,96.8
0.0,0.299,96.8
0.0,0.294,96.8
0.0,0.283,96.8
0.0,0.266,96.8
0.0,0.242,96.8
0.0,0.231,96.8
0.0,0.229,96.8
0.0,0.221,96.8
0.021,0.169,96.8
0.078,0.093,96.8
0.147,0.053,96.8
0.144,0.054,96.8
0.149,0.059,96.8
0.147,0.064,96.8
0.135,0.071,96.8
0.113,0.093,96.8
0.099,0.114,96.8
0.09,0.133,96.8
0.046,0.158,96.8
0.0,0.223,96.8
0.0,0.279,96.8
0.0,0.267,96.8
0.0,0.253,96.8
0.0,0.23,96.8
0.0,0.196,96.8
0.0,0.155,96.8
0.0,0.149,96.8
0.0,0.162,96.8
0.0,0.167,96.8
0.0,0.167,96.8
0.0,0.167,96.8
0.0,0.163,96.8
0.052,0.138,96.8
0.165,0.141,96.8
0.302,0.179,96.8
0.394,0.178,96.8
0.573,0.171,96.8
0.623,0.177,96.8
0.617,0.179,96.8
0.543,0.179,96.8
0.41,0.179,96.8
0.263,0.171,96.8
0.097,0.14,96.8
0.0,0.116,96.8
0.0,0.093,96.8
0.0,0.07,96.8
0.0,0.056,96.8
0.0,0.049,96.8
0.0,0.055,96.8
0.0,0.07,96.8
0.0,0.087,96.8
0.0,0.1,96.8
0.0,0.106,96.8
0.0,0.109,96.8
0.0,0.108,96.8
0.0,0.103,96.8
0.103,0.07,96.8
0.3,0.042,96.8
0.43,0.044,96.8
0.57,0.045,96.8
0.623,0.049,96.8
0.645,0.052,96.8
0.551,0.052,96.8
0.402,0.049,96.8
0.336,0.041,96.8
0.117,0.035,96.8
0.052,0.03,96.8
0.0,0.027,96.8
0.0,0.021,96.8
0.0,0.015,96.8
0.0,0.017,96.8
0.0,0.025,96.8
0.0,0.033,96.8
0.0,0.038,96.8
0.0,0.038,96.8
0.0,0.034,96.8
0.0,0.026,96.8
0.0,0.017,96.8
0.0,0.007,96.8
0.0,0.003,96.8
0.096,0.002,96.8
0.253,0.002,96.8
0.402,0.013,96.8
0.493,0.015,96.8
0.569,0.016,96.8
0.593,0.017,96.8
0.593,0.021,96.8
0.513,0.03,96.8
0.354,0.045,96.8
0.183,0.067,96.8
0.059,0.114,96.8
0.0,0.202,96.8
0.0,0.284,96.8
0.0,0.312,96.8
0.0,0.32,96.8
0.0,0.328,96.8
0.0,0.33,96.8
0.0,0.327,96.8
0.0,0.313,96.8
0.0,0.296,96.8
0.0,0.29,96.8
0.0,0.281,96.8
0.0,0.283,96.8
0.0,0.274,96.8
0.105,0.195,96.8
0.302,0.213,96.8
0.471,0.185,96.8
0.591,0.138,96.8
0.64,0.105,96.8
0.586,0.078,96.8
0.488,0.057,96.8
0.381,0.045,96.8
0.239,0.047,96.8
0.139,0.066,96.8
0.064,0.095,96.8
0.0,0.156,96.8
0.0,0.219,96.8
0.0,0.234,96.8
0.0,0.221,96.8
0.0,0.192,96.8
0.0,0.16,96.8
0.0,0.133,96.8
0.0,0.108,96.8
0.0,0.089,96.8
0.0,0.075,96.8
0.0,0.076,96.8
0.0,0.089,96.8
0.0,0.111,96.8
0.058,0.1,96.8
0.175,0.103,96.8
0.315,0.104,96.8
0.424,0.07,96.8
0.44,0.038,96.8
0.481,0.025,96.8
0.551,0.021,96.8
0.523,0.024,96.8
0.437,0.03,96.8
0.238,0.045,96.8
0.067,0.078,96.8
0.0,0.142,96.8
0.0,0.202,96.8
0.0,0.215,96.8
0.0,0.203,96.8
0.0,0.182,96.8
0.0,0.159,96.8
0.0,0.137,96.8
0.0,0.113,96.8
0.0,0.093,96.8
0.0,0.074,96.8
0.0,0.054,96.8
0.0,0.049,96.8
0.0,0.057,96.8
0.123,0.054,96.8
0.324,0.033,96.8
0.497,0.051,96.8
0.616,0.041,96.8
0.608,0.03,96.8
0.328,0.02,96.8
0.258,0.012,96.8
0.444,0.02,96.8
0.332,0.042,96.8
0.247,0.049,96.8
0.075,0.047,96.8
0.0,0.043,96.8
0.0,0.031,96.8
0.0,0.017,96.8
0.0,0.007,96.8
0.0,0.006,96.8
0.0,0.009,96.8
0.0,0.013,96.8
0.0,0.017,96.8
0.0,0.019,96.8
0.0,0.023,96.8
0.0,0.025,96.8
0.0,0.021,96.8
0.0,0.018,96.8
0.09,0.019,96.8
0.216,0.014,96.8
0.291,0.005,96.8
0.41,0.006,96.8
0.584,0.007,96.8
0.685,0.006,96.8
0.679,0.006,96.8
0.609,0.006,96.8
0.489,0.006,96.8
0.323,0.007,96.8
0.127,0.008,96.8
0.0,0.008,96.8
0.0,0.009,96.8
0.0,0.015,96.8
0.0,0.031,96.8
0.0,0.058,96.8
0.0,0.107,96.8
0.0,0.192,96.8
0.0,0.291,96.8
0.0,0.367,96.8
0.0,0.405,96.8
0.0,0.415,96.8
0.0,0.42,96.8
0.0,0.42,96.8
0.122,0.327,96.8
0.326,0.203,96.8
0.497,0.334,96.8
0.615,0.425,96.8
0.683,0.466,96.8
0.704,0.498,96.8
0.678,0.513,96.8
0.602,0.522,96.8
0.473,0.526,96.8
0.296,0.525,96.8
0.098,0.494,96.8
0.0,0.461,96.8
0.0,0.396,96.8
0.0,0.362,96.8
0.0,0.353,96.8
0.0,0.342,96.8
0.0,0.305,96.8
0.0,0.286,96.8
0.0,0.252,96.8
0.0,0.252,96.8
0.0,0.245,96.8
0.0,0.234,96.8
0.0,0.213,96.8
0.0,0.217,96.8
0.058,0.188,96.8
0.182,0.168,96.8
0.297,0.2,96.8
0.435,0.234,96.8
0.552,0.232,96.8
0.577,0.233,96.8
0.553,0.245,96.8
0.507,0.255,96.8
0.37,0.254,96.8
0.224,0.243,96.8
0.059,0.233,96.8
0.0,0.269,96.8
0.0,0.305,96.8
0.0,0.315,96.8
0.0,0.315,96.8
0.0,0.303,96.8
0.0,0.288,96.8
0.0,0.266,96.8
0.0,0.245,96.8
0.0,0.231,96.8
0.0,0.229,96.8
0.0,0.227,96.8
0.0,0.223,96.8
0.0,0.216,96.8
0.1,0.156,96.8
0.298,0.076,96.8
0.468,0.056,96.8
0.589,0.043,96.8
0.657,0.034,96.8
0.678,0.024,96.8
0.651,0.016,96.8
0.582,0.012,96.8
0.469,0.013,96.8
0.307,0.021,96.8
0.116,0.038,96.8
0.0,0.067,96.8
0.0,0.125,96.8
0.0,0.203,96.8
0.0,0.281,96.8
0.0,0.325,96.8
0.0,0.335,96.8
0.0,0.311,96.8
0.0,0.278,96.8
0.0,0.266,96.8
0.0,0.266,96.8
0.0,0.302,96.8
0.0,0.307,96.8
0.0,0.285,96.8
0.071,0.225,96.8
0.246,0.131,96.8
0.41,0.127,96.8
0.53,0.127,96.8
0.581,0.114,96.8
0.554,0.095,96.8
0.375,0.09,96.8
0.133,0.107,96.8
0.055,0.101,96.8
0.025,0.092,96.8
0.004,0.095,96.8
0.0,0.1,96.8
0.0,0.156,96.8
0.0,0.223,96.8
0.0,0.257,96.8
0.0,0.293,96.8
0.0,0.305,96.8
0.0,0.289,96.8
0.0,0.284,96.8
0.0,0.282,96.8
0.0,0.28,96.8
0.0,0.294,96.8
0.0,0.316,96.8
0.0,0.323,96.8
0.063,0.277,96.8
0.146,0.221,96.8
0.114,0.228,96.8
0.102,0.267,96.8
0.182,0.364,96.8
0.398,0.466,96.8
0.318,0.521,96.8
0.126,0.464,96.8
0.071,0.314,96.8
0.069,0.274,96.8
0.016,0.245,96.8
0.0,0.215,96.8
0.0,0.358,96.8
0.0,0.413,96.8
0.0,0.277,96.8
0.0,0.252,96.8
0.0,0.265,96.8
0.0,0.277,96.8
0.0,0.274,96.8
0.0,0.269,96.8
0.0,0.249,96.8
0.0,0.238,96.8
0.0,0.245,96.8
0.0,0.238,96.8
0.033,0.194,96.8
0.221,0.1,96.8
0.447,0.07,96.8
0.527,0.058,96.8
0.49,0.046,96.8
0.456,0.038,96.8
0.439,0.033,96.8
0.368,0.028,96.8
0.236,0.025,96.8
0.116,0.026,96.8
0.033,0.028,96.8
0.0,0.039,96.8
0.0,0.072,96.8
0.0,0.127,96.8
0.0,0.191,96.8
0.0,0.237,96.8
0.0,0.265,96.8
0.0,0.281,96.8
0.0,0.3,96.8
0.0,0.315,96.8
0.0,0.337,96.8
0.0,0.358,96.8
0.0,0.379,96.8
0.0,0.395,96.8
0.054,0.341,96.8
0.089,0.36,96.8
0.092,0.403,96.8
0.227,0.399,96.8
0.275,0.548,96.8
0.359,0.525,96.8
0.543,0.588,96.8
0.423,0.682,96.8
0.31,0.675,96.8
0.172,0.615,96.8
0.052,0.532,96.8
0.0,0.494,96.8
0.0,0.428,96.8
0.0,0.42,96.8
0.0,0.429,96.8
0.0,0.439,96.8
0.0,0.442,96.8
0.0,0.427,96.8
0.0,0.398,96.8
0.0,0.367,96.8
0.0,0.351,96.8
0.0,0.346,96.8
0.0,0.344,96.8
0.0,0.329,96.8
0.066,0.291,96.8
0.257,0.224,96.8
0.427,0.275,96.8
0.582,0.294,96.8
0.667,0.272,96.8
0.693,0.274,96.8
0.658,0.28,96.8
0.549,0.277,96.8
0.415,0.271,96.8
0.228,0.247,96.8
0.048,0.213,96.8
0.0,0.244,96.8
0.0,0.313,96.8
0.0,0.347,96.8
0.0,0.362,96.8
0.0,0.389,96.8
0.0,0.415,96.8
0.0,0.419,96.8
0.0,0.429,96.8
0.0,0.441,96.8
0.0,0.447,96.8
0.0,0.447,96.8
0.0,0.447,96.8
0.0,0.448,96.8
0.08,0.399,96.8
0.285,0.3,96.8
0.464,0.399,96.8
0.591,0.489,96.8
0.648,0.476,96.8
0.651,0.449,96.8
0.589,0.429,96.8
0.397,0.411,96.8
0.194,0.374,96.8
0.069,0.327,96.8
0.012,0.341,96.8
0.0,0.383,96.8
0.0,0.39,96.8
0.0,0.374,96.8
0.0,0.347,96.8
0.0,0.323,96.8
0.0,0.323,96.8
0.0,0.323,96.8
0.0,0.316,96.8
0.0,0.289,96.8
0.0,0.28,96.8
0.0,0.288,96.8
0.0,0.279,96.8
0.0,0.255,96.8
0.017,0.252,96.8
0.076,0.225,96.8
0.117,0.278,96.8
0.185,0.367,96.8
0.189,0.428,96.8
0.108,0.454,96.8
0.117,0.491,96.8
0.18,0.529,96.8
0.089,0.552,96.8
0.026,0.578,96.8
0.0,0.622,96.8
0.0,0.71,96.8
0.0,0.785,96.8
0.0,0.828,96.8
0.0,0.852,96.8
0.0,0.885,96.8
0.0,0.903,96.8
0.0,0.899,96.8
0.0,0.888,96.8
0.0,0.88,96.8
0.0,0.885,96.8
0.0,0.873,96.8
0.0,0.879,96.8
0.0,0.903,96.8
0.0,0.928,96.8
0.063,0.95,96.8
0.121,0.961,96.8
0.135,0.966,96.8
0.144,0.97,96.8
0.114,0.956,96.8
0.085,0.9,96.8
0.071,0.706,96.8
0.048,0.487,96.8
0.024,0.417,96.8
0.003,0.305,96.8
0.0,0.243,96.8
0.0,0.251,96.8
0.0,0.28,96.8
0.0,0.318,96.8
0.0,0.312,96.8
0.0,0.312,96.8
0.0,0.314,96.8
0.0,0.308,96.8
0.0,0.311,96.8
0.0,0.332,96.8
0.0,0.322,96.8
0.0,0.307,96.8
0.0,0.303,96.8
0.009,0.296,96.8
0.103,0.249,96.8
0.356,0.297,96.8
0.585,0.394,96.8
0.664,0.407,96.8
0.689,0.403,96.8
0.665,0.409,96.8
0.591,0.393,96.8
0.467,0.367,96.8
0.291,0.312,96.8
0.091,0.27,96.8
0.0,0.291,96.8
0.0,0.32,96.8
0.0,0.342,96.8
0.0,0.362,96.8
0.0,0.37,96.8
0.0,0.358,96.8
0.0,0.358,96.8
0.0,0.337,96.8
0.0,0.344,96.8
0.0,0.328,96.8
0.0,0.313,96.8
0.0,0.398,96.8
0.0,0.415,96.8
0.007,0.347,96.8
0.059,0.302,96.8
0.204,0.354,96.8
0.431,0.504,96.8
0.598,0.557,96.8
0.653,0.606,96.8
0.532,0.652,96.8
0.306,0.663,96.8
0.102,0.633,96.8
0.028,0.561,96.8
0.018,0.497,96.8
0.0,0.459,96.8
0.0,0.452,96.8
0.0,0.422,96.8
0.0,0.41,96.8
0.0,0.42,96.8
0.0,0.426,96.8
0.0,0.391,96.8
0.0,0.413,96.8
0.0,0.455,96.8
0.0,0.483,96.8
0.0,0.496,96.8
0.0,0.506,96.8
0.0,0.523,96.8
0.019,0.599,96.8
0.055,0.612,96.8
0.085,0.675,96.8
0.117,0.713,96.8
0.16,0.69,96.8
0.194,0.651,96.8
0.172,0.596,96.8
0.158,0.546,96.8
0.089,0.448,96.8
0.047,0.374,96.8
0.008,0.36,96.8
0.0,0.395,96.8
0.0,0.425,96.8
0.0,0.407,96.8
0.0,0.356,96.8
0.0,0.303,96.8
0.0,0.266,96.8
0.0,0.231,96.8
0.0,0.204,96.8
0.0,0.192,96.8
0.0,0.182,96.8
0.0,0.148,96.8
0.0,0.11,96.8
0.0,0.07,96.8
0.017,0.035,96.8
0.099,0.01,96.8
0.188,0.006,96.8
0.392,0.004,96.8
0.483,0.003,96.8
0.551,0.002,96.8
0.643,0.002,96.8
0.568,0.002,96.8
0.442,0.003,96.8
0.263,0.006,96.8
0.068,0.015,96.8
0.0,0.035,96.8
0.0,0.059,96.8
0.0,0.078,96.8
0.0,0.087,96.8
0.0,0.088,96.8
0.0,0.091,96.8
0.0,0.096,96.8
0.0,0.099,96.8
0.0,0.092,96.8
0.0,0.075,96.8
0.0,0.059,96.8
0.0,0.05,96.8
0.0,0.046,96.8
0.052,0.047,96.8
0.259,0.033,96.8
0.447,0.021,96.8
0.575,0.072,96.8
0.648,0.083,96.8
0.673,0.088,96.8
0.647,0.095,96.8
0.571,0.106,96.8
0.444,0.12,96.8
0.264,0.132,96.8
0.066,0.169,96.8
0.0,0.243,96.8
0.0,0.293,96.8
0.0,0.317,96.8
0.0,0.323,96.8
0.0,0.323,96.8
0.0,0.311,96.8
0.0,0.292,96.8
0.0,0.272,96.8
0.0,0.259,96.8
0.0,0.251,96.8
0.0,0.236,96.8
0.0,0.22,96.8
0.0,0.206,96.8
0.039,0.174,96.8
0.233,0.078,96.8
0.446,0.031,96.8
0.577,0.065,96.8
0.653,0.065,96.8
0.679,0.058,96.8
0.655,0.053,96.8
0.581,0.053,96.8
0.456,0.06,96.8
0.279,0.077,96.8
0.073,0.121,96.8
0.0,0.183,96.8
0.0,0.245,96.8
0.0,0.302,96.8
0.0,0.339,96.8
0.0,0.349,96.8
0.0,0.341,96.8
0.0,0.311,96.8
0.0,0.27,96.8
0.0,0.226,96.8
0.0,0.191,96.8
0.0,0.168,96.8
0.0,0.15,96.8
0.0,0.13,96.8
0.027,0.103,96.8
0.19,0.056,96.8
0.362,0.018,96.8
0.492,0.007,96.8
0.572,0.011,96.8
0.54,0.009,96.8
0.59,0.005,96.8
0.583,0.005,96.8
0.454,0.009,96.8
0.267,0.016,96.8
0.059,0.021,96.8
0.0,0.02,96.8
0.0,0.018,96.8
0.0,0.022,96.8
0.0,0.042,96.8
0.0,0.062,96.8
0.0,0.08,96.8
0.0,0.118,96.8
0.0,0.125,96.8
0.0,0.12,96.8
0.0,0.162,96.8
0.0,0.206,96.8
0.0,0.217,96.8
0.0,0.199,96.8
0.005,0.17,96.8
0.117,0.111,96.8
0.34,0.108,96.8
0.468,0.13,96.8
0.505,0.161,96.8
0.439,0.187,96.8
0.403,0.211,96.8
0.342,0.233,96.8
0.226,0.245,96.8
0.069,0.217,96.8
0.008,0.221,96.8
0.0,0.259,96.8
0.0,0.273,96.8
0.0,0.26,96.8
0.0,0.233,96.8
0.0,0.204,96.8
0.0,0.194,96.8
0.0,0.189,96.8
0.0,0.188,96.8
0.0,0.186,96.8
0.0,0.202,96.8
0.0,0.219,96.8
0.0,0.228,96.8
0.0,0.241,96.8
0.0,0.231,96.8
0.034,0.249,96.8
0.072,0.287,96.8
0.094,0.343,96.8
0.11,0.394,96.8
0.165,0.408,96.8
0.119,0.35,96.8
0.177,0.341,96.8
0.221,0.327,96.8
0.153,0.274,96.8
0.034,0.308,96.8
0.0,0.38,96.8
0.0,0.392,96.8
0.0,0.344,96.8
0.0,0.296,96.8
0.0,0.264,96.8
0.0,0.22,96.8
0.0,0.189,96.8
0.0,0.176,96.8
0.0,0.153,96.8
0.0,0.142,96.8
0.0,0.125,96.8
0.0,0.112,96.8
0.0,0.111,96.8
0.0,0.118,96.8
0.026,0.093,96.8
0.085,0.086,96.8
0.172,0.094,96.8
0.263,0.114,96.8
0.457,0.146,96.8
0.276,0.158,96.8
0.215,0.175,96.8
0.162,0.188,96.8
0.048,0.169,96.8
0.004,0.176,96.8
0.0,0.185,96.8
0.0,0.178,96.8
0.0,0.181,96.8
0.0,0.211,96.8
0.0,0.245,96.8
0.0,0.264,96.8
0.0,0.265,96.8
0.0,0.251,96.8
0.0,0.261,96.8
0.0,0.272,96.8
0.0,0.271,96.8
0.0,0.261,96.8
0.0,0.255,96.8
0.0,0.277,96.8
0.046,0.254,96.8
0.134,0.23,96.8
0.23,0.267,96.8
0.294,0.309,96.8
0.314,0.343,96.8
0.311,0.361,96.8
0.269,0.344,96.8
0.156,0.299,96.8
0.079,0.255,96.8
0.008,0.254,96.8
0.0,0.295,96.8
0.0,0.343,96.8
0.0,0.369,96.8
0.0,0.379,96.8
0.0,0.386,96.8
0.0,0.402,96.8
0.0,0.407,96.8
0.0,0.401,96.8
0.0,0.422,96.8
0.0,0.436,96.8
0.0,0.448,96.8
0.0,0.494,96.8
0.0,0.484,96.8
0.0,0.445,96.8
0.018,0.401,96.8
0.058,0.352,96.8
0.089,0.305,96.8
0.097,0.255,96.8
0.103,0.218,96.8
0.158,0.192,96.8
0.208,0.16,96.8
0.271,0.134,96.8
0.166,0.118,96.8
0.02,0.131,96.8
0.0,0.141,96.8
0.0,0.138,96.8
0.0,0.126,96.8
0.0,0.102,96.8
0.0,0.073,96.8
0.0,0.047,96.8
0.0,0.026,96.8
0.0,0.013,96.8
0.0,0.006,96.8
0.0,0.002,96.8
0.0,0.002,96.8
0.0,0.002,96.8
0.0,0.003,96.8
0.02,0.007,96.8
0.182,0.012,96.8
0.37,0.009,96.8
0.553,0.006,96.8
0.634,0.006,96.8
0.665,0.006,96.8
0.644,0.006,96.8
0.568,0.005,96.8
0.437,0.004,96.8
0.249,0.002,96.8
0.029,0.001,96.8
0.0,0.003,96.8
0.0,0.005,96.8
0.0,0.008,96.8
0.0,0.015,96.8
0.0,0.022,96.8
0.0,0.029,96.8
0.0,0.038,96.8
0.0,0.047,96.8
0.0,0.049,96.8
0.0,0.052,96.8
0.0,0.054,96.8
0.0,0.049,96.8
0.0,0.047,96.8
0.014,0.048,96.8
0.193,0.054,96.8
0.37,0.04,96.8
0.478,0.043,96.8
0.49,0.053,96.8
0.485,0.054,96.8
0.387,0.045,96.8
0.191,0.033,96.8
0.084,0.023,96.8
0.035,0.015,96.8
0.0,0.011,96.8
0.0,0.017,96.8
0.0,0.041,96.8
0.0,0.097,96.8
0.0,0.169,96.8
0.0,0.191,96.8
0.0,0.174,96.8
0.0,0.162,96.8
0.0,0.149,96.8
0.0,0.152,96.8
0.0,0.16,96.8
0.0,0.192,96.8
0.0,0.223,96.8
0.0,0.284,96.8
0.009,0.356,96.8
0.121,0.272,96.8
0.273,0.179,96.8
0.465,0.227,96.8
0.45,0.233,96.8
0.317,0.243,96.8
0.136,0.272,96.8
0.097,0.264,96.8
0.069,0.249,96.8
0.033,0.295,96.8
0.0,0.388,96.8
0.0,0.435,96.8
0.0,0.435,96.8
0.0,0.416,96.8
0.0,0.407,96.8
0.0,0.405,96.8
0.0,0.41,96.8
0.0,0.403,96.8
0.0,0.395,96.8
0.0,0.403,96.8
0.0,0.409,96.8
0.0,0.395,96.8
0.0,0.401,96.8
0.0,0.441,96.8
0.0,0.499,96.8
0.027,0.475,96.8
0.06,0.431,96.8
0.08,0.401,96.8
0.112,0.376,96.8
0.155,0.376,96.8
0.245,0.425,96.8
0.276,0.464,96.8
0.225,0.462,96.8
0.099,0.422,96.8
0.002,0.432,96.8
0.0,0.488,96.8
0.0,0.516,96.8
0.0,0.53,96.8
0.0,0.544,96.8
0.0,0.556,96.8
0.0,0.568,96.8
0.0,0.574,96.8
0.0,0.578,96.8
0.0,0.575,96.8
0.0,0.569,96.8
0.0,0.575,96.8
0.0,0.579,96.8
0.0,0.576,96.8
0.0,0.579,96.8
0.02,0.59,96.8
0.04,0.559,96.8
0.077,0.519,96.8
0.365,0.702,96.8
0.39,0.77,96.8
0.294,0.784,96.8
0.194,0.772,96.8
0.077,0.752,96.8
0.018,0.733,96.8
0.0,0.711,96.8
0.0,0.682,96.8
0.0,0.663,96.8
0.0,0.633,96.8
0.0,0.618,96.8
0.0,0.663,96.8
0.0,0.753,96.8
0.0,0.835,96.8
0.0,0.901,96.8
0.0,0.951,96.8
0.0,0.973,96.8
0.0,0.985,96.8
0.0,0.991,96.8
0.0,0.984,96.8
0.0,0.971,96.8
0.006,0.977,96.8
0.062,0.946,96.8
0.233,0.943,96.8
0.406,0.938,96.8
0.413,0.929,96.8
0.2,0.91,96.8
0.095,0.84,96.8
0.058,0.736,96.8
0.055,0.615,96.8
0.0,0.519,96.8
0.0,0.46,96.8
0.0,0.398,96.8
0.0,0.364,96.8
0.0,0.326,96.8
0.0,0.294,96.8
0.0,0.308,96.8
0.0,0.32,96.8
0.0,0.328,96.8
0.0,0.37,96.8
0.0,0.379,96.8
0.0,0.423,96.8
0.0,0.46,96.8
0.0,0.498,96.8
0.004,0.529,96.8
0.157,0.533,96.8
0.329,0.55,96.8
0.444,0.718,96.8
0.511,0.798,96.8
0.513,0.82,96.8
0.416,0.809,96.8
0.231,0.772,96.8
0.111,0.7,96.8
0.033,0.616,96.8
0.0,0.555,96.8
0.0,0.502,96.8
0.0,0.43,96.8
0.0,0.332,96.8
0.0,0.272,96.8
0.0,0.222,96.8
0.0,0.193,96.8
0.0,0.179,96.8
0.0,0.163,96.8
0.0,0.137,96.8
0.0,0.118,96.8
0.0,0.107,96.8
0.0,0.088,96.8
0.0,0.078,96.8
0.0,0.071,96.8
0.034,0.06,96.8
0.12,0.045,96.8
0.321,0.039,96.8
0.506,0.037,96.8
0.531,0.035,96.8
0.403,0.029,96.8
0.339,0.018,96.8
0.231,0.008,96.8
0.108,0.002,96.8
0.0,0.012,96.8
0.0,0.059,96.8
0.0,0.127,96.8
0.0,0.198,96.8
0.0,0.264,96.8
0.0,0.307,96.8
0.0,0.328,96.8
0.0,0.338,96.8
0.0,0.34,96.8
0.0,0.337,96.8
0.0,0.335,96.8
0.0,0.343,96.8
0.0,0.362,96.8
0.0,0.376,96.8
0.001,0.376,96.8
0.169,0.3,96.8
0.412,0.21,96.8
0.565,0.374,96.8
0.65,0.437,96.8
0.678,0.401,96.8
0.652,0.364,96.8
0.573,0.339,96.8
0.438,0.311,96.8
0.247,0.309,96.8
0.008,0.416,96.8
0.0,0.491,96.8
0.0,0.488,96.8
0.0,0.466,96.8
0.0,0.45,96.8
0.0,0.439,96.8
0.0,0.433,96.8
0.0,0.425,96.8
0.0,0.41,96.8
0.0,0.398,96.8
0.0,0.394,96.8
0.0,0.395,96.8
0.0,0.397,96.8
0.0,0.398,96.8
0.0,0.386,96.8
0.134,0.314,96.8
0.371,0.231,96.8
0.483,0.197,96.8
0.52,0.22,96.8
0.502,0.243,96.8
0.436,0.272,96.8
0.323,0.263,96.8
0.192,0.227,96.8
0.076,0.208,96.8
0.0,0.234,96.8
0.0,0.278,96.8
0.0,0.29,96.8
0.0,0.266,96.8
0.0,0.284,96.8
0.0,0.281,96.8
0.0,0.289,96.8
0.0,0.296,96.8
0.0,0.313,96.8
0.0,0.331,96.8
0.0,0.376,96.8
0.0,0.352,96.8
0.0,0.325,96.8
0.0,0.306,96.8
0.0,0.311,96.8
0.035,0.294,96.8
0.173,0.289,96.8
0.3,0.341,96.8
0.48,0.341,96.8
0.362,0.355,96.8
0.373,0.382,96.8
0.457,0.413,96.8
0.274,0.396,96.8
0.07,0.349,96.8
0.0,0.374,96.8
0.0,0.401,96.8
0.0,0.435,96.8
0.0,0.43,96.8
0.0,0.382,96.8
0.0,0.367,96.8
0.0,0.367,96.8
0.0,0.367,96.8
0.0,0.379,96.8
0.0,0.376,96.8
0.0,0.359,96.8
0.0,0.349,96.8
0.0,0.328,96.8
0.0,0.337,96.8
0.0,0.334,96.8
0.046,0.286,96.8
0.128,0.23,96.8
0.216,0.233,96.8
0.304,0.261,96.8
0.406,0.26,96.8
0.445,0.241,96.8
0.314,0.218,96.8
0.201,0.19,96.8
0.09,0.176,96.8
0.0,0.217,96.8
0.0,0.261,96.8
0.0,0.289,96.8
0.0,0.293,96.8
0.0,0.292,96.8
0.0,0.29,96.8
0.0,0.283,96.8
0.0,0.284,96.8
0.0,0.295,96.8
0.0,0.309,96.8
0.0,0.317,96.8
0.0,0.323,96.8
0.0,0.308,96.8
0.0,0.269,96.8
0.0,0.258,96.8
0.079,0.274,96.8
0.357,0.255,96.8
0.519,0.309,96.8
0.606,0.341,96.8
0.636,0.34,96.8
0.61,0.315,96.8
0.53,0.289,96.8
0.392,0.264,96.8
0.202,0.294,96.8
0.0,0.449,96.8
0.0,0.496,96.8
0.0,0.48,96.8
0.0,0.477,96.8
0.0,0.46,96.8
0.0,0.46,96.8
0.0,0.461,96.8
0.0,0.48,96.8
0.0,0.503,96.8
0.0,0.51,96.8
0.0,0.514,96.8
0.0,0.506,96.8
0.0,0.497,96.8
0.0,0.495,96.8
0.0,0.505,96.8
0.07,0.528,96.8
0.284,0.54,96.8
0.431,0.633,96.8
0.53,0.668,96.8
0.576,0.678,96.8
0.558,0.665,96.8
0.482,0.621,96.8
0.358,0.55,96.8
0.169,0.53,96.8
0.0,0.544,96.8
0.0,0.51,96.8
0.0,0.49,96.8
0.0,0.484,96.8
0.0,0.469,96.8
0.0,0.436,96.8
0.0,0.43,96.8
0.0,0.403,96.8
0.0,0.434,96.8
0.0,0.464,96.8
0.0,0.472,96.8
0.0,0.449,96.8
0.0,0.454,96.8
0.0,0.436,96.8
0.0,0.432,96.8
0.001,0.494,96.8
0.017,0.522,96.8
0.035,0.531,96.8
0.048,0.566,96.8
0.05,0.59,96.8
0.043,0.551,96.8
0.041,0.649,96.8
0.05,0.726,96.8
0.03,0.654,96.8
0.0,0.597,96.8
0.0,0.51,96.8
0.0,0.462,96.8
0.0,0.418,96.8
0.0,0.355,96.8
0.0,0.337,96.8
0.0,0.285,96.8
0.0,0.278,96.8
0.0,0.275,96.8
0.0,0.261,96.8
0.0,0.261,96.8
0.0,0.278,96.8
0.0,0.316,96.8
0.0,0.355,96.8
0.0,0.382,96.8
0.03,0.37,96.8
0.102,0.335,96.8
0.15,0.305,96.8
0.208,0.374,96.8
0.253,0.546,96.8
0.253,0.655,96.8
0.163,0.704,96.8
0.106,0.758,96.8
0.029,0.821,96.8
0.0,0.869,96.8
0.0,0.862,96.8
0.0,0.806,96.8
0.0,0.622,96.8
0.0,0.444,96.8
0.0,0.397,96.8
0.0,0.367,96.8
0.0,0.316,96.8
0.0,0.291,96.8
0.0,0.333,96.8
0.0,0.362,96.8
0.0,0.457,96.8
0.0,0.458,96.8
0.0,0.437,96.8
0.0,0.449,96.8
0.058,0.457,96.8
0.262,0.448,96.8
0.455,0.568,96.8
0.564,0.582,96.8
0.59,0.559,96.8
0.559,0.535,96.8
0.479,0.494,96.8
0.341,0.434,96.8
0.13,0.376,96.8
0.0,0.388,96.8
0.0,0.42,96.8
0.0,0.413,96.8
0.0,0.386,96.8
0.0,0.352,96.8
0.0,0.328,96.8
0.0,0.298,96.8
0.0,0.278,96.8
0.0,0.259,96.8
0.0,0.249,96.8
0.0,0.249,96.8
0.0,0.245,96.8
0.0,0.243,96.8
0.0,0.233,96.8
0.0,0.22,96.8
0.022,0.193,96.8
0.09,0.152,96.8
0.147,0.144,96.8
0.137,0.142,96.8
0.123,0.147,96.8
0.094,0.146,96.8
0.058,0.142,96.8
0.028,0.145,96.8
0.005,0.142,96.8
0.0,0.167,96.8
0.0,0.202,96.8
0.0,0.233,96.8
0.0,0.243,96.8
0.0,0.223,96.8
0.0,0.175,96.8
0.0,0.114,96.8
0.0,0.084,96.8
0.0,0.079,96.8
0.0,0.083,96.8
0.0,0.092,96.8
0.0,0.107,96.8
0.0,0.119,96.8
0.0,0.122,96.8
0.0,0.122,96.8
0.0,0.134,96.8
0.024,0.121,96.8
0.053,0.087,96.8
0.072,0.076,96.8
0.08,0.074,96.8
0.07,0.076,96.8
0.039,0.078,96.8
0.014,0.087,96.8
0.0,0.102,96.8
0.0,0.112,96.8
0.0,0.113,96.8
0.0,0.106,96.8
0.0,0.102,96.8
0.0,0.103,96.8
0.0,0.111,96.8
0.0,0.14,96.8
0.0,0.169,96.8
0.0,0.176,96.8
0.0,0.159,96.8
0.0,0.146,96.8
0.0,0.135,96.8
0.0,0.111,96.8
0.0,0.084,96.8
0.0,0.087,96.8
0.0,0.107,96.8
0.02,0.108,96.8
0.045,0.106,96.8
0.051,0.114,96.8
0.077,0.136,96.8
0.088,0.167,96.8
0.093,0.17,96.8
0.057,0.153,96.8
0.005,0.151,96.8
0.0,0.148,96.8
0.0,0.126,96.8
0.0,0.113,96.8
0.0,0.108,96.8
0.0,0.104,96.8
0.0,0.105,96.8
0.0,0.118,96.8
0.0,0.126,96.8
0.0,0.125,96.8
0.0,0.123,96.8
0.0,0.121,96.8
0.0,0.118,96.8
0.0,0.118,96.8
0.0,0.118,96.8
0.0,0.119,96.8
0.003,0.112,96.8
0.037,0.088,96.8
0.082,0.087,96.8
0.192,0.115,96.8
0.41,0.132,96.8
0.388,0.137,96.8
0.249,0.138,96.8
0.092,0.126,96.8
0.013,0.137,96.8
0.0,0.17,96.8
0.0,0.181,96.8
0.0,0.194,96.8
0.0,0.224,96.8
0.0,0.254,96.8
0.0,0.245,96.8
0.0,0.218,96.8
0.0,0.203,96.8
0.0,0.191,96.8
0.0,0.2,96.8
0.0,0.201,96.8
0.0,0.196,96.8
0.0,0.194,96.8
0.0,0.209,96.8
0.0,0.225,96.8
0.028,0.249,96.8
0.176,0.233,96.8
0.248,0.241,96.8
0.334,0.315,96.8
0.408,0.325,96.8
0.38,0.32,96.8
0.287,0.308,96.8
0.194,0.274,96.8
0.069,0.316,96.8
0.0,0.407,96.8
0.0,0.494,96.8
0.0,0.508,96.8
0.0,0.501,96.8
0.0,0.54,96.8
0.0,0.574,96.8
0.0,0.6,96.8
0.0,0.625,96.8
0.0,0.629,96.8
0.0,0.632,96.8
0.0,0.739,96.8
0.0,0.71,96.8
0.0,0.681,96.8
0.0,0.668,96.8
0.0,0.628,96.8
0.0,0.601,96.8
0.014,0.54,96.8
0.087,0.532,96.8
0.327,0.586,96.8
0.447,0.642,96.8
0.427,0.662,96.8
0.315,0.642,96.8
0.137,0.555,96.8
0.03,0.502,96.8
0.0,0.505,96.8
0.0,0.504,96.8
0.0,0.466,96.8
0.0,0.418,96.8
0.0,0.386,96.8
0.0,0.35,96.8
0.0,0.316,96.8
0.0,0.274,96.8
0.0,0.214,96.8
0.0,0.171,96.8
0.0,0.138,96.8
0.0,0.123,96.8
0.0,0.111,96.8
0.0,0.105,96.8
0.0,0.105,96.8
0.004,0.099,96.8
0.072,0.092,96.8
0.327,0.09,96.8
0.458,0.095,96.8
0.53,0.098,96.8
0.497,0.099,96.8
0.425,0.091,96.8
0.244,0.082,96.8
0.046,0.089,96.8
0.0,0.104,96.8
0.0,0.116,96.8
0.0,0.126,96.8
0.0,0.134,96.8
0.0,0.127,96.8
0.0,0.101,96.8
0.0,0.081,96.8
0.0,0.078,96.8
0.0,0.088,96.8
0.0,0.1,96.8
0.0,0.105,96.8
0.0,0.108,96.8
0.0,0.127,96.8
0.0,0.17,96.8
0.0,0.223,96.8
0.065,0.259,96.8
0.285,0.186,96.8
0.46,0.105,96.8
0.553,0.155,96.8
0.585,0.144,96.8
0.563,0.109,96.8
0.482,0.078,96.8
0.336,0.08,96.8
0.118,0.14,96.8
0.0,0.185,96.8
0.0,0.186,96.8
0.0,0.184,96.8
0.0,0.225,96.8
0.0,0.256,96.8
0.0,0.248,96.8
0.0,0.207,96.8
0.0,0.175,96.8
0.0,0.177,96.8
0.0,0.245,96.8
0.0,0.28,96.8
0.0,0.237,96.8
0.0,0.183,96.8
0.0,0.16,96.8
0.0,0.155,96.8
0.01,0.132,96.8
0.059,0.078,96.8
0.146,0.033,96.8
0.237,0.01,96.8
0.323,0.005,96.8
0.43,0.005,96.8
0.441,0.003,96.8
0.294,0.003,96.8
0.087,0.006,96.8
0.0,0.01,96.8
0.0,0.017,96.8
0.0,0.024,96.8
0.0,0.029,96.8
0.0,0.033,96.8
0.0,0.037,96.8
0.0,0.038,96.8
0.0,0.037,96.8
0.0,0.037,96.8
0.0,0.036,96.8
0.0,0.034,96.8
0.0,0.035,96.8
0.0,0.045,96.8
0.0,0.061,96.8
0.0,0.065,96.8
0.041,0.06,96.8
0.216,0.047,96.8
0.397,0.022,96.8
0.536,0.006,96.8
0.583,0.003,96.8
0.559,0.004,96.8
0.471,0.005,96.8
0.316,0.004,96.8
0.102,0.004,96.8
0.0,0.006,96.8
0.0,0.018,96.8
0.0,0.043,96.8
0.0,0.078,96.8
0.0,0.125,96.8
0.0,0.178,96.8
0.0,0.202,96.8
0.0,0.2,96.8
0.0,0.183,96.8
0.0,0.171,96.8
0.0,0.167,96.8
0.0,0.17,96.8
0.0,0.18,96.8
0.0,0.2,96.8
0.0,0.236,96.8
0.022,0.266,96.8
0.166,0.242,96.8
0.421,0.205,96.8
0.559,0.179,96.8
0.587,0.183,96.8
0.556,0.159,96.8
0.445,0.146,96.8
0.248,0.169,96.8
0.051,0.32,96.8
0.0,0.478,96.8
0.0,0.471,96.8
0.0,0.447,96.8
0.0,0.43,96.8
0.0,0.429,96.8
0.0,0.42,96.8
0.0,0.425,96.8
0.0,0.422,96.8
0.0,0.454,96.8
0.0,0.488,96.8
0.0,0.502,96.8
0.0,0.486,96.8
0.0,0.462,96.8
0.0,0.427,96.8
0.0,0.379,96.8
0.0,0.341,96.8
0.015,0.277,96.8
0.049,0.223,96.8
0.08,0.171,96.8
0.098,0.133,96.8
0.121,0.104,96.8
0.091,0.076,96.8
0.043,0.063,96.8
0.005,0.064,96.8
0.0,0.061,96.8
0.0,0.045,96.8
0.0,0.026,96.8
0.0,0.013,96.8
0.0,0.008,96.8
0.0,0.013,96.8
0.0,0.021,96.8
0.0,0.038,96.8
0.0,0.067,96.8
0.0,0.098,96.8
0.0,0.115,96.8
0.0,0.117,96.8
0.0,0.113,96.8
0.0,0.107,96.8
0.0,0.105,96.8
0.006,0.1,96.8
0.07,0.067,96.8
0.169,0.066,96.8
0.334,0.092,96.8
0.295,0.096,96.8
0.223,0.094,96.8
0.151,0.099,96.8
0.082,0.103,96.8
0.013,0.144,96.8
0.0,0.231,96.8
0.0,0.272,96.8
0.0,0.277,96.8
0.0,0.264,96.8
0.0,0.243,96.8
0.0,0.216,96.8
0.0,0.185,96.8
0.0,0.169,96.8
0.0,0.155,96.8
0.0,0.138,96.8
0.0,0.132,96.8
0.0,0.127,96.8
0.0,0.119,96.8
0.0,0.111,96.8
0.0,0.105,96.8
0.001,0.105,96.8
0.049,0.077,96.8
0.11,0.06,96.8
0.133,0.049,96.8
0.137,0.036,96.8
0.132,0.031,96.8
0.104,0.035,96.8
0.051,0.045,96.8
0.002,0.06,96.8
0.0,0.076,96.8
0.0,0.078,96.8
0.0,0.071,96.8
0.0,0.061,96.8
0.0,0.052,96.8
0.0,0.045,96.8
0.0,0.037,96.8
0.0,0.032,96.8
0.0,0.028,96.8
0.0,0.025,96.8
0.0,0.021,96.8
0.0,0.015,96.8
0.0,0.007,96.8
0.0,0.003,96.8
0.0,0.002,96.8
0.0,0.004,96.8
0.042,0.005,96.8
0.136,0.006,96.8
0.151,0.006,96.8
0.162,0.006,96.8
0.136,0.008,96.8
0.095,0.011,96.8
0.044,0.016,96.8
0.001,0.022,96.8
0.0,0.029,96.8
0.0,0.029,96.8
0.0,0.024,96.8
0.0,0.022,96.8
0.0,0.034,96.8
0.0,0.055,96.8
0.0,0.084,96.8
0.0,0.112,96.8
0.0,0.128,96.8
0.0,0.126,96.8
0.0,0.117,96.8
0.0,0.125,96.8
0.0,0.149,96.8
0.0,0.177,96.8
0.0,0.197,96.8
0.0,0.212,96.8
0.015,0.21,96.8
0.038,0.209,96.8
0.065,0.212,96.8
0.067,0.221,96.8
0.049,0.223,96.8
0.022,0.229,96.8
0.005,0.248,96.8
0.0,0.267,96.8
0.0,0.259,96.8
0.0,0.252,96.8
0.0,0.282,96.8
0.0,0.278,96.8
0.0,0.256,96.8
0.0,0.245,96.8
0.0,0.233,96.8
0.0,0.195,96.8
0.0,0.167,96.8
0.0,0.164,96.8
0.0,0.151,96.8
0.0,0.137,96.8
0.0,0.141,96.8
0.0,0.162,96.8
0.0,0.175,96.8
0.0,0.185,96.8
0.036,0.192,96.8
0.186,0.241,96.8
0.378,0.274,96.8
0.398,0.306,96.8
0.372,0.343,96.8
0.248,0.367,96.8
0.134,0.362,96.8
0.025,0.386,96.8
0.0,0.405,96.8
0.0,0.416,96.8
0.0,0.398,96.8
0.0,0.447,96.8
0.0,0.395,96.8
0.0,0.367,96.8
0.0,0.351,96.8
0.0,0.344,96.8
0.0,0.334,96.8
0.0,0.289,96.8
0.0,0.261,96.8
0.0,0.253,96.8
0.0,0.253,96.8
0.0,0.242,96.8
0.0,0.244,96.8
0.0,0.254,96.8
0.006,0.253,96.8
0.024,0.243,96.8
0.041,0.248,96.8
0.046,0.229,96.8
0.041,0.243,96.8
0.029,0.243,96.8
0.013,0.243,96.8
0.0,0.254,96.8
0.0,0.274,96.8
0.0,0.258,96.8
0.0,0.239,96.8
0.0,0.233,96.8
0.0,0.221,96.8
0.0,0.212,96.8
0.0,0.2,96.8
0.0,0.184,96.8
0.0,0.173,96.8
0.0,0.16,96.8
0.0,0.153,96.8
0.0,0.141,96.8
0.0,0.136,96.8
0.0,0.14,96.8
0.0,0.154,96.8
0.0,0.172,96.8
0.061,0.148,96.8
0.193,0.119,96.8
0.377,0.12,96.8
0.426,0.118,96.8
0.36,0.111,96.8
0.265,0.104,96.8
0.178,0.101,96.8
0.029,0.12,96.8
0.0,0.144,96.8
0.0,0.163,96.8
0.0,0.18,96.8
0.0,0.193,96.8
0.0,0.194,96.8
0.0,0.176,96.8
0.0,0.155,96.8
0.0,0.155,96.8
0.0,0.166,96.8
0.0,0.174,96.8
0.0,0.184,96.8
0.0,0.194,96.8
0.0,0.197,96.8
0.0,0.209,96.8
0.0,0.214,96.8
0.0,0.202,96.8
0.003,0.172,96.8
0.017,0.131,96.8
0.045,0.089,96.8
0.077,0.076,96.8
0.102,0.086,96.8
0.09,0.091,96.8
0.036,0.098,96.8
0.0,0.14,96.8
0.0,0.197,96.8
0.0,0.231,96.8
0.0,0.241,96.8
0.0,0.237,96.8
0.0,0.219,96.8
0.0,0.192,96.8
0.0,0.163,96.8
0.0,0.13,96.8
0.0,0.101,96.8
0.0,0.108,96.8
0.0,0.138,96.8
0.0,0.186,96.8
0.0,0.237,96.8
0.0,0.253,96.8
0.0,0.241,96.8
0.0,0.24,96.8
0.017,0.233,96.8
0.064,0.21,96.8
0.24,0.201,96.8
0.419,0.195,96.8
0.526,0.201,96.8
0.449,0.219,96.8
0.293,0.208,96.8
0.043,0.227,96.8
0.0,0.248,96.8
0.0,0.225,96.8
0.0,0.184,96.8
0.0,0.137,96.8
0.0,0.093,96.8
0.0,0.052,96.8
0.0,0.022,96.8
0.0,0.007,96.8
0.0,0.005,96.8
0.0,0.01,96.8
0.0,0.02,96.8
0.0,0.031,96.8
0.0,0.031,96.8
0.0,0.026,96.8
0.0,0.025,96.8
0.001,0.023,96.8
0.066,0.023,96.8
0.118,0.018,96.8
0.123,0.015,96.8
0.101,0.016,96.8
0.08,0.018,96.8
0.051,0.019,96.8
0.021,0.019,96.8
0.0,0.017,96.8
0.0,0.012,96.8
0.0,0.006,96.8
0.0,0.002,96.8
0.0,0.004,96.8
0.0,0.008,96.8
0.0,0.012,96.8
0.0,0.014,96.8
0.0,0.013,96.8
0.0,0.011,96.8
0.0,0.01,96.8
0.0,0.011,96.8
0.0,0.011,96.8
0.0,0.014,96.8
0.0,0.02,96.8
0.0,0.031,96.8
0.0,0.045,96.8
0.053,0.053,96.8
0.144,0.054,96.8
0.287,0.061,96.8
0.427,0.059,96.8
0.424,0.054,96.8
0.317,0.05,96.8
0.158,0.057,96.8
0.01,0.079,96.8
0.0,0.108,96.8
0.0,0.133,96.8
0.0,0.146,96.8
0.0,0.151,96.8
0.0,0.146,96.8
0.0,0.133,96.8
0.0,0.111,96.8
0.0,0.081,96.8
0.0,0.051,96.8
0.0,0.028,96.8
0.0,0.017,96.8
0.0,0.017,96.8
0.0,0.02,96.8
0.0,0.022,96.8
0.0,0.024,96.8
0.003,0.027,96.8
0.103,0.039,96.8
0.217,0.035,96.8
0.336,0.038,96.8
0.294,0.057,96.8
0.168,0.078,96.8
0.062,0.094,96.8
0.016,0.105,96.8
0.0,0.124,96.8
0.0,0.14,96.8
0.0,0.161,96.8
0.0,0.164,96.8
0.0,0.144,96.8
0.0,0.121,96.8
0.0,0.108,96.8
0.0,0.114,96.8
0.0,0.134,96.8
0.0,0.151,96.8
0.0,0.153,96.8
0.0,0.161,96.8
0.0,0.189,96.8
0.0,0.205,96.8
0.0,0.216,96.8
0.0,0.227,96.8
0.0,0.234,96.8
0.004,0.221,96.8
0.047,0.231,96.8
0.128,0.275,96.8
0.172,0.358,96.8
0.14,0.474,96.8
0.072,0.592,96.8
0.019,0.681,96.8
0.0,0.744,96.8
0.0,0.778,96.8
0.0,0.809,96.8
0.0,0.816,96.8
0.0,0.754,96.8
0.0,0.613,96.8
0.0,0.535,96.8
0.0,0.461,96.8
0.0,0.407,96.8
0.0,0.355,96.8
0.0,0.291,96.8
0.0,0.233,96.8
0.0,0.191,96.8
0.0,0.201,96.8
0.0,0.187,96.8
0.0,0.177,96.8
0.0,0.169,96.8
0.02,0.156,96.8
0.108,0.148,96.8
0.33,0.156,96.8
0.466,0.167,96.8
0.479,0.171,96.8
0.41,0.169,96.8
0.254,0.174,96.8
0.021,0.227,96.8
0.0,0.292,96.8
0.0,0.335,96.8
0.0,0.344,96.8
0.0,0.334,96.8
0.0,0.297,96.8
0.0,0.266,96.8
0.0,0.238,96.8
0.0,0.218,96.8
0.0,0.203,96.8
0.0,0.18,96.8
0.0,0.146,96.8
0.0,0.107,96.8
0.0,0.072,96.8
0.0,0.046,96.8
0.0,0.027,96.8
0.001,0.017,96.8
0.125,0.012,96.8
0.272,0.01,96.8
0.323,0.016,96.8
0.284,0.031,96.8
0.223,0.054,96.8
0.135,0.072,96.8
0.051,0.092,96.8
0.0,0.124,96.8
0.0,0.152,96.8
0.0,0.167,96.8
0.0,0.175,96.8
0.0,0.185,96.8
0.0,0.199,96.8
0.0,0.185,96.8
0.0,0.177,96.8
0.0,0.185,96.8
0.0,0.204,96.8
0.0,0.196,96.8
0.0,0.217,96.8
0.0,0.272,96.8
0.0,0.316,96.8
0.0,0.339,96.8
0.0,0.346,96.8
0.0,0.349,96.8
0.013,0.365,96.8
0.043,0.383,96.8
0.054,0.369,96.8
0.029,0.343,96.8
0.015,0.285,96.8
0.014,0.234,96.8
0.004,0.21,96.8
0.0,0.202,96.8
0.0,0.192,96.8
0.0,0.192,96.8
0.0,0.22,96.8
0.0,0.306,96.8
0.0,0.413,96.8
0.0,0.447,96.8
0.0,0.448,96.8
0.0,0.45,96.8
0.0,0.491,96.8
0.0,0.55,96.8
0.0,0.611,96.8
0.0,0.724,96.8
0.0,0.837,96.8
0.0,0.84,96.8
0.0,0.837,96.8
0.0,0.826,96.8
0.0,0.813,96.8
0.014,0.834,96.8
0.019,0.844,96.8
0.015,0.839,96.8
0.014,0.823,96.8
0.011,0.8,96.8
0.0,0.778,96.8
0.0,0.759,96.8
0.0,0.708,96.8
0.0,0.627,96.8
0.0,0.574,96.8
0.0,0.563,96.8
0.0,0.574,96.8
0.0,0.609,96.8
0.0,0.641,96.8
0.0,0.698,96.8
0.0,0.732,96.8
0.0,0.766,96.8
0.0,0.799,96.8
0.0,0.817,96.8
0.0,0.845,96.8
0.0,0.872,96.8
0.0,0.894,96.8
0.0,0.915,96.8
0.0,0.93,96.8
0.016,0.906,96.8
0.048,0.817,96.8
0.106,0.776,96.8
0.122,0.799,96.8
0.099,0.8,96.8
0.029,0.749,96.8
0.0,0.686,96.8
0.0,0.638,96.8
0.0,0.586,96.8
0.0,0.531,96.8
0.0,0.479,96.8
0.0,0.397,96.8
0.0,0.344,96.8
0.0,0.307,96.8
0.0,0.272,96.8
0.0,0.25,96.8
0.0,0.248,96.8
0.0,0.237,96.8
0.0,0.248,96.8
0.0,0.286,96.8
0.0,0.37,96.8
0.0,0.472,96.8
0.0,0.531,96.8
0.015,0.466,96.8
0.05,0.421,96.8
0.094,0.399,96.8
0.115,0.358,96.8
0.135,0.315,96.8
0.094,0.277,96.8
0.025,0.231,96.8
0.0,0.258,96.8
0.0,0.294,96.8
0.0,0.272,96.8
0.0,0.234,96.8
0.0,0.169,96.8
0.0,0.124,96.8
0.0,0.115,96.8
0.0,0.117,96.8
0.0,0.118,96.8
0.0,0.152,96.8
0.0,0.171,96.8
0.0,0.204,96.8
0.0,0.236,96.8
0.0,0.261,96.8
0.0,0.291,96.8
0.0,0.353,96.8
0.0,0.406,96.8
0.05,0.431,96.8
0.204,0.433,96.8
0.325,0.502,96.8
0.365,0.578,96.8
0.232,0.635,96.8
0.087,0.676,96.8
0.019,0.711,96.8
0.0,0.72,96.8
0.0,0.711,96.8
0.0,0.682,96.8
0.0,0.652,96.8
0.0,0.629,96.8
0.0,0.582,96.8
0.0,0.517,96.8
0.0,0.45,96.8
0.0,0.386,96.8
0.0,0.353,96.8
0.0,0.298,96.8
0.0,0.254,96.8
0.0,0.241,96.8
0.0,0.233,96.8
0.0,0.243,96.8
0.0,0.272,96.8
0.0,0.284,96.8
0.024,0.249,96.8
0.049,0.225,96.8
0.069,0.251,96.8
0.055,0.256,96.8
0.019,0.195,96.8
0.002,0.124,96.8
0.0,0.167,96.8
0.0,0.323,96.8
0.0,0.389,96.8
0.0,0.376,96.8
0.0,0.48,96.8
0.0,0.547,96.8
0.0,0.603,96.8
0.0,0.552,96.8
0.0,0.444,96.8
0.0,0.437,96.8
0.0,0.436,96.8
0.0,0.435,96.8
0.0,0.432,96.8
0.0,0.425,96.8
0.0,0.415,96.8
0.0,0.42,96.8
0.0,0.395,96.8
0.0,0.376,96.8
0.024,0.331,96.8
0.089,0.286,96.8
0.174,0.241,96.8
0.249,0.225,96.8
0.236,0.179,96.8
0.14,0.117,96.8
0.048,0.078,96.8
0.0,0.064,96.8
0.0,0.062,96.8
0.0,0.069,96.8
0.0,0.078,96.8
0.0,0.074,96.8
0.0,0.057,96.8
0.0,0.033,96.8
0.0,0.016,96.8
0.0,0.008,96.8
0.0,0.004,96.8
0.0,0.003,96.8
0.0,0.005,96.8
0.0,0.009,96.8
0.0,0.021,96.8
0.0,0.035,96.8
0.0,0.037,96.8
0.0,0.058,96.8
0.075,0.112,96.8
0.256,0.106,96.8
0.422,0.105,96.8
0.471,0.128,96.8
0.459,0.156,96.8
0.256,0.181,96.8
0.035,0.242,96.8
0.0,0.343,96.8
0.0,0.36,96.8
0.0,0.361,96.8
0.0,0.411,96.8
0.0,0.456,96.8
0.0,0.513,96.8
0.0,0.56,96.8
0.0,0.522,96.8
0.0,0.466,96.8
0.0,0.451,96.8
0.0,0.501,96.8
0.0,0.509,96.8
0.0,0.498,96.8
0.0,0.464,96.8
0.0,0.361,96.8
0.0,0.3,96.8
0.0,0.295,96.8
0.007,0.275,96.8
0.063,0.274,96.8
0.251,0.254,96.8
0.401,0.225,96.8
0.403,0.233,96.8
0.304,0.266,96.8
0.194,0.402,96.8
0.002,0.518,96.8
0.0,0.569,96.8
0.0,0.624,96.8
0.0,0.675,96.8
0.0,0.675,96.8
0.0,0.688,96.8
0.0,0.713,96.8
0.0,0.753,96.8
0.0,0.788,96.8
0.0,0.788,96.8
0.0,0.708,96.8
0.0,0.604,96.8
0.0,0.51,96.8
0.0,0.471,96.8
0.0,0.44,96.8
0.0,0.432,96.8
0.0,0.42,96.8
0.011,0.37,96.8
0.045,0.313,96.8
0.087,0.295,96.8
0.13,0.275,96.8
0.194,0.291,96.8
0.197,0.264,96.8
0.094,0.242,96.8
0.0,0.249,96.8
0.0,0.247,96.8
0.0,0.227,96.8
0.0,0.212,96.8
0.0,0.211,96.8
0.0,0.217,96.8
0.0,0.212,96.8
0.0,0.21,96.8
0.0,0.205,96.8
0.0,0.192,96.8
0.0,0.187,96.8
0.0,0.204,96.8
0.0,0.226,96.8
0.0,0.234,96.8
0.0,0.22,96.8
0.0,0.206,96.8
0.0,0.192,96.8
0.006,0.201,96.8
0.046,0.226,96.8
0.106,0.265,96.8
0.175,0.305,96.8
0.123,0.322,96.8
0.056,0.303,96.8
0.015,0.294,96.8
0.0,0.289,96.8
0.0,0.274,96.8
0.0,0.278,96.8
0.0,0.294,96.8
0.0,0.335,96.8
0.0,0.369,96.8
0.0,0.376,96.8
0.0,0.402,96.8
0.0,0.398,96.8
0.0,0.438,96.8
0.0,0.466,96.8
0.0,0.473,96.8
0.0,0.468,96.8
0.0,0.484,96.8
0.0,0.501,96.8
0.0,0.515,96.8
0.0,0.518,96.8
0.024,0.508,96.8
0.056,0.433,96.8
0.076,0.343,96.8
0.083,0.273,96.8
0.077,0.211,96.8
0.057,0.151,96.8
0.016,0.124,96.8
0.0,0.132,96.8
0.0,0.133,96.8
0.0,0.119,96.8
0.0,0.083,96.8
0.0,0.034,96.8
0.0,0.011,96.8
0.0,0.008,96.8
0.0,0.058,96.8
0.0,0.147,96.8
0.0,0.211,96.8
0.0,0.227,96.8
0.0,0.18,96.8
0.0,0.11,96.8
0.0,0.08,96.8
0.0,0.079,96.8
0.0,0.09,96.8
0.0,0.107,96.8
0.009,0.111,96.8
0.023,0.108,96.8
0.034,0.113,96.8
0.04,0.125,96.8
0.028,0.149,96.8
0.013,0.185,96.8
0.001,0.235,96.8
0.0,0.294,96.8
0.0,0.313,96.8
0.0,0.317,96.8
0.0,0.325,96.8
0.0,0.321,96.8
0.0,0.334,96.8
0.0,0.32,96.8
0.0,0.325,96.8
0.0,0.334,96.8
0.0,0.352,96.8
0.0,0.394,96.8
0.0,0.43,96.8
0.0,0.436,96.8
0.0,0.457,96.8
0.0,0.489,96.8
0.0,0.51,96.8
0.0,0.515,96.8
0.0,0.495,96.8
0.013,0.457,96.8
0.026,0.415,96.8
0.035,0.379,96.8
0.034,0.346,96.8
0.026,0.328,96.8
0.005,0.346,96.8
0.0,0.354,96.8
0.0,0.364,96.8
0.0,0.366,96.8
0.0,0.358,96.8
0.0,0.362,96.8
0.0,0.338,96.8
0.0,0.342,96.8
0.0,0.364,96.8
0.0,0.346,96.8
0.0,0.346,96.8
0.0,0.32,96.8
0.0,0.3,96.8
0.0,0.289,96.8
0.0,0.285,96.8
0.0,0.269,96.8
0.0,0.264,96.8
0.0,0.271,96.8
0.061,0.251,96.8
0.176,0.178,96.8
0.258,0.12,96.8
0.26,0.095,96.8
0.247,0.092,96.8
0.192,0.092,96.8
0.096,0.118,96.8
0.0,0.157,96.8
0.0,0.193,96.8
0.0,0.214,96.8
0.0,0.223,96.8
0.0,0.22,96.8
0.0,0.214,96.8
0.0,0.21,96.8
0.0,0.206,96.8
0.0,0.197,96.8
0.0,0.174,96.8
0.0,0.167,96.8
0.0,0.172,96.8
0.0,0.181,96.8
0.0,0.183,96.8
0.0,0.181,96.8
0.0,0.188,96.8
0.0,0.202,96.8
0.0,0.2,96.8
0.015,0.17,96.8
0.048,0.128,96.8
0.047,0.108,96.8
0.041,0.087,96.8
0.033,0.093,96.8
0.007,0.112,96.8
0.0,0.141,96.8
0.0,0.177,96.8
0.0,0.201,96.8
0.0,0.22,96.8
0.0,0.227,96.8
0.0,0.231,96.8
0.0,0.229,96.8
0.0,0.231,96.8
0.0,0.231,96.8
0.0,0.22,96.8
0.0,0.213,96.8
0.0,0.211,96.8
0.0,0.207,96.8
0.0,0.205,96.8
0.0,0.201,96.8
0.0,0.225,96.8
0.0,0.233,96.8
0.004,0.221,96.8
0.06,0.173,96.8
0.152,0.134,96.8
0.263,0.12,96.8
0.233,0.12,96.8
0.106,0.133,96.8
0.019,0.164,96.8
0.0,0.196,96.8
0.0,0.217,96.8
0.0,0.212,96.8
0.0,0.201,96.8
0.0,0.192,96.8
0.0,0.183,96.8
0.0,0.168,96.8
0.0,0.154,96.8
0.0,0.146,96.8
0.0,0.142,96.8
0.0,0.139,96.8
0.0,0.138,96.8
0.0,0.14,96.8
0.0,0.139,96.8
0.0,0.133,96.8
0.0,0.122,96.8
0.0,0.105,96.8
0.02,0.078,96.8
0.068,0.041,96.8
0.104,0.025,96.8
0.099,0.023,96.8
0.074,0.022,96.8
0.048,0.018,96.8
0.018,0.017,96.8
0.0,0.019,96.8
0.0,0.022,96.8
0.0,0.026,96.8
0.0,0.028,96.8
0.0,0.026,96.8
0.0,0.022,96.8
0.0,0.018,96.8
0.0,0.018,96.8
0.0,0.02,96.8
0.0,0.021,96.8
0.0,0.021,96.8
0.0,0.018,96.8
0.0,0.013,96.8
0.0,0.008,96.8
0.0,0.004,96.8
0.0,0.004,96.8
0.0,0.008,96.8
0.003,0.012,96.8
0.023,0.016,96.8
0.039,0.017,96.8
0.037,0.023,96.8
0.036,0.036,96.8
0.032,0.048,96.8
0.017,0.066,96.8
0.0,0.092,96.8
0.0,0.112,96.8
0.0,0.117,96.8
0.0,0.107,96.8
0.0,0.094,96.8
0.0,0.084,96.8
0.0,0.08,96.8
0.0,0.072,96.8
0.0,0.059,96.8
0.0,0.041,96.8
0.0,0.023,96.8
0.0,0.012,96.8
0.0,0.008,96.8
0.0,0.006,96.8
0.0,0.006,96.8
0.0,0.004,96.8
0.0,0.003,96.8
0.001,0.002,96.8
0.019,0.002,96.8
0.032,0.004,96.8
0.04,0.009,96.8
0.04,0.014,96.8
0.027,0.019,96.8
0.004,0.025,96.8
0.0,0.037,96.8
0.0,0.051,96.8
0.0,0.061,96.8
0.0,0.067,96.8
0.0,0.071,96.8
0.0,0.074,96.8
0.0,0.076,96.8
0.0,0.076,96.8
0.0,0.076,96.8
0.0,0.084,96.8
0.0,0.094,96.8
0.0,0.105,96.8
0.0,0.119,96.8
0.0,0.133,96.8
0.0,0.141,96.8
0.0,0.153,96.8
0.0,0.163,96.8
0.0,0.166,96.8
0.01,0.165,96.8
0.02,0.171,96.8
0.043,0.193,96.8
0.054,0.208,96.8
0.037,0.2,96.8
0.008,0.204,96.8
0.0,0.227,96.8
0.0,0.233,96.8
0.0,0.231,96.8
0.0,0.22,96.8
0.0,0.206,96.8
0.0,0.205,96.8
0.0,0.175,96.8
0.0,0.158,96.8
0.0,0.147,96.8
0.0,0.141,96.8
0.0,0.132,96.8
0.0,0.114,96.8
0.0,0.094,96.8
0.0,0.069,96.8
0.0,0.042,96.8
0.0,0.023,96.8
0.0,0.013,96.8
0.008,0.012,96.8
0.048,0.015,96.8
0.097,0.015,96.8
0.142,0.017,96.8
0.325,0.023,96.8
0.344,0.027,96.8
0.166,0.041,96.8
0.0,0.055,96.8
0.0,0.074,96.8
0.0,0.1,96.8
0.0,0.131,96.8
0.0,0.16,96.8
0.0,0.18,96.8
0.0,0.191,96.8
0.0,0.192,96.8
0.0,0.183,96.8
0.0,0.164,96.8
0.0,0.143,96.8
0.0,0.124,96.8
0.0,0.108,96.8
0.0,0.096,96.8
0.0,0.086,96.8
0.0,0.079,96.8
0.0,0.074,96.8
0.162,0.066,96.8
0.372,0.041,96.8
0.507,0.026,96.8
0.543,0.026,96.8
0.51,0.026,96.8
0.402,0.024,96.8
0.207,0.027,96.8
0.0,0.041,96.8
0.0,0.065,96.8
0.0,0.092,96.8
0.0,0.118,96.8
0.0,0.144,96.8
0.0,0.167,96.8
0.0,0.195,96.8
0.0,0.223,96.8
0.0,0.245,96.8
0.0,0.259,96.8
0.0,0.264,96.8
0.0,0.256,96.8
0.0,0.245,96.8
0.0,0.249,96.8
0.0,0.26,96.8
0.0,0.263,96.8
0.0,0.255,96.8
0.149,0.209,96.8
0.301,0.169,96.8
0.388,0.18,96.8
0.342,0.18,96.8
0.236,0.18,96.8
0.149,0.177,96.8
0.072,0.223,96.8
0.0,0.313,96.8
0.0,0.36,96.8
0.0,0.362,96.8
0.0,0.361,96.8
0.0,0.349,96.8
0.0,0.326,96.8
0.0,0.312,96.8
0.0,0.301,96.8
0.0,0.291,96.8
0.0,0.295,96.8
0.0,0.294,96.8
0.0,0.283,96.8
0.0,0.264,96.8
0.0,0.241,96.8
0.0,0.235,96.8
0.0,0.227,96.8
0.0,0.221,96.8
0.001,0.235,96.8
0.02,0.251,96.8
0.053,0.235,96.8
0.093,0.247,96.8
0.069,0.286,96.8
0.021,0.352,96.8
0.005,0.42,96.8
0.0,0.482,96.8
0.0,0.508,96.8
0.0,0.523,96.8
0.0,0.538,96.8
0.0,0.634,96.8
0.0,0.627,96.8
0.0,0.619,96.8
0.0,0.647,96.8
0.0,0.704,96.8
0.0,0.766,96.8
0.0,0.7,96.8
0.0,0.605,96.8
0.0,0.61,96.8
0.0,0.578,96.8
0.0,0.55,96.8
0.0,0.551,96.8
0.0,0.549,96.8
0.009,0.489,96.8
0.05,0.459,96.8
0.077,0.432,96.8
0.09,0.401,96.8
0.073,0.397,96.8
0.037,0.413,96.8
0.004,0.435,96.8
0.0,0.398,96.8
0.0,0.355,96.8
0.0,0.315,96.8
0.0,0.273,96.8
0.0,0.224,96.8
0.0,0.171,96.8
0.0,0.127,96.8
0.0,0.084,96.8
0.0,0.042,96.8
0.0,0.026,96.8
0.0,0.047,96.8
0.0,0.079,96.8
0.0,0.112,96.8
0.0,0.126,96.8
0.0,0.159,96.8
0.0,0.191,96.8
0.0,0.21,96.8
0.0,0.245,96.8
0.021,0.285,96.8
0.101,0.332,96.8
0.152,0.332,96.8
0.165,0.316,96.8
0.128,0.286,96.8
0.047,0.265,96.8
0.0,0.306,96.8
0.0,0.349,96.8
0.0,0.364,96.8
0.0,0.376,96.8
0.0,0.369,96.8
0.0,0.355,96.8
0.0,0.341,96.8
0.0,0.312,96.8
0.0,0.28,96.8
0.0,0.263,96.8
0.0,0.244,96.8
0.0,0.231,96.8
0.0,0.229,96.8
0.0,0.244,96.8
0.0,0.254,96.8
0.0,0.261,96.8
0.0,0.267,96.8
0.055,0.253,96.8
0.156,0.242,96.8
0.237,0.249,96.8
0.265,0.245,96.8
0.223,0.248,96.8
0.133,0.251,96.8
0.043,0.275,96.8
0.0,0.328,96.8
0.0,0.349,96.8
0.0,0.343,96.8
0.0,0.338,96.8
0.0,0.338,96.8
0.0,0.323,96.8
0.0,0.3,96.8
0.0,0.294,96.8
0.0,0.287,96.8
0.0,0.283,96.8
0.0,0.281,96.8
0.0,0.267,96.8
0.0,0.253,96.8
0.0,0.255,96.8
0.0,0.267,96.8
0.0,0.285,96.8
0.0,0.283,96.8
0.005,0.278,96.8
0.031,0.294,96.8
0.077,0.3,96.8
0.149,0.292,96.8
0.135,0.286,96.8
0.084,0.309,96.8
0.019,0.325,96.8
0.0,0.379,96.8
0.0,0.413,96.8
0.0,0.445,96.8
0.0,0.433,96.8
0.0,0.433,96.8
0.0,0.44,96.8
0.0,0.437,96.8
0.0,0.453,96.8
0.0,0.476,96.8
0.0,0.518,96.8
0.0,0.545,96.8
0.0,0.553,96.8
0.0,0.537,96.8
0.0,0.503,96.8
0.0,0.503,96.8
0.0,0.532,96.8
0.0,0.503,96.8
0.008,0.466,96.8
0.051,0.421,96.8
0.116,0.465,96.8
0.075,0.507,96.8
0.041,0.819,96.8
0.154,0.84,96.8
0.041,0.816,96.8
0.0,0.858,96.8
0.0,0.844,96.8
0.0,0.769,96.8
0.0,0.689,96.8
0.0,0.668,96.8
0.0,0.672,96.8
0.0,0.671,96.8
0.0,0.705,96.8
0.0,0.727,96.8
0.0,0.74,96.8
0.0,0.737,96.8
0.0,0.705,96.8
0.0,0.665,96.8
0.0,0.594,96.8
0.0,0.537,96.8
0.0,0.43,96.8
0.0,0.328,96.8
0.002,0.273,96.8
0.014,0.21,96.8
0.061,0.178,96.8
0.104,0.195,96.8
0.065,0.19,96.8
0.019,0.233,96.8
0.0,0.32,96.8
0.0,0.385,96.8
0.0,0.414,96.8
0.0,0.561,96.8
0.0,0.685,96.8
0.0,0.673,96.8
0.0,0.635,96.8
0.0,0.642,96.8
0.0,0.658,96.8
0.0,0.626,96.8
0.0,0.544,96.8
0.0,0.485,96.8
0.0,0.448,96.8
0.0,0.447,96.8
0.0,0.55,96.8
0.0,0.626,96.8
0.0,0.656,96.8
0.0,0.674,96.8
0.007,0.668,96.8
0.059,0.607,96.8
0.186,0.585,96.8
0.253,0.653,96.8
0.16,0.699,96.8
0.103,0.68,96.8
0.013,0.654,96.8
0.0,0.649,96.8
0.0,0.642,96.8
0.0,0.648,96.8
0.0,0.625,96.8
0.0,0.594,96.8
0.0,0.58,96.8
0.0,0.572,96.8
0.0,0.561,96.8
0.0,0.538,96.8
0.0,0.506,96.8
0.0,0.477,96.8
0.0,0.444,96.8
0.0,0.429,96.8
0.0,0.403,96.8
0.0,0.425,96.8
0.0,0.442,96.8
0.0,0.449,96.8
0.032,0.468,96.8
0.074,0.459,96.8
0.12,0.429,96.8
0.105,0.413,96.8
0.115,0.434,96.8
0.251,0.457,96.8
0.096,0.476,96.8
0.0,0.605,96.8
0.0,0.61,96.8
0.0,0.547,96.8
0.0,0.538,96.8
0.0,0.487,96.8
0.0,0.497,96.8
0.0,0.471,96.8
0.0,0.44,96.8
0.0,0.432,96.8
