solar_cf,wind_cf,price
0.0,0.51,111.9
0.0,0.538,111.9
0.0,0.566,111.9
0.0,0.535,111.9
0.0,0.536,111.9
0.0,0.532,111.9
0.0,0.508,111.9
0.004,0.474,111.9
0.107,0.399,111.9
0.22,0.317,111.9
0.25,0.256,111.9
0.189,0.24,111.9
0.109,0.223,111.9
0.069,0.235,111.9
0.047,0.216,111.9
0.018,0.168,111.9
0.0,0.187,111.9
0.0,0.261,111.9
0.0,0.459,111.9
0.0,0.683,111.9
0.0,0.809,111.9
0.0,0.865,111.9
0.0,0.877,111.9
0.0,0.879,111.9
0.0,0.886,111.9
0.0,0.887,111.9
0.0,0.868,111.9
0.0,0.827,111.9
0.0,0.785,111.9
0.0,0.72,111.9
0.0,0.618,111.9
0.03,0.494,111.9
0.311,0.359,111.9
0.514,0.285,111.9
0.62,0.245,111.9
0.644,0.233,111.9
0.595,0.245,111.9
0.49,0.31,111.9
0.323,0.444,111.9
0.122,0.57,111.9
0.0,0.702,111.9
0.0,0.802,111.9
0.0,0.822,111.9
0.0,0.831,111.9
0.0,0.837,111.9
0.0,0.827,111.9
0.0,0.815,111.9
0.0,0.788,111.9
0.0,0.751,111.9
0.0,0.714,111.9
0.0,0.689,111.9
0.0,0.678,111.9
0.0,0.671,111.9
0.0,0.67,111.9
0.0,0.64,111.9
0.031,0.638,111.9
0.345,0.606,111.9
0.573,0.614,111.9
0.694,0.597,111.9
0.745,0.601,111.9
0.732,0.639,111.9
0.656,0.668,111.9
0.505,0.674,111.9
0.263,0.614,111.9
0.007,0.588,111.9
0.0,0.607,111.9
0.0,0.628,111.9
0.0,0.642,111.9
0.0,0.645,111.9
0.0,0.655,111.9
0.0,0.678,111.9
0.0,0.7,111.9
0.0,0.708,111.9
0.0,0.707,111.9
0.0,0.677,111.9
0.0,0.624,111.9
0.0,0.583,111.9
0.0,0.532,111.9
0.0,0.529,111.9
0.022,0.519,111.9
0.292,0.41,111.9
0.521,0.356,111.9
0.63,0.311,111.9
0.594,0.259,111.9
0.518,0.245,111.9
0.41,0.268,111.9
0.283,0.3,111.9
0.125,0.325,111.9
0.0,0.391,111.9
0.0,0.479,111.9
0.0,0.554,111.9
0.0,0.621,111.9
0.0,0.681,111.9
0.0,0.72,111.9
0.0,0.745,111.9
0.0,0.746,111.9
0.0,0.734,111.9
0.0,0.745,111.9
0.0,0.741,111.9
0.0,0.698,111.9
0.0,0.644,111.9
0.0,0.566,111.9
0.0,0.494,111.9
0.034,0.434,111.9
0.31,0.339,111.9
0.512,0.3,111.9
0.636,0.265,111.9
0.682,0.235,111.9
0.661,0.217,111.9
0.574,0.203,111.9
0.447,0.184,111.9
0.241,0.186,111.9
0.008,0.221,111.9
0.0,0.237,111.9
0.0,0.259,111.9
0.0,0.288,111.9
0.0,0.31,111.9
0.0,0.322,111.9
0.0,0.32,111.9
0.0,0.315,111.9
0.0,0.324,111.9
0.0,0.341,111.9
0.0,0.364,111.9
0.0,0.37,111.9
0.0,0.367,111.9
0.0,0.355,111.9
0.0,0.335,111.9
0.045,0.305,111.9
0.353,0.264,111.9
0.559,0.219,111.9
0.682,0.203,111.9
0.735,0.213,111.9
0.724,0.222,111.9
0.652,0.22,111.9
0.508,0.203,111.9
0.276,0.206,111.9
0.012,0.214,111.9
0.0,0.2,111.9
0.0,0.185,111.9
0.0,0.166,111.9
0.0,0.137,111.9
0.0,0.143,111.9
0.0,0.155,111.9
0.0,0.134,111.9
0.0,0.138,111.9
0.0,0.178,111.9
0.0,0.227,111.9
0.0,0.295,111.9
0.0,0.376,111.9
0.0,0.437,111.9
0.0,0.451,111.9
0.0,0.444,111.9
0.012,0.454,111.9
0.044,0.422,111.9
0.078,0.337,111.9
0.088,0.282,111.9
0.152,0.259,111.9
0.123,0.226,111.9
0.049,0.213,111.9
0.01,0.214,111.9
0.0,0.2,111.9
0.0,0.164,111.9
0.0,0.124,111.9
0.0,0.094,111.9
0.0,0.07,111.9
0.0,0.059,111.9
0.0,0.064,111.9
0.0,0.076,111.9
0.0,0.104,111.9
0.0,0.133,111.9
0.0,0.146,111.9
0.0,0.149,111.9
0.0,0.142,111.9
0.0,0.129,111.9
0.0,0.112,111.9
0.0,0.088,111.9
0.068,0.054,111.9
0.172,0.012,111.9
0.147,0.013,111.9
0.13,0.012,111.9
0.1,0.029,111.9
0.083,0.048,111.9
0.053,0.061,111.9
0.014,0.074,111.9
0.0,0.074,111.9
0.0,0.113,111.9
0.0,0.195,111.9
0.0,0.295,111.9
0.0,0.422,111.9
0.0,0.519,111.9
0.0,0.61,111.9
0.0,0.751,111.9
0.0,0.77,111.9
0.0,0.734,111.9
0.0,0.763,111.9
0.0,0.741,111.9
0.0,0.74,111.9
0.0,0.781,111.9
0.0,0.79,111.9
0.0,0.766,111.9
0.004,0.769,111.9
0.028,0.807,111.9
0.061,0.853,111.9
0.078,0.899,111.9
0.073,0.941,111.9
0.048,0.967,111.9
0.027,0.981,111.9
0.004,0.984,111.9
0.0,0.985,111.9
0.0,0.988,111.9
0.0,0.988,111.9
0.0,0.986,111.9
0.0,0.985,111.9
0.0,0.986,111.9
0.0,0.988,111.9
0.0,0.985,111.9
0.0,0.98,111.9
0.0,0.969,111.9
0.0,0.952,111.9
0.0,0.918,111.9
0.0,0.885,111.9
0.0,0.871,111.9
0.0,0.871,111.9
0.0,0.844,111.9
0.019,0.799,111.9
0.064,0.72,111.9
0.101,0.647,111.9
0.123,0.586,111.9
0.127,0.522,111.9
0.114,0.45,111.9
0.087,0.369,111.9
0.041,0.312,111.9
0.0,0.289,111.9
0.0,0.284,111.9
0.0,0.27,111.9
0.0,0.254,111.9
0.0,0.236,111.9
0.0,0.22,111.9
0.0,0.228,111.9
0.0,0.243,111.9
0.0,0.252,111.9
0.0,0.273,111.9
0.0,0.303,111.9
0.0,0.349,111.9
0.0,0.368,111.9
0.0,0.361,111.9
0.0,0.341,111.9
0.024,0.343,111.9
0.289,0.312,111.9
0.554,0.245,111.9
0.683,0.186,111.9
0.739,0.165,111.9
0.729,0.176,111.9
0.657,0.2,111.9
0.514,0.228,111.9
0.281,0.285,111.9
0.019,0.383,111.9
0.0,0.435,111.9
0.0,0.449,111.9
0.0,0.469,111.9
0.0,0.506,111.9
0.0,0.531,111.9
0.0,0.558,111.9
0.0,0.576,111.9
0.0,0.609,111.9
0.0,0.663,111.9
0.0,0.713,111.9
0.0,0.748,111.9
0.0,0.772,111.9
0.0,0.779,111.9
0.0,0.778,111.9
0.062,0.753,111.9
0.359,0.71,111.9
0.574,0.666,111.9
0.701,0.624,111.9
0.751,0.577,111.9
0.738,0.553,111.9
0.666,0.574,111.9
0.525,0.617,111.9
0.296,0.659,111.9
0.024,0.73,111.9
0.0,0.765,111.9
0.0,0.762,111.9
0.0,0.777,111.9
0.0,0.786,111.9
0.0,0.789,111.9
0.0,0.798,111.9
0.0,0.816,111.9
0.0,0.839,111.9
0.0,0.845,111.9
0.0,0.849,111.9
0.0,0.816,111.9
0.0,0.788,111.9
0.0,0.772,111.9
0.0,0.754,111.9
0.055,0.729,111.9
0.347,0.682,111.9
0.539,0.634,111.9
0.664,0.609,111.9
0.713,0.604,111.9
0.699,0.614,111.9
0.627,0.633,111.9
0.49,0.62,111.9
0.27,0.568,111.9
0.021,0.586,111.9
0.0,0.615,111.9
0.0,0.639,111.9
0.0,0.654,111.9
0.0,0.658,111.9
0.0,0.679,111.9
0.0,0.682,111.9
0.0,0.676,111.9
0.0,0.72,111.9
0.0,0.728,111.9
0.0,0.729,111.9
0.0,0.724,111.9
0.0,0.711,111.9
0.0,0.704,111.9
0.0,0.665,111.9
0.057,0.651,111.9
0.352,0.586,111.9
0.55,0.504,111.9
0.676,0.438,111.9
0.727,0.431,111.9
0.722,0.419,111.9
0.655,0.4,111.9
0.518,0.389,111.9
0.298,0.395,111.9
0.028,0.524,111.9
0.0,0.692,111.9
0.0,0.808,111.9
0.0,0.872,111.9
0.0,0.909,111.9
0.0,0.914,111.9
0.0,0.901,111.9
0.0,0.876,111.9
0.0,0.857,111.9
0.0,0.831,111.9
0.0,0.829,111.9
0.0,0.82,111.9
0.0,0.831,111.9
0.0,0.829,111.9
0.0,0.831,111.9
0.011,0.826,111.9
0.148,0.805,111.9
0.292,0.812,111.9
0.41,0.834,111.9
0.559,0.848,111.9
0.642,0.855,111.9
0.601,0.848,111.9
0.481,0.82,111.9
0.275,0.758,111.9
0.026,0.725,111.9
0.0,0.69,111.9
0.0,0.636,111.9
0.0,0.644,111.9
0.0,0.66,111.9
0.0,0.69,111.9
0.0,0.728,111.9
0.0,0.735,111.9
0.0,0.743,111.9
0.0,0.74,111.9
0.0,0.729,111.9
0.0,0.698,111.9
0.0,0.656,111.9
0.0,0.614,111.9
0.0,0.562,111.9
0.082,0.476,111.9
0.382,0.323,111.9
0.584,0.202,111.9
0.703,0.155,111.9
0.747,0.152,111.9
0.731,0.176,111.9
0.656,0.206,111.9
0.515,0.223,111.9
0.292,0.194,111.9
0.029,0.167,111.9
0.0,0.176,111.9
0.0,0.223,111.9
0.0,0.274,111.9
0.0,0.338,111.9
0.0,0.432,111.9
0.0,0.55,111.9
0.0,0.647,111.9
0.0,0.703,111.9
0.0,0.756,111.9
0.0,0.816,111.9
0.0,0.845,111.9
0.0,0.862,111.9
0.0,0.877,111.9
0.0,0.889,111.9
0.067,0.896,111.9
0.359,0.879,111.9
0.551,0.882,111.9
0.663,0.926,111.9
0.709,0.948,111.9
0.695,0.957,111.9
0.622,0.956,111.9
0.485,0.937,111.9
0.271,0.921,111.9
0.028,0.91,111.9
0.0,0.891,111.9
0.0,0.854,111.9
0.0,0.744,111.9
0.0,0.536,111.9
0.0,0.273,111.9
0.0,0.105,111.9
0.0,0.037,111.9
0.0,0.029,111.9
0.0,0.037,111.9
0.0,0.055,111.9
0.0,0.088,111.9
0.0,0.113,111.9
0.0,0.112,111.9
0.0,0.095,111.9
0.035,0.1,111.9
0.283,0.113,111.9
0.509,0.113,111.9
0.656,0.099,111.9
0.728,0.094,111.9
0.718,0.106,111.9
0.647,0.118,111.9
0.507,0.114,111.9
0.287,0.101,111.9
0.034,0.099,111.9
0.0,0.113,111.9
0.0,0.122,111.9
0.0,0.114,111.9
0.0,0.104,111.9
0.0,0.102,111.9
0.0,0.118,111.9
0.0,0.153,111.9
0.0,0.197,111.9
0.0,0.235,111.9
0.0,0.259,111.9
0.0,0.264,111.9
0.0,0.26,111.9
0.0,0.242,111.9
0.0,0.219,111.9
0.071,0.201,111.9
0.34,0.15,111.9
0.548,0.094,111.9
0.674,0.078,111.9
0.722,0.121,111.9
0.711,0.175,111.9
0.64,0.196,111.9
0.502,0.208,111.9
0.281,0.237,111.9
0.033,0.285,111.9
0.0,0.32,111.9
0.0,0.337,111.9
0.0,0.328,111.9
0.0,0.285,111.9
0.0,0.23,111.9
0.0,0.186,111.9
0.0,0.168,111.9
0.0,0.161,111.9
0.0,0.161,111.9
0.0,0.175,111.9
0.0,0.204,111.9
0.0,0.253,111.9
0.0,0.333,111.9
0.0,0.407,111.9
0.014,0.439,111.9
0.112,0.425,111.9
0.192,0.405,111.9
0.153,0.422,111.9
0.141,0.413,111.9
0.189,0.329,111.9
0.093,0.27,111.9
0.244,0.302,111.9
0.062,0.311,111.9
0.0,0.374,111.9
0.0,0.473,111.9
0.0,0.58,111.9
0.0,0.666,111.9
0.0,0.686,111.9
0.0,0.649,111.9
0.0,0.547,111.9
0.0,0.444,111.9
0.0,0.325,111.9
0.0,0.231,111.9
0.0,0.204,111.9
0.0,0.228,111.9
0.0,0.312,111.9
0.0,0.431,111.9
0.0,0.462,111.9
0.072,0.498,111.9
0.35,0.388,111.9
0.535,0.32,111.9
0.644,0.574,111.9
0.691,0.605,111.9
0.633,0.566,111.9
0.489,0.586,111.9
0.385,0.599,111.9
0.216,0.566,111.9
0.018,0.599,111.9
0.0,0.622,111.9
0.0,0.538,111.9
0.0,0.466,111.9
0.0,0.488,111.9
0.0,0.53,111.9
0.0,0.574,111.9
0.0,0.605,111.9
0.0,0.613,111.9
0.0,0.624,111.9
0.0,0.625,111.9
0.0,0.682,111.9
0.0,0.739,111.9
0.0,0.778,111.9
0.0,0.824,111.9
0.016,0.826,111.9
0.153,0.834,111.9
0.186,0.866,111.9
0.402,0.964,111.9
0.494,0.991,111.9
0.434,0.96,111.9
0.31,0.924,111.9
0.174,0.96,111.9
0.09,0.985,111.9
0.01,0.991,111.9
0.0,0.991,111.9
0.0,0.988,111.9
0.0,0.979,111.9
0.0,0.951,111.9
0.0,0.912,111.9
0.0,0.875,111.9
0.0,0.861,111.9
0.0,0.863,111.9
0.0,0.873,111.9
0.0,0.88,111.9
0.0,0.873,111.9
0.0,0.859,111.9
0.0,0.844,111.9
0.0,0.82,111.9
0.008,0.83,111.9
0.103,0.807,111.9
0.263,0.829,111.9
0.292,0.881,111.9
0.234,0.884,111.9
0.171,0.875,111.9
0.165,0.844,111.9
0.132,0.777,111.9
0.099,0.712,111.9
0.005,0.655,111.9
0.0,0.592,111.9
0.0,0.615,111.9
0.0,0.76,111.9
0.0,0.78,111.9
0.0,0.697,111.9
0.0,0.788,111.9
0.0,0.899,111.9
0.0,0.957,111.9
0.0,0.98,111.9
0.0,0.989,111.9
0.0,0.991,111.9
0.0,0.989,111.9
0.0,0.991,111.9
0.0,0.98,111.9
0.098,0.955,111.9
0.371,0.903,111.9
0.558,0.875,111.9
0.671,0.9,111.9
0.719,0.917,111.9
0.705,0.923,111.9
0.604,0.913,111.9
0.394,0.886,111.9
0.159,0.831,111.9
0.019,0.771,111.9
0.0,0.734,111.9
0.0,0.75,111.9
0.0,0.763,111.9
0.0,0.751,111.9
0.0,0.768,111.9
0.0,0.783,111.9
0.0,0.748,111.9
0.0,0.72,111.9
0.0,0.685,111.9
0.0,0.655,111.9
0.0,0.646,111.9
0.0,0.647,111.9
0.0,0.613,111.9
0.0,0.57,111.9
0.026,0.494,111.9
0.039,0.355,111.9
0.068,0.223,111.9
0.081,0.181,111.9
0.102,0.251,111.9
0.131,0.295,111.9
0.134,0.365,111.9
0.053,0.437,111.9
0.035,0.432,111.9
0.003,0.42,111.9
0.0,0.335,111.9
0.0,0.176,111.9
0.0,0.18,111.9
0.0,0.302,111.9
0.0,0.296,111.9
0.0,0.126,111.9
0.0,0.056,111.9
0.0,0.134,111.9
0.0,0.203,111.9
0.0,0.249,111.9
0.0,0.252,111.9
0.0,0.27,111.9
0.0,0.262,111.9
0.0,0.248,111.9
0.094,0.229,111.9
0.374,0.18,111.9
0.567,0.097,111.9
0.685,0.028,111.9
0.74,0.004,111.9
0.702,0.044,111.9
0.647,0.093,111.9
0.511,0.133,111.9
0.253,0.155,111.9
0.021,0.192,111.9
0.0,0.249,111.9
0.0,0.279,111.9
0.0,0.294,111.9
0.0,0.285,111.9
0.0,0.246,111.9
0.0,0.211,111.9
0.0,0.204,111.9
0.0,0.252,111.9
0.0,0.352,111.9
0.0,0.466,111.9
0.0,0.543,111.9
0.0,0.559,111.9
0.0,0.565,111.9
0.0,0.594,111.9
0.035,0.62,111.9
0.27,0.592,111.9
0.468,0.573,111.9
0.641,0.645,111.9
0.697,0.695,111.9
0.678,0.674,111.9
0.611,0.662,111.9
0.484,0.663,111.9
0.271,0.638,111.9
0.038,0.657,111.9
0.0,0.718,111.9
0.0,0.716,111.9
0.0,0.695,111.9
0.0,0.679,111.9
0.0,0.686,111.9
0.0,0.7,111.9
0.0,0.719,111.9
0.0,0.745,111.9
0.0,0.75,111.9
0.0,0.736,111.9
0.0,0.71,111.9
0.0,0.657,111.9
0.0,0.599,111.9
0.0,0.552,111.9
0.092,0.494,111.9
0.322,0.429,111.9
0.535,0.441,111.9
0.653,0.471,111.9
0.691,0.507,111.9
0.672,0.529,111.9
0.567,0.527,111.9
0.456,0.501,111.9
0.271,0.374,111.9
0.047,0.304,111.9
0.0,0.294,111.9
0.0,0.278,111.9
0.0,0.27,111.9
0.0,0.289,111.9
0.0,0.347,111.9
0.0,0.481,111.9
0.0,0.634,111.9
0.0,0.72,111.9
0.0,0.758,111.9
0.0,0.794,111.9
0.0,0.826,111.9
0.0,0.841,111.9
0.0,0.84,111.9
0.0,0.839,111.9
0.042,0.83,111.9
0.221,0.791,111.9
0.525,0.87,111.9
0.651,0.894,111.9
0.666,0.899,111.9
0.603,0.906,111.9
0.278,0.896,111.9
0.173,0.875,111.9
0.276,0.825,111.9
0.045,0.77,111.9
0.0,0.728,111.9
0.0,0.712,111.9
0.0,0.71,111.9
0.0,0.705,111.9
0.0,0.681,111.9
0.0,0.623,111.9
0.0,0.538,111.9
0.0,0.48,111.9
0.0,0.435,111.9
0.0,0.355,111.9
0.0,0.236,111.9
0.0,0.198,111.9
0.0,0.321,111.9
0.0,0.391,111.9
0.004,0.343,111.9
0.115,0.345,111.9
0.359,0.707,111.9
0.461,0.891,111.9
0.522,0.937,111.9
0.58,0.964,111.9
0.527,0.974,111.9
0.376,0.973,111.9
0.2,0.962,111.9
0.035,0.952,111.9
0.0,0.962,111.9
0.0,0.95,111.9
0.0,0.936,111.9
0.0,0.913,111.9
0.0,0.9,111.9
0.0,0.895,111.9
0.0,0.911,111.9
0.0,0.933,111.9
0.0,0.942,111.9
0.0,0.944,111.9
0.0,0.951,111.9
0.0,0.962,111.9
0.0,0.981,111.9
0.0,0.987,111.9
0.122,0.988,111.9
0.384,0.99,111.9
0.547,0.99,111.9
0.586,0.99,111.9
0.496,0.99,111.9
0.36,0.979,111.9
0.431,0.943,111.9
0.44,0.88,111.9
0.216,0.774,111.9
0.03,0.695,111.9
0.0,0.688,111.9
0.0,0.676,111.9
0.0,0.724,111.9
0.0,0.744,111.9
0.0,0.725,111.9
0.0,0.715,111.9
0.0,0.805,111.9
0.0,0.885,111.9
0.0,0.919,111.9
0.0,0.914,111.9
0.0,0.9,111.9
0.0,0.889,111.9
0.0,0.879,111.9
0.0,0.877,111.9
0.148,0.871,111.9
0.415,0.9,111.9
0.592,0.989,111.9
0.704,0.988,111.9
0.749,0.984,111.9
0.734,0.985,111.9
0.663,0.987,111.9
0.527,0.991,111.9
0.32,0.99,111.9
0.069,0.975,111.9
0.0,0.957,111.9
0.0,0.923,111.9
0.0,0.889,111.9
0.0,0.831,111.9
0.0,0.803,111.9
0.0,0.805,111.9
0.0,0.771,111.9
0.0,0.762,111.9
0.0,0.743,111.9
0.0,0.74,111.9
0.0,0.742,111.9
0.0,0.721,111.9
0.0,0.675,111.9
0.0,0.622,111.9
0.094,0.58,111.9
0.367,0.533,111.9
0.569,0.626,111.9
0.681,0.695,111.9
0.729,0.642,111.9
0.703,0.59,111.9
0.636,0.484,111.9
0.515,0.376,111.9
0.292,0.323,111.9
0.063,0.329,111.9
0.0,0.367,111.9
0.0,0.339,111.9
0.0,0.256,111.9
0.0,0.168,111.9
0.0,0.103,111.9
0.0,0.063,111.9
0.0,0.104,111.9
0.0,0.279,111.9
0.0,0.455,111.9
0.0,0.525,111.9
0.0,0.518,111.9
0.0,0.471,111.9
0.0,0.412,111.9
0.0,0.392,111.9
0.18,0.373,111.9
0.417,0.266,111.9
0.588,0.381,111.9
0.69,0.479,111.9
0.733,0.489,111.9
0.719,0.448,111.9
0.648,0.379,111.9
0.513,0.283,111.9
0.303,0.179,111.9
0.03,0.111,111.9
0.0,0.091,111.9
0.0,0.077,111.9
0.0,0.046,111.9
0.0,0.019,111.9
0.0,0.005,111.9
0.0,0.007,111.9
0.0,0.037,111.9
0.0,0.089,111.9
0.0,0.146,111.9
0.0,0.189,111.9
0.0,0.193,111.9
0.0,0.189,111.9
0.0,0.195,111.9
0.0,0.209,111.9
0.009,0.216,111.9
0.057,0.181,111.9
0.172,0.144,111.9
0.318,0.159,111.9
0.325,0.159,111.9
0.264,0.155,111.9
0.209,0.148,111.9
0.167,0.14,111.9
0.083,0.133,111.9
0.009,0.132,111.9
0.0,0.153,111.9
0.0,0.179,111.9
0.0,0.201,111.9
0.0,0.195,111.9
0.0,0.162,111.9
0.0,0.133,111.9
0.0,0.129,111.9
0.0,0.141,111.9
0.0,0.177,111.9
0.0,0.211,111.9
0.0,0.21,111.9
0.0,0.201,111.9
0.0,0.212,111.9
0.0,0.273,111.9
0.037,0.348,111.9
0.154,0.412,111.9
0.303,0.517,111.9
0.493,0.586,111.9
0.686,0.602,111.9
0.647,0.619,111.9
0.562,0.646,111.9
0.397,0.646,111.9
0.193,0.635,111.9
0.028,0.624,111.9
0.0,0.676,111.9
0.0,0.718,111.9
0.0,0.71,111.9
0.0,0.716,111.9
0.0,0.763,111.9
0.0,0.814,111.9
0.0,0.86,111.9
0.0,0.881,111.9
0.0,0.881,111.9
0.0,0.857,111.9
0.0,0.755,111.9
0.0,0.602,111.9
0.0,0.395,111.9
0.0,0.192,111.9
0.039,0.102,111.9
0.156,0.093,111.9
0.294,0.158,111.9
0.491,0.191,111.9
0.624,0.2,111.9
0.635,0.195,111.9
0.561,0.191,111.9
0.415,0.178,111.9
0.184,0.155,111.9
0.027,0.118,111.9
0.0,0.105,111.9
0.0,0.123,111.9
0.0,0.228,111.9
0.0,0.482,111.9
0.0,0.675,111.9
0.0,0.699,111.9
0.0,0.694,111.9
0.0,0.724,111.9
0.0,0.744,111.9
0.0,0.785,111.9
0.0,0.849,111.9
0.0,0.885,111.9
0.0,0.9,111.9
0.0,0.893,111.9
0.1,0.849,111.9
0.422,0.801,111.9
0.618,0.719,111.9
0.731,0.516,111.9
0.779,0.372,111.9
0.762,0.358,111.9
0.695,0.4,111.9
0.567,0.481,111.9
0.364,0.568,111.9
0.095,0.642,111.9
0.0,0.673,111.9
0.0,0.599,111.9
0.0,0.528,111.9
0.0,0.502,111.9
0.0,0.527,111.9
0.0,0.559,111.9
0.0,0.552,111.9
0.0,0.571,111.9
0.0,0.621,111.9
0.0,0.603,111.9
0.0,0.527,111.9
0.0,0.444,111.9
0.0,0.322,111.9
0.0,0.231,111.9
0.047,0.227,111.9
0.159,0.233,111.9
0.271,0.37,111.9
0.457,0.505,111.9
0.629,0.642,111.9
0.639,0.7,111.9
0.605,0.759,111.9
0.522,0.779,111.9
0.341,0.765,111.9
0.08,0.722,111.9
0.0,0.673,111.9
0.0,0.675,111.9
0.0,0.712,111.9
0.0,0.768,111.9
0.0,0.829,111.9
0.0,0.831,111.9
0.0,0.812,111.9
0.0,0.809,111.9
0.0,0.777,111.9
0.0,0.776,111.9
0.0,0.705,111.9
0.0,0.647,111.9
0.0,0.558,111.9
0.0,0.454,111.9
0.004,0.4,111.9
0.05,0.362,111.9
0.157,0.446,111.9
0.24,0.653,111.9
0.17,0.733,111.9
0.106,0.737,111.9
0.063,0.703,111.9
0.039,0.653,111.9
0.018,0.69,111.9
0.0,0.819,111.9
0.0,0.917,111.9
0.0,0.92,111.9
0.0,0.927,111.9
0.0,0.862,111.9
0.0,0.785,111.9
0.0,0.737,111.9
0.0,0.674,111.9
0.0,0.59,111.9
0.0,0.48,111.9
0.0,0.386,111.9
0.0,0.3,111.9
0.0,0.305,111.9
0.0,0.355,111.9
0.0,0.344,111.9
0.103,0.314,111.9
0.195,0.343,111.9
0.102,0.679,111.9
0.631,0.858,111.9
0.764,0.944,111.9
0.723,0.974,111.9
0.581,0.977,111.9
0.42,0.966,111.9
0.282,0.942,111.9
0.092,0.903,111.9
0.0,0.841,111.9
0.0,0.75,111.9
0.0,0.673,111.9
0.0,0.635,111.9
0.0,0.656,111.9
0.0,0.644,111.9
0.0,0.586,111.9
0.0,0.547,111.9
0.0,0.541,111.9
0.0,0.567,111.9
0.0,0.538,111.9
0.0,0.492,111.9
0.0,0.454,111.9
0.0,0.418,111.9
0.214,0.334,111.9
0.447,0.22,111.9
0.609,0.264,111.9
0.707,0.278,111.9
0.748,0.294,111.9
0.728,0.305,111.9
0.634,0.312,111.9
0.296,0.312,111.9
0.206,0.288,111.9
0.051,0.259,111.9
0.0,0.289,111.9
0.0,0.354,111.9
0.0,0.405,111.9
0.0,0.431,111.9
0.0,0.415,111.9
0.0,0.382,111.9
0.0,0.355,111.9
0.0,0.321,111.9
0.0,0.301,111.9
0.0,0.27,111.9
0.0,0.243,111.9
0.0,0.225,111.9
0.0,0.159,111.9
0.0,0.096,111.9
0.0,0.124,111.9
0.028,0.17,111.9
0.095,0.139,111.9
0.372,0.192,111.9
0.404,0.358,111.9
0.355,0.526,111.9
0.279,0.674,111.9
0.196,0.737,111.9
0.099,0.742,111.9
0.024,0.837,111.9
0.0,0.946,111.9
0.0,0.975,111.9
0.0,0.978,111.9
0.0,0.971,111.9
0.0,0.951,111.9
0.0,0.927,111.9
0.0,0.895,111.9
0.0,0.839,111.9
0.0,0.782,111.9
0.0,0.731,111.9
0.0,0.732,111.9
0.0,0.736,111.9
0.0,0.698,111.9
0.0,0.679,111.9
0.149,0.663,111.9
0.439,0.599,111.9
0.613,0.504,111.9
0.715,0.325,111.9
0.754,0.167,111.9
0.74,0.061,111.9
0.668,0.015,111.9
0.49,0.037,111.9
0.189,0.097,111.9
0.032,0.182,111.9
0.0,0.26,111.9
0.0,0.346,111.9
0.0,0.428,111.9
0.0,0.469,111.9
0.0,0.507,111.9
0.0,0.573,111.9
0.0,0.668,111.9
0.0,0.689,111.9
0.0,0.666,111.9
0.0,0.566,111.9
0.0,0.461,111.9
0.0,0.466,111.9
0.0,0.519,111.9
0.0,0.525,111.9
0.011,0.533,111.9
0.046,0.556,111.9
0.107,0.574,111.9
0.118,0.597,111.9
0.1,0.622,111.9
0.076,0.635,111.9
0.067,0.651,111.9
0.057,0.653,111.9
0.03,0.628,111.9
0.003,0.583,111.9
0.0,0.53,111.9
0.0,0.481,111.9
0.0,0.422,111.9
0.0,0.39,111.9
0.0,0.364,111.9
0.0,0.323,111.9
0.0,0.281,111.9
0.0,0.247,111.9
0.0,0.22,111.9
0.0,0.204,111.9
0.0,0.202,111.9
0.0,0.213,111.9
0.0,0.235,111.9
0.0,0.266,111.9
0.013,0.293,111.9
0.061,0.297,111.9
0.097,0.308,111.9
0.118,0.314,111.9
0.138,0.319,111.9
0.161,0.316,111.9
0.132,0.318,111.9
0.087,0.323,111.9
0.043,0.337,111.9
0.003,0.362,111.9
0.0,0.381,111.9
0.0,0.403,111.9
0.0,0.422,111.9
0.0,0.439,111.9
0.0,0.464,111.9
0.0,0.513,111.9
0.0,0.527,111.9
0.0,0.541,111.9
0.0,0.553,111.9
0.0,0.549,111.9
0.0,0.552,111.9
0.0,0.56,111.9
0.0,0.58,111.9
0.0,0.568,111.9
0.087,0.532,111.9
0.343,0.541,111.9
0.589,0.566,111.9
0.714,0.494,111.9
0.77,0.436,111.9
0.763,0.414,111.9
0.697,0.387,111.9
0.571,0.357,111.9
0.376,0.302,111.9
0.119,0.27,111.9
0.0,0.289,111.9
0.0,0.287,111.9
0.0,0.257,111.9
0.0,0.208,111.9
0.0,0.162,111.9
0.0,0.119,111.9
0.0,0.082,111.9
0.0,0.056,111.9
0.0,0.054,111.9
0.0,0.073,111.9
0.0,0.093,111.9
0.0,0.103,111.9
0.0,0.1,111.9
0.0,0.085,111.9
0.194,0.071,111.9
0.428,0.036,111.9
0.599,0.01,111.9
0.707,0.004,111.9
0.755,0.025,111.9
0.746,0.046,111.9
0.683,0.066,111.9
0.56,0.083,111.9
0.368,0.112,111.9
0.12,0.163,111.9
0.0,0.193,111.9
0.0,0.167,111.9
0.0,0.122,111.9
0.0,0.089,111.9
0.0,0.068,111.9
0.0,0.051,111.9
0.0,0.042,111.9
0.0,0.036,111.9
0.0,0.029,111.9
0.0,0.017,111.9
0.0,0.015,111.9
0.0,0.019,111.9
0.0,0.029,111.9
0.0,0.046,111.9
0.15,0.072,111.9
0.377,0.1,111.9
0.606,0.106,111.9
0.721,0.099,111.9
0.767,0.085,111.9
0.75,0.068,111.9
0.662,0.05,111.9
0.481,0.032,111.9
0.23,0.03,111.9
0.05,0.074,111.9
0.0,0.14,111.9
0.0,0.141,111.9
0.0,0.104,111.9
0.0,0.051,111.9
0.0,0.006,111.9
0.0,0.007,111.9
0.0,0.024,111.9
0.0,0.04,111.9
0.0,0.055,111.9
0.0,0.074,111.9
0.0,0.092,111.9
0.0,0.095,111.9
0.0,0.078,111.9
0.0,0.05,111.9
0.171,0.027,111.9
0.412,0.005,111.9
0.591,0.006,111.9
0.702,0.035,111.9
0.754,0.064,111.9
0.735,0.09,111.9
0.672,0.101,111.9
0.548,0.103,111.9
0.359,0.111,111.9
0.118,0.135,111.9
0.0,0.167,111.9
0.0,0.167,111.9
0.0,0.139,111.9
0.0,0.11,111.9
0.0,0.096,111.9
0.0,0.095,111.9
0.0,0.099,111.9
0.0,0.107,111.9
0.0,0.111,111.9
0.0,0.115,111.9
0.0,0.121,111.9
0.0,0.119,111.9
0.0,0.116,111.9
0.0,0.118,111.9
0.063,0.13,111.9
0.146,0.149,111.9
0.289,0.175,111.9
0.338,0.198,111.9
0.518,0.214,111.9
0.564,0.221,111.9
0.52,0.22,111.9
0.408,0.201,111.9
0.239,0.183,111.9
0.07,0.201,111.9
0.0,0.281,111.9
0.0,0.347,111.9
0.0,0.401,111.9
0.0,0.432,111.9
0.0,0.491,111.9
0.0,0.56,111.9
0.0,0.6,111.9
0.0,0.646,111.9
0.0,0.697,111.9
0.0,0.72,111.9
0.0,0.745,111.9
0.0,0.793,111.9
0.0,0.839,111.9
0.0,0.88,111.9
0.039,0.914,111.9
0.116,0.952,111.9
0.229,0.974,111.9
0.303,0.982,111.9
0.394,0.984,111.9
0.444,0.986,111.9
0.403,0.987,111.9
0.242,0.986,111.9
0.137,0.979,111.9
0.02,0.966,111.9
0.0,0.969,111.9
0.0,0.97,111.9
0.0,0.93,111.9
0.0,0.91,111.9
0.0,0.927,111.9
0.0,0.932,111.9
0.0,0.928,111.9
0.0,0.912,111.9
0.0,0.876,111.9
0.0,0.778,111.9
0.0,0.557,111.9
0.0,0.59,111.9
0.0,0.7,111.9
0.0,0.608,111.9
0.074,0.476,111.9
0.271,0.459,111.9
0.438,0.532,111.9
0.525,0.491,111.9
0.624,0.406,111.9
0.619,0.33,111.9
0.505,0.28,111.9
0.398,0.224,111.9
0.255,0.161,111.9
0.088,0.118,111.9
0.0,0.108,111.9
0.0,0.109,111.9
0.0,0.116,111.9
0.0,0.144,111.9
0.0,0.188,111.9
0.0,0.224,111.9
0.0,0.248,111.9
0.0,0.259,111.9
0.0,0.275,111.9
0.0,0.285,111.9
0.0,0.261,111.9
0.0,0.227,111.9
0.0,0.188,111.9
0.0,0.152,111.9
0.128,0.121,111.9
0.309,0.076,111.9
0.474,0.055,111.9
0.562,0.067,111.9
0.486,0.085,111.9
0.355,0.096,111.9
0.353,0.107,111.9
0.237,0.127,111.9
0.188,0.159,111.9
0.056,0.195,111.9
0.0,0.243,111.9
0.0,0.272,111.9
0.0,0.271,111.9
0.0,0.249,111.9
0.0,0.209,111.9
0.0,0.16,111.9
0.0,0.117,111.9
0.0,0.085,111.9
0.0,0.064,111.9
0.0,0.05,111.9
0.0,0.041,111.9
0.0,0.039,111.9
0.0,0.045,111.9
0.0,0.058,111.9
0.042,0.074,111.9
0.131,0.071,111.9
0.217,0.084,111.9
0.273,0.104,111.9
0.303,0.121,111.9
0.491,0.121,111.9
0.602,0.125,111.9
0.55,0.139,111.9
0.371,0.16,111.9
0.133,0.184,111.9
0.0,0.216,111.9
0.0,0.201,111.9
0.0,0.163,111.9
0.0,0.135,111.9
0.0,0.116,111.9
0.0,0.104,111.9
0.0,0.097,111.9
0.0,0.078,111.9
0.0,0.052,111.9
0.0,0.038,111.9
0.0,0.037,111.9
0.0,0.051,111.9
0.0,0.065,111.9
0.0,0.072,111.9
0.042,0.073,111.9
0.145,0.083,111.9
0.316,0.075,111.9
0.53,0.06,111.9
0.706,0.058,111.9
0.721,0.066,111.9
0.651,0.074,111.9
0.517,0.078,111.9
0.322,0.079,111.9
0.104,0.096,111.9
0.0,0.134,111.9
0.0,0.136,111.9
0.0,0.109,111.9
0.0,0.076,111.9
0.0,0.048,111.9
0.0,0.026,111.9
0.0,0.012,111.9
0.0,0.008,111.9
0.0,0.012,111.9
0.0,0.023,111.9
0.0,0.037,111.9
0.0,0.051,111.9
0.0,0.061,111.9
0.002,0.068,111.9
0.174,0.068,111.9
0.398,0.042,111.9
0.573,0.021,111.9
0.696,0.012,111.9
0.749,0.005,111.9
0.733,0.001,111.9
0.655,0.001,111.9
0.507,0.001,111.9
0.305,0.002,111.9
0.108,0.037,111.9
0.0,0.063,111.9
0.0,0.047,111.9
0.0,0.021,111.9
0.0,0.008,111.9
0.0,0.011,111.9
0.0,0.019,111.9
0.0,0.037,111.9
0.0,0.069,111.9
0.0,0.115,111.9
0.0,0.162,111.9
0.0,0.194,111.9
0.0,0.214,111.9
0.0,0.228,111.9
0.002,0.233,111.9
0.176,0.195,111.9
0.405,0.145,111.9
0.592,0.116,111.9
0.712,0.085,111.9
0.761,0.086,111.9
0.753,0.099,111.9
0.691,0.121,111.9
0.568,0.17,111.9
0.381,0.241,111.9
0.147,0.337,111.9
0.0,0.398,111.9
0.0,0.348,111.9
0.0,0.264,111.9
0.0,0.191,111.9
0.0,0.135,111.9
0.0,0.099,111.9
0.0,0.079,111.9
0.0,0.071,111.9
0.0,0.061,111.9
0.0,0.047,111.9
0.0,0.036,111.9
0.0,0.029,111.9
0.0,0.033,111.9
0.0,0.049,111.9
0.111,0.078,111.9
0.286,0.118,111.9
0.441,0.195,111.9
0.597,0.252,111.9
0.699,0.311,111.9
0.693,0.36,111.9
0.641,0.403,111.9
0.534,0.444,111.9
0.362,0.486,111.9
0.13,0.519,111.9
0.0,0.508,111.9
0.0,0.535,111.9
0.0,0.596,111.9
0.0,0.624,111.9
0.0,0.603,111.9
0.0,0.532,111.9
0.0,0.501,111.9
0.0,0.501,111.9
0.0,0.503,111.9
0.0,0.52,111.9
0.0,0.525,111.9
0.0,0.516,111.9
0.0,0.494,111.9
0.0,0.479,111.9
0.037,0.488,111.9
0.128,0.532,111.9
0.232,0.533,111.9
0.311,0.541,111.9
0.302,0.543,111.9
0.386,0.541,111.9
0.276,0.547,111.9
0.154,0.559,111.9
0.069,0.574,111.9
0.027,0.561,111.9
0.0,0.538,111.9
0.0,0.545,111.9
0.0,0.579,111.9
0.0,0.568,111.9
0.0,0.563,111.9
0.0,0.604,111.9
0.0,0.649,111.9
0.0,0.644,111.9
0.0,0.619,111.9
0.0,0.633,111.9
0.0,0.683,111.9
0.0,0.663,111.9
0.0,0.649,111.9
0.0,0.586,111.9
0.085,0.494,111.9
0.241,0.516,111.9
0.313,0.529,111.9
0.308,0.524,111.9
0.361,0.532,111.9
0.48,0.558,111.9
0.488,0.552,111.9
0.353,0.525,111.9
0.188,0.494,111.9
0.054,0.462,111.9
0.0,0.46,111.9
0.0,0.462,111.9
0.0,0.448,111.9
0.0,0.422,111.9
0.0,0.378,111.9
0.0,0.331,111.9
0.0,0.274,111.9
0.0,0.22,111.9
0.0,0.169,111.9
0.0,0.126,111.9
0.0,0.09,111.9
0.0,0.06,111.9
0.0,0.047,111.9
0.0,0.048,111.9
0.039,0.049,111.9
0.115,0.041,111.9
0.21,0.041,111.9
0.299,0.05,111.9
0.37,0.063,111.9
0.42,0.076,111.9
0.398,0.093,111.9
0.304,0.114,111.9
0.179,0.131,111.9
0.056,0.15,111.9
0.0,0.18,111.9
0.0,0.185,111.9
0.0,0.164,111.9
0.0,0.142,111.9
0.0,0.133,111.9
0.0,0.131,111.9
0.0,0.119,111.9
0.0,0.097,111.9
0.0,0.072,111.9
0.0,0.051,111.9
0.0,0.038,111.9
0.0,0.034,111.9
0.0,0.032,111.9
0.0,0.035,111.9
0.071,0.042,111.9
0.193,0.063,111.9
0.296,0.072,111.9
0.346,0.065,111.9
0.355,0.058,111.9
0.341,0.049,111.9
0.297,0.037,111.9
0.236,0.028,111.9
0.149,0.037,111.9
0.055,0.054,111.9
0.0,0.094,111.9
0.0,0.123,111.9
0.0,0.129,111.9
0.0,0.118,111.9
0.0,0.093,111.9
0.0,0.067,111.9
0.0,0.045,111.9
0.0,0.03,111.9
0.0,0.021,111.9
0.0,0.015,111.9
0.0,0.013,111.9
0.0,0.015,111.9
0.0,0.02,111.9
0.003,0.022,111.9
0.115,0.018,111.9
0.302,0.01,111.9
0.469,0.009,111.9
0.566,0.002,111.9
0.556,0.008,111.9
0.462,0.031,111.9
0.355,0.042,111.9
0.246,0.045,111.9
0.171,0.041,111.9
0.059,0.051,111.9
0.0,0.084,111.9
0.0,0.099,111.9
0.0,0.093,111.9
0.0,0.074,111.9
0.0,0.049,111.9
0.0,0.026,111.9
0.0,0.01,111.9
0.0,0.004,111.9
0.0,0.01,111.9
0.0,0.022,111.9
0.0,0.036,111.9
0.0,0.048,111.9
0.0,0.058,111.9
0.0,0.07,111.9
0.05,0.078,111.9
0.148,0.084,111.9
0.302,0.096,111.9
0.401,0.119,111.9
0.433,0.162,111.9
0.404,0.196,111.9
0.315,0.219,111.9
0.273,0.228,111.9
0.198,0.241,111.9
0.074,0.265,111.9
0.0,0.291,111.9
0.0,0.302,111.9
0.0,0.285,111.9
0.0,0.259,111.9
0.0,0.236,111.9
0.0,0.217,111.9
0.0,0.186,111.9
0.0,0.148,111.9
0.0,0.117,111.9
0.0,0.1,111.9
0.0,0.099,111.9
0.0,0.103,111.9
0.0,0.112,111.9
0.004,0.119,111.9
0.095,0.107,111.9
0.224,0.079,111.9
0.329,0.068,111.9
0.326,0.058,111.9
0.33,0.051,111.9
0.278,0.045,111.9
0.243,0.041,111.9
0.183,0.039,111.9
0.109,0.04,111.9
0.039,0.044,111.9
0.0,0.045,111.9
0.0,0.042,111.9
0.0,0.045,111.9
0.0,0.052,111.9
0.0,0.056,111.9
0.0,0.061,111.9
0.0,0.071,111.9
0.0,0.084,111.9
0.0,0.089,111.9
0.0,0.098,111.9
0.0,0.096,111.9
0.0,0.093,111.9
0.0,0.096,111.9
0.0,0.105,111.9
0.042,0.104,111.9
0.113,0.111,111.9
0.17,0.132,111.9
0.206,0.156,111.9
0.255,0.165,111.9
0.263,0.156,111.9
0.214,0.118,111.9
0.155,0.08,111.9
0.099,0.044,111.9
0.041,0.021,111.9
0.0,0.011,111.9
0.0,0.025,111.9
0.0,0.055,111.9
0.0,0.093,111.9
0.0,0.129,111.9
0.0,0.17,111.9
0.0,0.223,111.9
0.0,0.272,111.9
0.0,0.31,111.9
0.0,0.334,111.9
0.0,0.355,111.9
0.0,0.341,111.9
0.0,0.29,111.9
0.008,0.256,111.9
0.137,0.198,111.9
0.326,0.126,111.9
0.472,0.054,111.9
0.569,0.039,111.9
0.55,0.047,111.9
0.52,0.065,111.9
0.462,0.074,111.9
0.421,0.083,111.9
0.327,0.117,111.9
0.157,0.17,111.9
0.007,0.274,111.9
0.0,0.422,111.9
0.0,0.507,111.9
0.0,0.454,111.9
0.0,0.437,111.9
0.0,0.518,111.9
0.0,0.571,111.9
0.0,0.612,111.9
0.0,0.586,111.9
0.0,0.538,111.9
0.0,0.494,111.9
0.0,0.432,111.9
0.0,0.284,111.9
0.025,0.181,111.9
0.192,0.182,111.9
0.35,0.196,111.9
0.509,0.17,111.9
0.721,0.093,111.9
0.828,0.055,111.9
0.821,0.064,111.9
0.762,0.077,111.9
0.647,0.087,111.9
0.469,0.097,111.9
0.234,0.103,111.9
0.018,0.149,111.9
0.0,0.228,111.9
0.0,0.311,111.9
0.0,0.389,111.9
0.0,0.407,111.9
0.0,0.367,111.9
0.0,0.323,111.9
0.0,0.265,111.9
0.0,0.201,111.9
0.0,0.141,111.9
0.0,0.106,111.9
0.0,0.113,111.9
0.0,0.149,111.9
0.035,0.181,111.9
0.255,0.153,111.9
0.48,0.118,111.9
0.645,0.123,111.9
0.741,0.141,111.9
0.788,0.178,111.9
0.778,0.208,111.9
0.717,0.249,111.9
0.599,0.295,111.9
0.427,0.354,111.9
0.21,0.369,111.9
0.017,0.434,111.9
0.0,0.491,111.9
0.0,0.484,111.9
0.0,0.444,111.9
0.0,0.444,111.9
0.0,0.479,111.9
0.0,0.553,111.9
0.0,0.606,111.9
0.0,0.617,111.9
0.0,0.593,111.9
0.0,0.519,111.9
0.0,0.398,111.9
0.0,0.265,111.9
0.029,0.155,111.9
0.19,0.07,111.9
0.419,0.068,111.9
0.579,0.097,111.9
0.692,0.125,111.9
0.711,0.191,111.9
0.69,0.278,111.9
0.677,0.357,111.9
0.603,0.413,111.9
0.448,0.459,111.9
0.228,0.521,111.9
0.023,0.562,111.9
0.0,0.501,111.9
0.0,0.351,111.9
0.0,0.182,111.9
0.0,0.098,111.9
0.0,0.073,111.9
0.0,0.077,111.9
0.0,0.096,111.9
0.0,0.108,111.9
0.0,0.107,111.9
0.0,0.107,111.9
0.0,0.165,111.9
0.0,0.312,111.9
0.047,0.419,111.9
0.297,0.356,111.9
0.519,0.316,111.9
0.68,0.343,111.9
0.782,0.334,111.9
0.829,0.329,111.9
0.822,0.36,111.9
0.763,0.398,111.9
0.648,0.43,111.9
0.472,0.458,111.9
0.242,0.432,111.9
0.026,0.401,111.9
0.0,0.402,111.9
0.0,0.412,111.9
0.0,0.431,111.9
0.0,0.478,111.9
0.0,0.539,111.9
0.0,0.618,111.9
0.0,0.69,111.9
0.0,0.752,111.9
0.0,0.795,111.9
0.0,0.81,111.9
0.0,0.823,111.9
0.0,0.849,111.9
0.032,0.865,111.9
0.26,0.864,111.9
0.499,0.866,111.9
0.66,0.809,111.9
0.765,0.72,111.9
0.816,0.625,111.9
0.808,0.571,111.9
0.75,0.541,111.9
0.637,0.521,111.9
0.464,0.464,111.9
0.235,0.367,111.9
0.024,0.189,111.9
0.0,0.082,111.9
0.0,0.111,111.9
0.0,0.157,111.9
0.0,0.123,111.9
0.0,0.07,111.9
0.0,0.038,111.9
0.0,0.068,111.9
0.0,0.155,111.9
0.0,0.263,111.9
0.0,0.376,111.9
0.0,0.501,111.9
0.0,0.588,111.9
0.053,0.61,111.9
0.298,0.562,111.9
0.519,0.489,111.9
0.677,0.386,111.9
0.775,0.294,111.9
0.818,0.249,111.9
0.811,0.23,111.9
0.75,0.245,111.9
0.635,0.294,111.9
0.464,0.355,111.9
0.241,0.39,111.9
0.029,0.459,111.9
0.0,0.584,111.9
0.0,0.674,111.9
0.0,0.719,111.9
0.0,0.726,111.9
0.0,0.728,111.9
0.0,0.726,111.9
0.0,0.701,111.9
0.0,0.655,111.9
0.0,0.613,111.9
0.0,0.591,111.9
0.0,0.59,111.9
0.0,0.599,111.9
0.058,0.568,111.9
0.3,0.475,111.9
0.519,0.42,111.9
0.677,0.305,111.9
0.776,0.194,111.9
0.818,0.102,111.9
0.808,0.04,111.9
0.75,0.021,111.9
0.638,0.038,111.9
0.469,0.063,111.9
0.248,0.071,111.9
0.033,0.069,111.9
0.0,0.072,111.9
0.0,0.101,111.9
0.0,0.125,111.9
0.0,0.101,111.9
0.0,0.041,111.9
0.0,0.014,111.9
0.0,0.102,111.9
0.0,0.312,111.9
0.0,0.527,111.9
0.0,0.604,111.9
0.0,0.644,111.9
0.0,0.706,111.9
0.062,0.728,111.9
0.304,0.668,111.9
0.523,0.668,111.9
0.68,0.655,111.9
0.779,0.615,111.9
0.812,0.561,111.9
0.781,0.525,111.9
0.741,0.525,111.9
0.648,0.525,111.9
0.48,0.467,111.9
0.248,0.398,111.9
0.032,0.367,111.9
0.0,0.313,111.9
0.0,0.192,111.9
0.0,0.093,111.9
0.0,0.062,111.9
0.0,0.071,111.9
0.0,0.104,111.9
0.0,0.148,111.9
0.0,0.183,111.9
0.0,0.241,111.9
0.0,0.334,111.9
0.0,0.398,111.9
0.0,0.386,111.9
0.044,0.306,111.9
0.287,0.17,111.9
0.52,0.056,111.9
0.683,0.004,111.9
0.787,0.018,111.9
0.833,0.106,111.9
0.824,0.198,111.9
0.766,0.309,111.9
0.643,0.379,111.9
0.468,0.432,111.9
0.223,0.523,111.9
0.016,0.615,111.9
0.0,0.602,111.9
0.0,0.534,111.9
0.0,0.51,111.9
0.0,0.522,111.9
0.0,0.505,111.9
0.0,0.476,111.9
0.0,0.415,111.9
0.0,0.312,111.9
0.0,0.221,111.9
0.0,0.153,111.9
0.0,0.118,111.9
0.0,0.1,111.9
0.0,0.105,111.9
0.028,0.103,111.9
0.091,0.105,111.9
0.146,0.097,111.9
0.179,0.068,111.9
0.175,0.083,111.9
0.174,0.142,111.9
0.155,0.204,111.9
0.122,0.262,111.9
0.085,0.266,111.9
0.034,0.239,111.9
0.0,0.178,111.9
0.0,0.099,111.9
0.0,0.025,111.9
0.0,0.005,111.9
0.0,0.045,111.9
0.0,0.121,111.9
0.0,0.234,111.9
0.0,0.367,111.9
0.0,0.498,111.9
0.0,0.598,111.9
0.0,0.613,111.9
0.0,0.603,111.9
0.0,0.652,111.9
0.018,0.628,111.9
0.123,0.516,111.9
0.263,0.56,111.9
0.457,0.51,111.9
0.612,0.325,111.9
0.751,0.167,111.9
0.814,0.074,111.9
0.77,0.017,111.9
0.653,0.017,111.9
0.432,0.096,111.9
0.227,0.225,111.9
0.035,0.388,111.9
0.0,0.399,111.9
0.0,0.274,111.9
0.0,0.185,111.9
0.0,0.215,111.9
0.0,0.341,111.9
0.0,0.454,111.9
0.0,0.498,111.9
0.0,0.484,111.9
0.0,0.458,111.9
0.0,0.436,111.9
0.0,0.43,111.9
0.0,0.434,111.9
0.075,0.404,111.9
0.32,0.325,111.9
0.539,0.285,111.9
0.697,0.196,111.9
0.789,0.116,111.9
0.832,0.06,111.9
0.824,0.018,111.9
0.757,0.025,111.9
0.637,0.039,111.9
0.461,0.099,111.9
0.258,0.177,111.9
0.041,0.164,111.9
0.0,0.164,111.9
0.0,0.276,111.9
0.0,0.474,111.9
0.0,0.636,111.9
0.0,0.728,111.9
0.0,0.746,111.9
0.0,0.751,111.9
0.0,0.756,111.9
0.0,0.763,111.9
0.0,0.77,111.9
0.0,0.777,111.9
0.0,0.771,111.9
0.07,0.733,111.9
0.269,0.666,111.9
0.502,0.663,111.9
0.677,0.614,111.9
0.779,0.544,111.9
0.826,0.465,111.9
0.823,0.328,111.9
0.762,0.198,111.9
0.65,0.121,111.9
0.48,0.116,111.9
0.262,0.156,111.9
0.043,0.265,111.9
0.0,0.329,111.9
0.0,0.298,111.9
0.0,0.209,111.9
0.0,0.131,111.9
0.0,0.075,111.9
0.0,0.035,111.9
0.0,0.017,111.9
0.0,0.018,111.9
0.0,0.032,111.9
0.0,0.057,111.9
0.0,0.087,111.9
0.0,0.116,111.9
0.072,0.133,111.9
0.307,0.128,111.9
0.524,0.105,111.9
0.684,0.058,111.9
0.784,0.026,111.9
0.829,0.008,111.9
0.825,0.004,111.9
0.767,0.003,111.9
0.655,0.012,111.9
0.486,0.054,111.9
0.264,0.141,111.9
0.045,0.281,111.9
0.0,0.362,111.9
0.0,0.3,111.9
0.0,0.201,111.9
0.0,0.12,111.9
0.0,0.07,111.9
0.0,0.043,111.9
0.0,0.035,111.9
0.0,0.033,111.9
0.0,0.03,111.9
0.0,0.033,111.9
0.0,0.05,111.9
0.0,0.081,111.9
0.071,0.118,111.9
0.301,0.099,111.9
0.523,0.069,111.9
0.682,0.061,111.9
0.783,0.067,111.9
0.829,0.073,111.9
0.823,0.094,111.9
0.767,0.122,111.9
0.657,0.147,111.9
0.489,0.164,111.9
0.271,0.197,111.9
0.05,0.297,111.9
0.0,0.379,111.9
0.0,0.368,111.9
0.0,0.311,111.9
0.0,0.225,111.9
0.0,0.123,111.9
0.0,0.053,111.9
0.0,0.022,111.9
0.0,0.015,111.9
0.0,0.026,111.9
0.0,0.049,111.9
0.0,0.073,111.9
0.0,0.094,111.9
0.062,0.118,111.9
0.275,0.115,111.9
0.483,0.08,111.9
0.623,0.043,111.9
0.74,0.022,111.9
0.813,0.032,111.9
0.778,0.038,111.9
0.663,0.084,111.9
0.563,0.142,111.9
0.459,0.179,111.9
0.255,0.231,111.9
0.046,0.309,111.9
0.0,0.309,111.9
0.0,0.236,111.9
0.0,0.174,111.9
0.0,0.121,111.9
0.0,0.076,111.9
0.0,0.051,111.9
0.0,0.057,111.9
0.0,0.067,111.9
0.0,0.064,111.9
0.0,0.051,111.9
0.0,0.038,111.9
0.0,0.035,111.9
0.026,0.032,111.9
0.108,0.029,111.9
0.187,0.036,111.9
0.46,0.054,111.9
0.703,0.079,111.9
0.744,0.116,111.9
0.728,0.156,111.9
0.668,0.209,111.9
0.554,0.246,111.9
0.366,0.249,111.9
0.168,0.233,111.9
0.026,0.204,111.9
0.0,0.144,111.9
0.0,0.072,111.9
0.0,0.035,111.9
0.0,0.024,111.9
0.0,0.03,111.9
0.0,0.025,111.9
0.0,0.039,111.9
0.0,0.103,111.9
0.0,0.217,111.9
0.0,0.278,111.9
0.0,0.233,111.9
0.0,0.185,111.9
0.033,0.138,111.9
0.166,0.139,111.9
0.339,0.172,111.9
0.492,0.187,111.9
0.598,0.17,111.9
0.67,0.145,111.9
0.631,0.121,111.9
0.546,0.101,111.9
0.486,0.095,111.9
0.349,0.095,111.9
0.199,0.101,111.9
0.04,0.134,111.9
0.0,0.183,111.9
0.0,0.174,111.9
0.0,0.142,111.9
0.0,0.103,111.9
0.0,0.067,111.9
0.0,0.039,111.9
0.0,0.018,111.9
0.0,0.008,111.9
0.0,0.014,111.9
0.0,0.025,111.9
0.0,0.035,111.9
0.0,0.053,111.9
0.073,0.084,111.9
0.291,0.077,111.9
0.507,0.042,111.9
0.664,0.02,111.9
0.764,0.007,111.9
0.81,0.002,111.9
0.805,0.04,111.9
0.749,0.162,111.9
0.638,0.235,111.9
0.471,0.264,111.9
0.258,0.265,111.9
0.05,0.214,111.9
0.0,0.155,111.9
0.0,0.112,111.9
0.0,0.11,111.9
0.0,0.122,111.9
0.0,0.128,111.9
0.0,0.127,111.9
0.0,0.125,111.9
0.0,0.101,111.9
0.0,0.094,111.9
0.0,0.089,111.9
0.0,0.099,111.9
0.0,0.155,111.9
0.065,0.246,111.9
0.25,0.256,111.9
0.428,0.266,111.9
0.568,0.294,111.9
0.666,0.32,111.9
0.708,0.351,111.9
0.701,0.389,111.9
0.64,0.413,111.9
0.549,0.428,111.9
0.408,0.458,111.9
0.232,0.488,111.9
0.047,0.476,111.9
0.0,0.466,111.9
0.0,0.469,111.9
0.0,0.447,111.9
0.0,0.413,111.9
0.0,0.376,111.9
0.0,0.352,111.9
0.0,0.347,111.9
0.0,0.367,111.9
0.0,0.392,111.9
0.0,0.413,111.9
0.0,0.414,111.9
0.0,0.386,111.9
0.063,0.326,111.9
0.254,0.202,111.9
0.465,0.115,111.9
0.623,0.105,111.9
0.724,0.119,111.9
0.771,0.148,111.9
0.773,0.182,111.9
0.717,0.211,111.9
0.607,0.227,111.9
0.442,0.245,111.9
0.236,0.266,111.9
0.047,0.275,111.9
0.0,0.251,111.9
0.0,0.181,111.9
0.0,0.116,111.9
0.0,0.084,111.9
0.0,0.094,111.9
0.0,0.113,111.9
0.0,0.118,111.9
0.0,0.107,111.9
0.0,0.095,111.9
0.0,0.086,111.9
0.0,0.077,111.9
0.0,0.068,111.9
0.069,0.06,111.9
0.261,0.045,111.9
0.461,0.054,111.9
0.604,0.07,111.9
0.701,0.099,111.9
0.762,0.136,111.9
0.791,0.178,111.9
0.745,0.223,111.9
0.639,0.264,111.9
0.474,0.289,111.9
0.262,0.291,111.9
0.056,0.27,111.9
0.0,0.251,111.9
0.0,0.206,111.9
0.0,0.177,111.9
0.0,0.178,111.9
0.0,0.219,111.9
0.0,0.272,111.9
0.0,0.282,111.9
0.0,0.26,111.9
0.0,0.22,111.9
0.0,0.176,111.9
0.0,0.141,111.9
0.0,0.13,111.9
0.064,0.136,111.9
0.204,0.101,111.9
0.318,0.077,111.9
0.34,0.078,111.9
0.298,0.099,111.9
0.347,0.126,111.9
0.451,0.14,111.9
0.637,0.131,111.9
0.524,0.13,111.9
0.35,0.133,111.9
0.192,0.132,111.9
0.025,0.183,111.9
0.0,0.243,111.9
0.0,0.218,111.9
0.0,0.167,111.9
0.0,0.157,111.9
0.0,0.179,111.9
0.0,0.193,111.9
0.0,0.192,111.9
0.0,0.191,111.9
0.0,0.197,111.9
0.0,0.201,111.9
0.0,0.202,111.9
0.0,0.201,111.9
0.077,0.193,111.9
0.284,0.128,111.9
0.488,0.083,111.9
0.652,0.081,111.9
0.75,0.093,111.9
0.794,0.11,111.9
0.788,0.127,111.9
0.729,0.141,111.9
0.614,0.148,111.9
0.433,0.149,111.9
0.218,0.148,111.9
0.048,0.148,111.9
0.0,0.126,111.9
0.0,0.078,111.9
0.0,0.039,111.9
0.0,0.026,111.9
0.0,0.065,111.9
0.0,0.138,111.9
0.0,0.136,111.9
0.0,0.1,111.9
0.0,0.087,111.9
0.0,0.11,111.9
0.0,0.158,111.9
0.0,0.214,111.9
0.065,0.241,111.9
0.242,0.194,111.9
0.438,0.149,111.9
0.602,0.089,111.9
0.691,0.066,111.9
0.696,0.071,111.9
0.646,0.101,111.9
0.548,0.155,111.9
0.464,0.22,111.9
0.358,0.261,111.9
0.208,0.28,111.9
0.054,0.279,111.9
0.0,0.309,111.9
0.0,0.231,111.9
0.0,0.374,111.9
0.0,0.58,111.9
0.0,0.61,111.9
0.0,0.523,111.9
0.0,0.338,111.9
0.0,0.17,111.9
0.0,0.074,111.9
0.0,0.035,111.9
0.0,0.023,111.9
0.0,0.086,111.9
0.064,0.158,111.9
0.209,0.207,111.9
0.433,0.217,111.9
0.635,0.16,111.9
0.732,0.1,111.9
0.78,0.06,111.9
0.758,0.056,111.9
0.696,0.087,111.9
0.578,0.135,111.9
0.38,0.186,111.9
0.192,0.235,111.9
0.05,0.272,111.9
0.0,0.239,111.9
0.0,0.153,111.9
0.0,0.093,111.9
0.0,0.059,111.9
0.0,0.041,111.9
0.0,0.035,111.9
0.0,0.045,111.9
0.0,0.089,111.9
0.0,0.183,111.9
0.0,0.302,111.9
0.0,0.4,111.9
0.0,0.46,111.9
0.095,0.432,111.9
0.315,0.38,111.9
0.52,0.299,111.9
0.673,0.256,111.9
0.771,0.245,111.9
0.816,0.249,111.9
0.809,0.272,111.9
0.755,0.334,111.9
0.648,0.396,111.9
0.487,0.432,111.9
0.28,0.466,111.9
0.071,0.523,111.9
0.0,0.655,111.9
0.0,0.698,111.9
0.0,0.676,111.9
0.0,0.609,111.9
0.0,0.535,111.9
0.0,0.502,111.9
0.0,0.532,111.9
0.0,0.674,111.9
0.0,0.8,111.9
0.0,0.855,111.9
0.0,0.88,111.9
0.0,0.872,111.9
0.108,0.846,111.9
0.346,0.785,111.9
0.552,0.599,111.9
0.696,0.353,111.9
0.791,0.23,111.9
0.833,0.167,111.9
0.821,0.157,111.9
0.765,0.231,111.9
0.657,0.316,111.9
0.496,0.386,111.9
0.29,0.462,111.9
0.076,0.493,111.9
0.0,0.511,111.9
0.0,0.408,111.9
0.0,0.228,111.9
0.0,0.122,111.9
0.0,0.083,111.9
0.0,0.162,111.9
0.0,0.273,111.9
0.0,0.338,111.9
0.0,0.349,111.9
0.0,0.325,111.9
0.0,0.263,111.9
0.0,0.2,111.9
0.028,0.156,111.9
0.115,0.161,111.9
0.243,0.22,111.9
0.367,0.231,111.9
0.458,0.221,111.9
0.541,0.22,111.9
0.587,0.213,111.9
0.629,0.25,111.9
0.619,0.298,111.9
0.451,0.337,111.9
0.276,0.364,111.9
0.077,0.394,111.9
0.0,0.391,111.9
0.0,0.366,111.9
0.0,0.325,111.9
0.0,0.3,111.9
0.0,0.287,111.9
0.0,0.271,111.9
0.0,0.248,111.9
0.0,0.217,111.9
0.0,0.18,111.9
0.0,0.151,111.9
0.0,0.137,111.9
0.0,0.14,111.9
0.106,0.16,111.9
0.329,0.19,111.9
0.532,0.223,111.9
0.673,0.264,111.9
0.756,0.282,111.9
0.802,0.277,111.9
0.797,0.253,111.9
0.727,0.234,111.9
0.592,0.226,111.9
0.445,0.236,111.9
0.258,0.272,111.9
0.074,0.323,111.9
0.0,0.367,111.9
0.0,0.366,111.9
0.0,0.311,111.9
0.0,0.201,111.9
0.0,0.112,111.9
0.0,0.105,111.9
0.0,0.106,111.9
0.0,0.09,111.9
0.0,0.075,111.9
0.0,0.108,111.9
0.0,0.165,111.9
0.0,0.189,111.9
0.019,0.2,111.9
0.072,0.188,111.9
0.106,0.26,111.9
0.146,0.263,111.9
0.253,0.289,111.9
0.449,0.263,111.9
0.386,0.26,111.9
0.482,0.284,111.9
0.6,0.343,111.9
0.444,0.358,111.9
0.238,0.28,111.9
0.06,0.221,111.9
0.0,0.2,111.9
0.0,0.184,111.9
0.0,0.157,111.9
0.0,0.147,111.9
0.0,0.137,111.9
0.0,0.094,111.9
0.0,0.046,111.9
0.0,0.019,111.9
0.0,0.02,111.9
0.0,0.093,111.9
0.0,0.21,111.9
0.0,0.201,111.9
0.056,0.153,111.9
0.115,0.137,111.9
0.172,0.103,111.9
0.178,0.09,111.9
0.226,0.069,111.9
0.294,0.069,111.9
0.341,0.091,111.9
0.315,0.096,111.9
0.246,0.083,111.9
0.207,0.054,111.9
0.102,0.034,111.9
0.031,0.048,111.9
0.0,0.093,111.9
0.0,0.128,111.9
0.0,0.137,111.9
0.0,0.121,111.9
0.0,0.112,111.9
0.0,0.119,111.9
0.0,0.13,111.9
0.0,0.135,111.9
0.0,0.136,111.9
0.0,0.12,111.9
0.0,0.112,111.9
0.0,0.121,111.9
0.08,0.127,111.9
0.224,0.144,111.9
0.362,0.186,111.9
0.478,0.218,111.9
0.521,0.214,111.9
0.507,0.199,111.9
0.429,0.188,111.9
0.323,0.182,111.9
0.191,0.187,111.9
0.087,0.278,111.9
0.068,0.38,111.9
0.033,0.366,111.9
0.0,0.3,111.9
0.0,0.313,111.9
0.0,0.403,111.9
0.0,0.527,111.9
0.0,0.601,111.9
0.0,0.551,111.9
0.0,0.358,111.9
0.0,0.164,111.9
0.0,0.125,111.9
0.0,0.172,111.9
0.0,0.239,111.9
0.0,0.232,111.9
0.116,0.22,111.9
0.348,0.191,111.9
0.558,0.128,111.9
0.713,0.1,111.9
0.811,0.069,111.9
0.853,0.042,111.9
0.843,0.021,111.9
0.786,0.005,111.9
0.678,0.041,111.9
0.517,0.121,111.9
0.308,0.139,111.9
0.087,0.214,111.9
0.0,0.308,111.9
0.0,0.31,111.9
0.0,0.296,111.9
0.0,0.266,111.9
0.0,0.214,111.9
0.0,0.147,111.9
0.0,0.093,111.9
0.0,0.061,111.9
0.0,0.045,111.9
0.0,0.034,111.9
0.0,0.015,111.9
0.0,0.015,111.9
0.086,0.03,111.9
0.234,0.055,111.9
0.45,0.089,111.9
0.67,0.125,111.9
0.753,0.178,111.9
0.593,0.208,111.9
0.415,0.215,111.9
0.311,0.203,111.9
0.247,0.185,111.9
0.222,0.166,111.9
0.193,0.156,111.9
0.072,0.162,111.9
0.0,0.192,111.9
0.0,0.167,111.9
0.0,0.135,111.9
0.0,0.109,111.9
0.0,0.087,111.9
0.0,0.059,111.9
0.0,0.042,111.9
0.0,0.034,111.9
0.0,0.024,111.9
0.0,0.02,111.9
0.0,0.03,111.9
0.0,0.052,111.9
0.088,0.073,111.9
0.237,0.088,111.9
0.377,0.103,111.9
0.475,0.104,111.9
0.523,0.096,111.9
0.542,0.095,111.9
0.604,0.088,111.9
0.574,0.099,111.9
0.471,0.117,111.9
0.348,0.12,111.9
0.172,0.127,111.9
0.055,0.166,111.9
0.0,0.235,111.9
0.0,0.272,111.9
0.0,0.261,111.9
0.0,0.241,111.9
0.0,0.246,111.9
0.0,0.255,111.9
0.0,0.284,111.9
0.0,0.299,111.9
0.0,0.308,111.9
0.0,0.329,111.9
0.0,0.362,111.9
0.0,0.396,111.9
0.094,0.373,111.9
0.266,0.362,111.9
0.44,0.32,111.9
0.567,0.302,111.9
0.662,0.282,111.9
0.729,0.254,111.9
0.718,0.225,111.9
0.647,0.206,111.9
0.486,0.206,111.9
0.305,0.208,111.9
0.163,0.237,111.9
0.053,0.283,111.9
0.0,0.321,111.9
0.0,0.319,111.9
0.0,0.267,111.9
0.0,0.212,111.9
0.0,0.166,111.9
0.0,0.133,111.9
0.0,0.105,111.9
0.0,0.094,111.9
0.0,0.118,111.9
0.0,0.146,111.9
0.0,0.161,111.9
0.0,0.162,111.9
0.087,0.125,111.9
0.239,0.064,111.9
0.425,0.013,111.9
0.592,0.006,111.9
0.613,0.025,111.9
0.626,0.064,111.9
0.552,0.126,111.9
0.479,0.16,111.9
0.336,0.188,111.9
0.218,0.224,111.9
0.129,0.286,111.9
0.05,0.41,111.9
0.0,0.501,111.9
0.0,0.456,111.9
0.0,0.344,111.9
0.0,0.243,111.9
0.0,0.167,111.9
0.0,0.118,111.9
0.0,0.087,111.9
0.0,0.077,111.9
0.0,0.096,111.9
0.0,0.109,111.9
0.0,0.121,111.9
0.0,0.144,111.9
0.112,0.124,111.9
0.331,0.09,111.9
0.526,0.063,111.9
0.655,0.037,111.9
0.733,0.009,111.9
0.761,0.005,111.9
0.769,0.011,111.9
0.739,0.019,111.9
0.624,0.034,111.9
0.477,0.044,111.9
0.266,0.047,111.9
0.084,0.135,111.9
0.0,0.266,111.9
0.0,0.346,111.9
0.0,0.316,111.9
0.0,0.218,111.9
0.0,0.137,111.9
0.0,0.107,111.9
0.0,0.071,111.9
0.0,0.051,111.9
0.0,0.038,111.9
0.0,0.093,111.9
0.0,0.182,111.9
0.001,0.258,111.9
0.12,0.235,111.9
0.337,0.187,111.9
0.547,0.14,111.9
0.699,0.083,111.9
0.796,0.045,111.9
0.839,0.024,111.9
0.832,0.006,111.9
0.769,0.047,111.9
0.661,0.148,111.9
0.496,0.231,111.9
0.294,0.314,111.9
0.09,0.448,111.9
0.0,0.589,111.9
0.0,0.605,111.9
0.0,0.556,111.9
0.0,0.488,111.9
0.0,0.416,111.9
0.0,0.34,111.9
0.0,0.265,111.9
0.0,0.193,111.9
0.0,0.147,111.9
0.0,0.131,111.9
0.0,0.138,111.9
0.002,0.152,111.9
0.113,0.129,111.9
0.335,0.103,111.9
0.535,0.08,111.9
0.662,0.059,111.9
0.759,0.046,111.9
0.807,0.043,111.9
0.804,0.054,111.9
0.742,0.109,111.9
0.629,0.167,111.9
0.461,0.221,111.9
0.261,0.325,111.9
0.083,0.43,111.9
0.0,0.415,111.9
0.0,0.303,111.9
0.0,0.2,111.9
0.0,0.136,111.9
0.0,0.108,111.9
0.0,0.112,111.9
0.0,0.133,111.9
0.0,0.166,111.9
0.0,0.184,111.9
0.0,0.169,111.9
0.0,0.129,111.9
0.0,0.09,111.9
0.056,0.055,111.9
0.175,0.037,111.9
0.36,0.026,111.9
0.545,0.028,111.9
0.663,0.048,111.9
0.565,0.096,111.9
0.508,0.152,111.9
0.402,0.203,111.9
0.322,0.225,111.9
0.231,0.22,111.9
0.119,0.205,111.9
0.035,0.179,111.9
0.0,0.127,111.9
0.0,0.08,111.9
0.0,0.068,111.9
0.0,0.093,111.9
0.0,0.113,111.9
0.0,0.128,111.9
0.0,0.136,111.9
0.0,0.129,111.9
0.0,0.111,111.9
0.0,0.113,111.9
0.0,0.118,111.9
0.0,0.122,111.9
0.054,0.132,111.9
0.2,0.148,111.9
0.312,0.185,111.9
0.36,0.229,111.9
0.407,0.245,111.9
0.496,0.267,111.9
0.544,0.309,111.9
0.526,0.361,111.9
0.473,0.406,111.9
0.368,0.436,111.9
0.212,0.461,111.9
0.067,0.479,111.9
0.0,0.468,111.9
0.0,0.462,111.9
0.0,0.454,111.9
0.0,0.454,111.9
0.0,0.444,111.9
0.0,0.425,111.9
0.0,0.395,111.9
0.0,0.374,111.9
0.0,0.367,111.9
0.0,0.374,111.9
0.0,0.395,111.9
0.0,0.407,111.9
0.048,0.433,111.9
0.156,0.46,111.9
0.329,0.47,111.9
0.536,0.477,111.9
0.648,0.476,111.9
0.7,0.457,111.9
0.701,0.432,111.9
0.654,0.407,111.9
0.547,0.386,111.9
0.419,0.367,111.9
0.262,0.338,111.9
0.086,0.293,111.9
0.0,0.227,111.9
0.0,0.165,111.9
0.0,0.103,111.9
0.0,0.043,111.9
0.0,0.011,111.9
0.0,0.019,111.9
0.0,0.065,111.9
0.0,0.13,111.9
0.0,0.185,111.9
0.0,0.218,111.9
0.0,0.211,111.9
0.004,0.179,111.9
0.136,0.11,111.9
0.352,0.085,111.9
0.545,0.145,111.9
0.69,0.197,111.9
0.783,0.237,111.9
0.827,0.27,111.9
0.822,0.289,111.9
0.769,0.293,111.9
0.654,0.278,111.9
0.433,0.265,111.9
0.171,0.26,111.9
0.049,0.222,111.9
0.0,0.18,111.9
0.0,0.163,111.9
0.0,0.149,111.9
0.0,0.138,111.9
0.0,0.111,111.9
0.0,0.052,111.9
0.0,0.02,111.9
0.0,0.027,111.9
0.0,0.045,111.9
0.0,0.099,111.9
0.0,0.18,111.9
0.005,0.167,111.9
0.135,0.049,111.9
0.244,0.018,111.9
0.13,0.096,111.9
0.173,0.126,111.9
0.242,0.114,111.9
0.305,0.11,111.9
0.377,0.155,111.9
0.431,0.233,111.9
0.329,0.235,111.9
0.199,0.169,111.9
0.121,0.118,111.9
0.038,0.103,111.9
0.0,0.106,111.9
0.0,0.108,111.9
0.0,0.093,111.9
0.0,0.094,111.9
0.0,0.137,111.9
0.0,0.172,111.9
0.0,0.203,111.9
0.0,0.238,111.9
0.0,0.209,111.9
0.0,0.203,111.9
0.0,0.234,111.9
0.004,0.285,111.9
0.084,0.27,111.9
0.165,0.222,111.9
0.185,0.219,111.9
0.359,0.25,111.9
0.64,0.331,111.9
0.747,0.442,111.9
0.742,0.544,111.9
0.679,0.618,111.9
0.58,0.684,111.9
0.452,0.738,111.9
0.262,0.78,111.9
0.089,0.778,111.9
0.0,0.692,111.9
0.0,0.64,111.9
0.0,0.674,111.9
0.0,0.75,111.9
0.0,0.613,111.9
0.0,0.567,111.9
0.0,0.517,111.9
0.0,0.457,111.9
0.0,0.518,111.9
0.0,0.606,111.9
0.0,0.66,111.9
0.004,0.631,111.9
0.082,0.373,111.9
0.182,0.167,111.9
0.224,0.094,111.9
0.245,0.062,111.9
0.251,0.054,111.9
0.254,0.057,111.9
0.246,0.05,111.9
0.221,0.03,111.9
0.206,0.017,111.9
0.164,0.017,111.9
0.087,0.027,111.9
0.027,0.041,111.9
0.0,0.058,111.9
0.0,0.069,111.9
0.0,0.069,111.9
0.0,0.067,111.9
0.0,0.065,111.9
0.0,0.061,111.9
0.0,0.054,111.9
0.0,0.051,111.9
0.0,0.054,111.9
0.0,0.047,111.9
0.0,0.026,111.9
0.0,0.009,111.9
0.023,0.001,111.9
0.073,0.007,111.9
0.143,0.017,111.9
0.253,0.025,111.9
0.398,0.029,111.9
0.438,0.028,111.9
0.484,0.027,111.9
0.452,0.02,111.9
0.377,0.027,111.9
0.274,0.06,111.9
0.162,0.083,111.9
0.063,0.099,111.9
0.0,0.123,111.9
0.0,0.144,111.9
0.0,0.138,111.9
0.0,0.12,111.9
0.0,0.101,111.9
0.0,0.084,111.9
0.0,0.068,111.9
0.0,0.051,111.9
0.0,0.038,111.9
0.0,0.033,111.9
0.0,0.032,111.9
0.009,0.03,111.9
0.116,0.028,111.9
0.306,0.035,111.9
0.481,0.041,111.9
0.605,0.04,111.9
0.675,0.042,111.9
0.708,0.06,111.9
0.674,0.089,111.9
0.614,0.111,111.9
0.497,0.118,111.9
0.343,0.118,111.9
0.193,0.121,111.9
0.075,0.136,111.9
0.001,0.165,111.9
0.0,0.167,111.9
0.0,0.121,111.9
0.0,0.086,111.9
0.0,0.069,111.9
0.0,0.064,111.9
0.0,0.071,111.9
0.0,0.074,111.9
0.0,0.071,111.9
0.0,0.069,111.9
0.0,0.067,111.9
0.01,0.064,111.9
0.122,0.061,111.9
0.308,0.078,111.9
0.486,0.115,111.9
0.617,0.13,111.9
0.687,0.115,111.9
0.707,0.114,111.9
0.652,0.13,111.9
0.602,0.152,111.9
0.501,0.175,111.9
0.389,0.2,111.9
0.234,0.203,111.9
0.096,0.187,111.9
0.004,0.191,111.9
0.0,0.21,111.9
0.0,0.202,111.9
0.0,0.196,111.9
0.0,0.188,111.9
0.0,0.186,111.9
0.0,0.183,111.9
0.0,0.16,111.9
0.0,0.124,111.9
0.0,0.072,111.9
0.0,0.024,111.9
0.008,0.011,111.9
0.088,0.026,111.9
0.203,0.052,111.9
0.304,0.083,111.9
0.234,0.109,111.9
0.256,0.079,111.9
0.276,0.032,111.9
0.316,0.013,111.9
0.496,0.019,111.9
0.457,0.058,111.9
0.375,0.096,111.9
0.241,0.118,111.9
0.085,0.134,111.9
0.004,0.155,111.9
0.0,0.147,111.9
0.0,0.125,111.9
0.0,0.112,111.9
0.0,0.11,111.9
0.0,0.13,111.9
0.0,0.124,111.9
0.0,0.116,111.9
0.0,0.088,111.9
0.0,0.061,111.9
0.0,0.099,111.9
0.0,0.243,111.9
0.022,0.367,111.9
0.09,0.409,111.9
0.191,0.4,111.9
0.31,0.352,111.9
0.368,0.343,111.9
0.499,0.361,111.9
0.695,0.379,111.9
0.66,0.432,111.9
0.578,0.573,111.9
0.439,0.73,111.9
0.268,0.831,111.9
0.104,0.866,111.9
0.007,0.847,111.9
0.0,0.739,111.9
0.0,0.644,111.9
0.0,0.593,111.9
0.0,0.557,111.9
0.0,0.535,111.9
0.0,0.503,111.9
0.0,0.447,111.9
0.0,0.403,111.9
0.0,0.4,111.9
0.0,0.413,111.9
0.016,0.391,111.9
0.134,0.318,111.9
0.276,0.24,111.9
0.38,0.157,111.9
0.453,0.068,111.9
0.47,0.069,111.9
0.552,0.11,111.9
0.569,0.156,111.9
0.494,0.216,111.9
0.503,0.255,111.9
0.369,0.267,111.9
0.231,0.297,111.9
0.097,0.337,111.9
0.008,0.377,111.9
0.0,0.367,111.9
0.0,0.297,111.9
0.0,0.229,111.9
0.0,0.179,111.9
0.0,0.14,111.9
0.0,0.116,111.9
0.0,0.112,111.9
0.0,0.125,111.9
0.0,0.142,111.9
0.0,0.154,111.9
0.017,0.167,111.9
0.136,0.146,111.9
0.333,0.133,111.9
0.528,0.125,111.9
0.626,0.12,111.9
0.744,0.113,111.9
0.785,0.126,111.9
0.794,0.126,111.9
0.741,0.115,111.9
0.642,0.107,111.9
0.455,0.248,111.9
0.194,0.343,111.9
0.052,0.272,111.9
0.0,0.16,111.9
0.0,0.08,111.9
0.0,0.035,111.9
0.0,0.02,111.9
0.0,0.015,111.9
0.0,0.017,111.9
0.0,0.026,111.9
0.0,0.082,111.9
0.0,0.143,111.9
0.0,0.146,111.9
0.0,0.129,111.9
0.013,0.118,111.9
0.125,0.102,111.9
0.337,0.096,111.9
0.515,0.068,111.9
0.642,0.064,111.9
0.713,0.086,111.9
0.731,0.112,111.9
0.726,0.137,111.9
0.687,0.16,111.9
0.606,0.179,111.9
0.478,0.192,111.9
0.303,0.22,111.9
0.108,0.289,111.9
0.008,0.393,111.9
0.0,0.43,111.9
0.0,0.4,111.9
0.0,0.355,111.9
0.0,0.292,111.9
0.0,0.223,111.9
0.0,0.177,111.9
0.0,0.155,111.9
0.0,0.15,111.9
0.0,0.153,111.9
0.0,0.185,111.9
0.017,0.263,111.9
0.137,0.308,111.9
0.353,0.469,111.9
0.537,0.698,111.9
0.675,0.715,111.9
0.764,0.683,111.9
0.804,0.668,111.9
0.796,0.604,111.9
0.743,0.475,111.9
0.645,0.334,111.9
0.499,0.343,111.9
0.309,0.428,111.9
0.107,0.416,111.9
0.008,0.382,111.9
0.0,0.364,111.9
0.0,0.281,111.9
0.0,0.183,111.9
0.0,0.133,111.9
0.0,0.123,111.9
0.0,0.142,111.9
0.0,0.167,111.9
0.0,0.181,111.9
0.0,0.152,111.9
0.0,0.125,111.9
0.018,0.112,111.9
0.13,0.108,111.9
0.324,0.122,111.9
0.526,0.149,111.9
0.663,0.203,111.9
0.75,0.259,111.9
0.784,0.308,111.9
0.78,0.358,111.9
0.73,0.398,111.9
0.636,0.424,111.9
0.491,0.452,111.9
0.305,0.501,111.9
0.109,0.529,111.9
0.009,0.454,111.9
0.0,0.317,111.9
0.0,0.227,111.9
0.0,0.162,111.9
0.0,0.115,111.9
0.0,0.061,111.9
0.0,0.018,111.9
0.0,0.021,111.9
0.0,0.104,111.9
0.0,0.228,111.9
0.0,0.365,111.9
0.019,0.42,111.9
0.147,0.361,111.9
0.344,0.341,111.9
0.521,0.391,111.9
0.653,0.325,111.9
0.738,0.208,111.9
0.777,0.105,111.9
0.771,0.051,111.9
0.723,0.083,111.9
0.627,0.036,111.9
0.48,0.048,111.9
0.295,0.152,111.9
0.107,0.233,111.9
0.01,0.364,111.9
0.0,0.378,111.9
0.0,0.284,111.9
0.0,0.217,111.9
0.0,0.185,111.9
0.0,0.197,111.9
0.0,0.227,111.9
0.0,0.251,111.9
0.0,0.258,111.9
0.0,0.223,111.9
0.0,0.167,111.9
0.02,0.119,111.9
0.146,0.062,111.9
0.342,0.052,111.9
0.52,0.076,111.9
0.657,0.118,111.9
0.745,0.182,111.9
0.786,0.267,111.9
0.783,0.365,111.9
0.733,0.444,111.9
0.634,0.474,111.9
0.479,0.455,111.9
0.294,0.41,111.9
0.109,0.334,111.9
0.011,0.24,111.9
0.0,0.193,111.9
0.0,0.171,111.9
0.0,0.189,111.9
0.0,0.263,111.9
0.0,0.323,111.9
0.0,0.325,111.9
0.0,0.326,111.9
0.0,0.404,111.9
0.0,0.556,111.9
0.0,0.625,111.9
0.025,0.557,111.9
0.123,0.422,111.9
0.239,0.452,111.9
0.257,0.442,111.9
0.285,0.303,111.9
0.376,0.22,111.9
0.704,0.184,111.9
0.759,0.145,111.9
0.688,0.144,111.9
0.564,0.216,111.9
0.428,0.286,111.9
0.252,0.302,111.9
0.1,0.264,111.9
0.014,0.206,111.9
0.0,0.166,111.9
0.0,0.145,111.9
0.0,0.151,111.9
0.0,0.128,111.9
0.0,0.124,111.9
0.0,0.147,111.9
0.0,0.305,111.9
0.0,0.56,111.9
0.0,0.676,111.9
0.0,0.61,111.9
0.014,0.459,111.9
0.088,0.391,111.9
0.136,0.424,111.9
0.319,0.376,111.9
0.5,0.267,111.9
0.668,0.209,111.9
0.772,0.223,111.9
0.765,0.252,111.9
0.712,0.325,111.9
0.604,0.404,111.9
0.454,0.432,111.9
0.276,0.396,111.9
0.114,0.327,111.9
0.017,0.274,111.9
0.0,0.233,111.9
0.0,0.167,111.9
0.0,0.096,111.9
0.0,0.063,111.9
0.0,0.117,111.9
0.0,0.372,111.9
0.0,0.648,111.9
0.0,0.707,111.9
0.0,0.731,111.9
0.0,0.807,111.9
0.024,0.8,111.9
0.147,0.886,111.9
0.341,0.931,111.9
0.527,0.938,111.9
0.662,0.943,111.9
0.741,0.947,111.9
0.772,0.942,111.9
0.775,0.932,111.9
0.746,0.917,111.9
0.661,0.902,111.9
0.517,0.877,111.9
0.324,0.831,111.9
0.103,0.757,111.9
0.014,0.642,111.9
0.0,0.51,111.9
0.0,0.381,111.9
0.0,0.261,111.9
0.0,0.143,111.9
0.0,0.074,111.9
0.0,0.049,111.9
0.0,0.035,111.9
0.0,0.035,111.9
0.0,0.036,111.9
0.0,0.042,111.9
0.024,0.048,111.9
0.143,0.051,111.9
0.296,0.179,111.9
0.5,0.383,111.9
0.557,0.459,111.9
0.675,0.477,111.9
0.765,0.562,111.9
0.705,0.635,111.9
0.704,0.667,111.9
0.596,0.731,111.9
0.458,0.751,111.9
0.295,0.746,111.9
0.113,0.772,111.9
0.017,0.778,111.9
0.0,0.754,111.9
0.0,0.784,111.9
0.0,0.799,111.9
0.0,0.785,111.9
0.0,0.77,111.9
0.0,0.782,111.9
0.0,0.781,111.9
0.0,0.763,111.9
0.0,0.721,111.9
0.0,0.679,111.9
0.025,0.605,111.9
0.133,0.532,111.9
0.307,0.493,111.9
0.543,0.432,111.9
0.678,0.352,111.9
0.759,0.296,111.9
0.746,0.278,111.9
0.728,0.291,111.9
0.706,0.358,111.9
0.591,0.47,111.9
0.456,0.568,111.9
0.29,0.636,111.9
0.113,0.63,111.9
0.017,0.552,111.9
0.0,0.528,111.9
0.0,0.498,111.9
0.0,0.474,111.9
0.0,0.473,111.9
0.0,0.542,111.9
0.0,0.646,111.9
0.0,0.709,111.9
0.0,0.812,111.9
0.0,0.855,111.9
0.0,0.846,111.9
0.022,0.853,111.9
0.161,0.871,111.9
0.366,0.87,111.9
0.51,0.821,111.9
0.646,0.757,111.9
0.719,0.71,111.9
0.804,0.696,111.9
0.787,0.722,111.9
0.72,0.787,111.9
0.645,0.8,111.9
0.51,0.796,111.9
0.317,0.793,111.9
0.099,0.755,111.9
0.016,0.709,111.9
0.0,0.553,111.9
0.0,0.439,111.9
0.0,0.487,111.9
0.0,0.494,111.9
0.0,0.447,111.9
0.0,0.371,111.9
0.0,0.225,111.9
0.0,0.167,111.9
0.0,0.108,111.9
0.0,0.074,111.9
0.027,0.062,111.9
0.132,0.072,111.9
0.266,0.114,111.9
0.409,0.187,111.9
0.559,0.27,111.9
0.672,0.316,111.9
0.747,0.334,111.9
0.725,0.388,111.9
0.697,0.442,111.9
0.601,0.451,111.9
0.383,0.403,111.9
0.219,0.345,111.9
0.104,0.295,111.9
0.004,0.22,111.9
0.0,0.16,111.9
0.0,0.12,111.9
0.0,0.103,111.9
0.0,0.122,111.9
0.0,0.168,111.9
0.0,0.226,111.9
0.0,0.32,111.9
0.0,0.401,111.9
0.0,0.483,111.9
0.0,0.562,111.9
0.027,0.574,111.9
0.154,0.695,111.9
0.344,0.834,111.9
0.512,0.853,111.9
0.634,0.832,111.9
0.721,0.827,111.9
0.752,0.791,111.9
0.743,0.695,111.9
0.689,0.603,111.9
0.586,0.586,111.9
0.396,0.571,111.9
0.241,0.479,111.9
0.089,0.284,111.9
0.006,0.127,111.9
0.0,0.078,111.9
0.0,0.134,111.9
0.0,0.191,111.9
0.0,0.191,111.9
0.0,0.124,111.9
0.0,0.057,111.9
0.0,0.011,111.9
0.0,0.009,111.9
0.0,0.031,111.9
0.0,0.051,111.9
0.025,0.078,111.9
0.134,0.133,111.9
0.312,0.199,111.9
0.471,0.282,111.9
0.591,0.374,111.9
0.708,0.468,111.9
0.776,0.552,111.9
0.793,0.596,111.9
0.742,0.606,111.9
0.645,0.675,111.9
0.501,0.657,111.9
0.316,0.544,111.9
0.117,0.394,111.9
0.019,0.293,111.9
0.0,0.283,111.9
0.0,0.296,111.9
0.0,0.271,111.9
0.0,0.257,111.9
0.0,0.207,111.9
0.0,0.151,111.9
0.0,0.121,111.9
0.0,0.112,111.9
0.0,0.129,111.9
0.0,0.165,111.9
0.03,0.187,111.9
0.145,0.218,111.9
0.331,0.286,111.9
0.486,0.457,111.9
0.632,0.616,111.9
0.735,0.685,111.9
0.745,0.71,111.9
0.555,0.705,111.9
0.532,0.65,111.9
0.546,0.58,111.9
0.395,0.547,111.9
0.284,0.557,111.9
0.117,0.522,111.9
0.021,0.448,111.9
0.0,0.385,111.9
0.0,0.33,111.9
0.0,0.295,111.9
0.0,0.346,111.9
0.0,0.455,111.9
0.0,0.438,111.9
0.0,0.287,111.9
0.0,0.151,111.9
0.0,0.205,111.9
0.0,0.185,111.9
0.029,0.088,111.9
0.134,0.026,111.9
0.344,0.065,111.9
0.529,0.109,111.9
0.66,0.16,111.9
0.697,0.229,111.9
0.794,0.309,111.9
0.787,0.341,111.9
0.712,0.362,111.9
0.553,0.4,111.9
0.423,0.437,111.9
0.31,0.46,111.9
0.118,0.474,111.9
0.019,0.457,111.9
0.0,0.401,111.9
0.0,0.279,111.9
0.0,0.154,111.9
0.0,0.085,111.9
0.0,0.144,111.9
0.0,0.267,111.9
0.0,0.296,111.9
0.0,0.278,111.9
0.0,0.231,111.9
0.0,0.198,111.9
0.03,0.151,111.9
0.133,0.138,111.9
0.271,0.117,111.9
0.367,0.09,111.9
0.487,0.069,111.9
0.698,0.04,111.9
0.762,0.014,111.9
0.752,0.014,111.9
0.674,0.05,111.9
0.593,0.148,111.9
0.493,0.211,111.9
0.313,0.297,111.9
0.12,0.432,111.9
0.022,0.571,111.9
0.0,0.559,111.9
0.0,0.47,111.9
0.0,0.376,111.9
0.0,0.313,111.9
0.0,0.266,111.9
0.0,0.235,111.9
0.0,0.249,111.9
0.0,0.259,111.9
0.0,0.264,111.9
0.0,0.316,111.9
0.028,0.419,111.9
0.118,0.53,111.9
0.225,0.582,111.9
0.304,0.611,111.9
0.367,0.625,111.9
0.376,0.615,111.9
0.497,0.591,111.9
0.738,0.538,111.9
0.694,0.496,111.9
0.573,0.481,111.9
0.409,0.445,111.9
0.24,0.323,111.9
0.107,0.256,111.9
0.026,0.205,111.9
0.0,0.148,111.9
0.0,0.138,111.9
0.0,0.123,111.9
0.0,0.096,111.9
0.0,0.093,111.9
0.0,0.077,111.9
0.0,0.078,111.9
0.0,0.083,111.9
0.0,0.095,111.9
0.0,0.135,111.9
0.035,0.172,111.9
0.132,0.177,111.9
0.266,0.155,111.9
0.37,0.119,111.9
0.458,0.054,111.9
0.525,0.01,111.9
0.485,0.012,111.9
0.495,0.014,111.9
0.459,0.024,111.9
0.386,0.016,111.9
0.344,0.015,111.9
0.258,0.014,111.9
0.127,0.012,111.9
0.028,0.011,111.9
0.0,0.009,111.9
0.0,0.061,111.9
0.0,0.107,111.9
0.0,0.058,111.9
0.0,0.015,111.9
0.0,0.006,111.9
0.0,0.035,111.9
0.0,0.054,111.9
0.0,0.06,111.9
0.0,0.054,111.9
0.025,0.048,111.9
0.095,0.055,111.9
0.153,0.077,111.9
0.183,0.094,111.9
0.225,0.09,111.9
0.241,0.096,111.9
0.242,0.115,111.9
0.21,0.114,111.9
0.192,0.13,111.9
0.135,0.076,111.9
0.079,0.118,111.9
0.041,0.155,111.9
0.017,0.115,111.9
0.0,0.059,111.9
0.0,0.048,111.9
0.0,0.072,111.9
0.0,0.051,111.9
0.0,0.068,111.9
0.0,0.153,111.9
0.0,0.172,111.9
0.0,0.161,111.9
0.0,0.148,111.9
0.0,0.177,111.9
0.0,0.22,111.9
0.032,0.223,111.9
0.16,0.237,111.9
0.355,0.341,111.9
0.531,0.392,111.9
0.665,0.41,111.9
0.749,0.416,111.9
0.786,0.481,111.9
0.779,0.524,111.9
0.723,0.557,111.9
0.618,0.606,111.9
0.458,0.638,111.9
0.28,0.617,111.9
0.12,0.571,111.9
0.023,0.523,111.9
0.0,0.526,111.9
0.0,0.514,111.9
0.0,0.5,111.9
0.0,0.498,111.9
0.0,0.455,111.9
0.0,0.398,111.9
0.0,0.325,111.9
0.0,0.276,111.9
0.0,0.228,111.9
0.0,0.183,111.9
0.035,0.123,111.9
0.137,0.073,111.9
0.25,0.04,111.9
0.362,0.017,111.9
0.493,0.008,111.9
0.648,0.014,111.9
0.739,0.076,111.9
0.735,0.178,111.9
0.705,0.226,111.9
0.606,0.256,111.9
0.462,0.286,111.9
0.299,0.323,111.9
0.125,0.376,111.9
0.027,0.417,111.9
0.0,0.392,111.9
0.0,0.274,111.9
0.0,0.175,111.9
0.0,0.122,111.9
0.0,0.089,111.9
0.0,0.076,111.9
0.0,0.07,111.9
0.0,0.061,111.9
0.0,0.05,111.9
0.0,0.038,111.9
0.039,0.026,111.9
0.134,0.021,111.9
0.289,0.025,111.9
0.428,0.035,111.9
0.441,0.05,111.9
0.49,0.066,111.9
0.484,0.076,111.9
0.392,0.086,111.9
0.476,0.09,111.9
0.504,0.09,111.9
0.345,0.105,111.9
0.192,0.134,111.9
0.08,0.187,111.9
0.015,0.239,111.9
0.0,0.249,111.9
0.0,0.202,111.9
0.0,0.141,111.9
0.0,0.094,111.9
0.0,0.082,111.9
0.0,0.087,111.9
0.0,0.08,111.9
0.0,0.067,111.9
0.0,0.051,111.9
0.0,0.028,111.9
0.031,0.02,111.9
0.161,0.011,111.9
0.352,0.002,111.9
0.519,0.001,111.9
0.647,0.025,111.9
0.729,0.088,111.9
0.767,0.157,111.9
0.76,0.192,111.9
0.694,0.261,111.9
0.553,0.366,111.9
0.38,0.441,111.9
0.244,0.413,111.9
0.101,0.264,111.9
0.013,0.132,111.9
0.0,0.108,111.9
0.0,0.133,111.9
0.0,0.12,111.9
0.0,0.069,111.9
0.0,0.027,111.9
0.0,0.019,111.9
0.0,0.036,111.9
0.0,0.049,111.9
0.0,0.033,111.9
0.0,0.015,111.9
0.03,0.008,111.9
0.127,0.008,111.9
0.254,0.014,111.9
0.406,0.031,111.9
0.537,0.069,111.9
0.674,0.127,111.9
0.727,0.185,111.9
0.742,0.225,111.9
0.705,0.238,111.9
0.617,0.225,111.9
0.48,0.212,111.9
0.302,0.202,111.9
0.124,0.188,111.9
0.028,0.174,111.9
0.0,0.149,111.9
0.0,0.101,111.9
0.0,0.059,111.9
0.0,0.033,111.9
0.0,0.017,111.9
0.0,0.013,111.9
0.0,0.012,111.9
0.0,0.014,111.9
0.0,0.011,111.9
0.0,0.017,111.9
0.038,0.038,111.9
0.146,0.05,111.9
0.307,0.054,111.9
0.477,0.053,111.9
0.618,0.062,111.9
0.714,0.092,111.9
0.756,0.143,111.9
0.749,0.199,111.9
0.693,0.236,111.9
0.581,0.249,111.9
0.401,0.237,111.9
0.241,0.236,111.9
0.092,0.286,111.9
0.012,0.309,111.9
0.0,0.231,111.9
0.0,0.134,111.9
0.0,0.084,111.9
0.0,0.069,111.9
0.0,0.066,111.9
0.0,0.062,111.9
0.0,0.071,111.9
0.0,0.084,111.9
0.0,0.083,111.9
0.0,0.081,111.9
0.031,0.07,111.9
0.098,0.047,111.9
0.164,0.038,111.9
0.248,0.04,111.9
0.427,0.068,111.9
0.647,0.118,111.9
0.685,0.17,111.9
0.558,0.196,111.9
0.174,0.153,111.9
0.248,0.136,111.9
0.198,0.093,111.9
0.15,0.05,111.9
0.083,0.053,111.9
0.021,0.076,111.9
0.0,0.087,111.9
0.0,0.057,111.9
0.0,0.025,111.9
0.0,0.033,111.9
0.0,0.056,111.9
0.0,0.068,111.9
0.0,0.08,111.9
0.0,0.105,111.9
0.0,0.126,111.9
0.0,0.11,111.9
0.032,0.06,111.9
0.125,0.04,111.9
0.226,0.041,111.9
0.284,0.056,111.9
0.345,0.086,111.9
0.353,0.093,111.9
0.504,0.042,111.9
0.394,0.019,111.9
0.382,0.109,111.9
0.318,0.194,111.9
0.231,0.236,111.9
0.174,0.237,111.9
0.119,0.241,111.9
0.033,0.245,111.9
0.0,0.283,111.9
0.0,0.309,111.9
0.0,0.36,111.9
0.0,0.382,111.9
0.0,0.375,111.9
0.0,0.368,111.9
0.0,0.321,111.9
0.0,0.259,111.9
0.0,0.179,111.9
0.0,0.142,111.9
0.04,0.167,111.9
0.155,0.179,111.9
0.3,0.232,111.9
0.367,0.266,111.9
0.516,0.264,111.9
0.676,0.258,111.9
0.691,0.235,111.9
0.677,0.227,111.9
0.613,0.294,111.9
0.536,0.372,111.9
0.392,0.279,111.9
0.172,0.151,111.9
0.05,0.05,111.9
0.007,0.061,111.9
0.0,0.284,111.9
0.0,0.375,111.9
0.0,0.144,111.9
0.0,0.044,111.9
0.0,0.046,111.9
0.0,0.132,111.9
0.0,0.178,111.9
0.0,0.093,111.9
0.0,0.071,111.9
0.0,0.084,111.9
0.036,0.071,111.9
0.153,0.039,111.9
0.342,0.023,111.9
0.51,0.025,111.9
0.64,0.042,111.9
0.723,0.074,111.9
0.762,0.118,111.9
0.759,0.171,111.9
0.71,0.222,111.9
0.616,0.255,111.9
0.469,0.271,111.9
0.307,0.278,111.9
0.124,0.287,111.9
0.027,0.281,111.9
0.0,0.264,111.9
0.0,0.265,111.9
0.0,0.312,111.9
0.0,0.346,111.9
0.0,0.407,111.9
0.0,0.462,111.9
0.0,0.44,111.9
0.0,0.42,111.9
0.0,0.36,111.9
0.0,0.296,111.9
0.038,0.24,111.9
0.158,0.201,111.9
0.34,0.182,111.9
0.507,0.185,111.9
0.633,0.21,111.9
0.714,0.259,111.9
0.719,0.325,111.9
0.663,0.385,111.9
0.63,0.414,111.9
0.596,0.454,111.9
0.466,0.498,111.9
0.3,0.475,111.9
0.126,0.38,111.9
0.029,0.302,111.9
0.0,0.268,111.9
0.0,0.264,111.9
0.0,0.249,111.9
0.0,0.244,111.9
0.0,0.272,111.9
0.0,0.325,111.9
0.0,0.38,111.9
0.0,0.362,111.9
0.0,0.332,111.9
0.0,0.339,111.9
0.038,0.278,111.9
0.121,0.254,111.9
0.249,0.256,111.9
0.419,0.264,111.9
0.578,0.28,111.9
0.681,0.311,111.9
0.729,0.286,111.9
0.707,0.29,111.9
0.598,0.349,111.9
0.529,0.292,111.9
0.383,0.194,111.9
0.234,0.115,111.9
0.118,0.053,111.9
0.031,0.017,111.9
0.0,0.007,111.9
0.0,0.003,111.9
0.0,0.004,111.9
0.0,0.022,111.9
0.0,0.074,111.9
0.0,0.127,111.9
0.0,0.149,111.9
0.0,0.158,111.9
0.0,0.125,111.9
0.0,0.058,111.9
0.043,0.021,111.9
0.13,0.072,111.9
0.242,0.065,111.9
0.414,0.073,111.9
0.573,0.082,111.9
0.665,0.089,111.9
0.644,0.098,111.9
0.641,0.102,111.9
0.568,0.137,111.9
0.438,0.134,111.9
0.316,0.101,111.9
0.211,0.054,111.9
0.101,0.088,111.9
0.01,0.071,111.9
0.0,0.102,111.9
0.0,0.133,111.9
0.0,0.152,111.9
0.0,0.122,111.9
0.0,0.066,111.9
0.0,0.076,111.9
0.0,0.091,111.9
0.0,0.09,111.9
0.0,0.074,111.9
0.0,0.07,111.9
0.013,0.08,111.9
0.066,0.096,111.9
0.125,0.103,111.9
0.201,0.099,111.9
0.321,0.113,111.9
0.463,0.151,111.9
0.543,0.188,111.9
0.647,0.233,111.9
0.635,0.278,111.9
0.569,0.316,111.9
0.466,0.328,111.9
0.303,0.343,111.9
0.134,0.425,111.9
0.034,0.557,111.9
0.0,0.586,111.9
0.0,0.486,111.9
0.0,0.367,111.9
0.0,0.294,111.9
0.0,0.247,111.9
0.0,0.188,111.9
0.0,0.132,111.9
0.0,0.082,111.9
0.0,0.05,111.9
0.0,0.019,111.9
0.033,0.019,111.9
0.159,0.052,111.9
0.35,0.039,111.9
0.518,0.029,111.9
0.644,0.031,111.9
0.725,0.042,111.9
0.762,0.083,111.9
0.757,0.146,111.9
0.711,0.22,111.9
0.621,0.289,111.9
0.481,0.331,111.9
0.309,0.347,111.9
0.125,0.386,111.9
0.026,0.457,111.9
0.0,0.433,111.9
0.0,0.313,111.9
0.0,0.227,111.9
0.0,0.252,111.9
0.0,0.275,111.9
0.0,0.247,111.9
0.0,0.186,111.9
0.0,0.123,111.9
0.0,0.074,111.9
0.0,0.041,111.9
0.033,0.022,111.9
0.155,0.029,111.9
0.34,0.045,111.9
0.513,0.048,111.9
0.641,0.049,111.9
0.723,0.053,111.9
0.762,0.068,111.9
0.755,0.102,111.9
0.707,0.149,111.9
0.617,0.187,111.9
0.482,0.219,111.9
0.309,0.245,111.9
0.125,0.291,111.9
0.026,0.366,111.9
0.0,0.325,111.9
0.0,0.22,111.9
0.0,0.139,111.9
0.0,0.107,111.9
0.0,0.099,111.9
0.0,0.086,111.9
0.0,0.08,111.9
0.0,0.072,111.9
0.0,0.053,111.9
0.0,0.024,111.9
0.041,0.006,111.9
0.146,0.003,111.9
0.324,0.006,111.9
0.503,0.021,111.9
0.631,0.046,111.9
0.706,0.075,111.9
0.725,0.111,111.9
0.7,0.142,111.9
0.645,0.168,111.9
0.557,0.186,111.9
0.427,0.196,111.9
0.275,0.219,111.9
0.126,0.248,111.9
0.033,0.237,111.9
0.0,0.161,111.9
0.0,0.077,111.9
0.0,0.028,111.9
0.0,0.01,111.9
0.0,0.005,111.9
0.0,0.002,111.9
0.0,0.009,111.9
0.0,0.018,111.9
0.0,0.02,111.9
0.0,0.014,111.9
0.036,0.013,111.9
0.147,0.003,111.9
0.326,0.004,111.9
0.493,0.024,111.9
0.627,0.059,111.9
0.709,0.112,111.9
0.746,0.159,111.9
0.742,0.192,111.9
0.693,0.225,111.9
0.596,0.257,111.9
0.459,0.27,111.9
0.286,0.252,111.9
0.126,0.232,111.9
0.032,0.214,111.9
0.0,0.186,111.9
0.0,0.149,111.9
0.0,0.104,111.9
0.0,0.058,111.9
0.0,0.025,111.9
0.0,0.008,111.9
0.0,0.011,111.9
0.0,0.024,111.9
0.0,0.026,111.9
0.0,0.018,111.9
0.047,0.01,111.9
0.157,0.002,111.9
0.303,0.006,111.9
0.43,0.017,111.9
0.496,0.036,111.9
0.464,0.06,111.9
0.401,0.082,111.9
0.339,0.082,111.9
0.31,0.06,111.9
0.266,0.06,111.9
0.21,0.089,111.9
0.162,0.087,111.9
0.092,0.039,111.9
0.025,0.005,111.9
0.0,0.055,111.9
0.0,0.167,111.9
0.0,0.233,111.9
0.0,0.231,111.9
0.0,0.19,111.9
0.0,0.142,111.9
0.0,0.099,111.9
0.0,0.074,111.9
0.0,0.073,111.9
0.0,0.104,111.9
0.038,0.161,111.9
0.151,0.107,111.9
0.323,0.042,111.9
0.482,0.008,111.9
0.613,0.01,111.9
0.695,0.027,111.9
0.733,0.048,111.9
0.726,0.069,111.9
0.681,0.099,111.9
0.594,0.144,111.9
0.464,0.183,111.9
0.299,0.206,111.9
0.126,0.231,111.9
0.03,0.272,111.9
0.0,0.229,111.9
0.0,0.112,111.9
0.0,0.006,111.9
0.0,0.051,111.9
0.0,0.124,111.9
0.0,0.108,111.9
0.0,0.066,111.9
0.0,0.06,111.9
0.0,0.077,111.9
0.0,0.116,111.9
0.038,0.155,111.9
0.154,0.124,111.9
0.329,0.049,111.9
0.486,0.007,111.9
0.609,0.031,111.9
0.692,0.107,111.9
0.731,0.168,111.9
0.725,0.195,111.9
0.677,0.224,111.9
0.571,0.26,111.9
0.409,0.293,111.9
0.235,0.337,111.9
0.094,0.404,111.9
0.019,0.425,111.9
0.0,0.361,111.9
0.0,0.272,111.9
0.0,0.167,111.9
0.0,0.056,111.9
0.0,0.007,111.9
0.0,0.004,111.9
0.0,0.003,111.9
0.0,0.003,111.9
0.0,0.007,111.9
0.0,0.006,111.9
0.038,0.003,111.9
0.15,0.006,111.9
0.325,0.039,111.9
0.488,0.075,111.9
0.612,0.12,111.9
0.694,0.163,111.9
0.732,0.195,111.9
0.729,0.212,111.9
0.684,0.221,111.9
0.597,0.231,111.9
0.465,0.254,111.9
0.3,0.285,111.9
0.126,0.312,111.9
0.029,0.302,111.9
0.0,0.259,111.9
0.0,0.186,111.9
0.0,0.086,111.9
0.0,0.018,111.9
0.0,0.003,111.9
0.0,0.013,111.9
0.0,0.027,111.9
0.0,0.036,111.9
0.0,0.027,111.9
0.0,0.015,111.9
0.041,0.019,111.9
0.138,0.023,111.9
0.278,0.021,111.9
0.45,0.02,111.9
0.572,0.032,111.9
0.648,0.064,111.9
0.676,0.117,111.9
0.667,0.177,111.9
0.619,0.231,111.9
0.525,0.271,111.9
0.401,0.28,111.9
0.263,0.267,111.9
0.126,0.245,111.9
0.034,0.21,111.9
0.0,0.16,111.9
0.0,0.113,111.9
0.0,0.068,111.9
0.0,0.049,111.9
0.0,0.059,111.9
0.0,0.067,111.9
0.0,0.064,111.9
0.0,0.245,111.9
0.0,0.513,111.9
0.0,0.56,111.9
0.021,0.447,111.9
0.038,0.364,111.9
0.113,0.463,111.9
0.429,0.332,111.9
0.577,0.22,111.9
0.629,0.236,111.9
0.498,0.27,111.9
0.353,0.274,111.9
0.447,0.272,111.9
0.316,0.315,111.9
0.189,0.368,111.9
0.157,0.395,111.9
0.081,0.498,111.9
0.014,0.505,111.9
0.0,0.328,111.9
0.0,0.266,111.9
0.0,0.274,111.9
0.0,0.386,111.9
0.0,0.556,111.9
0.0,0.682,111.9
0.0,0.607,111.9
0.0,0.466,111.9
0.0,0.427,111.9
0.0,0.462,111.9
0.002,0.544,111.9
0.054,0.506,111.9
0.113,0.574,111.9
0.257,0.75,111.9
0.421,0.851,111.9
0.355,0.866,111.9
0.533,0.83,111.9
0.595,0.728,111.9
0.534,0.593,111.9
0.471,0.494,111.9
0.405,0.386,111.9
0.28,0.275,111.9
0.137,0.199,111.9
0.037,0.171,111.9
0.0,0.176,111.9
0.0,0.16,111.9
0.0,0.125,111.9
0.0,0.087,111.9
0.0,0.042,111.9
0.0,0.012,111.9
0.0,0.004,111.9
0.0,0.013,111.9
0.0,0.037,111.9
0.0,0.065,111.9
0.047,0.075,111.9
0.156,0.087,111.9
0.316,0.077,111.9
0.434,0.05,111.9
0.43,0.057,111.9
0.489,0.08,111.9
0.547,0.115,111.9
0.589,0.154,111.9
0.541,0.19,111.9
0.383,0.235,111.9
0.201,0.278,111.9
0.124,0.278,111.9
0.058,0.254,111.9
0.012,0.238,111.9
0.0,0.223,111.9
0.0,0.212,111.9
0.0,0.202,111.9
0.0,0.2,111.9
0.0,0.189,111.9
0.0,0.163,111.9
0.0,0.138,111.9
0.0,0.122,111.9
0.0,0.118,111.9
0.0,0.118,111.9
0.03,0.114,111.9
0.113,0.114,111.9
0.23,0.085,111.9
0.277,0.062,111.9
0.476,0.093,111.9
0.523,0.337,111.9
0.252,0.51,111.9
0.273,0.291,111.9
0.246,0.282,111.9
0.34,0.413,111.9
0.362,0.555,111.9
0.068,0.648,111.9
0.031,0.434,111.9
0.005,0.282,111.9
0.0,0.133,111.9
0.0,0.067,111.9
0.0,0.053,111.9
0.0,0.037,111.9
0.0,0.017,111.9
0.0,0.057,111.9
0.0,0.158,111.9
0.0,0.138,111.9
0.0,0.099,111.9
0.0,0.059,111.9
0.019,0.051,111.9
0.058,0.082,111.9
0.146,0.123,111.9
0.291,0.113,111.9
0.529,0.118,111.9
0.447,0.142,111.9
0.463,0.154,111.9
0.706,0.147,111.9
0.677,0.169,111.9
0.593,0.219,111.9
0.463,0.299,111.9
0.301,0.386,111.9
0.136,0.436,111.9
0.037,0.409,111.9
0.0,0.352,111.9
0.0,0.349,111.9
0.0,0.309,111.9
0.0,0.241,111.9
0.0,0.295,111.9
0.0,0.435,111.9
0.0,0.433,111.9
0.0,0.367,111.9
0.0,0.283,111.9
0.0,0.245,111.9
0.034,0.187,111.9
0.15,0.241,111.9
0.314,0.3,111.9
0.466,0.323,111.9
0.605,0.334,111.9
0.708,0.331,111.9
0.75,0.33,111.9
0.744,0.375,111.9
0.688,0.436,111.9
0.594,0.487,111.9
0.454,0.509,111.9
0.298,0.485,111.9
0.131,0.449,111.9
0.029,0.422,111.9
0.0,0.376,111.9
0.0,0.305,111.9
0.0,0.289,111.9
0.0,0.345,111.9
0.0,0.472,111.9
0.0,0.551,111.9
0.0,0.59,111.9
0.0,0.588,111.9
0.0,0.556,111.9
0.0,0.516,111.9
0.028,0.454,111.9
0.156,0.438,111.9
0.346,0.295,111.9
0.513,0.167,111.9
0.639,0.084,111.9
0.72,0.039,111.9
0.757,0.028,111.9
0.742,0.042,111.9
0.694,0.061,111.9
0.595,0.062,111.9
0.459,0.066,111.9
0.294,0.065,111.9
0.129,0.051,111.9
0.032,0.035,111.9
0.0,0.032,111.9
0.0,0.017,111.9
0.0,0.031,111.9
0.0,0.047,111.9
0.0,0.1,111.9
0.0,0.167,111.9
0.0,0.204,111.9
0.0,0.214,111.9
0.0,0.231,111.9
0.0,0.272,111.9
0.037,0.294,111.9
0.119,0.278,111.9
0.213,0.24,111.9
0.33,0.208,111.9
0.47,0.178,111.9
0.65,0.13,111.9
0.726,0.087,111.9
0.723,0.058,111.9
0.672,0.051,111.9
0.569,0.07,111.9
0.393,0.101,111.9
0.283,0.142,111.9
0.13,0.186,111.9
0.036,0.257,111.9
0.0,0.397,111.9
0.0,0.544,111.9
0.0,0.685,111.9
0.0,0.737,111.9
0.0,0.702,111.9
0.0,0.666,111.9
0.0,0.666,111.9
0.0,0.679,111.9
0.0,0.682,111.9
0.0,0.666,111.9
0.027,0.642,111.9
0.156,0.603,111.9
0.351,0.531,111.9
0.519,0.432,111.9
0.645,0.321,111.9
0.726,0.233,111.9
0.763,0.18,111.9
0.756,0.147,111.9
0.708,0.121,111.9
0.617,0.1,111.9
0.48,0.09,111.9
0.314,0.088,111.9
0.13,0.092,111.9
0.026,0.136,111.9
0.0,0.253,111.9
0.0,0.313,111.9
0.0,0.3,111.9
0.0,0.254,111.9
0.0,0.204,111.9
0.0,0.155,111.9
0.0,0.113,111.9
0.0,0.082,111.9
0.0,0.055,111.9
0.0,0.031,111.9
0.032,0.015,111.9
0.153,0.002,111.9
0.341,0.008,111.9
0.508,0.035,111.9
0.636,0.071,111.9
0.717,0.111,111.9
0.755,0.157,111.9
0.751,0.201,111.9
0.704,0.245,111.9
0.614,0.296,111.9
0.481,0.335,111.9
0.313,0.367,111.9
0.132,0.407,111.9
0.027,0.428,111.9
0.0,0.383,111.9
0.0,0.297,111.9
0.0,0.238,111.9
0.0,0.205,111.9
0.0,0.185,111.9
0.0,0.179,111.9
0.0,0.181,111.9
0.0,0.189,111.9
0.0,0.192,111.9
0.0,0.181,111.9
0.043,0.154,111.9
0.147,0.148,111.9
0.299,0.161,111.9
0.455,0.203,111.9
0.535,0.272,111.9
0.582,0.362,111.9
0.661,0.446,111.9
0.716,0.502,111.9
0.677,0.533,111.9
0.565,0.547,111.9
0.415,0.538,111.9
0.226,0.503,111.9
0.106,0.455,111.9
0.026,0.389,111.9
0.0,0.321,111.9
0.0,0.291,111.9
0.0,0.278,111.9
0.0,0.308,111.9
0.0,0.323,111.9
0.0,0.32,111.9
0.0,0.305,111.9
0.0,0.285,111.9
0.0,0.27,111.9
0.0,0.243,111.9
0.041,0.201,111.9
0.134,0.205,111.9
0.256,0.238,111.9
0.444,0.27,111.9
0.613,0.291,111.9
0.696,0.334,111.9
0.714,0.413,111.9
0.729,0.481,111.9
0.691,0.513,111.9
0.606,0.519,111.9
0.476,0.519,111.9
0.31,0.518,111.9
0.134,0.497,111.9
0.03,0.432,111.9
0.0,0.358,111.9
0.0,0.291,111.9
0.0,0.245,111.9
0.0,0.204,111.9
0.0,0.162,111.9
0.0,0.118,111.9
0.0,0.067,111.9
0.0,0.033,111.9
0.0,0.049,111.9
0.0,0.098,111.9
0.017,0.151,111.9
0.09,0.163,111.9
0.262,0.181,111.9
0.482,0.175,111.9
0.617,0.15,111.9
0.699,0.137,111.9
0.74,0.15,111.9
0.741,0.156,111.9
0.698,0.148,111.9
0.613,0.133,111.9
0.481,0.091,111.9
0.314,0.056,111.9
0.134,0.031,111.9
0.029,0.009,111.9
0.0,0.037,111.9
0.0,0.067,111.9
0.0,0.093,111.9
0.0,0.099,111.9
0.0,0.058,111.9
0.0,0.017,111.9
0.0,0.011,111.9
0.0,0.022,111.9
0.0,0.028,111.9
0.0,0.044,111.9
0.031,0.062,111.9
0.15,0.096,111.9
0.337,0.133,111.9
0.504,0.13,111.9
0.63,0.124,111.9
0.713,0.147,111.9
0.751,0.179,111.9
0.742,0.18,111.9
0.694,0.152,111.9
0.606,0.119,111.9
0.478,0.044,111.9
0.31,0.045,111.9
0.132,0.108,111.9
0.028,0.157,111.9
0.0,0.203,111.9
0.0,0.195,111.9
0.0,0.163,111.9
0.0,0.159,111.9
0.0,0.181,111.9
0.0,0.206,111.9
0.0,0.213,111.9
0.0,0.203,111.9
0.0,0.175,111.9
0.0,0.147,111.9
0.041,0.113,111.9
0.146,0.096,111.9
0.321,0.087,111.9
0.482,0.085,111.9
0.599,0.092,111.9
0.677,0.111,111.9
0.716,0.14,111.9
0.71,0.182,111.9
0.672,0.234,111.9
0.587,0.279,111.9
0.457,0.31,111.9
0.289,0.323,111.9
0.133,0.318,111.9
0.032,0.31,111.9
0.0,0.291,111.9
0.0,0.259,111.9
0.0,0.215,111.9
0.0,0.182,111.9
0.0,0.173,111.9
0.0,0.179,111.9
0.0,0.191,111.9
0.0,0.201,111.9
0.0,0.198,111.9
0.0,0.178,111.9
0.039,0.157,111.9
0.148,0.152,111.9
0.326,0.133,111.9
0.493,0.136,111.9
0.611,0.162,111.9
0.675,0.201,111.9
0.693,0.241,111.9
0.706,0.273,111.9
0.659,0.298,111.9
0.515,0.312,111.9
0.409,0.311,111.9
0.299,0.302,111.9
0.133,0.279,111.9
0.031,0.261,111.9
0.0,0.233,111.9
0.0,0.178,111.9
0.0,0.132,111.9
0.0,0.118,111.9
0.0,0.125,111.9
0.0,0.137,111.9
0.0,0.135,111.9
0.0,0.126,111.9
0.0,0.108,111.9
0.0,0.09,111.9
0.033,0.077,111.9
0.148,0.072,111.9
0.329,0.071,111.9
0.494,0.088,111.9
0.619,0.121,111.9
0.698,0.161,111.9
0.738,0.192,111.9
0.736,0.219,111.9
0.69,0.251,111.9
0.601,0.282,111.9
0.469,0.297,111.9
0.296,0.304,111.9
0.127,0.302,111.9
0.031,0.278,111.9
0.0,0.232,111.9
0.0,0.185,111.9
0.0,0.15,111.9
0.0,0.138,111.9
0.0,0.145,111.9
0.0,0.167,111.9
0.0,0.178,111.9
0.0,0.167,111.9
0.0,0.148,111.9
0.0,0.12,111.9
0.038,0.087,111.9
0.147,0.066,111.9
0.318,0.064,111.9
0.46,0.087,111.9
0.54,0.122,111.9
0.527,0.139,111.9
0.482,0.149,111.9
0.613,0.178,111.9
0.662,0.188,111.9
0.587,0.177,111.9
0.461,0.159,111.9
0.303,0.153,111.9
0.132,0.17,111.9
0.031,0.22,111.9
0.0,0.277,111.9
0.0,0.251,111.9
0.0,0.201,111.9
0.0,0.184,111.9
0.0,0.178,111.9
0.0,0.191,111.9
0.0,0.185,111.9
0.0,0.167,111.9
0.0,0.112,111.9
0.0,0.066,111.9
0.04,0.037,111.9
0.14,0.05,111.9
0.295,0.07,111.9
0.435,0.101,111.9
0.569,0.14,111.9
0.649,0.146,111.9
0.684,0.154,111.9
0.679,0.158,111.9
0.632,0.167,111.9
0.544,0.16,111.9
0.459,0.144,111.9
0.305,0.133,111.9
0.132,0.146,111.9
0.029,0.256,111.9
0.0,0.437,111.9
0.0,0.491,111.9
0.0,0.429,111.9
0.0,0.346,111.9
0.0,0.287,111.9
0.0,0.245,111.9
0.0,0.209,111.9
0.0,0.182,111.9
0.0,0.168,111.9
0.0,0.148,111.9
0.038,0.106,111.9
0.141,0.077,111.9
0.314,0.068,111.9
0.466,0.067,111.9
0.594,0.086,111.9
0.69,0.136,111.9
0.727,0.201,111.9
0.733,0.243,111.9
0.688,0.276,111.9
0.6,0.305,111.9
0.474,0.332,111.9
0.308,0.355,111.9
0.132,0.364,111.9
0.028,0.349,111.9
0.0,0.305,111.9
0.0,0.27,111.9
0.0,0.244,111.9
0.0,0.266,111.9
0.0,0.28,111.9
0.0,0.286,111.9
0.0,0.254,111.9
0.0,0.183,111.9
0.0,0.133,111.9
0.0,0.102,111.9
0.039,0.066,111.9
0.141,0.035,111.9
0.307,0.007,111.9
0.47,0.003,111.9
0.597,0.006,111.9
0.671,0.017,111.9
0.701,0.032,111.9
0.698,0.038,111.9
0.673,0.038,111.9
0.584,0.029,111.9
0.449,0.028,111.9
0.274,0.035,111.9
0.109,0.159,111.9
0.028,0.344,111.9
0.0,0.461,111.9
0.0,0.484,111.9
0.0,0.464,111.9
0.0,0.443,111.9
0.0,0.41,111.9
0.0,0.386,111.9
0.0,0.374,111.9
0.0,0.325,111.9
0.0,0.247,111.9
0.0,0.163,111.9
0.041,0.085,111.9
0.131,0.048,111.9
0.264,0.036,111.9
0.402,0.026,111.9
0.525,0.022,111.9
0.564,0.03,111.9
0.584,0.046,111.9
0.51,0.052,111.9
0.46,0.082,111.9
0.414,0.11,111.9
0.426,0.101,111.9
0.304,0.063,111.9
0.136,0.051,111.9
0.031,0.089,111.9
0.0,0.134,111.9
0.0,0.249,111.9
0.0,0.457,111.9
0.0,0.642,111.9
0.0,0.694,111.9
0.0,0.702,111.9
0.0,0.72,111.9
0.0,0.693,111.9
0.0,0.63,111.9
0.0,0.58,111.9
0.038,0.574,111.9
0.143,0.578,111.9
0.341,0.571,111.9
0.51,0.563,111.9
0.637,0.501,111.9
0.717,0.416,111.9
0.752,0.376,111.9
0.749,0.365,111.9
0.701,0.35,111.9
0.592,0.332,111.9
0.45,0.296,111.9
0.311,0.244,111.9
0.132,0.185,111.9
0.025,0.146,111.9
0.0,0.168,111.9
0.0,0.202,111.9
0.0,0.243,111.9
0.0,0.275,111.9
0.0,0.272,111.9
0.0,0.241,111.9
0.0,0.208,111.9
0.0,0.178,111.9
0.0,0.141,111.9
0.0,0.094,111.9
0.031,0.05,111.9
0.145,0.046,111.9
0.333,0.072,111.9
0.502,0.11,111.9
0.628,0.131,111.9
0.709,0.139,111.9
0.746,0.159,111.9
0.744,0.193,111.9
0.697,0.238,111.9
0.608,0.278,111.9
0.468,0.315,111.9
0.303,0.344,111.9
0.13,0.376,111.9
0.027,0.4,111.9
0.0,0.364,111.9
0.0,0.291,111.9
0.0,0.233,111.9
0.0,0.194,111.9
0.0,0.163,111.9
0.0,0.138,111.9
0.0,0.115,111.9
0.0,0.101,111.9
0.0,0.092,111.9
0.0,0.081,111.9
0.032,0.064,111.9
0.144,0.068,111.9
0.327,0.104,111.9
0.492,0.157,111.9
0.618,0.221,111.9
0.699,0.288,111.9
0.736,0.374,111.9
0.729,0.468,111.9
0.683,0.521,111.9
0.594,0.51,111.9
0.464,0.439,111.9
0.3,0.367,111.9
0.13,0.312,111.9
0.027,0.281,111.9
0.0,0.233,111.9
0.0,0.176,111.9
0.0,0.119,111.9
0.0,0.06,111.9
0.0,0.041,111.9
0.0,0.064,111.9
0.0,0.102,111.9
0.0,0.141,111.9
0.0,0.175,111.9
0.0,0.196,111.9
0.039,0.192,111.9
0.146,0.201,111.9
0.314,0.219,111.9
0.469,0.25,111.9
0.591,0.265,111.9
0.672,0.262,111.9
0.707,0.235,111.9
0.686,0.201,111.9
0.629,0.203,111.9
0.379,0.226,111.9
0.162,0.332,111.9
0.11,0.439,111.9
0.096,0.316,111.9
0.027,0.179,111.9
0.0,0.183,111.9
0.0,0.252,111.9
0.0,0.233,111.9
0.0,0.208,111.9
0.0,0.291,111.9
0.0,0.337,111.9
0.0,0.217,111.9
0.0,0.194,111.9
0.0,0.17,111.9
0.0,0.085,111.9
0.034,0.045,111.9
0.126,0.01,111.9
0.264,0.056,111.9
0.408,0.169,111.9
0.504,0.279,111.9
0.422,0.413,111.9
0.38,0.55,111.9
0.328,0.633,111.9
0.335,0.642,111.9
0.426,0.583,111.9
0.463,0.491,111.9
0.305,0.495,111.9
0.136,0.695,111.9
0.031,0.871,111.9
0.0,0.921,111.9
0.0,0.934,111.9
0.0,0.945,111.9
0.0,0.959,111.9
0.0,0.961,111.9
0.0,0.964,111.9
0.0,0.955,111.9
0.0,0.93,111.9
0.0,0.915,111.9
0.0,0.895,111.9
0.023,0.891,111.9
0.148,0.891,111.9
0.348,0.856,111.9
0.521,0.779,111.9
0.649,0.695,111.9
0.732,0.635,111.9
0.77,0.619,111.9
0.762,0.663,111.9
0.71,0.737,111.9
0.615,0.812,111.9
0.468,0.873,111.9
0.307,0.913,111.9
0.13,0.942,111.9
0.023,0.959,111.9
0.0,0.961,111.9
0.0,0.943,111.9
0.0,0.927,111.9
0.0,0.893,111.9
0.0,0.829,111.9
0.0,0.762,111.9
0.0,0.703,111.9
0.0,0.656,111.9
0.0,0.63,111.9
0.0,0.615,111.9
0.026,0.566,111.9
0.147,0.472,111.9
0.343,0.305,111.9
0.514,0.166,111.9
0.641,0.086,111.9
0.724,0.048,111.9
0.762,0.022,111.9
0.757,0.045,111.9
0.71,0.129,111.9
0.611,0.213,111.9
0.481,0.278,111.9
0.307,0.353,111.9
0.132,0.429,111.9
0.026,0.474,111.9
0.0,0.42,111.9
0.0,0.281,111.9
0.0,0.161,111.9
0.0,0.118,111.9
0.0,0.106,111.9
0.0,0.102,111.9
0.0,0.089,111.9
0.0,0.065,111.9
0.0,0.034,111.9
0.0,0.02,111.9
0.031,0.023,111.9
0.142,0.008,111.9
0.328,0.006,111.9
0.498,0.012,111.9
0.622,0.037,111.9
0.706,0.069,111.9
0.722,0.08,111.9
0.722,0.073,111.9
0.693,0.086,111.9
0.604,0.132,111.9
0.47,0.18,111.9
0.292,0.225,111.9
0.122,0.307,111.9
0.027,0.415,111.9
0.0,0.42,111.9
0.0,0.296,111.9
0.0,0.187,111.9
0.0,0.155,111.9
0.0,0.139,111.9
0.0,0.122,111.9
0.0,0.1,111.9
0.0,0.076,111.9
0.0,0.058,111.9
0.0,0.041,111.9
0.03,0.031,111.9
0.141,0.033,111.9
0.329,0.035,111.9
0.499,0.044,111.9
0.628,0.054,111.9
0.711,0.072,111.9
0.75,0.101,111.9
0.747,0.146,111.9
0.701,0.201,111.9
0.612,0.255,111.9
0.477,0.305,111.9
0.308,0.344,111.9
0.129,0.401,111.9
0.023,0.498,111.9
0.0,0.484,111.9
0.0,0.389,111.9
0.0,0.31,111.9
0.0,0.282,111.9
0.0,0.254,111.9
0.0,0.223,111.9
0.0,0.187,111.9
0.0,0.151,111.9
0.0,0.112,111.9
0.0,0.081,111.9
0.029,0.061,111.9
0.141,0.068,111.9
0.328,0.074,111.9
0.497,0.076,111.9
0.625,0.07,111.9
0.708,0.063,111.9
0.746,0.096,111.9
0.741,0.161,111.9
0.696,0.223,111.9
0.607,0.259,111.9
0.476,0.296,111.9
0.308,0.314,111.9
0.129,0.328,111.9
0.023,0.328,111.9
0.0,0.228,111.9
0.0,0.108,111.9
0.0,0.047,111.9
0.0,0.028,111.9
0.0,0.018,111.9
0.0,0.014,111.9
0.0,0.011,111.9
0.0,0.008,111.9
0.0,0.008,111.9
0.0,0.011,111.9
0.027,0.018,111.9
0.14,0.021,111.9
0.329,0.022,111.9
0.497,0.02,111.9
0.625,0.018,111.9
0.705,0.008,111.9
0.743,0.028,111.9
0.739,0.11,111.9
0.693,0.194,111.9
0.603,0.301,111.9
0.472,0.367,111.9
0.305,0.433,111.9
0.128,0.447,111.9
0.023,0.381,111.9
0.0,0.221,111.9
0.0,0.09,111.9
0.0,0.029,111.9
0.0,0.011,111.9
0.0,0.01,111.9
0.0,0.01,111.9
0.0,0.012,111.9
0.0,0.017,111.9
0.0,0.025,111.9
0.0,0.04,111.9
0.028,0.055,111.9
0.138,0.054,111.9
0.321,0.071,111.9
0.486,0.119,111.9
0.613,0.179,111.9
0.695,0.248,111.9
0.735,0.325,111.9
0.732,0.401,111.9
0.687,0.448,111.9
0.598,0.477,111.9
0.468,0.48,111.9
0.303,0.472,111.9
0.127,0.459,111.9
0.023,0.411,111.9
0.0,0.324,111.9
0.0,0.252,111.9
0.0,0.191,111.9
0.0,0.136,111.9
0.0,0.093,111.9
0.0,0.067,111.9
0.0,0.058,111.9
0.0,0.057,111.9
0.0,0.054,111.9
0.0,0.047,111.9
0.032,0.038,111.9
0.131,0.046,111.9
0.275,0.078,111.9
0.429,0.106,111.9
0.567,0.14,111.9
0.676,0.191,111.9
0.73,0.252,111.9
0.729,0.311,111.9
0.683,0.352,111.9
0.594,0.376,111.9
0.462,0.391,111.9
0.295,0.382,111.9
0.126,0.346,111.9
0.024,0.282,111.9
0.0,0.203,111.9
0.0,0.154,111.9
0.0,0.113,111.9
0.0,0.095,111.9
0.0,0.076,111.9
0.0,0.033,111.9
0.0,0.023,111.9
0.0,0.035,111.9
0.0,0.039,111.9
0.0,0.045,111.9
0.031,0.044,111.9
0.135,0.047,111.9
0.308,0.047,111.9
0.472,0.047,111.9
0.599,0.054,111.9
0.682,0.065,111.9
0.722,0.118,111.9
0.721,0.181,111.9
0.676,0.231,111.9
0.588,0.261,111.9
0.457,0.274,111.9
0.295,0.272,111.9
0.125,0.259,111.9
0.023,0.223,111.9
0.0,0.167,111.9
0.0,0.108,111.9
0.0,0.073,111.9
0.0,0.061,111.9
0.0,0.057,111.9
0.0,0.054,111.9
0.0,0.055,111.9
0.0,0.063,111.9
0.0,0.069,111.9
0.0,0.068,111.9
0.03,0.06,111.9
0.131,0.06,111.9
0.286,0.085,111.9
0.431,0.133,111.9
0.563,0.186,111.9
0.682,0.235,111.9
0.728,0.293,111.9
0.725,0.355,111.9
0.68,0.401,111.9
0.592,0.422,111.9
0.463,0.42,111.9
0.298,0.404,111.9
0.125,0.367,111.9
0.021,0.296,111.9
0.0,0.217,111.9
0.0,0.155,111.9
0.0,0.111,111.9
0.0,0.088,111.9
0.0,0.084,111.9
0.0,0.101,111.9
0.0,0.127,111.9
0.0,0.152,111.9
0.0,0.166,111.9
0.0,0.169,111.9
0.028,0.153,111.9
0.137,0.138,111.9
0.316,0.164,111.9
0.476,0.216,111.9
0.586,0.32,111.9
0.657,0.418,111.9
0.685,0.494,111.9
0.682,0.542,111.9
0.629,0.547,111.9
0.54,0.528,111.9
0.431,0.507,111.9
0.27,0.468,111.9
0.116,0.381,111.9
0.02,0.27,111.9
0.0,0.193,111.9
0.0,0.155,111.9
0.0,0.153,111.9
0.0,0.19,111.9
0.0,0.22,111.9
0.0,0.209,111.9
0.0,0.166,111.9
0.0,0.118,111.9
0.0,0.095,111.9
0.0,0.088,111.9
0.029,0.102,111.9
0.13,0.099,111.9
0.299,0.125,111.9
0.465,0.161,111.9
0.595,0.157,111.9
0.682,0.141,111.9
0.722,0.145,111.9
0.718,0.144,111.9
0.67,0.117,111.9
0.587,0.072,111.9
0.457,0.02,111.9
0.286,0.016,111.9
0.117,0.012,111.9
0.02,0.009,111.9
0.0,0.006,111.9
0.0,0.014,111.9
0.0,0.018,111.9
0.0,0.034,111.9
0.0,0.065,111.9
0.0,0.089,111.9
0.0,0.089,111.9
0.0,0.068,111.9
0.0,0.033,111.9
0.0,0.015,111.9
0.029,0.038,111.9
0.138,0.061,111.9
0.299,0.069,111.9
0.393,0.086,111.9
0.466,0.097,111.9
0.55,0.128,111.9
0.534,0.184,111.9
0.501,0.241,111.9
0.551,0.262,111.9
0.594,0.272,111.9
0.462,0.278,111.9
0.295,0.285,111.9
0.125,0.279,111.9
0.021,0.261,111.9
0.0,0.209,111.9
0.0,0.125,111.9
0.0,0.074,111.9
0.0,0.047,111.9
0.0,0.032,111.9
0.0,0.023,111.9
0.0,0.019,111.9
0.0,0.016,111.9
0.0,0.007,111.9
0.0,0.002,111.9
0.029,0.008,111.9
0.128,0.002,111.9
0.268,0.005,111.9
0.359,0.031,111.9
0.386,0.06,111.9
0.42,0.059,111.9
0.405,0.031,111.9
0.435,0.011,111.9
0.475,0.009,111.9
0.479,0.027,111.9
0.379,0.098,111.9
0.258,0.156,111.9
0.12,0.2,111.9
0.022,0.211,111.9
0.0,0.222,111.9
0.0,0.2,111.9
0.0,0.156,111.9
0.0,0.113,111.9
0.0,0.075,111.9
0.0,0.048,111.9
0.0,0.036,111.9
0.0,0.037,111.9
0.0,0.044,111.9
0.0,0.05,111.9
0.025,0.055,111.9
0.135,0.1,111.9
0.322,0.155,111.9
0.467,0.196,111.9
0.619,0.22,111.9
0.707,0.239,111.9
0.746,0.268,111.9
0.741,0.301,111.9
0.693,0.334,111.9
0.601,0.349,111.9
0.468,0.343,111.9
0.299,0.324,111.9
0.123,0.308,111.9
0.018,0.285,111.9
0.0,0.245,111.9
0.0,0.207,111.9
0.0,0.175,111.9
0.0,0.148,111.9
0.0,0.133,111.9
0.0,0.132,111.9
0.0,0.133,111.9
0.0,0.128,111.9
0.0,0.106,111.9
0.0,0.076,111.9
0.026,0.054,111.9
0.133,0.048,111.9
0.311,0.046,111.9
0.474,0.05,111.9
0.605,0.08,111.9
0.677,0.133,111.9
0.712,0.185,111.9
0.711,0.238,111.9
0.661,0.275,111.9
0.574,0.283,111.9
0.444,0.261,111.9
0.279,0.233,111.9
0.118,0.22,111.9
0.018,0.217,111.9
0.0,0.205,111.9
0.0,0.184,111.9
0.0,0.161,111.9
0.0,0.138,111.9
0.0,0.125,111.9
0.0,0.122,111.9
0.0,0.125,111.9
0.0,0.13,111.9
0.0,0.118,111.9
0.0,0.106,111.9
0.025,0.093,111.9
0.132,0.087,111.9
0.316,0.084,111.9
0.483,0.089,111.9
0.616,0.119,111.9
0.698,0.17,111.9
0.736,0.223,111.9
0.731,0.263,111.9
0.685,0.287,111.9
0.597,0.3,111.9
0.466,0.305,111.9
0.299,0.3,111.9
0.122,0.278,111.9
0.017,0.251,111.9
0.0,0.218,111.9
0.0,0.177,111.9
0.0,0.157,111.9
0.0,0.161,111.9
0.0,0.187,111.9
0.0,0.218,111.9
0.0,0.229,111.9
0.0,0.233,111.9
0.0,0.223,111.9
0.0,0.194,111.9
0.025,0.152,111.9
0.127,0.132,111.9
0.311,0.121,111.9
0.479,0.121,111.9
0.61,0.132,111.9
0.69,0.136,111.9
0.729,0.152,111.9
0.724,0.183,111.9
0.677,0.214,111.9
0.586,0.234,111.9
0.457,0.226,111.9
0.289,0.196,111.9
0.118,0.164,111.9
0.016,0.184,111.9
0.0,0.203,111.9
0.0,0.172,111.9
0.0,0.136,111.9
0.0,0.138,111.9
0.0,0.179,111.9
0.0,0.241,111.9
0.0,0.305,111.9
0.0,0.398,111.9
0.0,0.473,111.9
0.0,0.506,111.9
0.027,0.498,111.9
0.124,0.495,111.9
0.269,0.494,111.9
0.412,0.432,111.9
0.546,0.346,111.9
0.6,0.287,111.9
0.641,0.259,111.9
0.612,0.235,111.9
0.591,0.194,111.9
0.485,0.133,111.9
0.339,0.084,111.9
0.097,0.038,111.9
0.038,0.291,111.9
0.0,0.469,111.9
0.0,0.512,111.9
0.0,0.613,111.9
0.0,0.559,111.9
0.0,0.416,111.9
0.0,0.291,111.9
0.0,0.273,111.9
0.0,0.323,111.9
0.0,0.358,111.9
0.0,0.376,111.9
0.0,0.375,111.9
0.021,0.379,111.9
0.136,0.374,111.9
0.336,0.391,111.9
0.514,0.41,111.9
0.647,0.341,111.9
0.732,0.266,111.9
0.768,0.24,111.9
0.767,0.234,111.9
0.718,0.245,111.9
0.624,0.249,111.9
0.483,0.219,111.9
0.304,0.161,111.9
0.121,0.11,111.9
0.014,0.082,111.9
0.0,0.096,111.9
0.0,0.108,111.9
0.0,0.147,111.9
0.0,0.179,111.9
0.0,0.163,111.9
0.0,0.113,111.9
0.0,0.063,111.9
0.0,0.035,111.9
0.0,0.029,111.9
0.0,0.031,111.9
0.023,0.035,111.9
0.131,0.036,111.9
0.305,0.044,111.9
0.491,0.061,111.9
0.628,0.065,111.9
0.712,0.072,111.9
0.75,0.115,111.9
0.72,0.184,111.9
0.69,0.251,111.9
0.583,0.305,111.9
0.426,0.334,111.9
0.246,0.335,111.9
0.093,0.323,111.9
0.01,0.286,111.9
0.0,0.237,111.9
0.0,0.222,111.9
0.0,0.223,111.9
0.0,0.216,111.9
0.0,0.201,111.9
0.0,0.18,111.9
0.0,0.156,111.9
0.0,0.133,111.9
0.0,0.122,111.9
0.0,0.093,111.9
0.021,0.055,111.9
0.106,0.039,111.9
0.291,0.061,111.9
0.448,0.097,111.9
0.578,0.143,111.9
0.686,0.195,111.9
0.727,0.251,111.9
0.705,0.321,111.9
0.553,0.362,111.9
0.457,0.361,111.9
0.451,0.378,111.9
0.285,0.386,111.9
0.093,0.376,111.9
0.014,0.374,111.9
0.0,0.356,111.9
0.0,0.355,111.9
0.0,0.343,111.9
0.0,0.337,111.9
0.0,0.373,111.9
0.0,0.397,111.9
0.0,0.42,111.9
0.0,0.376,111.9
0.0,0.275,111.9
0.0,0.176,111.9
0.008,0.141,111.9
0.098,0.139,111.9
0.277,0.118,111.9
0.385,0.082,111.9
0.491,0.053,111.9
0.647,0.041,111.9
0.688,0.068,111.9
0.67,0.118,111.9
0.626,0.157,111.9
0.55,0.193,111.9
0.445,0.192,111.9
0.293,0.139,111.9
0.118,0.086,111.9
0.013,0.081,111.9
0.0,0.101,111.9
0.0,0.122,111.9
0.0,0.152,111.9
0.0,0.191,111.9
0.0,0.22,111.9
0.0,0.202,111.9
0.0,0.161,111.9
0.0,0.123,111.9
0.0,0.097,111.9
0.0,0.096,111.9
0.019,0.098,111.9
0.131,0.087,111.9
0.32,0.093,111.9
0.49,0.075,111.9
0.621,0.1,111.9
0.704,0.146,111.9
0.743,0.192,111.9
0.739,0.244,111.9
0.691,0.284,111.9
0.6,0.305,111.9
0.464,0.318,111.9
0.294,0.323,111.9
0.115,0.332,111.9
0.011,0.34,111.9
0.0,0.303,111.9
0.0,0.248,111.9
0.0,0.179,111.9
0.0,0.136,111.9
0.0,0.12,111.9
0.0,0.105,111.9
0.0,0.091,111.9
0.0,0.086,111.9
0.0,0.084,111.9
0.0,0.071,111.9
0.019,0.051,111.9
0.119,0.047,111.9
0.303,0.058,111.9
0.462,0.08,111.9
0.595,0.107,111.9
0.661,0.136,111.9
0.662,0.178,111.9
0.63,0.224,111.9
0.611,0.261,111.9
0.582,0.291,111.9
0.436,0.311,111.9
0.265,0.333,111.9
0.103,0.337,111.9
0.01,0.349,111.9
0.0,0.351,111.9
0.0,0.314,111.9
0.0,0.278,111.9
0.0,0.254,111.9
0.0,0.244,111.9
0.0,0.23,111.9
0.0,0.182,111.9
0.0,0.128,111.9
0.0,0.075,111.9
0.0,0.035,111.9
0.018,0.016,111.9
0.12,0.008,111.9
0.3,0.024,111.9
0.471,0.056,111.9
0.584,0.097,111.9
0.688,0.156,111.9
0.742,0.225,111.9
0.738,0.251,111.9
0.686,0.246,111.9
0.584,0.215,111.9
0.449,0.164,111.9
0.278,0.112,111.9
0.109,0.068,111.9
0.01,0.016,111.9
0.0,0.009,111.9
0.0,0.035,111.9
0.0,0.14,111.9
0.0,0.285,111.9
0.0,0.337,111.9
0.0,0.281,111.9
0.0,0.18,111.9
0.0,0.109,111.9
0.0,0.071,111.9
0.0,0.055,111.9
0.016,0.046,111.9
0.113,0.042,111.9
0.277,0.058,111.9
0.458,0.097,111.9
0.589,0.141,111.9
0.69,0.192,111.9
0.713,0.233,111.9
0.728,0.23,111.9
0.679,0.214,111.9
0.59,0.22,111.9
0.451,0.268,111.9
0.269,0.289,111.9
0.11,0.31,111.9
0.008,0.309,111.9
0.0,0.289,111.9
0.0,0.283,111.9
0.0,0.287,111.9
0.0,0.279,111.9
0.0,0.254,111.9
0.0,0.228,111.9
0.0,0.201,111.9
0.0,0.177,111.9
0.0,0.148,111.9
0.0,0.129,111.9
0.017,0.12,111.9
0.113,0.079,111.9
0.308,0.029,111.9
0.487,0.013,111.9
0.618,0.013,111.9
0.701,0.026,111.9
0.715,0.065,111.9
0.643,0.107,111.9
0.558,0.133,111.9
0.461,0.141,111.9
0.347,0.143,111.9
0.214,0.135,111.9
0.088,0.134,111.9
0.005,0.144,111.9
0.0,0.137,111.9
0.0,0.118,111.9
0.0,0.096,111.9
0.0,0.067,111.9
0.0,0.046,111.9
0.0,0.055,111.9
0.0,0.078,111.9
0.0,0.092,111.9
0.0,0.101,111.9
0.0,0.106,111.9
0.018,0.104,111.9
0.124,0.054,111.9
0.176,0.028,111.9
0.141,0.065,111.9
0.178,0.081,111.9
0.211,0.179,111.9
0.261,0.208,111.9
0.331,0.121,111.9
0.331,0.14,111.9
0.328,0.142,111.9
0.336,0.118,111.9
0.231,0.099,111.9
0.078,0.084,111.9
0.0,0.181,111.9
0.0,0.249,111.9
0.0,0.144,111.9
0.0,0.197,111.9
0.0,0.103,111.9
0.0,0.076,111.9
0.0,0.179,111.9
0.0,0.201,111.9
0.0,0.149,111.9
0.0,0.096,111.9
0.0,0.085,111.9
0.005,0.152,111.9
0.06,0.251,111.9
0.186,0.162,111.9
0.353,0.087,111.9
0.484,0.088,111.9
0.575,0.099,111.9
0.625,0.108,111.9
0.635,0.107,111.9
0.578,0.101,111.9
0.472,0.097,111.9
0.323,0.103,111.9
0.18,0.11,111.9
0.057,0.098,111.9
0.001,0.076,111.9
0.0,0.048,111.9
0.0,0.03,111.9
0.0,0.035,111.9
0.0,0.039,111.9
0.0,0.021,111.9
0.0,0.023,111.9
0.0,0.049,111.9
0.0,0.011,111.9
0.0,0.013,111.9
0.0,0.013,111.9
0.01,0.027,111.9
0.104,0.037,111.9
0.258,0.018,111.9
0.38,0.006,111.9
0.504,0.003,111.9
0.572,0.041,111.9
0.638,0.111,111.9
0.686,0.197,111.9
0.651,0.245,111.9
0.556,0.241,111.9
0.421,0.218,111.9
0.255,0.21,111.9
0.095,0.218,111.9
0.003,0.203,111.9
0.0,0.159,111.9
0.0,0.128,111.9
0.0,0.151,111.9
0.0,0.178,111.9
0.0,0.153,111.9
0.0,0.101,111.9
0.0,0.068,111.9
0.0,0.057,111.9
0.0,0.07,111.9
0.0,0.102,111.9
0.01,0.141,111.9
0.113,0.148,111.9
0.287,0.145,111.9
0.455,0.145,111.9
0.587,0.137,111.9
0.673,0.106,111.9
0.712,0.082,111.9
0.716,0.09,111.9
0.666,0.076,111.9
0.57,0.092,111.9
0.437,0.144,111.9
0.265,0.172,111.9
0.096,0.206,111.9
0.003,0.201,111.9
0.0,0.155,111.9
0.0,0.111,111.9
0.0,0.088,111.9
0.0,0.089,111.9
0.0,0.085,111.9
0.0,0.094,111.9
0.0,0.118,111.9
0.0,0.112,111.9
0.0,0.074,111.9
0.0,0.048,111.9
0.01,0.042,111.9
0.105,0.026,111.9
0.26,0.008,111.9
0.436,0.004,111.9
0.581,0.008,111.9
0.667,0.028,111.9
0.706,0.074,111.9
0.701,0.11,111.9
0.652,0.155,111.9
0.556,0.179,111.9
0.386,0.277,111.9
0.217,0.374,111.9
0.07,0.3,111.9
0.0,0.28,111.9
0.0,0.347,111.9
0.0,0.31,111.9
0.0,0.203,111.9
0.0,0.115,111.9
0.0,0.093,111.9
0.0,0.08,111.9
0.0,0.051,111.9
0.0,0.022,111.9
0.0,0.011,111.9
0.0,0.013,111.9
0.008,0.02,111.9
0.087,0.025,111.9
0.216,0.047,111.9
0.377,0.079,111.9
0.555,0.099,111.9
0.639,0.094,111.9
0.672,0.092,111.9
0.667,0.106,111.9
0.617,0.123,111.9
0.52,0.144,111.9
0.365,0.158,111.9
0.193,0.201,111.9
0.062,0.245,111.9
0.0,0.178,111.9
0.0,0.083,111.9
0.0,0.129,111.9
0.0,0.189,111.9
0.0,0.246,111.9
0.0,0.233,111.9
0.0,0.231,111.9
0.0,0.258,111.9
0.0,0.269,111.9
0.0,0.211,111.9
0.0,0.175,111.9
0.007,0.171,111.9
0.106,0.145,111.9
0.283,0.083,111.9
0.458,0.041,111.9
0.595,0.034,111.9
0.685,0.037,111.9
0.729,0.028,111.9
0.734,0.084,111.9
0.687,0.213,111.9
0.598,0.302,111.9
0.463,0.351,111.9
0.285,0.367,111.9
0.1,0.367,111.9
0.001,0.358,111.9
0.0,0.332,111.9
0.0,0.31,111.9
0.0,0.22,111.9
0.0,0.133,111.9
0.0,0.072,111.9
0.0,0.018,111.9
0.0,0.017,111.9
0.0,0.015,111.9
0.0,0.012,111.9
0.0,0.009,111.9
0.006,0.008,111.9
0.118,0.03,111.9
0.313,0.045,111.9
0.496,0.04,111.9
0.63,0.031,111.9
0.717,0.035,111.9
0.757,0.062,111.9
0.754,0.109,111.9
0.705,0.158,111.9
0.612,0.2,111.9
0.472,0.238,111.9
0.292,0.28,111.9
0.1,0.338,111.9
0.0,0.388,111.9
0.0,0.386,111.9
0.0,0.315,111.9
0.0,0.256,111.9
0.0,0.238,111.9
0.0,0.243,111.9
0.0,0.234,111.9
0.0,0.228,111.9
0.0,0.2,111.9
0.0,0.159,111.9
0.0,0.175,111.9
0.006,0.182,111.9
0.117,0.179,111.9
0.314,0.153,111.9
0.496,0.123,111.9
0.632,0.077,111.9
0.718,0.049,111.9
0.756,0.049,111.9
0.751,0.067,111.9
0.702,0.088,111.9
0.608,0.123,111.9
0.469,0.172,111.9
0.288,0.22,111.9
0.098,0.274,111.9
0.0,0.35,111.9
0.0,0.349,111.9
0.0,0.264,111.9
0.0,0.18,111.9
0.0,0.139,111.9
0.0,0.118,111.9
0.0,0.101,111.9
0.0,0.086,111.9
0.0,0.076,111.9
0.0,0.058,111.9
0.0,0.036,111.9
0.002,0.019,111.9
0.068,0.003,111.9
0.18,0.002,111.9
0.316,0.005,111.9
0.509,0.018,111.9
0.572,0.035,111.9
0.574,0.077,111.9
0.532,0.126,111.9
0.483,0.14,111.9
0.377,0.132,111.9
0.275,0.112,111.9
0.17,0.099,111.9
0.067,0.108,111.9
0.0,0.141,111.9
0.0,0.154,111.9
0.0,0.138,111.9
0.0,0.132,111.9
0.0,0.131,111.9
0.0,0.131,111.9
0.0,0.117,111.9
0.0,0.105,111.9
0.0,0.095,111.9
0.0,0.082,111.9
0.0,0.071,111.9
0.005,0.062,111.9
0.106,0.058,111.9
0.27,0.081,111.9
0.45,0.112,111.9
0.605,0.155,111.9
0.694,0.209,111.9
0.736,0.264,111.9
0.732,0.305,111.9
0.685,0.325,111.9
0.59,0.328,111.9
0.451,0.323,111.9
0.272,0.308,111.9
0.092,0.288,111.9
0.0,0.262,111.9
0.0,0.235,111.9
0.0,0.211,111.9
0.0,0.179,111.9
0.0,0.167,111.9
0.0,0.161,111.9
0.0,0.166,111.9
0.0,0.179,111.9
0.0,0.194,111.9
0.0,0.18,111.9
0.0,0.154,111.9
0.001,0.124,111.9
0.079,0.107,111.9
0.222,0.094,111.9
0.465,0.093,111.9
0.61,0.112,111.9
0.698,0.154,111.9
0.738,0.214,111.9
0.735,0.286,111.9
0.686,0.355,111.9
0.592,0.384,111.9
0.452,0.385,111.9
0.274,0.358,111.9
0.091,0.294,111.9
0.0,0.212,111.9
0.0,0.146,111.9
0.0,0.098,111.9
0.0,0.067,111.9
0.0,0.055,111.9
0.0,0.063,111.9
0.0,0.079,111.9
0.0,0.09,111.9
0.0,0.09,111.9
0.0,0.083,111.9
0.0,0.074,111.9
0.003,0.067,111.9
0.104,0.046,111.9
0.282,0.035,111.9
0.453,0.018,111.9
0.593,0.016,111.9
0.678,0.03,111.9
0.714,0.037,111.9
0.708,0.058,111.9
0.661,0.101,111.9
0.568,0.192,111.9
0.422,0.275,111.9
0.247,0.321,111.9
0.071,0.336,111.9
0.0,0.311,111.9
0.0,0.194,111.9
0.0,0.145,111.9
0.0,0.184,111.9
0.0,0.206,111.9
0.0,0.164,111.9
0.0,0.119,111.9
0.0,0.096,111.9
0.0,0.091,111.9
0.0,0.089,111.9
0.0,0.089,111.9
0.002,0.081,111.9
0.097,0.059,111.9
0.256,0.053,111.9
0.404,0.069,111.9
0.529,0.093,111.9
0.622,0.134,111.9
0.67,0.197,111.9
0.662,0.241,111.9
0.554,0.249,111.9
0.437,0.218,111.9
0.338,0.175,111.9
0.182,0.221,111.9
0.057,0.249,111.9
0.0,0.334,111.9
0.0,0.339,111.9
0.0,0.223,111.9
0.0,0.131,111.9
0.0,0.099,111.9
0.0,0.093,111.9
0.0,0.106,111.9
0.0,0.13,111.9
0.0,0.123,111.9
0.0,0.093,111.9
0.0,0.065,111.9
0.002,0.045,111.9
0.1,0.023,111.9
0.276,0.038,111.9
0.45,0.082,111.9
0.586,0.121,111.9
0.66,0.132,111.9
0.685,0.123,111.9
0.654,0.108,111.9
0.586,0.147,111.9
0.435,0.229,111.9
0.259,0.272,111.9
0.141,0.308,111.9
0.043,0.339,111.9
0.0,0.347,111.9
0.0,0.325,111.9
0.0,0.294,111.9
0.0,0.261,111.9
0.0,0.239,111.9
0.0,0.208,111.9
0.0,0.178,111.9
0.0,0.161,111.9
0.0,0.15,111.9
0.0,0.148,111.9
0.0,0.144,111.9
0.0,0.14,111.9
0.033,0.123,111.9
0.084,0.114,111.9
0.138,0.123,111.9
0.185,0.142,111.9
0.23,0.164,111.9
0.253,0.184,111.9
0.246,0.192,111.9
0.217,0.174,111.9
0.178,0.136,111.9
0.126,0.095,111.9
0.087,0.072,111.9
0.043,0.064,111.9
0.0,0.073,111.9
0.0,0.106,111.9
0.0,0.123,111.9
0.0,0.114,111.9
0.0,0.104,111.9
0.0,0.096,111.9
0.0,0.085,111.9
0.0,0.068,111.9
0.0,0.048,111.9
0.0,0.028,111.9
0.0,0.015,111.9
0.0,0.01,111.9
0.099,0.008,111.9
0.276,0.011,111.9
0.436,0.017,111.9
0.508,0.018,111.9
0.558,0.026,111.9
0.582,0.083,111.9
0.576,0.151,111.9
0.517,0.209,111.9
0.452,0.254,111.9
0.385,0.293,111.9
0.236,0.347,111.9
0.076,0.441,111.9
0.0,0.519,111.9
0.0,0.47,111.9
0.0,0.353,111.9
0.0,0.244,111.9
0.0,0.149,111.9
0.0,0.098,111.9
0.0,0.081,111.9
0.0,0.066,111.9
0.0,0.047,111.9
0.0,0.033,111.9
0.0,0.047,111.9
0.0,0.104,111.9
0.104,0.16,111.9
0.296,0.236,111.9
0.475,0.314,111.9
0.61,0.339,111.9
0.696,0.334,111.9
0.735,0.31,111.9
0.725,0.269,111.9
0.674,0.251,111.9
0.578,0.296,111.9
0.433,0.388,111.9
0.254,0.457,111.9
0.077,0.457,111.9
0.0,0.449,111.9
0.0,0.364,111.9
0.0,0.216,111.9
0.0,0.089,111.9
0.0,0.047,111.9
0.0,0.178,111.9
0.0,0.3,111.9
0.0,0.347,111.9
0.0,0.358,111.9
0.0,0.337,111.9
0.0,0.294,111.9
0.0,0.245,111.9
0.065,0.192,111.9
0.191,0.13,111.9
0.373,0.084,111.9
0.547,0.039,111.9
0.699,0.021,111.9
0.745,0.022,111.9
0.74,0.04,111.9
0.69,0.085,111.9
0.593,0.172,111.9
0.449,0.319,111.9
0.266,0.449,111.9
0.08,0.583,111.9
0.0,0.599,111.9
0.0,0.54,111.9
0.0,0.459,111.9
0.0,0.355,111.9
0.0,0.262,111.9
0.0,0.188,111.9
0.0,0.142,111.9
0.0,0.11,111.9
0.0,0.093,111.9
0.0,0.088,111.9
0.0,0.083,111.9
0.0,0.074,111.9
0.089,0.064,111.9
0.226,0.085,111.9
0.372,0.119,111.9
0.505,0.151,111.9
0.61,0.179,111.9
0.683,0.212,111.9
0.668,0.251,111.9
0.621,0.295,111.9
0.529,0.337,111.9
0.4,0.362,111.9
0.233,0.368,111.9
0.068,0.375,111.9
0.0,0.358,111.9
0.0,0.308,111.9
0.0,0.28,111.9
0.0,0.272,111.9
0.0,0.272,111.9
0.0,0.264,111.9
0.0,0.249,111.9
0.0,0.231,111.9
0.0,0.213,111.9
0.0,0.187,111.9
0.0,0.157,111.9
0.0,0.137,111.9
0.057,0.115,111.9
0.152,0.114,111.9
0.223,0.131,111.9
0.257,0.147,111.9
0.295,0.152,111.9
0.314,0.148,111.9
0.333,0.139,111.9
0.345,0.125,111.9
0.3,0.105,111.9
0.182,0.093,111.9
0.091,0.087,111.9
0.029,0.087,111.9
0.0,0.101,111.9
0.0,0.106,111.9
0.0,0.096,111.9
0.0,0.075,111.9
0.0,0.055,111.9
0.0,0.039,111.9
0.0,0.025,111.9
0.0,0.012,111.9
0.0,0.005,111.9
0.0,0.006,111.9
0.0,0.014,111.9
0.0,0.026,111.9
0.084,0.035,111.9
0.243,0.04,111.9
0.416,0.045,111.9
0.556,0.041,111.9
0.637,0.028,111.9
0.673,0.034,111.9
0.677,0.067,111.9
0.596,0.117,111.9
0.453,0.157,111.9
0.277,0.181,111.9
0.185,0.185,111.9
0.06,0.188,111.9
0.0,0.217,111.9
0.0,0.261,111.9
0.0,0.308,111.9
0.0,0.32,111.9
0.0,0.319,111.9
0.0,0.33,111.9
0.0,0.325,111.9
0.0,0.278,111.9
0.0,0.246,111.9
0.0,0.265,111.9
0.0,0.31,111.9
0.0,0.387,111.9
0.035,0.429,111.9
0.09,0.41,111.9
0.172,0.403,111.9
0.265,0.417,111.9
0.34,0.469,111.9
0.466,0.527,111.9
0.613,0.579,111.9
0.596,0.61,111.9
0.477,0.62,111.9
0.273,0.603,111.9
0.148,0.55,111.9
0.051,0.45,111.9
0.0,0.395,111.9
0.0,0.379,111.9
0.0,0.47,111.9
0.0,0.636,111.9
0.0,0.362,111.9
0.0,0.525,111.9
0.0,0.609,111.9
0.0,0.537,111.9
0.0,0.459,111.9
0.0,0.394,111.9
0.0,0.354,111.9
0.0,0.36,111.9
0.03,0.38,111.9
0.152,0.381,111.9
0.287,0.315,111.9
0.381,0.232,111.9
0.462,0.181,111.9
0.494,0.121,111.9
0.543,0.063,111.9
0.546,0.032,111.9
0.515,0.019,111.9
0.391,0.017,111.9
0.231,0.029,111.9
0.065,0.054,111.9
0.0,0.1,111.9
0.0,0.149,111.9
0.0,0.187,111.9
0.0,0.223,111.9
0.0,0.238,111.9
0.0,0.227,111.9
0.0,0.227,111.9
0.0,0.231,111.9
0.0,0.232,111.9
0.0,0.193,111.9
0.0,0.144,111.9
0.0,0.1,111.9
0.083,0.067,111.9
0.254,0.035,111.9
0.422,0.021,111.9
0.542,0.006,111.9
0.613,0.003,111.9
0.641,0.003,111.9
0.636,0.003,111.9
0.601,0.002,111.9
0.506,0.002,111.9
0.377,0.003,111.9
0.217,0.013,111.9
0.06,0.062,111.9
0.0,0.111,111.9
0.0,0.122,111.9
0.0,0.101,111.9
0.0,0.076,111.9
0.0,0.068,111.9
0.0,0.073,111.9
0.0,0.086,111.9
0.0,0.1,111.9
0.0,0.113,111.9
0.0,0.124,111.9
0.0,0.127,111.9
0.0,0.127,111.9
0.081,0.105,111.9
0.259,0.085,111.9
0.457,0.072,111.9
0.603,0.05,111.9
0.694,0.03,111.9
0.737,0.017,111.9
0.736,0.011,111.9
0.684,0.013,111.9
0.581,0.022,111.9
0.432,0.045,111.9
0.249,0.108,111.9
0.065,0.146,111.9
0.0,0.196,111.9
0.0,0.186,111.9
0.0,0.155,111.9
0.0,0.132,111.9
0.0,0.112,111.9
0.0,0.092,111.9
0.0,0.073,111.9
0.0,0.061,111.9
0.0,0.054,111.9
0.0,0.045,111.9
0.0,0.035,111.9
0.0,0.026,111.9
0.063,0.02,111.9
0.197,0.022,111.9
0.327,0.035,111.9
0.462,0.049,111.9
0.494,0.067,111.9
0.542,0.084,111.9
0.607,0.099,111.9
0.568,0.116,111.9
0.451,0.135,111.9
0.318,0.153,111.9
0.18,0.168,111.9
0.054,0.186,111.9
0.0,0.2,111.9
0.0,0.187,111.9
0.0,0.167,111.9
0.0,0.148,111.9
0.0,0.128,111.9
0.0,0.103,111.9
0.0,0.086,111.9
0.0,0.085,111.9
0.0,0.102,111.9
0.0,0.133,111.9
0.0,0.156,111.9
0.0,0.144,111.9
0.062,0.096,111.9
0.225,0.063,111.9
0.419,0.056,111.9
0.55,0.09,111.9
0.603,0.158,111.9
0.539,0.251,111.9
0.45,0.34,111.9
0.397,0.364,111.9
0.389,0.312,111.9
0.29,0.281,111.9
0.164,0.305,111.9
0.048,0.315,111.9
0.0,0.27,111.9
0.0,0.252,111.9
0.0,0.276,111.9
0.0,0.332,111.9
0.0,0.411,111.9
0.0,0.459,111.9
0.0,0.449,111.9
0.0,0.38,111.9
0.0,0.346,111.9
0.0,0.349,111.9
0.0,0.355,111.9
0.0,0.328,111.9
0.022,0.363,111.9
0.103,0.317,111.9
0.188,0.232,111.9
0.425,0.153,111.9
0.624,0.134,111.9
0.656,0.155,111.9
0.503,0.207,111.9
0.312,0.27,111.9
0.246,0.296,111.9
0.184,0.274,111.9
0.098,0.219,111.9
0.029,0.16,111.9
0.0,0.125,111.9
0.0,0.129,111.9
0.0,0.118,111.9
0.0,0.096,111.9
0.0,0.071,111.9
0.0,0.054,111.9
0.0,0.045,111.9
0.0,0.078,111.9
0.0,0.187,111.9
0.0,0.267,111.9
0.0,0.286,111.9
0.0,0.279,111.9
0.072,0.233,111.9
0.255,0.206,111.9
0.432,0.179,111.9
0.596,0.153,111.9
0.694,0.133,111.9
0.738,0.122,111.9
0.739,0.121,111.9
0.684,0.122,111.9
0.578,0.121,111.9
0.417,0.122,111.9
0.226,0.127,111.9
0.051,0.167,111.9
0.0,0.217,111.9
0.0,0.21,111.9
0.0,0.177,111.9
0.0,0.161,111.9
0.0,0.157,111.9
0.0,0.147,111.9
0.0,0.134,111.9
0.0,0.127,111.9
0.0,0.143,111.9
0.0,0.178,111.9
0.0,0.175,111.9
0.0,0.156,111.9
0.072,0.133,111.9
0.26,0.121,111.9
0.437,0.108,111.9
0.561,0.093,111.9
0.653,0.075,111.9
0.685,0.062,111.9
0.67,0.054,111.9
0.605,0.049,111.9
0.451,0.054,111.9
0.251,0.063,111.9
0.115,0.085,111.9
0.023,0.133,111.9
0.0,0.189,111.9
0.0,0.192,111.9
0.0,0.149,111.9
0.0,0.101,111.9
0.0,0.076,111.9
0.0,0.073,111.9
0.0,0.067,111.9
0.0,0.057,111.9
0.0,0.045,111.9
0.0,0.027,111.9
0.0,0.017,111.9
0.0,0.022,111.9
0.082,0.041,111.9
0.265,0.067,111.9
0.439,0.078,111.9
0.571,0.064,111.9
0.695,0.038,111.9
0.743,0.027,111.9
0.736,0.019,111.9
0.681,0.014,111.9
0.549,0.028,111.9
0.385,0.062,111.9
0.224,0.144,111.9
0.046,0.235,111.9
0.0,0.318,111.9
0.0,0.326,111.9
0.0,0.29,111.9
0.0,0.219,111.9
0.0,0.145,111.9
0.0,0.09,111.9
0.0,0.053,111.9
0.0,0.031,111.9
0.0,0.021,111.9
0.0,0.015,111.9
0.0,0.008,111.9
0.0,0.003,111.9
0.066,0.003,111.9
0.243,0.002,111.9
0.448,0.007,111.9
0.603,0.019,111.9
0.694,0.038,111.9
0.732,0.072,111.9
0.713,0.122,111.9
0.628,0.16,111.9
0.504,0.18,111.9
0.304,0.187,111.9
0.113,0.185,111.9
0.014,0.184,111.9
0.0,0.177,111.9
0.0,0.162,111.9
0.0,0.153,111.9
0.0,0.137,111.9
0.0,0.127,111.9
0.0,0.107,111.9
0.0,0.084,111.9
0.0,0.071,111.9
0.0,0.064,111.9
0.0,0.066,111.9
0.0,0.073,111.9
0.0,0.079,111.9
0.033,0.087,111.9
0.11,0.088,111.9
0.209,0.103,111.9
0.26,0.112,111.9
0.314,0.111,111.9
0.401,0.104,111.9
0.542,0.103,111.9
0.625,0.116,111.9
0.542,0.137,111.9
0.399,0.146,111.9
0.212,0.143,111.9
0.046,0.158,111.9
0.0,0.191,111.9
0.0,0.186,111.9
0.0,0.167,111.9
0.0,0.144,111.9
0.0,0.121,111.9
0.0,0.105,111.9
0.0,0.102,111.9
0.0,0.114,111.9
0.0,0.14,111.9
0.0,0.177,111.9
0.0,0.221,111.9
0.0,0.296,111.9
0.063,0.346,111.9
0.224,0.432,111.9
0.346,0.496,111.9
0.543,0.447,111.9
0.615,0.374,111.9
0.443,0.379,111.9
0.519,0.432,111.9
0.554,0.448,111.9
0.249,0.404,111.9
0.152,0.386,111.9
0.049,0.401,111.9
0.004,0.447,111.9
0.0,0.438,111.9
0.0,0.376,111.9
0.0,0.361,111.9
0.0,0.374,111.9
0.0,0.323,111.9
0.0,0.231,111.9
0.0,0.188,111.9
0.0,0.175,111.9
0.0,0.186,111.9
0.0,0.151,111.9
0.0,0.092,111.9
0.0,0.088,111.9
0.007,0.082,111.9
0.057,0.067,111.9
0.302,0.069,111.9
0.347,0.102,111.9
0.382,0.138,111.9
0.243,0.133,111.9
0.197,0.098,111.9
0.191,0.05,111.9
0.15,0.021,111.9
0.121,0.017,111.9
0.113,0.037,111.9
0.017,0.068,111.9
0.0,0.088,111.9
0.0,0.142,111.9
0.0,0.282,111.9
0.0,0.42,111.9
0.0,0.401,111.9
0.0,0.355,111.9
0.0,0.303,111.9
0.0,0.241,111.9
0.0,0.214,111.9
0.0,0.261,111.9
0.0,0.223,111.9
0.0,0.055,111.9
0.006,0.032,111.9
0.036,0.044,111.9
0.318,0.022,111.9
0.582,0.052,111.9
0.291,0.17,111.9
0.149,0.337,111.9
0.158,0.264,111.9
0.311,0.25,111.9
0.503,0.158,111.9
0.308,0.119,111.9
0.121,0.093,111.9
0.019,0.098,111.9
0.0,0.137,111.9
0.0,0.147,111.9
0.0,0.126,111.9
0.0,0.184,111.9
0.0,0.309,111.9
0.0,0.395,111.9
0.0,0.334,111.9
0.0,0.201,111.9
0.0,0.094,111.9
0.0,0.068,111.9
0.0,0.09,111.9
0.0,0.114,111.9
0.05,0.135,111.9
0.184,0.133,111.9
0.333,0.114,111.9
0.486,0.086,111.9
0.603,0.063,111.9
0.643,0.066,111.9
0.613,0.09,111.9
0.558,0.138,111.9
0.455,0.199,111.9
0.311,0.22,111.9
0.149,0.201,111.9
0.025,0.155,111.9
0.0,0.119,111.9
0.0,0.101,111.9
0.0,0.095,111.9
0.0,0.106,111.9
0.0,0.137,111.9
0.0,0.165,111.9
0.0,0.192,111.9
0.0,0.221,111.9
0.0,0.259,111.9
0.0,0.285,111.9
0.0,0.294,111.9
0.0,0.293,111.9
0.07,0.27,111.9
0.278,0.254,111.9
0.472,0.221,111.9
0.617,0.194,111.9
0.709,0.179,111.9
0.751,0.171,111.9
0.744,0.172,111.9
0.69,0.187,111.9
0.583,0.203,111.9
0.426,0.209,111.9
0.23,0.22,111.9
0.04,0.264,111.9
0.0,0.332,111.9
0.0,0.352,111.9
0.0,0.344,111.9
0.0,0.313,111.9
0.0,0.264,111.9
0.0,0.202,111.9
0.0,0.147,111.9
0.0,0.109,111.9
0.0,0.088,111.9
0.0,0.079,111.9
0.0,0.077,111.9
0.0,0.074,111.9
0.04,0.066,111.9
0.234,0.059,111.9
0.424,0.083,111.9
0.564,0.108,111.9
0.66,0.127,111.9
0.705,0.138,111.9
0.689,0.134,111.9
0.62,0.119,111.9
0.491,0.096,111.9
0.338,0.079,111.9
0.171,0.071,111.9
0.019,0.084,111.9
0.0,0.152,111.9
0.0,0.329,111.9
0.0,0.594,111.9
0.0,0.697,111.9
0.0,0.668,111.9
0.0,0.692,111.9
0.0,0.757,111.9
0.0,0.793,111.9
0.0,0.793,111.9
0.0,0.788,111.9
0.0,0.799,111.9
0.0,0.817,111.9
0.081,0.825,111.9
0.306,0.82,111.9
0.506,0.762,111.9
0.652,0.63,111.9
0.745,0.474,111.9
0.786,0.364,111.9
0.777,0.297,111.9
0.721,0.26,111.9
0.616,0.247,111.9
0.458,0.266,111.9
0.251,0.305,111.9
0.043,0.344,111.9
0.0,0.391,111.9
0.0,0.398,111.9
0.0,0.398,111.9
0.0,0.415,111.9
0.0,0.403,111.9
0.0,0.376,111.9
0.0,0.36,111.9
0.0,0.379,111.9
0.0,0.449,111.9
0.0,0.535,111.9
0.0,0.615,111.9
0.0,0.645,111.9
0.051,0.654,111.9
0.203,0.654,111.9
0.4,0.668,111.9
0.541,0.658,111.9
0.608,0.595,111.9
0.645,0.55,111.9
0.691,0.519,111.9
0.669,0.484,111.9
0.587,0.448,111.9
0.436,0.408,111.9
0.237,0.348,111.9
0.035,0.261,111.9
0.0,0.207,111.9
0.0,0.163,111.9
0.0,0.029,111.9
0.0,0.117,111.9
0.0,0.194,111.9
0.0,0.237,111.9
0.0,0.219,111.9
0.0,0.2,111.9
0.0,0.122,111.9
0.0,0.051,111.9
0.0,0.028,111.9
0.0,0.027,111.9
0.005,0.055,111.9
0.077,0.051,111.9
0.127,0.068,111.9
0.189,0.068,111.9
0.212,0.066,111.9
0.279,0.069,111.9
0.383,0.071,111.9
0.413,0.067,111.9
0.322,0.053,111.9
0.257,0.045,111.9
0.147,0.044,111.9
0.022,0.036,111.9
0.0,0.014,111.9
0.0,0.016,111.9
0.0,0.034,111.9
0.0,0.065,111.9
0.0,0.111,111.9
0.0,0.149,111.9
0.0,0.186,111.9
0.0,0.263,111.9
0.0,0.377,111.9
0.0,0.484,111.9
0.0,0.552,111.9
0.0,0.586,111.9
0.042,0.599,111.9
0.201,0.552,111.9
0.374,0.58,111.9
0.541,0.553,111.9
0.644,0.53,111.9
0.697,0.538,111.9
0.691,0.571,111.9
0.626,0.603,111.9
0.511,0.625,111.9
0.343,0.635,111.9
0.156,0.625,111.9
0.018,0.579,111.9
0.0,0.537,111.9
0.0,0.476,111.9
0.0,0.395,111.9
0.0,0.352,111.9
0.0,0.358,111.9
0.0,0.394,111.9
0.0,0.441,111.9
0.0,0.494,111.9
0.0,0.556,111.9
0.0,0.624,111.9
0.0,0.663,111.9
0.0,0.676,111.9
0.015,0.639,111.9
0.105,0.572,111.9
0.243,0.615,111.9
0.392,0.619,111.9
0.519,0.606,111.9
0.607,0.613,111.9
0.658,0.61,111.9
0.645,0.592,111.9
0.561,0.565,111.9
0.414,0.537,111.9
0.212,0.516,111.9
0.026,0.486,111.9
0.0,0.47,111.9
0.0,0.45,111.9
0.0,0.444,111.9
0.0,0.458,111.9
0.0,0.481,111.9
0.0,0.498,111.9
0.0,0.516,111.9
0.0,0.523,111.9
0.0,0.523,111.9
0.0,0.538,111.9
0.0,0.538,111.9
0.0,0.479,111.9
0.032,0.401,111.9
0.107,0.383,111.9
0.103,0.504,111.9
0.142,0.578,111.9
0.38,0.455,111.9
0.543,0.321,111.9
0.507,0.251,111.9
0.383,0.219,111.9
0.297,0.192,111.9
0.171,0.185,111.9
0.075,0.21,111.9
0.003,0.242,111.9
0.0,0.252,111.9
0.0,0.228,111.9
0.0,0.193,111.9
0.0,0.153,111.9
0.0,0.139,111.9
0.0,0.148,111.9
0.0,0.083,111.9
0.0,0.03,111.9
0.0,0.026,111.9
0.0,0.054,111.9
0.0,0.138,111.9
0.0,0.198,111.9
0.013,0.129,111.9
0.125,0.039,111.9
0.273,0.002,111.9
0.397,0.028,111.9
0.498,0.055,111.9
0.551,0.081,111.9
0.547,0.108,111.9
0.496,0.139,111.9
0.405,0.156,111.9
0.265,0.163,111.9
0.114,0.153,111.9
0.007,0.135,111.9
0.0,0.127,111.9
0.0,0.118,111.9
0.0,0.107,111.9
0.0,0.127,111.9
0.0,0.189,111.9
0.0,0.266,111.9
0.0,0.355,111.9
0.0,0.469,111.9
0.0,0.57,111.9
0.0,0.636,111.9
0.0,0.663,111.9
0.0,0.651,111.9
0.032,0.615,111.9
0.234,0.54,111.9
0.453,0.562,111.9
0.608,0.529,111.9
0.705,0.444,111.9
0.748,0.37,111.9
0.739,0.308,111.9
0.682,0.272,111.9
0.56,0.251,111.9
0.382,0.214,111.9
0.157,0.166,111.9
0.017,0.109,111.9
0.0,0.063,111.9
0.0,0.036,111.9
0.0,0.019,111.9
0.0,0.01,111.9
0.0,0.004,111.9
0.0,0.002,111.9
0.0,0.002,111.9
0.0,0.001,111.9
0.0,0.007,111.9
0.0,0.025,111.9
0.0,0.058,111.9
0.0,0.107,111.9
0.035,0.179,111.9
0.21,0.207,111.9
0.456,0.259,111.9
0.616,0.282,111.9
0.708,0.253,111.9
0.712,0.217,111.9
0.701,0.203,111.9
0.692,0.203,111.9
0.591,0.186,111.9
0.43,0.138,111.9
0.228,0.095,111.9
0.023,0.087,111.9
0.0,0.081,111.9
0.0,0.075,111.9
0.0,0.089,111.9
0.0,0.103,111.9
0.0,0.1,111.9
0.0,0.087,111.9
0.0,0.071,111.9
0.0,0.057,111.9
0.0,0.049,111.9
0.0,0.041,111.9
0.0,0.033,111.9
0.0,0.031,111.9
0.029,0.031,111.9
0.174,0.05,111.9
0.356,0.122,111.9
0.488,0.2,111.9
0.576,0.249,111.9
0.615,0.294,111.9
0.611,0.33,111.9
0.561,0.343,111.9
0.451,0.332,111.9
0.254,0.3,111.9
0.07,0.256,111.9
0.0,0.219,111.9
0.0,0.18,111.9
0.0,0.129,111.9
0.0,0.088,111.9
0.0,0.062,111.9
0.0,0.042,111.9
0.0,0.031,111.9
0.0,0.042,111.9
0.0,0.112,111.9
0.0,0.22,111.9
0.0,0.295,111.9
0.0,0.317,111.9
0.0,0.309,111.9
0.04,0.225,111.9
0.241,0.121,111.9
0.444,0.03,111.9
0.576,0.02,111.9
0.618,0.048,111.9
0.556,0.064,111.9
0.491,0.081,111.9
0.435,0.099,111.9
0.461,0.112,111.9
0.413,0.118,111.9
0.213,0.127,111.9
0.017,0.157,111.9
0.0,0.172,111.9
0.0,0.174,111.9
0.0,0.167,111.9
0.0,0.142,111.9
0.0,0.112,111.9
0.0,0.081,111.9
0.0,0.061,111.9
0.0,0.051,111.9
0.0,0.036,111.9
0.0,0.042,111.9
0.0,0.07,111.9
0.0,0.085,111.9
0.03,0.104,111.9
0.195,0.127,111.9
0.445,0.145,111.9
0.608,0.142,111.9
0.695,0.123,111.9
0.708,0.11,111.9
0.691,0.112,111.9
0.607,0.112,111.9
0.333,0.118,111.9
0.155,0.125,111.9
0.065,0.138,111.9
0.002,0.169,111.9
0.0,0.183,111.9
0.0,0.161,111.9
0.0,0.125,111.9
0.0,0.08,111.9
0.0,0.041,111.9
0.0,0.017,111.9
0.0,0.009,111.9
0.0,0.011,111.9
0.0,0.016,111.9
0.0,0.025,111.9
0.0,0.032,111.9
0.0,0.036,111.9
0.015,0.039,111.9
0.145,0.022,111.9
0.403,0.022,111.9
0.536,0.045,111.9
0.619,0.031,111.9
0.6,0.008,111.9
0.476,0.002,111.9
0.457,0.002,111.9
0.444,0.002,111.9
0.288,0.002,111.9
0.141,0.013,111.9
0.008,0.113,111.9
0.0,0.162,111.9
0.0,0.156,111.9
0.0,0.135,111.9
0.0,0.096,111.9
0.0,0.054,111.9
0.0,0.029,111.9
0.0,0.024,111.9
0.0,0.038,111.9
0.0,0.054,111.9
0.0,0.062,111.9
0.0,0.074,111.9
0.0,0.085,111.9
0.02,0.111,111.9
0.178,0.126,111.9
0.367,0.156,111.9
0.586,0.2,111.9
0.679,0.233,111.9
0.72,0.265,111.9
0.72,0.321,111.9
0.645,0.361,111.9
0.513,0.382,111.9
0.367,0.42,111.9
0.166,0.459,111.9
0.007,0.491,111.9
0.0,0.532,111.9
0.0,0.612,111.9
0.0,0.672,111.9
0.0,0.717,111.9
0.0,0.739,111.9
0.0,0.718,111.9
0.0,0.69,111.9
0.0,0.601,111.9
0.0,0.544,111.9
0.0,0.516,111.9
0.0,0.578,111.9
0.0,0.672,111.9
0.01,0.722,111.9
0.122,0.722,111.9
0.343,0.731,111.9
0.548,0.674,111.9
0.665,0.573,111.9
0.714,0.476,111.9
0.689,0.41,111.9
0.594,0.378,111.9
0.461,0.365,111.9
0.334,0.338,111.9
0.136,0.251,111.9
0.002,0.213,111.9
0.0,0.56,111.9
0.0,0.824,111.9
0.0,0.866,111.9
0.0,0.819,111.9
0.0,0.731,111.9
0.0,0.623,111.9
0.0,0.447,111.9
0.0,0.278,111.9
0.0,0.141,111.9
0.0,0.091,111.9
0.0,0.117,111.9
0.0,0.126,111.9
0.0,0.144,111.9
0.037,0.148,111.9
0.101,0.128,111.9
0.193,0.1,111.9
0.266,0.095,111.9
0.524,0.091,111.9
0.646,0.074,111.9
0.527,0.08,111.9
0.365,0.105,111.9
0.294,0.12,111.9
0.176,0.144,111.9
0.008,0.186,111.9
0.0,0.23,111.9
0.0,0.281,111.9
0.0,0.362,111.9
0.0,0.454,111.9
0.0,0.523,111.9
0.0,0.553,111.9
0.0,0.56,111.9
0.0,0.559,111.9
0.0,0.55,111.9
0.0,0.539,111.9
0.0,0.532,111.9
0.0,0.528,111.9
0.039,0.501,111.9
0.259,0.383,111.9
0.472,0.389,111.9
0.626,0.414,111.9
0.721,0.403,111.9
0.762,0.393,111.9
0.75,0.373,111.9
0.687,0.369,111.9
0.572,0.394,111.9
0.4,0.432,111.9
0.191,0.44,111.9
0.006,0.467,111.9
0.0,0.504,111.9
0.0,0.532,111.9
0.0,0.61,111.9
0.0,0.696,111.9
0.0,0.741,111.9
0.0,0.75,111.9
0.0,0.746,111.9
0.0,0.737,111.9
0.0,0.742,111.9
0.0,0.731,111.9
0.0,0.702,111.9
0.0,0.644,111.9
0.014,0.533,111.9
0.196,0.345,111.9
0.379,0.181,111.9
0.572,0.071,111.9
0.535,0.036,111.9
0.512,0.008,111.9
0.564,0.011,111.9
0.513,0.017,111.9
0.524,0.043,111.9
0.412,0.07,111.9
0.202,0.101,111.9
0.006,0.155,111.9
0.0,0.173,111.9
0.0,0.153,111.9
0.0,0.119,111.9
0.0,0.094,111.9
0.0,0.087,111.9
0.0,0.083,111.9
0.0,0.085,111.9
0.0,0.091,111.9
0.0,0.082,111.9
0.0,0.058,111.9
0.0,0.034,111.9
0.0,0.018,111.9
0.022,0.015,111.9
0.205,0.005,111.9
0.415,0.002,111.9
0.601,0.003,111.9
0.703,0.003,111.9
0.749,0.001,111.9
0.743,0.001,111.9
0.691,0.001,111.9
0.582,0.002,111.9
0.419,0.025,111.9
0.207,0.111,111.9
0.005,0.205,111.9
0.0,0.254,111.9
0.0,0.284,111.9
0.0,0.323,111.9
0.0,0.323,111.9
0.0,0.298,111.9
0.0,0.279,111.9
0.0,0.279,111.9
0.0,0.278,111.9
0.0,0.27,111.9
0.0,0.259,111.9
0.0,0.235,111.9
0.0,0.215,111.9
0.0,0.2,111.9
0.065,0.173,111.9
0.233,0.179,111.9
0.303,0.191,111.9
0.4,0.184,111.9
0.489,0.169,111.9
0.432,0.16,111.9
0.37,0.158,111.9
0.369,0.167,111.9
0.279,0.183,111.9
0.137,0.206,111.9
0.002,0.243,111.9
0.0,0.241,111.9
0.0,0.199,111.9
0.0,0.149,111.9
0.0,0.113,111.9
0.0,0.1,111.9
0.0,0.109,111.9
0.0,0.122,111.9
0.0,0.124,111.9
0.0,0.107,111.9
0.0,0.081,111.9
0.0,0.051,111.9
0.0,0.028,111.9
0.004,0.008,111.9
0.083,0.01,111.9
0.187,0.016,111.9
0.274,0.023,111.9
0.303,0.024,111.9
0.322,0.018,111.9
0.358,0.012,111.9
0.409,0.009,111.9
0.385,0.005,111.9
0.321,0.019,111.9
0.158,0.081,111.9
0.001,0.148,111.9
0.0,0.174,111.9
0.0,0.146,111.9
0.0,0.114,111.9
0.0,0.082,111.9
0.0,0.054,111.9
0.0,0.037,111.9
0.0,0.026,111.9
0.0,0.018,111.9
0.0,0.006,111.9
0.0,0.002,111.9
0.0,0.003,111.9
0.0,0.007,111.9
0.007,0.018,111.9
0.135,0.03,111.9
0.273,0.039,111.9
0.399,0.041,111.9
0.5,0.042,111.9
0.598,0.037,111.9
0.623,0.031,111.9
0.58,0.017,111.9
0.528,0.008,111.9
0.393,0.015,111.9
0.181,0.08,111.9
0.0,0.156,111.9
0.0,0.2,111.9
0.0,0.181,111.9
0.0,0.138,111.9
0.0,0.101,111.9
0.0,0.069,111.9
0.0,0.042,111.9
0.0,0.023,111.9
0.0,0.022,111.9
0.0,0.053,111.9
0.0,0.125,111.9
0.0,0.227,111.9
0.0,0.311,111.9
0.014,0.352,111.9
0.205,0.334,111.9
0.437,0.294,111.9
0.61,0.228,111.9
0.718,0.137,111.9
0.768,0.054,111.9
0.764,0.012,111.9
0.709,0.002,111.9
0.598,0.006,111.9
0.429,0.043,111.9
0.209,0.114,111.9
0.001,0.17,111.9
0.0,0.156,111.9
0.0,0.115,111.9
0.0,0.082,111.9
0.0,0.061,111.9
0.0,0.051,111.9
0.0,0.055,111.9
0.0,0.07,111.9
0.0,0.102,111.9
0.0,0.168,111.9
0.0,0.266,111.9
0.0,0.367,111.9
0.0,0.438,111.9
0.019,0.484,111.9
0.238,0.427,111.9
0.466,0.38,111.9
0.629,0.322,111.9
0.728,0.261,111.9
0.771,0.193,111.9
0.761,0.134,111.9
0.702,0.095,111.9
0.591,0.073,111.9
0.423,0.079,111.9
0.205,0.12,111.9
0.0,0.153,111.9
0.0,0.132,111.9
0.0,0.1,111.9
0.0,0.079,111.9
0.0,0.07,111.9
0.0,0.061,111.9
0.0,0.045,111.9
0.0,0.015,111.9
0.0,0.037,111.9
0.0,0.051,111.9
0.0,0.046,111.9
0.0,0.038,111.9
0.0,0.044,111.9
0.003,0.061,111.9
0.128,0.076,111.9
0.257,0.066,111.9
0.325,0.073,111.9
0.46,0.104,111.9
0.481,0.135,111.9
0.429,0.149,111.9
0.418,0.179,111.9
0.348,0.217,111.9
0.282,0.241,111.9
0.112,0.294,111.9
0.0,0.352,111.9
0.0,0.341,111.9
0.0,0.281,111.9
0.0,0.22,111.9
0.0,0.171,111.9
0.0,0.14,111.9
0.0,0.134,111.9
0.0,0.148,111.9
0.0,0.154,111.9
0.0,0.153,111.9
0.0,0.121,111.9
0.0,0.084,111.9
0.0,0.061,111.9
0.001,0.053,111.9
0.129,0.034,111.9
0.315,0.014,111.9
0.477,0.018,111.9
0.576,0.042,111.9
0.648,0.071,111.9
0.596,0.111,111.9
0.595,0.157,111.9
0.443,0.201,111.9
0.28,0.237,111.9
0.121,0.273,111.9
0.0,0.329,111.9
0.0,0.355,111.9
0.0,0.334,111.9
0.0,0.3,111.9
0.0,0.282,111.9
0.0,0.284,111.9
0.0,0.285,111.9
0.0,0.305,111.9
0.0,0.323,111.9
0.0,0.342,111.9
0.0,0.355,111.9
0.0,0.357,111.9
0.0,0.352,111.9
0.0,0.34,111.9
0.061,0.305,111.9
0.139,0.289,111.9
0.204,0.261,111.9
0.226,0.208,111.9
0.235,0.157,111.9
0.261,0.131,111.9
0.303,0.121,111.9
0.296,0.108,111.9
0.22,0.094,111.9
0.077,0.094,111.9
0.0,0.118,111.9
0.0,0.13,111.9
0.0,0.105,111.9
0.0,0.065,111.9
0.0,0.043,111.9
0.0,0.047,111.9
0.0,0.067,111.9
0.0,0.095,111.9
0.0,0.12,111.9
0.0,0.129,111.9
0.0,0.112,111.9
0.0,0.028,111.9
0.0,0.018,111.9
0.004,0.016,111.9
0.175,0.014,111.9
0.387,0.017,111.9
0.572,0.038,111.9
0.636,0.049,111.9
0.673,0.059,111.9
0.646,0.062,111.9
0.519,0.05,111.9
0.358,0.075,111.9
0.24,0.084,111.9
0.075,0.107,111.9
0.0,0.162,111.9
0.0,0.193,111.9
0.0,0.186,111.9
0.0,0.165,111.9
0.0,0.155,111.9
0.0,0.155,111.9
0.0,0.14,111.9
0.0,0.128,111.9
0.0,0.124,111.9
0.0,0.118,111.9
0.0,0.115,111.9
0.0,0.12,111.9
0.0,0.126,111.9
0.0,0.125,111.9
0.121,0.114,111.9
0.3,0.107,111.9
0.52,0.115,111.9
0.592,0.116,111.9
0.57,0.124,111.9
0.499,0.141,111.9
0.418,0.153,111.9
0.309,0.144,111.9
0.206,0.127,111.9
0.059,0.118,111.9
0.0,0.127,111.9
0.0,0.146,111.9
0.0,0.172,111.9
0.0,0.177,111.9
0.0,0.134,111.9
0.0,0.079,111.9
0.0,0.053,111.9
0.0,0.059,111.9
0.0,0.055,111.9
0.0,0.03,111.9
0.0,0.02,111.9
0.0,0.025,111.9
0.0,0.029,111.9
0.0,0.027,111.9
0.112,0.025,111.9
0.302,0.02,111.9
0.524,0.027,111.9
0.631,0.026,111.9
0.63,0.029,111.9
0.559,0.047,111.9
0.471,0.069,111.9
0.36,0.088,111.9
0.287,0.095,111.9
0.114,0.111,111.9
0.0,0.146,111.9
0.0,0.146,111.9
0.0,0.127,111.9
0.0,0.107,111.9
0.0,0.093,111.9
0.0,0.082,111.9
0.0,0.068,111.9
0.0,0.058,111.9
0.0,0.054,111.9
0.0,0.05,111.9
0.0,0.049,111.9
0.0,0.051,111.9
0.0,0.054,111.9
0.0,0.058,111.9
0.057,0.073,111.9
0.209,0.123,111.9
0.437,0.191,111.9
0.577,0.254,111.9
0.647,0.313,111.9
0.649,0.362,111.9
0.599,0.398,111.9
0.493,0.429,111.9
0.322,0.452,111.9
0.118,0.473,111.9
0.0,0.464,111.9
0.0,0.461,111.9
0.0,0.503,111.9
0.0,0.547,111.9
0.0,0.59,111.9
0.0,0.63,111.9
0.0,0.667,111.9
0.0,0.684,111.9
0.0,0.685,111.9
0.0,0.674,111.9
0.0,0.642,111.9
0.0,0.602,111.9
0.0,0.563,111.9
0.0,0.535,111.9
0.146,0.494,111.9
0.346,0.558,111.9
0.491,0.596,111.9
0.65,0.591,111.9
0.718,0.574,111.9
0.71,0.556,111.9
0.619,0.538,111.9
0.437,0.522,111.9
0.188,0.516,111.9
0.045,0.491,111.9
0.0,0.434,111.9
0.0,0.407,111.9
0.0,0.386,111.9
0.0,0.374,111.9
0.0,0.368,111.9
0.0,0.355,111.9
0.0,0.289,111.9
0.0,0.218,111.9
0.0,0.212,111.9
0.0,0.285,111.9
0.0,0.392,111.9
0.0,0.484,111.9
0.0,0.539,111.9
0.0,0.509,111.9
0.141,0.363,111.9
0.302,0.235,111.9
0.357,0.164,111.9
0.39,0.089,111.9
0.481,0.074,111.9
0.512,0.112,111.9
0.416,0.17,111.9
0.252,0.211,111.9
0.16,0.221,111.9
0.03,0.22,111.9
0.0,0.183,111.9
0.0,0.123,111.9
0.0,0.077,111.9
0.0,0.069,111.9
0.0,0.081,111.9
0.0,0.093,111.9
0.0,0.1,111.9
0.0,0.105,111.9
0.0,0.111,111.9
0.0,0.1,111.9
0.0,0.077,111.9
0.0,0.048,111.9
0.0,0.021,111.9
0.0,0.007,111.9
0.04,0.005,111.9
0.143,0.005,111.9
0.329,0.025,111.9
0.382,0.044,111.9
0.352,0.079,111.9
0.309,0.107,111.9
0.345,0.1,111.9
0.27,0.05,111.9
0.149,0.064,111.9
0.052,0.134,111.9
0.0,0.157,111.9
0.0,0.122,111.9
0.0,0.091,111.9
0.0,0.065,111.9
0.0,0.042,111.9
0.0,0.04,111.9
0.0,0.071,111.9
0.0,0.111,111.9
0.0,0.137,111.9
0.0,0.151,111.9
0.0,0.163,111.9
0.0,0.192,111.9
0.0,0.255,111.9
0.0,0.323,111.9
0.129,0.362,111.9
0.337,0.341,111.9
0.502,0.3,111.9
0.606,0.21,111.9
0.664,0.122,111.9
0.669,0.068,111.9
0.629,0.03,111.9
0.544,0.007,111.9
0.4,0.002,111.9
0.184,0.071,111.9
0.0,0.141,111.9
0.0,0.176,111.9
0.0,0.172,111.9
0.0,0.141,111.9
0.0,0.099,111.9
0.0,0.057,111.9
0.0,0.027,111.9
0.0,0.012,111.9
0.0,0.006,111.9
0.0,0.007,111.9
0.0,0.009,111.9
0.0,0.015,111.9
0.0,0.028,111.9
0.0,0.046,111.9
0.174,0.062,111.9
0.415,0.035,111.9
0.591,0.036,111.9
0.7,0.034,111.9
0.75,0.027,111.9
0.746,0.017,111.9
0.69,0.006,111.9
0.578,0.001,111.9
0.407,0.001,111.9
0.187,0.019,111.9
0.0,0.034,111.9
0.0,0.033,111.9
0.0,0.024,111.9
0.0,0.015,111.9
0.0,0.013,111.9
0.0,0.015,111.9
0.0,0.02,111.9
0.0,0.028,111.9
0.0,0.037,111.9
0.0,0.049,111.9
0.0,0.055,111.9
0.0,0.062,111.9
0.0,0.072,111.9
0.0,0.078,111.9
0.168,0.077,111.9
0.405,0.013,111.9
0.576,0.001,111.9
0.683,0.002,111.9
0.733,0.007,111.9
0.73,0.01,111.9
0.673,0.005,111.9
0.561,0.003,111.9
0.388,0.003,111.9
0.17,0.046,111.9
0.0,0.083,111.9
0.0,0.096,111.9
0.0,0.083,111.9
0.0,0.052,111.9
0.0,0.019,111.9
0.0,0.005,111.9
0.0,0.007,111.9
0.0,0.018,111.9
0.0,0.033,111.9
0.0,0.054,111.9
0.0,0.075,111.9
0.0,0.102,111.9
0.0,0.121,111.9
0.0,0.119,111.9
0.128,0.104,111.9
0.362,0.03,111.9
0.546,0.002,111.9
0.667,0.004,111.9
0.728,0.02,111.9
0.723,0.04,111.9
0.664,0.064,111.9
0.55,0.09,111.9
0.374,0.112,111.9
0.159,0.17,111.9
0.0,0.253,111.9
0.0,0.286,111.9
0.0,0.278,111.9
0.0,0.241,111.9
0.0,0.19,111.9
0.0,0.139,111.9
0.0,0.087,111.9
0.0,0.075,111.9
0.0,0.084,111.9
0.0,0.08,111.9
0.0,0.074,111.9
0.0,0.082,111.9
0.0,0.101,111.9
0.0,0.117,111.9
0.149,0.115,111.9
0.388,0.077,111.9
0.556,0.027,111.9
0.644,0.006,111.9
0.62,0.007,111.9
0.579,0.002,111.9
0.504,0.006,111.9
0.371,0.035,111.9
0.19,0.101,111.9
0.053,0.167,111.9
0.0,0.241,111.9
0.0,0.264,111.9
0.0,0.272,111.9
0.0,0.28,111.9
0.0,0.281,111.9
0.0,0.265,111.9
0.0,0.243,111.9
0.0,0.219,111.9
0.0,0.207,111.9
0.0,0.209,111.9
0.0,0.233,111.9
0.0,0.266,111.9
0.0,0.283,111.9
0.0,0.278,111.9
0.104,0.232,111.9
0.308,0.164,111.9
0.484,0.128,111.9
0.598,0.089,111.9
0.645,0.076,111.9
0.632,0.073,111.9
0.501,0.079,111.9
0.38,0.09,111.9
0.247,0.109,111.9
0.075,0.148,111.9
0.0,0.185,111.9
0.0,0.175,111.9
0.0,0.152,111.9
0.0,0.147,111.9
0.0,0.163,111.9
0.0,0.202,111.9
0.0,0.233,111.9
0.0,0.271,111.9
0.0,0.308,111.9
0.0,0.334,111.9
0.0,0.355,111.9
0.0,0.382,111.9
0.0,0.392,111.9
0.0,0.341,111.9
0.012,0.31,111.9
0.117,0.276,111.9
0.284,0.28,111.9
0.356,0.285,111.9
0.267,0.32,111.9
0.182,0.403,111.9
0.183,0.474,111.9
0.155,0.498,111.9
0.056,0.479,111.9
0.0,0.494,111.9
0.0,0.495,111.9
0.0,0.484,111.9
0.0,0.516,111.9
0.0,0.513,111.9
0.0,0.525,111.9
0.0,0.583,111.9
0.0,0.686,111.9
0.0,0.779,111.9
0.0,0.806,111.9
0.0,0.815,111.9
0.0,0.859,111.9
0.0,0.857,111.9
0.0,0.881,111.9
0.0,0.92,111.9
0.01,0.919,111.9
0.08,0.865,111.9
0.171,0.756,111.9
0.316,0.525,111.9
0.521,0.312,111.9
0.57,0.189,111.9
0.454,0.114,111.9
0.122,0.071,111.9
0.038,0.049,111.9
0.004,0.061,111.9
0.0,0.07,111.9
0.0,0.067,111.9
0.0,0.058,111.9
0.0,0.049,111.9
0.0,0.038,111.9
0.0,0.035,111.9
0.0,0.049,111.9
0.0,0.05,111.9
0.0,0.054,111.9
0.0,0.058,111.9
0.0,0.054,111.9
0.0,0.041,111.9
0.0,0.035,111.9
0.0,0.025,111.9
0.011,0.017,111.9
0.175,0.021,111.9
0.386,0.069,111.9
0.525,0.134,111.9
0.546,0.228,111.9
0.424,0.293,111.9
0.354,0.279,111.9
0.431,0.251,111.9
0.297,0.184,111.9
0.027,0.066,111.9
0.0,0.037,111.9
0.0,0.052,111.9
0.0,0.087,111.9
0.0,0.127,111.9
0.0,0.188,111.9
0.0,0.327,111.9
0.0,0.538,111.9
0.0,0.751,111.9
0.0,0.831,111.9
0.0,0.858,111.9
0.0,0.852,111.9
0.0,0.862,111.9
0.0,0.847,111.9
0.0,0.84,111.9
0.03,0.826,111.9
0.207,0.868,111.9
0.463,0.921,111.9
0.627,0.945,111.9
0.681,0.961,111.9
0.703,0.966,111.9
0.669,0.959,111.9
0.561,0.955,111.9
0.39,0.934,111.9
0.144,0.875,111.9
0.0,0.772,111.9
0.0,0.693,111.9
0.0,0.628,111.9
0.0,0.61,111.9
0.0,0.612,111.9
0.0,0.637,111.9
0.0,0.673,111.9
0.0,0.692,111.9
0.0,0.708,111.9
0.0,0.75,111.9
0.0,0.8,111.9
0.0,0.834,111.9
0.0,0.834,111.9
0.0,0.808,111.9
0.057,0.737,111.9
0.235,0.672,111.9
0.43,0.652,111.9
0.495,0.538,111.9
0.443,0.415,111.9
0.304,0.352,111.9
0.292,0.3,111.9
0.229,0.25,111.9
0.122,0.228,111.9
0.028,0.21,111.9
0.0,0.208,111.9
0.0,0.22,111.9
0.0,0.225,111.9
0.0,0.238,111.9
0.0,0.272,111.9
0.0,0.323,111.9
0.0,0.437,111.9
0.0,0.623,111.9
0.0,0.759,111.9
0.0,0.745,111.9
0.0,0.777,111.9
0.0,0.808,111.9
0.0,0.787,111.9
0.0,0.776,111.9
0.05,0.809,111.9
0.242,0.878,111.9
0.461,0.91,111.9
0.628,0.906,111.9
0.637,0.897,111.9
0.583,0.886,111.9
0.519,0.88,111.9
0.409,0.891,111.9
0.239,0.911,111.9
0.052,0.914,111.9
0.0,0.891,111.9
0.0,0.891,111.9
0.0,0.906,111.9
0.0,0.902,111.9
0.0,0.886,111.9
0.0,0.857,111.9
0.0,0.817,111.9
0.0,0.786,111.9
0.0,0.742,111.9
0.0,0.682,111.9
0.0,0.663,111.9
0.0,0.642,111.9
0.0,0.599,111.9
0.0,0.566,111.9
0.128,0.535,111.9
0.391,0.489,111.9
0.576,0.385,111.9
0.691,0.272,111.9
0.743,0.139,111.9
0.724,0.05,111.9
0.64,0.018,111.9
0.453,0.02,111.9
0.244,0.032,111.9
0.053,0.056,111.9
0.0,0.092,111.9
0.0,0.145,111.9
0.0,0.2,111.9
0.0,0.212,111.9
0.0,0.175,111.9
0.0,0.118,111.9
0.0,0.077,111.9
0.0,0.057,111.9
0.0,0.047,111.9
0.0,0.04,111.9
0.0,0.021,111.9
0.0,0.005,111.9
0.0,0.017,111.9
0.0,0.062,111.9
0.029,0.116,111.9
0.136,0.147,111.9
0.305,0.16,111.9
0.424,0.147,111.9
0.516,0.101,111.9
0.583,0.059,111.9
0.565,0.035,111.9
0.46,0.011,111.9
0.291,0.067,111.9
0.064,0.135,111.9
0.0,0.155,111.9
0.0,0.121,111.9
0.0,0.08,111.9
0.0,0.051,111.9
0.0,0.082,111.9
0.0,0.164,111.9
0.0,0.243,111.9
0.0,0.283,111.9
0.0,0.294,111.9
0.0,0.334,111.9
0.0,0.413,111.9
0.0,0.51,111.9
0.0,0.605,111.9
0.0,0.674,111.9
0.101,0.687,111.9
0.349,0.599,111.9
0.544,0.513,111.9
0.679,0.401,111.9
0.746,0.272,111.9
0.746,0.191,111.9
0.684,0.15,111.9
0.57,0.126,111.9
0.397,0.084,111.9
0.119,0.054,111.9
0.0,0.131,111.9
0.0,0.285,111.9
0.0,0.376,111.9
0.0,0.484,111.9
0.0,0.563,111.9
0.0,0.626,111.9
0.0,0.676,111.9
0.0,0.707,111.9
0.0,0.705,111.9
0.0,0.7,111.9
0.0,0.711,111.9
0.0,0.733,111.9
0.0,0.777,111.9
0.0,0.814,111.9
0.138,0.818,111.9
0.414,0.765,111.9
0.604,0.654,111.9
0.717,0.517,111.9
0.763,0.434,111.9
0.73,0.376,111.9
0.691,0.336,111.9
0.574,0.305,111.9
0.39,0.291,111.9
0.108,0.405,111.9
0.0,0.586,111.9
0.0,0.702,111.9
0.0,0.776,111.9
0.0,0.786,111.9
0.0,0.743,111.9
0.0,0.741,111.9
0.0,0.759,111.9
0.0,0.764,111.9
0.0,0.759,111.9
0.0,0.732,111.9
0.0,0.698,111.9
0.0,0.665,111.9
0.0,0.642,111.9
0.0,0.62,111.9
0.116,0.583,111.9
0.385,0.459,111.9
0.573,0.42,111.9
0.686,0.379,111.9
0.737,0.287,111.9
0.732,0.192,111.9
0.675,0.121,111.9
0.562,0.077,111.9
0.386,0.063,111.9
0.106,0.06,111.9
0.0,0.118,111.9
0.0,0.126,111.9
0.0,0.118,111.9
0.0,0.133,111.9
0.0,0.202,111.9
0.0,0.269,111.9
0.0,0.291,111.9
0.0,0.259,111.9
0.0,0.215,111.9
0.0,0.183,111.9
0.0,0.169,111.9
0.0,0.179,111.9
0.0,0.203,111.9
0.0,0.235,111.9
0.085,0.22,111.9
0.316,0.132,111.9
0.427,0.055,111.9
0.416,0.023,111.9
0.359,0.035,111.9
0.311,0.053,111.9
0.267,0.079,111.9
0.293,0.104,111.9
0.276,0.14,111.9
0.048,0.193,111.9
0.0,0.291,111.9
0.0,0.406,111.9
0.0,0.544,111.9
0.0,0.685,111.9
0.0,0.772,111.9
0.0,0.807,111.9
0.0,0.778,111.9
0.0,0.762,111.9
0.0,0.737,111.9
0.0,0.74,111.9
0.0,0.757,111.9
0.0,0.733,111.9
0.0,0.67,111.9
0.0,0.575,111.9
0.021,0.536,111.9
0.099,0.585,111.9
0.092,0.637,111.9
0.095,0.661,111.9
0.087,0.652,111.9
0.085,0.601,111.9
0.082,0.501,111.9
0.061,0.404,111.9
0.025,0.374,111.9
0.0,0.368,111.9
0.0,0.369,111.9
0.0,0.395,111.9
0.0,0.362,111.9
0.0,0.361,111.9
0.0,0.426,111.9
0.0,0.523,111.9
0.0,0.59,111.9
0.0,0.612,111.9
0.0,0.637,111.9
0.0,0.661,111.9
0.0,0.684,111.9
0.0,0.707,111.9
0.0,0.754,111.9
0.0,0.819,111.9
0.0,0.878,111.9
0.017,0.914,111.9
0.035,0.908,111.9
0.059,0.88,111.9
0.062,0.822,111.9
0.129,0.827,111.9
0.145,0.868,111.9
0.115,0.852,111.9
0.047,0.831,111.9
0.012,0.837,111.9
0.0,0.866,111.9
0.0,0.887,111.9
0.0,0.897,111.9
0.0,0.853,111.9
0.0,0.8,111.9
0.0,0.77,111.9
0.0,0.73,111.9
0.0,0.688,111.9
0.0,0.64,111.9
0.0,0.586,111.9
0.0,0.529,111.9
0.0,0.519,111.9
0.0,0.541,111.9
0.0,0.566,111.9
0.0,0.557,111.9
0.045,0.548,111.9
0.143,0.537,111.9
0.255,0.482,111.9
0.312,0.339,111.9
0.311,0.225,111.9
0.26,0.192,111.9
0.171,0.17,111.9
0.145,0.142,111.9
0.024,0.134,111.9
0.0,0.103,111.9
0.0,0.059,111.9
0.0,0.011,111.9
0.0,0.03,111.9
0.0,0.082,111.9
0.0,0.133,111.9
0.0,0.163,111.9
0.0,0.177,111.9
0.0,0.19,111.9
0.0,0.192,111.9
0.0,0.2,111.9
0.0,0.227,111.9
0.0,0.242,111.9
0.0,0.261,111.9
0.071,0.302,111.9
0.31,0.288,111.9
0.5,0.197,111.9
0.585,0.113,111.9
0.6,0.068,111.9
0.582,0.041,111.9
0.497,0.03,111.9
0.327,0.027,111.9
0.169,0.024,111.9
0.03,0.035,111.9
0.0,0.07,111.9
0.0,0.131,111.9
0.0,0.169,111.9
0.0,0.193,111.9
0.0,0.237,111.9
0.0,0.309,111.9
0.0,0.334,111.9
0.0,0.311,111.9
0.0,0.306,111.9
0.0,0.332,111.9
0.0,0.407,111.9
0.0,0.496,111.9
0.0,0.568,111.9
0.0,0.627,111.9
0.096,0.646,111.9
0.355,0.605,111.9
0.544,0.541,111.9
0.659,0.442,111.9
0.711,0.294,111.9
0.707,0.162,111.9
0.648,0.077,111.9
0.53,0.049,111.9
0.342,0.133,111.9
0.055,0.32,111.9
0.0,0.432,111.9
0.0,0.386,111.9
0.0,0.313,111.9
0.0,0.238,111.9
0.0,0.181,111.9
0.0,0.118,111.9
0.0,0.061,111.9
0.0,0.032,111.9
0.0,0.008,111.9
0.0,0.049,111.9
0.0,0.073,111.9
0.0,0.068,111.9
0.0,0.101,111.9
0.0,0.16,111.9
0.02,0.262,111.9
0.132,0.32,111.9
0.29,0.314,111.9
0.415,0.293,111.9
0.557,0.199,111.9
0.633,0.117,111.9
0.571,0.067,111.9
0.407,0.028,111.9
0.271,0.003,111.9
0.036,0.017,111.9
0.0,0.057,111.9
0.0,0.035,111.9
0.0,0.014,111.9
0.0,0.017,111.9
0.0,0.027,111.9
0.0,0.064,111.9
0.0,0.107,111.9
0.0,0.124,111.9
0.0,0.139,111.9
0.0,0.174,111.9
0.0,0.221,111.9
0.0,0.261,111.9
0.0,0.294,111.9
0.0,0.325,111.9
0.066,0.346,111.9
0.298,0.353,111.9
0.498,0.305,111.9
0.619,0.239,111.9
0.644,0.157,111.9
0.522,0.119,111.9
0.332,0.117,111.9
0.153,0.112,111.9
0.058,0.079,111.9
0.0,0.045,111.9
0.0,0.05,111.9
0.0,0.122,111.9
0.0,0.252,111.9
0.0,0.368,111.9
0.0,0.447,111.9
0.0,0.511,111.9
0.0,0.558,111.9
0.0,0.613,111.9
0.0,0.655,111.9
0.0,0.682,111.9
0.0,0.689,111.9
0.0,0.675,111.9
0.0,0.675,111.9
0.0,0.705,111.9
0.071,0.741,111.9
0.285,0.719,111.9
0.483,0.633,111.9
0.614,0.56,111.9
0.677,0.454,111.9
0.673,0.332,111.9
0.609,0.211,111.9
0.493,0.127,111.9
0.32,0.082,111.9
0.048,0.072,111.9
0.0,0.078,111.9
0.0,0.087,111.9
0.0,0.085,111.9
0.0,0.05,111.9
0.0,0.046,111.9
0.0,0.076,111.9
0.0,0.084,111.9
0.0,0.075,111.9
0.0,0.065,111.9
0.0,0.05,111.9
0.0,0.032,111.9
0.0,0.019,111.9
0.0,0.02,111.9
0.0,0.049,111.9
0.061,0.101,111.9
0.298,0.118,111.9
0.503,0.098,111.9
0.625,0.087,111.9
0.682,0.061,111.9
0.681,0.037,111.9
0.624,0.025,111.9
0.503,0.025,111.9
0.316,0.041,111.9
0.041,0.062,111.9
0.0,0.054,111.9
0.0,0.028,111.9
0.0,0.01,111.9
0.0,0.002,111.9
0.0,0.005,111.9
0.0,0.012,111.9
0.0,0.017,111.9
0.0,0.016,111.9
0.0,0.014,111.9
0.0,0.018,111.9
0.0,0.035,111.9
0.0,0.071,111.9
0.0,0.124,111.9
0.0,0.16,111.9
0.077,0.139,111.9
0.329,0.076,111.9
0.525,0.009,111.9
0.643,0.001,111.9
0.697,0.006,111.9
0.694,0.007,111.9
0.633,0.013,111.9
0.511,0.04,111.9
0.318,0.063,111.9
0.038,0.09,111.9
0.0,0.111,111.9
0.0,0.106,111.9
0.0,0.08,111.9
0.0,0.049,111.9
0.0,0.034,111.9
0.0,0.035,111.9
0.0,0.045,111.9
0.0,0.06,111.9
0.0,0.081,111.9
0.0,0.092,111.9
0.0,0.096,111.9
0.0,0.097,111.9
0.0,0.101,111.9
0.0,0.105,111.9
0.006,0.103,111.9
0.059,0.084,111.9
0.117,0.053,111.9
0.153,0.035,111.9
0.187,0.038,111.9
0.176,0.047,111.9
0.118,0.051,111.9
0.055,0.054,111.9
0.012,0.051,111.9
0.0,0.044,111.9
0.0,0.034,111.9
0.0,0.022,111.9
0.0,0.012,111.9
0.0,0.009,111.9
0.0,0.01,111.9
0.0,0.012,111.9
0.0,0.025,111.9
0.0,0.056,111.9
0.0,0.091,111.9
0.0,0.118,111.9
0.0,0.139,111.9
0.0,0.167,111.9
0.0,0.221,111.9
0.0,0.3,111.9
0.037,0.372,111.9
0.21,0.361,111.9
0.391,0.325,111.9
0.522,0.289,111.9
0.613,0.278,111.9
0.655,0.263,111.9
0.605,0.22,111.9
0.487,0.184,111.9
0.279,0.17,111.9
0.022,0.201,111.9
0.0,0.261,111.9
0.0,0.311,111.9
0.0,0.364,111.9
0.0,0.411,111.9
0.0,0.426,111.9
0.0,0.445,111.9
0.0,0.481,111.9
0.0,0.514,111.9
0.0,0.53,111.9
0.0,0.538,111.9
0.0,0.568,111.9
0.0,0.583,111.9
0.0,0.582,111.9
0.0,0.561,111.9
0.024,0.491,111.9
0.175,0.364,111.9
0.4,0.225,111.9
0.559,0.138,111.9
0.578,0.091,111.9
0.512,0.111,111.9
0.309,0.228,111.9
0.096,0.407,111.9
0.019,0.476,111.9
0.0,0.434,111.9
0.0,0.388,111.9
0.0,0.369,111.9
0.0,0.408,111.9
0.0,0.467,111.9
0.0,0.558,111.9
0.0,0.648,111.9
0.0,0.694,111.9
0.0,0.733,111.9
0.0,0.756,111.9
0.0,0.777,111.9
0.0,0.804,111.9
0.0,0.833,111.9
0.0,0.857,111.9
0.0,0.87,111.9
0.0,0.886,111.9
0.017,0.903,111.9
0.031,0.91,111.9
0.035,0.919,111.9
0.046,0.929,111.9
0.064,0.928,111.9
0.048,0.925,111.9
0.018,0.912,111.9
0.002,0.873,111.9
0.0,0.768,111.9
0.0,0.609,111.9
0.0,0.476,111.9
0.0,0.339,111.9
0.0,0.243,111.9
0.0,0.186,111.9
0.0,0.205,111.9
0.0,0.262,111.9
0.0,0.302,111.9
0.0,0.294,111.9
0.0,0.272,111.9
0.0,0.227,111.9
0.0,0.194,111.9
0.0,0.201,111.9
0.0,0.205,111.9
0.001,0.228,111.9
0.062,0.226,111.9
0.173,0.196,111.9
0.085,0.179,111.9
0.08,0.146,111.9
0.108,0.095,111.9
0.071,0.021,111.9
0.07,0.017,111.9
0.046,0.042,111.9
0.0,0.112,111.9
0.0,0.126,111.9
0.0,0.131,111.9
0.0,0.132,111.9
0.0,0.152,111.9
0.0,0.175,111.9
0.0,0.031,111.9
0.0,0.018,111.9
0.0,0.018,111.9
0.0,0.017,111.9
0.0,0.016,111.9
0.0,0.034,111.9
0.0,0.059,111.9
0.0,0.101,111.9
0.0,0.152,111.9
0.0,0.211,111.9
0.04,0.247,111.9
0.116,0.218,111.9
0.212,0.186,111.9
0.334,0.161,111.9
0.346,0.158,111.9
0.314,0.179,111.9
0.234,0.208,111.9
0.112,0.254,111.9
0.002,0.393,111.9
0.0,0.571,111.9
0.0,0.675,111.9
0.0,0.718,111.9
0.0,0.732,111.9
0.0,0.714,111.9
0.0,0.692,111.9
0.0,0.658,111.9
0.0,0.647,111.9
0.0,0.65,111.9
0.0,0.672,111.9
0.0,0.682,111.9
0.0,0.687,111.9
0.0,0.683,111.9
0.0,0.683,111.9
0.054,0.685,111.9
0.302,0.687,111.9
0.531,0.685,111.9
0.656,0.654,111.9
0.712,0.634,111.9
0.707,0.649,111.9
0.643,0.693,111.9
0.517,0.729,111.9
0.318,0.766,111.9
0.025,0.855,111.9
0.0,0.907,111.9
0.0,0.918,111.9
0.0,0.909,111.9
0.0,0.888,111.9
0.0,0.866,111.9
0.0,0.844,111.9
0.0,0.832,111.9
0.0,0.823,111.9
0.0,0.813,111.9
0.0,0.81,111.9
0.0,0.821,111.9
0.0,0.834,111.9
0.0,0.855,111.9
0.0,0.877,111.9
0.039,0.903,111.9
0.227,0.933,111.9
0.387,0.954,111.9
0.586,0.965,111.9
0.63,0.985,111.9
0.579,0.982,111.9
0.275,0.977,111.9
0.242,0.98,111.9
0.199,0.972,111.9
0.017,0.97,111.9
0.0,0.972,111.9
0.0,0.967,111.9
0.0,0.961,111.9
0.0,0.96,111.9
0.0,0.959,111.9
0.0,0.957,111.9
0.0,0.956,111.9
0.0,0.956,111.9
0.0,0.959,111.9
0.0,0.943,111.9
0.0,0.923,111.9
0.0,0.91,111.9
0.0,0.919,111.9
0.0,0.933,111.9
0.043,0.933,111.9
0.253,0.937,111.9
0.474,0.947,111.9
0.613,0.954,111.9
0.651,0.968,111.9
0.571,0.976,111.9
0.265,0.978,111.9
0.146,0.971,111.9
0.088,0.959,111.9
0.0,0.954,111.9
0.0,0.949,111.9
0.0,0.941,111.9
0.0,0.919,111.9
0.0,0.897,111.9
0.0,0.894,111.9
0.0,0.876,111.9
0.0,0.876,111.9
0.0,0.873,111.9
0.0,0.876,111.9
0.0,0.85,111.9
0.0,0.831,111.9
0.0,0.791,111.9
0.0,0.747,111.9
0.0,0.712,111.9
0.071,0.678,111.9
0.33,0.582,111.9
0.537,0.473,111.9
0.662,0.404,111.9
0.71,0.367,111.9
0.698,0.388,111.9
0.628,0.444,111.9
0.497,0.526,111.9
0.297,0.615,111.9
0.018,0.721,111.9
0.0,0.793,111.9
0.0,0.816,111.9
0.0,0.795,111.9
0.0,0.738,111.9
0.0,0.668,111.9
0.0,0.542,111.9
0.0,0.371,111.9
0.0,0.249,111.9
0.0,0.192,111.9
0.0,0.177,111.9
0.0,0.177,111.9
0.0,0.174,111.9
0.0,0.163,111.9
0.0,0.152,111.9
0.056,0.152,111.9
0.31,0.15,111.9
0.521,0.147,111.9
0.647,0.126,111.9
0.703,0.105,111.9
0.699,0.093,111.9
0.634,0.093,111.9
0.508,0.097,111.9
0.297,0.108,111.9
0.016,0.124,111.9
0.0,0.15,111.9
0.0,0.203,111.9
0.0,0.278,111.9
0.0,0.362,111.9
0.0,0.423,111.9
0.0,0.46,111.9
0.0,0.476,111.9
0.0,0.491,111.9
0.0,0.516,111.9
0.0,0.523,111.9
0.0,0.52,111.9
0.0,0.51,111.9
0.0,0.519,111.9
0.0,0.54,111.9
0.05,0.546,111.9
0.276,0.457,111.9
0.42,0.36,111.9
0.449,0.391,111.9
0.443,0.41,111.9
0.397,0.45,111.9
0.298,0.472,111.9
0.188,0.513,111.9
0.077,0.558,111.9
0.0,0.722,111.9
0.0,0.835,111.9
0.0,0.856,111.9
0.0,0.849,111.9
0.0,0.82,111.9
0.0,0.771,111.9
0.0,0.743,111.9
0.0,0.766,111.9
0.0,0.788,111.9
0.0,0.794,111.9
0.0,0.791,111.9
0.0,0.826,111.9
0.0,0.844,111.9
0.0,0.856,111.9
0.0,0.897,111.9
0.018,0.91,111.9
0.181,0.894,111.9
0.35,0.86,111.9
0.401,0.841,111.9
0.548,0.829,111.9
0.645,0.833,111.9
0.607,0.849,111.9
0.499,0.859,111.9
0.3,0.844,111.9
0.015,0.87,111.9
0.0,0.911,111.9
0.0,0.927,111.9
0.0,0.888,111.9
0.0,0.819,111.9
0.0,0.776,111.9
0.0,0.745,111.9
0.0,0.751,111.9
0.0,0.795,111.9
0.0,0.837,111.9
0.0,0.857,111.9
0.0,0.872,111.9
0.0,0.888,111.9
0.0,0.871,111.9
0.0,0.844,111.9
0.06,0.82,111.9
0.305,0.785,111.9
0.536,0.776,111.9
0.652,0.762,111.9
0.706,0.732,111.9
0.699,0.672,111.9
0.637,0.58,111.9
0.506,0.487,111.9
0.296,0.395,111.9
0.013,0.431,111.9
0.0,0.538,111.9
0.0,0.613,111.9
0.0,0.664,111.9
0.0,0.683,111.9
0.0,0.669,111.9
0.0,0.667,111.9
0.0,0.652,111.9
0.0,0.63,111.9
0.0,0.624,111.9
0.0,0.644,111.9
0.0,0.605,111.9
0.0,0.588,111.9
0.0,0.564,111.9
0.0,0.562,111.9
0.027,0.575,111.9
0.267,0.534,111.9
0.502,0.65,111.9
0.632,0.847,111.9
0.684,0.922,111.9
0.655,0.954,111.9
0.53,0.962,111.9
0.235,0.968,111.9
0.059,0.973,111.9
0.003,0.977,111.9
0.0,0.965,111.9
0.0,0.941,111.9
0.0,0.938,111.9
0.0,0.93,111.9
0.0,0.909,111.9
0.0,0.901,111.9
0.0,0.894,111.9
0.0,0.91,111.9
0.0,0.928,111.9
0.0,0.94,111.9
0.0,0.946,111.9
0.0,0.952,111.9
0.0,0.958,111.9
0.0,0.964,111.9
0.014,0.972,111.9
0.168,0.978,111.9
0.289,0.991,111.9
0.387,0.976,111.9
0.488,0.938,111.9
0.486,0.944,111.9
0.421,0.972,111.9
0.277,0.986,111.9
0.147,0.991,111.9
0.003,0.987,111.9
0.0,0.978,111.9
0.0,0.974,111.9
0.0,0.971,111.9
0.0,0.966,111.9
0.0,0.964,111.9
0.0,0.951,111.9
0.0,0.949,111.9
0.0,0.954,111.9
0.0,0.96,111.9
0.0,0.961,111.9
0.0,0.956,111.9
0.0,0.947,111.9
0.0,0.935,111.9
0.0,0.918,111.9
0.044,0.903,111.9
0.314,0.869,111.9
0.528,0.845,111.9
0.655,0.84,111.9
0.704,0.812,111.9
0.68,0.779,111.9
0.618,0.726,111.9
0.362,0.629,111.9
0.143,0.585,111.9
0.006,0.607,111.9
0.0,0.586,111.9
0.0,0.554,111.9
0.0,0.571,111.9
0.0,0.654,111.9
0.0,0.753,111.9
0.0,0.791,111.9
0.0,0.83,111.9
0.0,0.841,111.9
0.0,0.841,111.9
0.0,0.811,111.9
0.0,0.762,111.9
0.0,0.695,111.9
0.0,0.581,111.9
0.0,0.46,111.9
0.038,0.34,111.9
0.286,0.193,111.9
0.499,0.092,111.9
0.62,0.041,111.9
0.651,0.026,111.9
0.639,0.05,111.9
0.58,0.082,111.9
0.398,0.114,111.9
0.182,0.164,111.9
0.001,0.274,111.9
0.0,0.328,111.9
0.0,0.31,111.9
0.0,0.315,111.9
0.0,0.325,111.9
0.0,0.346,111.9
0.0,0.511,111.9
0.0,0.639,111.9
0.0,0.701,111.9
0.0,0.731,111.9
0.0,0.726,111.9
0.0,0.782,111.9
0.0,0.816,111.9
0.0,0.858,111.9
0.0,0.874,111.9
0.027,0.896,111.9
0.198,0.926,111.9
0.402,0.973,111.9
0.578,0.985,111.9
0.681,0.987,111.9
0.659,0.988,111.9
0.56,0.986,111.9
0.406,0.983,111.9
0.177,0.985,111.9
0.0,0.988,111.9
0.0,0.985,111.9
0.0,0.976,111.9
0.0,0.978,111.9
0.0,0.981,111.9
0.0,0.975,111.9
0.0,0.977,111.9
0.0,0.98,111.9
0.0,0.978,111.9
0.0,0.978,111.9
0.0,0.97,111.9
0.0,0.951,111.9
0.0,0.93,111.9
0.0,0.919,111.9
0.0,0.904,111.9
0.008,0.91,111.9
0.156,0.914,111.9
0.335,0.931,111.9
0.41,0.93,111.9
0.268,0.906,111.9
0.181,0.858,111.9
0.109,0.791,111.9
0.05,0.688,111.9
0.016,0.566,111.9
0.0,0.538,111.9
0.0,0.572,111.9
0.0,0.618,111.9
0.0,0.647,111.9
0.0,0.614,111.9
0.0,0.649,111.9
0.0,0.679,111.9
0.0,0.712,111.9
0.0,0.812,111.9
0.0,0.918,111.9
0.0,0.954,111.9
0.0,0.96,111.9
0.0,0.958,111.9
0.0,0.965,111.9
0.0,0.976,111.9
0.0,0.983,111.9
0.055,0.986,111.9
0.226,0.99,111.9
0.45,0.985,111.9
0.48,0.955,111.9
0.549,0.96,111.9
0.417,0.965,111.9
0.165,0.972,111.9
0.096,0.982,111.9
0.0,0.989,111.9
0.0,0.991,111.9
0.0,0.991,111.9
0.0,0.985,111.9
0.0,0.979,111.9
0.0,0.966,111.9
0.0,0.948,111.9
0.0,0.935,111.9
0.0,0.931,111.9
0.0,0.919,111.9
0.0,0.897,111.9
0.0,0.865,111.9
0.0,0.834,111.9
0.0,0.8,111.9
0.0,0.759,111.9
0.032,0.71,111.9
0.284,0.62,111.9
0.494,0.566,111.9
0.622,0.553,111.9
0.677,0.492,111.9
0.67,0.432,111.9
0.607,0.352,111.9
0.479,0.246,111.9
0.274,0.144,111.9
0.006,0.108,111.9
0.0,0.101,111.9
0.0,0.101,111.9
0.0,0.106,111.9
0.0,0.113,111.9
0.0,0.103,111.9
0.0,0.078,111.9
0.0,0.059,111.9
0.0,0.054,111.9
0.0,0.054,111.9
0.0,0.058,111.9
0.0,0.07,111.9
0.0,0.088,111.9
0.0,0.102,111.9
0.0,0.118,111.9
0.027,0.123,111.9
0.271,0.097,111.9
0.488,0.056,111.9
0.616,0.019,111.9
0.67,0.006,111.9
0.665,0.003,111.9
0.602,0.005,111.9
0.472,0.017,111.9
0.261,0.039,111.9
0.004,0.058,111.9
0.0,0.064,111.9
0.0,0.058,111.9
0.0,0.043,111.9
0.0,0.027,111.9
0.0,0.02,111.9
0.0,0.017,111.9
0.0,0.015,111.9
0.0,0.015,111.9
0.0,0.015,111.9
0.0,0.015,111.9
0.0,0.014,111.9
0.0,0.015,111.9
0.0,0.018,111.9
0.0,0.023,111.9
0.03,0.031,111.9
0.29,0.04,111.9
0.499,0.037,111.9
0.628,0.042,111.9
0.682,0.07,111.9
0.674,0.079,111.9
0.609,0.082,111.9
0.477,0.087,111.9
0.264,0.117,111.9
0.004,0.16,111.9
0.0,0.181,111.9
0.0,0.172,111.9
0.0,0.14,111.9
0.0,0.107,111.9
0.0,0.082,111.9
0.0,0.06,111.9
0.0,0.044,111.9
0.0,0.035,111.9
0.0,0.034,111.9
0.0,0.044,111.9
0.0,0.071,111.9
0.0,0.118,111.9
0.0,0.161,111.9
0.0,0.188,111.9
0.027,0.202,111.9
0.284,0.189,111.9
0.5,0.137,111.9
0.625,0.093,111.9
0.679,0.061,111.9
0.672,0.037,111.9
0.606,0.023,111.9
0.473,0.016,111.9
0.256,0.01,111.9
0.003,0.007,111.9
0.0,0.009,111.9
0.0,0.025,111.9
0.0,0.059,111.9
0.0,0.097,111.9
0.0,0.123,111.9
0.0,0.136,111.9
0.0,0.142,111.9
0.0,0.158,111.9
0.0,0.187,111.9
0.0,0.223,111.9
0.0,0.258,111.9
0.0,0.298,111.9
0.0,0.342,111.9
0.0,0.364,111.9
0.029,0.353,111.9
0.297,0.295,111.9
0.506,0.183,111.9
0.628,0.094,111.9
0.678,0.049,111.9
0.669,0.027,111.9
0.602,0.019,111.9
0.462,0.02,111.9
0.183,0.03,111.9
0.0,0.037,111.9
0.0,0.038,111.9
0.0,0.045,111.9
0.0,0.058,111.9
0.0,0.068,111.9
0.0,0.072,111.9
0.0,0.08,111.9
0.0,0.092,111.9
0.0,0.101,111.9
0.0,0.105,111.9
0.0,0.104,111.9
0.0,0.101,111.9
0.0,0.103,111.9
0.0,0.104,111.9
0.0,0.096,111.9
0.019,0.08,111.9
0.25,0.062,111.9
0.45,0.03,111.9
0.574,0.013,111.9
0.646,0.01,111.9
0.648,0.006,111.9
0.584,0.004,111.9
0.456,0.005,111.9
0.237,0.019,111.9
0.002,0.023,111.9
0.0,0.013,111.9
0.0,0.003,111.9
0.0,0.002,111.9
0.0,0.005,111.9
0.0,0.004,111.9
0.0,0.005,111.9
0.0,0.008,111.9
0.0,0.015,111.9
0.0,0.026,111.9
0.0,0.04,111.9
0.0,0.051,111.9
0.0,0.059,111.9
0.0,0.063,111.9
0.0,0.066,111.9
0.001,0.069,111.9
0.091,0.076,111.9
0.219,0.061,111.9
0.42,0.046,111.9
0.544,0.039,111.9
0.634,0.04,111.9
0.569,0.047,111.9
0.427,0.06,111.9
0.206,0.075,111.9
0.0,0.083,111.9
0.0,0.076,111.9
0.0,0.067,111.9
0.0,0.064,111.9
0.0,0.07,111.9
0.0,0.081,111.9
0.0,0.077,111.9
0.0,0.063,111.9
0.0,0.062,111.9
0.0,0.08,111.9
0.0,0.1,111.9
0.0,0.093,111.9
0.0,0.078,111.9
0.0,0.071,111.9
0.0,0.075,111.9
0.016,0.086,111.9
0.221,0.085,111.9
0.327,0.061,111.9
0.445,0.023,111.9
0.529,0.002,111.9
0.59,0.003,111.9
0.586,0.004,111.9
0.45,0.005,111.9
0.23,0.004,111.9
0.001,0.003,111.9
0.0,0.004,111.9
0.0,0.006,111.9
0.0,0.013,111.9
0.0,0.024,111.9
0.0,0.035,111.9
0.0,0.039,111.9
0.0,0.038,111.9
0.0,0.032,111.9
0.0,0.026,111.9
0.0,0.02,111.9
0.0,0.016,111.9
0.0,0.012,111.9
0.0,0.012,111.9
0.0,0.015,111.9
0.0,0.022,111.9
0.068,0.031,111.9
0.188,0.025,111.9
0.317,0.034,111.9
0.416,0.05,111.9
0.483,0.06,111.9
0.54,0.074,111.9
0.432,0.087,111.9
0.21,0.088,111.9
0.0,0.113,111.9
0.0,0.129,111.9
0.0,0.134,111.9
0.0,0.139,111.9
0.0,0.145,111.9
0.0,0.154,111.9
0.0,0.163,111.9
0.0,0.183,111.9
0.0,0.211,111.9
0.0,0.247,111.9
0.0,0.299,111.9
0.0,0.36,111.9
0.0,0.414,111.9
0.0,0.464,111.9
0.0,0.468,111.9
0.01,0.446,111.9
0.243,0.398,111.9
0.458,0.32,111.9
0.589,0.334,111.9
0.656,0.296,111.9
0.658,0.253,111.9
0.603,0.201,111.9
0.476,0.155,111.9
0.246,0.123,111.9
0.001,0.135,111.9
0.0,0.152,111.9
0.0,0.167,111.9
0.0,0.172,111.9
0.0,0.17,111.9
0.0,0.183,111.9
0.0,0.177,111.9
0.0,0.148,111.9
0.0,0.162,111.9
0.0,0.22,111.9
0.0,0.29,111.9
0.0,0.356,111.9
0.0,0.401,111.9
0.0,0.42,111.9
0.0,0.419,111.9
0.004,0.388,111.9
0.154,0.286,111.9
0.399,0.176,111.9
0.535,0.139,111.9
0.559,0.114,111.9
0.506,0.087,111.9
0.365,0.064,111.9
0.174,0.036,111.9
0.047,0.012,111.9
0.0,0.003,111.9
0.0,0.002,111.9
0.0,0.002,111.9
0.0,0.003,111.9
0.0,0.008,111.9
0.0,0.013,111.9
0.0,0.02,111.9
0.0,0.024,111.9
0.0,0.022,111.9
0.0,0.019,111.9
0.0,0.015,111.9
0.0,0.009,111.9
0.0,0.005,111.9
0.0,0.007,111.9
0.0,0.008,111.9
0.0,0.008,111.9
0.093,0.006,111.9
0.205,0.006,111.9
0.291,0.006,111.9
0.332,0.004,111.9
0.351,0.003,111.9
0.251,0.004,111.9
0.136,0.03,111.9
0.04,0.08,111.9
0.0,0.15,111.9
0.0,0.185,111.9
0.0,0.183,111.9
0.0,0.171,111.9
0.0,0.153,111.9
0.0,0.14,111.9
0.0,0.13,111.9
0.0,0.115,111.9
0.0,0.102,111.9
0.0,0.093,111.9
0.0,0.085,111.9
0.0,0.077,111.9
0.0,0.077,111.9
0.0,0.085,111.9
0.0,0.094,111.9
0.0,0.099,111.9
0.027,0.101,111.9
0.089,0.112,111.9
0.165,0.153,111.9
0.199,0.183,111.9
0.289,0.201,111.9
0.307,0.203,111.9
0.317,0.197,111.9
0.122,0.195,111.9
0.0,0.23,111.9
0.0,0.267,111.9
0.0,0.288,111.9
0.0,0.276,111.9
0.0,0.248,111.9
0.0,0.237,111.9
0.0,0.244,111.9
0.0,0.278,111.9
0.0,0.336,111.9
0.0,0.362,111.9
0.0,0.342,111.9
0.0,0.31,111.9
0.0,0.27,111.9
0.0,0.211,111.9
0.0,0.147,111.9
0.0,0.099,111.9
0.028,0.076,111.9
0.083,0.062,111.9
0.139,0.079,111.9
0.2,0.112,111.9
0.258,0.131,111.9
0.212,0.136,111.9
0.139,0.146,111.9
0.05,0.175,111.9
0.0,0.208,111.9
0.0,0.201,111.9
0.0,0.181,111.9
0.0,0.169,111.9
0.0,0.138,111.9
0.0,0.117,111.9
0.0,0.077,111.9
0.0,0.036,111.9
0.0,0.026,111.9
0.0,0.043,111.9
0.0,0.084,111.9
0.0,0.153,111.9
0.0,0.236,111.9
0.0,0.338,111.9
0.0,0.432,111.9
0.005,0.437,111.9
0.136,0.377,111.9
0.408,0.284,111.9
0.448,0.217,111.9
0.448,0.251,111.9
0.407,0.287,111.9
0.315,0.257,111.9
0.163,0.186,111.9
0.049,0.131,111.9
0.0,0.123,111.9
0.0,0.123,111.9
0.0,0.119,111.9
0.0,0.133,111.9
0.0,0.127,111.9
0.0,0.119,111.9
0.0,0.167,111.9
0.0,0.261,111.9
0.0,0.352,111.9
0.0,0.385,111.9
0.0,0.431,111.9
0.0,0.469,111.9
0.0,0.458,111.9
0.0,0.459,111.9
0.0,0.466,111.9
0.008,0.476,111.9
0.171,0.458,111.9
0.388,0.463,111.9
0.574,0.454,111.9
0.645,0.43,111.9
0.629,0.414,111.9
0.354,0.401,111.9
0.117,0.362,111.9
0.04,0.311,111.9
0.0,0.257,111.9
0.0,0.227,111.9
0.0,0.231,111.9
0.0,0.204,111.9
0.0,0.179,111.9
0.0,0.182,111.9
0.0,0.173,111.9
0.0,0.135,111.9
0.0,0.103,111.9
0.0,0.108,111.9
0.0,0.174,111.9
0.0,0.238,111.9
0.0,0.308,111.9
0.0,0.398,111.9
0.0,0.464,111.9
0.02,0.538,111.9
0.274,0.532,111.9
0.483,0.578,111.9
0.606,0.758,111.9
0.665,0.891,111.9
0.659,0.94,111.9
0.576,0.959,111.9
0.21,0.925,111.9
0.151,0.883,111.9
0.0,0.859,111.9
0.0,0.801,111.9
0.0,0.774,111.9
0.0,0.743,111.9
0.0,0.708,111.9
0.0,0.672,111.9
0.0,0.622,111.9
0.0,0.578,111.9
0.0,0.568,111.9
0.0,0.629,111.9
0.0,0.68,111.9
0.0,0.812,111.9
0.0,0.87,111.9
0.0,0.888,111.9
0.0,0.911,111.9
0.001,0.951,111.9
0.157,0.948,111.9
0.472,0.946,111.9
0.596,0.938,111.9
0.645,0.919,111.9
0.636,0.91,111.9
0.569,0.897,111.9
0.434,0.873,111.9
0.217,0.836,111.9
0.001,0.823,111.9
0.0,0.808,111.9
0.0,0.827,111.9
0.0,0.844,111.9
0.0,0.864,111.9
0.0,0.869,111.9
0.0,0.855,111.9
0.0,0.86,111.9
0.0,0.879,111.9
0.0,0.892,111.9
0.0,0.899,111.9
0.0,0.903,111.9
0.0,0.902,111.9
0.0,0.87,111.9
0.0,0.857,111.9
0.027,0.834,111.9
0.285,0.777,111.9
0.51,0.734,111.9
0.625,0.759,111.9
0.671,0.722,111.9
0.658,0.693,111.9
0.59,0.626,111.9
0.456,0.53,111.9
0.241,0.443,111.9
0.004,0.454,111.9
0.0,0.485,111.9
0.0,0.501,111.9
0.0,0.506,111.9
0.0,0.501,111.9
0.0,0.445,111.9
0.0,0.369,111.9
0.0,0.314,111.9
0.0,0.284,111.9
0.0,0.278,111.9
0.0,0.283,111.9
0.0,0.32,111.9
0.0,0.357,111.9
0.0,0.379,111.9
0.0,0.391,111.9
0.025,0.398,111.9
0.28,0.374,111.9
0.478,0.29,111.9
0.607,0.216,111.9
0.662,0.154,111.9
0.656,0.118,111.9
0.59,0.086,111.9
0.459,0.068,111.9
0.244,0.066,111.9
0.005,0.077,111.9
0.0,0.093,111.9
0.0,0.118,111.9
0.0,0.148,111.9
0.0,0.175,111.9
0.0,0.202,111.9
0.0,0.229,111.9
0.0,0.241,111.9
0.0,0.244,111.9
0.0,0.248,111.9
0.0,0.249,111.9
0.0,0.252,111.9
0.0,0.269,111.9
0.0,0.296,111.9
0.0,0.337,111.9
0.033,0.392,111.9
0.329,0.402,111.9
0.529,0.305,111.9
0.646,0.223,111.9
0.694,0.2,111.9
0.683,0.147,111.9
0.616,0.108,111.9
0.479,0.068,111.9
0.265,0.048,111.9
0.007,0.037,111.9
0.0,0.03,111.9
0.0,0.027,111.9
0.0,0.025,111.9
0.0,0.026,111.9
0.0,0.028,111.9
0.0,0.03,111.9
0.0,0.032,111.9
