solar_cf,wind_cf,price
0.0,0.037,38.9
0.0,0.033,38.9
0.0,0.029,38.9
0.0,0.022,38.9
0.0,0.014,38.9
0.0,0.013,38.9
0.0,0.014,38.9
0.09,0.011,38.9
0.304,0.006,38.9
0.452,0.007,38.9
0.576,0.012,38.9
0.596,0.028,38.9
0.555,0.049,38.9
0.446,0.061,38.9
0.26,0.071,38.9
0.037,0.085,38.9
0.0,0.093,38.9
0.0,0.088,38.9
0.0,0.076,38.9
0.0,0.07,38.9
0.0,0.068,38.9
0.0,0.059,38.9
0.0,0.039,38.9
0.0,0.018,38.9
0.0,0.008,38.9
0.0,0.003,38.9
0.0,0.004,38.9
0.0,0.005,38.9
0.0,0.005,38.9
0.0,0.007,38.9
0.0,0.011,38.9
0.006,0.014,38.9
0.07,0.012,38.9
0.169,0.01,38.9
0.246,0.009,38.9
0.289,0.007,38.9
0.276,0.005,38.9
0.22,0.006,38.9
0.13,0.011,38.9
0.017,0.018,38.9
0.0,0.017,38.9
0.0,0.014,38.9
0.0,0.009,38.9
0.0,0.007,38.9
0.0,0.009,38.9
0.0,0.012,38.9
0.0,0.015,38.9
0.0,0.016,38.9
0.0,0.017,38.9
0.0,0.025,38.9
0.0,0.04,38.9
0.0,0.052,38.9
0.0,0.06,38.9
0.0,0.069,38.9
0.0,0.072,38.9
0.003,0.068,38.9
0.041,0.067,38.9
0.098,0.063,38.9
0.174,0.06,38.9
0.194,0.062,38.9
0.147,0.058,38.9
0.101,0.046,38.9
0.048,0.044,38.9
0.0,0.062,38.9
0.0,0.084,38.9
0.0,0.093,38.9
0.0,0.1,38.9
0.0,0.111,38.9
0.0,0.137,38.9
0.0,0.201,38.9
0.0,0.244,38.9
0.0,0.237,38.9
0.0,0.219,38.9
0.0,0.203,38.9
0.0,0.204,38.9
0.0,0.188,38.9
0.0,0.161,38.9
0.0,0.155,38.9
0.0,0.13,38.9
0.116,0.07,38.9
0.341,0.038,38.9
0.489,0.022,38.9
0.573,0.021,38.9
0.599,0.019,38.9
0.553,0.019,38.9
0.437,0.015,38.9
0.22,0.03,38.9
0.032,0.083,38.9
0.0,0.146,38.9
0.0,0.176,38.9
0.0,0.151,38.9
0.0,0.123,38.9
0.0,0.109,38.9
0.0,0.091,38.9
0.0,0.081,38.9
0.0,0.076,38.9
0.0,0.088,38.9
0.0,0.104,38.9
0.0,0.118,38.9
0.0,0.117,38.9
0.0,0.122,38.9
0.0,0.138,38.9
0.0,0.145,38.9
0.133,0.15,38.9
0.366,0.14,38.9
0.519,0.1,38.9
0.601,0.093,38.9
0.619,0.092,38.9
0.576,0.06,38.9
0.472,0.046,38.9
0.29,0.058,38.9
0.056,0.078,38.9
0.0,0.101,38.9
0.0,0.115,38.9
0.0,0.118,38.9
0.0,0.114,38.9
0.0,0.11,38.9
0.0,0.113,38.9
0.0,0.117,38.9
0.0,0.114,38.9
0.0,0.104,38.9
0.0,0.085,38.9
0.0,0.059,38.9
0.0,0.036,38.9
0.0,0.02,38.9
0.0,0.011,38.9
0.0,0.006,38.9
0.071,0.004,38.9
0.24,0.004,38.9
0.389,0.007,38.9
0.475,0.008,38.9
0.499,0.008,38.9
0.471,0.006,38.9
0.404,0.005,38.9
0.231,0.005,38.9
0.033,0.008,38.9
0.0,0.009,38.9
0.0,0.012,38.9
0.0,0.017,38.9
0.0,0.021,38.9
0.0,0.025,38.9
0.0,0.022,38.9
0.0,0.012,38.9
0.0,0.003,38.9
0.0,0.004,38.9
0.0,0.008,38.9
0.0,0.013,38.9
0.0,0.018,38.9
0.0,0.022,38.9
0.0,0.024,38.9
0.0,0.017,38.9
0.001,0.013,38.9
0.053,0.01,38.9
0.218,0.009,38.9
0.454,0.006,38.9
0.589,0.004,38.9
0.554,0.002,38.9
0.449,0.001,38.9
0.266,0.002,38.9
0.047,0.002,38.9
0.0,0.002,38.9
0.0,0.005,38.9
0.0,0.019,38.9
0.0,0.038,38.9
0.0,0.054,38.9
0.0,0.076,38.9
0.0,0.067,38.9
0.0,0.048,38.9
0.0,0.055,38.9
0.0,0.061,38.9
0.0,0.034,38.9
0.0,0.008,38.9
0.0,0.004,38.9
0.0,0.008,38.9
0.0,0.013,38.9
0.093,0.023,38.9
0.347,0.017,38.9
0.509,0.006,38.9
0.593,0.003,38.9
0.611,0.006,38.9
0.569,0.008,38.9
0.464,0.008,38.9
0.28,0.011,38.9
0.053,0.013,38.9
0.0,0.011,38.9
0.0,0.008,38.9
0.0,0.005,38.9
0.0,0.004,38.9
0.0,0.007,38.9
0.0,0.012,38.9
0.0,0.013,38.9
0.0,0.012,38.9
0.0,0.013,38.9
0.0,0.012,38.9
0.0,0.01,38.9
0.0,0.009,38.9
0.0,0.014,38.9
0.0,0.017,38.9
0.0,0.017,38.9
0.086,0.017,38.9
0.273,0.015,38.9
0.403,0.011,38.9
0.497,0.027,38.9
0.537,0.037,38.9
0.498,0.037,38.9
0.397,0.035,38.9
0.225,0.017,38.9
0.038,0.011,38.9
0.0,0.03,38.9
0.0,0.068,38.9
0.0,0.101,38.9
0.0,0.118,38.9
0.0,0.115,38.9
0.0,0.118,38.9
0.0,0.126,38.9
0.0,0.132,38.9
0.0,0.145,38.9
0.0,0.157,38.9
0.0,0.159,38.9
0.0,0.156,38.9
0.0,0.133,38.9
0.0,0.101,38.9
0.0,0.083,38.9
0.064,0.066,38.9
0.213,0.049,38.9
0.35,0.037,38.9
0.491,0.038,38.9
0.583,0.028,38.9
0.541,0.019,38.9
0.432,0.019,38.9
0.251,0.02,38.9
0.045,0.022,38.9
0.0,0.026,38.9
0.0,0.032,38.9
0.0,0.035,38.9
0.0,0.037,38.9
0.0,0.042,38.9
0.0,0.051,38.9
0.0,0.062,38.9
0.0,0.068,38.9
0.0,0.064,38.9
0.0,0.058,38.9
0.0,0.058,38.9
0.0,0.064,38.9
0.0,0.065,38.9
0.0,0.043,38.9
0.0,0.025,38.9
0.124,0.025,38.9
0.342,0.024,38.9
0.502,0.012,38.9
0.583,0.009,38.9
0.601,0.007,38.9
0.557,0.007,38.9
0.45,0.009,38.9
0.27,0.011,38.9
0.055,0.011,38.9
0.0,0.012,38.9
0.0,0.012,38.9
0.0,0.011,38.9
0.0,0.009,38.9
0.0,0.007,38.9
0.0,0.008,38.9
0.0,0.015,38.9
0.0,0.043,38.9
0.0,0.1,38.9
0.0,0.154,38.9
0.0,0.153,38.9
0.0,0.114,38.9
0.0,0.07,38.9
0.0,0.039,38.9
0.0,0.025,38.9
0.071,0.018,38.9
0.243,0.011,38.9
0.42,0.008,38.9
0.534,0.005,38.9
0.576,0.001,38.9
0.57,0.002,38.9
0.472,0.003,38.9
0.293,0.006,38.9
0.066,0.006,38.9
0.0,0.003,38.9
0.0,0.001,38.9
0.0,0.002,38.9
0.0,0.006,38.9
0.0,0.017,38.9
0.0,0.032,38.9
0.0,0.037,38.9
0.0,0.024,38.9
0.0,0.01,38.9
0.0,0.008,38.9
0.0,0.012,38.9
0.0,0.013,38.9
0.0,0.008,38.9
0.0,0.003,38.9
0.0,0.002,38.9
0.035,0.002,38.9
0.126,0.001,38.9
0.238,0.003,38.9
0.334,0.001,38.9
0.373,0.001,38.9
0.337,0.001,38.9
0.237,0.002,38.9
0.118,0.003,38.9
0.012,0.007,38.9
0.0,0.009,38.9
0.0,0.009,38.9
0.0,0.007,38.9
0.0,0.004,38.9
0.0,0.002,38.9
0.0,0.003,38.9
0.0,0.002,38.9
0.0,0.002,38.9
0.0,0.002,38.9
0.0,0.004,38.9
0.0,0.006,38.9
0.0,0.007,38.9
0.0,0.008,38.9
0.0,0.01,38.9
0.0,0.012,38.9
0.02,0.015,38.9
0.109,0.011,38.9
0.248,0.002,38.9
0.359,0.002,38.9
0.359,0.01,38.9
0.251,0.015,38.9
0.153,0.014,38.9
0.073,0.014,38.9
0.01,0.017,38.9
0.0,0.013,38.9
0.0,0.011,38.9
0.0,0.012,38.9
0.0,0.012,38.9
0.0,0.011,38.9
0.0,0.008,38.9
0.0,0.008,38.9
0.0,0.011,38.9
0.0,0.011,38.9
0.0,0.011,38.9
0.0,0.01,38.9
0.0,0.008,38.9
0.0,0.005,38.9
0.0,0.003,38.9
0.0,0.004,38.9
0.006,0.005,38.9
0.043,0.006,38.9
0.079,0.007,38.9
0.092,0.009,38.9
0.089,0.01,38.9
0.075,0.009,38.9
0.061,0.007,38.9
0.038,0.005,38.9
0.003,0.006,38.9
0.0,0.008,38.9
0.0,0.007,38.9
0.0,0.004,38.9
0.0,0.004,38.9
0.0,0.004,38.9
0.0,0.004,38.9
0.0,0.003,38.9
0.0,0.005,38.9
0.0,0.008,38.9
0.0,0.012,38.9
0.0,0.013,38.9
0.0,0.011,38.9
0.0,0.008,38.9
0.0,0.003,38.9
0.0,0.001,38.9
0.004,0.002,38.9
0.038,0.004,38.9
0.072,0.006,38.9
0.108,0.004,38.9
0.121,0.003,38.9
0.119,0.003,38.9
0.081,0.004,38.9
0.04,0.004,38.9
0.0,0.009,38.9
0.0,0.014,38.9
0.0,0.024,38.9
0.0,0.038,38.9
0.0,0.051,38.9
0.0,0.058,38.9
0.0,0.058,38.9
0.0,0.052,38.9
0.0,0.042,38.9
0.0,0.035,38.9
0.0,0.028,38.9
0.0,0.026,38.9
0.0,0.034,38.9
0.0,0.044,38.9
0.0,0.051,38.9
0.0,0.057,38.9
0.048,0.058,38.9
0.23,0.034,38.9
0.408,0.021,38.9
0.519,0.019,38.9
0.551,0.019,38.9
0.537,0.018,38.9
0.342,0.014,38.9
0.068,0.007,38.9
0.015,0.018,38.9
0.0,0.049,38.9
0.0,0.074,38.9
0.0,0.093,38.9
0.0,0.118,38.9
0.0,0.111,38.9
0.0,0.1,38.9
0.0,0.131,38.9
0.0,0.164,38.9
0.0,0.215,38.9
0.0,0.171,38.9
0.0,0.082,38.9
0.0,0.02,38.9
0.0,0.03,38.9
0.0,0.038,38.9
0.0,0.044,38.9
0.041,0.055,38.9
0.208,0.055,38.9
0.47,0.068,38.9
0.562,0.121,38.9
0.58,0.155,38.9
0.57,0.162,38.9
0.476,0.133,38.9
0.308,0.087,38.9
0.081,0.065,38.9
0.0,0.057,38.9
0.0,0.053,38.9
0.0,0.055,38.9
0.0,0.063,38.9
0.0,0.074,38.9
0.0,0.081,38.9
0.0,0.099,38.9
0.0,0.134,38.9
0.0,0.17,38.9
0.0,0.175,38.9
0.0,0.153,38.9
0.0,0.13,38.9
0.0,0.121,38.9
0.0,0.136,38.9
0.0,0.156,38.9
0.031,0.159,38.9
0.116,0.142,38.9
0.183,0.106,38.9
0.201,0.101,38.9
0.19,0.105,38.9
0.164,0.106,38.9
0.119,0.107,38.9
0.052,0.102,38.9
0.003,0.104,38.9
0.0,0.124,38.9
0.0,0.161,38.9
0.0,0.227,38.9
0.0,0.295,38.9
0.0,0.355,38.9
0.0,0.413,38.9
0.0,0.454,38.9
0.0,0.472,38.9
0.0,0.502,38.9
0.0,0.535,38.9
0.0,0.488,38.9
0.0,0.421,38.9
0.0,0.374,38.9
0.0,0.367,38.9
0.0,0.388,38.9
0.046,0.383,38.9
0.248,0.248,38.9
0.446,0.185,38.9
0.601,0.237,38.9
0.644,0.297,38.9
0.601,0.303,38.9
0.485,0.269,38.9
0.297,0.231,38.9
0.069,0.225,38.9
0.0,0.206,38.9
0.0,0.166,38.9
0.0,0.147,38.9
0.0,0.167,38.9
0.0,0.217,38.9
0.0,0.268,38.9
0.0,0.292,38.9
0.0,0.253,38.9
0.0,0.207,38.9
0.0,0.163,38.9
0.0,0.111,38.9
0.0,0.082,38.9
0.0,0.048,38.9
0.0,0.025,38.9
0.0,0.025,38.9
0.077,0.033,38.9
0.187,0.031,38.9
0.297,0.029,38.9
0.453,0.039,38.9
0.463,0.042,38.9
0.352,0.041,38.9
0.193,0.033,38.9
0.088,0.02,38.9
0.019,0.011,38.9
0.0,0.006,38.9
0.0,0.003,38.9
0.0,0.002,38.9
0.0,0.001,38.9
0.0,0.001,38.9
0.0,0.001,38.9
0.0,0.001,38.9
0.0,0.002,38.9
0.0,0.002,38.9
0.0,0.002,38.9
0.0,0.003,38.9
0.0,0.005,38.9
0.0,0.008,38.9
0.0,0.009,38.9
0.0,0.011,38.9
0.047,0.012,38.9
0.169,0.01,38.9
0.358,0.006,38.9
0.524,0.005,38.9
0.549,0.006,38.9
0.525,0.007,38.9
0.405,0.005,38.9
0.238,0.006,38.9
0.049,0.019,38.9
0.0,0.038,38.9
0.0,0.053,38.9
0.0,0.059,38.9
0.0,0.06,38.9
0.0,0.055,38.9
0.0,0.047,38.9
0.0,0.035,38.9
0.0,0.019,38.9
0.0,0.009,38.9
0.0,0.023,38.9
0.0,0.087,38.9
0.0,0.154,38.9
0.0,0.164,38.9
0.0,0.151,38.9
0.0,0.149,38.9
0.053,0.136,38.9
0.133,0.095,38.9
0.245,0.075,38.9
0.329,0.079,38.9
0.399,0.108,38.9
0.384,0.121,38.9
0.314,0.115,38.9
0.196,0.09,38.9
0.046,0.079,38.9
0.0,0.087,38.9
0.0,0.098,38.9
0.0,0.097,38.9
0.0,0.084,38.9
0.0,0.058,38.9
0.0,0.035,38.9
0.0,0.017,38.9
0.0,0.006,38.9
0.0,0.002,38.9
0.0,0.002,38.9
0.0,0.003,38.9
0.0,0.002,38.9
0.0,0.001,38.9
0.0,0.005,38.9
0.0,0.013,38.9
0.038,0.017,38.9
0.127,0.009,38.9
0.21,0.005,38.9
0.267,0.011,38.9
0.28,0.017,38.9
0.232,0.025,38.9
0.178,0.039,38.9
0.106,0.057,38.9
0.016,0.077,38.9
0.0,0.092,38.9
0.0,0.097,38.9
0.0,0.093,38.9
0.0,0.086,38.9
0.0,0.084,38.9
0.0,0.088,38.9
0.0,0.088,38.9
0.0,0.067,38.9
0.0,0.037,38.9
0.0,0.024,38.9
0.0,0.021,38.9
0.0,0.021,38.9
0.0,0.026,38.9
0.0,0.031,38.9
0.0,0.03,38.9
0.006,0.025,38.9
0.041,0.016,38.9
0.088,0.009,38.9
0.121,0.007,38.9
0.135,0.006,38.9
0.128,0.004,38.9
0.091,0.003,38.9
0.05,0.002,38.9
0.01,0.002,38.9
0.0,0.003,38.9
0.0,0.005,38.9
0.0,0.005,38.9
0.0,0.004,38.9
0.0,0.003,38.9
0.0,0.003,38.9
0.0,0.002,38.9
0.0,0.003,38.9
0.0,0.004,38.9
0.0,0.005,38.9
0.0,0.006,38.9
0.0,0.008,38.9
0.0,0.014,38.9
0.0,0.027,38.9
0.0,0.031,38.9
0.02,0.018,38.9
0.086,0.007,38.9
0.161,0.003,38.9
0.204,0.002,38.9
0.22,0.001,38.9
0.25,0.001,38.9
0.248,0.002,38.9
0.169,0.003,38.9
0.041,0.005,38.9
0.0,0.004,38.9
0.0,0.003,38.9
0.0,0.005,38.9
0.0,0.005,38.9
0.0,0.003,38.9
0.0,0.002,38.9
0.0,0.002,38.9
0.0,0.001,38.9
0.0,0.002,38.9
0.0,0.004,38.9
0.0,0.008,38.9
0.0,0.016,38.9
0.0,0.021,38.9
0.0,0.025,38.9
0.0,0.029,38.9
0.03,0.026,38.9
0.096,0.021,38.9
0.177,0.012,38.9
0.244,0.009,38.9
0.33,0.011,38.9
0.362,0.011,38.9
0.328,0.012,38.9
0.144,0.007,38.9
0.011,0.005,38.9
0.0,0.012,38.9
0.0,0.033,38.9
0.0,0.063,38.9
0.0,0.093,38.9
0.0,0.114,38.9
0.0,0.164,38.9
0.0,0.241,38.9
0.0,0.291,38.9
0.0,0.302,38.9
0.0,0.272,38.9
0.0,0.26,38.9
0.0,0.234,38.9
0.0,0.186,38.9
0.0,0.145,38.9
0.0,0.154,38.9
0.034,0.098,38.9
0.089,0.04,38.9
0.247,0.033,38.9
0.421,0.041,38.9
0.469,0.119,38.9
0.445,0.241,38.9
0.407,0.285,38.9
0.296,0.328,38.9
0.083,0.377,38.9
0.0,0.374,38.9
0.0,0.375,38.9
0.0,0.432,38.9
0.0,0.455,38.9
0.0,0.469,38.9
0.0,0.492,38.9
0.0,0.494,38.9
0.0,0.495,38.9
0.0,0.519,38.9
0.0,0.54,38.9
0.0,0.548,38.9
0.0,0.541,38.9
0.0,0.481,38.9
0.0,0.364,38.9
0.0,0.231,38.9
0.224,0.149,38.9
0.427,0.096,38.9
0.569,0.041,38.9
0.645,0.029,38.9
0.651,0.034,38.9
0.6,0.05,38.9
0.487,0.059,38.9
0.325,0.061,38.9
0.11,0.076,38.9
0.0,0.123,38.9
0.0,0.184,38.9
0.0,0.227,38.9
0.0,0.233,38.9
0.0,0.225,38.9
0.0,0.219,38.9
0.0,0.22,38.9
0.0,0.227,38.9
0.0,0.212,38.9
0.0,0.179,38.9
0.0,0.155,38.9
0.0,0.133,38.9
0.0,0.092,38.9
0.0,0.054,38.9
0.0,0.032,38.9
0.073,0.025,38.9
0.215,0.021,38.9
0.326,0.02,38.9
0.371,0.034,38.9
0.385,0.048,38.9
0.371,0.042,38.9
0.278,0.027,38.9
0.129,0.017,38.9
0.032,0.011,38.9
0.0,0.008,38.9
0.0,0.008,38.9
0.0,0.019,38.9
0.0,0.031,38.9
0.0,0.035,38.9
0.0,0.031,38.9
0.0,0.023,38.9
0.0,0.022,38.9
0.0,0.028,38.9
0.0,0.039,38.9
0.0,0.053,38.9
0.0,0.064,38.9
0.0,0.072,38.9
0.0,0.072,38.9
0.0,0.067,38.9
0.199,0.066,38.9
0.403,0.047,38.9
0.554,0.046,38.9
0.628,0.058,38.9
0.644,0.07,38.9
0.603,0.077,38.9
0.506,0.085,38.9
0.342,0.092,38.9
0.114,0.097,38.9
0.0,0.119,38.9
0.0,0.157,38.9
0.0,0.192,38.9
0.0,0.208,38.9
0.0,0.204,38.9
0.0,0.188,38.9
0.0,0.164,38.9
0.0,0.132,38.9
0.0,0.097,38.9
0.0,0.065,38.9
0.0,0.042,38.9
0.0,0.02,38.9
0.0,0.008,38.9
0.0,0.009,38.9
0.0,0.012,38.9
0.06,0.011,38.9
0.16,0.009,38.9
0.278,0.018,38.9
0.321,0.018,38.9
0.356,0.013,38.9
0.31,0.009,38.9
0.25,0.004,38.9
0.118,0.002,38.9
0.009,0.007,38.9
0.0,0.017,38.9
0.0,0.018,38.9
0.0,0.017,38.9
0.0,0.005,38.9
0.0,0.006,38.9
0.0,0.018,38.9
0.0,0.032,38.9
0.0,0.037,38.9
0.0,0.043,38.9
0.0,0.057,38.9
0.0,0.055,38.9
0.0,0.078,38.9
0.0,0.139,38.9
0.0,0.178,38.9
0.0,0.192,38.9
0.044,0.195,38.9
0.152,0.147,38.9
0.167,0.168,38.9
0.281,0.196,38.9
0.29,0.243,38.9
0.489,0.286,38.9
0.307,0.293,38.9
0.146,0.239,38.9
0.073,0.202,38.9
0.0,0.237,38.9
0.0,0.289,38.9
0.0,0.336,38.9
0.0,0.328,38.9
0.0,0.323,38.9
0.0,0.328,38.9
0.0,0.319,38.9
0.0,0.346,38.9
0.0,0.379,38.9
0.0,0.379,38.9
0.0,0.393,38.9
0.0,0.478,38.9
0.0,0.559,38.9
0.0,0.584,38.9
0.0,0.593,38.9
0.126,0.601,38.9
0.338,0.583,38.9
0.521,0.473,38.9
0.588,0.377,38.9
0.582,0.352,38.9
0.539,0.374,38.9
0.387,0.396,38.9
0.2,0.439,38.9
0.059,0.532,38.9
0.0,0.615,38.9
0.0,0.646,38.9
0.0,0.657,38.9
0.0,0.677,38.9
0.0,0.677,38.9
0.0,0.642,38.9
0.0,0.615,38.9
0.0,0.633,38.9
0.0,0.685,38.9
0.0,0.763,38.9
0.0,0.803,38.9
0.0,0.791,38.9
0.0,0.801,38.9
0.0,0.822,38.9
0.0,0.862,38.9
0.235,0.923,38.9
0.463,0.889,38.9
0.602,0.86,38.9
0.674,0.918,38.9
0.683,0.888,38.9
0.607,0.833,38.9
0.431,0.756,38.9
0.237,0.674,38.9
0.077,0.66,38.9
0.0,0.635,38.9
0.0,0.69,38.9
0.0,0.816,38.9
0.0,0.809,38.9
0.0,0.715,38.9
0.0,0.646,38.9
0.0,0.566,38.9
0.0,0.522,38.9
0.0,0.535,38.9
0.0,0.556,38.9
0.0,0.594,38.9
0.0,0.635,38.9
0.0,0.641,38.9
0.0,0.681,38.9
0.006,0.793,38.9
0.29,0.828,38.9
0.487,0.81,38.9
0.619,0.846,38.9
0.694,0.91,38.9
0.718,0.926,38.9
0.682,0.918,38.9
0.586,0.895,38.9
0.424,0.841,38.9
0.184,0.772,38.9
0.0,0.739,38.9
0.0,0.692,38.9
0.0,0.652,38.9
0.0,0.589,38.9
0.0,0.454,38.9
0.0,0.302,38.9
0.0,0.21,38.9
0.0,0.154,38.9
0.0,0.103,38.9
0.0,0.061,38.9
0.0,0.039,38.9
0.0,0.036,38.9
0.0,0.042,38.9
0.0,0.052,38.9
0.002,0.071,38.9
0.204,0.074,38.9
0.375,0.041,38.9
0.581,0.009,38.9
0.679,0.016,38.9
0.693,0.025,38.9
0.648,0.031,38.9
0.548,0.039,38.9
0.386,0.048,38.9
0.157,0.06,38.9
0.0,0.048,38.9
0.0,0.035,38.9
0.0,0.035,38.9
0.0,0.038,38.9
0.0,0.041,38.9
0.0,0.067,38.9
0.0,0.107,38.9
0.0,0.126,38.9
0.0,0.113,38.9
0.0,0.089,38.9
0.0,0.077,38.9
0.0,0.071,38.9
0.0,0.065,38.9
0.0,0.054,38.9
0.008,0.04,38.9
0.28,0.027,38.9
0.483,0.013,38.9
0.616,0.014,38.9
0.685,0.02,38.9
0.698,0.021,38.9
0.658,0.02,38.9
0.561,0.018,38.9
0.398,0.017,38.9
0.163,0.014,38.9
0.0,0.019,38.9
0.0,0.033,38.9
0.0,0.047,38.9
0.0,0.054,38.9
0.0,0.055,38.9
0.0,0.048,38.9
0.0,0.043,38.9
0.0,0.045,38.9
0.0,0.046,38.9
0.0,0.045,38.9
0.0,0.042,38.9
0.0,0.032,38.9
0.0,0.02,38.9
0.0,0.011,38.9
0.0,0.01,38.9
0.034,0.01,38.9
0.107,0.007,38.9
0.195,0.004,38.9
0.303,0.004,38.9
0.397,0.005,38.9
0.424,0.006,38.9
0.299,0.007,38.9
0.155,0.007,38.9
0.049,0.007,38.9
0.0,0.004,38.9
0.0,0.003,38.9
0.0,0.005,38.9
0.0,0.008,38.9
0.0,0.011,38.9
0.0,0.014,38.9
0.0,0.017,38.9
0.0,0.02,38.9
0.0,0.021,38.9
0.0,0.022,38.9
0.0,0.021,38.9
0.0,0.024,38.9
0.0,0.025,38.9
0.0,0.023,38.9
0.0,0.014,38.9
0.094,0.008,38.9
0.25,0.007,38.9
0.477,0.019,38.9
0.63,0.041,38.9
0.649,0.055,38.9
0.601,0.068,38.9
0.499,0.087,38.9
0.334,0.109,38.9
0.111,0.095,38.9
0.0,0.117,38.9
0.0,0.172,38.9
0.0,0.243,38.9
0.0,0.278,38.9
0.0,0.282,38.9
0.0,0.255,38.9
0.0,0.227,38.9
0.0,0.244,38.9
0.0,0.239,38.9
0.0,0.238,38.9
0.0,0.272,38.9
0.0,0.311,38.9
0.0,0.309,38.9
0.0,0.316,38.9
0.001,0.264,38.9
0.111,0.157,38.9
0.25,0.107,38.9
0.43,0.118,38.9
0.584,0.145,38.9
0.648,0.172,38.9
0.617,0.179,38.9
0.534,0.155,38.9
0.385,0.112,38.9
0.172,0.143,38.9
0.0,0.241,38.9
0.0,0.352,38.9
0.0,0.499,38.9
0.0,0.65,38.9
0.0,0.705,38.9
0.0,0.73,38.9
0.0,0.765,38.9
0.0,0.801,38.9
0.0,0.842,38.9
0.0,0.866,38.9
0.0,0.866,38.9
0.0,0.849,38.9
0.0,0.833,38.9
0.0,0.789,38.9
0.019,0.7,38.9
0.284,0.675,38.9
0.471,0.63,38.9
0.606,0.55,38.9
0.68,0.566,38.9
0.697,0.55,38.9
0.662,0.529,38.9
0.571,0.494,38.9
0.417,0.454,38.9
0.195,0.487,38.9
0.001,0.507,38.9
0.0,0.508,38.9
0.0,0.497,38.9
0.0,0.458,38.9
0.0,0.454,38.9
0.0,0.479,38.9
0.0,0.449,38.9
0.0,0.374,38.9
0.0,0.317,38.9
0.0,0.357,38.9
0.0,0.447,38.9
0.0,0.463,38.9
0.0,0.41,38.9
0.0,0.363,38.9
0.026,0.337,38.9
0.313,0.294,38.9
0.507,0.204,38.9
0.637,0.167,38.9
0.706,0.179,38.9
0.723,0.179,38.9
0.686,0.162,38.9
0.593,0.138,38.9
0.438,0.101,38.9
0.212,0.077,38.9
0.003,0.048,38.9
0.0,0.022,38.9
0.0,0.012,38.9
0.0,0.013,38.9
0.0,0.015,38.9
0.0,0.02,38.9
0.0,0.02,38.9
0.0,0.014,38.9
0.0,0.016,38.9
0.0,0.023,38.9
0.0,0.024,38.9
0.0,0.034,38.9
0.0,0.058,38.9
0.0,0.069,38.9
0.004,0.066,38.9
0.233,0.055,38.9
0.481,0.053,38.9
0.612,0.075,38.9
0.679,0.069,38.9
0.669,0.055,38.9
0.562,0.064,38.9
0.445,0.085,38.9
0.271,0.109,38.9
0.065,0.124,38.9
0.0,0.214,38.9
0.0,0.383,38.9
0.0,0.454,38.9
0.0,0.383,38.9
0.0,0.266,38.9
0.0,0.157,38.9
0.0,0.084,38.9
0.0,0.061,38.9
0.0,0.063,38.9
0.0,0.014,38.9
0.0,0.002,38.9
0.0,0.035,38.9
0.0,0.088,38.9
0.0,0.126,38.9
0.028,0.136,38.9
0.298,0.111,38.9
0.496,0.053,38.9
0.624,0.049,38.9
0.692,0.05,38.9
0.707,0.041,38.9
0.669,0.028,38.9
0.578,0.02,38.9
0.427,0.015,38.9
0.209,0.017,38.9
0.006,0.022,38.9
0.0,0.028,38.9
0.0,0.032,38.9
0.0,0.027,38.9
0.0,0.016,38.9
0.0,0.02,38.9
0.0,0.03,38.9
0.0,0.036,38.9
0.0,0.054,38.9
0.0,0.088,38.9
0.0,0.125,38.9
0.0,0.14,38.9
0.0,0.122,38.9
0.0,0.086,38.9
0.014,0.057,38.9
0.225,0.036,38.9
0.438,0.017,38.9
0.591,0.014,38.9
0.677,0.009,38.9
0.694,0.003,38.9
0.667,0.004,38.9
0.576,0.006,38.9
0.418,0.006,38.9
0.177,0.01,38.9
0.001,0.006,38.9
0.0,0.004,38.9
0.0,0.007,38.9
0.0,0.011,38.9
0.0,0.017,38.9
0.0,0.028,38.9
0.0,0.055,38.9
0.0,0.046,38.9
0.0,0.035,38.9
0.0,0.047,38.9
0.0,0.078,38.9
0.0,0.096,38.9
0.0,0.112,38.9
0.0,0.104,38.9
0.002,0.079,38.9
0.073,0.057,38.9
0.186,0.045,38.9
0.33,0.033,38.9
0.449,0.033,38.9
0.525,0.041,38.9
0.484,0.047,38.9
0.245,0.048,38.9
0.114,0.048,38.9
0.05,0.052,38.9
0.0,0.078,38.9
0.0,0.115,38.9
0.0,0.144,38.9
0.0,0.15,38.9
0.0,0.136,38.9
0.0,0.142,38.9
0.0,0.147,38.9
0.0,0.133,38.9
0.0,0.138,38.9
0.0,0.137,38.9
0.0,0.138,38.9
0.0,0.156,38.9
0.0,0.104,38.9
0.0,0.073,38.9
0.002,0.059,38.9
0.078,0.063,38.9
0.215,0.113,38.9
0.352,0.153,38.9
0.449,0.167,38.9
0.442,0.186,38.9
0.374,0.187,38.9
0.28,0.174,38.9
0.177,0.151,38.9
0.062,0.128,38.9
0.0,0.171,38.9
0.0,0.258,38.9
0.0,0.223,38.9
0.0,0.151,38.9
0.0,0.102,38.9
0.0,0.059,38.9
0.0,0.037,38.9
0.0,0.032,38.9
0.0,0.03,38.9
0.0,0.042,38.9
0.0,0.083,38.9
0.0,0.148,38.9
0.0,0.187,38.9
0.0,0.192,38.9
0.011,0.179,38.9
0.215,0.135,38.9
0.483,0.089,38.9
0.637,0.123,38.9
0.706,0.225,38.9
0.722,0.206,38.9
0.682,0.165,38.9
0.591,0.13,38.9
0.439,0.096,38.9
0.222,0.057,38.9
0.015,0.03,38.9
0.0,0.021,38.9
0.0,0.02,38.9
0.0,0.027,38.9
0.0,0.035,38.9
0.0,0.044,38.9
0.0,0.054,38.9
0.0,0.06,38.9
0.0,0.066,38.9
0.0,0.063,38.9
0.0,0.047,38.9
0.0,0.033,38.9
0.0,0.037,38.9
0.0,0.045,38.9
0.015,0.053,38.9
0.169,0.062,38.9
0.357,0.048,38.9
0.586,0.058,38.9
0.684,0.081,38.9
0.703,0.101,38.9
0.647,0.112,38.9
0.543,0.116,38.9
0.399,0.114,38.9
0.195,0.134,38.9
0.015,0.199,38.9
0.0,0.274,38.9
0.0,0.343,38.9
0.0,0.343,38.9
0.0,0.295,38.9
0.0,0.203,38.9
0.0,0.095,38.9
0.0,0.028,38.9
0.0,0.007,38.9
0.0,0.013,38.9
0.0,0.013,38.9
0.0,0.027,38.9
0.0,0.057,38.9
0.0,0.093,38.9
0.044,0.119,38.9
0.286,0.108,38.9
0.483,0.057,38.9
0.618,0.034,38.9
0.691,0.032,38.9
0.713,0.034,38.9
0.684,0.034,38.9
0.597,0.039,38.9
0.449,0.051,38.9
0.235,0.07,38.9
0.022,0.118,38.9
0.0,0.204,38.9
0.0,0.283,38.9
0.0,0.311,38.9
0.0,0.274,38.9
0.0,0.223,38.9
0.0,0.169,38.9
0.0,0.133,38.9
0.0,0.108,38.9
0.0,0.118,38.9
0.0,0.143,38.9
0.0,0.133,38.9
0.0,0.112,38.9
0.0,0.099,38.9
0.049,0.113,38.9
0.308,0.113,38.9
0.501,0.068,38.9
0.612,0.035,38.9
0.656,0.02,38.9
0.64,0.016,38.9
0.569,0.017,38.9
0.475,0.019,38.9
0.42,0.026,38.9
0.228,0.039,38.9
0.02,0.069,38.9
0.0,0.107,38.9
0.0,0.129,38.9
0.0,0.122,38.9
0.0,0.102,38.9
0.0,0.112,38.9
0.0,0.147,38.9
0.0,0.169,38.9
0.0,0.167,38.9
0.0,0.148,38.9
0.0,0.127,38.9
0.0,0.099,38.9
0.0,0.056,38.9
0.0,0.032,38.9
0.053,0.044,38.9
0.296,0.046,38.9
0.495,0.041,38.9
0.621,0.048,38.9
0.692,0.035,38.9
0.708,0.02,38.9
0.668,0.01,38.9
0.579,0.002,38.9
0.426,0.001,38.9
0.188,0.004,38.9
0.015,0.006,38.9
0.0,0.008,38.9
0.0,0.015,38.9
0.0,0.051,38.9
0.0,0.085,38.9
0.0,0.117,38.9
0.0,0.203,38.9
0.0,0.264,38.9
0.0,0.284,38.9
0.0,0.294,38.9
0.0,0.267,38.9
0.0,0.256,38.9
0.0,0.276,38.9
0.0,0.323,38.9
0.024,0.28,38.9
0.164,0.2,38.9
0.356,0.179,38.9
0.556,0.198,38.9
0.668,0.209,38.9
0.684,0.225,38.9
0.644,0.249,38.9
0.552,0.305,38.9
0.407,0.372,38.9
0.204,0.467,38.9
0.015,0.567,38.9
0.0,0.574,38.9
0.0,0.532,38.9
0.0,0.516,38.9
0.0,0.513,38.9
0.0,0.522,38.9
0.0,0.535,38.9
0.0,0.528,38.9
0.0,0.544,38.9
0.0,0.562,38.9
0.0,0.552,38.9
0.0,0.533,38.9
0.0,0.532,38.9
0.0,0.525,38.9
0.078,0.484,38.9
0.323,0.35,38.9
0.508,0.196,38.9
0.631,0.122,38.9
0.696,0.075,38.9
0.71,0.08,38.9
0.674,0.108,38.9
0.587,0.147,38.9
0.444,0.203,38.9
0.238,0.261,38.9
0.029,0.315,38.9
0.0,0.324,38.9
0.0,0.259,38.9
0.0,0.192,38.9
0.0,0.144,38.9
0.0,0.124,38.9
0.0,0.099,38.9
0.0,0.083,38.9
0.0,0.086,38.9
0.0,0.092,38.9
0.0,0.094,38.9
0.0,0.084,38.9
0.0,0.074,38.9
0.0,0.083,38.9
0.008,0.094,38.9
0.082,0.108,38.9
0.245,0.134,38.9
0.398,0.133,38.9
0.481,0.119,38.9
0.499,0.112,38.9
0.355,0.101,38.9
0.159,0.093,38.9
0.073,0.089,38.9
0.026,0.118,38.9
0.0,0.212,38.9
0.0,0.297,38.9
0.0,0.315,38.9
0.0,0.289,38.9
0.0,0.24,38.9
0.0,0.181,38.9
0.0,0.152,38.9
0.0,0.155,38.9
0.0,0.188,38.9
0.0,0.35,38.9
0.0,0.58,38.9
0.0,0.685,38.9
0.0,0.706,38.9
0.0,0.725,38.9
0.084,0.715,38.9
0.313,0.635,38.9
0.48,0.482,38.9
0.616,0.426,38.9
0.7,0.289,38.9
0.634,0.42,38.9
0.334,0.744,38.9
0.28,0.837,38.9
0.291,0.823,38.9
0.181,0.839,38.9
0.027,0.862,38.9
0.0,0.822,38.9
0.0,0.72,38.9
0.0,0.563,38.9
0.0,0.466,38.9
0.0,0.41,38.9
0.0,0.347,38.9
0.0,0.283,38.9
0.0,0.223,38.9
0.0,0.182,38.9
0.0,0.16,38.9
0.0,0.167,38.9
0.0,0.186,38.9
0.0,0.21,38.9
0.1,0.216,38.9
0.342,0.145,38.9
0.519,0.07,38.9
0.558,0.107,38.9
0.38,0.207,38.9
0.243,0.28,38.9
0.221,0.337,38.9
0.271,0.415,38.9
0.285,0.464,38.9
0.204,0.376,38.9
0.024,0.352,38.9
0.0,0.316,38.9
0.0,0.187,38.9
0.0,0.06,38.9
0.0,0.032,38.9
0.0,0.154,38.9
0.0,0.417,38.9
0.0,0.688,38.9
0.0,0.786,38.9
0.0,0.754,38.9
0.0,0.688,38.9
0.0,0.622,38.9
0.0,0.531,38.9
0.0,0.401,38.9
0.124,0.252,38.9
0.369,0.139,38.9
0.559,0.11,38.9
0.685,0.119,38.9
0.754,0.079,38.9
0.769,0.045,38.9
0.731,0.022,38.9
0.639,0.009,38.9
0.488,0.005,38.9
0.272,0.013,38.9
0.043,0.054,38.9
0.0,0.118,38.9
0.0,0.183,38.9
0.0,0.219,38.9
0.0,0.233,38.9
0.0,0.233,38.9
0.0,0.233,38.9
0.0,0.235,38.9
0.0,0.228,38.9
0.0,0.213,38.9
0.0,0.194,38.9
0.0,0.171,38.9
0.0,0.152,38.9
0.0,0.134,38.9
0.016,0.11,38.9
0.136,0.069,38.9
0.246,0.07,38.9
0.236,0.101,38.9
0.251,0.128,38.9
0.305,0.161,38.9
0.333,0.175,38.9
0.154,0.179,38.9
0.104,0.2,38.9
0.119,0.176,38.9
0.008,0.177,38.9
0.0,0.19,38.9
0.0,0.175,38.9
0.0,0.161,38.9
0.0,0.151,38.9
0.0,0.136,38.9
0.0,0.095,38.9
0.0,0.055,38.9
0.0,0.035,38.9
0.0,0.041,38.9
0.0,0.057,38.9
0.0,0.054,38.9
0.0,0.046,38.9
0.0,0.045,38.9
0.002,0.047,38.9
0.034,0.038,38.9
0.074,0.027,38.9
0.122,0.019,38.9
0.186,0.018,38.9
0.212,0.012,38.9
0.243,0.007,38.9
0.299,0.002,38.9
0.246,0.001,38.9
0.111,0.006,38.9
0.016,0.02,38.9
0.0,0.045,38.9
0.0,0.069,38.9
0.0,0.05,38.9
0.0,0.007,38.9
0.0,0.011,38.9
0.0,0.008,38.9
0.0,0.025,38.9
0.0,0.019,38.9
0.0,0.028,38.9
0.0,0.1,38.9
0.0,0.225,38.9
0.0,0.267,38.9
0.0,0.241,38.9
0.0,0.213,38.9
0.024,0.212,38.9
0.047,0.305,38.9
0.062,0.535,38.9
0.07,0.688,38.9
0.082,0.754,38.9
0.093,0.734,38.9
0.098,0.58,38.9
0.089,0.322,38.9
0.071,0.212,38.9
0.006,0.272,38.9
0.0,0.3,38.9
0.0,0.238,38.9
0.0,0.142,38.9
0.0,0.099,38.9
0.0,0.074,38.9
0.0,0.065,38.9
0.0,0.081,38.9
0.0,0.117,38.9
0.0,0.184,38.9
0.0,0.301,38.9
0.0,0.459,38.9
0.0,0.591,38.9
0.0,0.681,38.9
0.026,0.618,38.9
0.174,0.464,38.9
0.337,0.37,38.9
0.463,0.405,38.9
0.518,0.358,38.9
0.567,0.272,38.9
0.635,0.184,38.9
0.604,0.118,38.9
0.482,0.089,38.9
0.281,0.094,38.9
0.048,0.134,38.9
0.0,0.164,38.9
0.0,0.162,38.9
0.0,0.144,38.9
0.0,0.167,38.9
0.0,0.227,38.9
0.0,0.276,38.9
0.0,0.3,38.9
0.0,0.315,38.9
0.0,0.315,38.9
0.0,0.313,38.9
0.0,0.294,38.9
0.0,0.255,38.9
0.0,0.237,38.9
0.129,0.192,38.9
0.36,0.095,38.9
0.544,0.079,38.9
0.666,0.114,38.9
0.732,0.085,38.9
0.74,0.043,38.9
0.703,0.019,38.9
0.548,0.009,38.9
0.246,0.005,38.9
0.247,0.005,38.9
0.055,0.022,38.9
0.0,0.059,38.9
0.0,0.087,38.9
0.0,0.096,38.9
0.0,0.088,38.9
0.0,0.093,38.9
0.0,0.104,38.9
0.0,0.112,38.9
0.0,0.137,38.9
0.0,0.177,38.9
0.0,0.188,38.9
0.0,0.201,38.9
0.0,0.148,38.9
0.0,0.123,38.9
0.035,0.135,38.9
0.143,0.107,38.9
0.159,0.087,38.9
0.167,0.086,38.9
0.194,0.096,38.9
0.205,0.116,38.9
0.203,0.14,38.9
0.112,0.157,38.9
0.048,0.163,38.9
0.02,0.169,38.9
0.0,0.179,38.9
0.0,0.196,38.9
0.0,0.212,38.9
0.0,0.251,38.9
0.0,0.283,38.9
0.0,0.249,38.9
0.0,0.177,38.9
0.0,0.084,38.9
0.0,0.018,38.9
0.0,0.003,38.9
0.0,0.009,38.9
0.0,0.032,38.9
0.0,0.041,38.9
0.0,0.033,38.9
0.045,0.02,38.9
0.203,0.012,38.9
0.468,0.011,38.9
0.61,0.019,38.9
0.73,0.016,38.9
0.756,0.009,38.9
0.721,0.008,38.9
0.634,0.011,38.9
0.491,0.014,38.9
0.265,0.011,38.9
0.039,0.01,38.9
0.0,0.016,38.9
0.0,0.02,38.9
0.0,0.03,38.9
0.0,0.046,38.9
0.0,0.079,38.9
0.0,0.113,38.9
0.0,0.115,38.9
0.0,0.108,38.9
0.0,0.131,38.9
0.0,0.172,38.9
0.0,0.228,38.9
0.0,0.291,38.9
0.0,0.313,38.9
0.096,0.302,38.9
0.328,0.203,38.9
0.55,0.223,38.9
0.671,0.486,38.9
0.739,0.467,38.9
0.755,0.413,38.9
0.721,0.395,38.9
0.637,0.388,38.9
0.499,0.407,38.9
0.305,0.413,38.9
0.078,0.51,38.9
0.0,0.622,38.9
0.0,0.583,38.9
0.0,0.499,38.9
0.0,0.45,38.9
0.0,0.431,38.9
0.0,0.411,38.9
0.0,0.334,38.9
0.0,0.235,38.9
0.0,0.169,38.9
0.0,0.122,38.9
0.0,0.084,38.9
0.0,0.057,38.9
0.0,0.041,38.9
0.121,0.028,38.9
0.348,0.014,38.9
0.533,0.006,38.9
0.653,0.002,38.9
0.713,0.001,38.9
0.731,0.005,38.9
0.697,0.007,38.9
0.601,0.013,38.9
0.388,0.017,38.9
0.128,0.014,38.9
0.018,0.014,38.9
0.0,0.035,38.9
0.0,0.068,38.9
0.0,0.113,38.9
0.0,0.158,38.9
0.0,0.17,38.9
0.0,0.175,38.9
0.0,0.176,38.9
0.0,0.178,38.9
0.0,0.15,38.9
0.0,0.107,38.9
0.0,0.082,38.9
0.0,0.067,38.9
0.0,0.051,38.9
0.007,0.019,38.9
0.037,0.007,38.9
0.069,0.018,38.9
0.094,0.036,38.9
0.111,0.061,38.9
0.127,0.054,38.9
0.143,0.031,38.9
0.165,0.02,38.9
0.173,0.02,38.9
0.108,0.011,38.9
0.026,0.005,38.9
0.0,0.007,38.9
0.0,0.008,38.9
0.0,0.008,38.9
0.0,0.019,38.9
0.0,0.058,38.9
0.0,0.117,38.9
0.0,0.212,38.9
0.0,0.27,38.9
0.0,0.213,38.9
0.0,0.21,38.9
0.0,0.18,38.9
0.0,0.065,38.9
0.0,0.031,38.9
0.021,0.032,38.9
0.088,0.03,38.9
0.148,0.023,38.9
0.196,0.027,38.9
0.364,0.038,38.9
0.6,0.052,38.9
0.574,0.075,38.9
0.498,0.101,38.9
0.32,0.133,38.9
0.161,0.172,38.9
0.028,0.264,38.9
0.0,0.379,38.9
0.0,0.447,38.9
0.0,0.472,38.9
0.0,0.494,38.9
0.0,0.473,38.9
0.0,0.426,38.9
0.0,0.352,38.9
0.0,0.29,38.9
0.0,0.253,38.9
0.0,0.236,38.9
0.0,0.245,38.9
0.0,0.275,38.9
0.0,0.302,38.9
0.119,0.272,38.9
0.347,0.167,38.9
0.524,0.107,38.9
0.642,0.102,38.9
0.707,0.091,38.9
0.723,0.1,38.9
0.692,0.113,38.9
0.612,0.142,38.9
0.481,0.186,38.9
0.297,0.261,38.9
0.083,0.377,38.9
0.0,0.498,38.9
0.0,0.496,38.9
0.0,0.426,38.9
0.0,0.349,38.9
0.0,0.292,38.9
0.0,0.249,38.9
0.0,0.214,38.9
0.0,0.191,38.9
0.0,0.174,38.9
0.0,0.163,38.9
0.0,0.179,38.9
0.0,0.212,38.9
0.0,0.228,38.9
0.081,0.188,38.9
0.252,0.148,38.9
0.431,0.141,38.9
0.512,0.115,38.9
0.406,0.125,38.9
0.401,0.17,38.9
0.432,0.214,38.9
0.38,0.254,38.9
0.312,0.302,38.9
0.181,0.354,38.9
0.05,0.374,38.9
0.0,0.379,38.9
0.0,0.345,38.9
0.0,0.274,38.9
0.0,0.216,38.9
0.0,0.171,38.9
0.0,0.137,38.9
0.0,0.138,38.9
0.0,0.147,38.9
0.0,0.106,38.9
0.0,0.127,38.9
0.0,0.194,38.9
0.0,0.233,38.9
0.0,0.219,38.9
0.015,0.161,38.9
0.122,0.123,38.9
0.403,0.14,38.9
0.47,0.09,38.9
0.534,0.07,38.9
0.684,0.058,38.9
0.68,0.043,38.9
0.597,0.031,38.9
0.436,0.03,38.9
0.254,0.047,38.9
0.079,0.069,38.9
0.0,0.086,38.9
0.0,0.101,38.9
0.0,0.115,38.9
0.0,0.099,38.9
0.0,0.08,38.9
0.0,0.076,38.9
0.0,0.072,38.9
0.0,0.076,38.9
0.0,0.112,38.9
0.0,0.174,38.9
0.0,0.286,38.9
0.0,0.341,38.9
0.0,0.352,38.9
0.037,0.312,38.9
0.12,0.241,38.9
0.175,0.223,38.9
0.236,0.245,38.9
0.282,0.26,38.9
0.381,0.26,38.9
0.449,0.231,38.9
0.462,0.198,38.9
0.405,0.17,38.9
0.254,0.148,38.9
0.071,0.147,38.9
0.0,0.174,38.9
0.0,0.207,38.9
0.0,0.223,38.9
0.0,0.206,38.9
0.0,0.179,38.9
0.0,0.163,38.9
0.0,0.169,38.9
0.0,0.192,38.9
0.0,0.215,38.9
0.0,0.218,38.9
0.0,0.198,38.9
0.0,0.168,38.9
0.0,0.139,38.9
0.089,0.112,38.9
0.296,0.141,38.9
0.488,0.223,38.9
0.643,0.248,38.9
0.711,0.231,38.9
0.738,0.199,38.9
0.706,0.16,38.9
0.621,0.13,38.9
0.484,0.113,38.9
0.302,0.111,38.9
0.095,0.154,38.9
0.0,0.248,38.9
0.0,0.314,38.9
0.0,0.328,38.9
0.0,0.299,38.9
0.0,0.256,38.9
0.0,0.22,38.9
0.0,0.195,38.9
0.0,0.187,38.9
0.0,0.189,38.9
0.0,0.182,38.9
0.0,0.14,38.9
0.0,0.09,38.9
0.0,0.068,38.9
0.162,0.059,38.9
0.389,0.05,38.9
0.567,0.093,38.9
0.688,0.11,38.9
0.754,0.105,38.9
0.77,0.094,38.9
0.735,0.077,38.9
0.65,0.061,38.9
0.509,0.049,38.9
0.312,0.053,38.9
0.09,0.083,38.9
0.0,0.102,38.9
0.0,0.103,38.9
0.0,0.098,38.9
0.0,0.086,38.9
0.0,0.068,38.9
0.0,0.058,38.9
0.0,0.056,38.9
0.0,0.044,38.9
0.0,0.023,38.9
0.0,0.008,38.9
0.0,0.005,38.9
0.0,0.011,38.9
0.0,0.02,38.9
0.144,0.024,38.9
0.362,0.01,38.9
0.538,0.003,38.9
0.654,0.003,38.9
0.718,0.002,38.9
0.731,0.001,38.9
0.696,0.001,38.9
0.615,0.002,38.9
0.483,0.002,38.9
0.301,0.001,38.9
0.094,0.006,38.9
0.0,0.02,38.9
0.0,0.039,38.9
0.0,0.051,38.9
0.0,0.053,38.9
0.0,0.053,38.9
0.0,0.047,38.9
0.0,0.039,38.9
0.0,0.033,38.9
0.0,0.03,38.9
0.0,0.025,38.9
0.0,0.015,38.9
0.0,0.006,38.9
0.0,0.01,38.9
0.132,0.032,38.9
0.333,0.039,38.9
0.508,0.054,38.9
0.624,0.071,38.9
0.701,0.072,38.9
0.723,0.062,38.9
0.689,0.052,38.9
0.61,0.045,38.9
0.479,0.042,38.9
0.298,0.037,38.9
0.096,0.037,38.9
0.0,0.034,38.9
0.0,0.03,38.9
0.0,0.025,38.9
0.0,0.026,38.9
0.0,0.026,38.9
0.0,0.021,38.9
0.0,0.015,38.9
0.0,0.014,38.9
0.0,0.018,38.9
0.0,0.027,38.9
0.0,0.036,38.9
0.0,0.039,38.9
0.0,0.036,38.9
0.145,0.029,38.9
0.357,0.014,38.9
0.53,0.01,38.9
0.647,0.013,38.9
0.714,0.015,38.9
0.731,0.014,38.9
0.699,0.012,38.9
0.62,0.01,38.9
0.49,0.008,38.9
0.31,0.01,38.9
0.105,0.02,38.9
0.0,0.045,38.9
0.0,0.083,38.9
0.0,0.131,38.9
0.0,0.182,38.9
0.0,0.202,38.9
0.0,0.185,38.9
0.0,0.146,38.9
0.0,0.103,38.9
0.0,0.067,38.9
0.0,0.042,38.9
0.0,0.033,38.9
0.0,0.038,38.9
0.0,0.052,38.9
0.113,0.072,38.9
0.314,0.058,38.9
0.496,0.058,38.9
0.551,0.055,38.9
0.595,0.064,38.9
0.586,0.077,38.9
0.553,0.093,38.9
0.459,0.12,38.9
0.325,0.124,38.9
0.179,0.124,38.9
0.059,0.191,38.9
0.0,0.301,38.9
0.0,0.379,38.9
0.0,0.398,38.9
0.0,0.388,38.9
0.0,0.345,38.9
0.0,0.225,38.9
0.0,0.16,38.9
0.0,0.144,38.9
0.0,0.133,38.9
0.0,0.132,38.9
0.0,0.136,38.9
0.0,0.136,38.9
0.0,0.115,38.9
0.113,0.077,38.9
0.294,0.042,38.9
0.47,0.027,38.9
0.641,0.011,38.9
0.707,0.007,38.9
0.723,0.009,38.9
0.689,0.014,38.9
0.605,0.02,38.9
0.468,0.025,38.9
0.272,0.032,38.9
0.091,0.053,38.9
0.0,0.095,38.9
0.0,0.139,38.9
0.0,0.162,38.9
0.0,0.149,38.9
0.0,0.095,38.9
0.0,0.051,38.9
0.0,0.082,38.9
0.0,0.214,38.9
0.0,0.423,38.9
0.0,0.578,38.9
0.0,0.698,38.9
0.0,0.681,38.9
0.0,0.63,38.9
0.074,0.613,38.9
0.199,0.656,38.9
0.298,0.668,38.9
0.344,0.6,38.9
0.334,0.536,38.9
0.357,0.485,38.9
0.406,0.424,38.9
0.421,0.343,38.9
0.353,0.264,38.9
0.233,0.199,38.9
0.085,0.154,38.9
0.0,0.175,38.9
0.0,0.282,38.9
0.0,0.437,38.9
0.0,0.563,38.9
0.0,0.627,38.9
0.0,0.68,38.9
0.0,0.669,38.9
0.0,0.648,38.9
0.0,0.597,38.9
0.0,0.527,38.9
0.0,0.49,38.9
0.0,0.48,38.9
0.003,0.468,38.9
0.177,0.38,38.9
0.404,0.564,38.9
0.586,0.587,38.9
0.714,0.514,38.9
0.781,0.397,38.9
0.8,0.277,38.9
0.769,0.177,38.9
0.686,0.111,38.9
0.548,0.074,38.9
0.357,0.058,38.9
0.131,0.073,38.9
0.0,0.124,38.9
0.0,0.16,38.9
0.0,0.155,38.9
0.0,0.118,38.9
0.0,0.063,38.9
0.0,0.024,38.9
0.0,0.008,38.9
0.0,0.004,38.9
0.0,0.005,38.9
0.0,0.012,38.9
0.0,0.025,38.9
0.0,0.04,38.9
0.004,0.046,38.9
0.173,0.029,38.9
0.4,0.026,38.9
0.58,0.037,38.9
0.699,0.032,38.9
0.75,0.028,38.9
0.754,0.028,38.9
0.717,0.029,38.9
0.644,0.036,38.9
0.521,0.042,38.9
0.342,0.042,38.9
0.13,0.039,38.9
0.0,0.044,38.9
0.0,0.085,38.9
0.0,0.179,38.9
0.0,0.306,38.9
0.0,0.402,38.9
0.0,0.402,38.9
0.0,0.319,38.9
0.0,0.167,38.9
0.0,0.067,38.9
0.0,0.039,38.9
0.0,0.038,38.9
0.0,0.036,38.9
0.0,0.03,38.9
0.066,0.022,38.9
0.17,0.032,38.9
0.285,0.112,38.9
0.36,0.199,38.9
0.358,0.255,38.9
0.335,0.294,38.9
0.284,0.313,38.9
0.245,0.336,38.9
0.175,0.353,38.9
0.109,0.368,38.9
0.04,0.382,38.9
0.0,0.446,38.9
0.0,0.527,38.9
0.0,0.573,38.9
0.0,0.575,38.9
0.0,0.51,38.9
0.0,0.458,38.9
0.0,0.411,38.9
0.0,0.27,38.9
0.0,0.192,38.9
0.0,0.158,38.9
0.0,0.135,38.9
0.0,0.12,38.9
0.005,0.099,38.9
0.114,0.074,38.9
0.221,0.09,38.9
0.214,0.138,38.9
0.232,0.198,38.9
0.232,0.233,38.9
0.234,0.249,38.9
0.209,0.233,38.9
0.174,0.197,38.9
0.137,0.154,38.9
0.087,0.111,38.9
0.026,0.101,38.9
0.0,0.11,38.9
0.0,0.109,38.9
0.0,0.107,38.9
0.0,0.118,38.9
0.0,0.133,38.9
0.0,0.145,38.9
0.0,0.138,38.9
0.0,0.142,38.9
0.0,0.123,38.9
0.0,0.106,38.9
0.0,0.087,38.9
0.0,0.09,38.9
0.002,0.086,38.9
0.091,0.083,38.9
0.222,0.105,38.9
0.34,0.183,38.9
0.405,0.242,38.9
0.338,0.239,38.9
0.289,0.195,38.9
0.283,0.136,38.9
0.271,0.09,38.9
0.212,0.056,38.9
0.136,0.038,38.9
0.048,0.019,38.9
0.0,0.015,38.9
0.0,0.019,38.9
0.0,0.025,38.9
0.0,0.04,38.9
0.0,0.068,38.9
0.0,0.104,38.9
0.0,0.126,38.9
0.0,0.128,38.9
0.0,0.13,38.9
0.0,0.122,38.9
0.0,0.087,38.9
0.0,0.049,38.9
0.003,0.028,38.9
0.102,0.021,38.9
0.271,0.008,38.9
0.454,0.007,38.9
0.58,0.009,38.9
0.654,0.013,38.9
0.675,0.015,38.9
0.676,0.014,38.9
0.593,0.012,38.9
0.456,0.009,38.9
0.277,0.01,38.9
0.097,0.019,38.9
0.0,0.049,38.9
0.0,0.092,38.9
0.0,0.137,38.9
0.0,0.169,38.9
0.0,0.177,38.9
0.0,0.155,38.9
0.0,0.116,38.9
0.0,0.09,38.9
0.0,0.078,38.9
0.0,0.064,38.9
0.0,0.053,38.9
0.0,0.046,38.9
0.005,0.051,38.9
0.115,0.068,38.9
0.273,0.059,38.9
0.417,0.062,38.9
0.531,0.053,38.9
0.549,0.037,38.9
0.534,0.029,38.9
0.463,0.026,38.9
0.356,0.031,38.9
0.243,0.045,38.9
0.147,0.075,38.9
0.056,0.145,38.9
0.0,0.27,38.9
0.0,0.381,38.9
0.0,0.391,38.9
0.0,0.345,38.9
0.0,0.272,38.9
0.0,0.192,38.9
0.0,0.11,38.9
0.0,0.066,38.9
0.0,0.111,38.9
0.0,0.131,38.9
0.0,0.121,38.9
0.0,0.105,38.9
0.0,0.121,38.9
0.035,0.137,38.9
0.106,0.232,38.9
0.198,0.465,38.9
0.294,0.467,38.9
0.357,0.325,38.9
0.289,0.201,38.9
0.216,0.161,38.9
0.136,0.199,38.9
0.111,0.256,38.9
0.078,0.303,38.9
0.019,0.362,38.9
0.0,0.453,38.9
0.0,0.547,38.9
0.0,0.647,38.9
0.0,0.699,38.9
0.0,0.701,38.9
0.0,0.674,38.9
0.0,0.615,38.9
0.0,0.52,38.9
0.0,0.413,38.9
0.0,0.325,38.9
0.0,0.259,38.9
0.0,0.227,38.9
0.007,0.227,38.9
0.126,0.226,38.9
0.315,0.351,38.9
0.494,0.483,38.9
0.627,0.423,38.9
0.702,0.322,38.9
0.709,0.229,38.9
0.667,0.175,38.9
0.592,0.137,38.9
0.473,0.118,38.9
0.324,0.126,38.9
0.142,0.156,38.9
0.003,0.194,38.9
0.0,0.213,38.9
0.0,0.192,38.9
0.0,0.147,38.9
0.0,0.101,38.9
0.0,0.062,38.9
0.0,0.035,38.9
0.0,0.022,38.9
0.0,0.022,38.9
0.0,0.032,38.9
0.0,0.061,38.9
0.0,0.086,38.9
0.014,0.079,38.9
0.205,0.042,38.9
0.423,0.054,38.9
0.597,0.045,38.9
0.714,0.035,38.9
0.78,0.027,38.9
0.797,0.022,38.9
0.766,0.02,38.9
0.685,0.019,38.9
0.553,0.019,38.9
0.373,0.021,38.9
0.159,0.03,38.9
0.004,0.058,38.9
0.0,0.086,38.9
0.0,0.1,38.9
0.0,0.098,38.9
0.0,0.086,38.9
0.0,0.062,38.9
0.0,0.035,38.9
0.0,0.015,38.9
0.0,0.006,38.9
0.0,0.002,38.9
0.0,0.002,38.9
0.0,0.004,38.9
0.015,0.009,38.9
0.202,0.01,38.9
0.418,0.004,38.9
0.589,0.001,38.9
0.703,0.005,38.9
0.77,0.01,38.9
0.787,0.012,38.9
0.759,0.011,38.9
0.679,0.009,38.9
0.548,0.008,38.9
0.368,0.009,38.9
0.157,0.012,38.9
0.004,0.024,38.9
0.0,0.042,38.9
0.0,0.064,38.9
0.0,0.087,38.9
0.0,0.097,38.9
0.0,0.096,38.9
0.0,0.095,38.9
0.0,0.089,38.9
0.0,0.077,38.9
0.0,0.063,38.9
0.0,0.054,38.9
0.0,0.042,38.9
0.016,0.028,38.9
0.194,0.014,38.9
0.403,0.006,38.9
0.57,0.025,38.9
0.679,0.04,38.9
0.744,0.046,38.9
0.759,0.051,38.9
0.722,0.057,38.9
0.644,0.06,38.9
0.517,0.062,38.9
0.345,0.068,38.9
0.148,0.084,38.9
0.005,0.108,38.9
0.0,0.102,38.9
0.0,0.07,38.9
0.0,0.035,38.9
0.0,0.015,38.9
0.0,0.007,38.9
0.0,0.005,38.9
0.0,0.007,38.9
0.0,0.009,38.9
0.0,0.011,38.9
0.0,0.014,38.9
0.0,0.019,38.9
0.019,0.024,38.9
0.197,0.022,38.9
0.405,0.019,38.9
0.569,0.042,38.9
0.683,0.041,38.9
0.747,0.035,38.9
0.762,0.03,38.9
0.727,0.027,38.9
0.647,0.032,38.9
0.52,0.045,38.9
0.346,0.058,38.9
0.147,0.087,38.9
0.006,0.141,38.9
0.0,0.186,38.9
0.0,0.209,38.9
0.0,0.211,38.9
0.0,0.186,38.9
0.0,0.151,38.9
0.0,0.138,38.9
0.0,0.175,38.9
0.0,0.254,38.9
0.0,0.332,38.9
0.0,0.376,38.9
0.0,0.364,38.9
0.021,0.291,38.9
0.194,0.162,38.9
0.399,0.138,38.9
0.564,0.188,38.9
0.671,0.167,38.9
0.74,0.159,38.9
0.76,0.175,38.9
0.732,0.181,38.9
0.658,0.177,38.9
0.534,0.16,38.9
0.361,0.139,38.9
0.159,0.122,38.9
0.006,0.119,38.9
0.0,0.122,38.9
0.0,0.122,38.9
0.0,0.107,38.9
0.0,0.076,38.9
0.0,0.071,38.9
0.0,0.106,38.9
0.0,0.153,38.9
0.0,0.187,38.9
0.0,0.181,38.9
0.0,0.168,38.9
0.0,0.142,38.9
0.023,0.101,38.9
0.197,0.054,38.9
0.4,0.046,38.9
0.564,0.105,38.9
0.678,0.124,38.9
0.741,0.114,38.9
0.757,0.102,38.9
0.726,0.085,38.9
0.649,0.074,38.9
0.524,0.069,38.9
0.352,0.07,38.9
0.155,0.07,38.9
0.007,0.063,38.9
0.0,0.047,38.9
0.0,0.026,38.9
0.0,0.015,38.9
0.0,0.007,38.9
0.0,0.012,38.9
0.0,0.022,38.9
0.0,0.026,38.9
0.0,0.038,38.9
0.0,0.074,38.9
0.0,0.125,38.9
0.0,0.151,38.9
0.024,0.123,38.9
0.203,0.065,38.9
0.406,0.038,38.9
0.568,0.076,38.9
0.677,0.088,38.9
0.739,0.086,38.9
0.754,0.087,38.9
0.725,0.088,38.9
0.649,0.089,38.9
0.526,0.091,38.9
0.357,0.108,38.9
0.16,0.147,38.9
0.008,0.215,38.9
0.0,0.278,38.9
0.0,0.302,38.9
0.0,0.271,38.9
0.0,0.201,38.9
0.0,0.143,38.9
0.0,0.139,38.9
0.0,0.175,38.9
0.0,0.205,38.9
0.0,0.211,38.9
0.0,0.184,38.9
0.0,0.137,38.9
0.027,0.097,38.9
0.209,0.058,38.9
0.415,0.05,38.9
0.578,0.103,38.9
0.69,0.131,38.9
0.752,0.123,38.9
0.767,0.107,38.9
0.736,0.09,38.9
0.66,0.076,38.9
0.536,0.068,38.9
0.364,0.068,38.9
0.165,0.082,38.9
0.008,0.107,38.9
0.0,0.122,38.9
0.0,0.118,38.9
0.0,0.095,38.9
0.0,0.064,38.9
0.0,0.035,38.9
0.0,0.019,38.9
0.0,0.017,38.9
0.0,0.021,38.9
0.0,0.025,38.9
0.0,0.03,38.9
0.0,0.035,38.9
0.028,0.034,38.9
0.205,0.022,38.9
0.406,0.01,38.9
0.565,0.014,38.9
0.67,0.014,38.9
0.732,0.01,38.9
0.747,0.008,38.9
0.724,0.006,38.9
0.649,0.006,38.9
0.527,0.007,38.9
0.359,0.009,38.9
0.163,0.014,38.9
0.009,0.028,38.9
0.0,0.053,38.9
0.0,0.082,38.9
0.0,0.1,38.9
0.0,0.089,38.9
0.0,0.064,38.9
0.0,0.054,38.9
0.0,0.052,38.9
0.0,0.049,38.9
0.0,0.041,38.9
0.0,0.033,38.9
0.0,0.026,38.9
0.03,0.019,38.9
0.211,0.012,38.9
0.413,0.004,38.9
0.572,0.017,38.9
0.68,0.043,38.9
0.742,0.048,38.9
0.758,0.04,38.9
0.728,0.03,38.9
0.653,0.019,38.9
0.53,0.01,38.9
0.362,0.006,38.9
0.166,0.006,38.9
0.012,0.015,38.9
0.0,0.045,38.9
0.0,0.089,38.9
0.0,0.132,38.9
0.0,0.165,38.9
0.0,0.175,38.9
0.0,0.169,38.9
0.0,0.162,38.9
0.0,0.149,38.9
0.0,0.144,38.9
0.0,0.142,38.9
0.0,0.137,38.9
0.032,0.128,38.9
0.211,0.094,38.9
0.409,0.049,38.9
0.565,0.042,38.9
0.672,0.034,38.9
0.732,0.037,38.9
0.749,0.054,38.9
0.724,0.081,38.9
0.652,0.114,38.9
0.534,0.155,38.9
0.37,0.219,38.9
0.174,0.328,38.9
0.013,0.504,38.9
0.0,0.631,38.9
0.0,0.641,38.9
0.0,0.584,38.9
0.0,0.488,38.9
0.0,0.386,38.9
0.0,0.341,38.9
0.0,0.328,38.9
0.0,0.275,38.9
0.0,0.248,38.9
0.0,0.229,38.9
0.0,0.217,38.9
0.035,0.201,38.9
0.221,0.13,38.9
0.421,0.088,38.9
0.578,0.104,38.9
0.684,0.11,38.9
0.743,0.115,38.9
0.757,0.122,38.9
0.73,0.134,38.9
0.656,0.152,38.9
0.536,0.179,38.9
0.364,0.233,38.9
0.165,0.318,38.9
0.015,0.467,38.9
0.0,0.59,38.9
0.0,0.556,38.9
0.0,0.444,38.9
0.0,0.343,38.9
0.0,0.325,38.9
0.0,0.317,38.9
0.0,0.313,38.9
0.0,0.311,38.9
0.0,0.3,38.9
0.0,0.294,38.9
0.0,0.285,38.9
0.031,0.245,38.9
0.161,0.136,38.9
0.358,0.101,38.9
0.512,0.132,38.9
0.614,0.112,38.9
0.656,0.097,38.9
0.66,0.107,38.9
0.572,0.096,38.9
0.464,0.059,38.9
0.268,0.041,38.9
0.138,0.054,38.9
0.05,0.099,38.9
0.003,0.175,38.9
0.0,0.272,38.9
0.0,0.366,38.9
0.0,0.398,38.9
0.0,0.374,38.9
0.0,0.351,38.9
0.0,0.339,38.9
0.0,0.327,38.9
0.0,0.3,38.9
0.0,0.264,38.9
0.0,0.246,38.9
0.0,0.261,38.9
0.036,0.238,38.9
0.206,0.11,38.9
0.407,0.05,38.9
0.573,0.084,38.9
0.691,0.163,38.9
0.757,0.264,38.9
0.776,0.367,38.9
0.749,0.481,38.9
0.676,0.594,38.9
0.552,0.681,38.9
0.383,0.69,38.9
0.18,0.718,38.9
0.017,0.754,38.9
0.0,0.718,38.9
0.0,0.665,38.9
0.0,0.578,38.9
0.0,0.504,38.9
0.0,0.466,38.9
0.0,0.395,38.9
0.0,0.303,38.9
0.0,0.284,38.9
0.0,0.275,38.9
0.0,0.261,38.9
0.0,0.218,38.9
0.037,0.149,38.9
0.227,0.136,38.9
0.43,0.177,38.9
0.592,0.169,38.9
0.705,0.138,38.9
0.769,0.106,38.9
0.785,0.086,38.9
0.754,0.064,38.9
0.678,0.035,38.9
0.555,0.021,38.9
0.386,0.017,38.9
0.184,0.02,38.9
0.018,0.031,38.9
0.0,0.045,38.9
0.0,0.064,38.9
0.0,0.09,38.9
0.0,0.087,38.9
0.0,0.058,38.9
0.0,0.035,38.9
0.0,0.018,38.9
0.0,0.011,38.9
0.0,0.009,38.9
0.0,0.006,38.9
0.0,0.005,38.9
0.036,0.006,38.9
0.161,0.007,38.9
0.344,0.001,38.9
0.466,0.002,38.9
0.539,0.002,38.9
0.51,0.002,38.9
0.431,0.001,38.9
0.344,0.003,38.9
0.266,0.006,38.9
0.195,0.011,38.9
0.134,0.023,38.9
0.086,0.045,38.9
0.023,0.093,38.9
0.0,0.172,38.9
0.0,0.28,38.9
0.0,0.352,38.9
0.0,0.346,38.9
0.0,0.312,38.9
0.0,0.292,38.9
0.0,0.291,38.9
0.0,0.294,38.9
0.0,0.282,38.9
0.0,0.265,38.9
0.0,0.255,38.9
0.042,0.219,38.9
0.213,0.107,38.9
0.406,0.089,38.9
0.562,0.054,38.9
0.672,0.032,38.9
0.733,0.022,38.9
0.747,0.016,38.9
0.703,0.018,38.9
0.625,0.033,38.9
0.509,0.06,38.9
0.355,0.083,38.9
0.167,0.128,38.9
0.022,0.241,38.9
0.0,0.391,38.9
0.0,0.409,38.9
0.0,0.341,38.9
0.0,0.278,38.9
0.0,0.233,38.9
0.0,0.201,38.9
0.0,0.179,38.9
0.0,0.183,38.9
0.0,0.192,38.9
0.0,0.179,38.9
0.0,0.152,38.9
0.042,0.127,38.9
0.164,0.083,38.9
0.284,0.082,38.9
0.379,0.062,38.9
0.473,0.037,38.9
0.596,0.022,38.9
0.649,0.021,38.9
0.629,0.03,38.9
0.551,0.049,38.9
0.428,0.083,38.9
0.273,0.121,38.9
0.125,0.159,38.9
0.021,0.227,38.9
0.0,0.329,38.9
0.0,0.365,38.9
0.0,0.344,38.9
0.0,0.314,38.9
0.0,0.294,38.9
0.0,0.274,38.9
0.0,0.243,38.9
0.0,0.252,38.9
0.0,0.246,38.9
0.0,0.183,38.9
0.0,0.14,38.9
0.05,0.072,38.9
0.209,0.012,38.9
0.373,0.005,38.9
0.486,0.021,38.9
0.488,0.018,38.9
0.377,0.022,38.9
0.346,0.018,38.9
0.309,0.01,38.9
0.205,0.006,38.9
0.142,0.01,38.9
0.076,0.015,38.9
0.025,0.017,38.9
0.0,0.025,38.9
0.0,0.033,38.9
0.0,0.03,38.9
0.0,0.04,38.9
0.0,0.023,38.9
0.0,0.006,38.9
0.0,0.009,38.9
0.0,0.062,38.9
0.0,0.13,38.9
0.0,0.192,38.9
0.0,0.264,38.9
0.0,0.36,38.9
0.001,0.493,38.9
0.026,0.653,38.9
0.064,0.762,38.9
0.107,0.791,38.9
0.136,0.767,38.9
0.128,0.729,38.9
0.118,0.707,38.9
0.124,0.718,38.9
0.113,0.71,38.9
0.104,0.661,38.9
0.066,0.606,38.9
0.025,0.598,38.9
0.0,0.631,38.9
0.0,0.666,38.9
0.0,0.706,38.9
0.0,0.755,38.9
0.0,0.777,38.9
0.0,0.771,38.9
0.0,0.745,38.9
0.0,0.695,38.9
0.0,0.622,38.9
0.0,0.533,38.9
0.0,0.473,38.9
0.0,0.458,38.9
0.006,0.457,38.9
0.048,0.503,38.9
0.11,0.586,38.9
0.162,0.691,38.9
0.205,0.679,38.9
0.248,0.58,38.9
0.286,0.458,38.9
0.304,0.354,38.9
0.275,0.256,38.9
0.209,0.167,38.9
0.135,0.109,38.9
0.063,0.076,38.9
0.01,0.058,38.9
0.0,0.06,38.9
0.0,0.097,38.9
0.0,0.182,38.9
0.0,0.259,38.9
0.0,0.339,38.9
0.0,0.395,38.9
0.0,0.403,38.9
0.0,0.364,38.9
0.0,0.363,38.9
0.0,0.381,38.9
0.0,0.386,38.9
0.05,0.309,38.9
0.218,0.193,38.9
0.417,0.379,38.9
0.583,0.621,38.9
0.69,0.663,38.9
0.751,0.645,38.9
0.766,0.59,38.9
0.736,0.513,38.9
0.662,0.425,38.9
0.542,0.339,38.9
0.379,0.296,38.9
0.187,0.235,38.9
0.026,0.193,38.9
0.0,0.182,38.9
0.0,0.165,38.9
0.0,0.118,38.9
0.0,0.071,38.9
0.0,0.053,38.9
0.0,0.066,38.9
0.0,0.084,38.9
0.0,0.103,38.9
0.0,0.113,38.9
0.0,0.112,38.9
0.0,0.099,38.9
0.053,0.069,38.9
0.235,0.027,38.9
0.425,0.049,38.9
0.576,0.075,38.9
0.679,0.069,38.9
0.74,0.059,38.9
0.755,0.053,38.9
0.729,0.05,38.9
0.656,0.048,38.9
0.538,0.048,38.9
0.376,0.057,38.9
0.186,0.07,38.9
0.027,0.086,38.9
0.0,0.087,38.9
0.0,0.086,38.9
0.0,0.077,38.9
0.0,0.059,38.9
0.0,0.041,38.9
0.0,0.029,38.9
0.0,0.028,38.9
0.0,0.027,38.9
0.0,0.023,38.9
0.0,0.015,38.9
0.0,0.013,38.9
0.054,0.019,38.9
0.233,0.017,38.9
0.421,0.015,38.9
0.57,0.009,38.9
0.677,0.011,38.9
0.735,0.02,38.9
0.749,0.036,38.9
0.719,0.061,38.9
0.646,0.101,38.9
0.526,0.157,38.9
0.366,0.245,38.9
0.179,0.365,38.9
0.029,0.506,38.9
0.0,0.621,38.9
0.0,0.6,38.9
0.0,0.484,38.9
0.0,0.374,38.9
0.0,0.332,38.9
0.0,0.311,38.9
0.0,0.305,38.9
0.0,0.289,38.9
0.0,0.269,38.9
0.0,0.243,38.9
0.0,0.224,38.9
0.054,0.189,38.9
0.211,0.151,38.9
0.396,0.141,38.9
0.544,0.137,38.9
0.637,0.152,38.9
0.701,0.191,38.9
0.704,0.251,38.9
0.679,0.308,38.9
0.607,0.348,38.9
0.497,0.376,38.9
0.347,0.422,38.9
0.176,0.474,38.9
0.031,0.535,38.9
0.0,0.644,38.9
0.0,0.652,38.9
0.0,0.602,38.9
0.0,0.469,38.9
0.0,0.382,38.9
0.0,0.356,38.9
0.0,0.321,38.9
0.0,0.272,38.9
0.0,0.234,38.9
0.0,0.243,38.9
0.0,0.265,38.9
0.059,0.203,38.9
0.2,0.148,38.9
0.351,0.125,38.9
0.478,0.102,38.9
0.507,0.1,38.9
0.511,0.093,38.9
0.495,0.083,38.9
0.434,0.073,38.9
0.381,0.079,38.9
0.278,0.111,38.9
0.187,0.167,38.9
0.091,0.234,38.9
0.019,0.289,38.9
0.0,0.32,38.9
0.0,0.32,38.9
0.0,0.296,38.9
0.0,0.251,38.9
0.0,0.206,38.9
0.0,0.179,38.9
0.0,0.157,38.9
0.0,0.143,38.9
0.0,0.14,38.9
0.0,0.112,38.9
0.0,0.092,38.9
0.048,0.062,38.9
0.161,0.053,38.9
0.263,0.045,38.9
0.353,0.037,38.9
0.417,0.036,38.9
0.391,0.045,38.9
0.423,0.062,38.9
0.44,0.087,38.9
0.383,0.119,38.9
0.303,0.158,38.9
0.196,0.217,38.9
0.13,0.294,38.9
0.035,0.361,38.9
0.0,0.432,38.9
0.0,0.456,38.9
0.0,0.435,38.9
0.0,0.362,38.9
0.0,0.273,38.9
0.0,0.203,38.9
0.0,0.189,38.9
0.0,0.206,38.9
0.0,0.233,38.9
0.0,0.245,38.9
0.0,0.239,38.9
0.025,0.212,38.9
0.072,0.176,38.9
0.114,0.157,38.9
0.152,0.181,38.9
0.181,0.199,38.9
0.215,0.186,38.9
0.213,0.167,38.9
0.174,0.158,38.9
0.183,0.144,38.9
0.206,0.125,38.9
0.172,0.1,38.9
0.096,0.076,38.9
0.023,0.06,38.9
0.0,0.059,38.9
0.0,0.081,38.9
0.0,0.105,38.9
0.0,0.101,38.9
0.0,0.078,38.9
0.0,0.049,38.9
0.0,0.03,38.9
0.0,0.025,38.9
0.0,0.025,38.9
0.0,0.03,38.9
0.0,0.045,38.9
0.06,0.069,38.9
0.221,0.068,38.9
0.414,0.082,38.9
0.562,0.074,38.9
0.664,0.054,38.9
0.723,0.043,38.9
0.736,0.042,38.9
0.712,0.041,38.9
0.646,0.045,38.9
0.535,0.054,38.9
0.382,0.08,38.9
0.196,0.164,38.9
0.03,0.364,38.9
0.0,0.58,38.9
0.0,0.642,38.9
0.0,0.596,38.9
0.0,0.528,38.9
0.0,0.438,38.9
0.0,0.338,38.9
0.0,0.259,38.9
0.0,0.228,38.9
0.0,0.222,38.9
0.0,0.229,38.9
0.0,0.249,38.9
0.063,0.216,38.9
0.226,0.147,38.9
0.408,0.167,38.9
0.549,0.181,38.9
0.616,0.196,38.9
0.5,0.231,38.9
0.323,0.302,38.9
0.22,0.401,38.9
0.162,0.501,38.9
0.171,0.559,38.9
0.178,0.593,38.9
0.122,0.56,38.9
0.03,0.498,38.9
0.0,0.458,38.9
0.0,0.379,38.9
0.0,0.278,38.9
0.0,0.223,38.9
0.0,0.211,38.9
0.0,0.213,38.9
0.0,0.246,38.9
0.0,0.265,38.9
0.0,0.26,38.9
0.0,0.233,38.9
0.0,0.181,38.9
0.073,0.163,38.9
0.173,0.09,38.9
0.228,0.058,38.9
0.313,0.066,38.9
0.317,0.051,38.9
0.586,0.056,38.9
0.338,0.059,38.9
0.229,0.044,38.9
0.258,0.061,38.9
0.227,0.105,38.9
0.242,0.123,38.9
0.143,0.102,38.9
0.033,0.089,38.9
0.0,0.108,38.9
0.0,0.109,38.9
0.0,0.118,38.9
0.0,0.122,38.9
0.0,0.12,38.9
0.0,0.12,38.9
0.0,0.112,38.9
0.0,0.114,38.9
0.0,0.097,38.9
0.0,0.101,38.9
0.0,0.125,38.9
0.066,0.128,38.9
0.248,0.098,38.9
0.418,0.098,38.9
0.536,0.091,38.9
0.661,0.073,38.9
0.712,0.074,38.9
0.724,0.091,38.9
0.692,0.114,38.9
0.63,0.133,38.9
0.508,0.137,38.9
0.357,0.111,38.9
0.188,0.094,38.9
0.038,0.114,38.9
0.0,0.178,38.9
0.0,0.191,38.9
0.0,0.159,38.9
0.0,0.144,38.9
0.0,0.152,38.9
0.0,0.178,38.9
0.0,0.187,38.9
0.0,0.177,38.9
0.0,0.161,38.9
0.0,0.139,38.9
0.0,0.123,38.9
0.065,0.099,38.9
0.25,0.092,38.9
0.436,0.201,38.9
0.584,0.194,38.9
0.686,0.171,38.9
0.744,0.146,38.9
0.756,0.12,38.9
0.725,0.093,38.9
0.655,0.069,38.9
0.538,0.058,38.9
0.379,0.063,38.9
0.196,0.093,38.9
0.034,0.158,38.9
0.0,0.248,38.9
0.0,0.297,38.9
0.0,0.287,38.9
0.0,0.229,38.9
0.0,0.163,38.9
0.0,0.132,38.9
0.0,0.115,38.9
0.0,0.105,38.9
0.0,0.097,38.9
0.0,0.068,38.9
0.0,0.063,38.9
0.068,0.069,38.9
0.244,0.058,38.9
0.426,0.058,38.9
0.573,0.045,38.9
0.673,0.043,38.9
0.728,0.048,38.9
0.741,0.056,38.9
0.713,0.07,38.9
0.634,0.094,38.9
0.518,0.127,38.9
0.368,0.175,38.9
0.19,0.236,38.9
0.038,0.308,38.9
0.0,0.45,38.9
0.0,0.53,38.9
0.0,0.496,38.9
0.0,0.404,38.9
0.0,0.306,38.9
0.0,0.252,38.9
0.0,0.289,38.9
0.0,0.324,38.9
0.0,0.187,38.9
0.0,0.127,38.9
0.0,0.137,38.9
0.019,0.091,38.9
0.032,0.118,38.9
0.14,0.076,38.9
0.394,0.079,38.9
0.538,0.097,38.9
0.582,0.134,38.9
0.549,0.162,38.9
0.456,0.188,38.9
0.346,0.21,38.9
0.231,0.219,38.9
0.215,0.208,38.9
0.143,0.193,38.9
0.045,0.184,38.9
0.0,0.233,38.9
0.0,0.291,38.9
0.0,0.231,38.9
0.0,0.127,38.9
0.0,0.068,38.9
0.0,0.057,38.9
0.0,0.068,38.9
0.0,0.096,38.9
0.0,0.108,38.9
0.0,0.08,38.9
0.001,0.038,38.9
0.072,0.013,38.9
0.229,0.055,38.9
0.379,0.235,38.9
0.444,0.391,38.9
0.501,0.494,38.9
0.55,0.532,38.9
0.578,0.5,38.9
0.609,0.42,38.9
0.553,0.325,38.9
0.452,0.249,38.9
0.324,0.227,38.9
0.176,0.238,38.9
0.046,0.25,38.9
0.0,0.316,38.9
0.0,0.379,38.9
0.0,0.379,38.9
0.0,0.332,38.9
0.0,0.277,38.9
0.0,0.229,38.9
0.0,0.193,38.9
0.0,0.176,38.9
0.0,0.154,38.9
0.0,0.129,38.9
0.001,0.112,38.9
0.071,0.078,38.9
0.253,0.042,38.9
0.435,0.049,38.9
0.581,0.042,38.9
0.682,0.027,38.9
0.738,0.015,38.9
0.751,0.011,38.9
0.724,0.008,38.9
0.655,0.005,38.9
0.542,0.003,38.9
0.387,0.003,38.9
0.201,0.002,38.9
0.034,0.001,38.9
0.0,0.004,38.9
0.0,0.013,38.9
0.0,0.03,38.9
0.0,0.041,38.9
0.0,0.047,38.9
0.0,0.055,38.9
0.0,0.068,38.9
0.0,0.076,38.9
0.0,0.068,38.9
0.0,0.048,38.9
0.002,0.031,38.9
0.072,0.023,38.9
0.225,0.013,38.9
0.402,0.011,38.9
0.536,0.008,38.9
0.62,0.007,38.9
0.688,0.012,38.9
0.665,0.023,38.9
0.583,0.041,38.9
0.528,0.071,38.9
0.485,0.117,38.9
0.366,0.17,38.9
0.194,0.223,38.9
0.044,0.281,38.9
0.0,0.356,38.9
0.0,0.388,38.9
0.0,0.379,38.9
0.0,0.328,38.9
0.0,0.266,38.9
0.0,0.233,38.9
0.0,0.22,38.9
0.0,0.196,38.9
0.0,0.168,38.9
0.0,0.155,38.9
0.003,0.147,38.9
0.075,0.107,38.9
0.243,0.093,38.9
0.416,0.1,38.9
0.557,0.076,38.9
0.656,0.05,38.9
0.711,0.042,38.9
0.726,0.056,38.9
0.698,0.079,38.9
0.626,0.083,38.9
0.464,0.083,38.9
0.264,0.154,38.9
0.135,0.312,38.9
0.027,0.421,38.9
0.0,0.381,38.9
0.0,0.293,38.9
0.0,0.213,38.9
0.0,0.158,38.9
0.0,0.201,38.9
0.0,0.263,38.9
0.0,0.167,38.9
0.0,0.036,38.9
0.0,0.012,38.9
0.0,0.015,38.9
0.0,0.026,38.9
0.073,0.023,38.9
0.216,0.02,38.9
0.403,0.037,38.9
0.528,0.071,38.9
0.632,0.076,38.9
0.64,0.063,38.9
0.6,0.045,38.9
0.48,0.023,38.9
0.384,0.017,38.9
0.29,0.015,38.9
0.231,0.01,38.9
0.14,0.012,38.9
0.016,0.057,38.9
0.0,0.113,38.9
0.0,0.096,38.9
0.0,0.044,38.9
0.0,0.184,38.9
0.0,0.295,38.9
0.0,0.379,38.9
0.0,0.422,38.9
0.0,0.594,38.9
0.0,0.578,38.9
0.0,0.571,38.9
0.0,0.575,38.9
0.074,0.534,38.9
0.204,0.552,38.9
0.287,0.532,38.9
0.37,0.479,38.9
0.423,0.426,38.9
0.445,0.392,38.9
0.311,0.38,38.9
0.253,0.363,38.9
0.261,0.373,38.9
0.25,0.388,38.9
0.16,0.379,38.9
0.083,0.363,38.9
0.027,0.407,38.9
0.0,0.484,38.9
0.0,0.459,38.9
0.0,0.362,38.9
0.0,0.258,38.9
0.0,0.236,38.9
0.0,0.206,38.9
0.0,0.175,38.9
0.0,0.141,38.9
0.0,0.11,38.9
0.0,0.088,38.9
0.005,0.074,38.9
0.078,0.045,38.9
0.24,0.016,38.9
0.416,0.004,38.9
0.551,0.002,38.9
0.638,0.007,38.9
0.677,0.021,38.9
0.665,0.037,38.9
0.613,0.056,38.9
0.543,0.082,38.9
0.415,0.115,38.9
0.276,0.162,38.9
0.175,0.231,38.9
0.052,0.294,38.9
0.0,0.347,38.9
0.0,0.383,38.9
0.0,0.361,38.9
0.0,0.318,38.9
0.0,0.27,38.9
0.0,0.203,38.9
0.0,0.155,38.9
0.0,0.104,38.9
0.0,0.08,38.9
0.0,0.131,38.9
0.004,0.189,38.9
0.055,0.134,38.9
0.06,0.118,38.9
0.146,0.18,38.9
0.256,0.22,38.9
0.297,0.261,38.9
0.435,0.282,38.9
0.572,0.254,38.9
0.541,0.203,38.9
0.449,0.153,38.9
0.314,0.096,38.9
0.157,0.063,38.9
0.062,0.046,38.9
0.018,0.049,38.9
0.0,0.049,38.9
0.0,0.032,38.9
0.0,0.025,38.9
0.0,0.045,38.9
0.0,0.062,38.9
0.0,0.06,38.9
0.0,0.045,38.9
0.0,0.027,38.9
0.0,0.016,38.9
0.0,0.008,38.9
0.006,0.003,38.9
0.081,0.002,38.9
0.22,0.004,38.9
0.335,0.008,38.9
0.422,0.009,38.9
0.5,0.013,38.9
0.597,0.02,38.9
0.652,0.025,38.9
0.619,0.027,38.9
0.567,0.031,38.9
0.456,0.042,38.9
0.29,0.076,38.9
0.172,0.133,38.9
0.054,0.188,38.9
0.0,0.257,38.9
0.0,0.361,38.9
0.0,0.446,38.9
0.0,0.469,38.9
0.0,0.404,38.9
0.0,0.385,38.9
0.0,0.43,38.9
0.0,0.511,38.9
0.0,0.588,38.9
0.0,0.594,38.9
0.007,0.604,38.9
0.08,0.541,38.9
0.201,0.466,38.9
0.341,0.428,38.9
0.368,0.355,38.9
0.389,0.292,38.9
0.457,0.233,38.9
0.432,0.167,38.9
0.301,0.125,38.9
0.3,0.082,38.9
0.336,0.055,38.9
0.289,0.044,38.9
0.172,0.045,38.9
0.06,0.067,38.9
0.001,0.146,38.9
0.0,0.247,38.9
0.0,0.264,38.9
0.0,0.241,38.9
0.0,0.22,38.9
0.0,0.199,38.9
0.0,0.173,38.9
0.0,0.157,38.9
0.0,0.147,38.9
0.0,0.132,38.9
0.008,0.112,38.9
0.084,0.08,38.9
0.218,0.094,38.9
0.376,0.162,38.9
0.518,0.201,38.9
0.598,0.201,38.9
0.655,0.178,38.9
0.562,0.16,38.9
0.417,0.147,38.9
0.289,0.14,38.9
0.23,0.146,38.9
0.158,0.138,38.9
0.062,0.162,38.9
0.013,0.248,38.9
0.0,0.381,38.9
0.0,0.444,38.9
0.0,0.412,38.9
0.0,0.345,38.9
0.0,0.302,38.9
0.0,0.266,38.9
0.0,0.274,38.9
0.0,0.29,38.9
0.0,0.241,38.9
0.0,0.193,38.9
0.0,0.134,38.9
0.02,0.086,38.9
0.075,0.054,38.9
0.175,0.059,38.9
0.336,0.074,38.9
0.498,0.073,38.9
0.606,0.062,38.9
0.587,0.054,38.9
0.524,0.049,38.9
0.413,0.045,38.9
0.291,0.038,38.9
0.22,0.029,38.9
0.153,0.019,38.9
0.059,0.017,38.9
0.0,0.028,38.9
0.0,0.054,38.9
0.0,0.082,38.9
0.0,0.101,38.9
0.0,0.099,38.9
0.0,0.098,38.9
0.0,0.12,38.9
0.0,0.192,38.9
0.0,0.294,38.9
0.0,0.359,38.9
0.01,0.344,38.9
0.086,0.179,38.9
0.241,0.16,38.9
0.4,0.151,38.9
0.522,0.14,38.9
0.587,0.122,38.9
0.58,0.094,38.9
0.559,0.076,38.9
0.539,0.062,38.9
0.482,0.053,38.9
0.386,0.045,38.9
0.271,0.042,38.9
0.155,0.045,38.9
0.048,0.048,38.9
0.0,0.045,38.9
0.0,0.045,38.9
0.0,0.05,38.9
0.0,0.074,38.9
0.0,0.169,38.9
0.0,0.276,38.9
0.0,0.27,38.9
0.0,0.192,38.9
0.0,0.158,38.9
0.0,0.113,38.9
0.0,0.068,38.9
0.034,0.045,38.9
0.122,0.046,38.9
0.231,0.064,38.9
0.327,0.096,38.9
0.42,0.169,38.9
0.49,0.251,38.9
0.511,0.329,38.9
0.467,0.429,38.9
0.305,0.523,38.9
0.16,0.459,38.9
0.086,0.251,38.9
0.049,0.104,38.9
0.013,0.107,38.9
0.0,0.13,38.9
0.0,0.115,38.9
0.0,0.096,38.9
0.0,0.102,38.9
0.0,0.084,38.9
0.0,0.055,38.9
0.0,0.034,38.9
0.0,0.026,38.9
0.0,0.022,38.9
0.0,0.011,38.9
0.001,0.006,38.9
0.054,0.005,38.9
0.164,0.011,38.9
0.365,0.035,38.9
0.53,0.027,38.9
0.633,0.02,38.9
0.684,0.017,38.9
0.694,0.011,38.9
0.667,0.003,38.9
0.604,0.005,38.9
0.502,0.023,38.9
0.362,0.037,38.9
0.199,0.058,38.9
0.057,0.086,38.9
0.004,0.176,38.9
0.0,0.241,38.9
0.0,0.247,38.9
0.0,0.203,38.9
0.0,0.155,38.9
0.0,0.137,38.9
0.0,0.155,38.9
0.0,0.184,38.9
0.0,0.187,38.9
0.0,0.153,38.9
0.007,0.102,38.9
0.076,0.061,38.9
0.204,0.051,38.9
0.333,0.058,38.9
0.446,0.055,38.9
0.566,0.041,38.9
0.693,0.022,38.9
0.717,0.013,38.9
0.692,0.01,38.9
0.629,0.009,38.9
0.522,0.008,38.9
0.377,0.009,38.9
0.205,0.014,38.9
0.052,0.025,38.9
0.004,0.058,38.9
0.0,0.108,38.9
0.0,0.146,38.9
0.0,0.151,38.9
0.0,0.133,38.9
0.0,0.1,38.9
0.0,0.087,38.9
0.0,0.111,38.9
0.0,0.129,38.9
0.0,0.098,38.9
0.014,0.059,38.9
0.087,0.035,38.9
0.246,0.018,38.9
0.384,0.013,38.9
0.481,0.013,38.9
0.525,0.019,38.9
0.537,0.034,38.9
0.566,0.051,38.9
0.642,0.074,38.9
0.595,0.107,38.9
0.453,0.16,38.9
0.253,0.223,38.9
0.129,0.256,38.9
0.053,0.281,38.9
0.0,0.342,38.9
0.0,0.377,38.9
0.0,0.349,38.9
0.0,0.302,38.9
0.0,0.259,38.9
0.0,0.233,38.9
0.0,0.228,38.9
0.0,0.223,38.9
0.0,0.21,38.9
0.0,0.186,38.9
0.009,0.16,38.9
0.069,0.106,38.9
0.162,0.085,38.9
0.305,0.086,38.9
0.42,0.086,38.9
0.466,0.112,38.9
0.501,0.171,38.9
0.491,0.278,38.9
0.508,0.359,38.9
0.438,0.386,38.9
0.351,0.341,38.9
0.268,0.271,38.9
0.159,0.192,38.9
0.045,0.08,38.9
0.0,0.025,38.9
0.0,0.027,38.9
0.0,0.054,38.9
0.0,0.137,38.9
0.0,0.348,38.9
0.0,0.653,38.9
0.0,0.706,38.9
0.0,0.584,38.9
0.0,0.481,38.9
0.0,0.442,38.9
0.011,0.395,38.9
0.084,0.302,38.9
0.268,0.282,38.9
0.437,0.292,38.9
0.567,0.237,38.9
0.66,0.167,38.9
0.715,0.109,38.9
0.726,0.075,38.9
0.698,0.06,38.9
0.637,0.051,38.9
0.529,0.044,38.9
0.382,0.044,38.9
0.208,0.051,38.9
0.05,0.062,38.9
0.005,0.08,38.9
0.0,0.103,38.9
0.0,0.126,38.9
0.0,0.114,38.9
0.0,0.084,38.9
0.0,0.084,38.9
0.0,0.114,38.9
0.0,0.147,38.9
0.0,0.156,38.9
0.0,0.15,38.9
0.014,0.134,38.9
0.085,0.08,38.9
0.252,0.049,38.9
0.421,0.057,38.9
0.56,0.045,38.9
0.658,0.027,38.9
0.714,0.02,38.9
0.729,0.016,38.9
0.704,0.013,38.9
0.639,0.01,38.9
0.53,0.008,38.9
0.383,0.01,38.9
0.211,0.014,38.9
0.049,0.013,38.9
0.005,0.014,38.9
0.0,0.021,38.9
0.0,0.042,38.9
0.0,0.106,38.9
0.0,0.225,38.9
0.0,0.328,38.9
0.0,0.362,38.9
0.0,0.358,38.9
0.0,0.355,38.9
0.0,0.358,38.9
0.015,0.341,38.9
0.088,0.233,38.9
0.258,0.198,38.9
0.426,0.233,38.9
0.564,0.154,38.9
0.656,0.072,38.9
0.694,0.043,38.9
0.625,0.042,38.9
0.52,0.047,38.9
0.453,0.051,38.9
0.409,0.051,38.9
0.301,0.054,38.9
0.17,0.068,38.9
0.063,0.099,38.9
0.007,0.179,38.9
0.0,0.358,38.9
0.0,0.561,38.9
0.0,0.626,38.9
0.0,0.594,38.9
0.0,0.547,38.9
0.0,0.454,38.9
0.0,0.3,38.9
0.0,0.186,38.9
0.0,0.133,38.9
0.016,0.118,38.9
0.088,0.086,38.9
0.246,0.069,38.9
0.413,0.061,38.9
0.556,0.049,38.9
0.659,0.045,38.9
0.712,0.043,38.9
0.722,0.041,38.9
0.7,0.031,38.9
0.64,0.019,38.9
0.535,0.012,38.9
0.389,0.008,38.9
0.215,0.007,38.9
0.053,0.011,38.9
0.008,0.022,38.9
0.0,0.041,38.9
0.0,0.063,38.9
0.0,0.077,38.9
0.0,0.079,38.9
0.0,0.075,38.9
0.0,0.072,38.9
0.0,0.072,38.9
0.0,0.071,38.9
0.0,0.076,38.9
0.017,0.087,38.9
0.088,0.076,38.9
0.249,0.048,38.9
0.4,0.027,38.9
0.545,0.017,38.9
0.642,0.017,38.9
0.699,0.021,38.9
0.716,0.024,38.9
0.687,0.027,38.9
0.617,0.036,38.9
0.507,0.047,38.9
0.365,0.062,38.9
0.203,0.09,38.9
0.06,0.154,38.9
0.009,0.295,38.9
0.0,0.423,38.9
0.0,0.414,38.9
0.0,0.323,38.9
0.0,0.193,38.9
0.0,0.103,38.9
0.0,0.195,38.9
0.0,0.542,38.9
0.0,0.678,38.9
0.0,0.573,38.9
0.016,0.435,38.9
0.093,0.331,38.9
0.234,0.264,38.9
0.394,0.272,38.9
0.529,0.317,38.9
0.614,0.325,38.9
0.637,0.264,38.9
0.632,0.185,38.9
0.613,0.122,38.9
0.57,0.084,38.9
0.488,0.06,38.9
0.369,0.05,38.9
0.214,0.047,38.9
0.061,0.046,38.9
0.01,0.039,38.9
0.0,0.027,38.9
0.0,0.017,38.9
0.0,0.011,38.9
0.0,0.011,38.9
0.0,0.017,38.9
0.0,0.02,38.9
0.0,0.013,38.9
0.0,0.005,38.9
0.0,0.003,38.9
0.019,0.015,38.9
0.094,0.023,38.9
0.231,0.033,38.9
0.383,0.038,38.9
0.528,0.024,38.9
0.604,0.013,38.9
0.639,0.01,38.9
0.621,0.008,38.9
0.588,0.005,38.9
0.53,0.005,38.9
0.433,0.004,38.9
0.306,0.005,38.9
0.179,0.007,38.9
0.069,0.012,38.9
0.007,0.025,38.9
0.0,0.045,38.9
0.0,0.063,38.9
0.0,0.085,38.9
0.0,0.112,38.9
0.0,0.156,38.9
0.0,0.222,38.9
0.0,0.264,38.9
0.0,0.272,38.9
0.0,0.234,38.9
0.013,0.162,38.9
0.086,0.085,38.9
0.199,0.055,38.9
0.339,0.038,38.9
0.5,0.028,38.9
0.598,0.022,38.9
0.648,0.011,38.9
0.659,0.011,38.9
0.638,0.009,38.9
0.596,0.009,38.9
0.497,0.009,38.9
0.362,0.006,38.9
0.208,0.003,38.9
0.066,0.008,38.9
0.011,0.034,38.9
0.0,0.088,38.9
0.0,0.14,38.9
0.0,0.167,38.9
0.0,0.173,38.9
0.0,0.165,38.9
0.0,0.133,38.9
0.0,0.087,38.9
0.0,0.047,38.9
0.0,0.021,38.9
0.019,0.011,38.9
0.092,0.011,38.9
0.246,0.017,38.9
0.407,0.017,38.9
0.541,0.014,38.9
0.636,0.012,38.9
0.677,0.01,38.9
0.678,0.006,38.9
0.65,0.004,38.9
0.586,0.003,38.9
0.482,0.003,38.9
0.34,0.004,38.9
0.195,0.004,38.9
0.064,0.008,38.9
0.011,0.015,38.9
0.0,0.032,38.9
0.0,0.058,38.9
0.0,0.084,38.9
0.0,0.095,38.9
0.0,0.095,38.9
0.0,0.096,38.9
0.0,0.101,38.9
0.0,0.101,38.9
0.0,0.092,38.9
0.019,0.084,38.9
0.093,0.054,38.9
0.237,0.032,38.9
0.393,0.028,38.9
0.508,0.036,38.9
0.588,0.048,38.9
0.618,0.068,38.9
0.611,0.093,38.9
0.587,0.118,38.9
0.539,0.146,38.9
0.452,0.17,38.9
0.329,0.201,38.9
0.19,0.257,38.9
0.07,0.349,38.9
0.011,0.491,38.9
0.0,0.575,38.9
0.0,0.547,38.9
0.0,0.428,38.9
0.0,0.264,38.9
0.0,0.175,38.9
0.0,0.131,38.9
0.0,0.103,38.9
0.0,0.086,38.9
0.0,0.093,38.9
0.022,0.098,38.9
0.096,0.058,38.9
0.248,0.044,38.9
0.407,0.045,38.9
0.52,0.047,38.9
0.575,0.054,38.9
0.599,0.077,38.9
0.542,0.132,38.9
0.465,0.21,38.9
0.386,0.323,38.9
0.306,0.47,38.9
0.23,0.578,38.9
0.145,0.626,38.9
0.052,0.639,38.9
0.002,0.633,38.9
0.0,0.624,38.9
0.0,0.591,38.9
0.0,0.566,38.9
0.0,0.552,38.9
0.0,0.582,38.9
0.0,0.599,38.9
0.0,0.596,38.9
0.0,0.547,38.9
0.0,0.522,38.9
0.005,0.505,38.9
0.036,0.494,38.9
0.083,0.533,38.9
0.119,0.686,38.9
0.162,0.718,38.9
0.199,0.732,38.9
0.215,0.702,38.9
0.218,0.618,38.9
0.286,0.547,38.9
0.354,0.501,38.9
0.286,0.43,38.9
0.099,0.284,38.9
0.045,0.199,38.9
0.028,0.171,38.9
0.007,0.117,38.9
0.0,0.09,38.9
0.0,0.068,38.9
0.0,0.042,38.9
0.0,0.087,38.9
0.0,0.163,38.9
0.0,0.168,38.9
0.0,0.071,38.9
0.0,0.013,38.9
0.0,0.015,38.9
0.02,0.074,38.9
0.091,0.111,38.9
0.251,0.111,38.9
0.425,0.12,38.9
0.566,0.078,38.9
0.664,0.042,38.9
0.718,0.028,38.9
0.731,0.036,38.9
0.705,0.057,38.9
0.637,0.076,38.9
0.531,0.085,38.9
0.388,0.088,38.9
0.218,0.115,38.9
0.057,0.172,38.9
0.012,0.285,38.9
0.0,0.444,38.9
0.0,0.525,38.9
0.0,0.558,38.9
0.0,0.532,38.9
0.0,0.457,38.9
0.0,0.369,38.9
0.0,0.278,38.9
0.0,0.199,38.9
0.0,0.155,38.9
0.018,0.112,38.9
0.089,0.058,38.9
0.26,0.057,38.9
0.426,0.067,38.9
0.559,0.089,38.9
0.648,0.113,38.9
0.698,0.141,38.9
0.697,0.176,38.9
0.649,0.208,38.9
0.572,0.239,38.9
0.47,0.281,38.9
0.343,0.337,38.9
0.201,0.395,38.9
0.068,0.405,38.9
0.013,0.402,38.9
0.0,0.432,38.9
0.0,0.404,38.9
0.0,0.311,38.9
0.0,0.288,38.9
0.0,0.267,38.9
0.0,0.304,38.9
0.0,0.341,38.9
0.0,0.367,38.9
0.0,0.403,38.9
0.022,0.432,38.9
0.095,0.413,38.9
0.194,0.558,38.9
0.261,0.7,38.9
0.314,0.765,38.9
0.375,0.788,38.9
0.337,0.795,38.9
0.285,0.802,38.9
0.249,0.77,38.9
0.211,0.684,38.9
0.146,0.568,38.9
0.108,0.464,38.9
0.091,0.32,38.9
0.041,0.218,38.9
0.004,0.167,38.9
0.0,0.097,38.9
0.0,0.03,38.9
0.0,0.036,38.9
0.0,0.068,38.9
0.0,0.101,38.9
0.0,0.126,38.9
0.0,0.119,38.9
0.0,0.084,38.9
0.0,0.059,38.9
0.024,0.048,38.9
0.1,0.031,38.9
0.215,0.024,38.9
0.273,0.028,38.9
0.384,0.031,38.9
0.495,0.024,38.9
0.602,0.01,38.9
0.64,0.002,38.9
0.603,0.002,38.9
0.508,0.006,38.9
0.363,0.009,38.9
0.286,0.015,38.9
0.172,0.025,38.9
0.068,0.049,38.9
0.01,0.079,38.9
0.0,0.122,38.9
0.0,0.183,38.9
0.0,0.225,38.9
0.0,0.231,38.9
0.0,0.208,38.9
0.0,0.154,38.9
0.0,0.091,38.9
0.0,0.045,38.9
0.0,0.021,38.9
0.024,0.01,38.9
0.096,0.006,38.9
0.255,0.006,38.9
0.408,0.006,38.9
0.517,0.006,38.9
0.579,0.006,38.9
0.612,0.005,38.9
0.574,0.003,38.9
0.478,0.003,38.9
0.42,0.002,38.9
0.369,0.003,38.9
0.269,0.002,38.9
0.164,0.002,38.9
0.072,0.001,38.9
0.011,0.002,38.9
0.0,0.007,38.9
0.0,0.016,38.9
0.0,0.026,38.9
0.0,0.037,38.9
0.0,0.042,38.9
0.0,0.041,38.9
0.0,0.041,38.9
0.0,0.046,38.9
0.0,0.045,38.9
0.011,0.041,38.9
0.048,0.029,38.9
0.089,0.014,38.9
0.141,0.009,38.9
0.2,0.011,38.9
0.248,0.011,38.9
0.32,0.009,38.9
0.354,0.012,38.9
0.252,0.016,38.9
0.215,0.019,38.9
0.175,0.02,38.9
0.132,0.017,38.9
0.083,0.017,38.9
0.035,0.022,38.9
0.002,0.048,38.9
0.0,0.089,38.9
0.0,0.131,38.9
0.0,0.167,38.9
0.0,0.185,38.9
0.0,0.168,38.9
0.0,0.125,38.9
0.0,0.077,38.9
0.0,0.048,38.9
0.0,0.045,38.9
0.002,0.048,38.9
0.043,0.035,38.9
0.108,0.021,38.9
0.201,0.017,38.9
0.317,0.016,38.9
0.465,0.013,38.9
0.561,0.01,38.9
0.486,0.011,38.9
0.429,0.013,38.9
0.389,0.019,38.9
0.332,0.023,38.9
0.23,0.024,38.9
0.157,0.024,38.9
0.08,0.03,38.9
0.015,0.051,38.9
0.0,0.084,38.9
0.0,0.118,38.9
0.0,0.142,38.9
0.0,0.157,38.9
0.0,0.158,38.9
0.0,0.151,38.9
0.0,0.133,38.9
0.0,0.108,38.9
0.0,0.078,38.9
0.023,0.046,38.9
0.094,0.019,38.9
0.23,0.013,38.9
0.384,0.013,38.9
0.519,0.017,38.9
0.618,0.025,38.9
0.616,0.034,38.9
0.668,0.047,38.9
0.656,0.06,38.9
0.602,0.069,38.9
0.51,0.078,38.9
0.378,0.082,38.9
0.218,0.072,38.9
0.066,0.061,38.9
0.015,0.047,38.9
0.0,0.034,38.9
0.0,0.027,38.9
0.0,0.025,38.9
0.0,0.023,38.9
0.0,0.018,38.9
0.0,0.012,38.9
0.0,0.008,38.9
0.0,0.01,38.9
0.0,0.02,38.9
0.024,0.03,38.9
0.101,0.02,38.9
0.255,0.017,38.9
0.409,0.011,38.9
0.536,0.007,38.9
0.615,0.011,38.9
0.605,0.028,38.9
0.509,0.055,38.9
0.467,0.072,38.9
0.392,0.127,38.9
0.229,0.302,38.9
0.113,0.345,38.9
0.052,0.254,38.9
0.02,0.167,38.9
0.0,0.121,38.9
0.0,0.101,38.9
0.0,0.087,38.9
0.0,0.067,38.9
0.0,0.05,38.9
0.0,0.051,38.9
0.0,0.07,38.9
0.0,0.094,38.9
0.0,0.11,38.9
0.0,0.1,38.9
0.004,0.088,38.9
0.051,0.083,38.9
0.172,0.072,38.9
0.346,0.063,38.9
0.505,0.055,38.9
0.618,0.043,38.9
0.681,0.034,38.9
0.692,0.031,38.9
0.663,0.029,38.9
0.592,0.025,38.9
0.49,0.018,38.9
0.36,0.016,38.9
0.21,0.016,38.9
0.071,0.023,38.9
0.016,0.079,38.9
0.0,0.225,38.9
0.0,0.328,38.9
0.0,0.324,38.9
0.0,0.28,38.9
0.0,0.236,38.9
0.0,0.206,38.9
0.0,0.19,38.9
0.0,0.188,38.9
0.0,0.175,38.9
0.024,0.137,38.9
0.096,0.069,38.9
0.245,0.061,38.9
0.402,0.055,38.9
0.538,0.041,38.9
0.628,0.03,38.9
0.655,0.021,38.9
0.626,0.015,38.9
0.545,0.016,38.9
0.436,0.021,38.9
0.333,0.033,38.9
0.233,0.051,38.9
0.137,0.08,38.9
0.054,0.117,38.9
0.006,0.179,38.9
0.0,0.207,38.9
0.0,0.195,38.9
0.0,0.187,38.9
0.0,0.172,38.9
0.0,0.114,38.9
0.0,0.041,38.9
0.0,0.014,38.9
0.0,0.028,38.9
0.0,0.04,38.9
0.003,0.03,38.9
0.038,0.012,38.9
0.109,0.011,38.9
0.186,0.019,38.9
0.239,0.033,38.9
0.27,0.053,38.9
0.299,0.084,38.9
0.345,0.112,38.9
0.394,0.122,38.9
0.386,0.109,38.9
0.385,0.083,38.9
0.311,0.054,38.9
0.201,0.044,38.9
0.084,0.059,38.9
0.016,0.088,38.9
0.0,0.126,38.9
0.0,0.163,38.9
0.0,0.175,38.9
0.0,0.163,38.9
0.0,0.135,38.9
0.0,0.112,38.9
0.0,0.107,38.9
0.0,0.108,38.9
0.0,0.118,38.9
0.017,0.112,38.9
0.07,0.087,38.9
0.155,0.085,38.9
0.243,0.084,38.9
0.312,0.071,38.9
0.36,0.052,38.9
0.489,0.036,38.9
0.532,0.023,38.9
0.529,0.013,38.9
0.502,0.011,38.9
0.42,0.012,38.9
0.305,0.012,38.9
0.185,0.018,38.9
0.08,0.041,38.9
0.014,0.09,38.9
0.0,0.179,38.9
0.0,0.277,38.9
0.0,0.32,38.9
0.0,0.284,38.9
0.0,0.201,38.9
0.0,0.117,38.9
0.0,0.055,38.9
0.0,0.033,38.9
0.0,0.03,38.9
0.025,0.035,38.9
0.093,0.022,38.9
0.249,0.011,38.9
0.405,0.009,38.9
0.52,0.013,38.9
0.585,0.019,38.9
0.621,0.031,38.9
0.624,0.047,38.9
0.602,0.073,38.9
0.501,0.112,38.9
0.364,0.155,38.9
0.291,0.243,38.9
0.186,0.332,38.9
0.078,0.348,38.9
0.016,0.386,38.9
0.0,0.417,38.9
0.0,0.294,38.9
0.0,0.127,38.9
0.0,0.045,38.9
0.0,0.023,38.9
0.0,0.026,38.9
0.0,0.019,38.9
0.0,0.016,38.9
0.0,0.035,38.9
0.023,0.091,38.9
0.089,0.084,38.9
0.248,0.067,38.9
0.411,0.055,38.9
0.549,0.041,38.9
0.647,0.029,38.9
0.696,0.025,38.9
0.699,0.028,38.9
0.664,0.035,38.9
0.593,0.038,38.9
0.489,0.041,38.9
0.364,0.042,38.9
0.214,0.045,38.9
0.068,0.055,38.9
0.015,0.098,38.9
0.0,0.184,38.9
0.0,0.253,38.9
0.0,0.284,38.9
0.0,0.268,38.9
0.0,0.221,38.9
0.0,0.167,38.9
0.0,0.125,38.9
0.0,0.087,38.9
0.0,0.045,38.9
0.02,0.021,38.9
0.085,0.016,38.9
0.257,0.055,38.9
0.425,0.062,38.9
0.559,0.042,38.9
0.645,0.025,38.9
0.692,0.016,38.9
0.707,0.012,38.9
0.688,0.009,38.9
0.631,0.009,38.9
0.528,0.009,38.9
0.387,0.01,38.9
0.218,0.019,38.9
0.071,0.028,38.9
0.014,0.058,38.9
0.0,0.104,38.9
0.0,0.151,38.9
0.0,0.171,38.9
0.0,0.16,38.9
0.0,0.134,38.9
0.0,0.119,38.9
0.0,0.126,38.9
0.0,0.155,38.9
0.0,0.192,38.9
0.02,0.209,38.9
0.084,0.16,38.9
0.254,0.134,38.9
0.42,0.167,38.9
0.553,0.156,38.9
0.646,0.121,38.9
0.698,0.087,38.9
0.711,0.061,38.9
0.687,0.042,38.9
0.623,0.029,38.9
0.52,0.015,38.9
0.381,0.01,38.9
0.217,0.024,38.9
0.063,0.036,38.9
0.014,0.035,38.9
0.0,0.082,38.9
0.0,0.177,38.9
0.0,0.322,38.9
0.0,0.444,38.9
0.0,0.459,38.9
0.0,0.375,38.9
0.0,0.311,38.9
0.0,0.27,38.9
0.0,0.266,38.9
0.02,0.261,38.9
0.084,0.189,38.9
0.246,0.142,38.9
0.407,0.163,38.9
0.538,0.136,38.9
0.632,0.082,38.9
0.688,0.042,38.9
0.703,0.026,38.9
0.68,0.019,38.9
0.618,0.013,38.9
0.518,0.007,38.9
0.38,0.004,38.9
0.217,0.003,38.9
0.063,0.002,38.9
0.014,0.007,38.9
0.0,0.032,38.9
0.0,0.052,38.9
0.0,0.059,38.9
0.0,0.063,38.9
0.0,0.067,38.9
0.0,0.058,38.9
0.0,0.039,38.9
0.0,0.024,38.9
0.0,0.019,38.9
0.023,0.017,38.9
0.086,0.013,38.9
0.238,0.007,38.9
0.4,0.004,38.9
0.532,0.004,38.9
0.626,0.006,38.9
0.679,0.009,38.9
0.693,0.011,38.9
0.677,0.011,38.9
0.616,0.008,38.9
0.516,0.007,38.9
0.38,0.011,38.9
0.217,0.018,38.9
0.064,0.025,38.9
0.014,0.047,38.9
0.0,0.083,38.9
0.0,0.118,38.9
0.0,0.13,38.9
0.0,0.108,38.9
0.0,0.072,38.9
0.0,0.053,38.9
0.0,0.043,38.9
0.0,0.044,38.9
0.0,0.062,38.9
0.022,0.101,38.9
0.086,0.093,38.9
0.243,0.105,38.9
0.404,0.102,38.9
0.537,0.076,38.9
0.628,0.048,38.9
0.68,0.026,38.9
0.694,0.005,38.9
0.67,0.003,38.9
0.602,0.005,38.9
0.499,0.009,38.9
0.362,0.017,38.9
0.206,0.041,38.9
0.071,0.09,38.9
0.014,0.155,38.9
0.0,0.281,38.9
0.0,0.368,38.9
0.0,0.356,38.9
0.0,0.282,38.9
0.0,0.223,38.9
0.0,0.181,38.9
0.0,0.149,38.9
0.0,0.119,38.9
0.0,0.073,38.9
0.018,0.028,38.9
0.09,0.012,38.9
0.223,0.031,38.9
0.39,0.043,38.9
0.529,0.043,38.9
0.607,0.042,38.9
0.657,0.041,38.9
0.667,0.041,38.9
0.628,0.049,38.9
0.561,0.066,38.9
0.462,0.084,38.9
0.334,0.1,38.9
0.197,0.126,38.9
0.076,0.177,38.9
0.012,0.27,38.9
0.0,0.388,38.9
0.0,0.415,38.9
0.0,0.37,38.9
0.0,0.291,38.9
0.0,0.225,38.9
0.0,0.195,38.9
0.0,0.175,38.9
0.0,0.136,38.9
0.0,0.087,38.9
0.012,0.05,38.9
0.057,0.019,38.9
0.108,0.004,38.9
0.163,0.005,38.9
0.236,0.003,38.9
0.393,0.005,38.9
0.524,0.008,38.9
0.501,0.012,38.9
0.493,0.018,38.9
0.433,0.025,38.9
0.381,0.03,38.9
0.289,0.041,38.9
0.192,0.062,38.9
0.082,0.105,38.9
0.016,0.145,38.9
0.0,0.193,38.9
0.0,0.247,38.9
0.0,0.267,38.9
0.0,0.236,38.9
0.0,0.201,38.9
0.0,0.175,38.9
0.0,0.134,38.9
0.0,0.093,38.9
0.0,0.062,38.9
0.023,0.046,38.9
0.087,0.027,38.9
0.243,0.018,38.9
0.404,0.023,38.9
0.532,0.02,38.9
0.627,0.015,38.9
0.679,0.013,38.9
0.682,0.015,38.9
0.64,0.021,38.9
0.559,0.029,38.9
0.453,0.038,38.9
0.327,0.044,38.9
0.192,0.05,38.9
0.074,0.063,38.9
0.014,0.09,38.9
0.0,0.126,38.9
0.0,0.158,38.9
0.0,0.195,38.9
0.0,0.204,38.9
0.0,0.166,38.9
0.0,0.118,38.9
0.0,0.084,38.9
0.0,0.076,38.9
0.0,0.082,38.9
0.021,0.09,38.9
0.083,0.065,38.9
0.244,0.044,38.9
0.405,0.033,38.9
0.536,0.025,38.9
0.63,0.02,38.9
0.682,0.017,38.9
0.696,0.019,38.9
0.674,0.026,38.9
0.612,0.042,38.9
0.511,0.071,38.9
0.373,0.12,38.9
0.214,0.196,38.9
0.068,0.278,38.9
0.014,0.338,38.9
0.0,0.397,38.9
0.0,0.391,38.9
0.0,0.323,38.9
0.0,0.247,38.9
0.0,0.224,38.9
0.0,0.236,38.9
0.0,0.249,38.9
0.0,0.256,38.9
0.0,0.264,38.9
0.021,0.231,38.9
0.082,0.157,38.9
0.242,0.126,38.9
0.402,0.11,38.9
0.532,0.104,38.9
0.623,0.104,38.9
0.674,0.1,38.9
0.687,0.092,38.9
0.664,0.081,38.9
0.604,0.067,38.9
0.507,0.049,38.9
0.373,0.034,38.9
0.214,0.033,38.9
0.065,0.036,38.9
0.013,0.075,38.9
0.0,0.175,38.9
0.0,0.243,38.9
0.0,0.228,38.9
0.0,0.154,38.9
0.0,0.077,38.9
0.0,0.035,38.9
0.0,0.017,38.9
0.0,0.01,38.9
0.0,0.016,38.9
0.022,0.021,38.9
0.085,0.021,38.9
0.235,0.027,38.9
0.388,0.02,38.9
0.51,0.008,38.9
0.61,0.004,38.9
0.665,0.006,38.9
0.676,0.007,38.9
0.65,0.009,38.9
0.586,0.011,38.9
0.49,0.017,38.9
0.36,0.033,38.9
0.203,0.064,38.9
0.071,0.128,38.9
0.014,0.22,38.9
0.0,0.31,38.9
0.0,0.34,38.9
0.0,0.311,38.9
0.0,0.27,38.9
0.0,0.235,38.9
0.0,0.213,38.9
0.0,0.195,38.9
0.0,0.175,38.9
0.0,0.156,38.9
0.024,0.112,38.9
0.09,0.062,38.9
0.236,0.049,38.9
0.385,0.041,38.9
0.502,0.034,38.9
0.562,0.03,38.9
0.584,0.031,38.9
0.584,0.035,38.9
0.572,0.042,38.9
0.522,0.055,38.9
0.426,0.071,38.9
0.278,0.085,38.9
0.112,0.104,38.9
0.036,0.142,38.9
0.002,0.215,38.9
0.0,0.259,38.9
0.0,0.27,38.9
0.0,0.264,38.9
0.0,0.233,38.9
0.0,0.203,38.9
0.0,0.164,38.9
0.0,0.122,38.9
0.0,0.086,38.9
0.0,0.065,38.9
0.023,0.049,38.9
0.087,0.024,38.9
0.239,0.012,38.9
0.397,0.002,38.9
0.525,0.001,38.9
0.614,0.001,38.9
0.667,0.001,38.9
0.674,0.002,38.9
0.638,0.002,38.9
0.402,0.008,38.9
0.244,0.015,38.9
0.188,0.023,38.9
0.143,0.035,38.9
0.077,0.054,38.9
0.014,0.098,38.9
0.0,0.191,38.9
0.0,0.265,38.9
0.0,0.263,38.9
0.0,0.216,38.9
0.0,0.17,38.9
0.0,0.131,38.9
0.0,0.085,38.9
0.0,0.041,38.9
0.0,0.014,38.9
0.022,0.004,38.9
0.093,0.046,38.9
0.198,0.155,38.9
0.312,0.251,38.9
0.414,0.232,38.9
0.363,0.217,38.9
0.344,0.218,38.9
0.322,0.227,38.9
0.29,0.253,38.9
0.284,0.278,38.9
0.266,0.289,38.9
0.235,0.316,38.9
0.157,0.323,38.9
0.068,0.358,38.9
0.005,0.425,38.9
0.0,0.457,38.9
0.0,0.432,38.9
0.0,0.265,38.9
0.0,0.151,38.9
0.0,0.122,38.9
0.0,0.148,38.9
0.0,0.175,38.9
0.0,0.16,38.9
0.0,0.117,38.9
0.021,0.078,38.9
0.083,0.067,38.9
0.242,0.111,38.9
0.403,0.105,38.9
0.535,0.08,38.9
0.632,0.057,38.9
0.687,0.037,38.9
0.702,0.023,38.9
0.678,0.015,38.9
0.604,0.01,38.9
0.476,0.006,38.9
0.329,0.005,38.9
0.201,0.005,38.9
0.07,0.006,38.9
0.013,0.009,38.9
0.0,0.016,38.9
0.0,0.022,38.9
0.0,0.025,38.9
0.0,0.024,38.9
0.0,0.02,38.9
0.0,0.016,38.9
0.0,0.017,38.9
0.0,0.019,38.9
0.0,0.022,38.9
0.019,0.022,38.9
0.077,0.012,38.9
0.242,0.001,38.9
0.403,0.009,38.9
0.533,0.024,38.9
0.628,0.032,38.9
0.681,0.03,38.9
0.696,0.026,38.9
0.675,0.025,38.9
0.615,0.024,38.9
0.516,0.022,38.9
0.38,0.018,38.9
0.219,0.012,38.9
0.065,0.006,38.9
0.012,0.006,38.9
0.0,0.01,38.9
0.0,0.02,38.9
0.0,0.033,38.9
0.0,0.031,38.9
0.0,0.02,38.9
0.0,0.012,38.9
0.0,0.011,38.9
0.0,0.011,38.9
0.0,0.014,38.9
0.019,0.019,38.9
0.078,0.011,38.9
0.239,0.001,38.9
0.396,0.002,38.9
0.525,0.005,38.9
0.583,0.006,38.9
0.663,0.003,38.9
0.667,0.002,38.9
0.651,0.002,38.9
0.599,0.002,38.9
0.502,0.005,38.9
0.368,0.008,38.9
0.21,0.015,38.9
0.067,0.043,38.9
0.012,0.157,38.9
0.0,0.542,38.9
0.0,0.839,38.9
0.0,0.826,38.9
0.0,0.75,38.9
0.0,0.739,38.9
0.0,0.695,38.9
0.0,0.599,38.9
0.0,0.51,38.9
0.0,0.526,38.9
0.017,0.494,38.9
0.076,0.429,38.9
0.249,0.551,38.9
0.418,0.605,38.9
0.554,0.571,38.9
0.65,0.469,38.9
0.704,0.334,38.9
0.719,0.209,38.9
0.696,0.126,38.9
0.634,0.082,38.9
0.531,0.058,38.9
0.389,0.048,38.9
0.222,0.046,38.9
0.065,0.054,38.9
0.011,0.068,38.9
0.0,0.092,38.9
0.0,0.124,38.9
0.0,0.163,38.9
0.0,0.182,38.9
0.0,0.173,38.9
0.0,0.158,38.9
0.0,0.155,38.9
0.0,0.154,38.9
0.0,0.131,38.9
0.019,0.095,38.9
0.077,0.045,38.9
0.246,0.025,38.9
0.412,0.027,38.9
0.547,0.022,38.9
0.639,0.016,38.9
0.692,0.014,38.9
0.706,0.01,38.9
0.683,0.006,38.9
0.62,0.01,38.9
0.519,0.017,38.9
0.381,0.013,38.9
0.218,0.006,38.9
0.067,0.004,38.9
0.011,0.005,38.9
0.0,0.005,38.9
0.0,0.01,38.9
0.0,0.033,38.9
0.0,0.06,38.9
0.0,0.063,38.9
0.0,0.046,38.9
0.0,0.028,38.9
0.0,0.018,38.9
0.0,0.011,38.9
0.019,0.006,38.9
0.076,0.009,38.9
0.24,0.025,38.9
0.403,0.028,38.9
0.535,0.025,38.9
0.629,0.021,38.9
0.682,0.016,38.9
0.697,0.013,38.9
0.675,0.008,38.9
0.613,0.007,38.9
0.513,0.007,38.9
0.377,0.006,38.9
0.215,0.006,38.9
0.066,0.004,38.9
0.011,0.009,38.9
0.0,0.03,38.9
0.0,0.083,38.9
0.0,0.154,38.9
0.0,0.202,38.9
0.0,0.211,38.9
0.0,0.195,38.9
0.0,0.179,38.9
0.0,0.163,38.9
0.0,0.151,38.9
0.019,0.132,38.9
0.078,0.071,38.9
0.237,0.044,38.9
0.395,0.03,38.9
0.524,0.018,38.9
0.61,0.012,38.9
0.661,0.011,38.9
0.674,0.012,38.9
0.643,0.014,38.9
0.563,0.016,38.9
0.451,0.019,38.9
0.32,0.025,38.9
0.185,0.042,38.9
0.07,0.079,38.9
0.009,0.167,38.9
0.0,0.291,38.9
0.0,0.355,38.9
0.0,0.325,38.9
0.0,0.27,38.9
0.0,0.224,38.9
0.0,0.186,38.9
0.0,0.175,38.9
0.0,0.181,38.9
0.0,0.191,38.9
0.019,0.167,38.9
0.083,0.095,38.9
0.224,0.082,38.9
0.37,0.064,38.9
0.471,0.036,38.9
0.525,0.017,38.9
0.593,0.007,38.9
0.593,0.008,38.9
0.572,0.015,38.9
0.522,0.016,38.9
0.439,0.01,38.9
0.33,0.004,38.9
0.201,0.005,38.9
0.07,0.007,38.9
0.011,0.015,38.9
0.0,0.031,38.9
0.0,0.036,38.9
0.0,0.048,38.9
0.0,0.167,38.9
0.0,0.368,38.9
0.0,0.465,38.9
0.0,0.425,38.9
0.0,0.396,38.9
0.0,0.341,38.9
0.018,0.245,38.9
0.079,0.163,38.9
0.235,0.175,38.9
0.4,0.21,38.9
0.536,0.231,38.9
0.641,0.22,38.9
0.695,0.178,38.9
0.707,0.138,38.9
0.682,0.113,38.9
0.62,0.096,38.9
0.519,0.085,38.9
0.38,0.074,38.9
0.216,0.067,38.9
0.066,0.071,38.9
0.01,0.101,38.9
0.0,0.175,38.9
0.0,0.272,38.9
0.0,0.368,38.9
0.0,0.417,38.9
0.0,0.413,38.9
0.0,0.401,38.9
0.0,0.37,38.9
0.0,0.305,38.9
0.0,0.245,38.9
0.017,0.22,38.9
0.083,0.167,38.9
0.217,0.202,38.9
0.378,0.192,38.9
0.508,0.161,38.9
0.603,0.129,38.9
0.669,0.09,38.9
0.685,0.061,38.9
0.655,0.047,38.9
0.583,0.042,38.9
0.471,0.041,38.9
0.338,0.04,38.9
0.203,0.043,38.9
0.07,0.051,38.9
0.01,0.077,38.9
0.0,0.108,38.9
0.0,0.133,38.9
0.0,0.162,38.9
0.0,0.184,38.9
0.0,0.192,38.9
0.0,0.194,38.9
0.0,0.209,38.9
0.0,0.22,38.9
0.0,0.206,38.9
0.007,0.167,38.9
0.05,0.093,38.9
0.103,0.068,38.9
0.184,0.067,38.9
0.271,0.07,38.9
0.378,0.068,38.9
0.507,0.045,38.9
0.573,0.018,38.9
0.615,0.002,38.9
0.576,0.001,38.9
0.47,0.002,38.9
0.324,0.006,38.9
0.171,0.016,38.9
0.052,0.04,38.9
0.0,0.082,38.9
0.0,0.097,38.9
0.0,0.078,38.9
0.0,0.043,38.9
0.0,0.016,38.9
0.0,0.004,38.9
0.0,0.005,38.9
0.0,0.013,38.9
0.0,0.023,38.9
0.0,0.025,38.9
0.011,0.023,38.9
0.072,0.017,38.9
0.173,0.014,38.9
0.294,0.008,38.9
0.447,0.006,38.9
0.534,0.008,38.9
0.502,0.009,38.9
0.428,0.008,38.9
0.337,0.007,38.9
0.303,0.009,38.9
0.31,0.014,38.9
0.262,0.017,38.9
0.169,0.017,38.9
0.07,0.018,38.9
0.006,0.022,38.9
0.0,0.03,38.9
0.0,0.042,38.9
0.0,0.065,38.9
0.0,0.11,38.9
0.0,0.146,38.9
0.0,0.155,38.9
0.0,0.145,38.9
0.0,0.133,38.9
0.0,0.119,38.9
0.016,0.101,38.9
0.079,0.049,38.9
0.221,0.018,38.9
0.381,0.005,38.9
0.506,0.002,38.9
0.583,0.002,38.9
0.624,0.005,38.9
0.642,0.008,38.9
0.637,0.012,38.9
0.59,0.014,38.9
0.504,0.016,38.9
0.371,0.014,38.9
0.213,0.014,38.9
0.066,0.025,38.9
0.008,0.056,38.9
0.0,0.118,38.9
0.0,0.178,38.9
0.0,0.213,38.9
0.0,0.218,38.9
0.0,0.201,38.9
0.0,0.161,38.9
0.0,0.12,38.9
0.0,0.099,38.9
0.0,0.085,38.9
0.015,0.076,38.9
0.072,0.051,38.9
0.225,0.124,38.9
0.369,0.2,38.9
0.524,0.21,38.9
0.627,0.2,38.9
0.678,0.18,38.9
0.686,0.157,38.9
0.662,0.137,38.9
0.6,0.123,38.9
0.502,0.111,38.9
0.368,0.111,38.9
0.21,0.126,38.9
0.064,0.164,38.9
0.006,0.251,38.9
0.0,0.376,38.9
0.0,0.432,38.9
0.0,0.429,38.9
0.0,0.444,38.9
0.0,0.492,38.9
0.0,0.547,38.9
0.0,0.527,38.9
0.0,0.488,38.9
0.0,0.415,38.9
0.015,0.3,38.9
0.075,0.184,38.9
0.221,0.136,38.9
0.392,0.112,38.9
0.535,0.096,38.9
0.629,0.073,38.9
0.68,0.051,38.9
0.695,0.038,38.9
0.675,0.03,38.9
0.619,0.024,38.9
0.522,0.019,38.9
0.384,0.018,38.9
0.218,0.015,38.9
0.062,0.011,38.9
0.005,0.009,38.9
0.0,0.011,38.9
0.0,0.027,38.9
0.0,0.057,38.9
0.0,0.077,38.9
0.0,0.075,38.9
0.0,0.057,38.9
0.0,0.046,38.9
0.0,0.046,38.9
0.0,0.05,38.9
0.014,0.049,38.9
0.069,0.024,38.9
0.236,0.01,38.9
0.403,0.005,38.9
0.537,0.005,38.9
0.632,0.009,38.9
0.686,0.015,38.9
0.7,0.017,38.9
0.678,0.017,38.9
0.616,0.017,38.9
0.514,0.02,38.9
0.376,0.026,38.9
0.212,0.041,38.9
0.061,0.079,38.9
0.005,0.157,38.9
0.0,0.274,38.9
0.0,0.337,38.9
0.0,0.336,38.9
0.0,0.327,38.9
0.0,0.267,38.9
0.0,0.201,38.9
0.0,0.157,38.9
0.0,0.13,38.9
0.0,0.099,38.9
0.013,0.071,38.9
0.071,0.03,38.9
0.228,0.014,38.9
0.392,0.006,38.9
0.526,0.003,38.9
0.621,0.002,38.9
0.674,0.004,38.9
0.684,0.005,38.9
0.664,0.008,38.9
0.605,0.012,38.9
0.506,0.019,38.9
0.368,0.029,38.9
0.208,0.051,38.9
0.061,0.106,38.9
0.004,0.245,38.9
0.0,0.394,38.9
0.0,0.436,38.9
0.0,0.398,38.9
0.0,0.323,38.9
0.0,0.252,38.9
0.0,0.195,38.9
0.0,0.158,38.9
0.0,0.131,38.9
0.0,0.112,38.9
0.014,0.089,38.9
0.072,0.049,38.9
0.229,0.041,38.9
0.389,0.025,38.9
0.517,0.011,38.9
0.593,0.005,38.9
0.633,0.003,38.9
0.635,0.003,38.9
0.598,0.004,38.9
0.524,0.008,38.9
0.413,0.014,38.9
0.279,0.023,38.9
0.152,0.039,38.9
0.055,0.061,38.9
0.001,0.116,38.9
0.0,0.193,38.9
0.0,0.242,38.9
0.0,0.255,38.9
0.0,0.243,38.9
0.0,0.228,38.9
0.0,0.222,38.9
0.0,0.223,38.9
0.0,0.235,38.9
0.0,0.243,38.9
0.014,0.184,38.9
0.079,0.061,38.9
0.226,0.037,38.9
0.371,0.022,38.9
0.455,0.011,38.9
0.503,0.008,38.9
0.502,0.007,38.9
0.449,0.006,38.9
0.325,0.006,38.9
0.25,0.006,38.9
0.209,0.005,38.9
0.145,0.009,38.9
0.078,0.034,38.9
0.03,0.097,38.9
0.0,0.176,38.9
0.0,0.232,38.9
0.0,0.245,38.9
0.0,0.228,38.9
0.0,0.193,38.9
0.0,0.163,38.9
0.0,0.137,38.9
0.0,0.112,38.9
0.0,0.087,38.9
0.0,0.067,38.9
0.012,0.044,38.9
0.072,0.014,38.9
0.224,0.003,38.9
0.38,0.0,38.9
0.503,0.001,38.9
0.584,0.002,38.9
0.626,0.001,38.9
0.634,0.001,38.9
0.546,0.001,38.9
0.467,0.001,38.9
0.403,0.001,38.9
0.313,0.002,38.9
0.195,0.006,38.9
0.062,0.016,38.9
0.003,0.047,38.9
0.0,0.114,38.9
0.0,0.193,38.9
0.0,0.235,38.9
0.0,0.235,38.9
0.0,0.208,38.9
0.0,0.181,38.9
0.0,0.166,38.9
0.0,0.155,38.9
0.0,0.152,38.9
0.011,0.13,38.9
0.077,0.07,38.9
0.2,0.057,38.9
0.346,0.045,38.9
0.445,0.025,38.9
0.487,0.005,38.9
0.491,0.017,38.9
0.452,0.077,38.9
0.4,0.21,38.9
0.371,0.317,38.9
0.343,0.281,38.9
0.3,0.156,38.9
0.183,0.062,38.9
0.066,0.024,38.9
0.003,0.043,38.9
0.0,0.079,38.9
0.0,0.086,38.9
0.0,0.07,38.9
0.0,0.057,38.9
0.0,0.041,38.9
0.0,0.024,38.9
0.0,0.017,38.9
0.0,0.019,38.9
0.0,0.026,38.9
0.008,0.029,38.9
0.064,0.018,38.9
0.233,0.013,38.9
0.402,0.01,38.9
0.539,0.008,38.9
0.635,0.01,38.9
0.69,0.014,38.9
0.704,0.016,38.9
0.681,0.011,38.9
0.619,0.002,38.9
0.516,0.004,38.9
0.376,0.013,38.9
0.209,0.037,38.9
0.057,0.086,38.9
0.002,0.188,38.9
0.0,0.292,38.9
0.0,0.315,38.9
0.0,0.283,38.9
0.0,0.237,38.9
0.0,0.201,38.9
0.0,0.171,38.9
0.0,0.142,38.9
0.0,0.15,38.9
0.0,0.135,38.9
0.006,0.112,38.9
0.047,0.071,38.9
0.203,0.053,38.9
0.286,0.039,38.9
0.318,0.024,38.9
0.37,0.018,38.9
0.54,0.017,38.9
0.663,0.016,38.9
0.659,0.013,38.9
0.595,0.014,38.9
0.497,0.024,38.9
0.356,0.045,38.9
0.195,0.077,38.9
0.062,0.118,38.9
0.002,0.193,38.9
0.0,0.276,38.9
0.0,0.302,38.9
0.0,0.27,38.9
0.0,0.204,38.9
0.0,0.148,38.9
0.0,0.107,38.9
0.0,0.077,38.9
0.0,0.057,38.9
0.0,0.048,38.9
0.007,0.047,38.9
0.065,0.025,38.9
0.224,0.03,38.9
0.387,0.038,38.9
0.521,0.027,38.9
0.612,0.015,38.9
0.666,0.002,38.9
0.68,0.001,38.9
0.657,0.001,38.9
0.596,0.003,38.9
0.495,0.006,38.9
0.358,0.011,38.9
0.199,0.009,38.9
0.057,0.005,38.9
0.001,0.006,38.9
0.0,0.018,38.9
0.0,0.055,38.9
0.0,0.097,38.9
0.0,0.129,38.9
0.0,0.15,38.9
0.0,0.161,38.9
0.0,0.165,38.9
0.0,0.167,38.9
0.0,0.163,38.9
0.007,0.146,38.9
0.065,0.078,38.9
0.224,0.051,38.9
0.386,0.03,38.9
0.518,0.016,38.9
0.609,0.008,38.9
0.66,0.005,38.9
0.672,0.004,38.9
0.638,0.006,38.9
0.566,0.011,38.9
0.458,0.037,38.9
0.316,0.103,38.9
0.17,0.131,38.9
0.056,0.149,38.9
0.0,0.241,38.9
0.0,0.316,38.9
0.0,0.22,38.9
0.0,0.164,38.9
0.0,0.122,38.9
0.0,0.139,38.9
0.0,0.138,38.9
0.0,0.108,38.9
0.0,0.08,38.9
0.0,0.053,38.9
0.006,0.033,38.9
0.067,0.013,38.9
0.214,0.004,38.9
0.371,0.001,38.9
0.505,0.002,38.9
0.589,0.001,38.9
0.629,0.001,38.9
0.634,0.001,38.9
0.604,0.001,38.9
0.543,0.001,38.9
0.448,0.001,38.9
0.323,0.004,38.9
0.18,0.013,38.9
0.056,0.033,38.9
0.0,0.073,38.9
0.0,0.133,38.9
0.0,0.171,38.9
0.0,0.179,38.9
0.0,0.165,38.9
0.0,0.137,38.9
0.0,0.105,38.9
0.0,0.075,38.9
0.0,0.047,38.9
0.0,0.035,38.9
0.005,0.026,38.9
0.066,0.011,38.9
0.213,0.006,38.9
0.367,0.009,38.9
0.491,0.008,38.9
0.566,0.006,38.9
0.601,0.001,38.9
0.597,0.001,38.9
0.557,0.002,38.9
0.497,0.002,38.9
0.41,0.002,38.9
0.297,0.002,38.9
0.168,0.003,38.9
0.053,0.004,38.9
0.0,0.008,38.9
0.0,0.022,38.9
0.0,0.041,38.9
0.0,0.053,38.9
0.0,0.06,38.9
0.0,0.067,38.9
0.0,0.074,38.9
0.0,0.085,38.9
0.0,0.101,38.9
0.0,0.122,38.9
0.003,0.125,38.9
0.061,0.07,38.9
0.142,0.03,38.9
0.212,0.013,38.9
0.248,0.005,38.9
0.265,0.003,38.9
0.292,0.006,38.9
0.305,0.011,38.9
0.298,0.019,38.9
0.279,0.023,38.9
0.246,0.024,38.9
0.189,0.018,38.9
0.114,0.011,38.9
0.041,0.012,38.9
0.0,0.045,38.9
0.0,0.114,38.9
0.0,0.179,38.9
0.0,0.211,38.9
0.0,0.211,38.9
0.0,0.205,38.9
0.0,0.196,38.9
0.0,0.179,38.9
0.0,0.139,38.9
0.0,0.107,38.9
0.003,0.101,38.9
0.063,0.066,38.9
0.204,0.032,38.9
0.354,0.011,38.9
0.47,0.003,38.9
0.556,0.001,38.9
0.606,0.002,38.9
0.629,0.004,38.9
0.619,0.006,38.9
0.569,0.011,38.9
0.476,0.016,38.9
0.34,0.019,38.9
0.186,0.018,38.9
0.051,0.011,38.9
0.0,0.009,38.9
0.0,0.037,38.9
0.0,0.088,38.9
0.0,0.111,38.9
0.0,0.093,38.9
0.0,0.062,38.9
0.0,0.035,38.9
0.0,0.019,38.9
0.0,0.009,38.9
0.0,0.008,38.9
0.004,0.022,38.9
0.064,0.03,38.9
0.208,0.055,38.9
0.363,0.052,38.9
0.485,0.029,38.9
0.57,0.029,38.9
0.619,0.037,38.9
0.634,0.046,38.9
0.615,0.054,38.9
0.553,0.059,38.9
0.439,0.064,38.9
0.296,0.061,38.9
0.113,0.046,38.9
0.015,0.074,38.9
0.0,0.12,38.9
0.0,0.154,38.9
0.0,0.172,38.9
0.0,0.146,38.9
0.0,0.113,38.9
0.0,0.073,38.9
0.0,0.061,38.9
0.0,0.053,38.9
0.0,0.048,38.9
0.0,0.03,38.9
0.002,0.022,38.9
0.048,0.016,38.9
0.086,0.008,38.9
0.103,0.006,38.9
0.153,0.006,38.9
0.209,0.005,38.9
0.185,0.007,38.9
0.154,0.011,38.9
0.159,0.019,38.9
0.167,0.041,38.9
0.182,0.073,38.9
0.152,0.089,38.9
0.121,0.087,38.9
0.044,0.104,38.9
0.0,0.139,38.9
0.0,0.125,38.9
0.0,0.153,38.9
0.0,0.246,38.9
0.0,0.369,38.9
0.0,0.424,38.9
0.0,0.42,38.9
0.0,0.403,38.9
0.0,0.432,38.9
0.0,0.516,38.9
0.0,0.55,38.9
0.028,0.574,38.9
0.115,0.571,38.9
0.318,0.633,38.9
0.469,0.753,38.9
0.544,0.763,38.9
0.524,0.752,38.9
0.544,0.744,38.9
0.566,0.674,38.9
0.558,0.534,38.9
0.509,0.403,38.9
0.371,0.345,38.9
0.202,0.311,38.9
0.053,0.234,38.9
0.0,0.178,38.9
0.0,0.154,38.9
0.0,0.203,38.9
0.0,0.307,38.9
0.0,0.325,38.9
0.0,0.265,38.9
0.0,0.179,38.9
0.0,0.122,38.9
0.0,0.101,38.9
0.0,0.094,38.9
0.001,0.087,38.9
0.055,0.073,38.9
0.232,0.054,38.9
0.407,0.036,38.9
0.547,0.032,38.9
0.644,0.036,38.9
0.699,0.038,38.9
0.714,0.039,38.9
0.689,0.038,38.9
0.624,0.036,38.9
0.518,0.03,38.9
0.374,0.028,38.9
0.202,0.035,38.9
0.046,0.053,38.9
0.0,0.081,38.9
0.0,0.101,38.9
0.0,0.117,38.9
0.0,0.125,38.9
0.0,0.118,38.9
0.0,0.092,38.9
0.0,0.065,38.9
0.0,0.048,38.9
0.0,0.032,38.9
0.0,0.017,38.9
0.001,0.009,38.9
0.055,0.006,38.9
0.226,0.002,38.9
0.398,0.002,38.9
0.535,0.007,38.9
0.633,0.015,38.9
0.687,0.027,38.9
0.702,0.039,38.9
0.678,0.048,38.9
0.613,0.053,38.9
0.509,0.052,38.9
0.366,0.05,38.9
0.197,0.051,38.9
0.045,0.062,38.9
0.0,0.082,38.9
0.0,0.103,38.9
0.0,0.115,38.9
0.0,0.099,38.9
0.0,0.059,38.9
0.0,0.024,38.9
0.0,0.009,38.9
0.0,0.012,38.9
0.0,0.016,38.9
0.0,0.015,38.9
0.0,0.015,38.9
0.055,0.009,38.9
0.217,0.003,38.9
0.385,0.001,38.9
0.522,0.002,38.9
0.616,0.005,38.9
0.67,0.009,38.9
0.687,0.016,38.9
0.664,0.025,38.9
0.602,0.041,38.9
0.499,0.061,38.9
0.358,0.089,38.9
0.192,0.124,38.9
0.044,0.167,38.9
0.0,0.227,38.9
0.0,0.231,38.9
0.0,0.188,38.9
0.0,0.114,38.9
0.0,0.048,38.9
0.0,0.02,38.9
0.0,0.012,38.9
0.0,0.008,38.9
0.0,0.004,38.9
0.0,0.005,38.9
0.0,0.009,38.9
0.055,0.009,38.9
0.21,0.002,38.9
0.377,0.002,38.9
0.515,0.001,38.9
0.612,0.001,38.9
0.667,0.005,38.9
0.681,0.016,38.9
0.66,0.025,38.9
0.598,0.034,38.9
0.496,0.043,38.9
0.356,0.055,38.9
0.19,0.067,38.9
0.043,0.08,38.9
0.0,0.085,38.9
0.0,0.067,38.9
0.0,0.038,38.9
0.0,0.021,38.9
0.0,0.011,38.9
0.0,0.009,38.9
0.0,0.011,38.9
0.0,0.01,38.9
0.0,0.007,38.9
0.0,0.006,38.9
0.0,0.007,38.9
0.054,0.006,38.9
0.21,0.001,38.9
0.374,0.002,38.9
0.51,0.003,38.9
0.612,0.001,38.9
0.667,0.001,38.9
0.682,0.001,38.9
0.659,0.001,38.9
0.597,0.002,38.9
0.495,0.007,38.9
0.354,0.011,38.9
0.188,0.012,38.9
0.041,0.022,38.9
0.0,0.033,38.9
0.0,0.027,38.9
0.0,0.026,38.9
0.0,0.045,38.9
0.0,0.071,38.9
0.0,0.077,38.9
0.0,0.064,38.9
0.0,0.052,38.9
0.0,0.049,38.9
0.0,0.06,38.9
0.0,0.078,38.9
0.054,0.073,38.9
0.205,0.037,38.9
0.356,0.031,38.9
0.497,0.015,38.9
0.589,0.004,38.9
0.648,0.001,38.9
0.664,0.001,38.9
0.638,0.001,38.9
0.567,0.001,38.9
0.459,0.002,38.9
0.318,0.006,38.9
0.165,0.009,38.9
0.04,0.023,38.9
0.0,0.034,38.9
0.0,0.036,38.9
0.0,0.066,38.9
0.0,0.089,38.9
0.0,0.085,38.9
0.0,0.082,38.9
0.0,0.071,38.9
0.0,0.058,38.9
0.0,0.045,38.9
0.0,0.032,38.9
0.0,0.02,38.9
0.052,0.01,38.9
0.165,0.004,38.9
0.311,0.001,38.9
0.429,0.001,38.9
0.516,0.001,38.9
0.532,0.001,38.9
0.515,0.003,38.9
0.476,0.009,38.9
0.392,0.011,38.9
0.296,0.015,38.9
0.209,0.018,38.9
0.113,0.018,38.9
0.032,0.013,38.9
0.0,0.008,38.9
0.0,0.032,38.9
0.0,0.076,38.9
0.0,0.111,38.9
0.0,0.114,38.9
0.0,0.094,38.9
0.0,0.08,38.9
0.0,0.07,38.9
0.0,0.046,38.9
0.0,0.024,38.9
0.0,0.014,38.9
0.056,0.014,38.9
0.197,0.017,38.9
0.355,0.016,38.9
0.482,0.011,38.9
0.559,0.002,38.9
0.537,0.003,38.9
0.43,0.01,38.9
0.371,0.013,38.9
0.383,0.015,38.9
0.287,0.023,38.9
0.165,0.037,38.9
0.076,0.049,38.9
0.021,0.061,38.9
0.0,0.046,38.9
0.0,0.022,38.9
0.0,0.02,38.9
0.0,0.037,38.9
0.0,0.029,38.9
0.0,0.012,38.9
0.0,0.007,38.9
0.0,0.005,38.9
0.0,0.007,38.9
0.0,0.013,38.9
0.0,0.02,38.9
0.054,0.019,38.9
0.186,0.011,38.9
0.335,0.005,38.9
0.449,0.005,38.9
0.528,0.01,38.9
0.563,0.017,38.9
0.572,0.022,38.9
0.529,0.021,38.9
0.37,0.015,38.9
0.241,0.007,38.9
0.157,0.005,38.9
0.113,0.011,38.9
0.033,0.017,38.9
0.0,0.029,38.9
0.0,0.053,38.9
0.0,0.067,38.9
0.0,0.064,38.9
0.0,0.059,38.9
0.0,0.059,38.9
0.0,0.062,38.9
0.0,0.058,38.9
0.0,0.054,38.9
0.0,0.059,38.9
0.0,0.067,38.9
0.053,0.053,38.9
0.2,0.035,38.9
0.355,0.02,38.9
0.472,0.012,38.9
0.545,0.008,38.9
0.568,0.007,38.9
0.551,0.008,38.9
0.502,0.007,38.9
0.443,0.007,38.9
0.372,0.005,38.9
0.269,0.003,38.9
0.142,0.008,38.9
0.033,0.019,38.9
0.0,0.046,38.9
0.0,0.078,38.9
0.0,0.095,38.9
0.0,0.096,38.9
0.0,0.087,38.9
0.0,0.078,38.9
0.0,0.065,38.9
0.0,0.047,38.9
0.0,0.027,38.9
0.0,0.014,38.9
0.0,0.011,38.9
0.05,0.008,38.9
0.204,0.004,38.9
0.372,0.004,38.9
0.502,0.003,38.9
0.599,0.001,38.9
0.649,0.001,38.9
0.66,0.0,38.9
0.631,0.0,38.9
0.57,0.001,38.9
0.469,0.001,38.9
0.333,0.004,38.9
0.173,0.004,38.9
0.035,0.005,38.9
0.0,0.008,38.9
0.0,0.021,38.9
0.0,0.045,38.9
0.0,0.064,38.9
0.0,0.076,38.9
0.0,0.084,38.9
0.0,0.095,38.9
0.0,0.1,38.9
0.0,0.088,38.9
0.0,0.068,38.9
0.0,0.048,38.9
0.055,0.022,38.9
0.185,0.011,38.9
0.288,0.011,38.9
0.313,0.009,38.9
0.266,0.005,38.9
0.257,0.002,38.9
0.27,0.0,38.9
0.292,0.0,38.9
0.251,0.0,38.9
0.206,0.001,38.9
0.141,0.004,38.9
0.066,0.003,38.9
0.014,0.004,38.9
0.0,0.004,38.9
0.0,0.007,38.9
0.0,0.031,38.9
0.0,0.072,38.9
0.0,0.095,38.9
0.0,0.1,38.9
0.0,0.102,38.9
0.0,0.106,38.9
0.0,0.104,38.9
0.0,0.101,38.9
0.0,0.1,38.9
0.05,0.074,38.9
0.134,0.051,38.9
0.169,0.055,38.9
0.304,0.057,38.9
0.489,0.045,38.9
0.552,0.035,38.9
0.53,0.032,38.9
0.544,0.029,38.9
0.445,0.041,38.9
0.234,0.082,38.9
0.114,0.146,38.9
0.055,0.194,38.9
0.027,0.256,38.9
0.0,0.28,38.9
0.0,0.236,38.9
0.0,0.179,38.9
0.0,0.114,38.9
0.0,0.06,38.9
0.0,0.029,38.9
0.0,0.013,38.9
0.0,0.01,38.9
0.0,0.014,38.9
0.0,0.02,38.9
0.0,0.028,38.9
0.017,0.025,38.9
0.152,0.011,38.9
0.344,0.008,38.9
0.496,0.009,38.9
0.61,0.014,38.9
0.673,0.019,38.9
0.694,0.014,38.9
0.669,0.01,38.9
0.604,0.009,38.9
0.498,0.009,38.9
0.348,0.006,38.9
0.175,0.005,38.9
0.033,0.007,38.9
0.0,0.035,38.9
0.0,0.096,38.9
0.0,0.142,38.9
0.0,0.151,38.9
0.0,0.136,38.9
0.0,0.115,38.9
0.0,0.093,38.9
0.0,0.077,38.9
0.0,0.058,38.9
0.0,0.035,38.9
0.0,0.014,38.9
0.047,0.018,38.9
0.207,0.023,38.9
0.369,0.018,38.9
0.483,0.008,38.9
0.604,0.003,38.9
0.672,0.004,38.9
0.676,0.011,38.9
0.649,0.013,38.9
0.471,0.011,38.9
0.247,0.009,38.9
0.196,0.006,38.9
0.139,0.007,38.9
0.03,0.025,38.9
0.0,0.073,38.9
0.0,0.124,38.9
0.0,0.142,38.9
0.0,0.139,38.9
0.0,0.123,38.9
0.0,0.103,38.9
0.0,0.086,38.9
0.0,0.069,38.9
0.0,0.058,38.9
0.0,0.048,38.9
0.0,0.037,38.9
0.045,0.017,38.9
0.199,0.004,38.9
0.369,0.005,38.9
0.508,0.005,38.9
0.595,0.004,38.9
0.659,0.003,38.9
0.675,0.002,38.9
0.653,0.002,38.9
0.587,0.003,38.9
0.481,0.003,38.9
0.335,0.005,38.9
0.168,0.009,38.9
0.028,0.018,38.9
0.0,0.047,38.9
0.0,0.091,38.9
0.0,0.121,38.9
0.0,0.118,38.9
0.0,0.106,38.9
0.0,0.086,38.9
0.0,0.063,38.9
0.0,0.047,38.9
0.0,0.04,38.9
0.0,0.038,38.9
0.0,0.036,38.9
0.043,0.021,38.9
0.202,0.009,38.9
0.372,0.006,38.9
0.511,0.003,38.9
0.606,0.001,38.9
0.66,0.001,38.9
0.674,0.002,38.9
0.648,0.003,38.9
0.583,0.003,38.9
0.477,0.002,38.9
0.332,0.002,38.9
0.164,0.003,38.9
0.027,0.012,38.9
0.0,0.034,38.9
0.0,0.079,38.9
0.0,0.131,38.9
0.0,0.155,38.9
0.0,0.149,38.9
0.0,0.138,38.9
0.0,0.124,38.9
0.0,0.109,38.9
0.0,0.101,38.9
0.0,0.102,38.9
0.0,0.107,38.9
0.042,0.085,38.9
0.2,0.044,38.9
0.371,0.03,38.9
0.51,0.017,38.9
0.606,0.015,38.9
0.661,0.017,38.9
0.675,0.017,38.9
0.648,0.014,38.9
0.582,0.011,38.9
0.474,0.008,38.9
0.33,0.01,38.9
0.164,0.023,38.9
0.025,0.065,38.9
0.0,0.16,38.9
0.0,0.251,38.9
0.0,0.28,38.9
0.0,0.227,38.9
0.0,0.14,38.9
0.0,0.104,38.9
0.0,0.091,38.9
0.0,0.098,38.9
0.0,0.114,38.9
0.0,0.14,38.9
0.0,0.147,38.9
0.041,0.125,38.9
0.173,0.076,38.9
0.32,0.07,38.9
0.433,0.063,38.9
0.521,0.062,38.9
0.583,0.053,38.9
0.616,0.047,38.9
0.605,0.048,38.9
0.538,0.054,38.9
0.438,0.062,38.9
0.309,0.067,38.9
0.153,0.079,38.9
0.025,0.105,38.9
0.0,0.136,38.9
0.0,0.169,38.9
0.0,0.236,38.9
0.0,0.32,38.9
0.0,0.407,38.9
0.0,0.454,38.9
0.0,0.437,38.9
0.0,0.345,38.9
0.0,0.26,38.9
0.0,0.212,38.9
0.0,0.167,38.9
0.038,0.104,38.9
0.16,0.091,38.9
0.292,0.121,38.9
0.39,0.144,38.9
0.487,0.145,38.9
0.544,0.132,38.9
0.551,0.115,38.9
0.502,0.103,38.9
0.404,0.097,38.9
0.337,0.092,38.9
0.232,0.088,38.9
0.132,0.093,38.9
0.025,0.118,38.9
0.0,0.135,38.9
0.0,0.104,38.9
0.0,0.069,38.9
0.0,0.039,38.9
0.0,0.031,38.9
0.0,0.044,38.9
0.0,0.061,38.9
0.0,0.077,38.9
0.0,0.076,38.9
0.0,0.084,38.9
0.0,0.095,38.9
0.031,0.078,38.9
0.167,0.047,38.9
0.349,0.02,38.9
0.493,0.005,38.9
0.593,0.01,38.9
0.662,0.008,38.9
0.674,0.006,38.9
0.644,0.001,38.9
0.589,0.001,38.9
0.483,0.001,38.9
0.334,0.008,38.9
0.162,0.02,38.9
0.022,0.05,38.9
0.0,0.09,38.9
0.0,0.115,38.9
0.0,0.124,38.9
0.0,0.108,38.9
0.0,0.104,38.9
0.0,0.114,38.9
0.0,0.123,38.9
0.0,0.118,38.9
0.0,0.103,38.9
0.0,0.097,38.9
0.0,0.103,38.9
0.038,0.084,38.9
0.2,0.076,38.9
0.375,0.07,38.9
0.518,0.051,38.9
0.618,0.037,38.9
0.674,0.031,38.9
0.689,0.026,38.9
0.661,0.022,38.9
0.582,0.019,38.9
0.451,0.022,38.9
0.272,0.035,38.9
0.126,0.064,38.9
0.018,0.129,38.9
0.0,0.214,38.9
0.0,0.275,38.9
0.0,0.282,38.9
0.0,0.233,38.9
0.0,0.174,38.9
0.0,0.14,38.9
0.0,0.124,38.9
0.0,0.104,38.9
0.0,0.085,38.9
0.0,0.066,38.9
0.0,0.054,38.9
0.037,0.044,38.9
0.186,0.017,38.9
0.326,0.003,38.9
0.47,0.006,38.9
0.593,0.007,38.9
0.654,0.008,38.9
0.668,0.01,38.9
0.647,0.013,38.9
0.587,0.012,38.9
0.484,0.01,38.9
0.335,0.006,38.9
0.16,0.003,38.9
0.019,0.006,38.9
0.0,0.036,38.9
0.0,0.102,38.9
0.0,0.153,38.9
0.0,0.16,38.9
0.0,0.144,38.9
0.0,0.123,38.9
0.0,0.104,38.9
0.0,0.089,38.9
0.0,0.079,38.9
0.0,0.073,38.9
0.0,0.065,38.9
0.033,0.045,38.9
0.14,0.052,38.9
0.247,0.068,38.9
0.349,0.08,38.9
0.423,0.094,38.9
0.529,0.111,38.9
0.562,0.128,38.9
0.556,0.155,38.9
0.488,0.216,38.9
0.341,0.359,38.9
0.147,0.538,38.9
0.049,0.682,38.9
0.002,0.74,38.9
0.0,0.75,38.9
0.0,0.765,38.9
0.0,0.753,38.9
0.0,0.702,38.9
0.0,0.645,38.9
0.0,0.595,38.9
0.0,0.547,38.9
0.0,0.468,38.9
0.0,0.382,38.9
0.0,0.318,38.9
0.0,0.264,38.9
0.026,0.228,38.9
0.124,0.165,38.9
0.256,0.17,38.9
0.369,0.195,38.9
0.453,0.222,38.9
0.496,0.278,38.9
0.523,0.379,38.9
0.501,0.51,38.9
0.422,0.583,38.9
0.324,0.58,38.9
0.182,0.51,38.9
0.066,0.431,38.9
0.002,0.42,38.9
0.0,0.4,38.9
0.0,0.376,38.9
0.0,0.362,38.9
0.0,0.341,38.9
0.0,0.33,38.9
0.0,0.311,38.9
0.0,0.304,38.9
0.0,0.295,38.9
0.0,0.29,38.9
0.0,0.302,38.9
0.0,0.337,38.9
0.028,0.38,38.9
0.134,0.468,38.9
0.251,0.653,38.9
0.481,0.84,38.9
0.621,0.905,38.9
0.695,0.874,38.9
0.712,0.786,38.9
0.687,0.674,38.9
0.617,0.562,38.9
0.505,0.49,38.9
0.35,0.432,38.9
0.167,0.337,38.9
0.015,0.266,38.9
0.0,0.243,38.9
0.0,0.217,38.9
0.0,0.189,38.9
0.0,0.188,38.9
0.0,0.183,38.9
0.0,0.176,38.9
0.0,0.151,38.9
0.0,0.121,38.9
0.0,0.086,38.9
0.0,0.054,38.9
0.0,0.074,38.9
0.036,0.062,38.9
0.072,0.017,38.9
0.118,0.011,38.9
0.21,0.013,38.9
0.249,0.012,38.9
0.32,0.007,38.9
0.305,0.005,38.9
0.259,0.005,38.9
0.175,0.006,38.9
0.116,0.004,38.9
0.077,0.004,38.9
0.043,0.008,38.9
0.005,0.023,38.9
0.0,0.056,38.9
0.0,0.098,38.9
0.0,0.115,38.9
0.0,0.118,38.9
0.0,0.121,38.9
0.0,0.118,38.9
0.0,0.105,38.9
0.0,0.094,38.9
0.0,0.086,38.9
0.0,0.089,38.9
0.0,0.093,38.9
0.032,0.088,38.9
0.206,0.05,38.9
0.395,0.034,38.9
0.546,0.028,38.9
0.651,0.025,38.9
0.71,0.024,38.9
0.724,0.019,38.9
0.696,0.016,38.9
0.625,0.013,38.9
0.509,0.013,38.9
0.349,0.025,38.9
0.161,0.066,38.9
0.011,0.166,38.9
0.0,0.326,38.9
0.0,0.41,38.9
0.0,0.425,38.9
0.0,0.354,38.9
0.0,0.278,38.9
0.0,0.208,38.9
0.0,0.151,38.9
0.0,0.093,38.9
0.0,0.062,38.9
0.0,0.051,38.9
0.0,0.05,38.9
0.027,0.055,38.9
0.166,0.038,38.9
0.347,0.037,38.9
0.48,0.041,38.9
0.561,0.042,38.9
0.608,0.037,38.9
0.613,0.029,38.9
0.571,0.021,38.9
0.505,0.016,38.9
0.413,0.015,38.9
0.292,0.016,38.9
0.137,0.021,38.9
0.009,0.05,38.9
0.0,0.083,38.9
0.0,0.09,38.9
0.0,0.076,38.9
0.0,0.061,38.9
0.0,0.046,38.9
0.0,0.031,38.9
0.0,0.02,38.9
0.0,0.019,38.9
0.0,0.026,38.9
0.0,0.032,38.9
0.0,0.029,38.9
0.027,0.02,38.9
0.183,0.008,38.9
0.367,0.009,38.9
0.519,0.008,38.9
0.629,0.008,38.9
0.688,0.006,38.9
0.704,0.009,38.9
0.68,0.012,38.9
0.611,0.009,38.9
0.498,0.004,38.9
0.34,0.005,38.9
0.154,0.009,38.9
0.007,0.019,38.9
0.0,0.03,38.9
0.0,0.044,38.9
0.0,0.056,38.9
0.0,0.059,38.9
0.0,0.051,38.9
0.0,0.037,38.9
0.0,0.03,38.9
0.0,0.026,38.9
0.0,0.023,38.9
0.0,0.018,38.9
0.0,0.013,38.9
0.026,0.011,38.9
0.179,0.005,38.9
0.352,0.005,38.9
0.503,0.003,38.9
0.616,0.001,38.9
0.677,0.001,38.9
0.692,0.003,38.9
0.667,0.006,38.9
0.597,0.009,38.9
0.482,0.011,38.9
0.325,0.011,38.9
0.144,0.014,38.9
0.007,0.039,38.9
0.0,0.072,38.9
0.0,0.092,38.9
0.0,0.092,38.9
0.0,0.073,38.9
0.0,0.046,38.9
0.0,0.028,38.9
0.0,0.019,38.9
0.0,0.013,38.9
0.0,0.01,38.9
0.0,0.011,38.9
0.0,0.015,38.9
0.025,0.017,38.9
0.186,0.011,38.9
0.369,0.004,38.9
0.517,0.005,38.9
0.62,0.006,38.9
0.678,0.008,38.9
0.693,0.012,38.9
0.667,0.018,38.9
0.597,0.026,38.9
0.484,0.039,38.9
0.327,0.061,38.9
0.144,0.101,38.9
0.006,0.194,38.9
0.0,0.337,38.9
0.0,0.419,38.9
0.0,0.413,38.9
0.0,0.367,38.9
0.0,0.302,38.9
0.0,0.252,38.9
0.0,0.227,38.9
0.0,0.214,38.9
0.0,0.196,38.9
0.0,0.167,38.9
0.0,0.134,38.9
0.021,0.102,38.9
0.165,0.05,38.9
0.341,0.024,38.9
0.481,0.013,38.9
0.594,0.014,38.9
0.661,0.022,38.9
0.667,0.03,38.9
0.626,0.039,38.9
0.541,0.053,38.9
0.421,0.079,38.9
0.3,0.119,38.9
0.13,0.181,38.9
0.005,0.249,38.9
0.0,0.285,38.9
0.0,0.261,38.9
0.0,0.2,38.9
0.0,0.114,38.9
0.0,0.046,38.9
0.0,0.05,38.9
0.0,0.155,38.9
0.0,0.195,38.9
0.0,0.163,38.9
0.0,0.1,38.9
0.0,0.058,38.9
0.008,0.053,38.9
0.055,0.049,38.9
0.123,0.025,38.9
0.248,0.013,38.9
0.414,0.009,38.9
0.535,0.002,38.9
0.564,0.004,38.9
0.468,0.015,38.9
0.369,0.022,38.9
0.252,0.031,38.9
0.156,0.034,38.9
0.066,0.038,38.9
0.001,0.055,38.9
0.0,0.083,38.9
0.0,0.122,38.9
0.0,0.173,38.9
0.0,0.204,38.9
0.0,0.201,38.9
0.0,0.202,38.9
0.0,0.197,38.9
0.0,0.214,38.9
0.0,0.238,38.9
0.0,0.238,38.9
0.0,0.213,38.9
0.016,0.171,38.9
0.143,0.114,38.9
0.305,0.124,38.9
0.455,0.14,38.9
0.586,0.145,38.9
0.657,0.134,38.9
0.682,0.116,38.9
0.66,0.1,38.9
0.593,0.082,38.9
0.478,0.066,38.9
0.325,0.054,38.9
0.14,0.051,38.9
0.004,0.072,38.9
0.0,0.094,38.9
0.0,0.107,38.9
0.0,0.121,38.9
0.0,0.131,38.9
0.0,0.123,38.9
0.0,0.097,38.9
0.0,0.061,38.9
0.0,0.037,38.9
0.0,0.028,38.9
0.0,0.027,38.9
0.0,0.027,38.9
0.019,0.029,38.9
0.167,0.02,38.9
0.342,0.026,38.9
0.489,0.026,38.9
0.594,0.02,38.9
0.657,0.01,38.9
0.67,0.002,38.9
0.638,0.001,38.9
0.568,0.003,38.9
0.462,0.008,38.9
0.3,0.013,38.9
0.107,0.017,38.9
0.002,0.021,38.9
0.0,0.011,38.9
0.0,0.007,38.9
0.0,0.014,38.9
0.0,0.036,38.9
0.0,0.058,38.9
0.0,0.062,38.9
0.0,0.051,38.9
0.0,0.04,38.9
0.0,0.036,38.9
0.0,0.032,38.9
0.0,0.032,38.9
0.009,0.029,38.9
0.088,0.014,38.9
0.213,0.006,38.9
0.373,0.014,38.9
0.404,0.013,38.9
0.388,0.009,38.9
0.354,0.006,38.9
0.292,0.006,38.9
0.27,0.008,38.9
0.216,0.011,38.9
0.144,0.013,38.9
0.068,0.019,38.9
0.0,0.03,38.9
0.0,0.045,38.9
0.0,0.061,38.9
0.0,0.079,38.9
0.0,0.101,38.9
0.0,0.122,38.9
0.0,0.125,38.9
0.0,0.127,38.9
0.0,0.126,38.9
0.0,0.133,38.9
0.0,0.144,38.9
0.0,0.142,38.9
0.011,0.137,38.9
0.124,0.088,38.9
0.249,0.122,38.9
0.334,0.178,38.9
0.332,0.175,38.9
0.337,0.145,38.9
0.314,0.112,38.9
0.29,0.085,38.9
0.254,0.069,38.9
0.201,0.062,38.9
0.128,0.058,38.9
0.051,0.054,38.9
0.0,0.07,38.9
0.0,0.09,38.9
0.0,0.102,38.9
0.0,0.106,38.9
0.0,0.11,38.9
0.0,0.11,38.9
0.0,0.105,38.9
0.0,0.094,38.9
0.0,0.08,38.9
0.0,0.06,38.9
0.0,0.038,38.9
0.0,0.022,38.9
0.01,0.014,38.9
0.137,0.01,38.9
0.309,0.017,38.9
0.455,0.03,38.9
0.566,0.035,38.9
0.621,0.037,38.9
0.627,0.035,38.9
0.598,0.029,38.9
0.538,0.024,38.9
0.426,0.021,38.9
0.276,0.022,38.9
0.111,0.025,38.9
0.0,0.041,38.9
0.0,0.052,38.9
0.0,0.064,38.9
0.0,0.077,38.9
0.0,0.091,38.9
0.0,0.094,38.9
0.0,0.084,38.9
0.0,0.062,38.9
0.0,0.038,38.9
0.0,0.021,38.9
0.0,0.009,38.9
0.0,0.006,38.9
0.011,0.008,38.9
0.15,0.006,38.9
0.33,0.013,38.9
0.481,0.046,38.9
0.583,0.073,38.9
0.64,0.09,38.9
0.654,0.098,38.9
0.627,0.101,38.9
0.553,0.101,38.9
0.434,0.098,38.9
0.276,0.103,38.9
0.104,0.111,38.9
0.0,0.124,38.9
0.0,0.133,38.9
0.0,0.135,38.9
0.0,0.124,38.9
0.0,0.082,38.9
0.0,0.046,38.9
0.0,0.039,38.9
0.0,0.039,38.9
0.0,0.038,38.9
0.0,0.042,38.9
0.0,0.068,38.9
0.0,0.107,38.9
0.008,0.119,38.9
0.13,0.079,38.9
0.29,0.068,38.9
0.426,0.089,38.9
0.524,0.1,38.9
0.616,0.102,38.9
0.644,0.105,38.9
0.613,0.108,38.9
0.56,0.105,38.9
0.44,0.099,38.9
0.25,0.093,38.9
0.07,0.087,38.9
0.0,0.094,38.9
0.0,0.103,38.9
0.0,0.102,38.9
0.0,0.094,38.9
0.0,0.087,38.9
0.0,0.086,38.9
0.0,0.091,38.9
0.0,0.095,38.9
0.0,0.104,38.9
0.0,0.105,38.9
0.0,0.089,38.9
0.0,0.062,38.9
0.008,0.035,38.9
0.144,0.011,38.9
0.327,0.01,38.9
0.478,0.035,38.9
0.59,0.055,38.9
0.653,0.068,38.9
0.669,0.069,38.9
0.638,0.064,38.9
0.551,0.058,38.9
0.393,0.053,38.9
0.222,0.054,38.9
0.07,0.061,38.9
0.0,0.073,38.9
0.0,0.076,38.9
0.0,0.072,38.9
0.0,0.065,38.9
0.0,0.061,38.9
0.0,0.059,38.9
0.0,0.054,38.9
0.0,0.043,38.9
0.0,0.028,38.9
0.0,0.016,38.9
0.0,0.004,38.9
0.0,0.004,38.9
0.006,0.01,38.9
0.1,0.003,38.9
0.164,0.025,38.9
0.175,0.061,38.9
0.194,0.055,38.9
0.236,0.034,38.9
0.3,0.014,38.9
0.399,0.009,38.9
0.427,0.006,38.9
0.356,0.003,38.9
0.236,0.002,38.9
0.088,0.003,38.9
0.0,0.007,38.9
0.0,0.01,38.9
0.0,0.012,38.9
0.0,0.017,38.9
0.0,0.019,38.9
0.0,0.02,38.9
0.0,0.021,38.9
0.0,0.02,38.9
0.0,0.018,38.9
0.0,0.014,38.9
0.0,0.013,38.9
0.0,0.017,38.9
0.004,0.022,38.9
0.119,0.024,38.9
0.287,0.027,38.9
0.447,0.03,38.9
0.57,0.027,38.9
0.633,0.022,38.9
0.64,0.018,38.9
0.604,0.017,38.9
0.526,0.019,38.9
0.408,0.026,38.9
0.26,0.044,38.9
0.096,0.077,38.9
0.0,0.116,38.9
0.0,0.148,38.9
0.0,0.172,38.9
0.0,0.192,38.9
0.0,0.206,38.9
0.0,0.222,38.9
0.0,0.241,38.9
0.0,0.27,38.9
0.0,0.299,38.9
0.0,0.29,38.9
0.0,0.277,38.9
0.0,0.254,38.9
0.004,0.22,38.9
0.129,0.116,38.9
0.305,0.112,38.9
0.448,0.12,38.9
0.542,0.112,38.9
0.602,0.102,38.9
0.622,0.089,38.9
0.602,0.083,38.9
0.532,0.084,38.9
0.421,0.094,38.9
0.268,0.121,38.9
0.098,0.182,38.9
0.0,0.259,38.9
0.0,0.32,38.9
0.0,0.398,38.9
0.0,0.432,38.9
0.0,0.37,38.9
0.0,0.338,38.9
0.0,0.395,38.9
0.0,0.404,38.9
0.0,0.376,38.9
0.0,0.348,38.9
0.0,0.32,38.9
0.0,0.289,38.9
0.002,0.224,38.9
0.076,0.099,38.9
0.174,0.102,38.9
0.285,0.094,38.9
0.428,0.077,38.9
0.504,0.073,38.9
0.576,0.07,38.9
0.581,0.065,38.9
0.503,0.063,38.9
0.323,0.061,38.9
0.142,0.067,38.9
0.036,0.115,38.9
0.0,0.18,38.9
0.0,0.192,38.9
0.0,0.171,38.9
0.0,0.147,38.9
0.0,0.136,38.9
0.0,0.139,38.9
0.0,0.129,38.9
0.0,0.111,38.9
0.0,0.09,38.9
0.0,0.072,38.9
0.0,0.053,38.9
0.0,0.036,38.9
0.0,0.027,38.9
0.087,0.016,38.9
0.246,0.014,38.9
0.392,0.013,38.9
0.492,0.009,38.9
0.521,0.002,38.9
0.482,0.002,38.9
0.389,0.003,38.9
0.256,0.003,38.9
0.156,0.002,38.9
0.091,0.003,38.9
0.034,0.009,38.9
0.0,0.023,38.9
0.0,0.048,38.9
0.0,0.077,38.9
0.0,0.093,38.9
0.0,0.085,38.9
0.0,0.073,38.9
0.0,0.06,38.9
0.0,0.039,38.9
0.0,0.02,38.9
0.0,0.013,38.9
0.0,0.018,38.9
0.0,0.025,38.9
0.0,0.024,38.9
0.094,0.015,38.9
0.245,0.019,38.9
0.373,0.023,38.9
0.419,0.018,38.9
0.422,0.013,38.9
0.383,0.012,38.9
0.344,0.012,38.9
0.285,0.013,38.9
0.217,0.014,38.9
0.129,0.016,38.9
0.042,0.026,38.9
0.0,0.042,38.9
0.0,0.056,38.9
0.0,0.067,38.9
0.0,0.078,38.9
0.0,0.082,38.9
0.0,0.079,38.9
0.0,0.074,38.9
0.0,0.069,38.9
0.0,0.061,38.9
0.0,0.056,38.9
0.0,0.051,38.9
0.0,0.044,38.9
0.0,0.035,38.9
0.035,0.022,38.9
0.081,0.016,38.9
0.118,0.017,38.9
0.138,0.02,38.9
0.114,0.021,38.9
0.149,0.02,38.9
0.178,0.022,38.9
0.17,0.029,38.9
0.134,0.036,38.9
0.07,0.043,38.9
0.016,0.054,38.9
0.0,0.071,38.9
0.0,0.1,38.9
0.0,0.12,38.9
0.0,0.124,38.9
0.0,0.119,38.9
0.0,0.107,38.9
0.0,0.097,38.9
0.0,0.114,38.9
0.0,0.098,38.9
0.0,0.076,38.9
0.0,0.068,38.9
0.0,0.06,38.9
0.0,0.043,38.9
0.04,0.024,38.9
0.137,0.013,38.9
0.246,0.01,38.9
0.334,0.006,38.9
0.413,0.005,38.9
0.458,0.006,38.9
0.458,0.008,38.9
0.42,0.014,38.9
0.348,0.023,38.9
0.23,0.036,38.9
0.076,0.058,38.9
0.0,0.112,38.9
0.0,0.173,38.9
0.0,0.198,38.9
0.0,0.182,38.9
0.0,0.144,38.9
0.0,0.11,38.9
0.0,0.07,38.9
0.0,0.043,38.9
0.0,0.032,38.9
0.0,0.027,38.9
0.0,0.024,38.9
0.0,0.022,38.9
0.0,0.018,38.9
0.034,0.016,38.9
0.141,0.014,38.9
0.286,0.018,38.9
0.41,0.021,38.9
0.535,0.026,38.9
0.571,0.041,38.9
0.52,0.09,38.9
0.327,0.192,38.9
0.232,0.379,38.9
0.137,0.598,38.9
0.033,0.734,38.9
0.0,0.811,38.9
0.0,0.829,38.9
0.0,0.841,38.9
0.0,0.841,38.9
0.0,0.813,38.9
0.0,0.72,38.9
0.0,0.622,38.9
0.0,0.555,38.9
0.0,0.466,38.9
0.0,0.368,38.9
0.0,0.354,38.9
0.0,0.361,38.9
0.0,0.362,38.9
0.128,0.285,38.9
0.319,0.183,38.9
0.429,0.187,38.9
0.506,0.188,38.9
0.592,0.228,38.9
0.619,0.389,38.9
0.526,0.644,38.9
0.446,0.812,38.9
0.286,0.844,38.9
0.131,0.596,38.9
0.02,0.186,38.9
0.0,0.104,38.9
0.0,0.337,38.9
0.0,0.598,38.9
0.0,0.666,38.9
0.0,0.61,38.9
0.0,0.556,38.9
0.0,0.557,38.9
0.0,0.599,38.9
0.0,0.599,38.9
0.0,0.586,38.9
0.0,0.577,38.9
0.0,0.592,38.9
0.0,0.662,38.9
0.141,0.625,38.9
0.319,0.547,38.9
0.479,0.535,38.9
0.613,0.472,38.9
0.699,0.387,38.9
0.717,0.315,38.9
0.69,0.249,38.9
0.618,0.181,38.9
0.494,0.126,38.9
0.318,0.096,38.9
0.11,0.138,38.9
0.0,0.253,38.9
0.0,0.32,38.9
0.0,0.312,38.9
0.0,0.272,38.9
0.0,0.212,38.9
0.0,0.157,38.9
0.0,0.115,38.9
0.0,0.09,38.9
0.0,0.082,38.9
0.0,0.09,38.9
0.0,0.086,38.9
0.0,0.037,38.9
0.0,0.019,38.9
0.144,0.02,38.9
0.35,0.014,38.9
0.52,0.02,38.9
0.634,0.009,38.9
0.703,0.007,38.9
0.719,0.015,38.9
0.682,0.039,38.9
0.592,0.1,38.9
0.447,0.189,38.9
0.286,0.274,38.9
0.091,0.29,38.9
0.0,0.307,38.9
0.0,0.243,38.9
0.0,0.115,38.9
0.0,0.023,38.9
0.0,0.019,38.9
0.0,0.069,38.9
0.0,0.104,38.9
0.0,0.16,38.9
0.0,0.232,38.9
0.0,0.272,38.9
0.0,0.283,38.9
0.0,0.283,38.9
0.0,0.268,38.9
0.13,0.203,38.9
0.35,0.122,38.9
0.521,0.121,38.9
0.614,0.102,38.9
0.682,0.069,38.9
0.712,0.042,38.9
0.691,0.027,38.9
0.619,0.015,38.9
0.492,0.007,38.9
0.315,0.009,38.9
0.106,0.051,38.9
0.0,0.184,38.9
0.0,0.358,38.9
0.0,0.44,38.9
0.0,0.39,38.9
0.0,0.316,38.9
0.0,0.247,38.9
0.0,0.193,38.9
0.0,0.156,38.9
0.0,0.133,38.9
0.0,0.118,38.9
0.0,0.095,38.9
0.0,0.066,38.9
0.0,0.047,38.9
0.122,0.04,38.9
0.326,0.039,38.9
0.493,0.052,38.9
0.607,0.046,38.9
0.671,0.03,38.9
0.685,0.026,38.9
0.645,0.032,38.9
0.541,0.043,38.9
0.395,0.058,38.9
0.174,0.083,38.9
0.038,0.143,38.9
0.0,0.261,38.9
0.0,0.332,38.9
0.0,0.347,38.9
0.0,0.284,38.9
0.0,0.232,38.9
0.0,0.192,38.9
0.0,0.155,38.9
0.0,0.121,38.9
0.0,0.094,38.9
0.0,0.073,38.9
0.0,0.053,38.9
0.0,0.037,38.9
0.0,0.027,38.9
0.077,0.017,38.9
0.237,0.008,38.9
0.408,0.004,38.9
0.567,0.002,38.9
0.656,0.001,38.9
0.678,0.002,38.9
0.647,0.003,38.9
0.569,0.005,38.9
0.441,0.01,38.9
0.264,0.025,38.9
0.073,0.066,38.9
0.0,0.153,38.9
0.0,0.242,38.9
0.0,0.299,38.9
0.0,0.283,38.9
0.0,0.236,38.9
0.0,0.197,38.9
0.0,0.164,38.9
0.0,0.137,38.9
0.0,0.117,38.9
0.0,0.099,38.9
0.0,0.086,38.9
0.0,0.082,38.9
0.0,0.077,38.9
0.085,0.054,38.9
0.255,0.047,38.9
0.39,0.051,38.9
0.475,0.051,38.9
0.483,0.05,38.9
0.465,0.046,38.9
0.339,0.038,38.9
0.155,0.025,38.9
0.098,0.025,38.9
0.108,0.046,38.9
0.042,0.071,38.9
0.0,0.12,38.9
0.0,0.179,38.9
0.0,0.195,38.9
0.0,0.23,38.9
0.0,0.294,38.9
0.0,0.316,38.9
0.0,0.359,38.9
0.0,0.411,38.9
0.0,0.484,38.9
0.0,0.521,38.9
0.0,0.501,38.9
0.0,0.491,38.9
0.0,0.554,38.9
0.001,0.682,38.9
0.016,0.816,38.9
0.056,0.85,38.9
0.165,0.84,38.9
0.176,0.849,38.9
0.135,0.876,38.9
0.099,0.918,38.9
0.081,0.935,38.9
0.058,0.94,38.9
0.026,0.946,38.9
0.0,0.948,38.9
0.0,0.953,38.9
0.0,0.954,38.9
0.0,0.957,38.9
0.0,0.949,38.9
0.0,0.942,38.9
0.0,0.93,38.9
0.0,0.926,38.9
0.0,0.936,38.9
0.0,0.951,38.9
0.0,0.95,38.9
0.0,0.906,38.9
0.0,0.827,38.9
0.0,0.827,38.9
0.042,0.827,38.9
0.256,0.831,38.9
0.506,0.841,38.9
0.649,0.774,38.9
0.716,0.652,38.9
0.729,0.575,38.9
0.694,0.554,38.9
0.612,0.591,38.9
0.478,0.678,38.9
0.288,0.739,38.9
0.08,0.783,38.9
0.0,0.806,38.9
0.0,0.795,38.9
0.0,0.785,38.9
0.0,0.768,38.9
0.0,0.756,38.9
0.0,0.742,38.9
0.0,0.69,38.9
0.0,0.679,38.9
0.0,0.648,38.9
0.0,0.612,38.9
0.0,0.584,38.9
0.0,0.586,38.9
0.0,0.555,38.9
0.125,0.454,38.9
0.343,0.289,38.9
0.516,0.413,38.9
0.631,0.533,38.9
0.692,0.615,38.9
0.701,0.711,38.9
0.654,0.794,38.9
0.556,0.823,38.9
0.407,0.79,38.9
0.235,0.708,38.9
0.05,0.666,38.9
0.0,0.751,38.9
0.0,0.761,38.9
0.0,0.699,38.9
0.0,0.61,38.9
0.0,0.523,38.9
0.0,0.481,38.9
0.0,0.467,38.9
0.0,0.437,38.9
0.0,0.376,38.9
0.0,0.309,38.9
0.0,0.263,38.9
0.0,0.203,38.9
0.0,0.129,38.9
0.103,0.087,38.9
0.311,0.043,38.9
0.494,0.021,38.9
0.617,0.014,38.9
0.66,0.019,38.9
0.587,0.021,38.9
0.525,0.018,38.9
0.481,0.011,38.9
0.362,0.009,38.9
0.189,0.025,38.9
0.048,0.058,38.9
0.0,0.09,38.9
0.0,0.105,38.9
0.0,0.096,38.9
0.0,0.069,38.9
0.0,0.038,38.9
0.0,0.019,38.9
0.0,0.019,38.9
0.0,0.027,38.9
0.0,0.036,38.9
0.0,0.046,38.9
0.0,0.054,38.9
0.0,0.068,38.9
0.0,0.083,38.9
0.053,0.081,38.9
0.187,0.044,38.9
0.353,0.037,38.9
0.567,0.031,38.9
0.393,0.023,38.9
0.297,0.022,38.9
0.251,0.031,38.9
0.197,0.036,38.9
0.108,0.05,38.9
0.055,0.088,38.9
0.003,0.146,38.9
0.0,0.161,38.9
0.0,0.082,38.9
0.0,0.074,38.9
0.0,0.094,38.9
0.0,0.119,38.9
0.0,0.096,38.9
0.0,0.058,38.9
0.0,0.036,38.9
0.0,0.02,38.9
0.0,0.033,38.9
0.0,0.028,38.9
0.0,0.025,38.9
0.0,0.049,38.9
0.086,0.079,38.9
0.284,0.064,38.9
0.464,0.072,38.9
0.584,0.155,38.9
0.652,0.172,38.9
0.628,0.183,38.9
0.563,0.186,38.9
0.583,0.206,38.9
0.463,0.23,38.9
0.285,0.209,38.9
0.077,0.205,38.9
0.0,0.261,38.9
0.0,0.328,38.9
0.0,0.398,38.9
0.0,0.455,38.9
0.0,0.478,38.9
0.0,0.47,38.9
0.0,0.383,38.9
0.0,0.294,38.9
0.0,0.209,38.9
0.0,0.132,38.9
0.0,0.096,38.9
0.0,0.076,38.9
0.0,0.059,38.9
0.104,0.047,38.9
0.322,0.025,38.9
0.498,0.018,38.9
0.616,0.012,38.9
0.679,0.005,38.9
0.696,0.001,38.9
0.665,0.002,38.9
0.585,0.003,38.9
0.46,0.003,38.9
0.279,0.008,38.9
0.065,0.02,38.9
0.0,0.049,38.9
0.0,0.093,38.9
0.0,0.131,38.9
0.0,0.164,38.9
0.0,0.178,38.9
0.0,0.16,38.9
0.0,0.125,38.9
0.0,0.086,38.9
0.0,0.057,38.9
0.0,0.035,38.9
0.0,0.022,38.9
0.0,0.02,38.9
0.0,0.025,38.9
0.048,0.029,38.9
0.231,0.021,38.9
0.284,0.018,38.9
0.28,0.013,38.9
0.254,0.009,38.9
0.215,0.006,38.9
0.173,0.004,38.9
0.134,0.004,38.9
0.085,0.004,38.9
0.037,0.004,38.9
0.0,0.005,38.9
0.0,0.01,38.9
0.0,0.022,38.9
0.0,0.035,38.9
0.0,0.049,38.9
0.0,0.064,38.9
0.0,0.074,38.9
0.0,0.083,38.9
0.0,0.088,38.9
0.0,0.09,38.9
0.0,0.091,38.9
0.0,0.089,38.9
0.0,0.084,38.9
0.0,0.076,38.9
0.064,0.069,38.9
0.258,0.045,38.9
0.448,0.042,38.9
0.565,0.035,38.9
0.635,0.027,38.9
0.657,0.022,38.9
0.601,0.019,38.9
0.517,0.016,38.9
0.373,0.012,38.9
0.16,0.011,38.9
0.012,0.02,38.9
0.0,0.039,38.9
0.0,0.051,38.9
0.0,0.047,38.9
0.0,0.046,38.9
0.0,0.074,38.9
0.0,0.142,38.9
0.0,0.202,38.9
0.0,0.186,38.9
0.0,0.155,38.9
0.0,0.18,38.9
0.0,0.245,38.9
0.0,0.289,38.9
0.0,0.3,38.9
0.025,0.284,38.9
0.123,0.227,38.9
0.245,0.318,38.9
0.349,0.412,38.9
0.39,0.409,38.9
0.376,0.355,38.9
0.354,0.3,38.9
0.279,0.24,38.9
0.201,0.173,38.9
0.101,0.121,38.9
0.013,0.069,38.9
0.0,0.038,38.9
0.0,0.017,38.9
0.0,0.017,38.9
0.0,0.025,38.9
0.0,0.028,38.9
0.0,0.036,38.9
0.0,0.044,38.9
0.0,0.045,38.9
0.0,0.05,38.9
0.0,0.069,38.9
0.0,0.086,38.9
0.0,0.099,38.9
0.0,0.113,38.9
0.084,0.125,38.9
0.308,0.106,38.9
0.491,0.171,38.9
0.618,0.264,38.9
0.686,0.214,38.9
0.701,0.156,38.9
0.673,0.129,38.9
0.594,0.113,38.9
0.462,0.093,38.9
0.28,0.061,38.9
0.054,0.042,38.9
0.0,0.061,38.9
0.0,0.124,38.9
0.0,0.206,38.9
0.0,0.249,38.9
0.0,0.292,38.9
0.0,0.278,38.9
0.0,0.204,38.9
0.0,0.133,38.9
0.0,0.077,38.9
0.0,0.048,38.9
0.0,0.041,38.9
0.0,0.035,38.9
0.0,0.031,38.9
0.022,0.031,38.9
0.124,0.026,38.9
0.287,0.017,38.9
0.514,0.014,38.9
0.647,0.012,38.9
0.677,0.009,38.9
0.658,0.011,38.9
0.596,0.013,38.9
0.472,0.018,38.9
0.282,0.039,38.9
0.047,0.084,38.9
0.0,0.138,38.9
0.0,0.174,38.9
0.0,0.175,38.9
0.0,0.145,38.9
0.0,0.097,38.9
0.0,0.055,38.9
0.0,0.027,38.9
0.0,0.011,38.9
0.0,0.007,38.9
0.0,0.01,38.9
0.0,0.008,38.9
0.0,0.004,38.9
0.0,0.002,38.9
0.02,0.003,38.9
0.127,0.004,38.9
0.246,0.002,38.9
0.355,0.003,38.9
0.415,0.008,38.9
0.437,0.015,38.9
0.357,0.015,38.9
0.189,0.019,38.9
0.134,0.028,38.9
0.081,0.041,38.9
0.01,0.055,38.9
0.0,0.069,38.9
0.0,0.064,38.9
0.0,0.061,38.9
0.0,0.073,38.9
0.0,0.116,38.9
0.0,0.154,38.9
0.0,0.145,38.9
0.0,0.142,38.9
0.0,0.132,38.9
0.0,0.105,38.9
0.0,0.061,38.9
0.0,0.046,38.9
0.0,0.098,38.9
0.015,0.181,38.9
0.106,0.167,38.9
0.176,0.103,38.9
0.184,0.062,38.9
0.156,0.035,38.9
0.138,0.036,38.9
0.116,0.036,38.9
0.098,0.028,38.9
0.08,0.018,38.9
0.039,0.015,38.9
0.0,0.018,38.9
0.0,0.032,38.9
0.0,0.053,38.9
0.0,0.085,38.9
0.0,0.12,38.9
0.0,0.142,38.9
0.0,0.141,38.9
0.0,0.124,38.9
0.0,0.104,38.9
0.0,0.083,38.9
0.0,0.059,38.9
0.0,0.038,38.9
0.0,0.022,38.9
0.0,0.012,38.9
0.008,0.009,38.9
0.099,0.007,38.9
0.258,0.002,38.9
0.441,0.002,38.9
0.556,0.006,38.9
0.61,0.006,38.9
0.563,0.004,38.9
0.495,0.003,38.9
0.346,0.002,38.9
0.183,0.009,38.9
0.017,0.045,38.9
0.0,0.085,38.9
0.0,0.101,38.9
0.0,0.097,38.9
0.0,0.093,38.9
0.0,0.085,38.9
0.0,0.071,38.9
0.0,0.06,38.9
0.0,0.055,38.9
0.0,0.053,38.9
0.0,0.052,38.9
0.0,0.053,38.9
0.0,0.055,38.9
0.0,0.051,38.9
0.06,0.041,38.9
0.283,0.024,38.9
0.472,0.01,38.9
0.597,0.005,38.9
0.664,0.004,38.9
0.675,0.004,38.9
0.635,0.003,38.9
0.552,0.004,38.9
0.421,0.008,38.9
0.241,0.025,38.9
0.027,0.083,38.9
0.0,0.174,38.9
0.0,0.252,38.9
0.0,0.265,38.9
0.0,0.241,38.9
0.0,0.201,38.9
0.0,0.13,38.9
0.0,0.078,38.9
0.0,0.045,38.9
0.0,0.025,38.9
0.0,0.012,38.9
0.0,0.006,38.9
0.0,0.004,38.9
0.0,0.004,38.9
0.044,0.005,38.9
0.252,0.005,38.9
0.444,0.003,38.9
0.566,0.002,38.9
0.621,0.001,38.9
0.621,0.001,38.9
0.557,0.001,38.9
0.453,0.001,38.9
0.326,0.002,38.9
0.117,0.005,38.9
0.01,0.012,38.9
0.0,0.025,38.9
0.0,0.039,38.9
0.0,0.051,38.9
0.0,0.055,38.9
0.0,0.055,38.9
0.0,0.048,38.9
0.0,0.039,38.9
0.0,0.035,38.9
0.0,0.032,38.9
0.0,0.027,38.9
0.0,0.019,38.9
0.0,0.014,38.9
0.0,0.014,38.9
0.029,0.012,38.9
0.132,0.008,38.9
0.202,0.006,38.9
0.443,0.006,38.9
0.581,0.006,38.9
0.586,0.007,38.9
0.539,0.008,38.9
0.489,0.009,38.9
0.358,0.012,38.9
0.18,0.017,38.9
0.014,0.036,38.9
0.0,0.075,38.9
0.0,0.109,38.9
0.0,0.107,38.9
0.0,0.089,38.9
0.0,0.064,38.9
0.0,0.039,38.9
0.0,0.021,38.9
0.0,0.012,38.9
0.0,0.012,38.9
0.0,0.015,38.9
0.0,0.013,38.9
0.0,0.011,38.9
0.0,0.008,38.9
0.04,0.006,38.9
0.229,0.004,38.9
0.41,0.006,38.9
0.532,0.009,38.9
0.6,0.011,38.9
0.623,0.012,38.9
0.486,0.017,38.9
0.354,0.014,38.9
0.387,0.016,38.9
0.218,0.022,38.9
0.008,0.014,38.9
0.0,0.012,38.9
0.0,0.018,38.9
0.0,0.028,38.9
0.0,0.032,38.9
0.0,0.025,38.9
0.0,0.012,38.9
0.0,0.014,38.9
0.0,0.019,38.9
0.0,0.016,38.9
0.0,0.017,38.9
0.0,0.026,38.9
0.0,0.038,38.9
0.0,0.045,38.9
0.001,0.046,38.9
0.054,0.036,38.9
0.134,0.023,38.9
0.214,0.014,38.9
0.304,0.006,38.9
0.417,0.002,38.9
0.454,0.001,38.9
0.441,0.001,38.9
0.28,0.001,38.9
0.1,0.005,38.9
0.003,0.023,38.9
0.0,0.053,38.9
0.0,0.069,38.9
0.0,0.061,38.9
0.0,0.049,38.9
0.0,0.031,38.9
0.0,0.014,38.9
0.0,0.006,38.9
0.0,0.002,38.9
0.0,0.003,38.9
0.0,0.011,38.9
0.0,0.019,38.9
0.0,0.02,38.9
0.0,0.017,38.9
0.014,0.012,38.9
0.079,0.006,38.9
0.129,0.003,38.9
0.205,0.001,38.9
0.345,0.001,38.9
0.499,0.001,38.9
0.488,0.001,38.9
0.331,0.001,38.9
0.167,0.006,38.9
0.058,0.025,38.9
0.0,0.056,38.9
0.0,0.074,38.9
0.0,0.079,38.9
0.0,0.086,38.9
0.0,0.066,38.9
0.0,0.054,38.9
0.0,0.046,38.9
0.0,0.047,38.9
0.0,0.043,38.9
0.0,0.043,38.9
0.0,0.047,38.9
0.0,0.045,38.9
0.0,0.053,38.9
0.0,0.067,38.9
0.0,0.08,38.9
0.03,0.071,38.9
0.049,0.048,38.9
0.064,0.041,38.9
0.099,0.038,38.9
0.158,0.027,38.9
0.141,0.034,38.9
0.118,0.041,38.9
0.096,0.037,38.9
0.049,0.027,38.9
0.0,0.013,38.9
0.0,0.014,38.9
0.0,0.017,38.9
0.0,0.011,38.9
0.0,0.019,38.9
0.0,0.025,38.9
0.0,0.027,38.9
0.0,0.035,38.9
0.0,0.033,38.9
0.0,0.02,38.9
0.0,0.022,38.9
0.0,0.03,38.9
0.0,0.038,38.9
0.0,0.036,38.9
0.006,0.027,38.9
0.101,0.022,38.9
0.241,0.017,38.9
0.387,0.013,38.9
0.462,0.009,38.9
0.481,0.01,38.9
0.474,0.008,38.9
0.438,0.003,38.9
0.356,0.001,38.9
0.192,0.023,38.9
0.006,0.106,38.9
0.0,0.177,38.9
0.0,0.186,38.9
0.0,0.153,38.9
0.0,0.107,38.9
0.0,0.079,38.9
0.0,0.067,38.9
0.0,0.065,38.9
0.0,0.069,38.9
0.0,0.084,38.9
0.0,0.099,38.9
0.0,0.094,38.9
0.0,0.078,38.9
0.0,0.057,38.9
0.024,0.036,38.9
0.186,0.023,38.9
0.366,0.024,38.9
0.475,0.028,38.9
0.525,0.035,38.9
0.559,0.047,38.9
0.569,0.065,38.9
0.499,0.096,38.9
0.333,0.138,38.9
0.148,0.147,38.9
0.0,0.154,38.9
0.0,0.212,38.9
0.0,0.259,38.9
0.0,0.27,38.9
0.0,0.251,38.9
0.0,0.245,38.9
0.0,0.261,38.9
0.0,0.347,38.9
0.0,0.419,38.9
0.0,0.479,38.9
0.0,0.484,38.9
0.0,0.501,38.9
0.0,0.513,38.9
0.0,0.552,38.9
0.007,0.606,38.9
0.062,0.621,38.9
0.074,0.623,38.9
0.098,0.654,38.9
0.117,0.674,38.9
0.153,0.719,38.9
0.179,0.797,38.9
0.15,0.768,38.9
0.077,0.689,38.9
0.027,0.615,38.9
0.0,0.532,38.9
0.0,0.468,38.9
0.0,0.424,38.9
0.0,0.373,38.9
0.0,0.247,38.9
0.0,0.201,38.9
0.0,0.289,38.9
0.0,0.344,38.9
0.0,0.376,38.9
0.0,0.405,38.9
0.0,0.391,38.9
0.0,0.321,38.9
0.0,0.27,38.9
0.0,0.195,38.9
0.011,0.137,38.9
0.13,0.108,38.9
0.254,0.094,38.9
0.368,0.137,38.9
0.503,0.157,38.9
0.638,0.148,38.9
0.627,0.116,38.9
0.552,0.083,38.9
0.416,0.042,38.9
0.226,0.02,38.9
0.004,0.019,38.9
0.0,0.028,38.9
0.0,0.04,38.9
0.0,0.047,38.9
0.0,0.045,38.9
0.0,0.035,38.9
0.0,0.024,38.9
0.0,0.016,38.9
0.0,0.015,38.9
0.0,0.018,38.9
0.0,0.023,38.9
0.0,0.034,38.9
0.0,0.044,38.9
0.0,0.05,38.9
0.027,0.058,38.9
0.237,0.054,38.9
0.441,0.029,38.9
0.576,0.028,38.9
0.649,0.027,38.9
0.669,0.025,38.9
0.637,0.026,38.9
0.552,0.033,38.9
0.404,0.049,38.9
0.159,0.101,38.9
0.0,0.174,38.9
0.0,0.215,38.9
0.0,0.257,38.9
0.0,0.255,38.9
0.0,0.215,38.9
0.0,0.19,38.9
0.0,0.159,38.9
0.0,0.104,38.9
0.0,0.094,38.9
0.0,0.074,38.9
0.0,0.058,38.9
0.0,0.04,38.9
0.0,0.025,38.9
0.0,0.035,38.9
0.0,0.042,38.9
0.127,0.055,38.9
0.323,0.025,38.9
0.486,0.015,38.9
0.438,0.027,38.9
0.257,0.036,38.9
0.401,0.028,38.9
0.353,0.019,38.9
0.274,0.008,38.9
0.108,0.003,38.9
0.0,0.005,38.9
0.0,0.011,38.9
0.0,0.031,38.9
0.0,0.067,38.9
0.0,0.081,38.9
0.0,0.082,38.9
0.0,0.082,38.9
0.0,0.075,38.9
0.0,0.062,38.9
0.0,0.046,38.9
0.0,0.035,38.9
0.0,0.023,38.9
0.0,0.014,38.9
0.0,0.016,38.9
0.012,0.024,38.9
0.187,0.027,38.9
0.387,0.014,38.9
0.527,0.007,38.9
0.617,0.004,38.9
0.648,0.003,38.9
0.62,0.004,38.9
0.538,0.006,38.9
0.401,0.013,38.9
0.208,0.029,38.9
0.0,0.056,38.9
0.0,0.097,38.9
0.0,0.14,38.9
0.0,0.163,38.9
0.0,0.161,38.9
0.0,0.145,38.9
0.0,0.123,38.9
0.0,0.103,38.9
0.0,0.089,38.9
0.0,0.084,38.9
0.0,0.081,38.9
0.0,0.078,38.9
0.0,0.072,38.9
0.0,0.059,38.9
0.014,0.046,38.9
0.199,0.034,38.9
0.406,0.022,38.9
0.539,0.021,38.9
0.605,0.018,38.9
0.601,0.018,38.9
0.545,0.019,38.9
0.433,0.021,38.9
0.276,0.026,38.9
0.1,0.032,38.9
0.0,0.051,38.9
0.0,0.084,38.9
0.0,0.116,38.9
0.0,0.141,38.9
0.0,0.16,38.9
0.0,0.186,38.9
0.0,0.195,38.9
0.0,0.17,38.9
0.0,0.155,38.9
0.0,0.159,38.9
0.0,0.182,38.9
0.0,0.133,38.9
0.0,0.061,38.9
0.0,0.035,38.9
0.002,0.05,38.9
0.099,0.052,38.9
0.244,0.025,38.9
0.285,0.014,38.9
0.263,0.009,38.9
0.414,0.009,38.9
0.526,0.011,38.9
0.38,0.015,38.9
0.124,0.023,38.9
0.022,0.05,38.9
0.0,0.094,38.9
0.0,0.138,38.9
0.0,0.169,38.9
0.0,0.17,38.9
0.0,0.146,38.9
0.0,0.133,38.9
0.0,0.141,38.9
0.0,0.158,38.9
0.0,0.158,38.9
0.0,0.155,38.9
0.0,0.138,38.9
0.0,0.125,38.9
0.0,0.122,38.9
0.0,0.114,38.9
0.005,0.107,38.9
0.174,0.082,38.9
0.382,0.071,38.9
0.521,0.062,38.9
0.595,0.041,38.9
0.613,0.037,38.9
0.56,0.042,38.9
0.478,0.052,38.9
0.337,0.064,38.9
0.142,0.081,38.9
0.0,0.115,38.9
0.0,0.149,38.9
0.0,0.157,38.9
0.0,0.151,38.9
0.0,0.134,38.9
0.0,0.112,38.9
0.0,0.087,38.9
0.0,0.063,38.9
0.0,0.048,38.9
0.0,0.039,38.9
0.0,0.034,38.9
0.0,0.034,38.9
0.0,0.034,38.9
0.0,0.029,38.9
0.0,0.022,38.9
0.07,0.021,38.9
0.254,0.019,38.9
0.428,0.022,38.9
0.518,0.023,38.9
0.477,0.022,38.9
0.413,0.023,38.9
0.302,0.028,38.9
0.16,0.038,38.9
0.071,0.049,38.9
0.0,0.068,38.9
0.0,0.09,38.9
0.0,0.103,38.9
0.0,0.104,38.9
0.0,0.092,38.9
0.0,0.065,38.9
0.0,0.037,38.9
0.0,0.018,38.9
0.0,0.007,38.9
0.0,0.005,38.9
0.0,0.009,38.9
0.0,0.014,38.9
0.0,0.02,38.9
0.0,0.025,38.9
0.0,0.032,38.9
0.033,0.04,38.9
0.104,0.037,38.9
0.157,0.035,38.9
0.192,0.029,38.9
0.232,0.025,38.9
0.217,0.024,38.9
0.172,0.026,38.9
0.097,0.033,38.9
0.03,0.05,38.9
0.0,0.076,38.9
0.0,0.099,38.9
0.0,0.111,38.9
0.0,0.112,38.9
0.0,0.105,38.9
0.0,0.086,38.9
0.0,0.064,38.9
0.0,0.048,38.9
0.0,0.035,38.9
0.0,0.025,38.9
0.0,0.017,38.9
0.0,0.018,38.9
0.0,0.026,38.9
0.0,0.041,38.9
0.0,0.062,38.9
0.12,0.084,38.9
0.31,0.071,38.9
0.444,0.11,38.9
0.521,0.127,38.9
0.552,0.112,38.9
0.527,0.098,38.9
0.439,0.089,38.9
0.295,0.084,38.9
0.121,0.105,38.9
0.0,0.144,38.9
0.0,0.179,38.9
0.0,0.192,38.9
0.0,0.179,38.9
0.0,0.151,38.9
0.0,0.137,38.9
0.0,0.146,38.9
0.0,0.167,38.9
0.0,0.201,38.9
0.0,0.22,38.9
0.0,0.194,38.9
0.0,0.164,38.9
0.0,0.141,38.9
0.0,0.128,38.9
0.0,0.124,38.9
0.146,0.106,38.9
0.353,0.093,38.9
0.5,0.128,38.9
0.586,0.118,38.9
0.615,0.096,38.9
0.567,0.076,38.9
0.478,0.059,38.9
0.337,0.045,38.9
0.145,0.038,38.9
0.0,0.032,38.9
0.0,0.026,38.9
0.0,0.02,38.9
0.0,0.019,38.9
0.0,0.025,38.9
0.0,0.032,38.9
0.0,0.03,38.9
0.0,0.018,38.9
0.0,0.008,38.9
0.0,0.005,38.9
0.0,0.005,38.9
0.0,0.007,38.9
0.0,0.008,38.9
0.0,0.006,38.9
0.0,0.009,38.9
0.157,0.012,38.9
0.367,0.011,38.9
0.514,0.02,38.9
0.596,0.022,38.9
0.62,0.019,38.9
0.582,0.015,38.9
0.48,0.012,38.9
0.312,0.01,38.9
0.108,0.015,38.9
0.0,0.021,38.9
0.0,0.025,38.9
0.0,0.022,38.9
0.0,0.015,38.9
0.0,0.009,38.9
0.0,0.009,38.9
0.0,0.013,38.9
0.0,0.017,38.9
0.0,0.017,38.9
0.0,0.009,38.9
0.0,0.003,38.9
0.0,0.006,38.9
0.0,0.008,38.9
0.0,0.011,38.9
0.0,0.014,38.9
0.057,0.015,38.9
0.241,0.01,38.9
0.452,0.005,38.9
0.551,0.004,38.9
0.579,0.005,38.9
0.551,0.005,38.9
0.464,0.003,38.9
0.291,0.002,38.9
0.098,0.003,38.9
0.0,0.002,38.9
0.0,0.002,38.9
0.0,0.003,38.9
0.0,0.005,38.9
0.0,0.009,38.9
0.0,0.013,38.9
0.0,0.016,38.9
0.0,0.016,38.9
0.0,0.012,38.9
0.0,0.008,38.9
0.0,0.005,38.9
0.0,0.004,38.9
0.0,0.004,38.9
0.0,0.006,38.9
0.0,0.008,38.9
0.089,0.007,38.9
0.235,0.003,38.9
0.387,0.003,38.9
0.537,0.004,38.9
0.59,0.005,38.9
0.571,0.006,38.9
0.482,0.006,38.9
0.336,0.005,38.9
0.143,0.004,38.9
0.0,0.002,38.9
0.0,0.002,38.9
0.0,0.005,38.9
0.0,0.009,38.9
0.0,0.012,38.9
0.0,0.019,38.9
0.0,0.028,38.9
0.0,0.035,38.9
0.0,0.037,38.9
0.0,0.033,38.9
0.0,0.024,38.9
0.0,0.014,38.9
0.0,0.006,38.9
0.0,0.004,38.9
0.0,0.005,38.9
0.058,0.004,38.9
0.12,0.008,38.9
0.137,0.026,38.9
0.169,0.04,38.9
0.216,0.043,38.9
0.294,0.035,38.9
0.295,0.034,38.9
0.205,0.045,38.9
0.078,0.074,38.9
0.0,0.088,38.9
0.0,0.084,38.9
0.0,0.074,38.9
0.0,0.064,38.9
0.0,0.064,38.9
0.0,0.064,38.9
0.0,0.067,38.9
0.0,0.076,38.9
0.0,0.078,38.9
0.0,0.07,38.9
0.0,0.051,38.9
0.0,0.034,38.9
0.0,0.02,38.9
0.0,0.011,38.9
0.0,0.007,38.9
0.052,0.008,38.9
0.154,0.015,38.9
0.376,0.042,38.9
0.521,0.081,38.9
0.542,0.102,38.9
0.497,0.099,38.9
0.408,0.09,38.9
0.233,0.089,38.9
0.087,0.122,38.9
0.0,0.166,38.9
0.0,0.172,38.9
0.0,0.151,38.9
0.0,0.12,38.9
0.0,0.094,38.9
0.0,0.072,38.9
0.0,0.056,38.9
0.0,0.046,38.9
0.0,0.039,38.9
0.0,0.029,38.9
0.0,0.016,38.9
0.0,0.005,38.9
0.0,0.001,38.9
0.0,0.003,38.9
0.0,0.003,38.9
0.015,0.002,38.9
0.095,0.001,38.9
0.368,0.002,38.9
0.49,0.002,38.9
0.45,0.001,38.9
0.423,0.001,38.9
0.387,0.003,38.9
0.239,0.006,38.9
0.084,0.016,38.9
0.0,0.027,38.9
0.0,0.043,38.9
0.0,0.055,38.9
0.0,0.061,38.9
0.0,0.063,38.9
0.0,0.063,38.9
0.0,0.066,38.9
0.0,0.076,38.9
0.0,0.084,38.9
0.0,0.084,38.9
0.0,0.075,38.9
0.0,0.058,38.9
0.0,0.037,38.9
0.0,0.023,38.9
0.0,0.017,38.9
0.04,0.014,38.9
0.118,0.009,38.9
0.191,0.01,38.9
0.227,0.009,38.9
0.224,0.008,38.9
0.311,0.006,38.9
0.281,0.006,38.9
0.175,0.008,38.9
0.052,0.018,38.9
0.0,0.022,38.9
0.0,0.021,38.9
0.0,0.021,38.9
0.0,0.028,38.9
0.0,0.043,38.9
0.0,0.065,38.9
0.0,0.08,38.9
0.0,0.077,38.9
0.0,0.063,38.9
0.0,0.046,38.9
0.0,0.03,38.9
0.0,0.015,38.9
0.0,0.007,38.9
0.0,0.009,38.9
0.0,0.013,38.9
0.014,0.012,38.9
0.052,0.008,38.9
0.101,0.012,38.9
0.182,0.014,38.9
0.319,0.011,38.9
0.347,0.009,38.9
0.331,0.01,38.9
0.197,0.013,38.9
0.055,0.027,38.9
0.0,0.042,38.9
0.0,0.051,38.9
0.0,0.055,38.9
0.0,0.054,38.9
0.0,0.045,38.9
0.0,0.03,38.9
0.0,0.016,38.9
0.0,0.007,38.9
0.0,0.002,38.9
0.0,0.001,38.9
0.0,0.003,38.9
0.0,0.003,38.9
0.0,0.002,38.9
0.0,0.001,38.9
0.0,0.001,38.9
0.018,0.001,38.9
0.069,0.002,38.9
0.125,0.002,38.9
0.181,0.002,38.9
0.265,0.002,38.9
0.382,0.001,38.9
0.344,0.001,38.9
0.198,0.008,38.9
0.05,0.056,38.9
0.0,0.104,38.9
0.0,0.121,38.9
0.0,0.124,38.9
0.0,0.111,38.9
0.0,0.096,38.9
0.0,0.112,38.9
0.0,0.118,38.9
0.0,0.093,38.9
0.0,0.095,38.9
0.0,0.101,38.9
0.0,0.115,38.9
0.0,0.139,38.9
0.0,0.138,38.9
0.0,0.105,38.9
0.0,0.049,38.9
0.05,0.007,38.9
0.243,0.005,38.9
0.437,0.016,38.9
0.498,0.053,38.9
0.561,0.085,38.9
0.556,0.087,38.9
0.491,0.075,38.9
0.351,0.054,38.9
0.143,0.058,38.9
0.0,0.081,38.9
0.0,0.123,38.9
0.0,0.18,38.9
0.0,0.202,38.9
0.0,0.222,38.9
0.0,0.168,38.9
0.0,0.114,38.9
0.0,0.097,38.9
0.0,0.101,38.9
0.0,0.102,38.9
0.0,0.09,38.9
0.0,0.082,38.9
0.0,0.068,38.9
0.0,0.052,38.9
0.0,0.035,38.9
0.125,0.03,38.9
0.346,0.023,38.9
0.503,0.016,38.9
0.56,0.025,38.9
0.471,0.031,38.9
0.363,0.036,38.9
0.253,0.041,38.9
0.192,0.045,38.9
0.103,0.055,38.9
0.0,0.055,38.9
0.0,0.045,38.9
0.0,0.034,38.9
0.0,0.028,38.9
0.0,0.028,38.9
0.0,0.025,38.9
0.0,0.017,38.9
0.0,0.011,38.9
0.0,0.008,38.9
0.0,0.005,38.9
0.0,0.002,38.9
0.0,0.001,38.9
0.0,0.002,38.9
0.0,0.004,38.9
0.0,0.006,38.9
0.083,0.006,38.9
0.241,0.005,38.9
0.439,0.002,38.9
0.599,0.006,38.9
0.624,0.012,38.9
0.588,0.016,38.9
0.499,0.017,38.9
0.346,0.016,38.9
0.124,0.011,38.9
0.0,0.004,38.9
0.0,0.001,38.9
0.0,0.002,38.9
0.0,0.006,38.9
0.0,0.009,38.9
0.0,0.01,38.9
0.0,0.011,38.9
0.0,0.01,38.9
0.0,0.011,38.9
0.0,0.011,38.9
0.0,0.014,38.9
0.0,0.017,38.9
0.0,0.021,38.9
0.0,0.029,38.9
0.0,0.037,38.9
0.108,0.043,38.9
0.301,0.032,38.9
0.467,0.022,38.9
0.584,0.025,38.9
0.612,0.027,38.9
0.577,0.031,38.9
0.484,0.04,38.9
0.327,0.041,38.9
0.108,0.054,38.9
0.0,0.065,38.9
0.0,0.051,38.9
0.0,0.054,38.9
0.0,0.109,38.9
0.0,0.313,38.9
0.0,0.654,38.9
0.0,0.716,38.9
0.0,0.642,38.9
0.0,0.511,38.9
0.0,0.391,38.9
0.0,0.315,38.9
0.0,0.297,38.9
0.0,0.32,38.9
0.0,0.306,38.9
0.0,0.28,38.9
0.04,0.269,38.9
0.22,0.184,38.9
0.467,0.142,38.9
0.582,0.138,38.9
0.621,0.155,38.9
0.588,0.18,38.9
0.506,0.188,38.9
0.358,0.158,38.9
0.129,0.151,38.9
0.0,0.21,38.9
0.0,0.355,38.9
0.0,0.483,38.9
0.0,0.504,38.9
0.0,0.459,38.9
0.0,0.376,38.9
0.0,0.32,38.9
0.0,0.229,38.9
0.0,0.289,38.9
0.0,0.388,38.9
0.0,0.38,38.9
0.0,0.345,38.9
0.0,0.242,38.9
0.0,0.183,38.9
0.0,0.149,38.9
0.15,0.118,38.9
0.393,0.067,38.9
0.555,0.091,38.9
0.639,0.141,38.9
0.651,0.139,38.9
0.607,0.107,38.9
0.508,0.082,38.9
0.362,0.063,38.9
0.138,0.046,38.9
0.0,0.037,38.9
0.0,0.036,38.9
0.0,0.048,38.9
0.0,0.066,38.9
0.0,0.082,38.9
0.0,0.088,38.9
0.0,0.072,38.9
0.0,0.047,38.9
0.0,0.026,38.9
0.0,0.013,38.9
0.0,0.006,38.9
0.0,0.003,38.9
0.0,0.004,38.9
0.0,0.012,38.9
0.0,0.023,38.9
0.077,0.027,38.9
0.336,0.014,38.9
0.537,0.025,38.9
0.628,0.045,38.9
0.655,0.042,38.9
0.625,0.038,38.9
0.534,0.034,38.9
0.379,0.034,38.9
0.131,0.041,38.9
0.0,0.033,38.9
0.0,0.018,38.9
0.0,0.007,38.9
0.0,0.003,38.9
0.0,0.007,38.9
0.0,0.012,38.9
0.0,0.014,38.9
0.0,0.016,38.9
0.0,0.018,38.9
0.0,0.019,38.9
0.0,0.018,38.9
0.0,0.02,38.9
0.0,0.022,38.9
0.0,0.021,38.9
0.0,0.021,38.9
0.132,0.022,38.9
0.368,0.021,38.9
0.52,0.012,38.9
0.598,0.013,38.9
0.605,0.012,38.9
0.57,0.009,38.9
0.488,0.007,38.9
0.334,0.011,38.9
0.098,0.033,38.9
0.0,0.066,38.9
0.0,0.099,38.9
0.0,0.117,38.9
0.0,0.12,38.9
0.0,0.112,38.9
0.0,0.099,38.9
0.0,0.098,38.9
0.0,0.1,38.9
0.0,0.089,38.9
0.0,0.076,38.9
0.0,0.062,38.9
0.0,0.049,38.9
0.0,0.045,38.9
0.0,0.045,38.9
0.0,0.037,38.9
0.018,0.026,38.9
0.081,0.013,38.9
0.131,0.007,38.9
0.158,0.008,38.9
0.206,0.017,38.9
0.266,0.021,38.9
0.329,0.029,38.9
0.265,0.024,38.9
0.065,0.013,38.9
0.0,0.008,38.9
0.0,0.01,38.9
0.0,0.015,38.9
0.0,0.02,38.9
0.0,0.025,38.9
0.0,0.03,38.9
0.0,0.03,38.9
0.0,0.022,38.9
0.0,0.011,38.9
0.0,0.005,38.9
0.0,0.003,38.9
0.0,0.003,38.9
0.0,0.003,38.9
0.0,0.004,38.9
0.0,0.004,38.9
0.036,0.003,38.9
0.157,0.003,38.9
0.313,0.005,38.9
0.45,0.013,38.9
0.544,0.025,38.9
0.544,0.031,38.9
0.449,0.035,38.9
0.238,0.041,38.9
0.039,0.054,38.9
0.0,0.052,38.9
0.0,0.045,38.9
0.0,0.03,38.9
0.0,0.015,38.9
0.0,0.006,38.9
0.0,0.003,38.9
0.0,0.002,38.9
0.0,0.002,38.9
0.0,0.002,38.9
0.0,0.002,38.9
0.0,0.002,38.9
0.0,0.002,38.9
0.0,0.002,38.9
0.0,0.003,38.9
0.0,0.003,38.9
0.023,0.003,38.9
0.102,0.002,38.9
0.197,0.001,38.9
0.324,0.0,38.9
0.495,0.001,38.9
0.49,0.002,38.9
0.393,0.005,38.9
0.242,0.008,38.9
0.051,0.015,38.9
0.0,0.017,38.9
0.0,0.02,38.9
0.0,0.026,38.9
0.0,0.034,38.9
0.0,0.041,38.9
0.0,0.044,38.9
0.0,0.042,38.9
0.0,0.035,38.9
0.0,0.022,38.9
0.0,0.011,38.9
0.0,0.005,38.9
0.0,0.003,38.9
0.0,0.003,38.9
0.0,0.003,38.9
0.0,0.005,38.9
0.006,0.005,38.9
0.049,0.005,38.9
0.087,0.007,38.9
0.123,0.008,38.9
0.133,0.008,38.9
0.135,0.009,38.9
0.111,0.01,38.9
0.056,0.01,38.9
0.003,0.008,38.9
0.0,0.005,38.9
0.0,0.011,38.9
0.0,0.025,38.9
0.0,0.034,38.9
0.0,0.034,38.9
0.0,0.032,38.9
0.0,0.031,38.9
0.0,0.026,38.9
0.0,0.018,38.9
0.0,0.011,38.9
0.0,0.008,38.9
0.0,0.01,38.9
0.0,0.016,38.9
0.0,0.026,38.9
0.0,0.036,38.9
0.0,0.042,38.9
0.012,0.041,38.9
0.026,0.04,38.9
0.048,0.036,38.9
0.065,0.036,38.9
0.062,0.033,38.9
0.053,0.03,38.9
0.031,0.025,38.9
0.0,0.021,38.9
0.0,0.027,38.9
0.0,0.042,38.9
0.0,0.063,38.9
0.0,0.083,38.9
0.0,0.094,38.9
0.0,0.097,38.9
0.0,0.085,38.9
0.0,0.07,38.9
0.0,0.067,38.9
0.0,0.061,38.9
0.0,0.052,38.9
0.0,0.045,38.9
0.0,0.04,38.9
0.0,0.043,38.9
0.0,0.057,38.9
0.005,0.069,38.9
0.055,0.07,38.9
0.125,0.071,38.9
0.206,0.083,38.9
0.26,0.079,38.9
0.283,0.07,38.9
0.29,0.061,38.9
0.219,0.053,38.9
0.044,0.051,38.9
0.0,0.051,38.9
0.0,0.059,38.9
0.0,0.077,38.9
0.0,0.104,38.9
0.0,0.127,38.9
0.0,0.138,38.9
0.0,0.135,38.9
0.0,0.115,38.9
0.0,0.084,38.9
0.0,0.063,38.9
0.0,0.046,38.9
0.0,0.035,38.9
0.0,0.032,38.9
0.0,0.043,38.9
0.0,0.068,38.9
0.044,0.097,38.9
0.195,0.08,38.9
0.347,0.088,38.9
0.461,0.127,38.9
0.525,0.121,38.9
0.522,0.093,38.9
0.449,0.068,38.9
0.285,0.054,38.9
0.055,0.061,38.9
0.0,0.064,38.9
0.0,0.067,38.9
0.0,0.065,38.9
0.0,0.065,38.9
0.0,0.067,38.9
0.0,0.061,38.9
0.0,0.046,38.9
0.0,0.027,38.9
0.0,0.014,38.9
0.0,0.007,38.9
0.0,0.004,38.9
0.0,0.007,38.9
0.0,0.017,38.9
0.0,0.02,38.9
0.0,0.011,38.9
0.0,0.005,38.9
0.019,0.011,38.9
0.044,0.023,38.9
0.082,0.058,38.9
0.225,0.11,38.9
0.196,0.159,38.9
0.1,0.199,38.9
0.042,0.212,38.9
0.0,0.204,38.9
0.0,0.215,38.9
0.0,0.225,38.9
0.0,0.227,38.9
0.0,0.228,38.9
0.0,0.224,38.9
0.0,0.188,38.9
0.0,0.17,38.9
0.0,0.142,38.9
0.0,0.099,38.9
0.0,0.084,38.9
0.0,0.085,38.9
0.0,0.096,38.9
0.0,0.114,38.9
0.0,0.125,38.9
0.0,0.134,38.9
0.0,0.115,38.9
0.024,0.101,38.9
0.068,0.107,38.9
0.125,0.159,38.9
0.167,0.191,38.9
0.164,0.215,38.9
0.12,0.174,38.9
0.065,0.123,38.9
0.003,0.09,38.9
0.0,0.072,38.9
0.0,0.062,38.9
0.0,0.068,38.9
0.0,0.084,38.9
0.0,0.078,38.9
0.0,0.045,38.9
0.0,0.017,38.9
0.0,0.007,38.9
0.0,0.017,38.9
0.0,0.036,38.9
0.0,0.053,38.9
0.0,0.059,38.9
0.0,0.067,38.9
0.0,0.069,38.9
0.0,0.069,38.9
0.07,0.067,38.9
0.306,0.036,38.9
0.482,0.011,38.9
0.579,0.016,38.9
0.605,0.03,38.9
0.575,0.041,38.9
0.458,0.045,38.9
0.264,0.056,38.9
0.043,0.098,38.9
0.0,0.142,38.9
0.0,0.179,38.9
0.0,0.129,38.9
0.0,0.101,38.9
0.0,0.1,38.9
0.0,0.101,38.9
0.0,0.102,38.9
0.0,0.103,38.9
0.0,0.107,38.9
0.0,0.108,38.9
0.0,0.121,38.9
0.0,0.173,38.9
0.0,0.245,38.9
0.0,0.272,38.9
0.0,0.315,38.9
0.0,0.388,38.9
0.011,0.425,38.9
0.031,0.415,38.9
0.041,0.347,38.9
0.038,0.243,38.9
0.024,0.148,38.9
0.014,0.089,38.9
0.002,0.04,38.9
0.0,0.038,38.9
0.0,0.028,38.9
0.0,0.058,38.9
0.0,0.154,38.9
0.0,0.337,38.9
0.0,0.383,38.9
0.0,0.363,38.9
0.0,0.391,38.9
0.0,0.276,38.9
0.0,0.167,38.9
0.0,0.075,38.9
0.0,0.022,38.9
0.0,0.012,38.9
0.0,0.049,38.9
0.0,0.084,38.9
0.0,0.057,38.9
0.0,0.034,38.9
0.005,0.021,38.9
0.02,0.013,38.9
0.031,0.015,38.9
0.057,0.034,38.9
0.079,0.035,38.9
0.052,0.052,38.9
0.017,0.108,38.9
0.0,0.094,38.9
0.0,0.089,38.9
0.0,0.093,38.9
0.0,0.05,38.9
0.0,0.012,38.9
0.0,0.002,38.9
0.0,0.004,38.9
0.0,0.01,38.9
0.0,0.018,38.9
0.0,0.017,38.9
0.0,0.016,38.9
0.0,0.019,38.9
0.0,0.023,38.9
0.0,0.026,38.9
0.0,0.021,38.9
0.0,0.02,38.9
0.0,0.031,38.9
0.028,0.038,38.9
0.074,0.038,38.9
0.081,0.031,38.9
0.071,0.017,38.9
0.082,0.028,38.9
0.08,0.03,38.9
0.045,0.044,38.9
0.001,0.1,38.9
0.0,0.142,38.9
0.0,0.154,38.9
0.0,0.131,38.9
0.0,0.085,38.9
0.0,0.041,38.9
0.0,0.034,38.9
0.0,0.088,38.9
0.0,0.191,38.9
0.0,0.251,38.9
0.0,0.229,38.9
0.0,0.179,38.9
0.0,0.129,38.9
0.0,0.083,38.9
0.0,0.054,38.9
0.0,0.058,38.9
0.022,0.086,38.9
0.133,0.096,38.9
0.27,0.082,38.9
0.354,0.085,38.9
0.341,0.073,38.9
0.307,0.048,38.9
0.243,0.021,38.9
0.153,0.006,38.9
0.019,0.017,38.9
0.0,0.044,38.9
0.0,0.077,38.9
0.0,0.102,38.9
0.0,0.093,38.9
0.0,0.077,38.9
0.0,0.085,38.9
0.0,0.124,38.9
0.0,0.189,38.9
0.0,0.233,38.9
0.0,0.245,38.9
0.0,0.286,38.9
0.0,0.342,38.9
0.0,0.392,38.9
0.0,0.432,38.9
0.0,0.441,38.9
0.0,0.412,38.9
0.004,0.353,38.9
0.023,0.251,38.9
0.045,0.202,38.9
0.06,0.149,38.9
0.06,0.12,38.9
0.043,0.104,38.9
0.016,0.085,38.9
0.0,0.052,38.9
0.0,0.032,38.9
0.0,0.037,38.9
0.0,0.055,38.9
0.0,0.067,38.9
0.0,0.064,38.9
0.0,0.053,38.9
0.0,0.037,38.9
0.0,0.019,38.9
0.0,0.007,38.9
0.0,0.002,38.9
0.0,0.003,38.9
0.0,0.018,38.9
0.0,0.042,38.9
0.0,0.055,38.9
0.0,0.061,38.9
0.0,0.067,38.9
0.025,0.067,38.9
0.053,0.064,38.9
0.073,0.065,38.9
0.082,0.064,38.9
0.077,0.054,38.9
0.06,0.045,38.9
0.024,0.045,38.9
0.0,0.047,38.9
0.0,0.039,38.9
0.0,0.025,38.9
0.0,0.018,38.9
0.0,0.013,38.9
0.0,0.009,38.9
0.0,0.007,38.9
0.0,0.009,38.9
0.0,0.017,38.9
0.0,0.028,38.9
0.0,0.037,38.9
0.0,0.033,38.9
0.0,0.034,38.9
0.0,0.025,38.9
0.0,0.012,38.9
0.0,0.004,38.9
0.0,0.001,38.9
0.044,0.002,38.9
0.093,0.003,38.9
0.141,0.002,38.9
0.159,0.007,38.9
0.166,0.019,38.9
0.143,0.03,38.9
0.082,0.04,38.9
0.004,0.051,38.9
0.0,0.052,38.9
0.0,0.038,38.9
0.0,0.023,38.9
0.0,0.014,38.9
0.0,0.011,38.9
0.0,0.013,38.9
0.0,0.014,38.9
0.0,0.005,38.9
0.0,0.002,38.9
0.0,0.004,38.9
0.0,0.008,38.9
0.0,0.011,38.9
0.0,0.01,38.9
0.0,0.01,38.9
0.0,0.012,38.9
0.0,0.01,38.9
0.035,0.012,38.9
0.073,0.013,38.9
0.084,0.017,38.9
0.066,0.017,38.9
0.041,0.023,38.9
0.023,0.036,38.9
0.007,0.055,38.9
0.0,0.067,38.9
0.0,0.065,38.9
0.0,0.055,38.9
0.0,0.051,38.9
0.0,0.055,38.9
0.0,0.058,38.9
0.0,0.062,38.9
0.0,0.074,38.9
0.0,0.083,38.9
0.0,0.076,38.9
0.0,0.066,38.9
0.0,0.055,38.9
0.0,0.039,38.9
0.0,0.025,38.9
0.0,0.023,38.9
0.0,0.023,38.9
0.0,0.021,38.9
0.017,0.018,38.9
0.056,0.016,38.9
0.083,0.018,38.9
0.089,0.019,38.9
0.096,0.017,38.9
0.096,0.013,38.9
0.061,0.011,38.9
0.002,0.013,38.9
0.0,0.019,38.9
0.0,0.022,38.9
0.0,0.02,38.9
0.0,0.018,38.9
0.0,0.019,38.9
0.0,0.022,38.9
0.0,0.024,38.9
0.0,0.027,38.9
0.0,0.031,38.9
0.0,0.035,38.9
0.0,0.044,38.9
0.0,0.049,38.9
0.0,0.05,38.9
0.0,0.044,38.9
0.0,0.038,38.9
0.074,0.037,38.9
0.3,0.023,38.9
0.482,0.007,38.9
0.575,0.002,38.9
0.602,0.001,38.9
0.566,0.001,38.9
0.465,0.001,38.9
0.288,0.006,38.9
0.04,0.018,38.9
0.0,0.022,38.9
0.0,0.018,38.9
0.0,0.017,38.9
0.0,0.019,38.9
0.0,0.022,38.9
0.0,0.024,38.9
0.0,0.021,38.9
0.0,0.016,38.9
0.0,0.015,38.9
0.0,0.016,38.9
0.0,0.012,38.9
0.0,0.006,38.9
0.0,0.007,38.9
0.0,0.012,38.9
0.0,0.018,38.9
0.053,0.022,38.9
0.208,0.017,38.9
0.354,0.008,38.9
0.489,0.004,38.9
0.529,0.005,38.9
0.511,0.007,38.9
0.383,0.008,38.9
0.218,0.009,38.9
0.025,0.008,38.9
0.0,0.005,38.9
0.0,0.005,38.9
0.0,0.005,38.9
0.0,0.006,38.9
0.0,0.008,38.9
0.0,0.01,38.9
0.0,0.02,38.9
0.0,0.008,38.9
0.0,0.004,38.9
0.0,0.008,38.9
0.0,0.008,38.9
0.0,0.009,38.9
0.0,0.007,38.9
0.0,0.007,38.9
0.0,0.006,38.9
0.005,0.006,38.9
0.073,0.006,38.9
0.158,0.005,38.9
0.215,0.006,38.9
0.202,0.003,38.9
0.146,0.002,38.9
0.083,0.002,38.9
0.024,0.002,38.9
0.0,0.003,38.9
0.0,0.007,38.9
0.0,0.013,38.9
0.0,0.017,38.9
0.0,0.016,38.9
0.0,0.014,38.9
0.0,0.012,38.9
0.0,0.009,38.9
0.0,0.007,38.9
0.0,0.005,38.9
0.0,0.004,38.9
0.0,0.005,38.9
0.0,0.004,38.9
0.0,0.003,38.9
0.0,0.003,38.9
0.0,0.002,38.9
0.005,0.002,38.9
0.057,0.001,38.9
0.132,0.001,38.9
0.2,0.002,38.9
0.272,0.002,38.9
0.301,0.003,38.9
0.232,0.006,38.9
0.113,0.014,38.9
0.005,0.025,38.9
0.0,0.026,38.9
0.0,0.024,38.9
0.0,0.023,38.9
0.0,0.021,38.9
0.0,0.019,38.9
0.0,0.02,38.9
0.0,0.018,38.9
0.0,0.01,38.9
0.0,0.004,38.9
0.0,0.003,38.9
0.0,0.003,38.9
0.0,0.004,38.9
0.0,0.005,38.9
0.0,0.006,38.9
0.0,0.005,38.9
0.004,0.004,38.9
0.061,0.003,38.9
0.14,0.003,38.9
0.183,0.004,38.9
0.197,0.005,38.9
0.177,0.005,38.9
0.139,0.004,38.9
0.071,0.004,38.9
0.003,0.005,38.9
0.0,0.007,38.9
0.0,0.008,38.9
0.0,0.006,38.9
0.0,0.003,38.9
0.0,0.003,38.9
0.0,0.007,38.9
0.0,0.012,38.9
0.0,0.015,38.9
0.0,0.015,38.9
0.0,0.016,38.9
0.0,0.016,38.9
0.0,0.015,38.9
0.0,0.017,38.9
0.0,0.018,38.9
0.0,0.018,38.9
0.0,0.017,38.9
0.028,0.014,38.9
0.07,0.011,38.9
0.116,0.009,38.9
0.152,0.009,38.9
0.158,0.01,38.9
0.126,0.01,38.9
0.061,0.009,38.9
0.0,0.008,38.9
0.0,0.009,38.9
0.0,0.015,38.9
0.0,0.025,38.9
0.0,0.034,38.9
0.0,0.046,38.9
0.0,0.057,38.9
0.0,0.069,38.9
0.0,0.071,38.9
0.0,0.059,38.9
0.0,0.039,38.9
0.0,0.021,38.9
0.0,0.011,38.9
0.0,0.008,38.9
0.0,0.007,38.9
0.0,0.007,38.9
0.0,0.007,38.9
0.04,0.005,38.9
0.091,0.004,38.9
0.142,0.006,38.9
0.166,0.01,38.9
0.161,0.018,38.9
0.121,0.029,38.9
0.052,0.045,38.9
0.0,0.063,38.9
0.0,0.068,38.9
0.0,0.074,38.9
0.0,0.086,38.9
0.0,0.089,38.9
0.0,0.079,38.9
0.0,0.076,38.9
0.0,0.076,38.9
0.0,0.066,38.9
0.0,0.053,38.9
0.0,0.044,38.9
0.0,0.042,38.9
0.0,0.04,38.9
0.0,0.039,38.9
0.0,0.045,38.9
0.0,0.05,38.9
0.0,0.054,38.9
0.012,0.046,38.9
0.035,0.04,38.9
0.046,0.039,38.9
0.045,0.037,38.9
0.042,0.037,38.9
0.028,0.04,38.9
0.009,0.04,38.9
0.0,0.036,38.9
0.0,0.028,38.9
0.0,0.022,38.9
0.0,0.022,38.9
0.0,0.024,38.9
0.0,0.022,38.9
0.0,0.008,38.9
0.0,0.003,38.9
0.0,0.005,38.9
0.0,0.01,38.9
0.0,0.006,38.9
0.0,0.006,38.9
0.0,0.009,38.9
0.0,0.015,38.9
0.0,0.017,38.9
0.0,0.013,38.9
0.0,0.012,38.9
0.029,0.011,38.9
0.065,0.005,38.9
0.092,0.001,38.9
0.083,0.003,38.9
0.065,0.005,38.9
0.06,0.009,38.9
0.024,0.015,38.9
0.0,0.025,38.9
0.0,0.031,38.9
0.0,0.025,38.9
0.0,0.015,38.9
0.0,0.013,38.9
0.0,0.014,38.9
0.0,0.014,38.9
0.0,0.015,38.9
0.0,0.017,38.9
0.0,0.015,38.9
0.0,0.018,38.9
0.0,0.024,38.9
0.0,0.035,38.9
0.0,0.051,38.9
0.0,0.06,38.9
0.0,0.064,38.9
0.006,0.061,38.9
0.054,0.039,38.9
0.148,0.033,38.9
0.313,0.035,38.9
0.399,0.039,38.9
0.374,0.043,38.9
0.31,0.043,38.9
0.178,0.044,38.9
0.017,0.071,38.9
0.0,0.12,38.9
0.0,0.163,38.9
0.0,0.193,38.9
0.0,0.211,38.9
0.0,0.206,38.9
0.0,0.165,38.9
0.0,0.112,38.9
0.0,0.075,38.9
0.0,0.064,38.9
0.0,0.061,38.9
0.0,0.059,38.9
0.0,0.054,38.9
0.0,0.047,38.9
0.0,0.042,38.9
0.0,0.037,38.9
0.0,0.03,38.9
0.033,0.017,38.9
0.07,0.008,38.9
0.092,0.003,38.9
0.082,0.008,38.9
0.064,0.014,38.9
0.056,0.018,38.9
0.034,0.028,38.9
0.0,0.043,38.9
0.0,0.037,38.9
0.0,0.022,38.9
0.0,0.018,38.9
0.0,0.017,38.9
0.0,0.017,38.9
0.0,0.016,38.9
0.0,0.028,38.9
0.0,0.048,38.9
0.0,0.081,38.9
0.0,0.122,38.9
0.0,0.165,38.9
0.0,0.2,38.9
0.0,0.231,38.9
0.0,0.217,38.9
0.0,0.171,38.9
0.004,0.128,38.9
0.048,0.088,38.9
0.108,0.069,38.9
0.169,0.069,38.9
0.214,0.064,38.9
0.306,0.052,38.9
0.266,0.031,38.9
0.128,0.013,38.9
0.009,0.003,38.9
0.0,0.002,38.9
0.0,0.003,38.9
0.0,0.004,38.9
0.0,0.005,38.9
0.0,0.005,38.9
0.0,0.008,38.9
0.0,0.014,38.9
0.0,0.024,38.9
0.0,0.035,38.9
0.0,0.041,38.9
0.0,0.054,38.9
0.0,0.098,38.9
0.0,0.174,38.9
0.0,0.323,38.9
0.0,0.569,38.9
0.01,0.661,38.9
0.066,0.61,38.9
0.11,0.544,38.9
0.164,0.487,38.9
0.171,0.518,38.9
0.092,0.481,38.9
0.051,0.374,38.9
0.022,0.318,38.9
0.0,0.323,38.9
0.0,0.373,38.9
0.0,0.404,38.9
0.0,0.45,38.9
0.0,0.491,38.9
0.0,0.454,38.9
0.0,0.433,38.9
0.0,0.371,38.9
0.0,0.323,38.9
0.0,0.272,38.9
0.0,0.229,38.9
0.0,0.251,38.9
0.0,0.344,38.9
0.0,0.472,38.9
0.0,0.512,38.9
0.0,0.508,38.9
0.114,0.491,38.9
0.361,0.361,38.9
0.528,0.235,38.9
0.616,0.257,38.9
0.638,0.267,38.9
0.599,0.189,38.9
0.495,0.125,38.9
0.312,0.085,38.9
0.05,0.071,38.9
0.0,0.071,38.9
0.0,0.084,38.9
0.0,0.108,38.9
0.0,0.144,38.9
0.0,0.185,38.9
0.0,0.227,38.9
0.0,0.261,38.9
0.0,0.213,38.9
0.0,0.169,38.9
0.0,0.126,38.9
0.0,0.091,38.9
0.0,0.093,38.9
0.0,0.107,38.9
0.0,0.096,38.9
0.0,0.073,38.9
0.109,0.089,38.9
0.322,0.108,38.9
0.412,0.095,38.9
0.417,0.051,38.9
0.41,0.022,38.9
0.306,0.016,38.9
0.203,0.011,38.9
0.089,0.035,38.9
0.0,0.076,38.9
0.0,0.102,38.9
0.0,0.104,38.9
0.0,0.118,38.9
0.0,0.146,38.9
0.0,0.16,38.9
0.0,0.199,38.9
0.0,0.176,38.9
0.0,0.185,38.9
0.0,0.215,38.9
0.0,0.231,38.9
0.0,0.217,38.9
0.0,0.225,38.9
0.0,0.23,38.9
0.0,0.234,38.9
0.0,0.274,38.9
0.0,0.203,38.9
0.008,0.134,38.9
0.034,0.099,38.9
0.093,0.083,38.9
0.111,0.067,38.9
0.08,0.076,38.9
0.088,0.093,38.9
0.079,0.148,38.9
0.01,0.225,38.9
0.0,0.288,38.9
0.0,0.321,38.9
0.0,0.352,38.9
0.0,0.332,38.9
0.0,0.294,38.9
0.0,0.302,38.9
0.0,0.265,38.9
0.0,0.14,38.9
0.0,0.058,38.9
0.0,0.038,38.9
0.0,0.031,38.9
0.0,0.022,38.9
0.0,0.015,38.9
0.0,0.014,38.9
0.0,0.025,38.9
0.022,0.047,38.9
0.167,0.062,38.9
0.307,0.059,38.9
0.356,0.057,38.9
0.345,0.055,38.9
0.328,0.047,38.9
0.234,0.035,38.9
0.106,0.031,38.9
0.006,0.027,38.9
0.0,0.025,38.9
0.0,0.019,38.9
0.0,0.011,38.9
0.0,0.005,38.9
0.0,0.003,38.9
0.0,0.005,38.9
0.0,0.007,38.9
0.0,0.005,38.9
0.0,0.005,38.9
0.0,0.007,38.9
0.0,0.012,38.9
0.0,0.022,38.9
0.0,0.031,38.9
0.0,0.033,38.9
0.0,0.031,38.9
0.018,0.031,38.9
0.138,0.027,38.9
0.296,0.017,38.9
0.4,0.011,38.9
0.435,0.007,38.9
0.411,0.004,38.9
0.32,0.002,38.9
0.182,0.004,38.9
0.024,0.009,38.9
0.0,0.012,38.9
0.0,0.01,38.9
0.0,0.006,38.9
0.0,0.004,38.9
0.0,0.004,38.9
0.0,0.006,38.9
0.0,0.012,38.9
0.0,0.028,38.9
