solar_cf,wind_cf,price
0.0,0.087,34.0
0.0,0.099,34.0
0.0,0.126,34.0
0.0,0.14,34.0
0.0,0.161,34.0
0.0,0.186,34.0
0.0,0.184,34.0
0.019,0.17,34.0
0.262,0.135,34.0
0.518,0.088,34.0
0.643,0.058,34.0
0.681,0.044,34.0
0.634,0.038,34.0
0.583,0.026,34.0
0.453,0.011,34.0
0.197,0.005,34.0
0.0,0.003,34.0
0.0,0.002,34.0
0.0,0.001,34.0
0.0,0.001,34.0
0.0,0.002,34.0
0.0,0.002,34.0
0.0,0.008,34.0
0.0,0.018,34.0
0.0,0.022,34.0
0.0,0.022,34.0
0.0,0.022,34.0
0.0,0.025,34.0
0.0,0.026,34.0
0.0,0.029,34.0
0.0,0.042,34.0
0.002,0.054,34.0
0.09,0.061,34.0
0.223,0.062,34.0
0.343,0.079,34.0
0.387,0.127,34.0
0.382,0.15,34.0
0.343,0.156,34.0
0.242,0.164,34.0
0.093,0.187,34.0
0.0,0.224,34.0
0.0,0.242,34.0
0.0,0.248,34.0
0.0,0.249,34.0
0.0,0.236,34.0
0.0,0.21,34.0
0.0,0.183,34.0
0.0,0.16,34.0
0.0,0.149,34.0
0.0,0.142,34.0
0.0,0.148,34.0
0.0,0.181,34.0
0.0,0.23,34.0
0.0,0.263,34.0
0.0,0.272,34.0
0.002,0.254,34.0
0.082,0.231,34.0
0.274,0.192,34.0
0.419,0.15,34.0
0.515,0.127,34.0
0.519,0.122,34.0
0.463,0.121,34.0
0.298,0.129,34.0
0.077,0.133,34.0
0.0,0.142,34.0
0.0,0.153,34.0
0.0,0.169,34.0
0.0,0.201,34.0
0.0,0.233,34.0
0.0,0.258,34.0
0.0,0.261,34.0
0.0,0.238,34.0
0.0,0.207,34.0
0.0,0.192,34.0
0.0,0.184,34.0
0.0,0.189,34.0
0.0,0.21,34.0
0.0,0.245,34.0
0.0,0.255,34.0
0.022,0.236,34.0
0.269,0.206,34.0
0.492,0.166,34.0
0.629,0.147,34.0
0.69,0.131,34.0
0.68,0.112,34.0
0.611,0.098,34.0
0.472,0.084,34.0
0.247,0.11,34.0
0.007,0.221,34.0
0.0,0.37,34.0
0.0,0.506,34.0
0.0,0.599,34.0
0.0,0.645,34.0
0.0,0.651,34.0
0.0,0.649,34.0
0.0,0.653,34.0
0.0,0.661,34.0
0.0,0.7,34.0
0.0,0.712,34.0
0.0,0.757,34.0
0.0,0.789,34.0
0.0,0.8,34.0
0.0,0.786,34.0
0.036,0.762,34.0
0.319,0.684,34.0
0.535,0.55,34.0
0.658,0.352,34.0
0.707,0.206,34.0
0.694,0.121,34.0
0.623,0.064,34.0
0.486,0.026,34.0
0.263,0.01,34.0
0.009,0.013,34.0
0.0,0.028,34.0
0.0,0.061,34.0
0.0,0.108,34.0
0.0,0.152,34.0
0.0,0.169,34.0
0.0,0.155,34.0
0.0,0.125,34.0
0.0,0.096,34.0
0.0,0.077,34.0
0.0,0.066,34.0
0.0,0.052,34.0
0.0,0.041,34.0
0.0,0.034,34.0
0.0,0.027,34.0
0.02,0.022,34.0
0.207,0.019,34.0
0.338,0.002,34.0
0.554,0.002,34.0
0.656,0.002,34.0
0.66,0.002,34.0
0.596,0.004,34.0
0.456,0.005,34.0
0.232,0.008,34.0
0.006,0.013,34.0
0.0,0.017,34.0
0.0,0.03,34.0
0.0,0.065,34.0
0.0,0.108,34.0
0.0,0.148,34.0
0.0,0.197,34.0
0.0,0.264,34.0
0.0,0.343,34.0
0.0,0.371,34.0
0.0,0.343,34.0
0.0,0.311,34.0
0.0,0.335,34.0
0.0,0.379,34.0
0.0,0.398,34.0
0.02,0.38,34.0
0.209,0.33,34.0
0.45,0.266,34.0
0.628,0.218,34.0
0.706,0.178,34.0
0.7,0.141,34.0
0.629,0.118,34.0
0.489,0.107,34.0
0.263,0.117,34.0
0.011,0.133,34.0
0.0,0.131,34.0
0.0,0.128,34.0
0.0,0.14,34.0
0.0,0.157,34.0
0.0,0.158,34.0
0.0,0.154,34.0
0.0,0.164,34.0
0.0,0.182,34.0
0.0,0.201,34.0
0.0,0.22,34.0
0.0,0.217,34.0
0.0,0.204,34.0
0.0,0.195,34.0
0.0,0.182,34.0
0.029,0.158,34.0
0.294,0.112,34.0
0.475,0.068,34.0
0.608,0.053,34.0
0.664,0.053,34.0
0.656,0.041,34.0
0.582,0.038,34.0
0.433,0.038,34.0
0.204,0.049,34.0
0.005,0.061,34.0
0.0,0.052,34.0
0.0,0.041,34.0
0.0,0.035,34.0
0.0,0.033,34.0
0.0,0.031,34.0
0.0,0.028,34.0
0.0,0.021,34.0
0.0,0.015,34.0
0.0,0.011,34.0
0.0,0.005,34.0
0.0,0.002,34.0
0.0,0.003,34.0
0.0,0.005,34.0
0.0,0.01,34.0
0.002,0.02,34.0
0.089,0.035,34.0
0.197,0.059,34.0
0.454,0.086,34.0
0.634,0.112,34.0
0.633,0.135,34.0
0.535,0.159,34.0
0.371,0.19,34.0
0.16,0.22,34.0
0.003,0.251,34.0
0.0,0.268,34.0
0.0,0.268,34.0
0.0,0.243,34.0
0.0,0.235,34.0
0.0,0.238,34.0
0.0,0.209,34.0
0.0,0.152,34.0
0.0,0.101,34.0
0.0,0.079,34.0
0.0,0.128,34.0
0.0,0.217,34.0
0.0,0.313,34.0
0.0,0.383,34.0
0.0,0.418,34.0
0.02,0.413,34.0
0.246,0.325,34.0
0.419,0.231,34.0
0.258,0.165,34.0
0.286,0.081,34.0
0.427,0.017,34.0
0.396,0.003,34.0
0.261,0.008,34.0
0.131,0.042,34.0
0.001,0.101,34.0
0.0,0.155,34.0
0.0,0.22,34.0
0.0,0.32,34.0
0.0,0.416,34.0
0.0,0.502,34.0
0.0,0.545,34.0
0.0,0.538,34.0
0.0,0.481,34.0
0.0,0.357,34.0
0.0,0.208,34.0
0.0,0.112,34.0
0.0,0.107,34.0
0.0,0.179,34.0
0.0,0.256,34.0
0.043,0.337,34.0
0.321,0.337,34.0
0.517,0.304,34.0
0.643,0.296,34.0
0.717,0.241,34.0
0.714,0.176,34.0
0.645,0.131,34.0
0.509,0.103,34.0
0.288,0.097,34.0
0.021,0.101,34.0
0.0,0.103,34.0
0.0,0.105,34.0
0.0,0.104,34.0
0.0,0.106,34.0
0.0,0.113,34.0
0.0,0.136,34.0
0.0,0.18,34.0
0.0,0.237,34.0
0.0,0.286,34.0
0.0,0.328,34.0
0.0,0.347,34.0
0.0,0.346,34.0
0.0,0.334,34.0
0.0,0.323,34.0
0.063,0.309,34.0
0.377,0.231,34.0
0.572,0.164,34.0
0.687,0.111,34.0
0.736,0.061,34.0
0.724,0.022,34.0
0.653,0.012,34.0
0.514,0.009,34.0
0.289,0.014,34.0
0.023,0.023,34.0
0.0,0.03,34.0
0.0,0.037,34.0
0.0,0.048,34.0
0.0,0.064,34.0
0.0,0.086,34.0
0.0,0.118,34.0
0.0,0.169,34.0
0.0,0.259,34.0
0.0,0.375,34.0
0.0,0.457,34.0
0.0,0.472,34.0
0.0,0.459,34.0
0.0,0.416,34.0
0.0,0.346,34.0
0.028,0.282,34.0
0.278,0.203,34.0
0.489,0.105,34.0
0.577,0.058,34.0
0.566,0.058,34.0
0.515,0.091,34.0
0.329,0.101,34.0
0.166,0.098,34.0
0.066,0.093,34.0
0.0,0.089,34.0
0.0,0.083,34.0
0.0,0.074,34.0
0.0,0.061,34.0
0.0,0.051,34.0
0.0,0.05,34.0
0.0,0.051,34.0
0.0,0.067,34.0
0.0,0.136,34.0
0.0,0.245,34.0
0.0,0.341,34.0
0.0,0.411,34.0
0.0,0.442,34.0
0.0,0.45,34.0
0.0,0.441,34.0
0.068,0.407,34.0
0.38,0.313,34.0
0.574,0.206,34.0
0.688,0.152,34.0
0.737,0.104,34.0
0.727,0.058,34.0
0.657,0.03,34.0
0.519,0.014,34.0
0.295,0.01,34.0
0.027,0.015,34.0
0.0,0.022,34.0
0.0,0.028,34.0
0.0,0.029,34.0
0.0,0.026,34.0
0.0,0.02,34.0
0.0,0.013,34.0
0.0,0.003,34.0
0.0,0.002,34.0
0.0,0.003,34.0
0.0,0.015,34.0
0.0,0.035,34.0
0.0,0.058,34.0
0.0,0.089,34.0
0.0,0.121,34.0
0.005,0.151,34.0
0.107,0.162,34.0
0.25,0.124,34.0
0.318,0.105,34.0
0.339,0.112,34.0
0.37,0.112,34.0
0.368,0.097,34.0
0.29,0.072,34.0
0.157,0.054,34.0
0.015,0.047,34.0
0.0,0.048,34.0
0.0,0.058,34.0
0.0,0.073,34.0
0.0,0.091,34.0
0.0,0.106,34.0
0.0,0.14,34.0
0.0,0.198,34.0
0.0,0.243,34.0
0.0,0.237,34.0
0.0,0.202,34.0
0.0,0.182,34.0
0.0,0.189,34.0
0.0,0.22,34.0
0.0,0.252,34.0
0.027,0.253,34.0
0.236,0.2,34.0
0.453,0.112,34.0
0.591,0.076,34.0
0.669,0.064,34.0
0.677,0.059,34.0
0.609,0.046,34.0
0.471,0.035,34.0
0.253,0.039,34.0
0.02,0.063,34.0
0.0,0.09,34.0
0.0,0.105,34.0
0.0,0.102,34.0
0.0,0.082,34.0
0.0,0.054,34.0
0.0,0.048,34.0
0.0,0.054,34.0
0.0,0.064,34.0
0.0,0.062,34.0
0.0,0.061,34.0
0.0,0.088,34.0
0.0,0.144,34.0
0.0,0.261,34.0
0.0,0.334,34.0
0.046,0.395,34.0
0.314,0.431,34.0
0.518,0.508,34.0
0.653,0.774,34.0
0.7,0.882,34.0
0.676,0.917,34.0
0.588,0.937,34.0
0.44,0.943,34.0
0.243,0.938,34.0
0.026,0.918,34.0
0.0,0.889,34.0
0.0,0.865,34.0
0.0,0.827,34.0
0.0,0.729,34.0
0.0,0.601,34.0
0.0,0.489,34.0
0.0,0.476,34.0
0.0,0.446,34.0
0.0,0.364,34.0
0.0,0.327,34.0
0.0,0.325,34.0
0.0,0.35,34.0
0.0,0.325,34.0
0.0,0.245,34.0
0.003,0.192,34.0
0.115,0.138,34.0
0.413,0.046,34.0
0.658,0.034,34.0
0.708,0.111,34.0
0.696,0.18,34.0
0.609,0.177,34.0
0.45,0.157,34.0
0.176,0.169,34.0
0.008,0.17,34.0
0.0,0.207,34.0
0.0,0.237,34.0
0.0,0.244,34.0
0.0,0.233,34.0
0.0,0.208,34.0
0.0,0.189,34.0
0.0,0.232,34.0
0.0,0.355,34.0
0.0,0.481,34.0
0.0,0.618,34.0
0.0,0.742,34.0
0.0,0.847,34.0
0.0,0.918,34.0
0.0,0.948,34.0
0.0,0.96,34.0
0.04,0.947,34.0
0.085,0.932,34.0
0.123,0.935,34.0
0.142,0.938,34.0
0.118,0.932,34.0
0.1,0.92,34.0
0.076,0.939,34.0
0.032,0.957,34.0
0.0,0.971,34.0
0.0,0.981,34.0
0.0,0.988,34.0
0.0,0.989,34.0
0.0,0.989,34.0
0.0,0.989,34.0
0.0,0.99,34.0
0.0,0.989,34.0
0.0,0.988,34.0
0.0,0.988,34.0
0.0,0.989,34.0
0.0,0.99,34.0
0.0,0.991,34.0
0.0,0.99,34.0
0.0,0.987,34.0
0.0,0.978,34.0
0.016,0.967,34.0
0.038,0.948,34.0
0.07,0.939,34.0
0.144,0.947,34.0
0.203,0.935,34.0
0.159,0.922,34.0
0.079,0.916,34.0
0.017,0.914,34.0
0.0,0.919,34.0
0.0,0.925,34.0
0.0,0.932,34.0
0.0,0.942,34.0
0.0,0.939,34.0
0.0,0.918,34.0
0.0,0.925,34.0
0.0,0.968,34.0
0.0,0.985,34.0
0.0,0.99,34.0
0.0,0.991,34.0
0.0,0.991,34.0
0.0,0.989,34.0
0.0,0.978,34.0
0.0,0.973,34.0
0.0,0.973,34.0
0.0,0.958,34.0
0.009,0.954,34.0
0.019,0.944,34.0
0.025,0.943,34.0
0.028,0.95,34.0
0.034,0.949,34.0
0.028,0.939,34.0
0.008,0.917,34.0
0.0,0.914,34.0
0.0,0.915,34.0
0.0,0.924,34.0
0.0,0.943,34.0
0.0,0.978,34.0
0.0,0.99,34.0
0.0,0.938,34.0
0.0,0.796,34.0
0.0,0.597,34.0
0.0,0.378,34.0
0.0,0.207,34.0
0.0,0.124,34.0
0.0,0.115,34.0
0.0,0.169,34.0
0.0,0.256,34.0
0.015,0.36,34.0
0.102,0.446,34.0
0.166,0.515,34.0
0.227,0.574,34.0
0.194,0.69,34.0
0.124,0.751,34.0
0.064,0.803,34.0
0.034,0.809,34.0
0.015,0.822,34.0
0.0,0.826,34.0
0.0,0.836,34.0
0.0,0.8,34.0
0.0,0.802,34.0
0.0,0.778,34.0
0.0,0.718,34.0
0.0,0.704,34.0
0.0,0.643,34.0
0.0,0.377,34.0
0.0,0.16,34.0
0.0,0.101,34.0
0.0,0.074,34.0
0.0,0.026,34.0
0.0,0.024,34.0
0.0,0.114,34.0
0.0,0.159,34.0
0.018,0.178,34.0
0.07,0.146,34.0
0.301,0.108,34.0
0.524,0.09,34.0
0.596,0.084,34.0
0.557,0.066,34.0
0.417,0.047,34.0
0.198,0.035,34.0
0.015,0.024,34.0
0.0,0.019,34.0
0.0,0.018,34.0
0.0,0.022,34.0
0.0,0.022,34.0
0.0,0.022,34.0
0.0,0.028,34.0
0.0,0.043,34.0
0.0,0.072,34.0
0.0,0.112,34.0
0.0,0.141,34.0
0.0,0.142,34.0
0.0,0.121,34.0
0.0,0.099,34.0
0.0,0.084,34.0
0.037,0.078,34.0
0.24,0.078,34.0
0.439,0.056,34.0
0.56,0.051,34.0
0.599,0.068,34.0
0.559,0.082,34.0
0.462,0.077,34.0
0.331,0.061,34.0
0.175,0.042,34.0
0.018,0.026,34.0
0.0,0.023,34.0
0.0,0.035,34.0
0.0,0.052,34.0
0.0,0.067,34.0
0.0,0.061,34.0
0.0,0.038,34.0
0.0,0.021,34.0
0.0,0.021,34.0
0.0,0.032,34.0
0.0,0.045,34.0
0.0,0.068,34.0
0.0,0.103,34.0
0.0,0.146,34.0
0.0,0.186,34.0
0.002,0.218,34.0
0.033,0.232,34.0
0.067,0.223,34.0
0.157,0.202,34.0
0.282,0.183,34.0
0.38,0.173,34.0
0.36,0.162,34.0
0.218,0.158,34.0
0.08,0.158,34.0
0.0,0.177,34.0
0.0,0.19,34.0
0.0,0.174,34.0
0.0,0.133,34.0
0.0,0.082,34.0
0.0,0.048,34.0
0.0,0.04,34.0
0.0,0.035,34.0
0.0,0.028,34.0
0.0,0.025,34.0
0.0,0.033,34.0
0.0,0.054,34.0
0.0,0.084,34.0
0.0,0.114,34.0
0.0,0.145,34.0
0.031,0.186,34.0
0.21,0.232,34.0
0.409,0.274,34.0
0.509,0.319,34.0
0.64,0.341,34.0
0.671,0.32,34.0
0.602,0.303,34.0
0.47,0.328,34.0
0.265,0.328,34.0
0.04,0.315,34.0
0.0,0.304,34.0
0.0,0.27,34.0
0.0,0.194,34.0
0.0,0.111,34.0
0.0,0.103,34.0
0.0,0.124,34.0
0.0,0.191,34.0
0.0,0.278,34.0
0.0,0.343,34.0
0.0,0.42,34.0
0.0,0.434,34.0
0.0,0.394,34.0
0.0,0.369,34.0
0.0,0.355,34.0
0.062,0.324,34.0
0.275,0.241,34.0
0.538,0.178,34.0
0.672,0.154,34.0
0.683,0.169,34.0
0.568,0.198,34.0
0.471,0.192,34.0
0.435,0.195,34.0
0.281,0.177,34.0
0.045,0.144,34.0
0.0,0.13,34.0
0.0,0.16,34.0
0.0,0.226,34.0
0.0,0.294,34.0
0.0,0.285,34.0
0.0,0.293,34.0
0.0,0.379,34.0
0.0,0.381,34.0
0.0,0.273,34.0
0.0,0.22,34.0
0.0,0.223,34.0
0.0,0.23,34.0
0.0,0.248,34.0
0.0,0.26,34.0
0.074,0.272,34.0
0.342,0.264,34.0
0.489,0.312,34.0
0.572,0.487,34.0
0.605,0.609,34.0
0.515,0.647,34.0
0.336,0.647,34.0
0.176,0.606,34.0
0.077,0.491,34.0
0.01,0.432,34.0
0.0,0.382,34.0
0.0,0.358,34.0
0.0,0.379,34.0
0.0,0.43,34.0
0.0,0.537,34.0
0.0,0.583,34.0
0.0,0.592,34.0
0.0,0.59,34.0
0.0,0.544,34.0
0.0,0.471,34.0
0.0,0.404,34.0
0.0,0.33,34.0
0.0,0.26,34.0
0.0,0.225,34.0
0.016,0.227,34.0
0.199,0.185,34.0
0.35,0.148,34.0
0.343,0.151,34.0
0.352,0.143,34.0
0.488,0.119,34.0
0.525,0.088,34.0
0.446,0.058,34.0
0.269,0.028,34.0
0.041,0.018,34.0
0.0,0.032,34.0
0.0,0.053,34.0
0.0,0.084,34.0
0.0,0.121,34.0
0.0,0.121,34.0
0.0,0.106,34.0
0.0,0.094,34.0
0.0,0.087,34.0
0.0,0.107,34.0
0.0,0.168,34.0
0.0,0.231,34.0
0.0,0.276,34.0
0.0,0.295,34.0
0.0,0.309,34.0
0.005,0.313,34.0
0.059,0.283,34.0
0.152,0.242,34.0
0.277,0.288,34.0
0.383,0.341,34.0
0.357,0.374,34.0
0.31,0.355,34.0
0.358,0.357,34.0
0.245,0.256,34.0
0.044,0.154,34.0
0.0,0.137,34.0
0.0,0.177,34.0
0.0,0.214,34.0
0.0,0.229,34.0
0.0,0.227,34.0
0.0,0.271,34.0
0.0,0.358,34.0
0.0,0.415,34.0
0.0,0.448,34.0
0.0,0.466,34.0
0.0,0.479,34.0
0.0,0.481,34.0
0.0,0.468,34.0
0.0,0.44,34.0
0.105,0.385,34.0
0.333,0.278,34.0
0.528,0.183,34.0
0.639,0.094,34.0
0.69,0.054,34.0
0.687,0.024,34.0
0.585,0.008,34.0
0.422,0.007,34.0
0.248,0.02,34.0
0.052,0.05,34.0
0.0,0.093,34.0
0.0,0.14,34.0
0.0,0.175,34.0
0.0,0.188,34.0
0.0,0.191,34.0
0.0,0.18,34.0
0.0,0.155,34.0
0.0,0.151,34.0
0.0,0.189,34.0
0.0,0.283,34.0
0.0,0.383,34.0
0.0,0.434,34.0
0.0,0.454,34.0
0.0,0.47,34.0
0.017,0.447,34.0
0.041,0.364,34.0
0.2,0.293,34.0
0.438,0.395,34.0
0.668,0.531,34.0
0.687,0.586,34.0
0.625,0.61,34.0
0.501,0.638,34.0
0.302,0.587,34.0
0.062,0.48,34.0
0.0,0.404,34.0
0.0,0.315,34.0
0.0,0.323,34.0
0.0,0.334,34.0
0.0,0.285,34.0
0.0,0.279,34.0
0.0,0.314,34.0
0.0,0.411,34.0
0.0,0.513,34.0
0.0,0.528,34.0
0.0,0.531,34.0
0.0,0.513,34.0
0.0,0.551,34.0
0.0,0.561,34.0
0.066,0.51,34.0
0.316,0.434,34.0
0.562,0.396,34.0
0.665,0.318,34.0
0.708,0.264,34.0
0.705,0.235,34.0
0.633,0.205,34.0
0.505,0.161,34.0
0.3,0.139,34.0
0.062,0.169,34.0
0.0,0.195,34.0
0.0,0.203,34.0
0.0,0.203,34.0
0.0,0.212,34.0
0.0,0.258,34.0
0.0,0.367,34.0
0.0,0.509,34.0
0.0,0.604,34.0
0.0,0.647,34.0
0.0,0.642,34.0
0.0,0.63,34.0
0.0,0.63,34.0
0.0,0.626,34.0
0.0,0.625,34.0
0.086,0.613,34.0
0.307,0.522,34.0
0.498,0.395,34.0
0.619,0.252,34.0
0.681,0.098,34.0
0.677,0.035,34.0
0.611,0.011,34.0
0.478,0.023,34.0
0.273,0.069,34.0
0.048,0.14,34.0
0.0,0.185,34.0
0.0,0.194,34.0
0.0,0.192,34.0
0.0,0.181,34.0
0.0,0.17,34.0
0.0,0.205,34.0
0.0,0.393,34.0
0.0,0.691,34.0
0.0,0.8,34.0
0.0,0.817,34.0
0.0,0.836,34.0
0.0,0.847,34.0
0.0,0.857,34.0
0.0,0.877,34.0
0.083,0.882,34.0
0.348,0.857,34.0
0.544,0.871,34.0
0.661,0.919,34.0
0.71,0.943,34.0
0.703,0.963,34.0
0.639,0.968,34.0
0.519,0.968,34.0
0.325,0.948,34.0
0.083,0.902,34.0
0.0,0.807,34.0
0.0,0.638,34.0
0.0,0.477,34.0
0.0,0.4,34.0
0.0,0.411,34.0
0.0,0.45,34.0
0.0,0.489,34.0
0.0,0.484,34.0
0.0,0.444,34.0
0.0,0.391,34.0
0.0,0.348,34.0
0.0,0.278,34.0
0.0,0.187,34.0
0.0,0.118,34.0
0.188,0.074,34.0
0.426,0.031,34.0
0.569,0.003,34.0
0.624,0.025,34.0
0.675,0.033,34.0
0.734,0.026,34.0
0.682,0.012,34.0
0.549,0.01,34.0
0.323,0.03,34.0
0.066,0.062,34.0
0.0,0.082,34.0
0.0,0.085,34.0
0.0,0.086,34.0
0.0,0.077,34.0
0.0,0.054,34.0
0.0,0.027,34.0
0.0,0.01,34.0
0.0,0.003,34.0
0.0,0.009,34.0
0.0,0.021,34.0
0.0,0.026,34.0
0.0,0.025,34.0
0.0,0.039,34.0
0.0,0.079,34.0
0.189,0.119,34.0
0.374,0.159,34.0
0.515,0.235,34.0
0.64,0.259,34.0
0.715,0.255,34.0
0.724,0.257,34.0
0.681,0.259,34.0
0.558,0.255,34.0
0.352,0.254,34.0
0.084,0.277,34.0
0.0,0.314,34.0
0.0,0.329,34.0
0.0,0.329,34.0
0.0,0.329,34.0
0.0,0.31,34.0
0.0,0.283,34.0
0.0,0.241,34.0
0.0,0.2,34.0
0.0,0.168,34.0
0.0,0.145,34.0
0.0,0.135,34.0
0.0,0.131,34.0
0.0,0.127,34.0
0.0,0.123,34.0
0.019,0.115,34.0
0.095,0.1,34.0
0.203,0.082,34.0
0.346,0.062,34.0
0.383,0.05,34.0
0.358,0.044,34.0
0.306,0.038,34.0
0.271,0.035,34.0
0.153,0.053,34.0
0.02,0.1,34.0
0.0,0.156,34.0
0.0,0.166,34.0
0.0,0.148,34.0
0.0,0.117,34.0
0.0,0.084,34.0
0.0,0.048,34.0
0.0,0.021,34.0
0.0,0.011,34.0
0.0,0.006,34.0
0.0,0.01,34.0
0.0,0.015,34.0
0.0,0.014,34.0
0.0,0.008,34.0
0.0,0.003,34.0
0.059,0.001,34.0
0.231,0.004,34.0
0.421,0.008,34.0
0.59,0.019,34.0
0.647,0.034,34.0
0.461,0.038,34.0
0.293,0.032,34.0
0.185,0.031,34.0
0.118,0.04,34.0
0.029,0.058,34.0
0.0,0.079,34.0
0.0,0.084,34.0
0.0,0.066,34.0
0.0,0.036,34.0
0.0,0.016,34.0
0.0,0.002,34.0
0.0,0.002,34.0
0.0,0.008,34.0
0.0,0.017,34.0
0.0,0.035,34.0
0.0,0.051,34.0
0.0,0.061,34.0
0.0,0.072,34.0
0.0,0.072,34.0
0.123,0.085,34.0
0.345,0.077,34.0
0.534,0.059,34.0
0.656,0.077,34.0
0.727,0.131,34.0
0.721,0.164,34.0
0.658,0.144,34.0
0.532,0.13,34.0
0.335,0.144,34.0
0.082,0.153,34.0
0.0,0.194,34.0
0.0,0.243,34.0
0.0,0.256,34.0
0.0,0.238,34.0
0.0,0.227,34.0
0.0,0.207,34.0
0.0,0.2,34.0
0.0,0.209,34.0
0.0,0.22,34.0
0.0,0.252,34.0
0.0,0.312,34.0
0.0,0.376,34.0
0.0,0.434,34.0
0.0,0.481,34.0
0.187,0.47,34.0
0.42,0.409,34.0
0.59,0.502,34.0
0.694,0.51,34.0
0.739,0.486,34.0
0.729,0.445,34.0
0.664,0.42,34.0
0.539,0.392,34.0
0.347,0.333,34.0
0.097,0.252,34.0
0.0,0.243,34.0
0.0,0.265,34.0
0.0,0.283,34.0
0.0,0.279,34.0
0.0,0.305,34.0
0.0,0.413,34.0
0.0,0.592,34.0
0.0,0.685,34.0
0.0,0.702,34.0
0.0,0.698,34.0
0.0,0.695,34.0
0.0,0.693,34.0
0.0,0.698,34.0
0.0,0.69,34.0
0.08,0.674,34.0
0.315,0.579,34.0
0.503,0.585,34.0
0.409,0.519,34.0
0.315,0.467,34.0
0.45,0.556,34.0
0.331,0.637,34.0
0.291,0.699,34.0
0.174,0.69,34.0
0.011,0.663,34.0
0.0,0.63,34.0
0.0,0.516,34.0
0.0,0.409,34.0
0.0,0.339,34.0
0.0,0.27,34.0
0.0,0.182,34.0
0.0,0.107,34.0
0.0,0.084,34.0
0.0,0.084,34.0
0.0,0.086,34.0
0.0,0.101,34.0
0.0,0.111,34.0
0.0,0.093,34.0
0.0,0.078,34.0
0.009,0.085,34.0
0.06,0.108,34.0
0.151,0.192,34.0
0.248,0.304,34.0
0.284,0.344,34.0
0.244,0.343,34.0
0.124,0.337,34.0
0.054,0.364,34.0
0.021,0.373,34.0
0.0,0.332,34.0
0.0,0.291,34.0
0.0,0.274,34.0
0.0,0.252,34.0
0.0,0.22,34.0
0.0,0.202,34.0
0.0,0.178,34.0
0.0,0.145,34.0
0.0,0.126,34.0
0.0,0.112,34.0
0.0,0.094,34.0
0.0,0.08,34.0
0.0,0.089,34.0
0.0,0.112,34.0
0.0,0.123,34.0
0.075,0.133,34.0
0.28,0.14,34.0
0.472,0.158,34.0
0.61,0.169,34.0
0.587,0.177,34.0
0.574,0.183,34.0
0.575,0.192,34.0
0.434,0.205,34.0
0.157,0.211,34.0
0.048,0.211,34.0
0.0,0.23,34.0
0.0,0.233,34.0
0.0,0.288,34.0
0.0,0.379,34.0
0.0,0.429,34.0
0.0,0.432,34.0
0.0,0.473,34.0
0.0,0.498,34.0
0.0,0.513,34.0
0.0,0.532,34.0
0.0,0.538,34.0
0.0,0.521,34.0
0.0,0.472,34.0
0.0,0.399,34.0
0.19,0.3,34.0
0.425,0.148,34.0
0.592,0.073,34.0
0.695,0.061,34.0
0.74,0.078,34.0
0.727,0.093,34.0
0.646,0.099,34.0
0.495,0.097,34.0
0.254,0.097,34.0
0.061,0.13,34.0
0.0,0.179,34.0
0.0,0.172,34.0
0.0,0.133,34.0
0.0,0.09,34.0
0.0,0.066,34.0
0.0,0.052,34.0
0.0,0.036,34.0
0.0,0.022,34.0
0.0,0.017,34.0
0.0,0.019,34.0
0.0,0.025,34.0
0.0,0.031,34.0
0.0,0.03,34.0
0.0,0.026,34.0
0.069,0.017,34.0
0.207,0.004,34.0
0.374,0.003,34.0
0.527,0.008,34.0
0.659,0.019,34.0
0.732,0.044,34.0
0.671,0.078,34.0
0.545,0.089,34.0
0.354,0.141,34.0
0.108,0.181,34.0
0.0,0.196,34.0
0.0,0.179,34.0
0.0,0.196,34.0
0.0,0.213,34.0
0.0,0.176,34.0
0.0,0.134,34.0
0.0,0.122,34.0
0.0,0.134,34.0
0.0,0.121,34.0
0.0,0.106,34.0
0.0,0.111,34.0
0.0,0.123,34.0
0.0,0.113,34.0
0.0,0.092,34.0
0.083,0.068,34.0
0.276,0.054,34.0
0.563,0.062,34.0
0.707,0.094,34.0
0.75,0.149,34.0
0.74,0.194,34.0
0.677,0.219,34.0
0.553,0.232,34.0
0.358,0.246,34.0
0.113,0.283,34.0
0.0,0.324,34.0
0.0,0.311,34.0
0.0,0.245,34.0
0.0,0.195,34.0
0.0,0.186,34.0
0.0,0.163,34.0
0.0,0.124,34.0
0.0,0.094,34.0
0.0,0.084,34.0
0.0,0.076,34.0
0.0,0.07,34.0
0.0,0.075,34.0
0.0,0.103,34.0
0.0,0.159,34.0
0.159,0.21,34.0
0.397,0.246,34.0
0.572,0.343,34.0
0.708,0.441,34.0
0.75,0.507,34.0
0.728,0.574,34.0
0.646,0.707,34.0
0.497,0.786,34.0
0.259,0.781,34.0
0.056,0.758,34.0
0.0,0.805,34.0
0.0,0.763,34.0
0.0,0.577,34.0
0.0,0.328,34.0
0.0,0.225,34.0
0.0,0.18,34.0
0.0,0.124,34.0
0.0,0.071,34.0
0.0,0.092,34.0
0.0,0.169,34.0
0.0,0.207,34.0
0.0,0.223,34.0
0.0,0.263,34.0
0.0,0.296,34.0
0.14,0.276,34.0
0.388,0.206,34.0
0.608,0.153,34.0
0.75,0.128,34.0
0.797,0.123,34.0
0.786,0.132,34.0
0.72,0.144,34.0
0.595,0.164,34.0
0.402,0.194,34.0
0.144,0.22,34.0
0.0,0.256,34.0
0.0,0.285,34.0
0.0,0.302,34.0
0.0,0.277,34.0
0.0,0.245,34.0
0.0,0.242,34.0
0.0,0.281,34.0
0.0,0.305,34.0
0.0,0.334,34.0
0.0,0.404,34.0
0.0,0.439,34.0
0.0,0.457,34.0
0.0,0.51,34.0
0.0,0.583,34.0
0.22,0.561,34.0
0.459,0.466,34.0
0.645,0.374,34.0
0.747,0.212,34.0
0.792,0.112,34.0
0.78,0.063,34.0
0.716,0.032,34.0
0.595,0.019,34.0
0.406,0.024,34.0
0.152,0.039,34.0
0.0,0.051,34.0
0.0,0.05,34.0
0.0,0.046,34.0
0.0,0.038,34.0
0.0,0.038,34.0
0.0,0.038,34.0
0.0,0.027,34.0
0.0,0.017,34.0
0.0,0.011,34.0
0.0,0.011,34.0
0.0,0.011,34.0
0.0,0.011,34.0
0.0,0.01,34.0
0.0,0.013,34.0
0.244,0.022,34.0
0.475,0.035,34.0
0.638,0.089,34.0
0.739,0.122,34.0
0.786,0.129,34.0
0.777,0.133,34.0
0.714,0.128,34.0
0.593,0.127,34.0
0.406,0.121,34.0
0.154,0.155,34.0
0.0,0.201,34.0
0.0,0.205,34.0
0.0,0.169,34.0
0.0,0.105,34.0
0.0,0.049,34.0
0.0,0.025,34.0
0.0,0.024,34.0
0.0,0.045,34.0
0.0,0.06,34.0
0.0,0.061,34.0
0.0,0.042,34.0
0.0,0.042,34.0
0.0,0.079,34.0
0.0,0.146,34.0
0.217,0.161,34.0
0.45,0.136,34.0
0.628,0.081,34.0
0.742,0.087,34.0
0.788,0.083,34.0
0.779,0.093,34.0
0.716,0.115,34.0
0.594,0.155,34.0
0.407,0.186,34.0
0.156,0.208,34.0
0.0,0.243,34.0
0.0,0.243,34.0
0.0,0.22,34.0
0.0,0.185,34.0
0.0,0.155,34.0
0.0,0.135,34.0
0.0,0.134,34.0
0.0,0.151,34.0
0.0,0.179,34.0
0.0,0.2,34.0
0.0,0.22,34.0
0.0,0.236,34.0
0.0,0.237,34.0
0.001,0.229,34.0
0.244,0.204,34.0
0.48,0.111,34.0
0.644,0.043,34.0
0.746,0.01,34.0
0.789,0.003,34.0
0.777,0.002,34.0
0.712,0.002,34.0
0.59,0.003,34.0
0.403,0.031,34.0
0.155,0.096,34.0
0.0,0.142,34.0
0.0,0.124,34.0
0.0,0.094,34.0
0.0,0.06,34.0
0.0,0.032,34.0
0.0,0.017,34.0
0.0,0.007,34.0
0.0,0.004,34.0
0.0,0.012,34.0
0.0,0.047,34.0
0.0,0.097,34.0
0.0,0.141,34.0
0.0,0.163,34.0
0.001,0.161,34.0
0.235,0.157,34.0
0.47,0.127,34.0
0.643,0.122,34.0
0.745,0.128,34.0
0.789,0.14,34.0
0.78,0.151,34.0
0.718,0.157,34.0
0.598,0.168,34.0
0.414,0.193,34.0
0.167,0.233,34.0
0.0,0.257,34.0
0.0,0.223,34.0
0.0,0.163,34.0
0.0,0.101,34.0
0.0,0.059,34.0
0.0,0.047,34.0
0.0,0.062,34.0
0.0,0.084,34.0
0.0,0.104,34.0
0.0,0.136,34.0
0.0,0.175,34.0
0.0,0.212,34.0
0.0,0.245,34.0
0.003,0.274,34.0
0.245,0.278,34.0
0.482,0.192,34.0
0.648,0.13,34.0
0.75,0.117,34.0
0.795,0.139,34.0
0.788,0.191,34.0
0.726,0.224,34.0
0.608,0.237,34.0
0.425,0.239,34.0
0.178,0.242,34.0
0.0,0.271,34.0
0.0,0.272,34.0
0.0,0.237,34.0
0.0,0.183,34.0
0.0,0.133,34.0
0.0,0.103,34.0
0.0,0.096,34.0
0.0,0.117,34.0
0.0,0.162,34.0
0.0,0.268,34.0
0.0,0.407,34.0
0.0,0.494,34.0
0.0,0.535,34.0
0.001,0.593,34.0
0.102,0.587,34.0
0.257,0.41,34.0
0.335,0.331,34.0
0.307,0.417,34.0
0.274,0.391,34.0
0.323,0.446,34.0
0.518,0.674,34.0
0.467,0.805,34.0
0.196,0.814,34.0
0.035,0.799,34.0
0.0,0.854,34.0
0.0,0.889,34.0
0.0,0.895,34.0
0.0,0.831,34.0
0.0,0.824,34.0
0.0,0.855,34.0
0.0,0.854,34.0
0.0,0.855,34.0
0.0,0.86,34.0
0.0,0.852,34.0
0.0,0.844,34.0
0.0,0.862,34.0
0.0,0.896,34.0
0.0,0.926,34.0
0.213,0.929,34.0
0.468,0.975,34.0
0.631,0.988,34.0
0.555,0.988,34.0
0.618,0.985,34.0
0.7,0.981,34.0
0.728,0.974,34.0
0.606,0.968,34.0
0.416,0.959,34.0
0.167,0.938,34.0
0.0,0.906,34.0
0.0,0.867,34.0
0.0,0.834,34.0
0.0,0.777,34.0
0.0,0.683,34.0
0.0,0.592,34.0
0.0,0.51,34.0
0.0,0.462,34.0
0.0,0.439,34.0
0.0,0.426,34.0
0.0,0.425,34.0
0.0,0.418,34.0
0.0,0.374,34.0
0.003,0.337,34.0
0.163,0.275,34.0
0.41,0.259,34.0
0.626,0.486,34.0
0.733,0.618,34.0
0.777,0.674,34.0
0.767,0.737,34.0
0.703,0.796,34.0
0.58,0.839,34.0
0.385,0.866,34.0
0.146,0.862,34.0
0.0,0.845,34.0
0.0,0.846,34.0
0.0,0.867,34.0
0.0,0.873,34.0
0.0,0.863,34.0
0.0,0.833,34.0
0.0,0.831,34.0
0.0,0.84,34.0
0.0,0.852,34.0
0.0,0.855,34.0
0.0,0.824,34.0
0.0,0.755,34.0
0.0,0.649,34.0
0.002,0.489,34.0
0.185,0.259,34.0
0.428,0.11,34.0
0.596,0.028,34.0
0.696,0.039,34.0
0.739,0.129,34.0
0.744,0.218,34.0
0.648,0.283,34.0
0.481,0.331,34.0
0.289,0.384,34.0
0.105,0.443,34.0
0.0,0.453,34.0
0.0,0.429,34.0
0.0,0.42,34.0
0.0,0.423,34.0
0.0,0.398,34.0
0.0,0.382,34.0
0.0,0.411,34.0
0.0,0.43,34.0
0.0,0.472,34.0
0.0,0.532,34.0
0.0,0.577,34.0
0.0,0.618,34.0
0.0,0.645,34.0
0.001,0.642,34.0
0.136,0.548,34.0
0.385,0.489,34.0
0.589,0.501,34.0
0.698,0.449,34.0
0.754,0.408,34.0
0.75,0.388,34.0
0.597,0.391,34.0
0.372,0.479,34.0
0.293,0.566,34.0
0.124,0.635,34.0
0.0,0.713,34.0
0.0,0.741,34.0
0.0,0.715,34.0
0.0,0.706,34.0
0.0,0.674,34.0
0.0,0.666,34.0
0.0,0.712,34.0
0.0,0.732,34.0
0.0,0.695,34.0
0.0,0.657,34.0
0.0,0.642,34.0
0.0,0.655,34.0
0.0,0.672,34.0
0.013,0.62,34.0
0.261,0.538,34.0
0.486,0.739,34.0
0.609,0.69,34.0
0.724,0.646,34.0
0.743,0.681,34.0
0.747,0.752,34.0
0.593,0.753,34.0
0.521,0.722,34.0
0.392,0.71,34.0
0.138,0.704,34.0
0.0,0.71,34.0
0.0,0.69,34.0
0.0,0.626,34.0
0.0,0.675,34.0
0.0,0.645,34.0
0.0,0.656,34.0
0.0,0.722,34.0
0.0,0.792,34.0
0.0,0.879,34.0
0.0,0.925,34.0
0.0,0.964,34.0
0.0,0.982,34.0
0.0,0.981,34.0
0.0,0.983,34.0
0.085,0.985,34.0
0.397,0.991,34.0
0.605,0.969,34.0
0.7,0.96,34.0
0.668,0.976,34.0
0.555,0.986,34.0
0.46,0.984,34.0
0.356,0.98,34.0
0.226,0.977,34.0
0.091,0.976,34.0
0.0,0.985,34.0
0.0,0.991,34.0
0.0,0.991,34.0
0.0,0.991,34.0
0.0,0.989,34.0
0.0,0.988,34.0
0.0,0.984,34.0
0.0,0.979,34.0
0.0,0.972,34.0
0.0,0.957,34.0
0.0,0.938,34.0
0.0,0.899,34.0
0.0,0.846,34.0
0.0,0.756,34.0
0.024,0.666,34.0
0.181,0.681,34.0
0.523,0.633,34.0
0.592,0.618,34.0
0.461,0.647,34.0
0.298,0.741,34.0
0.203,0.744,34.0
0.179,0.755,34.0
0.213,0.893,34.0
0.073,0.991,34.0
0.0,0.88,34.0
0.0,0.895,34.0
0.0,0.944,34.0
0.0,0.99,34.0
0.0,0.987,34.0
0.0,0.977,34.0
0.0,0.961,34.0
0.0,0.935,34.0
0.0,0.899,34.0
0.0,0.843,34.0
0.0,0.729,34.0
0.0,0.615,34.0
0.0,0.487,34.0
0.005,0.384,34.0
0.132,0.235,34.0
0.314,0.184,34.0
0.502,0.161,34.0
0.585,0.153,34.0
0.491,0.17,34.0
0.489,0.194,34.0
0.597,0.236,34.0
0.44,0.268,34.0
0.199,0.292,34.0
0.1,0.284,34.0
0.002,0.267,34.0
0.0,0.243,34.0
0.0,0.204,34.0
0.0,0.131,34.0
0.0,0.093,34.0
0.0,0.089,34.0
0.0,0.093,34.0
0.0,0.104,34.0
0.0,0.144,34.0
0.0,0.202,34.0
0.0,0.254,34.0
0.0,0.294,34.0
0.0,0.358,34.0
0.007,0.425,34.0
0.18,0.407,34.0
0.441,0.484,34.0
0.602,0.713,34.0
0.712,0.824,34.0
0.747,0.841,34.0
0.691,0.842,34.0
0.646,0.878,34.0
0.431,0.943,34.0
0.34,0.984,34.0
0.18,0.99,34.0
0.005,0.98,34.0
0.0,0.984,34.0
0.0,0.989,34.0
0.0,0.979,34.0
0.0,0.96,34.0
0.0,0.932,34.0
0.0,0.891,34.0
0.0,0.859,34.0
0.0,0.835,34.0
0.0,0.808,34.0
0.0,0.78,34.0
0.0,0.744,34.0
0.0,0.713,34.0
0.021,0.759,34.0
0.236,0.867,34.0
0.429,0.961,34.0
0.562,0.988,34.0
0.659,0.991,34.0
0.6,0.991,34.0
0.521,0.976,34.0
0.448,0.965,34.0
0.34,0.973,34.0
0.247,0.978,34.0
0.112,0.985,34.0
0.002,0.989,34.0
0.0,0.991,34.0
0.0,0.988,34.0
0.0,0.982,34.0
0.0,0.976,34.0
0.0,0.97,34.0
0.0,0.965,34.0
0.0,0.952,34.0
0.0,0.93,34.0
0.0,0.9,34.0
0.0,0.867,34.0
0.0,0.851,34.0
0.0,0.84,34.0
0.03,0.819,34.0
0.278,0.791,34.0
0.5,0.781,34.0
0.653,0.737,34.0
0.753,0.704,34.0
0.816,0.685,34.0
0.816,0.678,34.0
0.755,0.694,34.0
0.636,0.728,34.0
0.438,0.75,34.0
0.126,0.695,34.0
0.0,0.633,34.0
0.0,0.575,34.0
0.0,0.47,34.0
0.0,0.312,34.0
0.0,0.201,34.0
0.0,0.139,34.0
0.0,0.111,34.0
0.0,0.076,34.0
0.0,0.036,34.0
0.0,0.012,34.0
0.0,0.015,34.0
0.0,0.03,34.0
0.0,0.059,34.0
0.028,0.115,34.0
0.258,0.158,34.0
0.488,0.163,34.0
0.666,0.167,34.0
0.771,0.159,34.0
0.818,0.15,34.0
0.812,0.127,34.0
0.754,0.106,34.0
0.637,0.11,34.0
0.447,0.154,34.0
0.169,0.209,34.0
0.001,0.274,34.0
0.0,0.323,34.0
0.0,0.367,34.0
0.0,0.374,34.0
0.0,0.401,34.0
0.0,0.437,34.0
0.0,0.488,34.0
0.0,0.619,34.0
0.0,0.746,34.0
0.0,0.832,34.0
0.0,0.89,34.0
0.0,0.909,34.0
0.0,0.907,34.0
0.012,0.943,34.0
0.144,0.93,34.0
0.37,0.95,34.0
0.241,0.925,34.0
0.287,0.899,34.0
0.421,0.859,34.0
0.712,0.837,34.0
0.715,0.868,34.0
0.548,0.907,34.0
0.374,0.908,34.0
0.129,0.903,34.0
0.003,0.865,34.0
0.0,0.812,34.0
0.0,0.766,34.0
0.0,0.688,34.0
0.0,0.555,34.0
0.0,0.525,34.0
0.0,0.51,34.0
0.0,0.484,34.0
0.0,0.45,34.0
0.0,0.407,34.0
0.0,0.459,34.0
0.0,0.523,34.0
0.0,0.556,34.0
0.016,0.513,34.0
0.121,0.468,34.0
0.188,0.397,34.0
0.252,0.325,34.0
0.304,0.27,34.0
0.354,0.239,34.0
0.427,0.253,34.0
0.391,0.237,34.0
0.323,0.209,34.0
0.25,0.186,34.0
0.144,0.168,34.0
0.01,0.189,34.0
0.0,0.208,34.0
0.0,0.206,34.0
0.0,0.2,34.0
0.0,0.187,34.0
0.0,0.161,34.0
0.0,0.129,34.0
0.0,0.112,34.0
0.0,0.114,34.0
0.0,0.129,34.0
0.0,0.164,34.0
0.0,0.22,34.0
0.0,0.252,34.0
0.041,0.264,34.0
0.285,0.223,34.0
0.508,0.204,34.0
0.664,0.167,34.0
0.762,0.103,34.0
0.806,0.054,34.0
0.795,0.027,34.0
0.736,0.028,34.0
0.621,0.033,34.0
0.447,0.042,34.0
0.207,0.093,34.0
0.012,0.192,34.0
0.0,0.211,34.0
0.0,0.154,34.0
0.0,0.08,34.0
0.0,0.026,34.0
0.0,0.006,34.0
0.0,0.008,34.0
0.0,0.013,34.0
0.0,0.011,34.0
0.0,0.006,34.0
0.0,0.004,34.0
0.0,0.006,34.0
0.0,0.012,34.0
0.023,0.019,34.0
0.202,0.019,34.0
0.458,0.004,34.0
0.629,0.002,34.0
0.73,0.013,34.0
0.774,0.034,34.0
0.765,0.061,34.0
0.702,0.089,34.0
0.584,0.117,34.0
0.404,0.146,34.0
0.172,0.174,34.0
0.009,0.192,34.0
0.0,0.152,34.0
0.0,0.084,34.0
0.0,0.06,34.0
0.0,0.071,34.0
0.0,0.106,34.0
0.0,0.141,34.0
0.0,0.153,34.0
0.0,0.139,34.0
0.0,0.112,34.0
0.0,0.084,34.0
0.0,0.052,34.0
0.0,0.026,34.0
0.0,0.022,34.0
0.02,0.067,34.0
0.063,0.123,34.0
0.109,0.179,34.0
0.112,0.179,34.0
0.137,0.118,34.0
0.225,0.076,34.0
0.257,0.072,34.0
0.187,0.103,34.0
0.108,0.156,34.0
0.041,0.187,34.0
0.0,0.225,34.0
0.0,0.25,34.0
0.0,0.225,34.0
0.0,0.179,34.0
0.0,0.132,34.0
0.0,0.101,34.0
0.0,0.089,34.0
0.0,0.092,34.0
0.0,0.105,34.0
0.0,0.12,34.0
0.0,0.134,34.0
0.0,0.144,34.0
0.0,0.166,34.0
0.039,0.218,34.0
0.262,0.257,34.0
0.494,0.222,34.0
0.651,0.156,34.0
0.755,0.112,34.0
0.805,0.104,34.0
0.801,0.118,34.0
0.746,0.127,34.0
0.635,0.129,34.0
0.462,0.138,34.0
0.237,0.162,34.0
0.027,0.229,34.0
0.0,0.271,34.0
0.0,0.253,34.0
0.0,0.225,34.0
0.0,0.205,34.0
0.0,0.182,34.0
0.0,0.155,34.0
0.0,0.115,34.0
0.0,0.075,34.0
0.0,0.053,34.0
0.0,0.047,34.0
0.0,0.05,34.0
0.0,0.057,34.0
0.023,0.065,34.0
0.164,0.081,34.0
0.412,0.119,34.0
0.607,0.186,34.0
0.741,0.283,34.0
0.789,0.382,34.0
0.779,0.457,34.0
0.703,0.495,34.0
0.567,0.503,34.0
0.349,0.47,34.0
0.118,0.41,34.0
0.001,0.349,34.0
0.0,0.305,34.0
0.0,0.294,34.0
0.0,0.298,34.0
0.0,0.307,34.0
0.0,0.328,34.0
0.0,0.35,34.0
0.0,0.367,34.0
0.0,0.411,34.0
0.0,0.469,34.0
0.0,0.527,34.0
0.0,0.548,34.0
0.0,0.552,34.0
0.0,0.599,34.0
0.018,0.635,34.0
0.055,0.693,34.0
0.122,0.714,34.0
0.185,0.735,34.0
0.179,0.777,34.0
0.145,0.85,34.0
0.117,0.895,34.0
0.081,0.932,34.0
0.049,0.951,34.0
0.043,0.963,34.0
0.0,0.966,34.0
0.0,0.966,34.0
0.0,0.969,34.0
0.0,0.966,34.0
0.0,0.961,34.0
0.0,0.952,34.0
0.0,0.938,34.0
0.0,0.922,34.0
0.0,0.906,34.0
0.0,0.888,34.0
0.0,0.89,34.0
0.0,0.898,34.0
0.0,0.902,34.0
0.011,0.911,34.0
0.088,0.918,34.0
0.182,0.929,34.0
0.276,0.941,34.0
0.373,0.943,34.0
0.511,0.938,34.0
0.565,0.916,34.0
0.484,0.866,34.0
0.352,0.792,34.0
0.203,0.69,34.0
0.076,0.558,34.0
0.004,0.43,34.0
0.0,0.352,34.0
0.0,0.315,34.0
0.0,0.294,34.0
0.0,0.286,34.0
0.0,0.274,34.0
0.0,0.257,34.0
0.0,0.251,34.0
0.0,0.251,34.0
0.0,0.254,34.0
0.0,0.263,34.0
0.0,0.27,34.0
0.0,0.265,34.0
0.021,0.246,34.0
0.138,0.186,34.0
0.299,0.176,34.0
0.481,0.199,34.0
0.62,0.201,34.0
0.699,0.194,34.0
0.687,0.185,34.0
0.63,0.181,34.0
0.513,0.184,34.0
0.346,0.183,34.0
0.157,0.18,34.0
0.016,0.183,34.0
0.0,0.159,34.0
0.0,0.116,34.0
0.0,0.087,34.0
0.0,0.077,34.0
0.0,0.071,34.0
0.0,0.064,34.0
0.0,0.061,34.0
0.0,0.064,34.0
0.0,0.073,34.0
0.0,0.085,34.0
0.0,0.096,34.0
0.0,0.109,34.0
0.041,0.124,34.0
0.236,0.103,34.0
0.458,0.097,34.0
0.626,0.123,34.0
0.735,0.149,34.0
0.785,0.168,34.0
0.778,0.18,34.0
0.718,0.192,34.0
0.602,0.208,34.0
0.435,0.22,34.0
0.216,0.227,34.0
0.027,0.235,34.0
0.0,0.252,34.0
0.0,0.254,34.0
0.0,0.259,34.0
0.0,0.269,34.0
0.0,0.261,34.0
0.0,0.231,34.0
0.0,0.196,34.0
0.0,0.16,34.0
0.0,0.149,34.0
0.0,0.156,34.0
0.0,0.178,34.0
0.0,0.207,34.0
0.017,0.227,34.0
0.123,0.214,34.0
0.317,0.21,34.0
0.587,0.227,34.0
0.698,0.259,34.0
0.741,0.304,34.0
0.727,0.329,34.0
0.656,0.323,34.0
0.54,0.299,34.0
0.372,0.295,34.0
0.174,0.311,34.0
0.021,0.31,34.0
0.0,0.307,34.0
0.0,0.289,34.0
0.0,0.286,34.0
0.0,0.308,34.0
0.0,0.331,34.0
0.0,0.332,34.0
0.0,0.32,34.0
0.0,0.318,34.0
0.0,0.327,34.0
0.0,0.325,34.0
0.0,0.319,34.0
0.0,0.332,34.0
0.031,0.327,34.0
0.193,0.269,34.0
0.426,0.2,34.0
0.62,0.169,34.0
0.724,0.168,34.0
0.777,0.179,34.0
0.771,0.191,34.0
0.71,0.198,34.0
0.593,0.199,34.0
0.43,0.188,34.0
0.214,0.183,34.0
0.028,0.195,34.0
0.0,0.19,34.0
0.0,0.154,34.0
0.0,0.135,34.0
0.0,0.14,34.0
0.0,0.159,34.0
0.0,0.188,34.0
0.0,0.234,34.0
0.0,0.282,34.0
0.0,0.311,34.0
0.0,0.328,34.0
0.0,0.343,34.0
0.0,0.356,34.0
0.045,0.362,34.0
0.25,0.32,34.0
0.46,0.317,34.0
0.623,0.316,34.0
0.703,0.317,34.0
0.727,0.319,34.0
0.676,0.333,34.0
0.555,0.362,34.0
0.363,0.413,34.0
0.187,0.497,34.0
0.071,0.55,34.0
0.006,0.505,34.0
0.0,0.492,34.0
0.0,0.522,34.0
0.0,0.578,34.0
0.0,0.566,34.0
0.0,0.614,34.0
0.0,0.633,34.0
0.0,0.636,34.0
0.0,0.62,34.0
0.0,0.592,34.0
0.0,0.556,34.0
0.0,0.574,34.0
0.0,0.569,34.0
0.02,0.565,34.0
0.113,0.56,34.0
0.212,0.619,34.0
0.344,0.617,34.0
0.454,0.607,34.0
0.52,0.611,34.0
0.56,0.609,34.0
0.529,0.608,34.0
0.47,0.622,34.0
0.337,0.626,34.0
0.174,0.602,34.0
0.024,0.571,34.0
0.0,0.627,34.0
0.0,0.706,34.0
0.0,0.78,34.0
0.0,0.845,34.0
0.0,0.834,34.0
0.0,0.829,34.0
0.0,0.809,34.0
0.0,0.779,34.0
0.0,0.765,34.0
0.0,0.762,34.0
0.0,0.782,34.0
0.0,0.812,34.0
0.041,0.812,34.0
0.184,0.819,34.0
0.367,0.831,34.0
0.528,0.791,34.0
0.616,0.729,34.0
0.607,0.695,34.0
0.564,0.707,34.0
0.555,0.713,34.0
0.394,0.703,34.0
0.287,0.697,34.0
0.141,0.695,34.0
0.019,0.672,34.0
0.0,0.641,34.0
0.0,0.606,34.0
0.0,0.578,34.0
0.0,0.559,34.0
0.0,0.537,34.0
0.0,0.513,34.0
0.0,0.498,34.0
0.0,0.484,34.0
0.0,0.443,34.0
0.0,0.431,34.0
0.0,0.413,34.0
0.0,0.385,34.0
0.031,0.337,34.0
0.132,0.297,34.0
0.242,0.278,34.0
0.35,0.211,34.0
0.405,0.135,34.0
0.462,0.08,34.0
0.497,0.047,34.0
0.493,0.029,34.0
0.434,0.016,34.0
0.327,0.015,34.0
0.181,0.054,34.0
0.033,0.112,34.0
0.0,0.191,34.0
0.0,0.236,34.0
0.0,0.265,34.0
0.0,0.294,34.0
0.0,0.325,34.0
0.0,0.346,34.0
0.0,0.343,34.0
0.0,0.304,34.0
0.0,0.245,34.0
0.0,0.188,34.0
0.0,0.169,34.0
0.0,0.211,34.0
0.063,0.241,34.0
0.26,0.219,34.0
0.421,0.218,34.0
0.511,0.336,34.0
0.524,0.535,34.0
0.448,0.66,34.0
0.292,0.695,34.0
0.293,0.679,34.0
0.274,0.663,34.0
0.197,0.662,34.0
0.112,0.657,34.0
0.017,0.637,34.0
0.0,0.645,34.0
0.0,0.647,34.0
0.0,0.55,34.0
0.0,0.41,34.0
0.0,0.288,34.0
0.0,0.213,34.0
0.0,0.168,34.0
0.0,0.144,34.0
0.0,0.149,34.0
0.0,0.183,34.0
0.0,0.232,34.0
0.0,0.281,34.0
0.071,0.302,34.0
0.292,0.255,34.0
0.522,0.21,34.0
0.683,0.133,34.0
0.787,0.067,34.0
0.837,0.022,34.0
0.802,0.003,34.0
0.7,0.001,34.0
0.576,0.001,34.0
0.411,0.018,34.0
0.196,0.067,34.0
0.027,0.112,34.0
0.0,0.142,34.0
0.0,0.127,34.0
0.0,0.094,34.0
0.0,0.07,34.0
0.0,0.047,34.0
0.0,0.023,34.0
0.0,0.005,34.0
0.0,0.003,34.0
0.0,0.02,34.0
0.0,0.06,34.0
0.0,0.123,34.0
0.0,0.189,34.0
0.033,0.231,34.0
0.12,0.193,34.0
0.232,0.151,34.0
0.357,0.11,34.0
0.47,0.084,34.0
0.461,0.067,34.0
0.422,0.046,34.0
0.357,0.028,34.0
0.315,0.02,34.0
0.247,0.007,34.0
0.156,0.002,34.0
0.033,0.02,34.0
0.0,0.082,34.0
0.0,0.155,34.0
0.0,0.212,34.0
0.0,0.242,34.0
0.0,0.243,34.0
0.0,0.236,34.0
0.0,0.242,34.0
0.0,0.295,34.0
0.0,0.386,34.0
0.0,0.445,34.0
0.0,0.52,34.0
0.0,0.561,34.0
0.059,0.567,34.0
0.238,0.544,34.0
0.432,0.507,34.0
0.59,0.464,34.0
0.684,0.378,34.0
0.735,0.325,34.0
0.754,0.29,34.0
0.7,0.276,34.0
0.584,0.272,34.0
0.422,0.311,34.0
0.236,0.42,34.0
0.051,0.544,34.0
0.0,0.592,34.0
0.0,0.55,34.0
0.0,0.46,34.0
0.0,0.395,34.0
0.0,0.383,34.0
0.0,0.434,34.0
0.0,0.497,34.0
0.0,0.485,34.0
0.0,0.403,34.0
0.0,0.302,34.0
0.0,0.22,34.0
0.0,0.206,34.0
0.016,0.194,34.0
0.059,0.148,34.0
0.069,0.13,34.0
0.076,0.07,34.0
0.1,0.015,34.0
0.119,0.091,34.0
0.107,0.142,34.0
0.097,0.185,34.0
0.081,0.194,34.0
0.053,0.179,34.0
0.034,0.204,34.0
0.012,0.266,34.0
0.0,0.297,34.0
0.0,0.305,34.0
0.0,0.3,34.0
0.0,0.286,34.0
0.0,0.272,34.0
0.0,0.274,34.0
0.0,0.317,34.0
0.0,0.42,34.0
0.0,0.544,34.0
0.0,0.588,34.0
0.0,0.651,34.0
0.0,0.69,34.0
0.004,0.748,34.0
0.068,0.82,34.0
0.224,0.885,34.0
0.353,0.917,34.0
0.392,0.927,34.0
0.505,0.931,34.0
0.516,0.936,34.0
0.416,0.94,34.0
0.314,0.949,34.0
0.19,0.959,34.0
0.078,0.956,34.0
0.007,0.946,34.0
0.0,0.94,34.0
0.0,0.936,34.0
0.0,0.926,34.0
0.0,0.92,34.0
0.0,0.917,34.0
0.0,0.906,34.0
0.0,0.889,34.0
0.0,0.88,34.0
0.0,0.877,34.0
0.0,0.875,34.0
0.0,0.874,34.0
0.0,0.866,34.0
0.008,0.857,34.0
0.067,0.861,34.0
0.128,0.886,34.0
0.171,0.89,34.0
0.208,0.89,34.0
0.129,0.873,34.0
0.131,0.901,34.0
0.095,0.934,34.0
0.055,0.952,34.0
0.026,0.961,34.0
0.006,0.966,34.0
0.0,0.963,34.0
0.0,0.957,34.0
0.0,0.938,34.0
0.0,0.918,34.0
0.0,0.897,34.0
0.0,0.877,34.0
0.0,0.853,34.0
0.0,0.826,34.0
0.0,0.794,34.0
0.0,0.776,34.0
0.0,0.728,34.0
0.0,0.701,34.0
0.0,0.687,34.0
0.014,0.706,34.0
0.076,0.7,34.0
0.145,0.706,34.0
0.217,0.719,34.0
0.302,0.717,34.0
0.311,0.697,34.0
0.309,0.655,34.0
0.256,0.59,34.0
0.213,0.494,34.0
0.157,0.393,34.0
0.079,0.322,34.0
0.019,0.277,34.0
0.0,0.261,34.0
0.0,0.252,34.0
0.0,0.22,34.0
0.0,0.148,34.0
0.0,0.071,34.0
0.0,0.041,34.0
0.0,0.077,34.0
0.0,0.155,34.0
0.0,0.233,34.0
0.0,0.277,34.0
0.0,0.302,34.0
0.0,0.332,34.0
0.079,0.328,34.0
0.303,0.294,34.0
0.536,0.191,34.0
0.69,0.087,34.0
0.775,0.062,34.0
0.785,0.072,34.0
0.751,0.099,34.0
0.675,0.133,34.0
0.603,0.18,34.0
0.49,0.22,34.0
0.285,0.264,34.0
0.07,0.334,34.0
0.0,0.422,34.0
0.0,0.422,34.0
0.0,0.368,34.0
0.0,0.278,34.0
0.0,0.193,34.0
0.0,0.137,34.0
0.0,0.093,34.0
0.0,0.057,34.0
0.0,0.035,34.0
0.0,0.021,34.0
0.0,0.002,34.0
0.0,0.008,34.0
0.102,0.028,34.0
0.333,0.021,34.0
0.539,0.048,34.0
0.693,0.101,34.0
0.791,0.16,34.0
0.836,0.22,34.0
0.831,0.266,34.0
0.775,0.288,34.0
0.668,0.285,34.0
0.506,0.272,34.0
0.295,0.27,34.0
0.075,0.272,34.0
0.0,0.286,34.0
0.0,0.26,34.0
0.0,0.206,34.0
0.0,0.141,34.0
0.0,0.086,34.0
0.0,0.044,34.0
0.0,0.015,34.0
0.0,0.006,34.0
0.0,0.002,34.0
0.0,0.007,34.0
0.0,0.022,34.0
0.0,0.043,34.0
0.094,0.061,34.0
0.311,0.041,34.0
0.504,0.092,34.0
0.645,0.135,34.0
0.715,0.16,34.0
0.754,0.181,34.0
0.716,0.201,34.0
0.656,0.218,34.0
0.54,0.233,34.0
0.375,0.232,34.0
0.212,0.22,34.0
0.054,0.217,34.0
0.0,0.23,34.0
0.0,0.234,34.0
0.0,0.219,34.0
0.0,0.192,34.0
0.0,0.164,34.0
0.0,0.134,34.0
0.0,0.11,34.0
0.0,0.096,34.0
0.0,0.088,34.0
0.0,0.088,34.0
0.0,0.103,34.0
0.0,0.105,34.0
0.087,0.1,34.0
0.294,0.123,34.0
0.485,0.176,34.0
0.639,0.22,34.0
0.726,0.261,34.0
0.758,0.291,34.0
0.715,0.295,34.0
0.606,0.28,34.0
0.421,0.253,34.0
0.248,0.214,34.0
0.135,0.175,34.0
0.045,0.141,34.0
0.0,0.133,34.0
0.0,0.119,34.0
0.0,0.101,34.0
0.0,0.086,34.0
0.0,0.074,34.0
0.0,0.065,34.0
0.0,0.058,34.0
0.0,0.059,34.0
0.0,0.064,34.0
0.0,0.081,34.0
0.0,0.098,34.0
0.0,0.101,34.0
0.014,0.086,34.0
0.056,0.082,34.0
0.1,0.077,34.0
0.151,0.089,34.0
0.238,0.111,34.0
0.285,0.123,34.0
0.287,0.121,34.0
0.27,0.115,34.0
0.237,0.118,34.0
0.19,0.112,34.0
0.13,0.101,34.0
0.043,0.094,34.0
0.0,0.098,34.0
0.0,0.09,34.0
0.0,0.071,34.0
0.0,0.048,34.0
0.0,0.031,34.0
0.0,0.02,34.0
0.0,0.016,34.0
0.0,0.015,34.0
0.0,0.015,34.0
0.0,0.017,34.0
0.0,0.026,34.0
0.0,0.038,34.0
0.092,0.043,34.0
0.281,0.049,34.0
0.454,0.066,34.0
0.576,0.076,34.0
0.647,0.092,34.0
0.706,0.117,34.0
0.687,0.14,34.0
0.657,0.154,34.0
0.533,0.159,34.0
0.394,0.151,34.0
0.232,0.134,34.0
0.067,0.132,34.0
0.0,0.143,34.0
0.0,0.128,34.0
0.0,0.098,34.0
0.0,0.059,34.0
0.0,0.035,34.0
0.0,0.022,34.0
0.0,0.017,34.0
0.0,0.013,34.0
0.0,0.012,34.0
0.0,0.013,34.0
0.0,0.014,34.0
0.0,0.014,34.0
0.097,0.015,34.0
0.305,0.027,34.0
0.506,0.053,34.0
0.661,0.087,34.0
0.754,0.133,34.0
0.802,0.179,34.0
0.798,0.219,34.0
0.74,0.241,34.0
0.641,0.238,34.0
0.488,0.22,34.0
0.287,0.197,34.0
0.079,0.179,34.0
0.0,0.182,34.0
0.0,0.161,34.0
0.0,0.131,34.0
0.0,0.101,34.0
0.0,0.071,34.0
0.0,0.049,34.0
0.0,0.036,34.0
0.0,0.021,34.0
0.0,0.016,34.0
0.0,0.014,34.0
0.0,0.01,34.0
0.0,0.008,34.0
0.105,0.008,34.0
0.32,0.018,34.0
0.517,0.056,34.0
0.664,0.082,34.0
0.76,0.108,34.0
0.806,0.142,34.0
0.801,0.183,34.0
0.746,0.22,34.0
0.64,0.244,34.0
0.476,0.252,34.0
0.275,0.26,34.0
0.076,0.253,34.0
0.0,0.254,34.0
0.0,0.228,34.0
0.0,0.186,34.0
0.0,0.149,34.0
0.0,0.118,34.0
0.0,0.087,34.0
0.0,0.064,34.0
0.0,0.052,34.0
0.0,0.037,34.0
0.0,0.027,34.0
0.0,0.014,34.0
0.0,0.008,34.0
0.072,0.006,34.0
0.203,0.025,34.0
0.32,0.079,34.0
0.426,0.156,34.0
0.482,0.227,34.0
0.437,0.274,34.0
0.533,0.274,34.0
0.554,0.241,34.0
0.473,0.21,34.0
0.359,0.192,34.0
0.212,0.193,34.0
0.065,0.201,34.0
0.0,0.217,34.0
0.0,0.218,34.0
0.0,0.198,34.0
0.0,0.145,34.0
0.0,0.089,34.0
0.0,0.048,34.0
0.0,0.036,34.0
0.0,0.039,34.0
0.0,0.067,34.0
0.0,0.121,34.0
0.0,0.195,34.0
0.0,0.218,34.0
0.044,0.209,34.0
0.167,0.189,34.0
0.325,0.225,34.0
0.54,0.24,34.0
0.701,0.25,34.0
0.785,0.27,34.0
0.79,0.305,34.0
0.737,0.337,34.0
0.634,0.332,34.0
0.481,0.299,34.0
0.289,0.259,34.0
0.084,0.23,34.0
0.0,0.233,34.0
0.0,0.261,34.0
0.0,0.32,34.0
0.0,0.376,34.0
0.0,0.43,34.0
0.0,0.476,34.0
0.0,0.469,34.0
0.0,0.464,34.0
0.0,0.516,34.0
0.0,0.481,34.0
0.0,0.47,34.0
0.0,0.442,34.0
0.007,0.369,34.0
0.054,0.253,34.0
0.18,0.194,34.0
0.271,0.188,34.0
0.434,0.162,34.0
0.502,0.167,34.0
0.498,0.191,34.0
0.541,0.209,34.0
0.421,0.22,34.0
0.278,0.225,34.0
0.168,0.201,34.0
0.056,0.162,34.0
0.0,0.149,34.0
0.0,0.183,34.0
0.0,0.248,34.0
0.0,0.324,34.0
0.0,0.403,34.0
0.0,0.526,34.0
0.0,0.618,34.0
0.0,0.63,34.0
0.0,0.618,34.0
0.0,0.62,34.0
0.0,0.581,34.0
0.0,0.501,34.0
0.069,0.374,34.0
0.232,0.277,34.0
0.417,0.211,34.0
0.619,0.167,34.0
0.727,0.133,34.0
0.772,0.104,34.0
0.775,0.098,34.0
0.72,0.108,34.0
0.612,0.119,34.0
0.46,0.121,34.0
0.261,0.12,34.0
0.084,0.131,34.0
0.0,0.164,34.0
0.0,0.159,34.0
0.0,0.116,34.0
0.0,0.063,34.0
0.0,0.025,34.0
0.0,0.012,34.0
0.0,0.021,34.0
0.0,0.043,34.0
0.0,0.064,34.0
0.0,0.077,34.0
0.0,0.122,34.0
0.0,0.236,34.0
0.077,0.295,34.0
0.204,0.345,34.0
0.467,0.485,34.0
0.467,0.587,34.0
0.445,0.654,34.0
0.542,0.657,34.0
0.655,0.528,34.0
0.643,0.38,34.0
0.58,0.261,34.0
0.438,0.217,34.0
0.248,0.213,34.0
0.068,0.215,34.0
0.0,0.222,34.0
0.0,0.245,34.0
0.0,0.302,34.0
0.0,0.37,34.0
0.0,0.382,34.0
0.0,0.341,34.0
0.0,0.3,34.0
0.0,0.259,34.0
0.0,0.211,34.0
0.0,0.184,34.0
0.0,0.184,34.0
0.0,0.191,34.0
0.073,0.167,34.0
0.281,0.115,34.0
0.506,0.107,34.0
0.655,0.118,34.0
0.746,0.141,34.0
0.785,0.163,34.0
0.747,0.191,34.0
0.528,0.23,34.0
0.368,0.267,34.0
0.272,0.283,34.0
0.166,0.283,34.0
0.058,0.264,34.0
0.0,0.223,34.0
0.0,0.186,34.0
0.0,0.174,34.0
0.0,0.203,34.0
0.0,0.206,34.0
0.0,0.204,34.0
0.0,0.201,34.0
0.0,0.2,34.0
0.0,0.176,34.0
0.0,0.149,34.0
0.0,0.144,34.0
0.0,0.14,34.0
0.052,0.118,34.0
0.162,0.054,34.0
0.382,0.134,34.0
0.479,0.158,34.0
0.639,0.178,34.0
0.699,0.267,34.0
0.263,0.214,34.0
0.189,0.181,34.0
0.204,0.161,34.0
0.215,0.096,34.0
0.146,0.054,34.0
0.044,0.048,34.0
0.0,0.088,34.0
0.0,0.122,34.0
0.0,0.12,34.0
0.0,0.118,34.0
0.0,0.1,34.0
0.0,0.071,34.0
0.0,0.051,34.0
0.0,0.031,34.0
0.0,0.02,34.0
0.0,0.037,34.0
0.0,0.084,34.0
0.0,0.115,34.0
0.069,0.132,34.0
0.205,0.111,34.0
0.388,0.1,34.0
0.587,0.12,34.0
0.704,0.175,34.0
0.73,0.245,34.0
0.699,0.282,34.0
0.605,0.302,34.0
0.429,0.358,34.0
0.251,0.503,34.0
0.121,0.653,34.0
0.034,0.561,34.0
0.0,0.395,34.0
0.0,0.349,34.0
0.0,0.343,34.0
0.0,0.33,34.0
0.0,0.243,34.0
0.0,0.184,34.0
0.0,0.109,34.0
0.0,0.048,34.0
0.0,0.014,34.0
0.0,0.005,34.0
0.0,0.01,34.0
0.0,0.037,34.0
0.072,0.054,34.0
0.182,0.074,34.0
0.293,0.122,34.0
0.449,0.213,34.0
0.541,0.308,34.0
0.414,0.364,34.0
0.286,0.407,34.0
0.335,0.47,34.0
0.249,0.534,34.0
0.185,0.565,34.0
0.106,0.538,34.0
0.03,0.5,34.0
0.0,0.509,34.0
0.0,0.538,34.0
0.0,0.547,34.0
0.0,0.562,34.0
0.0,0.551,34.0
0.0,0.57,34.0
0.0,0.59,34.0
0.0,0.587,34.0
0.0,0.495,34.0
0.0,0.464,34.0
0.0,0.464,34.0
0.0,0.479,34.0
0.068,0.457,34.0
0.18,0.452,34.0
0.285,0.447,34.0
0.328,0.385,34.0
0.348,0.298,34.0
0.342,0.21,34.0
0.33,0.133,34.0
0.299,0.071,34.0
0.245,0.032,34.0
0.168,0.013,34.0
0.093,0.006,34.0
0.025,0.005,34.0
0.0,0.011,34.0
0.0,0.032,34.0
0.0,0.06,34.0
0.0,0.07,34.0
0.0,0.065,34.0
0.0,0.051,34.0
0.0,0.034,34.0
0.0,0.019,34.0
0.0,0.009,34.0
0.0,0.003,34.0
0.0,0.015,34.0
0.0,0.041,34.0
0.012,0.07,34.0
0.041,0.083,34.0
0.071,0.083,34.0
0.108,0.085,34.0
0.149,0.1,34.0
0.168,0.103,34.0
0.174,0.076,34.0
0.157,0.031,34.0
0.127,0.014,34.0
0.088,0.047,34.0
0.038,0.15,34.0
0.01,0.315,34.0
0.0,0.489,34.0
0.0,0.59,34.0
0.0,0.606,34.0
0.0,0.54,34.0
0.0,0.727,34.0
0.0,0.843,34.0
0.0,0.868,34.0
0.0,0.863,34.0
0.0,0.822,34.0
0.0,0.762,34.0
0.0,0.633,34.0
0.002,0.544,34.0
0.074,0.441,34.0
0.183,0.407,34.0
0.291,0.425,34.0
0.513,0.449,34.0
0.683,0.41,34.0
0.732,0.325,34.0
0.741,0.275,34.0
0.652,0.284,34.0
0.462,0.332,34.0
0.295,0.367,34.0
0.174,0.374,34.0
0.062,0.342,34.0
0.0,0.255,34.0
0.0,0.159,34.0
0.0,0.088,34.0
0.0,0.032,34.0
0.0,0.008,34.0
0.0,0.01,34.0
0.0,0.033,34.0
0.0,0.055,34.0
0.0,0.067,34.0
0.0,0.067,34.0
0.0,0.068,34.0
0.002,0.073,34.0
0.087,0.068,34.0
0.219,0.066,34.0
0.362,0.057,34.0
0.49,0.046,34.0
0.594,0.051,34.0
0.63,0.07,34.0
0.612,0.102,34.0
0.53,0.144,34.0
0.399,0.184,34.0
0.35,0.187,34.0
0.247,0.162,34.0
0.092,0.138,34.0
0.0,0.13,34.0
0.0,0.12,34.0
0.0,0.103,34.0
0.0,0.091,34.0
0.0,0.075,34.0
0.0,0.054,34.0
0.0,0.029,34.0
0.0,0.015,34.0
0.0,0.011,34.0
0.0,0.015,34.0
0.0,0.034,34.0
0.006,0.053,34.0
0.13,0.049,34.0
0.332,0.026,34.0
0.516,0.042,34.0
0.658,0.078,34.0
0.747,0.122,34.0
0.788,0.168,34.0
0.782,0.208,34.0
0.723,0.228,34.0
0.606,0.232,34.0
0.432,0.228,34.0
0.235,0.215,34.0
0.077,0.176,34.0
0.0,0.124,34.0
0.0,0.088,34.0
0.0,0.076,34.0
0.0,0.064,34.0
0.0,0.046,34.0
0.0,0.045,34.0
0.0,0.053,34.0
0.0,0.072,34.0
0.0,0.099,34.0
0.0,0.093,34.0
0.0,0.04,34.0
0.007,0.017,34.0
0.107,0.015,34.0
0.272,0.018,34.0
0.431,0.024,34.0
0.565,0.036,34.0
0.68,0.059,34.0
0.744,0.094,34.0
0.753,0.138,34.0
0.708,0.178,34.0
0.605,0.199,34.0
0.449,0.199,34.0
0.259,0.177,34.0
0.089,0.147,34.0
0.001,0.12,34.0
0.0,0.083,34.0
0.0,0.041,34.0
0.0,0.014,34.0
0.0,0.003,34.0
0.0,0.006,34.0
0.0,0.014,34.0
0.0,0.025,34.0
0.0,0.031,34.0
0.0,0.031,34.0
0.0,0.031,34.0
0.006,0.042,34.0
0.099,0.044,34.0
0.247,0.035,34.0
0.434,0.019,34.0
0.577,0.007,34.0
0.68,0.001,34.0
0.711,0.002,34.0
0.703,0.021,34.0
0.637,0.079,34.0
0.508,0.105,34.0
0.362,0.128,34.0
0.206,0.155,34.0
0.083,0.182,34.0
0.001,0.214,34.0
0.0,0.22,34.0
0.0,0.198,34.0
0.0,0.165,34.0
0.0,0.121,34.0
0.0,0.087,34.0
0.0,0.061,34.0
0.0,0.045,34.0
0.0,0.042,34.0
0.0,0.053,34.0
0.0,0.076,34.0
0.003,0.096,34.0
0.057,0.112,34.0
0.135,0.131,34.0
0.175,0.155,34.0
0.28,0.152,34.0
0.43,0.124,34.0
0.504,0.089,34.0
0.589,0.067,34.0
0.493,0.062,34.0
0.244,0.058,34.0
0.294,0.069,34.0
0.228,0.07,34.0
0.091,0.076,34.0
0.003,0.114,34.0
0.0,0.17,34.0
0.0,0.202,34.0
0.0,0.195,34.0
0.0,0.193,34.0
0.0,0.234,34.0
0.0,0.262,34.0
0.0,0.29,34.0
0.0,0.325,34.0
0.0,0.413,34.0
0.0,0.493,34.0
0.009,0.522,34.0
0.14,0.495,34.0
0.354,0.579,34.0
0.542,0.676,34.0
0.684,0.659,34.0
0.773,0.639,34.0
0.811,0.618,34.0
0.785,0.611,34.0
0.699,0.594,34.0
0.511,0.586,34.0
0.349,0.58,34.0
0.217,0.55,34.0
0.087,0.464,34.0
0.003,0.387,34.0
0.0,0.32,34.0
0.0,0.231,34.0
0.0,0.149,34.0
0.0,0.113,34.0
0.0,0.145,34.0
0.0,0.223,34.0
0.0,0.302,34.0
0.0,0.341,34.0
0.0,0.355,34.0
0.0,0.359,34.0
0.008,0.326,34.0
0.143,0.202,34.0
0.353,0.179,34.0
0.543,0.156,34.0
0.684,0.122,34.0
0.774,0.135,34.0
0.815,0.176,34.0
0.808,0.22,34.0
0.754,0.285,34.0
0.65,0.35,34.0
0.475,0.428,34.0
0.255,0.461,34.0
0.093,0.438,34.0
0.004,0.447,34.0
0.0,0.464,34.0
0.0,0.413,34.0
0.0,0.328,34.0
0.0,0.315,34.0
0.0,0.448,34.0
0.0,0.59,34.0
0.0,0.571,34.0
0.0,0.497,34.0
0.0,0.47,34.0
0.0,0.467,34.0
0.007,0.446,34.0
0.076,0.376,34.0
0.195,0.407,34.0
0.251,0.636,34.0
0.567,0.762,34.0
0.759,0.84,34.0
0.804,0.85,34.0
0.793,0.837,34.0
0.68,0.802,34.0
0.51,0.734,34.0
0.427,0.719,34.0
0.297,0.661,34.0
0.106,0.557,34.0
0.003,0.41,34.0
0.0,0.332,34.0
0.0,0.296,34.0
0.0,0.294,34.0
0.0,0.313,34.0
0.0,0.442,34.0
0.0,0.595,34.0
0.0,0.677,34.0
0.0,0.661,34.0
0.0,0.674,34.0
0.0,0.615,34.0
0.014,0.487,34.0
0.126,0.341,34.0
0.312,0.518,34.0
0.511,0.675,34.0
0.639,0.746,34.0
0.745,0.79,34.0
0.782,0.788,34.0
0.772,0.766,34.0
0.72,0.739,34.0
0.611,0.705,34.0
0.411,0.662,34.0
0.248,0.612,34.0
0.095,0.529,34.0
0.006,0.448,34.0
0.0,0.419,34.0
0.0,0.413,34.0
0.0,0.457,34.0
0.0,0.529,34.0
0.0,0.599,34.0
0.0,0.654,34.0
0.0,0.663,34.0
0.0,0.638,34.0
0.0,0.605,34.0
0.0,0.601,34.0
0.013,0.575,34.0
0.085,0.544,34.0
0.311,0.682,34.0
0.507,0.747,34.0
0.626,0.728,34.0
0.738,0.676,34.0
0.781,0.625,34.0
0.777,0.625,34.0
0.693,0.656,34.0
0.596,0.702,34.0
0.471,0.695,34.0
0.29,0.646,34.0
0.103,0.544,34.0
0.006,0.41,34.0
0.0,0.3,34.0
0.0,0.228,34.0
0.0,0.185,34.0
0.0,0.134,34.0
0.0,0.099,34.0
0.0,0.122,34.0
0.0,0.21,34.0
0.0,0.296,34.0
0.0,0.334,34.0
0.0,0.325,34.0
0.015,0.291,34.0
0.139,0.205,34.0
0.337,0.137,34.0
0.516,0.076,34.0
0.653,0.055,34.0
0.744,0.054,34.0
0.785,0.079,34.0
0.778,0.129,34.0
0.726,0.171,34.0
0.629,0.206,34.0
0.485,0.234,34.0
0.299,0.263,34.0
0.104,0.305,34.0
0.006,0.352,34.0
0.0,0.357,34.0
0.0,0.324,34.0
0.0,0.272,34.0
0.0,0.184,34.0
0.0,0.103,34.0
0.0,0.069,34.0
0.0,0.095,34.0
0.0,0.149,34.0
0.0,0.205,34.0
0.0,0.237,34.0
0.017,0.22,34.0
0.133,0.148,34.0
0.317,0.121,34.0
0.496,0.123,34.0
0.633,0.137,34.0
0.72,0.176,34.0
0.766,0.254,34.0
0.771,0.371,34.0
0.723,0.42,34.0
0.624,0.377,34.0
0.478,0.325,34.0
0.294,0.294,34.0
0.104,0.267,34.0
0.008,0.24,34.0
0.0,0.235,34.0
0.0,0.231,34.0
0.0,0.205,34.0
0.0,0.162,34.0
0.0,0.118,34.0
0.0,0.095,34.0
0.0,0.082,34.0
0.0,0.074,34.0
0.0,0.062,34.0
0.0,0.044,34.0
0.019,0.025,34.0
0.135,0.025,34.0
0.324,0.085,34.0
0.496,0.124,34.0
0.56,0.122,34.0
0.542,0.097,34.0
0.456,0.079,34.0
0.388,0.064,34.0
0.307,0.052,34.0
0.221,0.035,34.0
0.136,0.033,34.0
0.091,0.042,34.0
0.042,0.056,34.0
0.003,0.054,34.0
0.0,0.028,34.0
0.0,0.015,34.0
0.0,0.009,34.0
0.0,0.013,34.0
0.0,0.018,34.0
0.0,0.024,34.0
0.0,0.037,34.0
0.0,0.061,34.0
0.0,0.081,34.0
0.0,0.09,34.0
0.018,0.107,34.0
0.143,0.099,34.0
0.337,0.068,34.0
0.509,0.036,34.0
0.634,0.008,34.0
0.731,0.018,34.0
0.771,0.053,34.0
0.762,0.095,34.0
0.703,0.136,34.0
0.572,0.166,34.0
0.443,0.174,34.0
0.291,0.17,34.0
0.098,0.213,34.0
0.003,0.274,34.0
0.0,0.229,34.0
0.0,0.149,34.0
0.0,0.089,34.0
0.0,0.042,34.0
0.0,0.014,34.0
0.0,0.03,34.0
0.0,0.123,34.0
0.0,0.208,34.0
0.0,0.227,34.0
0.0,0.203,34.0
0.021,0.235,34.0
0.125,0.244,34.0
0.278,0.274,34.0
0.428,0.251,34.0
0.64,0.202,34.0
0.726,0.179,34.0
0.657,0.168,34.0
0.447,0.178,34.0
0.437,0.201,34.0
0.517,0.224,34.0
0.359,0.255,34.0
0.152,0.311,34.0
0.062,0.361,34.0
0.007,0.367,34.0
0.0,0.33,34.0
0.0,0.278,34.0
0.0,0.249,34.0
0.0,0.355,34.0
0.0,0.569,34.0
0.0,0.648,34.0
0.0,0.526,34.0
0.0,0.453,34.0
0.0,0.379,34.0
0.0,0.352,34.0
0.021,0.373,34.0
0.108,0.305,34.0
0.223,0.22,34.0
0.326,0.172,34.0
0.384,0.179,34.0
0.4,0.221,34.0
0.423,0.284,34.0
0.577,0.314,34.0
0.684,0.358,34.0
0.63,0.379,34.0
0.486,0.394,34.0
0.303,0.398,34.0
0.114,0.376,34.0
0.013,0.336,34.0
0.0,0.326,34.0
0.0,0.352,34.0
0.0,0.382,34.0
0.0,0.4,34.0
0.0,0.376,34.0
0.0,0.34,34.0
0.0,0.314,34.0
0.0,0.276,34.0
0.0,0.294,34.0
0.0,0.3,34.0
0.003,0.264,34.0
0.04,0.195,34.0
0.102,0.161,34.0
0.194,0.117,34.0
0.307,0.096,34.0
0.441,0.118,34.0
0.547,0.213,34.0
0.557,0.362,34.0
0.555,0.401,34.0
0.442,0.341,34.0
0.307,0.267,34.0
0.179,0.197,34.0
0.047,0.171,34.0
0.0,0.158,34.0
0.0,0.155,34.0
0.0,0.167,34.0
0.0,0.164,34.0
0.0,0.158,34.0
0.0,0.16,34.0
0.0,0.18,34.0
0.0,0.198,34.0
0.0,0.198,34.0
0.0,0.233,34.0
0.0,0.45,34.0
0.0,0.464,34.0
0.001,0.501,34.0
0.017,0.552,34.0
0.051,0.528,34.0
0.366,0.455,34.0
0.641,0.38,34.0
0.671,0.342,34.0
0.657,0.314,34.0
0.546,0.297,34.0
0.401,0.303,34.0
0.233,0.27,34.0
0.125,0.205,34.0
0.051,0.209,34.0
0.004,0.344,34.0
0.0,0.59,34.0
0.0,0.718,34.0
0.0,0.744,34.0
0.0,0.759,34.0
0.0,0.777,34.0
0.0,0.792,34.0
0.0,0.775,34.0
0.0,0.752,34.0
0.0,0.718,34.0
0.0,0.698,34.0
0.023,0.675,34.0
0.15,0.687,34.0
0.353,0.775,34.0
0.531,0.829,34.0
0.663,0.844,34.0
0.726,0.844,34.0
0.735,0.824,34.0
0.729,0.781,34.0
0.689,0.722,34.0
0.594,0.659,34.0
0.441,0.586,34.0
0.275,0.52,34.0
0.109,0.456,34.0
0.016,0.397,34.0
0.0,0.398,34.0
0.0,0.398,34.0
0.0,0.388,34.0
0.0,0.404,34.0
0.0,0.444,34.0
0.0,0.484,34.0
0.0,0.486,34.0
0.0,0.464,34.0
0.0,0.442,34.0
0.0,0.413,34.0
0.027,0.33,34.0
0.11,0.27,34.0
0.24,0.277,34.0
0.331,0.192,34.0
0.552,0.113,34.0
0.572,0.077,34.0
0.481,0.113,34.0
0.63,0.224,34.0
0.699,0.416,34.0
0.58,0.531,34.0
0.365,0.601,34.0
0.242,0.705,34.0
0.105,0.745,34.0
0.015,0.725,34.0
0.0,0.668,34.0
0.0,0.628,34.0
0.0,0.646,34.0
0.0,0.709,34.0
0.0,0.687,34.0
0.0,0.574,34.0
0.0,0.415,34.0
0.0,0.311,34.0
0.0,0.211,34.0
0.0,0.082,34.0
0.024,0.058,34.0
0.102,0.128,34.0
0.206,0.261,34.0
0.425,0.311,34.0
0.648,0.272,34.0
0.747,0.243,34.0
0.792,0.249,34.0
0.776,0.281,34.0
0.728,0.338,34.0
0.616,0.388,34.0
0.471,0.376,34.0
0.28,0.314,34.0
0.115,0.251,34.0
0.018,0.223,34.0
0.0,0.242,34.0
0.0,0.238,34.0
0.0,0.174,34.0
0.0,0.071,34.0
0.0,0.012,34.0
0.0,0.013,34.0
0.0,0.073,34.0
0.0,0.112,34.0
0.0,0.151,34.0
0.0,0.241,34.0
0.003,0.256,34.0
0.02,0.192,34.0
0.046,0.139,34.0
0.079,0.121,34.0
0.12,0.12,34.0
0.141,0.114,34.0
0.135,0.12,34.0
0.124,0.132,34.0
0.108,0.135,34.0
0.087,0.125,34.0
0.069,0.101,34.0
0.046,0.082,34.0
0.019,0.086,34.0
0.0,0.119,34.0
0.0,0.168,34.0
0.0,0.204,34.0
0.0,0.227,34.0
0.0,0.232,34.0
0.0,0.249,34.0
0.0,0.29,34.0
0.0,0.313,34.0
0.0,0.33,34.0
0.0,0.338,34.0
0.0,0.358,34.0
0.028,0.36,34.0
0.146,0.325,34.0
0.338,0.251,34.0
0.523,0.171,34.0
0.648,0.097,34.0
0.727,0.038,34.0
0.772,0.007,34.0
0.768,0.008,34.0
0.712,0.047,34.0
0.612,0.093,34.0
0.463,0.123,34.0
0.277,0.136,34.0
0.109,0.161,34.0
0.014,0.217,34.0
0.0,0.268,34.0
0.0,0.289,34.0
0.0,0.274,34.0
0.0,0.227,34.0
0.0,0.18,34.0
0.0,0.182,34.0
0.0,0.231,34.0
0.0,0.308,34.0
0.0,0.302,34.0
0.0,0.241,34.0
0.031,0.192,34.0
0.14,0.145,34.0
0.286,0.112,34.0
0.419,0.069,34.0
0.485,0.034,34.0
0.469,0.012,34.0
0.443,0.002,34.0
0.395,0.005,34.0
0.325,0.042,34.0
0.247,0.074,34.0
0.148,0.09,34.0
0.082,0.094,34.0
0.033,0.073,34.0
0.001,0.039,34.0
0.0,0.02,34.0
0.0,0.016,34.0
0.0,0.025,34.0
0.0,0.034,34.0
0.0,0.031,34.0
0.0,0.037,34.0
0.0,0.055,34.0
0.0,0.102,34.0
0.0,0.179,34.0
0.0,0.253,34.0
0.023,0.295,34.0
0.132,0.259,34.0
0.302,0.228,34.0
0.49,0.176,34.0
0.58,0.129,34.0
0.606,0.114,34.0
0.641,0.12,34.0
0.688,0.133,34.0
0.692,0.146,34.0
0.614,0.17,34.0
0.469,0.211,34.0
0.291,0.259,34.0
0.117,0.323,34.0
0.021,0.374,34.0
0.0,0.381,34.0
0.0,0.3,34.0
0.0,0.203,34.0
0.0,0.119,34.0
0.0,0.073,34.0
0.0,0.123,34.0
0.0,0.238,34.0
0.0,0.334,34.0
0.0,0.367,34.0
0.0,0.363,34.0
0.024,0.302,34.0
0.156,0.179,34.0
0.35,0.102,34.0
0.524,0.073,34.0
0.657,0.062,34.0
0.744,0.05,34.0
0.785,0.044,34.0
0.779,0.05,34.0
0.729,0.077,34.0
0.632,0.115,34.0
0.487,0.131,34.0
0.303,0.142,34.0
0.115,0.178,34.0
0.02,0.237,34.0
0.0,0.242,34.0
0.0,0.186,34.0
0.0,0.16,34.0
0.0,0.143,34.0
0.0,0.141,34.0
0.0,0.179,34.0
0.0,0.276,34.0
0.0,0.401,34.0
0.0,0.495,34.0
0.0,0.574,34.0
0.022,0.593,34.0
0.16,0.528,34.0
0.359,0.464,34.0
0.532,0.298,34.0
0.661,0.187,34.0
0.741,0.137,34.0
0.775,0.099,34.0
0.767,0.076,34.0
0.717,0.085,34.0
0.623,0.118,34.0
0.483,0.153,34.0
0.304,0.183,34.0
0.114,0.2,34.0
0.018,0.203,34.0
0.0,0.192,34.0
0.0,0.136,34.0
0.0,0.063,34.0
0.0,0.098,34.0
0.0,0.233,34.0
0.0,0.294,34.0
0.0,0.297,34.0
0.0,0.293,34.0
0.0,0.281,34.0
0.0,0.283,34.0
0.024,0.292,34.0
0.156,0.223,34.0
0.352,0.12,34.0
0.523,0.033,34.0
0.652,0.007,34.0
0.736,0.022,34.0
0.775,0.05,34.0
0.77,0.084,34.0
0.721,0.118,34.0
0.627,0.149,34.0
0.486,0.159,34.0
0.308,0.16,34.0
0.115,0.168,34.0
0.019,0.186,34.0
0.0,0.167,34.0
0.0,0.088,34.0
0.0,0.025,34.0
0.0,0.006,34.0
0.0,0.022,34.0
0.0,0.05,34.0
0.0,0.073,34.0
0.0,0.088,34.0
0.0,0.117,34.0
0.0,0.167,34.0
0.025,0.228,34.0
0.155,0.243,34.0
0.345,0.198,34.0
0.514,0.133,34.0
0.642,0.089,34.0
0.724,0.098,34.0
0.763,0.14,34.0
0.757,0.198,34.0
0.703,0.256,34.0
0.603,0.3,34.0
0.452,0.297,34.0
0.28,0.272,34.0
0.114,0.248,34.0
0.022,0.257,34.0
0.0,0.262,34.0
0.0,0.224,34.0
0.0,0.18,34.0
0.0,0.112,34.0
0.0,0.049,34.0
0.0,0.014,34.0
0.0,0.002,34.0
0.0,0.008,34.0
0.0,0.033,34.0
0.0,0.069,34.0
0.024,0.077,34.0
0.155,0.03,34.0
0.343,0.002,34.0
0.514,0.015,34.0
0.643,0.043,34.0
0.725,0.079,34.0
0.763,0.12,34.0
0.758,0.167,34.0
0.71,0.208,34.0
0.618,0.233,34.0
0.482,0.251,34.0
0.306,0.274,34.0
0.116,0.297,34.0
0.02,0.294,34.0
0.0,0.268,34.0
0.0,0.219,34.0
0.0,0.165,34.0
0.0,0.123,34.0
0.0,0.084,34.0
0.0,0.069,34.0
0.0,0.073,34.0
0.0,0.085,34.0
0.0,0.106,34.0
0.0,0.134,34.0
0.03,0.136,34.0
0.153,0.117,34.0
0.328,0.172,34.0
0.48,0.204,34.0
0.595,0.214,34.0
0.67,0.22,34.0
0.711,0.227,34.0
0.699,0.228,34.0
0.653,0.22,34.0
0.562,0.209,34.0
0.418,0.204,34.0
0.259,0.194,34.0
0.111,0.168,34.0
0.022,0.144,34.0
0.0,0.187,34.0
0.0,0.305,34.0
0.0,0.355,34.0
0.0,0.296,34.0
0.0,0.206,34.0
0.0,0.133,34.0
0.0,0.058,34.0
0.0,0.006,34.0
0.0,0.008,34.0
0.0,0.025,34.0
0.022,0.035,34.0
0.097,0.044,34.0
0.187,0.053,34.0
0.291,0.05,34.0
0.4,0.051,34.0
0.468,0.051,34.0
0.46,0.067,34.0
0.444,0.106,34.0
0.432,0.147,34.0
0.39,0.192,34.0
0.357,0.208,34.0
0.237,0.212,34.0
0.115,0.236,34.0
0.029,0.307,34.0
0.0,0.369,34.0
0.0,0.323,34.0
0.0,0.211,34.0
0.0,0.132,34.0
0.0,0.081,34.0
0.0,0.044,34.0
0.0,0.02,34.0
0.0,0.012,34.0
0.0,0.014,34.0
0.0,0.019,34.0
0.009,0.025,34.0
0.054,0.027,34.0
0.136,0.037,34.0
0.241,0.044,34.0
0.328,0.063,34.0
0.394,0.097,34.0
0.451,0.14,34.0
0.465,0.175,34.0
0.43,0.192,34.0
0.358,0.191,34.0
0.302,0.141,34.0
0.194,0.049,34.0
0.082,0.014,34.0
0.017,0.027,34.0
0.0,0.035,34.0
0.0,0.021,34.0
0.0,0.002,34.0
0.0,0.02,34.0
0.0,0.055,34.0
0.0,0.059,34.0
0.0,0.047,34.0
0.0,0.063,34.0
0.0,0.116,34.0
0.0,0.171,34.0
0.03,0.158,34.0
0.154,0.084,34.0
0.342,0.09,34.0
0.511,0.084,34.0
0.642,0.072,34.0
0.727,0.065,34.0
0.766,0.063,34.0
0.76,0.063,34.0
0.712,0.085,34.0
0.619,0.114,34.0
0.481,0.148,34.0
0.306,0.185,34.0
0.119,0.249,34.0
0.024,0.303,34.0
0.0,0.257,34.0
0.0,0.146,34.0
0.0,0.054,34.0
0.0,0.009,34.0
0.0,0.007,34.0
0.0,0.028,34.0
0.0,0.06,34.0
0.0,0.099,34.0
0.0,0.13,34.0
0.0,0.148,34.0
0.027,0.156,34.0
0.157,0.159,34.0
0.349,0.216,34.0
0.52,0.27,34.0
0.649,0.329,34.0
0.732,0.403,34.0
0.771,0.488,34.0
0.763,0.551,34.0
0.715,0.586,34.0
0.621,0.574,34.0
0.482,0.513,34.0
0.308,0.431,34.0
0.12,0.352,34.0
0.023,0.285,34.0
0.0,0.261,34.0
0.0,0.259,34.0
0.0,0.248,34.0
0.0,0.236,34.0
0.0,0.228,34.0
0.0,0.223,34.0
0.0,0.207,34.0
0.0,0.176,34.0
0.0,0.144,34.0
0.0,0.126,34.0
0.029,0.107,34.0
0.157,0.063,34.0
0.345,0.037,34.0
0.514,0.028,34.0
0.643,0.036,34.0
0.726,0.07,34.0
0.765,0.122,34.0
0.761,0.163,34.0
0.712,0.183,34.0
0.618,0.187,34.0
0.481,0.18,34.0
0.306,0.181,34.0
0.121,0.198,34.0
0.024,0.234,34.0
0.0,0.252,34.0
0.0,0.218,34.0
0.0,0.156,34.0
0.0,0.095,34.0
0.0,0.049,34.0
0.0,0.021,34.0
0.0,0.014,34.0
0.0,0.017,34.0
0.0,0.021,34.0
0.0,0.024,34.0
0.031,0.026,34.0
0.157,0.047,34.0
0.342,0.081,34.0
0.509,0.095,34.0
0.636,0.113,34.0
0.719,0.154,34.0
0.757,0.222,34.0
0.746,0.284,34.0
0.682,0.332,34.0
0.573,0.357,34.0
0.419,0.379,34.0
0.27,0.398,34.0
0.119,0.398,34.0
0.028,0.311,34.0
0.0,0.222,34.0
0.0,0.289,34.0
0.0,0.476,34.0
0.0,0.586,34.0
0.0,0.55,34.0
0.0,0.425,34.0
0.0,0.278,34.0
0.0,0.147,34.0
0.0,0.076,34.0
0.0,0.054,34.0
0.033,0.048,34.0
0.144,0.047,34.0
0.338,0.043,34.0
0.51,0.061,34.0
0.637,0.114,34.0
0.687,0.175,34.0
0.71,0.233,34.0
0.724,0.277,34.0
0.679,0.31,34.0
0.601,0.334,34.0
0.474,0.343,34.0
0.302,0.351,34.0
0.124,0.359,34.0
0.027,0.362,34.0
0.0,0.364,34.0
0.0,0.347,34.0
0.0,0.319,34.0
0.0,0.281,34.0
0.0,0.251,34.0
0.0,0.226,34.0
0.0,0.205,34.0
0.0,0.201,34.0
0.0,0.217,34.0
0.0,0.233,34.0
0.032,0.235,34.0
0.16,0.272,34.0
0.348,0.27,34.0
0.517,0.252,34.0
0.643,0.253,34.0
0.723,0.282,34.0
0.748,0.328,34.0
0.742,0.355,34.0
0.696,0.362,34.0
0.585,0.341,34.0
0.433,0.278,34.0
0.253,0.228,34.0
0.093,0.242,34.0
0.019,0.251,34.0
0.0,0.21,34.0
0.0,0.193,34.0
0.0,0.122,34.0
0.0,0.06,34.0
0.0,0.043,34.0
0.0,0.035,34.0
0.0,0.025,34.0
0.0,0.017,34.0
0.0,0.027,34.0
0.0,0.053,34.0
0.018,0.076,34.0
0.11,0.099,34.0
0.252,0.113,34.0
0.404,0.125,34.0
0.521,0.138,34.0
0.538,0.16,34.0
0.51,0.187,34.0
0.481,0.204,34.0
0.378,0.22,34.0
0.261,0.225,34.0
0.2,0.238,34.0
0.155,0.234,34.0
0.108,0.202,34.0
0.029,0.188,34.0
0.0,0.216,34.0
0.0,0.228,34.0
0.0,0.214,34.0
0.0,0.209,34.0
0.0,0.192,34.0
0.0,0.187,34.0
0.0,0.186,34.0
0.0,0.179,34.0
0.0,0.155,34.0
0.0,0.127,34.0
0.044,0.091,34.0
0.164,0.063,34.0
0.304,0.054,34.0
0.41,0.055,34.0
0.519,0.062,34.0
0.585,0.087,34.0
0.531,0.13,34.0
0.374,0.174,34.0
0.256,0.202,34.0
0.183,0.205,34.0
0.133,0.175,34.0
0.082,0.124,34.0
0.039,0.086,34.0
0.004,0.078,34.0
0.0,0.087,34.0
0.0,0.091,34.0
0.0,0.105,34.0
0.0,0.134,34.0
0.0,0.154,34.0
0.0,0.145,34.0
0.0,0.125,34.0
0.0,0.118,34.0
0.0,0.106,34.0
0.0,0.087,34.0
0.043,0.076,34.0
0.161,0.077,34.0
0.318,0.083,34.0
0.44,0.084,34.0
0.514,0.096,34.0
0.488,0.125,34.0
0.45,0.162,34.0
0.493,0.198,34.0
0.455,0.212,34.0
0.374,0.213,34.0
0.263,0.207,34.0
0.131,0.201,34.0
0.051,0.18,34.0
0.008,0.176,34.0
0.0,0.196,34.0
0.0,0.182,34.0
0.0,0.161,34.0
0.0,0.173,34.0
0.0,0.142,34.0
0.0,0.075,34.0
0.0,0.268,34.0
0.0,0.702,34.0
0.0,0.903,34.0
0.0,0.885,34.0
0.046,0.838,34.0
0.13,0.841,34.0
0.219,0.823,34.0
0.22,0.774,34.0
0.243,0.682,34.0
0.262,0.568,34.0
0.313,0.515,34.0
0.322,0.535,34.0
0.383,0.733,34.0
0.389,0.858,34.0
0.356,0.926,34.0
0.275,0.953,34.0
0.134,0.961,34.0
0.037,0.955,34.0
0.0,0.955,34.0
0.0,0.947,34.0
0.0,0.953,34.0
0.0,0.954,34.0
0.0,0.944,34.0
0.0,0.918,34.0
0.0,0.881,34.0
0.0,0.841,34.0
0.0,0.813,34.0
0.0,0.811,34.0
0.037,0.82,34.0
0.154,0.863,34.0
0.359,0.865,34.0
0.533,0.842,34.0
0.662,0.821,34.0
0.743,0.793,34.0
0.779,0.755,34.0
0.77,0.706,34.0
0.719,0.672,34.0
0.624,0.672,34.0
0.487,0.686,34.0
0.314,0.704,34.0
0.125,0.701,34.0
0.024,0.656,34.0
0.0,0.622,34.0
0.0,0.566,34.0
0.0,0.523,34.0
0.0,0.484,34.0
0.0,0.431,34.0
0.0,0.316,34.0
0.0,0.211,34.0
0.0,0.196,34.0
0.0,0.249,34.0
0.0,0.245,34.0
0.03,0.162,34.0
0.161,0.099,34.0
0.349,0.076,34.0
0.513,0.027,34.0
0.639,0.003,34.0
0.722,0.037,34.0
0.761,0.118,34.0
0.755,0.184,34.0
0.706,0.198,34.0
0.609,0.197,34.0
0.465,0.21,34.0
0.295,0.225,34.0
0.125,0.231,34.0
0.031,0.222,34.0
0.0,0.193,34.0
0.0,0.17,34.0
0.0,0.168,34.0
0.0,0.182,34.0
0.0,0.194,34.0
0.0,0.184,34.0
0.0,0.138,34.0
0.0,0.072,34.0
0.0,0.03,34.0
0.0,0.019,34.0
0.04,0.015,34.0
0.134,0.034,34.0
0.28,0.069,34.0
0.444,0.07,34.0
0.512,0.045,34.0
0.493,0.05,34.0
0.527,0.099,34.0
0.52,0.085,34.0
0.506,0.059,34.0
0.414,0.062,34.0
0.303,0.155,34.0
0.186,0.244,34.0
0.106,0.345,34.0
0.024,0.413,34.0
0.0,0.381,34.0
0.0,0.225,34.0
0.0,0.155,34.0
0.0,0.146,34.0
0.0,0.162,34.0
0.0,0.264,34.0
0.0,0.255,34.0
0.0,0.203,34.0
0.0,0.206,34.0
0.0,0.207,34.0
0.032,0.178,34.0
0.127,0.155,34.0
0.264,0.135,34.0
0.479,0.118,34.0
0.633,0.068,34.0
0.724,0.032,34.0
0.751,0.014,34.0
0.708,0.013,34.0
0.713,0.039,34.0
0.616,0.107,34.0
0.474,0.159,34.0
0.298,0.172,34.0
0.128,0.192,34.0
0.034,0.228,34.0
0.0,0.243,34.0
0.0,0.18,34.0
0.0,0.103,34.0
0.0,0.02,34.0
0.0,0.051,34.0
0.0,0.119,34.0
0.0,0.13,34.0
0.0,0.118,34.0
0.0,0.129,34.0
0.0,0.157,34.0
0.039,0.195,34.0
0.161,0.175,34.0
0.335,0.12,34.0
0.459,0.095,34.0
0.532,0.082,34.0
0.625,0.061,34.0
0.691,0.055,34.0
0.736,0.06,34.0
0.687,0.069,34.0
0.577,0.08,34.0
0.427,0.103,34.0
0.227,0.135,34.0
0.124,0.168,34.0
0.034,0.179,34.0
0.0,0.243,34.0
0.0,0.327,34.0
0.0,0.405,34.0
0.0,0.447,34.0
0.0,0.441,34.0
0.0,0.41,34.0
0.0,0.369,34.0
0.0,0.331,34.0
0.0,0.289,34.0
0.0,0.274,34.0
0.04,0.266,34.0
0.16,0.227,34.0
0.34,0.168,34.0
0.503,0.149,34.0
0.591,0.147,34.0
0.605,0.155,34.0
0.612,0.144,34.0
0.681,0.107,34.0
0.697,0.08,34.0
0.594,0.079,34.0
0.386,0.119,34.0
0.218,0.201,34.0
0.082,0.321,34.0
0.007,0.42,34.0
0.0,0.454,34.0
0.0,0.363,34.0
0.0,0.264,34.0
0.0,0.274,34.0
0.0,0.309,34.0
0.0,0.317,34.0
0.0,0.276,34.0
0.0,0.238,34.0
0.0,0.155,34.0
0.0,0.093,34.0
0.018,0.073,34.0
0.065,0.083,34.0
0.171,0.174,34.0
0.374,0.314,34.0
0.498,0.416,34.0
0.589,0.476,34.0
0.619,0.503,34.0
0.606,0.494,34.0
0.58,0.47,34.0
0.484,0.46,34.0
0.407,0.454,34.0
0.278,0.451,34.0
0.137,0.414,34.0
0.035,0.334,34.0
0.0,0.323,34.0
0.0,0.37,34.0
0.0,0.394,34.0
0.0,0.355,34.0
0.0,0.265,34.0
0.0,0.134,34.0
0.0,0.076,34.0
0.0,0.213,34.0
0.0,0.451,34.0
0.0,0.615,34.0
0.031,0.651,34.0
0.161,0.69,34.0
0.356,0.777,34.0
0.529,0.705,34.0
0.66,0.544,34.0
0.745,0.348,34.0
0.784,0.206,34.0
0.775,0.182,34.0
0.723,0.261,34.0
0.621,0.337,34.0
0.485,0.347,34.0
0.304,0.296,34.0
0.129,0.233,34.0
0.03,0.178,34.0
0.0,0.136,34.0
0.0,0.088,34.0
0.0,0.032,34.0
0.0,0.008,34.0
0.0,0.054,34.0
0.0,0.182,34.0
0.0,0.346,34.0
0.0,0.472,34.0
0.0,0.535,34.0
0.0,0.571,34.0
0.029,0.516,34.0
0.16,0.645,34.0
0.353,0.677,34.0
0.524,0.618,34.0
0.653,0.58,34.0
0.736,0.523,34.0
0.774,0.472,34.0
0.768,0.445,34.0
0.716,0.44,34.0
0.621,0.425,34.0
0.486,0.404,34.0
0.313,0.367,34.0
0.128,0.325,34.0
0.027,0.261,34.0
0.0,0.223,34.0
0.0,0.192,34.0
0.0,0.152,34.0
0.0,0.098,34.0
0.0,0.032,34.0
0.0,0.005,34.0
0.0,0.074,34.0
0.0,0.202,34.0
0.0,0.283,34.0
0.0,0.287,34.0
0.04,0.218,34.0
0.156,0.144,34.0
0.29,0.106,34.0
0.42,0.081,34.0
0.524,0.103,34.0
0.531,0.164,34.0
0.564,0.214,34.0
0.606,0.213,34.0
0.597,0.18,34.0
0.543,0.15,34.0
0.371,0.121,34.0
0.259,0.097,34.0
0.131,0.077,34.0
0.036,0.071,34.0
0.0,0.089,34.0
0.0,0.111,34.0
0.0,0.154,34.0
0.0,0.193,34.0
0.0,0.199,34.0
0.0,0.191,34.0
0.0,0.204,34.0
0.0,0.22,34.0
0.0,0.208,34.0
0.0,0.19,34.0
0.036,0.144,34.0
0.157,0.081,34.0
0.336,0.047,34.0
0.501,0.024,34.0
0.625,0.006,34.0
0.678,0.007,34.0
0.737,0.018,34.0
0.71,0.05,34.0
0.644,0.074,34.0
0.542,0.087,34.0
0.41,0.113,34.0
0.259,0.133,34.0
0.127,0.122,34.0
0.034,0.129,34.0
0.0,0.139,34.0
0.0,0.116,34.0
0.0,0.085,34.0
0.0,0.065,34.0
0.0,0.065,34.0
0.0,0.113,34.0
0.0,0.192,34.0
0.0,0.248,34.0
0.0,0.215,34.0
0.0,0.138,34.0
0.027,0.079,34.0
0.102,0.053,34.0
0.207,0.042,34.0
0.292,0.043,34.0
0.274,0.052,34.0
0.182,0.058,34.0
0.191,0.041,34.0
0.179,0.021,34.0
0.156,0.067,34.0
0.163,0.154,34.0
0.183,0.122,34.0
0.275,0.078,34.0
0.148,0.123,34.0
0.042,0.116,34.0
0.0,0.119,34.0
0.0,0.129,34.0
0.0,0.174,34.0
0.0,0.231,34.0
0.0,0.261,34.0
0.0,0.243,34.0
0.0,0.183,34.0
0.0,0.137,34.0
0.0,0.152,34.0
0.0,0.192,34.0
0.044,0.18,34.0
0.153,0.177,34.0
0.299,0.182,34.0
0.416,0.19,34.0
0.494,0.174,34.0
0.55,0.153,34.0
0.579,0.142,34.0
0.611,0.141,34.0
0.617,0.132,34.0
0.567,0.114,34.0
0.442,0.102,34.0
0.291,0.101,34.0
0.13,0.102,34.0
0.035,0.116,34.0
0.0,0.146,34.0
0.0,0.135,34.0
0.0,0.104,34.0
0.0,0.067,34.0
0.0,0.031,34.0
0.0,0.027,34.0
0.0,0.079,34.0
0.0,0.167,34.0
0.0,0.186,34.0
0.0,0.141,34.0
0.012,0.13,34.0
0.117,0.155,34.0
0.257,0.1,34.0
0.347,0.057,34.0
0.425,0.046,34.0
0.502,0.025,34.0
0.538,0.031,34.0
0.553,0.05,34.0
0.536,0.102,34.0
0.488,0.126,34.0
0.399,0.133,34.0
0.276,0.122,34.0
0.133,0.114,34.0
0.039,0.128,34.0
0.0,0.166,34.0
0.0,0.165,34.0
0.0,0.13,34.0
0.0,0.108,34.0
0.0,0.122,34.0
0.0,0.165,34.0
0.0,0.217,34.0
0.0,0.278,34.0
0.0,0.297,34.0
0.0,0.284,34.0
0.043,0.248,34.0
0.149,0.239,34.0
0.314,0.235,34.0
0.464,0.236,34.0
0.547,0.262,34.0
0.581,0.301,34.0
0.564,0.313,34.0
0.486,0.302,34.0
0.453,0.272,34.0
0.445,0.224,34.0
0.414,0.172,34.0
0.273,0.138,34.0
0.132,0.12,34.0
0.037,0.118,34.0
0.0,0.125,34.0
0.0,0.128,34.0
0.0,0.122,34.0
0.0,0.111,34.0
0.0,0.084,34.0
0.0,0.05,34.0
0.0,0.023,34.0
0.0,0.015,34.0
0.0,0.022,34.0
0.0,0.032,34.0
0.042,0.031,34.0
0.149,0.019,34.0
0.327,0.007,34.0
0.487,0.017,34.0
0.594,0.048,34.0
0.669,0.085,34.0
0.701,0.115,34.0
0.696,0.144,34.0
0.651,0.167,34.0
0.566,0.181,34.0
0.447,0.191,34.0
0.294,0.192,34.0
0.131,0.195,34.0
0.032,0.231,34.0
0.0,0.249,34.0
0.0,0.191,34.0
0.0,0.121,34.0
0.0,0.063,34.0
0.0,0.024,34.0
0.0,0.017,34.0
0.0,0.038,34.0
0.0,0.056,34.0
0.0,0.047,34.0
0.0,0.028,34.0
0.034,0.015,34.0
0.154,0.004,34.0
0.332,0.001,34.0
0.449,0.002,34.0
0.568,0.004,34.0
0.704,0.035,34.0
0.745,0.088,34.0
0.74,0.128,34.0
0.693,0.155,34.0
0.6,0.176,34.0
0.448,0.191,34.0
0.295,0.197,34.0
0.13,0.188,34.0
0.028,0.157,34.0
0.0,0.119,34.0
0.0,0.125,34.0
0.0,0.185,34.0
0.0,0.229,34.0
0.0,0.201,34.0
0.0,0.111,34.0
0.0,0.04,34.0
0.0,0.008,34.0
0.0,0.016,34.0
0.0,0.061,34.0
0.033,0.094,34.0
0.152,0.069,34.0
0.334,0.047,34.0
0.498,0.044,34.0
0.626,0.042,34.0
0.708,0.05,34.0
0.747,0.093,34.0
0.745,0.16,34.0
0.699,0.231,34.0
0.61,0.286,34.0
0.478,0.329,34.0
0.31,0.367,34.0
0.131,0.401,34.0
0.028,0.407,34.0
0.0,0.327,34.0
0.0,0.2,34.0
0.0,0.112,34.0
0.0,0.061,34.0
0.0,0.032,34.0
0.0,0.016,34.0
0.0,0.008,34.0
0.0,0.006,34.0
0.0,0.007,34.0
0.0,0.009,34.0
0.031,0.009,34.0
0.152,0.011,34.0
0.338,0.029,34.0
0.504,0.063,34.0
0.629,0.117,34.0
0.711,0.174,34.0
0.749,0.227,34.0
0.744,0.272,34.0
0.697,0.297,34.0
0.608,0.318,34.0
0.475,0.325,34.0
0.309,0.331,34.0
0.13,0.331,34.0
0.028,0.316,34.0
0.0,0.268,34.0
0.0,0.205,34.0
0.0,0.141,34.0
0.0,0.099,34.0
0.0,0.079,34.0
0.0,0.077,34.0
0.0,0.076,34.0
0.0,0.072,34.0
0.0,0.069,34.0
0.0,0.067,34.0
0.034,0.059,34.0
0.152,0.089,34.0
0.334,0.126,34.0
0.496,0.152,34.0
0.622,0.169,34.0
0.701,0.188,34.0
0.736,0.214,34.0
0.728,0.249,34.0
0.68,0.272,34.0
0.591,0.269,34.0
0.459,0.248,34.0
0.29,0.241,34.0
0.127,0.261,34.0
0.033,0.207,34.0
0.0,0.123,34.0
0.0,0.127,34.0
0.0,0.133,34.0
0.0,0.072,34.0
0.0,0.037,34.0
0.0,0.035,34.0
0.0,0.017,34.0
0.0,0.012,34.0
0.0,0.015,34.0
0.0,0.018,34.0
0.039,0.013,34.0
0.148,0.001,34.0
0.315,0.002,34.0
0.468,0.003,34.0
0.603,0.005,34.0
0.681,0.006,34.0
0.715,0.03,34.0
0.713,0.106,34.0
0.671,0.171,34.0
0.59,0.221,34.0
0.465,0.259,34.0
0.304,0.286,34.0
0.131,0.276,34.0
0.03,0.215,34.0
0.0,0.162,34.0
0.0,0.127,34.0
0.0,0.107,34.0
0.0,0.118,34.0
0.0,0.179,34.0
0.0,0.256,34.0
0.0,0.274,34.0
0.0,0.241,34.0
0.0,0.176,34.0
0.0,0.115,34.0
0.035,0.074,34.0
0.149,0.032,34.0
0.327,0.048,34.0
0.49,0.081,34.0
0.616,0.132,34.0
0.697,0.208,34.0
0.736,0.3,34.0
0.736,0.368,34.0
0.69,0.396,34.0
0.6,0.395,34.0
0.468,0.376,34.0
0.297,0.337,34.0
0.127,0.271,34.0
0.032,0.195,34.0
0.0,0.159,34.0
0.0,0.155,34.0
0.0,0.156,34.0
0.0,0.168,34.0
0.0,0.174,34.0
0.0,0.181,34.0
0.0,0.221,34.0
0.0,0.277,34.0
0.0,0.292,34.0
0.0,0.264,34.0
0.041,0.184,34.0
0.144,0.115,34.0
0.24,0.074,34.0
0.374,0.054,34.0
0.608,0.046,34.0
0.685,0.042,34.0
0.721,0.046,34.0
0.729,0.061,34.0
0.684,0.1,34.0
0.597,0.142,34.0
0.466,0.167,34.0
0.303,0.175,34.0
0.132,0.205,34.0
0.031,0.253,34.0
0.0,0.237,34.0
0.0,0.167,34.0
0.0,0.107,34.0
0.0,0.082,34.0
0.0,0.086,34.0
0.0,0.112,34.0
0.0,0.14,34.0
0.0,0.153,34.0
0.0,0.143,34.0
0.0,0.118,34.0
0.037,0.082,34.0
0.148,0.055,34.0
0.324,0.039,34.0
0.485,0.034,34.0
0.608,0.06,34.0
0.689,0.105,34.0
0.727,0.147,34.0
0.725,0.181,34.0
0.679,0.201,34.0
0.591,0.211,34.0
0.463,0.21,34.0
0.302,0.205,34.0
0.131,0.197,34.0
0.03,0.201,34.0
0.0,0.201,34.0
0.0,0.167,34.0
0.0,0.122,34.0
0.0,0.088,34.0
0.0,0.059,34.0
0.0,0.04,34.0
0.0,0.038,34.0
0.0,0.055,34.0
0.0,0.077,34.0
0.0,0.082,34.0
0.035,0.064,34.0
0.148,0.055,34.0
0.324,0.061,34.0
0.485,0.083,34.0
0.607,0.118,34.0
0.68,0.159,34.0
0.71,0.198,34.0
0.708,0.229,34.0
0.664,0.252,34.0
0.574,0.271,34.0
0.449,0.281,34.0
0.285,0.295,34.0
0.132,0.291,34.0
0.031,0.26,34.0
0.0,0.202,34.0
0.0,0.148,34.0
0.0,0.1,34.0
0.0,0.076,34.0
0.0,0.077,34.0
0.0,0.089,34.0
0.0,0.092,34.0
0.0,0.085,34.0
0.0,0.074,34.0
0.0,0.058,34.0
0.039,0.041,34.0
0.143,0.033,34.0
0.325,0.034,34.0
0.488,0.039,34.0
0.613,0.053,34.0
0.693,0.085,34.0
0.731,0.146,34.0
0.724,0.204,34.0
0.677,0.244,34.0
0.589,0.262,34.0
0.459,0.27,34.0
0.296,0.27,34.0
0.13,0.266,34.0
0.032,0.268,34.0
0.0,0.248,34.0
0.0,0.22,34.0
0.0,0.191,34.0
0.0,0.175,34.0
0.0,0.168,34.0
0.0,0.167,34.0
0.0,0.156,34.0
0.0,0.133,34.0
0.0,0.121,34.0
0.0,0.118,34.0
0.037,0.106,34.0
0.145,0.089,34.0
0.325,0.097,34.0
0.488,0.112,34.0
0.612,0.123,34.0
0.692,0.125,34.0
0.729,0.114,34.0
0.725,0.082,34.0
0.678,0.062,34.0
0.587,0.066,34.0
0.458,0.085,34.0
0.297,0.094,34.0
0.129,0.11,34.0
0.03,0.133,34.0
0.0,0.14,34.0
0.0,0.094,34.0
0.0,0.082,34.0
0.0,0.146,34.0
0.0,0.245,34.0
0.0,0.32,34.0
0.0,0.338,34.0
0.0,0.332,34.0
0.0,0.278,34.0
0.0,0.193,34.0
0.035,0.126,34.0
0.147,0.118,34.0
0.327,0.107,34.0
0.488,0.078,34.0
0.615,0.061,34.0
0.694,0.034,34.0
0.725,0.02,34.0
0.711,0.011,34.0
0.663,0.005,34.0
0.568,0.004,34.0
0.447,0.009,34.0
0.291,0.054,34.0
0.13,0.133,34.0
0.03,0.224,34.0
0.0,0.299,34.0
0.0,0.266,34.0
0.0,0.156,34.0
0.0,0.079,34.0
0.0,0.05,34.0
0.0,0.077,34.0
0.0,0.156,34.0
0.0,0.22,34.0
0.0,0.252,34.0
0.0,0.265,34.0
0.03,0.248,34.0
0.097,0.206,34.0
0.211,0.16,34.0
0.346,0.149,34.0
0.485,0.167,34.0
0.611,0.197,34.0
0.714,0.234,34.0
0.727,0.285,34.0
0.698,0.359,34.0
0.613,0.447,34.0
0.485,0.504,34.0
0.318,0.506,34.0
0.137,0.497,34.0
0.027,0.506,34.0
0.0,0.541,34.0
0.0,0.482,34.0
0.0,0.419,34.0
0.0,0.341,34.0
0.0,0.302,34.0
0.0,0.252,34.0
0.0,0.225,34.0
0.0,0.223,34.0
0.0,0.237,34.0
0.0,0.266,34.0
0.036,0.296,34.0
0.143,0.274,34.0
0.317,0.224,34.0
0.5,0.156,34.0
0.628,0.078,34.0
0.721,0.037,34.0
0.759,0.028,34.0
0.756,0.017,34.0
0.711,0.008,34.0
0.623,0.008,34.0
0.488,0.007,34.0
0.318,0.017,34.0
0.133,0.073,34.0
0.024,0.196,34.0
0.0,0.305,34.0
0.0,0.311,34.0
0.0,0.243,34.0
0.0,0.154,34.0
0.0,0.084,34.0
0.0,0.042,34.0
0.0,0.022,34.0
0.0,0.016,34.0
0.0,0.028,34.0
0.0,0.064,34.0
0.027,0.09,34.0
0.148,0.063,34.0
0.34,0.016,34.0
0.508,0.026,34.0
0.634,0.044,34.0
0.714,0.064,34.0
0.75,0.083,34.0
0.743,0.106,34.0
0.695,0.136,34.0
0.606,0.173,34.0
0.475,0.209,34.0
0.309,0.241,34.0
0.13,0.297,34.0
0.025,0.376,34.0
0.0,0.401,34.0
0.0,0.326,34.0
0.0,0.209,34.0
0.0,0.106,34.0
0.0,0.05,34.0
0.0,0.027,34.0
0.0,0.017,34.0
0.0,0.008,34.0
0.0,0.017,34.0
0.0,0.059,34.0
0.032,0.136,34.0
0.145,0.129,34.0
0.327,0.063,34.0
0.491,0.076,34.0
0.616,0.087,34.0
0.696,0.08,34.0
0.733,0.085,34.0
0.729,0.106,34.0
0.683,0.132,34.0
0.596,0.155,34.0
0.464,0.179,34.0
0.298,0.203,34.0
0.128,0.229,34.0
0.027,0.243,34.0
0.0,0.216,34.0
0.0,0.18,34.0
0.0,0.157,34.0
0.0,0.138,34.0
0.0,0.164,34.0
0.0,0.185,34.0
0.0,0.189,34.0
0.0,0.168,34.0
0.0,0.134,34.0
0.0,0.115,34.0
0.041,0.091,34.0
0.115,0.06,34.0
0.217,0.036,34.0
0.36,0.028,34.0
0.498,0.042,34.0
0.633,0.061,34.0
0.698,0.098,34.0
0.745,0.135,34.0
0.699,0.17,34.0
0.611,0.192,34.0
0.48,0.195,34.0
0.313,0.201,34.0
0.135,0.278,34.0
0.028,0.394,34.0
0.0,0.401,34.0
0.0,0.282,34.0
0.0,0.167,34.0
0.0,0.089,34.0
0.0,0.045,34.0
0.0,0.03,34.0
0.0,0.029,34.0
0.0,0.036,34.0
0.0,0.051,34.0
0.0,0.064,34.0
0.035,0.057,34.0
0.146,0.043,34.0
0.321,0.082,34.0
0.448,0.133,34.0
0.599,0.233,34.0
0.685,0.33,34.0
0.719,0.295,34.0
0.706,0.194,34.0
0.655,0.155,34.0
0.561,0.188,34.0
0.393,0.271,34.0
0.247,0.34,34.0
0.099,0.326,34.0
0.015,0.259,34.0
0.0,0.245,34.0
0.0,0.168,34.0
0.0,0.106,34.0
0.0,0.013,34.0
0.0,0.068,34.0
0.0,0.221,34.0
0.0,0.243,34.0
0.0,0.146,34.0
0.0,0.06,34.0
0.0,0.021,34.0
0.031,0.009,34.0
0.128,0.004,34.0
0.288,0.004,34.0
0.455,0.003,34.0
0.568,0.002,34.0
0.643,0.006,34.0
0.683,0.022,34.0
0.684,0.054,34.0
0.644,0.094,34.0
0.56,0.126,34.0
0.437,0.179,34.0
0.283,0.26,34.0
0.124,0.301,34.0
0.03,0.247,34.0
0.0,0.133,34.0
0.0,0.033,34.0
0.0,0.029,34.0
0.0,0.062,34.0
0.0,0.078,34.0
0.0,0.078,34.0
0.0,0.057,34.0
0.0,0.036,34.0
0.0,0.032,34.0
0.0,0.029,34.0
0.033,0.022,34.0
0.111,0.035,34.0
0.215,0.063,34.0
0.322,0.093,34.0
0.456,0.132,34.0
0.632,0.196,34.0
0.695,0.241,34.0
0.682,0.286,34.0
0.602,0.367,34.0
0.466,0.484,34.0
0.327,0.547,34.0
0.258,0.41,34.0
0.135,0.194,34.0
0.031,0.098,34.0
0.0,0.107,34.0
0.0,0.156,34.0
0.0,0.174,34.0
0.0,0.139,34.0
0.0,0.082,34.0
0.0,0.037,34.0
0.0,0.01,34.0
0.0,0.018,34.0
0.0,0.025,34.0
0.0,0.009,34.0
0.034,0.006,34.0
0.142,0.011,34.0
0.321,0.027,34.0
0.484,0.054,34.0
0.613,0.083,34.0
0.695,0.115,34.0
0.734,0.153,34.0
0.729,0.188,34.0
0.684,0.225,34.0
0.596,0.259,34.0
0.466,0.284,34.0
0.301,0.302,34.0
0.13,0.323,34.0
0.027,0.313,34.0
0.0,0.241,34.0
0.0,0.142,34.0
0.0,0.069,34.0
0.0,0.03,34.0
0.0,0.017,34.0
0.0,0.021,34.0
0.0,0.028,34.0
0.0,0.031,34.0
0.0,0.037,34.0
0.0,0.035,34.0
0.044,0.023,34.0
0.106,0.029,34.0
0.161,0.041,34.0
0.22,0.038,34.0
0.272,0.04,34.0
0.349,0.048,34.0
0.341,0.034,34.0
0.309,0.038,34.0
0.341,0.096,34.0
0.39,0.218,34.0
0.404,0.311,34.0
0.286,0.242,34.0
0.109,0.132,34.0
0.024,0.083,34.0
0.0,0.102,34.0
0.0,0.125,34.0
0.0,0.233,34.0
0.0,0.218,34.0
0.0,0.08,34.0
0.0,0.016,34.0
0.0,0.03,34.0
0.0,0.082,34.0
0.0,0.091,34.0
0.0,0.079,34.0
0.038,0.074,34.0
0.141,0.076,34.0
0.252,0.079,34.0
0.347,0.053,34.0
0.435,0.029,34.0
0.532,0.049,34.0
0.671,0.114,34.0
0.678,0.16,34.0
0.631,0.192,34.0
0.551,0.203,34.0
0.422,0.185,34.0
0.272,0.163,34.0
0.127,0.167,34.0
0.029,0.179,34.0
0.0,0.156,34.0
0.0,0.089,34.0
0.0,0.038,34.0
0.0,0.013,34.0
0.0,0.008,34.0
0.0,0.018,34.0
0.0,0.045,34.0
0.0,0.071,34.0
0.0,0.099,34.0
0.0,0.116,34.0
0.039,0.108,34.0
0.144,0.021,34.0
0.309,0.014,34.0
0.475,0.045,34.0
0.592,0.076,34.0
0.624,0.112,34.0
0.539,0.133,34.0
0.387,0.138,34.0
0.326,0.147,34.0
0.359,0.167,34.0
0.356,0.179,34.0
0.26,0.183,34.0
0.127,0.192,34.0
0.025,0.231,34.0
0.0,0.233,34.0
0.0,0.179,34.0
0.0,0.137,34.0
0.0,0.115,34.0
0.0,0.109,34.0
0.0,0.107,34.0
0.0,0.105,34.0
0.0,0.106,34.0
0.0,0.128,34.0
0.0,0.182,34.0
0.033,0.249,34.0
0.141,0.271,34.0
0.312,0.265,34.0
0.496,0.243,34.0
0.611,0.207,34.0
0.64,0.182,34.0
0.605,0.201,34.0
0.659,0.261,34.0
0.665,0.327,34.0
0.586,0.362,34.0
0.459,0.36,34.0
0.303,0.362,34.0
0.13,0.367,34.0
0.024,0.35,34.0
0.0,0.312,34.0
0.0,0.251,34.0
0.0,0.176,34.0
0.0,0.121,34.0
0.0,0.025,34.0
0.0,0.028,34.0
0.0,0.096,34.0
0.0,0.131,34.0
0.0,0.149,34.0
0.0,0.141,34.0
0.034,0.113,34.0
0.139,0.09,34.0
0.313,0.071,34.0
0.476,0.058,34.0
0.576,0.053,34.0
0.685,0.034,34.0
0.725,0.012,34.0
0.722,0.007,34.0
0.672,0.008,34.0
0.587,0.016,34.0
0.466,0.026,34.0
0.283,0.068,34.0
0.126,0.156,34.0
0.026,0.261,34.0
0.0,0.312,34.0
0.0,0.263,34.0
0.0,0.192,34.0
0.0,0.149,34.0
0.0,0.127,34.0
0.0,0.111,34.0
0.0,0.093,34.0
0.0,0.073,34.0
0.0,0.052,34.0
0.0,0.044,34.0
0.034,0.055,34.0
0.136,0.068,34.0
0.298,0.071,34.0
0.466,0.072,34.0
0.623,0.058,34.0
0.711,0.042,34.0
0.747,0.023,34.0
0.747,0.036,34.0
0.699,0.086,34.0
0.606,0.186,34.0
0.474,0.209,34.0
0.286,0.22,34.0
0.13,0.233,34.0
0.024,0.295,34.0
0.0,0.315,34.0
0.0,0.229,34.0
0.0,0.157,34.0
0.0,0.133,34.0
0.0,0.121,34.0
0.0,0.122,34.0
0.0,0.137,34.0
0.0,0.146,34.0
0.0,0.145,34.0
0.0,0.132,34.0
0.032,0.103,34.0
0.137,0.093,34.0
0.299,0.096,34.0
0.487,0.1,34.0
0.614,0.097,34.0
0.696,0.086,34.0
0.739,0.071,34.0
0.741,0.083,34.0
0.693,0.142,34.0
0.607,0.206,34.0
0.476,0.249,34.0
0.309,0.293,34.0
0.13,0.337,34.0
0.023,0.344,34.0
0.0,0.271,34.0
0.0,0.179,34.0
0.0,0.12,34.0
0.0,0.087,34.0
0.0,0.063,34.0
0.0,0.041,34.0
0.0,0.024,34.0
0.0,0.014,34.0
0.0,0.011,34.0
0.0,0.009,34.0
0.025,0.009,34.0
0.139,0.013,34.0
0.33,0.035,34.0
0.499,0.073,34.0
0.626,0.133,34.0
0.709,0.205,34.0
0.747,0.273,34.0
0.743,0.326,34.0
0.697,0.368,34.0
0.608,0.396,34.0
0.476,0.388,34.0
0.308,0.361,34.0
0.128,0.337,34.0
0.021,0.308,34.0
0.0,0.27,34.0
0.0,0.232,34.0
0.0,0.177,34.0
0.0,0.117,34.0
0.0,0.071,34.0
0.0,0.048,34.0
0.0,0.042,34.0
0.0,0.046,34.0
0.0,0.057,34.0
0.0,0.069,34.0
0.033,0.07,34.0
0.134,0.076,34.0
0.293,0.069,34.0
0.451,0.074,34.0
0.573,0.11,34.0
0.671,0.16,34.0
0.702,0.212,34.0
0.69,0.254,34.0
0.634,0.277,34.0
0.543,0.276,34.0
0.425,0.264,34.0
0.277,0.256,34.0
0.124,0.245,34.0
0.024,0.218,34.0
0.0,0.181,34.0
0.0,0.135,34.0
0.0,0.09,34.0
0.0,0.057,34.0
0.0,0.037,34.0
0.0,0.028,34.0
0.0,0.026,34.0
0.0,0.027,34.0
0.0,0.036,34.0
0.0,0.05,34.0
0.029,0.057,34.0
0.136,0.052,34.0
0.317,0.054,34.0
0.484,0.067,34.0
0.611,0.093,34.0
0.694,0.133,34.0
0.733,0.185,34.0
0.732,0.233,34.0
0.687,0.269,34.0
0.599,0.277,34.0
0.469,0.248,34.0
0.303,0.211,34.0
0.126,0.19,34.0
0.021,0.18,34.0
0.0,0.187,34.0
0.0,0.189,34.0
0.0,0.189,34.0
0.0,0.203,34.0
0.0,0.227,34.0
0.0,0.254,34.0
0.0,0.255,34.0
0.0,0.22,34.0
0.0,0.17,34.0
0.0,0.139,34.0
0.03,0.137,34.0
0.137,0.132,34.0
0.321,0.119,34.0
0.49,0.124,34.0
0.592,0.132,34.0
0.64,0.154,34.0
0.67,0.197,34.0
0.694,0.22,34.0
0.678,0.23,34.0
0.592,0.205,34.0
0.452,0.175,34.0
0.25,0.151,34.0
0.095,0.125,34.0
0.016,0.129,34.0
0.0,0.172,34.0
0.0,0.193,34.0
0.0,0.204,34.0
0.0,0.177,34.0
0.0,0.149,34.0
0.0,0.176,34.0
0.0,0.24,34.0
0.0,0.29,34.0
0.0,0.29,34.0
0.0,0.277,34.0
0.028,0.251,34.0
0.135,0.172,34.0
0.317,0.122,34.0
0.483,0.084,34.0
0.609,0.068,34.0
0.691,0.082,34.0
0.73,0.111,34.0
0.728,0.133,34.0
0.681,0.152,34.0
0.591,0.164,34.0
0.463,0.171,34.0
0.299,0.171,34.0
0.124,0.178,34.0
0.021,0.202,34.0
0.0,0.18,34.0
0.0,0.121,34.0
0.0,0.07,34.0
0.0,0.035,34.0
0.0,0.014,34.0
0.0,0.011,34.0
0.0,0.02,34.0
0.0,0.026,34.0
0.0,0.008,34.0
0.0,0.019,34.0
0.021,0.067,34.0
0.087,0.118,34.0
0.18,0.101,34.0
0.304,0.049,34.0
0.486,0.007,34.0
0.664,0.012,34.0
0.728,0.087,34.0
0.727,0.177,34.0
0.668,0.251,34.0
0.581,0.31,34.0
0.455,0.347,34.0
0.297,0.368,34.0
0.126,0.379,34.0
0.022,0.388,34.0
0.0,0.352,34.0
0.0,0.248,34.0
0.0,0.161,34.0
0.0,0.118,34.0
0.0,0.093,34.0
0.0,0.068,34.0
0.0,0.042,34.0
0.0,0.021,34.0
0.0,0.02,34.0
0.0,0.046,34.0
0.027,0.064,34.0
0.135,0.065,34.0
0.319,0.042,34.0
0.486,0.035,34.0
0.614,0.042,34.0
0.697,0.064,34.0
0.737,0.099,34.0
0.729,0.144,34.0
0.683,0.194,34.0
0.592,0.245,34.0
0.461,0.277,34.0
0.296,0.284,34.0
0.122,0.301,34.0
0.02,0.314,34.0
0.0,0.286,34.0
0.0,0.237,34.0
0.0,0.179,34.0
0.0,0.108,34.0
0.0,0.053,34.0
0.0,0.034,34.0
0.0,0.036,34.0
0.0,0.038,34.0
0.0,0.034,34.0
0.0,0.021,34.0
0.026,0.008,34.0
0.133,0.005,34.0
0.315,0.004,34.0
0.483,0.003,34.0
0.611,0.007,34.0
0.692,0.032,34.0
0.73,0.07,34.0
0.728,0.131,34.0
0.681,0.188,34.0
0.591,0.221,34.0
0.459,0.252,34.0
0.294,0.286,34.0
0.122,0.314,34.0
0.019,0.305,34.0
0.0,0.228,34.0
0.0,0.142,34.0
0.0,0.089,34.0
0.0,0.079,34.0
0.0,0.099,34.0
0.0,0.123,34.0
0.0,0.144,34.0
0.0,0.155,34.0
0.0,0.13,34.0
0.0,0.085,34.0
0.025,0.051,34.0
0.133,0.035,34.0
0.319,0.04,34.0
0.486,0.053,34.0
0.613,0.074,34.0
0.694,0.104,34.0
0.731,0.144,34.0
0.725,0.193,34.0
0.677,0.252,34.0
0.586,0.311,34.0
0.456,0.343,34.0
0.292,0.358,34.0
0.12,0.35,34.0
0.018,0.289,34.0
0.0,0.199,34.0
0.0,0.142,34.0
0.0,0.128,34.0
0.0,0.139,34.0
0.0,0.148,34.0
0.0,0.119,34.0
0.0,0.101,34.0
0.0,0.117,34.0
0.0,0.158,34.0
0.0,0.166,34.0
0.026,0.158,34.0
0.122,0.133,34.0
0.291,0.114,34.0
0.473,0.12,34.0
0.605,0.133,34.0
0.685,0.148,34.0
0.726,0.164,34.0
0.727,0.192,34.0
0.681,0.223,34.0
0.592,0.238,34.0
0.46,0.241,34.0
0.294,0.23,34.0
0.12,0.224,34.0
0.017,0.232,34.0
0.0,0.264,34.0
0.0,0.3,34.0
0.0,0.321,34.0
0.0,0.348,34.0
0.0,0.38,34.0
0.0,0.417,34.0
0.0,0.461,34.0
0.0,0.515,34.0
0.0,0.466,34.0
0.0,0.364,34.0
0.025,0.264,34.0
0.13,0.252,34.0
0.305,0.251,34.0
0.469,0.211,34.0
0.598,0.185,34.0
0.684,0.182,34.0
0.724,0.201,34.0
0.724,0.225,34.0
0.677,0.241,34.0
0.587,0.235,34.0
0.453,0.21,34.0
0.287,0.179,34.0
0.118,0.157,34.0
0.017,0.145,34.0
0.0,0.134,34.0
0.0,0.107,34.0
0.0,0.083,34.0
0.0,0.08,34.0
0.0,0.084,34.0
0.0,0.087,34.0
0.0,0.094,34.0
0.0,0.104,34.0
0.0,0.119,34.0
0.0,0.138,34.0
0.024,0.152,34.0
0.123,0.133,34.0
0.288,0.11,34.0
0.455,0.11,34.0
0.602,0.145,34.0
0.689,0.201,34.0
0.728,0.26,34.0
0.727,0.305,34.0
0.68,0.328,34.0
0.589,0.338,34.0
0.456,0.328,34.0
0.289,0.312,34.0
0.117,0.3,34.0
0.016,0.283,34.0
0.0,0.27,34.0
0.0,0.156,34.0
0.0,0.045,34.0
0.0,0.092,34.0
0.0,0.332,34.0
0.0,0.523,34.0
0.0,0.476,34.0
0.0,0.365,34.0
0.0,0.285,34.0
0.0,0.237,34.0
0.024,0.192,34.0
0.126,0.13,34.0
0.294,0.082,34.0
0.45,0.058,34.0
0.579,0.063,34.0
0.665,0.087,34.0
0.708,0.126,34.0
0.714,0.165,34.0
0.672,0.182,34.0
0.587,0.168,34.0
0.458,0.146,34.0
0.291,0.132,34.0
0.117,0.128,34.0
0.015,0.138,34.0
0.0,0.12,34.0
0.0,0.07,34.0
0.0,0.031,34.0
0.0,0.012,34.0
0.0,0.005,34.0
0.0,0.008,34.0
0.0,0.017,34.0
0.0,0.027,34.0
0.0,0.033,34.0
0.0,0.038,34.0
0.022,0.045,34.0
0.129,0.035,34.0
0.308,0.031,34.0
0.472,0.035,34.0
0.597,0.049,34.0
0.679,0.067,34.0
0.718,0.058,34.0
0.715,0.034,34.0
0.667,0.021,34.0
0.577,0.016,34.0
0.442,0.02,34.0
0.277,0.046,34.0
0.112,0.1,34.0
0.014,0.139,34.0
0.0,0.194,34.0
0.0,0.259,34.0
0.0,0.33,34.0
0.0,0.387,34.0
0.0,0.392,34.0
0.0,0.331,34.0
0.0,0.255,34.0
0.0,0.168,34.0
0.0,0.097,34.0
0.0,0.044,34.0
0.022,0.045,34.0
0.129,0.061,34.0
0.313,0.096,34.0
0.483,0.105,34.0
0.606,0.101,34.0
0.691,0.103,34.0
0.732,0.149,34.0
0.733,0.233,34.0
0.686,0.323,34.0
0.599,0.4,34.0
0.463,0.442,34.0
0.296,0.459,34.0
0.117,0.447,34.0
0.013,0.436,34.0
0.0,0.433,34.0
0.0,0.481,34.0
0.0,0.515,34.0
0.0,0.525,34.0
0.0,0.539,34.0
0.0,0.544,34.0
0.0,0.593,34.0
0.0,0.606,34.0
0.0,0.525,34.0
0.0,0.374,34.0
0.008,0.255,34.0
0.106,0.231,34.0
0.3,0.2,34.0
0.496,0.14,34.0
0.629,0.104,34.0
0.716,0.095,34.0
0.757,0.107,34.0
0.752,0.114,34.0
0.706,0.148,34.0
0.616,0.2,34.0
0.478,0.238,34.0
0.304,0.257,34.0
0.119,0.275,34.0
0.013,0.315,34.0
0.0,0.277,34.0
0.0,0.196,34.0
0.0,0.053,34.0
0.0,0.025,34.0
0.0,0.074,34.0
0.0,0.126,34.0
0.0,0.154,34.0
0.0,0.133,34.0
0.0,0.094,34.0
0.0,0.099,34.0
0.02,0.138,34.0
0.125,0.175,34.0
0.297,0.183,34.0
0.492,0.139,34.0
0.598,0.087,34.0
0.674,0.048,34.0
0.755,0.02,34.0
0.75,0.005,34.0
0.703,0.006,34.0
0.613,0.007,34.0
0.478,0.022,34.0
0.303,0.08,34.0
0.118,0.184,34.0
0.012,0.29,34.0
0.0,0.347,34.0
0.0,0.301,34.0
0.0,0.223,34.0
0.0,0.164,34.0
0.0,0.133,34.0
0.0,0.115,34.0
0.0,0.097,34.0
0.0,0.076,34.0
0.0,0.055,34.0
0.0,0.039,34.0
0.02,0.028,34.0
0.123,0.03,34.0
0.31,0.045,34.0
0.492,0.063,34.0
0.627,0.084,34.0
0.712,0.099,34.0
0.752,0.108,34.0
0.749,0.121,34.0
0.702,0.159,34.0
0.61,0.199,34.0
0.47,0.245,34.0
0.285,0.316,34.0
0.107,0.407,34.0
0.011,0.441,34.0
0.0,0.376,34.0
0.0,0.285,34.0
0.0,0.221,34.0
0.0,0.165,34.0
0.0,0.109,34.0
0.0,0.065,34.0
0.0,0.031,34.0
0.0,0.013,34.0
0.0,0.007,34.0
0.0,0.004,34.0
0.017,0.003,34.0
0.128,0.007,34.0
0.32,0.023,34.0
0.491,0.042,34.0
0.621,0.072,34.0
0.706,0.113,34.0
0.746,0.159,34.0
0.742,0.2,34.0
0.697,0.227,34.0
0.607,0.243,34.0
0.472,0.261,34.0
0.3,0.28,34.0
0.115,0.312,34.0
0.01,0.338,34.0
0.0,0.328,34.0
0.0,0.273,34.0
0.0,0.18,34.0
0.0,0.09,34.0
0.0,0.042,34.0
0.0,0.024,34.0
0.0,0.017,34.0
0.0,0.014,34.0
0.0,0.018,34.0
0.0,0.034,34.0
0.016,0.049,34.0
0.127,0.073,34.0
0.321,0.096,34.0
0.493,0.102,34.0
0.621,0.122,34.0
0.703,0.15,34.0
0.74,0.195,34.0
0.735,0.254,34.0
0.687,0.306,34.0
0.595,0.332,34.0
0.458,0.332,34.0
0.287,0.333,34.0
0.109,0.352,34.0
0.007,0.344,34.0
0.0,0.296,34.0
0.0,0.215,34.0
0.0,0.152,34.0
0.0,0.121,34.0
0.0,0.115,34.0
0.0,0.093,34.0
0.0,0.064,34.0
0.0,0.057,34.0
0.0,0.062,34.0
0.0,0.06,34.0
0.016,0.041,34.0
0.123,0.032,34.0
0.299,0.025,34.0
0.458,0.022,34.0
0.598,0.03,34.0
0.693,0.04,34.0
0.732,0.038,34.0
0.721,0.048,34.0
0.675,0.074,34.0
0.584,0.102,34.0
0.45,0.136,34.0
0.281,0.162,34.0
0.107,0.181,34.0
0.007,0.211,34.0
0.0,0.187,34.0
0.0,0.112,34.0
0.0,0.05,34.0
0.0,0.05,34.0
0.0,0.091,34.0
0.0,0.101,34.0
0.0,0.065,34.0
0.0,0.028,34.0
0.0,0.004,34.0
0.0,0.008,34.0
0.015,0.01,34.0
0.121,0.007,34.0
0.304,0.029,34.0
0.475,0.094,34.0
0.602,0.154,34.0
0.686,0.179,34.0
0.721,0.193,34.0
0.722,0.21,34.0
0.669,0.229,34.0
0.57,0.245,34.0
0.453,0.247,34.0
0.286,0.246,34.0
0.108,0.234,34.0
0.006,0.209,34.0
0.0,0.18,34.0
0.0,0.131,34.0
0.0,0.101,34.0
0.0,0.101,34.0
0.0,0.114,34.0
0.0,0.125,34.0
0.0,0.13,34.0
0.0,0.134,34.0
0.0,0.126,34.0
0.0,0.1,34.0
0.013,0.077,34.0
0.113,0.068,34.0
0.277,0.082,34.0
0.447,0.125,34.0
0.597,0.19,34.0
0.686,0.259,34.0
0.726,0.31,34.0
0.727,0.326,34.0
0.681,0.302,34.0
0.587,0.254,34.0
0.441,0.186,34.0
0.269,0.136,34.0
0.099,0.12,34.0
0.005,0.112,34.0
0.0,0.073,34.0
0.0,0.034,34.0
0.0,0.028,34.0
0.0,0.034,34.0
0.0,0.03,34.0
0.0,0.021,34.0
0.0,0.017,34.0
0.0,0.02,34.0
0.0,0.041,34.0
0.0,0.067,34.0
0.013,0.089,34.0
0.117,0.074,34.0
0.262,0.043,34.0
0.347,0.05,34.0
0.345,0.085,34.0
0.345,0.133,34.0
0.383,0.191,34.0
0.523,0.274,34.0
0.58,0.315,34.0
0.462,0.302,34.0
0.358,0.344,34.0
0.187,0.413,34.0
0.068,0.378,34.0
0.004,0.259,34.0
0.0,0.121,34.0
0.0,0.062,34.0
0.0,0.12,34.0
0.0,0.334,34.0
0.0,0.491,34.0
0.0,0.51,34.0
0.0,0.495,34.0
0.0,0.508,34.0
0.0,0.548,34.0
0.0,0.535,34.0
0.005,0.41,34.0
0.07,0.308,34.0
0.257,0.203,34.0
0.454,0.08,34.0
0.593,0.081,34.0
0.684,0.149,34.0
0.732,0.237,34.0
0.719,0.289,34.0
0.66,0.297,34.0
0.584,0.274,34.0
0.443,0.231,34.0
0.247,0.2,34.0
0.075,0.186,34.0
0.002,0.205,34.0
0.0,0.231,34.0
0.0,0.245,34.0
0.0,0.272,34.0
0.0,0.27,34.0
0.0,0.213,34.0
0.0,0.127,34.0
0.0,0.072,34.0
0.0,0.049,34.0
0.0,0.037,34.0
0.0,0.032,34.0
0.009,0.049,34.0
0.108,0.075,34.0
0.275,0.104,34.0
0.436,0.084,34.0
0.588,0.051,34.0
0.678,0.049,34.0
0.735,0.069,34.0
0.733,0.09,34.0
0.687,0.106,34.0
0.595,0.12,34.0
0.457,0.124,34.0
0.28,0.118,34.0
0.099,0.116,34.0
0.003,0.134,34.0
0.0,0.123,34.0
0.0,0.074,34.0
0.0,0.035,34.0
0.0,0.025,34.0
0.0,0.054,34.0
0.0,0.118,34.0
0.0,0.187,34.0
0.0,0.229,34.0
0.0,0.238,34.0
0.0,0.223,34.0
0.009,0.191,34.0
0.11,0.155,34.0
0.293,0.133,34.0
0.466,0.125,34.0
0.587,0.133,34.0
0.665,0.155,34.0
0.701,0.192,34.0
0.697,0.238,34.0
0.654,0.278,34.0
0.562,0.285,34.0
0.424,0.274,34.0
0.261,0.249,34.0
0.097,0.211,34.0
0.003,0.183,34.0
0.0,0.161,34.0
0.0,0.132,34.0
0.0,0.107,34.0
0.0,0.097,34.0
0.0,0.101,34.0
0.0,0.109,34.0
0.0,0.119,34.0
0.0,0.125,34.0
0.0,0.112,34.0
0.0,0.087,34.0
0.008,0.069,34.0
0.095,0.053,34.0
0.278,0.043,34.0
0.459,0.056,34.0
0.584,0.125,34.0
0.665,0.232,34.0
0.703,0.325,34.0
0.711,0.364,34.0
0.672,0.35,34.0
0.588,0.305,34.0
0.45,0.255,34.0
0.278,0.214,34.0
0.1,0.185,34.0
0.002,0.18,34.0
0.0,0.187,34.0
0.0,0.174,34.0
0.0,0.147,34.0
0.0,0.127,34.0
0.0,0.119,34.0
0.0,0.111,34.0
0.0,0.113,34.0
0.0,0.163,34.0
0.0,0.228,34.0
0.0,0.311,34.0
0.007,0.395,34.0
0.117,0.43,34.0
0.303,0.37,34.0
0.484,0.29,34.0
0.615,0.217,34.0
0.706,0.152,34.0
0.748,0.105,34.0
0.747,0.079,34.0
0.699,0.059,34.0
0.597,0.04,34.0
0.47,0.011,34.0
0.29,0.026,34.0
0.101,0.072,34.0
0.001,0.112,34.0
0.0,0.109,34.0
0.0,0.096,34.0
0.0,0.082,34.0
0.0,0.062,34.0
0.0,0.041,34.0
0.0,0.022,34.0
0.0,0.007,34.0
0.0,0.003,34.0
0.0,0.016,34.0
0.0,0.031,34.0
0.007,0.036,34.0
0.12,0.017,34.0
0.313,0.01,34.0
0.479,0.005,34.0
0.574,0.004,34.0
0.653,0.004,34.0
0.739,0.007,34.0
0.734,0.018,34.0
0.659,0.041,34.0
0.448,0.093,34.0
0.391,0.102,34.0
0.281,0.117,34.0
0.092,0.145,34.0
0.0,0.156,34.0
0.0,0.126,34.0
0.0,0.079,34.0
0.0,0.044,34.0
0.0,0.041,34.0
0.0,0.065,34.0
0.0,0.082,34.0
0.0,0.07,34.0
0.0,0.05,34.0
0.0,0.045,34.0
0.0,0.05,34.0
0.002,0.049,34.0
0.104,0.031,34.0
0.252,0.016,34.0
0.401,0.006,34.0
0.473,0.005,34.0
0.454,0.012,34.0
0.464,0.008,34.0
0.438,0.008,34.0
0.634,0.009,34.0
0.562,0.011,34.0
0.336,0.01,34.0
0.111,0.01,34.0
0.027,0.036,34.0
0.0,0.086,34.0
0.0,0.115,34.0
0.0,0.138,34.0
0.0,0.13,34.0
0.0,0.108,34.0
0.0,0.086,34.0
0.0,0.079,34.0
0.0,0.069,34.0
0.0,0.053,34.0
0.0,0.035,34.0
0.0,0.026,34.0
0.005,0.027,34.0
0.115,0.035,34.0
0.304,0.076,34.0
0.474,0.127,34.0
0.608,0.202,34.0
0.693,0.285,34.0
0.742,0.352,34.0
0.744,0.392,34.0
0.695,0.419,34.0
0.601,0.444,34.0
0.461,0.457,34.0
0.282,0.457,34.0
0.095,0.449,34.0
0.0,0.41,34.0
0.0,0.348,34.0
0.0,0.305,34.0
0.0,0.268,34.0
0.0,0.236,34.0
0.0,0.218,34.0
0.0,0.216,34.0
0.0,0.221,34.0
0.0,0.234,34.0
0.0,0.238,34.0
0.0,0.209,34.0
0.004,0.167,34.0
0.111,0.118,34.0
0.307,0.105,34.0
0.489,0.115,34.0
0.622,0.163,34.0
0.707,0.253,34.0
0.747,0.367,34.0
0.745,0.462,34.0
0.698,0.501,34.0
0.605,0.494,34.0
0.465,0.477,34.0
0.284,0.442,34.0
0.094,0.363,34.0
0.0,0.279,34.0
0.0,0.246,34.0
0.0,0.22,34.0
0.0,0.178,34.0
0.0,0.144,34.0
0.0,0.142,34.0
0.0,0.171,34.0
0.0,0.219,34.0
0.0,0.27,34.0
0.0,0.296,34.0
0.0,0.285,34.0
0.003,0.241,34.0
0.108,0.169,34.0
0.304,0.107,34.0
0.482,0.075,34.0
0.614,0.07,34.0
0.699,0.061,34.0
0.738,0.064,34.0
0.735,0.069,34.0
0.687,0.079,34.0
0.593,0.111,34.0
0.453,0.141,34.0
0.269,0.155,34.0
0.084,0.179,34.0
0.0,0.209,34.0
0.0,0.194,34.0
0.0,0.146,34.0
0.0,0.104,34.0
0.0,0.079,34.0
0.0,0.064,34.0
0.0,0.05,34.0
0.0,0.036,34.0
0.0,0.022,34.0
0.0,0.009,34.0
0.0,0.013,34.0
0.003,0.035,34.0
0.103,0.051,34.0
0.28,0.049,34.0
0.463,0.032,34.0
0.57,0.004,34.0
0.586,0.006,34.0
0.659,0.007,34.0
0.682,0.026,34.0
0.641,0.057,34.0
0.58,0.076,34.0
0.445,0.077,34.0
0.272,0.094,34.0
0.089,0.148,34.0
0.0,0.177,34.0
0.0,0.167,34.0
0.0,0.118,34.0
0.0,0.084,34.0
0.0,0.059,34.0
0.0,0.038,34.0
0.0,0.02,34.0
0.0,0.011,34.0
0.0,0.017,34.0
0.0,0.034,34.0
0.0,0.058,34.0
0.002,0.086,34.0
0.111,0.101,34.0
0.306,0.124,34.0
0.486,0.159,34.0
0.614,0.197,34.0
0.702,0.223,34.0
0.744,0.252,34.0
0.745,0.291,34.0
0.697,0.324,34.0
0.603,0.348,34.0
0.463,0.344,34.0
0.282,0.334,34.0
0.091,0.344,34.0
0.0,0.398,34.0
0.0,0.406,34.0
0.0,0.337,34.0
0.0,0.253,34.0
0.0,0.195,34.0
0.0,0.154,34.0
0.0,0.117,34.0
0.0,0.089,34.0
0.0,0.074,34.0
0.0,0.071,34.0
0.0,0.051,34.0
0.001,0.035,34.0
0.114,0.062,34.0
0.309,0.076,34.0
0.489,0.089,34.0
0.633,0.095,34.0
0.719,0.107,34.0
0.757,0.103,34.0
0.721,0.101,34.0
0.657,0.137,34.0
0.606,0.158,34.0
0.435,0.184,34.0
0.241,0.191,34.0
0.089,0.211,34.0
0.0,0.308,34.0
0.0,0.345,34.0
0.0,0.305,34.0
0.0,0.264,34.0
0.0,0.233,34.0
0.0,0.204,34.0
0.0,0.161,34.0
0.0,0.133,34.0
0.0,0.116,34.0
0.0,0.11,34.0
0.0,0.107,34.0
0.001,0.104,34.0
0.097,0.119,34.0
0.279,0.157,34.0
0.455,0.179,34.0
0.6,0.2,34.0
0.69,0.213,34.0
0.731,0.233,34.0
0.73,0.264,34.0
0.682,0.292,34.0
0.59,0.305,34.0
0.451,0.305,34.0
0.271,0.31,34.0
0.085,0.337,34.0
0.0,0.35,34.0
0.0,0.305,34.0
0.0,0.241,34.0
0.0,0.168,34.0
0.0,0.105,34.0
0.0,0.066,34.0
0.0,0.054,34.0
0.0,0.061,34.0
0.0,0.068,34.0
0.0,0.069,34.0
0.0,0.068,34.0
0.0,0.067,34.0
0.106,0.063,34.0
0.299,0.073,34.0
0.477,0.101,34.0
0.612,0.14,34.0
0.699,0.174,34.0
0.739,0.194,34.0
0.734,0.207,34.0
0.683,0.221,34.0
0.584,0.235,34.0
0.441,0.255,34.0
0.261,0.278,34.0
0.08,0.318,34.0
0.0,0.332,34.0
0.0,0.277,34.0
0.0,0.211,34.0
0.0,0.14,34.0
0.0,0.074,34.0
0.0,0.041,34.0
0.0,0.037,34.0
0.0,0.054,34.0
0.0,0.072,34.0
0.0,0.071,34.0
0.0,0.056,34.0
0.0,0.038,34.0
0.098,0.024,34.0
0.292,0.02,34.0
0.468,0.018,34.0
0.606,0.026,34.0
0.691,0.046,34.0
0.726,0.073,34.0
0.717,0.111,34.0
0.665,0.156,34.0
0.567,0.195,34.0
0.425,0.213,34.0
0.251,0.231,34.0
0.077,0.261,34.0
0.0,0.275,34.0
0.0,0.218,34.0
0.0,0.161,34.0
0.0,0.108,34.0
0.0,0.064,34.0
0.0,0.059,34.0
0.0,0.088,34.0
0.0,0.119,34.0
0.0,0.135,34.0
0.0,0.133,34.0
0.0,0.117,34.0
0.0,0.094,34.0
0.093,0.064,34.0
0.276,0.054,34.0
0.439,0.057,34.0
0.547,0.068,34.0
0.591,0.089,34.0
0.637,0.133,34.0
0.657,0.188,34.0
0.625,0.229,34.0
0.532,0.241,34.0
0.38,0.234,34.0
0.213,0.221,34.0
0.065,0.185,34.0
0.0,0.128,34.0
0.0,0.074,34.0
0.0,0.04,34.0
0.0,0.108,34.0
0.0,0.184,34.0
0.0,0.153,34.0
0.0,0.104,34.0
0.0,0.202,34.0
0.0,0.334,34.0
0.0,0.317,34.0
0.0,0.234,34.0
0.0,0.194,34.0
0.015,0.187,34.0
0.088,0.174,34.0
0.148,0.138,34.0
0.277,0.104,34.0
0.426,0.051,34.0
0.496,0.011,34.0
0.516,0.005,34.0
0.428,0.007,34.0
0.413,0.009,34.0
0.387,0.011,34.0
0.219,0.018,34.0
0.063,0.176,34.0
0.0,0.223,34.0
0.0,0.346,34.0
0.0,0.558,34.0
0.0,0.661,34.0
0.0,0.724,34.0
0.0,0.784,34.0
0.0,0.788,34.0
0.0,0.768,34.0
0.0,0.729,34.0
0.0,0.69,34.0
0.0,0.674,34.0
0.0,0.668,34.0
0.115,0.625,34.0
0.328,0.534,34.0
0.518,0.386,34.0
0.656,0.265,34.0
0.746,0.159,34.0
0.788,0.084,34.0
0.783,0.045,34.0
0.732,0.033,34.0
0.632,0.037,34.0
0.482,0.036,34.0
0.283,0.03,34.0
0.082,0.027,34.0
0.0,0.034,34.0
0.0,0.051,34.0
0.0,0.067,34.0
0.0,0.072,34.0
0.0,0.063,34.0
0.0,0.029,34.0
0.0,0.01,34.0
0.0,0.011,34.0
0.0,0.011,34.0
0.0,0.01,34.0
0.0,0.014,34.0
0.0,0.065,34.0
0.109,0.146,34.0
0.318,0.2,34.0
0.511,0.252,34.0
0.654,0.283,34.0
0.745,0.249,34.0
0.788,0.174,34.0
0.783,0.11,34.0
0.731,0.084,34.0
0.632,0.09,34.0
0.481,0.099,34.0
0.286,0.106,34.0
0.08,0.137,34.0
0.0,0.2,34.0
0.0,0.244,34.0
0.0,0.253,34.0
0.0,0.215,34.0
0.0,0.149,34.0
0.0,0.089,34.0
0.0,0.043,34.0
0.0,0.021,34.0
0.0,0.017,34.0
0.0,0.021,34.0
0.0,0.026,34.0
0.0,0.025,34.0
0.068,0.018,34.0
0.124,0.011,34.0
0.161,0.018,34.0
0.195,0.029,34.0
0.222,0.061,34.0
0.28,0.113,34.0
0.352,0.124,34.0
0.283,0.084,34.0
0.196,0.053,34.0
0.182,0.039,34.0
0.138,0.027,34.0
0.036,0.026,34.0
0.0,0.055,34.0
0.0,0.094,34.0
0.0,0.106,34.0
0.0,0.086,34.0
0.0,0.061,34.0
0.0,0.041,34.0
0.0,0.041,34.0
0.0,0.103,34.0
0.0,0.194,34.0
0.0,0.27,34.0
0.0,0.278,34.0
0.0,0.253,34.0
0.078,0.191,34.0
0.249,0.122,34.0
0.435,0.073,34.0
0.582,0.054,34.0
0.659,0.054,34.0
0.672,0.059,34.0
0.663,0.068,34.0
0.614,0.076,34.0
0.559,0.09,34.0
0.43,0.125,34.0
0.255,0.17,34.0
0.072,0.243,34.0
0.0,0.327,34.0
0.0,0.323,34.0
0.0,0.268,34.0
0.0,0.213,34.0
0.0,0.177,34.0
0.0,0.148,34.0
0.0,0.124,34.0
0.0,0.101,34.0
0.0,0.076,34.0
0.0,0.052,34.0
0.0,0.041,34.0
0.0,0.052,34.0
0.098,0.076,34.0
0.305,0.048,34.0
0.496,0.031,34.0
0.637,0.018,34.0
0.727,0.03,34.0
0.769,0.034,34.0
0.764,0.03,34.0
0.712,0.039,34.0
0.612,0.079,34.0
0.462,0.139,34.0
0.269,0.171,34.0
0.072,0.238,34.0
0.0,0.294,34.0
0.0,0.268,34.0
0.0,0.2,34.0
0.0,0.133,34.0
0.0,0.083,34.0
0.0,0.049,34.0
0.0,0.028,34.0
0.0,0.015,34.0
0.0,0.01,34.0
0.0,0.008,34.0
0.0,0.006,34.0
0.0,0.005,34.0
0.101,0.007,34.0
0.304,0.013,34.0
0.489,0.032,34.0
0.629,0.057,34.0
0.718,0.086,34.0
0.759,0.115,34.0
0.754,0.137,34.0
0.703,0.148,34.0
0.604,0.15,34.0
0.456,0.151,34.0
0.266,0.158,34.0
0.069,0.188,34.0
0.0,0.239,34.0
0.0,0.237,34.0
0.0,0.194,34.0
0.0,0.142,34.0
0.0,0.098,34.0
0.0,0.066,34.0
0.0,0.046,34.0
0.0,0.035,34.0
0.0,0.029,34.0
0.0,0.028,34.0
0.0,0.031,34.0
0.0,0.029,34.0
0.095,0.023,34.0
0.296,0.019,34.0
0.481,0.003,34.0
0.62,0.001,34.0
0.71,0.001,34.0
0.751,0.0,34.0
0.746,0.001,34.0
0.695,0.014,34.0
0.596,0.041,34.0
0.447,0.107,34.0
0.257,0.181,34.0
0.065,0.252,34.0
0.0,0.261,34.0
0.0,0.182,34.0
0.0,0.101,34.0
0.0,0.058,34.0
0.0,0.058,34.0
0.0,0.07,34.0
0.0,0.092,34.0
0.0,0.135,34.0
0.0,0.221,34.0
0.0,0.326,34.0
0.0,0.422,34.0
0.0,0.464,34.0
0.093,0.481,34.0
0.291,0.442,34.0
0.475,0.374,34.0
0.61,0.325,34.0
0.692,0.319,34.0
0.714,0.308,34.0
0.709,0.283,34.0
0.662,0.277,34.0
0.528,0.283,34.0
0.356,0.337,34.0
0.237,0.431,34.0
0.061,0.516,34.0
0.0,0.576,34.0
0.0,0.528,34.0
0.0,0.488,34.0
0.0,0.479,34.0
0.0,0.479,34.0
0.0,0.416,34.0
0.0,0.436,34.0
0.0,0.361,34.0
0.0,0.267,34.0
0.0,0.22,34.0
0.0,0.153,34.0
0.0,0.093,34.0
0.069,0.097,34.0
0.216,0.124,34.0
0.331,0.127,34.0
0.377,0.119,34.0
0.383,0.122,34.0
0.404,0.137,34.0
0.472,0.111,34.0
0.438,0.097,34.0
0.405,0.082,34.0
0.391,0.093,34.0
0.239,0.136,34.0
0.062,0.167,34.0
0.0,0.182,34.0
0.0,0.136,34.0
0.0,0.061,34.0
0.0,0.007,34.0
0.0,0.019,34.0
0.0,0.073,34.0
0.0,0.136,34.0
0.0,0.183,34.0
0.0,0.213,34.0
0.0,0.243,34.0
0.0,0.292,34.0
0.0,0.345,34.0
0.086,0.349,34.0
0.292,0.268,34.0
0.49,0.191,34.0
0.628,0.16,34.0
0.713,0.184,34.0
0.738,0.297,34.0
0.726,0.466,34.0
0.616,0.599,34.0
0.47,0.648,34.0
0.309,0.62,34.0
0.178,0.541,34.0
0.047,0.449,34.0
0.0,0.417,34.0
0.0,0.401,34.0
0.0,0.369,34.0
0.0,0.344,34.0
0.0,0.343,34.0
0.0,0.358,34.0
0.0,0.348,34.0
0.0,0.311,34.0
0.0,0.246,34.0
0.0,0.227,34.0
0.0,0.235,34.0
0.0,0.22,34.0
0.01,0.201,34.0
0.061,0.178,34.0
0.173,0.153,34.0
0.385,0.113,34.0
0.488,0.081,34.0
0.507,0.062,34.0
0.414,0.061,34.0
0.407,0.072,34.0
0.319,0.085,34.0
0.248,0.088,34.0
0.129,0.078,34.0
0.031,0.068,34.0
0.0,0.064,34.0
0.0,0.06,34.0
0.0,0.061,34.0
0.0,0.076,34.0
0.0,0.1,34.0
0.0,0.115,34.0
0.0,0.112,34.0
0.0,0.094,34.0
0.0,0.089,34.0
0.0,0.104,34.0
0.0,0.132,34.0
0.0,0.156,34.0
0.087,0.165,34.0
0.295,0.141,34.0
0.487,0.12,34.0
0.632,0.086,34.0
0.723,0.047,34.0
0.764,0.022,34.0
0.756,0.008,34.0
0.695,0.001,34.0
0.569,0.002,34.0
0.42,0.002,34.0
0.228,0.018,34.0
0.049,0.083,34.0
0.0,0.153,34.0
0.0,0.163,34.0
0.0,0.131,34.0
0.0,0.091,34.0
0.0,0.068,34.0
0.0,0.059,34.0
0.0,0.068,34.0
0.0,0.096,34.0
0.0,0.129,34.0
0.0,0.153,34.0
0.0,0.191,34.0
0.0,0.274,34.0
0.084,0.343,34.0
0.288,0.3,34.0
0.477,0.241,34.0
0.616,0.159,34.0
0.706,0.095,34.0
0.749,0.064,34.0
0.744,0.045,34.0
0.69,0.039,34.0
0.589,0.057,34.0
0.435,0.083,34.0
0.239,0.117,34.0
0.05,0.201,34.0
0.0,0.283,34.0
0.0,0.248,34.0
0.0,0.156,34.0
0.0,0.082,34.0
0.0,0.036,34.0
0.0,0.011,34.0
0.0,0.002,34.0
0.0,0.006,34.0
0.0,0.018,34.0
0.0,0.03,34.0
0.0,0.048,34.0
0.0,0.079,34.0
0.079,0.12,34.0
0.279,0.122,34.0
0.467,0.082,34.0
0.609,0.043,34.0
0.701,0.019,34.0
0.743,0.007,34.0
0.737,0.005,34.0
0.685,0.013,34.0
0.584,0.022,34.0
0.433,0.057,34.0
0.241,0.089,34.0
0.05,0.162,34.0
0.0,0.222,34.0
0.0,0.199,34.0
0.0,0.148,34.0
0.0,0.084,34.0
0.0,0.033,34.0
0.0,0.018,34.0
0.0,0.023,34.0
0.0,0.039,34.0
0.0,0.059,34.0
0.0,0.072,34.0
0.0,0.084,34.0
0.0,0.101,34.0
0.077,0.123,34.0
0.271,0.098,34.0
0.456,0.018,34.0
0.602,0.019,34.0
0.694,0.03,34.0
0.737,0.057,34.0
0.733,0.089,34.0
0.681,0.118,34.0
0.581,0.137,34.0
0.434,0.149,34.0
0.246,0.163,34.0
0.051,0.193,34.0
0.0,0.202,34.0
0.0,0.16,34.0
0.0,0.115,34.0
0.0,0.1,34.0
0.0,0.112,34.0
0.0,0.09,34.0
0.0,0.071,34.0
0.0,0.085,34.0
0.0,0.122,34.0
0.0,0.137,34.0
0.0,0.121,34.0
0.0,0.099,34.0
0.067,0.084,34.0
0.248,0.053,34.0
0.432,0.045,34.0
0.577,0.06,34.0
0.676,0.088,34.0
0.727,0.128,34.0
0.733,0.169,34.0
0.684,0.205,34.0
0.586,0.227,34.0
0.412,0.233,34.0
0.203,0.225,34.0
0.037,0.207,34.0
0.0,0.194,34.0
0.0,0.179,34.0
0.0,0.179,34.0
0.0,0.168,34.0
0.0,0.12,34.0
0.0,0.051,34.0
0.0,0.014,34.0
0.0,0.007,34.0
0.0,0.013,34.0
0.0,0.018,34.0
0.0,0.02,34.0
0.0,0.011,34.0
0.014,0.005,34.0
0.104,0.009,34.0
0.26,0.016,34.0
0.493,0.015,34.0
0.58,0.012,34.0
0.543,0.021,34.0
0.45,0.047,34.0
0.42,0.058,34.0
0.35,0.058,34.0
0.236,0.057,34.0
0.119,0.062,34.0
0.026,0.084,34.0
0.0,0.112,34.0
0.0,0.114,34.0
0.0,0.097,34.0
0.0,0.068,34.0
0.0,0.046,34.0
0.0,0.035,34.0
0.0,0.028,34.0
0.0,0.021,34.0
0.0,0.016,34.0
0.0,0.014,34.0
0.0,0.011,34.0
0.0,0.005,34.0
0.049,0.002,34.0
0.21,0.003,34.0
0.371,0.005,34.0
0.502,0.002,34.0
0.616,0.004,34.0
0.718,0.012,34.0
0.701,0.028,34.0
0.645,0.049,34.0
0.539,0.083,34.0
0.386,0.101,34.0
0.202,0.123,34.0
0.035,0.167,34.0
0.0,0.181,34.0
0.0,0.129,34.0
0.0,0.069,34.0
0.0,0.034,34.0
0.0,0.025,34.0
0.0,0.021,34.0
0.0,0.013,34.0
0.0,0.005,34.0
0.0,0.009,34.0
0.0,0.011,34.0
0.0,0.008,34.0
0.0,0.003,34.0
0.019,0.003,34.0
0.05,0.006,34.0
0.123,0.016,34.0
0.238,0.048,34.0
0.442,0.09,34.0
0.639,0.143,34.0
0.634,0.188,34.0
0.619,0.227,34.0
0.521,0.277,34.0
0.311,0.328,34.0
0.108,0.352,34.0
0.007,0.311,34.0
0.0,0.232,34.0
0.0,0.167,34.0
0.0,0.135,34.0
0.0,0.112,34.0
0.0,0.091,34.0
0.0,0.078,34.0
0.0,0.095,34.0
0.0,0.133,34.0
0.0,0.169,34.0
0.0,0.199,34.0
0.0,0.229,34.0
0.0,0.261,34.0
0.02,0.28,34.0
0.072,0.231,34.0
0.076,0.32,34.0
0.142,0.492,34.0
0.359,0.552,34.0
0.132,0.488,34.0
0.107,0.472,34.0
0.127,0.571,34.0
0.151,0.498,34.0
0.168,0.583,34.0
0.066,0.544,34.0
0.009,0.343,34.0
0.0,0.234,34.0
0.0,0.154,34.0
0.0,0.117,34.0
0.0,0.219,34.0
0.0,0.282,34.0
0.0,0.233,34.0
0.0,0.167,34.0
0.0,0.115,34.0
0.0,0.073,34.0
0.0,0.041,34.0
0.0,0.03,34.0
0.0,0.026,34.0
0.035,0.024,34.0
0.133,0.03,34.0
0.318,0.069,34.0
0.515,0.116,34.0
0.603,0.114,34.0
0.68,0.085,34.0
0.734,0.078,34.0
0.682,0.116,34.0
0.571,0.182,34.0
0.397,0.218,34.0
0.198,0.2,34.0
0.031,0.159,34.0
0.0,0.121,34.0
0.0,0.103,34.0
0.0,0.154,34.0
0.0,0.241,34.0
0.0,0.35,34.0
0.0,0.498,34.0
0.0,0.592,34.0
0.0,0.599,34.0
0.0,0.574,34.0
0.0,0.544,34.0
0.0,0.513,34.0
0.0,0.486,34.0
0.064,0.425,34.0
0.269,0.37,34.0
0.457,0.353,34.0
0.594,0.273,34.0
0.683,0.179,34.0
0.727,0.13,34.0
0.725,0.122,34.0
0.664,0.138,34.0
0.553,0.159,34.0
0.398,0.187,34.0
0.201,0.222,34.0
0.03,0.27,34.0
0.0,0.308,34.0
0.0,0.31,34.0
0.0,0.291,34.0
0.0,0.259,34.0
0.0,0.22,34.0
0.0,0.177,34.0
0.0,0.144,34.0
0.0,0.148,34.0
0.0,0.196,34.0
0.0,0.227,34.0
0.0,0.233,34.0
0.0,0.243,34.0
0.012,0.243,34.0
0.112,0.249,34.0
0.273,0.219,34.0
0.492,0.151,34.0
0.658,0.093,34.0
0.709,0.061,34.0
0.696,0.045,34.0
0.613,0.041,34.0
0.501,0.043,34.0
0.329,0.044,34.0
0.161,0.049,34.0
0.021,0.067,34.0
0.0,0.111,34.0
0.0,0.162,34.0
0.0,0.199,34.0
0.0,0.225,34.0
0.0,0.249,34.0
0.0,0.277,34.0
0.0,0.312,34.0
0.0,0.346,34.0
0.0,0.382,34.0
0.0,0.422,34.0
0.0,0.456,34.0
0.0,0.459,34.0
0.051,0.414,34.0
0.251,0.368,34.0
0.462,0.338,34.0
0.611,0.288,34.0
0.705,0.235,34.0
0.743,0.189,34.0
0.719,0.166,34.0
0.637,0.172,34.0
0.502,0.204,34.0
0.35,0.243,34.0
0.169,0.262,34.0
0.02,0.274,34.0
0.0,0.284,34.0
0.0,0.268,34.0
0.0,0.249,34.0
0.0,0.218,34.0
0.0,0.169,34.0
0.0,0.112,34.0
0.0,0.064,34.0
0.0,0.031,34.0
0.0,0.013,34.0
0.0,0.007,34.0
0.0,0.016,34.0
0.0,0.036,34.0
0.052,0.059,34.0
0.252,0.046,34.0
0.443,0.026,34.0
0.576,0.032,34.0
0.659,0.041,34.0
0.688,0.064,34.0
0.661,0.1,34.0
0.595,0.137,34.0
0.47,0.163,34.0
0.321,0.162,34.0
0.163,0.133,34.0
0.019,0.11,34.0
0.0,0.106,34.0
0.0,0.115,34.0
0.0,0.135,34.0
0.0,0.124,34.0
0.0,0.09,34.0
0.0,0.077,34.0
0.0,0.094,34.0
0.0,0.158,34.0
0.0,0.241,34.0
0.0,0.3,34.0
0.0,0.341,34.0
0.0,0.382,34.0
0.044,0.41,34.0
0.238,0.38,34.0
0.423,0.383,34.0
0.572,0.337,34.0
0.468,0.279,34.0
0.453,0.282,34.0
0.588,0.355,34.0
0.399,0.39,34.0
0.201,0.332,34.0
0.061,0.28,34.0
0.019,0.272,34.0
0.004,0.226,34.0
0.0,0.209,34.0
0.0,0.313,34.0
0.0,0.594,34.0
0.0,0.829,34.0
0.0,0.88,34.0
0.0,0.853,34.0
0.0,0.868,34.0
0.0,0.902,34.0
0.0,0.92,34.0
0.0,0.941,34.0
0.0,0.961,34.0
0.0,0.968,34.0
0.059,0.97,34.0
0.288,0.989,34.0
0.494,0.991,34.0
0.636,0.986,34.0
0.706,0.981,34.0
0.735,0.982,34.0
0.705,0.981,34.0
0.66,0.975,34.0
0.57,0.96,34.0
0.409,0.952,34.0
0.217,0.971,34.0
0.025,0.987,34.0
0.0,0.991,34.0
0.0,0.991,34.0
0.0,0.988,34.0
0.0,0.984,34.0
0.0,0.979,34.0
0.0,0.976,34.0
0.0,0.973,34.0
0.0,0.969,34.0
0.0,0.964,34.0
0.0,0.964,34.0
0.0,0.965,34.0
0.0,0.953,34.0
0.041,0.931,34.0
0.182,0.926,34.0
0.346,0.912,34.0
0.6,0.866,34.0
0.74,0.792,34.0
0.78,0.739,34.0
0.77,0.744,34.0
0.7,0.805,34.0
0.591,0.872,34.0
0.432,0.92,34.0
0.224,0.942,34.0
0.023,0.931,34.0
0.0,0.897,34.0
0.0,0.87,34.0
0.0,0.868,34.0
0.0,0.908,34.0
0.0,0.949,34.0
0.0,0.966,34.0
0.0,0.972,34.0
0.0,0.956,34.0
0.0,0.928,34.0
0.0,0.837,34.0
0.0,0.717,34.0
0.0,0.697,34.0
0.069,0.706,34.0
0.303,0.728,34.0
0.502,0.694,34.0
0.637,0.66,34.0
0.724,0.666,34.0
0.767,0.682,34.0
0.765,0.672,34.0
0.704,0.649,34.0
0.506,0.601,34.0
0.176,0.547,34.0
0.065,0.592,34.0
0.008,0.709,34.0
0.0,0.807,34.0
0.0,0.841,34.0
0.0,0.853,34.0
0.0,0.83,34.0
0.0,0.807,34.0
0.0,0.79,34.0
0.0,0.777,34.0
0.0,0.762,34.0
0.0,0.743,34.0
0.0,0.762,34.0
0.0,0.779,34.0
0.0,0.781,34.0
0.056,0.758,34.0
0.282,0.737,34.0
0.492,0.7,34.0
0.646,0.582,34.0
0.742,0.425,34.0
0.784,0.291,34.0
0.776,0.22,34.0
0.719,0.201,34.0
0.611,0.203,34.0
0.449,0.227,34.0
0.237,0.284,34.0
0.022,0.398,34.0
0.0,0.498,34.0
0.0,0.529,34.0
0.0,0.524,34.0
0.0,0.482,34.0
0.0,0.41,34.0
0.0,0.328,34.0
0.0,0.27,34.0
0.0,0.206,34.0
0.0,0.14,34.0
0.0,0.033,34.0
0.0,0.016,34.0
0.0,0.023,34.0
0.012,0.046,34.0
0.082,0.04,34.0
0.259,0.035,34.0
0.567,0.053,34.0
0.684,0.058,34.0
0.726,0.054,34.0
0.716,0.044,34.0
0.676,0.033,34.0
0.504,0.008,34.0
0.309,0.006,34.0
0.144,0.046,34.0
0.011,0.109,34.0
0.0,0.159,34.0
0.0,0.175,34.0
0.0,0.154,34.0
0.0,0.102,34.0
0.0,0.053,34.0
0.0,0.02,34.0
0.0,0.008,34.0
0.0,0.005,34.0
0.0,0.005,34.0
0.0,0.006,34.0
0.0,0.013,34.0
0.0,0.028,34.0
0.033,0.051,34.0
0.218,0.058,34.0
0.43,0.061,34.0
0.593,0.073,34.0
0.698,0.086,34.0
0.75,0.093,34.0
0.749,0.097,34.0
0.693,0.111,34.0
0.584,0.155,34.0
0.419,0.22,34.0
0.205,0.289,34.0
0.012,0.368,34.0
0.0,0.413,34.0
0.0,0.412,34.0
0.0,0.398,34.0
0.0,0.348,34.0
0.0,0.294,34.0
0.0,0.249,34.0
0.0,0.241,34.0
0.0,0.256,34.0
0.0,0.281,34.0
0.0,0.292,34.0
0.0,0.272,34.0
0.0,0.223,34.0
0.025,0.186,34.0
0.212,0.182,34.0
0.433,0.264,34.0
0.578,0.407,34.0
0.657,0.445,34.0
0.614,0.491,34.0
0.367,0.578,34.0
0.555,0.678,34.0
0.543,0.612,34.0
0.231,0.563,34.0
0.04,0.422,34.0
0.0,0.281,34.0
0.0,0.166,34.0
0.0,0.055,34.0
0.0,0.009,34.0
0.0,0.013,34.0
0.0,0.023,34.0
0.0,0.041,34.0
0.0,0.076,34.0
0.0,0.13,34.0
0.0,0.135,34.0
0.0,0.152,34.0
0.0,0.32,34.0
0.0,0.434,34.0
0.0,0.438,34.0
0.023,0.429,34.0
0.081,0.607,34.0
0.134,0.852,34.0
0.166,0.926,34.0
0.22,0.888,34.0
0.278,0.845,34.0
0.381,0.91,34.0
0.314,0.945,34.0
0.244,0.971,34.0
0.142,0.988,34.0
0.01,0.988,34.0
0.0,0.984,34.0
0.0,0.973,34.0
0.0,0.954,34.0
0.0,0.918,34.0
0.0,0.86,34.0
0.0,0.802,34.0
0.0,0.791,34.0
0.0,0.764,34.0
0.0,0.812,34.0
0.0,0.865,34.0
0.0,0.87,34.0
0.0,0.865,34.0
0.043,0.86,34.0
0.257,0.898,34.0
0.47,0.965,34.0
0.622,0.971,34.0
0.704,0.97,34.0
0.731,0.963,34.0
0.705,0.95,34.0
0.631,0.935,34.0
0.522,0.921,34.0
0.407,0.893,34.0
0.216,0.826,34.0
0.011,0.676,34.0
0.0,0.503,34.0
0.0,0.398,34.0
0.0,0.355,34.0
0.0,0.362,34.0
0.0,0.413,34.0
0.0,0.478,34.0
0.0,0.498,34.0
0.0,0.42,34.0
0.0,0.383,34.0
0.0,0.382,34.0
0.0,0.437,34.0
0.0,0.504,34.0
0.039,0.537,34.0
0.264,0.492,34.0
0.483,0.592,34.0
0.639,0.668,34.0
0.722,0.655,34.0
0.723,0.666,34.0
0.612,0.7,34.0
0.437,0.747,34.0
0.375,0.752,34.0
0.316,0.77,34.0
0.139,0.796,34.0
0.003,0.792,34.0
0.0,0.763,34.0
0.0,0.765,34.0
0.0,0.763,34.0
0.0,0.754,34.0
0.0,0.744,34.0
0.0,0.729,34.0
0.0,0.718,34.0
0.0,0.712,34.0
0.0,0.71,34.0
0.0,0.714,34.0
0.0,0.726,34.0
0.0,0.733,34.0
0.035,0.732,34.0
0.254,0.706,34.0
0.485,0.8,34.0
0.645,0.832,34.0
0.745,0.795,34.0
0.789,0.715,34.0
0.781,0.647,34.0
0.715,0.645,34.0
0.564,0.687,34.0
0.425,0.69,34.0
0.227,0.636,34.0
0.01,0.55,34.0
0.0,0.504,34.0
0.0,0.481,34.0
0.0,0.439,34.0
0.0,0.391,34.0
0.0,0.38,34.0
0.0,0.397,34.0
0.0,0.413,34.0
0.0,0.425,34.0
0.0,0.43,34.0
0.0,0.393,34.0
0.0,0.358,34.0
0.0,0.362,34.0
0.03,0.407,34.0
0.238,0.382,34.0
0.451,0.362,34.0
0.608,0.355,34.0
0.705,0.401,34.0
0.748,0.386,34.0
0.741,0.364,34.0
0.624,0.347,34.0
0.354,0.352,34.0
0.283,0.367,34.0
0.188,0.381,34.0
0.005,0.422,34.0
0.0,0.437,34.0
0.0,0.462,34.0
0.0,0.471,34.0
0.0,0.486,34.0
0.0,0.513,34.0
0.0,0.558,34.0
0.0,0.585,34.0
0.0,0.6,34.0
0.0,0.616,34.0
0.0,0.623,34.0
0.0,0.636,34.0
0.0,0.652,34.0
0.011,0.669,34.0
0.142,0.66,34.0
0.338,0.724,34.0
0.546,0.691,34.0
0.669,0.57,34.0
0.715,0.364,34.0
0.713,0.161,34.0
0.663,0.087,34.0
0.557,0.093,34.0
0.395,0.031,34.0
0.186,0.135,34.0
0.003,0.236,34.0
0.0,0.251,34.0
0.0,0.216,34.0
0.0,0.208,34.0
0.0,0.207,34.0
0.0,0.184,34.0
0.0,0.153,34.0
0.0,0.125,34.0
0.0,0.108,34.0
0.0,0.094,34.0
0.0,0.083,34.0
0.0,0.074,34.0
0.0,0.065,34.0
0.007,0.053,34.0
0.151,0.042,34.0
0.393,0.055,34.0
0.584,0.08,34.0
0.694,0.093,34.0
0.743,0.1,34.0
0.738,0.108,34.0
0.676,0.13,34.0
0.556,0.174,34.0
0.39,0.226,34.0
0.181,0.28,34.0
0.001,0.341,34.0
0.0,0.363,34.0
0.0,0.345,34.0
0.0,0.305,34.0
0.0,0.256,34.0
0.0,0.21,34.0
0.0,0.169,34.0
0.0,0.131,34.0
0.0,0.098,34.0
0.0,0.087,34.0
0.0,0.094,34.0
0.0,0.106,34.0
0.0,0.132,34.0
0.007,0.162,34.0
0.131,0.17,34.0
0.274,0.218,34.0
0.496,0.253,34.0
0.625,0.259,34.0
0.695,0.231,34.0
0.696,0.192,34.0
0.641,0.156,34.0
0.527,0.129,34.0
0.368,0.12,34.0
0.163,0.147,34.0
0.0,0.218,34.0
0.0,0.225,34.0
0.0,0.18,34.0
0.0,0.146,34.0
0.0,0.11,34.0
0.0,0.083,34.0
0.0,0.055,34.0
0.0,0.032,34.0
0.0,0.019,34.0
0.0,0.014,34.0
0.0,0.015,34.0
0.0,0.022,34.0
0.0,0.035,34.0
0.004,0.051,34.0
0.133,0.049,34.0
0.304,0.045,34.0
0.455,0.04,34.0
0.603,0.045,34.0
0.681,0.052,34.0
0.634,0.053,34.0
0.479,0.048,34.0
0.287,0.045,34.0
0.205,0.057,34.0
0.089,0.076,34.0
0.0,0.106,34.0
0.0,0.139,34.0
0.0,0.172,34.0
0.0,0.168,34.0
0.0,0.113,34.0
0.0,0.084,34.0
0.0,0.06,34.0
0.0,0.012,34.0
0.0,0.009,34.0
0.0,0.028,34.0
0.0,0.049,34.0
0.0,0.07,34.0
0.0,0.104,34.0
0.0,0.168,34.0
0.1,0.241,34.0
0.271,0.291,34.0
0.566,0.319,34.0
0.735,0.311,34.0
0.786,0.313,34.0
0.781,0.337,34.0
0.722,0.364,34.0
0.607,0.41,34.0
0.429,0.502,34.0
0.202,0.587,34.0
0.0,0.708,34.0
0.0,0.839,34.0
0.0,0.884,34.0
0.0,0.876,34.0
0.0,0.833,34.0
0.0,0.82,34.0
0.0,0.811,34.0
0.0,0.796,34.0
0.0,0.777,34.0
0.0,0.758,34.0
0.0,0.752,34.0
0.0,0.751,34.0
0.0,0.754,34.0
0.024,0.748,34.0
0.256,0.707,34.0
0.488,0.685,34.0
0.65,0.662,34.0
0.752,0.547,34.0
0.796,0.402,34.0
0.787,0.309,34.0
0.728,0.294,34.0
0.614,0.346,34.0
0.443,0.449,34.0
0.219,0.516,34.0
0.0,0.599,34.0
0.0,0.69,34.0
0.0,0.753,34.0
0.0,0.761,34.0
0.0,0.725,34.0
0.0,0.682,34.0
0.0,0.642,34.0
0.0,0.501,34.0
0.0,0.504,34.0
0.0,0.599,34.0
0.0,0.585,34.0
0.0,0.498,34.0
0.0,0.461,34.0
0.015,0.513,34.0
0.229,0.544,34.0
0.458,0.682,34.0
0.623,0.782,34.0
0.728,0.775,34.0
0.776,0.758,34.0
0.77,0.75,34.0
0.711,0.75,34.0
0.598,0.763,34.0
0.428,0.804,34.0
0.205,0.842,34.0
0.0,0.85,34.0
0.0,0.832,34.0
0.0,0.814,34.0
0.0,0.786,34.0
0.0,0.757,34.0
0.0,0.751,34.0
0.0,0.744,34.0
0.0,0.749,34.0
0.0,0.758,34.0
0.0,0.752,34.0
0.0,0.753,34.0
0.0,0.756,34.0
0.0,0.769,34.0
0.006,0.796,34.0
0.218,0.811,34.0
0.461,0.832,34.0
0.627,0.852,34.0
0.727,0.852,34.0
0.763,0.833,34.0
0.722,0.83,34.0
0.624,0.857,34.0
0.467,0.902,34.0
0.305,0.932,34.0
0.138,0.948,34.0
0.0,0.958,34.0
0.0,0.968,34.0
0.0,0.977,34.0
0.0,0.971,34.0
0.0,0.956,34.0
0.0,0.93,34.0
0.0,0.904,34.0
0.0,0.893,34.0
0.0,0.893,34.0
0.0,0.889,34.0
0.0,0.875,34.0
0.0,0.86,34.0
0.0,0.856,34.0
0.012,0.84,34.0
0.224,0.799,34.0
0.46,0.777,34.0
0.625,0.739,34.0
0.724,0.681,34.0
0.76,0.635,34.0
0.736,0.623,34.0
0.644,0.644,34.0
0.509,0.676,34.0
0.362,0.7,34.0
0.175,0.697,34.0
0.0,0.745,34.0
0.0,0.805,34.0
0.0,0.815,34.0
0.0,0.786,34.0
0.0,0.737,34.0
0.0,0.674,34.0
0.0,0.625,34.0
0.0,0.609,34.0
0.0,0.602,34.0
0.0,0.596,34.0
0.0,0.583,34.0
0.0,0.573,34.0
0.0,0.574,34.0
0.011,0.544,34.0
0.229,0.467,34.0
0.475,0.346,34.0
0.646,0.234,34.0
0.749,0.161,34.0
0.796,0.133,34.0
0.789,0.144,34.0
0.729,0.159,34.0
0.613,0.171,34.0
0.437,0.183,34.0
0.208,0.212,34.0
0.0,0.264,34.0
0.0,0.29,34.0
0.0,0.305,34.0
0.0,0.312,34.0
0.0,0.314,34.0
0.0,0.307,34.0
0.0,0.311,34.0
0.0,0.332,34.0
0.0,0.355,34.0
0.0,0.379,34.0
0.0,0.39,34.0
0.0,0.395,34.0
0.0,0.404,34.0
0.007,0.414,34.0
0.214,0.352,34.0
0.449,0.264,34.0
0.613,0.24,34.0
0.695,0.237,34.0
0.749,0.206,34.0
0.762,0.161,34.0
0.711,0.114,34.0
0.596,0.08,34.0
0.424,0.062,34.0
0.197,0.054,34.0
0.0,0.041,34.0
0.0,0.022,34.0
0.0,0.008,34.0
0.0,0.002,34.0
0.0,0.002,34.0
0.0,0.005,34.0
0.0,0.01,34.0
0.0,0.013,34.0
0.0,0.017,34.0
0.0,0.022,34.0
0.0,0.027,34.0
0.0,0.034,34.0
0.0,0.041,34.0
0.005,0.052,34.0
0.206,0.06,34.0
0.439,0.027,34.0
0.607,0.012,34.0
0.712,0.013,34.0
0.76,0.009,34.0
0.754,0.002,34.0
0.666,0.002,34.0
0.487,0.01,34.0
0.307,0.059,34.0
0.173,0.124,34.0
0.0,0.184,34.0
0.0,0.201,34.0
0.0,0.192,34.0
0.0,0.15,34.0
0.0,0.109,34.0
0.0,0.071,34.0
0.0,0.042,34.0
0.0,0.026,34.0
0.0,0.023,34.0
0.0,0.026,34.0
0.0,0.035,34.0
0.0,0.053,34.0
0.0,0.079,34.0
0.001,0.117,34.0
0.156,0.159,34.0
0.352,0.23,34.0
0.536,0.343,34.0
0.654,0.398,34.0
0.711,0.451,34.0
0.713,0.494,34.0
0.643,0.523,34.0
0.54,0.525,34.0
0.377,0.508,34.0
0.167,0.479,34.0
0.0,0.476,34.0
0.0,0.505,34.0
0.0,0.525,34.0
0.0,0.523,34.0
0.0,0.532,34.0
0.0,0.544,34.0
0.0,0.535,34.0
0.0,0.527,34.0
0.0,0.522,34.0
0.0,0.516,34.0
0.0,0.466,34.0
0.0,0.444,34.0
0.0,0.481,34.0
0.0,0.538,34.0
0.094,0.547,34.0
0.264,0.56,34.0
0.438,0.547,34.0
0.592,0.568,34.0
0.651,0.6,34.0
0.598,0.606,34.0
0.5,0.579,34.0
0.35,0.527,34.0
0.189,0.529,34.0
0.087,0.613,34.0
0.0,0.665,34.0
0.0,0.71,34.0
0.0,0.748,34.0
0.0,0.763,34.0
0.0,0.73,34.0
0.0,0.669,34.0
0.0,0.594,34.0
0.0,0.618,34.0
0.0,0.65,34.0
0.0,0.62,34.0
0.0,0.613,34.0
0.0,0.594,34.0
0.0,0.516,34.0
0.0,0.406,34.0
0.032,0.285,34.0
0.104,0.176,34.0
0.2,0.105,34.0
0.269,0.058,34.0
0.333,0.036,34.0
0.513,0.048,34.0
0.616,0.106,34.0
0.493,0.234,34.0
0.328,0.388,34.0
0.103,0.439,34.0
0.0,0.411,34.0
0.0,0.352,34.0
0.0,0.291,34.0
0.0,0.284,34.0
0.0,0.249,34.0
0.0,0.172,34.0
0.0,0.095,34.0
0.0,0.023,34.0
0.0,0.03,34.0
0.0,0.114,34.0
0.0,0.228,34.0
0.0,0.311,34.0
0.0,0.355,34.0
0.0,0.376,34.0
0.007,0.413,34.0
0.043,0.451,34.0
0.087,0.47,34.0
0.189,0.471,34.0
0.206,0.402,34.0
0.133,0.312,34.0
0.131,0.286,34.0
0.066,0.295,34.0
0.026,0.262,34.0
0.001,0.22,34.0
0.0,0.211,34.0
0.0,0.225,34.0
0.0,0.212,34.0
0.0,0.164,34.0
0.0,0.152,34.0
0.0,0.167,34.0
0.0,0.183,34.0
0.0,0.197,34.0
0.0,0.217,34.0
0.0,0.235,34.0
0.0,0.253,34.0
0.0,0.253,34.0
0.0,0.291,34.0
0.0,0.383,34.0
0.14,0.41,34.0
0.385,0.46,34.0
0.567,0.666,34.0
0.681,0.695,34.0
0.736,0.675,34.0
0.736,0.651,34.0
0.679,0.61,34.0
0.565,0.564,34.0
0.385,0.54,34.0
0.137,0.496,34.0
0.0,0.489,34.0
0.0,0.521,34.0
0.0,0.527,34.0
0.0,0.526,34.0
0.0,0.578,34.0
0.0,0.627,34.0
0.0,0.649,34.0
0.0,0.656,34.0
0.0,0.652,34.0
0.0,0.633,34.0
0.0,0.615,34.0
0.0,0.601,34.0
0.0,0.586,34.0
0.0,0.58,34.0
0.184,0.541,34.0
0.427,0.513,34.0
0.6,0.513,34.0
0.705,0.417,34.0
0.751,0.337,34.0
0.738,0.294,34.0
0.677,0.277,34.0
0.559,0.294,34.0
0.363,0.328,34.0
0.137,0.354,34.0
0.0,0.378,34.0
0.0,0.376,34.0
0.0,0.364,34.0
0.0,0.337,34.0
0.0,0.305,34.0
0.0,0.317,34.0
0.0,0.406,34.0
0.0,0.538,34.0
0.0,0.62,34.0
0.0,0.618,34.0
0.0,0.601,34.0
0.0,0.592,34.0
0.0,0.583,34.0
0.0,0.579,34.0
0.166,0.52,34.0
0.406,0.593,34.0
0.581,0.637,34.0
0.69,0.552,34.0
0.738,0.453,34.0
0.716,0.368,34.0
0.645,0.323,34.0
0.513,0.383,34.0
0.302,0.432,34.0
0.088,0.432,34.0
0.0,0.41,34.0
0.0,0.388,34.0
0.0,0.398,34.0
0.0,0.413,34.0
0.0,0.421,34.0
0.0,0.436,34.0
0.0,0.583,34.0
0.0,0.715,34.0
0.0,0.741,34.0
0.0,0.712,34.0
0.0,0.796,34.0
0.0,0.867,34.0
0.0,0.894,34.0
0.0,0.938,34.0
0.15,0.95,34.0
0.397,0.974,34.0
0.567,0.984,34.0
0.652,0.984,34.0
0.655,0.98,34.0
0.621,0.975,34.0
0.567,0.969,34.0
0.451,0.961,34.0
0.315,0.953,34.0
0.132,0.935,34.0
0.0,0.925,34.0
0.0,0.912,34.0
0.0,0.904,34.0
0.0,0.892,34.0
0.0,0.874,34.0
0.0,0.86,34.0
0.0,0.841,34.0
0.0,0.82,34.0
0.0,0.8,34.0
0.0,0.779,34.0
0.0,0.765,34.0
0.0,0.746,34.0
0.0,0.722,34.0
0.0,0.704,34.0
0.161,0.655,34.0
0.356,0.663,34.0
0.373,0.605,34.0
0.585,0.566,34.0
0.743,0.498,34.0
0.737,0.459,34.0
0.676,0.439,34.0
0.558,0.402,34.0
0.377,0.346,34.0
0.165,0.289,34.0
0.0,0.268,34.0
0.0,0.256,34.0
0.0,0.256,34.0
0.0,0.27,34.0
0.0,0.308,34.0
0.0,0.359,34.0
0.0,0.402,34.0
0.0,0.444,34.0
0.0,0.462,34.0
0.0,0.479,34.0
0.0,0.494,34.0
0.0,0.505,34.0
0.0,0.508,34.0
0.0,0.472,34.0
0.089,0.374,34.0
0.267,0.252,34.0
0.476,0.212,34.0
0.605,0.211,34.0
0.681,0.223,34.0
0.677,0.241,34.0
0.627,0.245,34.0
0.5,0.232,34.0
0.323,0.193,34.0
0.109,0.145,34.0
0.0,0.13,34.0
0.0,0.143,34.0
0.0,0.173,34.0
0.0,0.175,34.0
0.0,0.152,34.0
0.0,0.128,34.0
0.0,0.112,34.0
0.0,0.155,34.0
0.0,0.236,34.0
0.0,0.243,34.0
0.0,0.194,34.0
0.0,0.177,34.0
0.0,0.135,34.0
0.0,0.194,34.0
0.115,0.2,34.0
0.367,0.172,34.0
0.571,0.153,34.0
0.68,0.114,34.0
0.73,0.078,34.0
0.724,0.062,34.0
0.667,0.048,34.0
0.552,0.045,34.0
0.377,0.052,34.0
0.147,0.096,34.0
0.0,0.122,34.0
0.0,0.098,34.0
0.0,0.062,34.0
0.0,0.033,34.0
0.0,0.021,34.0
0.0,0.02,34.0
0.0,0.025,34.0
0.0,0.036,34.0
0.0,0.05,34.0
0.0,0.066,34.0
0.0,0.085,34.0
0.0,0.112,34.0
0.0,0.148,34.0
0.0,0.192,34.0
0.14,0.223,34.0
0.385,0.17,34.0
0.566,0.137,34.0
0.678,0.099,34.0
0.728,0.061,34.0
0.726,0.041,34.0
0.667,0.035,34.0
0.555,0.04,34.0
0.383,0.053,34.0
0.146,0.081,34.0
0.0,0.092,34.0
0.0,0.085,34.0
0.0,0.074,34.0
0.0,0.06,34.0
0.0,0.045,34.0
0.0,0.034,34.0
0.0,0.037,34.0
0.0,0.055,34.0
0.0,0.087,34.0
0.0,0.131,34.0
0.0,0.168,34.0
0.0,0.207,34.0
0.0,0.251,34.0
0.0,0.29,34.0
0.142,0.294,34.0
0.393,0.192,34.0
0.573,0.132,34.0
0.684,0.11,34.0
0.734,0.107,34.0
0.73,0.111,34.0
0.672,0.101,34.0
0.558,0.101,34.0
0.382,0.133,34.0
0.138,0.18,34.0
0.0,0.185,34.0
0.0,0.154,34.0
0.0,0.119,34.0
0.0,0.084,34.0
0.0,0.057,34.0
0.0,0.052,34.0
0.0,0.07,34.0
0.0,0.076,34.0
0.0,0.042,34.0
0.0,0.054,34.0
0.0,0.148,34.0
0.0,0.237,34.0
0.0,0.278,34.0
0.0,0.308,34.0
0.072,0.28,34.0
0.142,0.194,34.0
0.199,0.17,34.0
0.269,0.186,34.0
0.41,0.169,34.0
0.546,0.152,34.0
0.601,0.138,34.0
0.529,0.15,34.0
0.355,0.2,34.0
0.117,0.297,34.0
0.0,0.337,34.0
0.0,0.282,34.0
0.0,0.188,34.0
0.0,0.108,34.0
0.0,0.071,34.0
0.0,0.062,34.0
0.0,0.058,34.0
0.0,0.058,34.0
0.0,0.058,34.0
0.0,0.061,34.0
0.0,0.075,34.0
0.0,0.092,34.0
0.0,0.103,34.0
0.0,0.112,34.0
0.122,0.117,34.0
0.367,0.091,34.0
0.546,0.071,34.0
0.657,0.06,34.0
0.707,0.063,34.0
0.702,0.076,34.0
0.643,0.081,34.0
0.527,0.085,34.0
0.347,0.102,34.0
0.103,0.149,34.0
0.0,0.188,34.0
0.0,0.189,34.0
0.0,0.156,34.0
0.0,0.103,34.0
0.0,0.049,34.0
0.0,0.018,34.0
0.0,0.013,34.0
0.0,0.018,34.0
0.0,0.021,34.0
0.0,0.02,34.0
0.0,0.021,34.0
0.0,0.022,34.0
0.0,0.019,34.0
0.0,0.015,34.0
0.043,0.012,34.0
0.186,0.013,34.0
0.281,0.013,34.0
0.379,0.013,34.0
0.453,0.016,34.0
0.378,0.027,34.0
0.33,0.054,34.0
0.208,0.109,34.0
0.095,0.198,34.0
0.011,0.311,34.0
0.0,0.409,34.0
0.0,0.455,34.0
0.0,0.405,34.0
0.0,0.317,34.0
0.0,0.267,34.0
0.0,0.191,34.0
0.0,0.136,34.0
0.0,0.107,34.0
0.0,0.096,34.0
0.0,0.115,34.0
0.0,0.178,34.0
0.0,0.22,34.0
0.0,0.219,34.0
0.0,0.256,34.0
0.0,0.329,34.0
0.011,0.391,34.0
0.045,0.43,34.0
0.07,0.434,34.0
0.087,0.413,34.0
0.09,0.401,34.0
0.086,0.413,34.0
0.065,0.444,34.0
0.033,0.472,34.0
0.001,0.523,34.0
0.0,0.583,34.0
0.0,0.642,34.0
0.0,0.687,34.0
0.0,0.713,34.0
0.0,0.729,34.0
0.0,0.727,34.0
0.0,0.705,34.0
0.0,0.696,34.0
0.0,0.666,34.0
0.0,0.602,34.0
0.0,0.583,34.0
0.0,0.582,34.0
0.0,0.567,34.0
0.0,0.568,34.0
0.063,0.627,34.0
0.244,0.654,34.0
0.459,0.736,34.0
0.489,0.785,34.0
0.401,0.77,34.0
0.279,0.758,34.0
0.182,0.753,34.0
0.089,0.746,34.0
0.024,0.737,34.0
0.0,0.777,34.0
0.0,0.802,34.0
0.0,0.831,34.0
0.0,0.838,34.0
0.0,0.844,34.0
0.0,0.829,34.0
0.0,0.792,34.0
0.0,0.827,34.0
0.0,0.845,34.0
0.0,0.852,34.0
0.0,0.84,34.0
0.0,0.829,34.0
0.0,0.819,34.0
0.0,0.829,34.0
0.0,0.827,34.0
0.029,0.815,34.0
0.129,0.795,34.0
0.168,0.829,34.0
0.226,0.832,34.0
0.263,0.857,34.0
0.22,0.891,34.0
0.206,0.912,34.0
0.193,0.894,34.0
0.079,0.846,34.0
0.0,0.862,34.0
0.0,0.908,34.0
0.0,0.94,34.0
0.0,0.945,34.0
0.0,0.931,34.0
0.0,0.929,34.0
0.0,0.927,34.0
0.0,0.932,34.0
0.0,0.948,34.0
0.0,0.952,34.0
0.0,0.952,34.0
0.0,0.962,34.0
0.0,0.967,34.0
0.0,0.961,34.0
0.0,0.959,34.0
0.0,0.957,34.0
0.007,0.919,34.0
0.018,0.875,34.0
0.035,0.838,34.0
0.052,0.837,34.0
0.08,0.825,34.0
0.19,0.749,34.0
0.14,0.657,34.0
0.083,0.469,34.0
0.014,0.382,34.0
0.0,0.307,34.0
0.0,0.225,34.0
0.0,0.162,34.0
0.0,0.114,34.0
0.0,0.07,34.0
0.0,0.047,34.0
0.0,0.047,34.0
0.0,0.067,34.0
0.0,0.104,34.0
0.0,0.155,34.0
0.0,0.192,34.0
0.0,0.211,34.0
0.0,0.221,34.0
0.0,0.22,34.0
0.095,0.208,34.0
0.341,0.155,34.0
0.495,0.111,34.0
0.535,0.078,34.0
0.39,0.053,34.0
0.23,0.042,34.0
0.177,0.038,34.0
0.297,0.037,34.0
0.338,0.037,34.0
0.082,0.036,34.0
0.0,0.027,34.0
0.0,0.018,34.0
0.0,0.013,34.0
0.0,0.013,34.0
0.0,0.013,34.0
0.0,0.012,34.0
0.0,0.012,34.0
0.0,0.016,34.0
0.0,0.025,34.0
0.0,0.04,34.0
0.0,0.052,34.0
0.0,0.057,34.0
0.0,0.055,34.0
0.0,0.05,34.0
0.01,0.046,34.0
0.075,0.042,34.0
0.158,0.035,34.0
0.254,0.033,34.0
0.391,0.035,34.0
0.576,0.038,34.0
0.612,0.034,34.0
0.513,0.027,34.0
0.322,0.03,34.0
0.065,0.043,34.0
0.0,0.06,34.0
0.0,0.082,34.0
0.0,0.104,34.0
0.0,0.13,34.0
0.0,0.155,34.0
0.0,0.187,34.0
0.0,0.227,34.0
0.0,0.264,34.0
0.0,0.289,34.0
0.0,0.31,34.0
0.0,0.329,34.0
0.0,0.344,34.0
0.0,0.36,34.0
0.0,0.361,34.0
0.086,0.329,34.0
0.329,0.271,34.0
0.521,0.2,34.0
0.645,0.12,34.0
0.693,0.072,34.0
0.669,0.046,34.0
0.601,0.039,34.0
0.483,0.052,34.0
0.304,0.066,34.0
0.057,0.083,34.0
0.0,0.095,34.0
0.0,0.104,34.0
0.0,0.11,34.0
0.0,0.113,34.0
0.0,0.094,34.0
0.0,0.054,34.0
0.0,0.022,34.0
0.0,0.009,34.0
0.0,0.007,34.0
0.0,0.016,34.0
0.0,0.054,34.0
0.0,0.114,34.0
0.0,0.149,34.0
0.0,0.121,34.0
0.084,0.071,34.0
0.335,0.04,34.0
0.536,0.033,34.0
0.654,0.048,34.0
0.707,0.084,34.0
0.706,0.102,34.0
0.647,0.105,34.0
0.528,0.103,34.0
0.313,0.102,34.0
0.028,0.129,34.0
0.0,0.179,34.0
0.0,0.21,34.0
0.0,0.227,34.0
0.0,0.241,34.0
0.0,0.236,34.0
0.0,0.221,34.0
0.0,0.207,34.0
0.0,0.208,34.0
0.0,0.213,34.0
0.0,0.233,34.0
0.0,0.243,34.0
0.0,0.227,34.0
0.0,0.212,34.0
0.0,0.201,34.0
0.041,0.181,34.0
0.187,0.122,34.0
0.303,0.07,34.0
0.373,0.035,34.0
0.363,0.018,34.0
0.316,0.02,34.0
0.23,0.02,34.0
0.141,0.016,34.0
0.064,0.015,34.0
0.005,0.015,34.0
0.0,0.014,34.0
0.0,0.013,34.0
0.0,0.012,34.0
0.0,0.009,34.0
0.0,0.006,34.0
0.0,0.004,34.0
0.0,0.003,34.0
0.0,0.004,34.0
0.0,0.008,34.0
0.0,0.011,34.0
0.0,0.007,34.0
0.0,0.005,34.0
0.0,0.005,34.0
0.0,0.002,34.0
0.01,0.001,34.0
0.087,0.003,34.0
0.247,0.01,34.0
0.487,0.016,34.0
0.623,0.019,34.0
0.64,0.019,34.0
0.588,0.019,34.0
0.425,0.025,34.0
0.209,0.032,34.0
0.028,0.043,34.0
0.0,0.048,34.0
0.0,0.053,34.0
0.0,0.054,34.0
0.0,0.046,34.0
0.0,0.031,34.0
0.0,0.017,34.0
0.0,0.011,34.0
0.0,0.008,34.0
0.0,0.007,34.0
0.0,0.007,34.0
0.0,0.003,34.0
0.0,0.001,34.0
0.0,0.001,34.0
0.0,0.001,34.0
0.045,0.002,34.0
0.236,0.004,34.0
0.465,0.005,34.0
0.608,0.011,34.0
0.671,0.019,34.0
0.65,0.032,34.0
0.57,0.043,34.0
0.339,0.05,34.0
0.134,0.063,34.0
0.006,0.093,34.0
0.0,0.123,34.0
0.0,0.15,34.0
0.0,0.176,34.0
0.0,0.201,34.0
0.0,0.2,34.0
0.0,0.16,34.0
0.0,0.124,34.0
0.0,0.102,34.0
0.0,0.084,34.0
0.0,0.076,34.0
0.0,0.085,34.0
0.0,0.11,34.0
0.0,0.145,34.0
0.0,0.209,34.0
0.056,0.265,34.0
0.261,0.227,34.0
0.467,0.259,34.0
0.602,0.302,34.0
0.664,0.311,34.0
0.682,0.299,34.0
0.621,0.284,34.0
0.442,0.257,34.0
0.149,0.207,34.0
0.019,0.227,34.0
0.0,0.283,34.0
0.0,0.344,34.0
0.0,0.404,34.0
0.0,0.453,34.0
0.0,0.53,34.0
0.0,0.591,34.0
0.0,0.627,34.0
0.0,0.633,34.0
0.0,0.599,34.0
0.0,0.595,34.0
0.0,0.566,34.0
0.0,0.485,34.0
0.0,0.432,34.0
0.0,0.409,34.0
0.012,0.219,34.0
0.202,0.047,34.0
0.484,0.015,34.0
0.51,0.052,34.0
0.551,0.085,34.0
0.53,0.104,34.0
0.543,0.112,34.0
0.487,0.112,34.0
0.296,0.118,34.0
0.036,0.188,34.0
0.0,0.256,34.0
0.0,0.255,34.0
0.0,0.192,34.0
0.0,0.134,34.0
0.0,0.137,34.0
0.0,0.162,34.0
0.0,0.181,34.0
0.0,0.18,34.0
0.0,0.164,34.0
0.0,0.148,34.0
0.0,0.135,34.0
0.0,0.109,34.0
0.0,0.078,34.0
0.0,0.055,34.0
0.062,0.041,34.0
0.252,0.025,34.0
0.41,0.032,34.0
0.606,0.038,34.0
0.681,0.031,34.0
0.688,0.023,34.0
0.631,0.024,34.0
0.512,0.03,34.0
0.324,0.039,34.0
0.044,0.06,34.0
0.0,0.071,34.0
0.0,0.072,34.0
0.0,0.064,34.0
0.0,0.052,34.0
0.0,0.044,34.0
0.0,0.042,34.0
0.0,0.039,34.0
0.0,0.033,34.0
0.0,0.023,34.0
0.0,0.012,34.0
0.0,0.005,34.0
0.0,0.003,34.0
0.0,0.002,34.0
0.0,0.003,34.0
0.06,0.002,34.0
0.279,0.001,34.0
0.47,0.006,34.0
0.56,0.018,34.0
0.515,0.03,34.0
0.525,0.036,34.0
0.466,0.035,34.0
0.356,0.035,34.0
0.184,0.042,34.0
0.016,0.073,34.0
0.0,0.101,34.0
0.0,0.098,34.0
0.0,0.066,34.0
0.0,0.034,34.0
0.0,0.015,34.0
0.0,0.004,34.0
0.0,0.005,34.0
0.0,0.013,34.0
0.0,0.029,34.0
0.0,0.057,34.0
0.0,0.101,34.0
0.0,0.169,34.0
0.0,0.24,34.0
0.0,0.297,34.0
0.065,0.329,34.0
0.301,0.245,34.0
0.494,0.139,34.0
0.613,0.099,34.0
0.667,0.107,34.0
0.659,0.145,34.0
0.591,0.191,34.0
0.467,0.24,34.0
0.287,0.266,34.0
0.034,0.36,34.0
0.0,0.541,34.0
0.0,0.695,34.0
0.0,0.79,34.0
0.0,0.867,34.0
0.0,0.801,34.0
0.0,0.648,34.0
0.0,0.515,34.0
0.0,0.413,34.0
0.0,0.425,34.0
0.0,0.363,34.0
0.0,0.448,34.0
0.0,0.444,34.0
0.0,0.413,34.0
0.0,0.454,34.0
0.079,0.472,34.0
0.269,0.449,34.0
0.544,0.484,34.0
0.658,0.447,34.0
0.727,0.378,34.0
0.724,0.262,34.0
0.665,0.175,34.0
0.547,0.17,34.0
0.362,0.157,34.0
0.05,0.185,34.0
0.0,0.266,34.0
0.0,0.343,34.0
0.0,0.335,34.0
0.0,0.298,34.0
0.0,0.238,34.0
0.0,0.171,34.0
0.0,0.114,34.0
0.0,0.095,34.0
0.0,0.106,34.0
0.0,0.118,34.0
0.0,0.145,34.0
0.0,0.179,34.0
0.0,0.161,34.0
0.0,0.124,34.0
0.084,0.092,34.0
0.349,0.054,34.0
0.558,0.019,34.0
0.677,0.013,34.0
0.731,0.017,34.0
0.726,0.021,34.0
0.665,0.014,34.0
0.545,0.025,34.0
0.356,0.066,34.0
0.044,0.113,34.0
0.0,0.145,34.0
0.0,0.141,34.0
0.0,0.112,34.0
0.0,0.069,34.0
0.0,0.044,34.0
0.0,0.035,34.0
0.0,0.03,34.0
0.0,0.028,34.0
0.0,0.028,34.0
0.0,0.029,34.0
0.0,0.025,34.0
0.0,0.015,34.0
0.0,0.008,34.0
0.0,0.009,34.0
0.072,0.026,34.0
0.329,0.045,34.0
0.532,0.059,34.0
0.655,0.061,34.0
0.711,0.056,34.0
0.71,0.046,34.0
0.65,0.036,34.0
0.529,0.032,34.0
0.338,0.032,34.0
0.037,0.037,34.0
0.0,0.03,34.0
0.0,0.017,34.0
0.0,0.011,34.0
0.0,0.014,34.0
0.0,0.019,34.0
0.0,0.024,34.0
0.0,0.024,34.0
0.0,0.021,34.0
0.0,0.019,34.0
0.0,0.016,34.0
0.0,0.014,34.0
0.0,0.014,34.0
0.0,0.017,34.0
0.0,0.027,34.0
0.067,0.043,34.0
0.322,0.061,34.0
0.525,0.066,34.0
0.646,0.074,34.0
0.702,0.079,34.0
0.699,0.073,34.0
0.638,0.061,34.0
0.515,0.051,34.0
0.317,0.051,34.0
0.029,0.061,34.0
0.0,0.065,34.0
0.0,0.064,34.0
0.0,0.061,34.0
0.0,0.061,34.0
0.0,0.061,34.0
0.0,0.058,34.0
0.0,0.054,34.0
0.0,0.048,34.0
0.0,0.044,34.0
0.0,0.043,34.0
0.0,0.043,34.0
0.0,0.045,34.0
0.0,0.051,34.0
0.0,0.057,34.0
0.022,0.062,34.0
0.185,0.067,34.0
0.389,0.086,34.0
0.541,0.164,34.0
0.589,0.194,34.0
0.552,0.209,34.0
0.432,0.219,34.0
0.265,0.222,34.0
0.105,0.245,34.0
0.002,0.287,34.0
0.0,0.307,34.0
0.0,0.307,34.0
0.0,0.289,34.0
0.0,0.264,34.0
0.0,0.233,34.0
0.0,0.211,34.0
0.0,0.205,34.0
0.0,0.212,34.0
0.0,0.216,34.0
0.0,0.22,34.0
0.0,0.233,34.0
0.0,0.24,34.0
0.0,0.237,34.0
0.0,0.23,34.0
0.015,0.22,34.0
0.142,0.2,34.0
0.295,0.212,34.0
0.391,0.273,34.0
0.536,0.278,34.0
0.551,0.274,34.0
0.523,0.261,34.0
0.426,0.243,34.0
0.2,0.223,34.0
0.008,0.233,34.0
0.0,0.245,34.0
0.0,0.248,34.0
0.0,0.236,34.0
0.0,0.217,34.0
0.0,0.2,34.0
0.0,0.198,34.0
0.0,0.214,34.0
0.0,0.241,34.0
0.0,0.285,34.0
0.0,0.335,34.0
0.0,0.376,34.0
0.0,0.41,34.0
0.0,0.45,34.0
0.0,0.505,34.0
0.0,0.56,34.0
0.045,0.59,34.0
0.111,0.601,34.0
0.188,0.63,34.0
0.229,0.682,34.0
0.221,0.653,34.0
0.261,0.577,34.0
0.257,0.519,34.0
0.142,0.481,34.0
0.003,0.544,34.0
0.0,0.621,34.0
0.0,0.682,34.0
0.0,0.708,34.0
0.0,0.729,34.0
0.0,0.732,34.0
0.0,0.714,34.0
0.0,0.695,34.0
0.0,0.687,34.0
0.0,0.69,34.0
0.0,0.703,34.0
0.0,0.724,34.0
0.0,0.737,34.0
0.0,0.769,34.0
0.0,0.792,34.0
0.0,0.808,34.0
0.016,0.811,34.0
0.05,0.794,34.0
0.091,0.824,34.0
0.095,0.853,34.0
0.078,0.852,34.0
0.056,0.85,34.0
0.031,0.855,34.0
0.007,0.877,34.0
0.0,0.894,34.0
0.0,0.898,34.0
0.0,0.89,34.0
0.0,0.868,34.0
0.0,0.852,34.0
0.0,0.803,34.0
0.0,0.715,34.0
0.0,0.669,34.0
0.0,0.591,34.0
0.0,0.519,34.0
0.0,0.494,34.0
0.0,0.545,34.0
0.0,0.61,34.0
0.0,0.647,34.0
0.0,0.705,34.0
0.0,0.678,34.0
0.018,0.693,34.0
0.098,0.7,34.0
0.258,0.757,34.0
0.414,0.783,34.0
0.411,0.808,34.0
0.333,0.785,34.0
0.156,0.69,34.0
0.055,0.576,34.0
0.0,0.535,34.0
0.0,0.519,34.0
0.0,0.525,34.0
0.0,0.542,34.0
0.0,0.586,34.0
0.0,0.638,34.0
0.0,0.678,34.0
0.0,0.655,34.0
0.0,0.625,34.0
0.0,0.556,34.0
0.0,0.457,34.0
0.0,0.37,34.0
0.0,0.26,34.0
0.0,0.226,34.0
0.0,0.251,34.0
0.013,0.297,34.0
0.157,0.32,34.0
0.379,0.289,34.0
0.523,0.259,34.0
0.603,0.207,34.0
0.584,0.154,34.0
0.445,0.12,34.0
0.271,0.099,34.0
0.129,0.084,34.0
0.005,0.083,34.0
0.0,0.084,34.0
0.0,0.097,34.0
0.0,0.119,34.0
0.0,0.145,34.0
0.0,0.16,34.0
0.0,0.155,34.0
0.0,0.145,34.0
0.0,0.142,34.0
0.0,0.144,34.0
0.0,0.158,34.0
0.0,0.187,34.0
0.0,0.237,34.0
0.0,0.296,34.0
0.0,0.341,34.0
0.036,0.355,34.0
0.263,0.294,34.0
0.473,0.201,34.0
0.598,0.159,34.0
0.649,0.126,34.0
0.639,0.103,34.0
0.57,0.085,34.0
0.438,0.065,34.0
0.244,0.048,34.0
0.009,0.038,34.0
0.0,0.035,34.0
0.0,0.036,34.0
0.0,0.043,34.0
0.0,0.053,34.0
0.0,0.071,34.0
0.0,0.105,34.0
0.0,0.164,34.0
0.0,0.255,34.0
0.0,0.341,34.0
0.0,0.413,34.0
0.0,0.452,34.0
0.0,0.463,34.0
0.0,0.469,34.0
0.0,0.457,34.0
0.01,0.456,34.0
0.108,0.443,34.0
0.286,0.38,34.0
0.52,0.282,34.0
0.651,0.22,34.0
0.585,0.192,34.0
0.359,0.191,34.0
0.108,0.185,34.0
0.03,0.196,34.0
0.0,0.258,34.0
0.0,0.367,34.0
0.0,0.472,34.0
0.0,0.54,34.0
0.0,0.566,34.0
0.0,0.522,34.0
0.0,0.433,34.0
0.0,0.328,34.0
0.0,0.203,34.0
0.0,0.112,34.0
0.0,0.083,34.0
0.0,0.095,34.0
0.0,0.143,34.0
0.0,0.264,34.0
0.0,0.407,34.0
0.01,0.539,34.0
0.223,0.61,34.0
0.536,0.625,34.0
0.667,0.661,34.0
0.721,0.613,34.0
0.713,0.532,34.0
0.647,0.488,34.0
0.518,0.481,34.0
0.31,0.528,34.0
0.015,0.697,34.0
0.0,0.83,34.0
0.0,0.86,34.0
0.0,0.826,34.0
0.0,0.758,34.0
0.0,0.686,34.0
0.0,0.61,34.0
0.0,0.546,34.0
0.0,0.556,34.0
0.0,0.58,34.0
0.0,0.613,34.0
0.0,0.615,34.0
0.0,0.571,34.0
0.0,0.485,34.0
0.0,0.466,34.0
0.054,0.489,34.0
0.315,0.415,34.0
0.536,0.354,34.0
0.657,0.347,34.0
0.709,0.395,34.0
0.705,0.41,34.0
0.638,0.365,34.0
0.506,0.334,34.0
0.276,0.332,34.0
0.005,0.395,34.0
0.0,0.475,34.0
0.0,0.552,34.0
0.0,0.601,34.0
0.0,0.594,34.0
0.0,0.574,34.0
0.0,0.585,34.0
0.0,0.575,34.0
0.0,0.547,34.0
0.0,0.458,34.0
0.0,0.463,34.0
0.0,0.556,34.0
0.0,0.642,34.0
0.0,0.748,34.0
0.0,0.757,34.0
0.012,0.813,34.0
0.169,0.799,34.0
0.231,0.77,34.0
0.279,0.698,34.0
0.319,0.746,34.0
0.449,0.826,34.0
0.503,0.857,34.0
0.341,0.832,34.0
0.136,0.752,34.0
0.001,0.666,34.0
0.0,0.621,34.0
0.0,0.595,34.0
0.0,0.553,34.0
0.0,0.48,34.0
0.0,0.425,34.0
0.0,0.422,34.0
0.0,0.481,34.0
0.0,0.571,34.0
0.0,0.628,34.0
0.0,0.672,34.0
0.0,0.706,34.0
0.0,0.723,34.0
0.0,0.739,34.0
0.0,0.789,34.0
0.039,0.809,34.0
0.3,0.77,34.0
0.526,0.704,34.0
0.66,0.724,34.0
0.717,0.762,34.0
0.702,0.74,34.0
0.623,0.677,34.0
0.475,0.578,34.0
0.204,0.546,34.0
0.0,0.635,34.0
0.0,0.661,34.0
0.0,0.644,34.0
0.0,0.726,34.0
0.0,0.782,34.0
0.0,0.894,34.0
0.0,0.942,34.0
0.0,0.954,34.0
0.0,0.955,34.0
0.0,0.947,34.0
0.0,0.933,34.0
0.0,0.926,34.0
0.0,0.934,34.0
0.0,0.935,34.0
0.0,0.914,34.0
0.007,0.892,34.0
0.063,0.885,34.0
0.242,0.922,34.0
0.424,0.956,34.0
0.551,0.967,34.0
0.535,0.97,34.0
0.474,0.967,34.0
0.329,0.963,34.0
0.135,0.958,34.0
0.0,0.957,34.0
0.0,0.942,34.0
0.0,0.929,34.0
0.0,0.926,34.0
0.0,0.913,34.0
0.0,0.898,34.0
0.0,0.887,34.0
0.0,0.88,34.0
0.0,0.885,34.0
0.0,0.857,34.0
0.0,0.785,34.0
0.0,0.664,34.0
0.0,0.531,34.0
0.0,0.442,34.0
0.0,0.371,34.0
0.0,0.245,34.0
0.023,0.184,34.0
0.055,0.281,34.0
0.095,0.435,34.0
0.155,0.556,34.0
0.155,0.754,34.0
0.089,0.865,34.0
0.098,0.881,34.0
0.086,0.837,34.0
0.0,0.749,34.0
0.0,0.699,34.0
0.0,0.668,34.0
0.0,0.703,34.0
0.0,0.817,34.0
0.0,0.814,34.0
0.0,0.827,34.0
0.0,0.857,34.0
0.0,0.865,34.0
0.0,0.87,34.0
0.0,0.88,34.0
0.0,0.905,34.0
0.0,0.926,34.0
0.0,0.946,34.0
0.0,0.969,34.0
0.001,0.985,34.0
0.072,0.988,34.0
0.16,0.99,34.0
0.253,0.991,34.0
0.368,0.99,34.0
0.41,0.988,34.0
0.403,0.986,34.0
0.308,0.98,34.0
0.149,0.963,34.0
0.0,0.94,34.0
0.0,0.939,34.0
0.0,0.938,34.0
0.0,0.938,34.0
0.0,0.929,34.0
0.0,0.921,34.0
0.0,0.924,34.0
0.0,0.933,34.0
0.0,0.943,34.0
0.0,0.953,34.0
0.0,0.962,34.0
0.0,0.963,34.0
0.0,0.962,34.0
0.0,0.96,34.0
0.0,0.957,34.0
0.026,0.955,34.0
0.265,0.956,34.0
0.489,0.948,34.0
0.623,0.942,34.0
0.675,0.932,34.0
0.649,0.929,34.0
0.543,0.935,34.0
0.39,0.936,34.0
0.231,0.926,34.0
0.005,0.935,34.0
0.0,0.928,34.0
0.0,0.903,34.0
0.0,0.889,34.0
0.0,0.88,34.0
0.0,0.877,34.0
0.0,0.875,34.0
0.0,0.855,34.0
0.0,0.801,34.0
0.0,0.749,34.0
0.0,0.711,34.0
0.0,0.611,34.0
0.0,0.417,34.0
0.0,0.337,34.0
0.0,0.65,34.0
0.009,0.725,34.0
0.224,0.765,34.0
0.436,0.873,34.0
0.603,0.953,34.0
0.621,0.981,34.0
0.541,0.975,34.0
0.464,0.962,34.0
0.357,0.967,34.0
0.163,0.965,34.0
0.0,0.958,34.0
0.0,0.938,34.0
0.0,0.831,34.0
0.0,0.757,34.0
0.0,0.672,34.0
0.0,0.46,34.0
0.0,0.285,34.0
0.0,0.185,34.0
0.0,0.095,34.0
0.0,0.02,34.0
0.0,0.013,34.0
0.0,0.037,34.0
0.0,0.101,34.0
0.0,0.193,34.0
0.0,0.281,34.0
0.0,0.307,34.0
0.014,0.356,34.0
0.058,0.394,34.0
0.359,0.55,34.0
0.409,0.613,34.0
0.519,0.55,34.0
0.544,0.529,34.0
0.387,0.461,34.0
0.153,0.376,34.0
0.0,0.41,34.0
0.0,0.574,34.0
0.0,0.777,34.0
0.0,0.847,34.0
0.0,0.806,34.0
0.0,0.777,34.0
0.0,0.831,34.0
0.0,0.845,34.0
0.0,0.841,34.0
0.0,0.849,34.0
0.0,0.868,34.0
0.0,0.891,34.0
0.0,0.937,34.0
0.0,0.965,34.0
0.0,0.98,34.0
0.026,0.988,34.0
0.243,0.989,34.0
0.44,0.989,34.0
0.609,0.991,34.0
0.673,0.99,34.0
0.67,0.991,34.0
0.613,0.99,34.0
0.494,0.989,34.0
0.283,0.983,34.0
0.006,0.965,34.0
0.0,0.926,34.0
0.0,0.873,34.0
0.0,0.831,34.0
0.0,0.763,34.0
0.0,0.745,34.0
0.0,0.746,34.0
0.0,0.735,34.0
0.0,0.744,34.0
0.0,0.753,34.0
0.0,0.75,34.0
0.0,0.685,34.0
0.0,0.594,34.0
0.0,0.538,34.0
0.0,0.485,34.0
0.025,0.442,34.0
0.258,0.345,34.0
0.442,0.227,34.0
0.579,0.12,34.0
0.588,0.049,34.0
0.534,0.016,34.0
0.467,0.004,34.0
0.306,0.002,34.0
0.141,0.021,34.0
0.0,0.034,34.0
0.0,0.041,34.0
0.0,0.044,34.0
0.0,0.039,34.0
0.0,0.032,34.0
0.0,0.036,34.0
0.0,0.043,34.0
0.0,0.041,34.0
0.0,0.035,34.0
0.0,0.031,34.0
0.0,0.024,34.0
0.0,0.015,34.0
0.0,0.021,34.0
0.0,0.009,34.0
0.0,0.004,34.0
0.0,0.003,34.0
0.014,0.003,34.0
0.063,0.003,34.0
0.141,0.004,34.0
0.146,0.013,34.0
0.072,0.042,34.0
0.061,0.064,34.0
0.039,0.097,34.0
0.009,0.131,34.0
0.0,0.155,34.0
0.0,0.183,34.0
0.0,0.239,34.0
0.0,0.307,34.0
0.0,0.365,34.0
0.0,0.364,34.0
0.0,0.313,34.0
0.0,0.265,34.0
0.0,0.243,34.0
0.0,0.209,34.0
0.0,0.157,34.0
0.0,0.117,34.0
0.0,0.087,34.0
0.0,0.075,34.0
0.0,0.095,34.0
0.01,0.143,34.0
0.17,0.216,34.0
0.335,0.312,34.0
0.528,0.47,34.0
0.598,0.569,34.0
0.593,0.604,34.0
0.543,0.623,34.0
0.46,0.588,34.0
0.254,0.473,34.0
0.004,0.38,34.0
0.0,0.296,34.0
0.0,0.214,34.0
0.0,0.167,34.0
0.0,0.169,34.0
0.0,0.149,34.0
0.0,0.137,34.0
0.0,0.17,34.0
0.0,0.247,34.0
0.0,0.328,34.0
0.0,0.371,34.0
0.0,0.344,34.0
0.0,0.263,34.0
0.0,0.179,34.0
0.0,0.118,34.0
0.02,0.074,34.0
0.174,0.043,34.0
0.343,0.011,34.0
0.501,0.011,34.0
0.587,0.048,34.0
0.601,0.077,34.0
0.552,0.067,34.0
0.442,0.05,34.0
0.247,0.044,34.0
0.003,0.043,34.0
0.0,0.042,34.0
0.0,0.039,34.0
0.0,0.033,34.0
0.0,0.02,34.0
0.0,0.01,34.0
0.0,0.014,34.0
0.0,0.045,34.0
0.0,0.084,34.0
0.0,0.118,34.0
0.0,0.148,34.0
0.0,0.185,34.0
0.0,0.218,34.0
0.0,0.238,34.0
0.0,0.251,34.0
0.018,0.267,34.0
0.256,0.27,34.0
0.462,0.228,34.0
0.528,0.18,34.0
0.576,0.14,34.0
0.568,0.112,34.0
0.476,0.098,34.0
0.343,0.098,34.0
0.137,0.106,34.0
0.0,0.118,34.0
0.0,0.136,34.0
0.0,0.155,34.0
0.0,0.173,34.0
0.0,0.179,34.0
0.0,0.176,34.0
0.0,0.171,34.0
0.0,0.164,34.0
0.0,0.166,34.0
0.0,0.176,34.0
0.0,0.186,34.0
0.0,0.192,34.0
0.0,0.191,34.0
0.0,0.177,34.0
0.0,0.155,34.0
0.005,0.128,34.0
0.143,0.093,34.0
0.31,0.044,34.0
0.497,0.008,34.0
0.582,0.008,34.0
0.537,0.01,34.0
0.376,0.023,34.0
0.264,0.029,34.0
0.099,0.025,34.0
0.0,0.019,34.0
0.0,0.013,34.0
0.0,0.009,34.0
0.0,0.012,34.0
0.0,0.024,34.0
0.0,0.034,34.0
0.0,0.033,34.0
0.0,0.029,34.0
0.0,0.028,34.0
0.0,0.031,34.0
0.0,0.038,34.0
0.0,0.048,34.0
0.0,0.062,34.0
0.0,0.084,34.0
0.0,0.1,34.0
0.0,0.112,34.0
0.071,0.101,34.0
0.172,0.079,34.0
0.282,0.074,34.0
0.36,0.07,34.0
0.4,0.06,34.0
0.409,0.047,34.0
0.228,0.038,34.0
0.058,0.041,34.0
0.0,0.039,34.0
0.0,0.029,34.0
0.0,0.02,34.0
0.0,0.014,34.0
0.0,0.016,34.0
0.0,0.038,34.0
0.0,0.108,34.0
0.0,0.203,34.0
0.0,0.256,34.0
0.0,0.272,34.0
0.0,0.254,34.0
0.0,0.24,34.0
0.0,0.278,34.0
0.0,0.38,34.0
0.0,0.427,34.0
0.008,0.442,34.0
0.183,0.498,34.0
0.449,0.528,34.0
0.596,0.547,34.0
0.67,0.556,34.0
0.662,0.476,34.0
0.588,0.358,34.0
0.441,0.239,34.0
0.202,0.135,34.0
0.0,0.084,34.0
0.0,0.055,34.0
0.0,0.039,34.0
0.0,0.032,34.0
0.0,0.023,34.0
0.0,0.018,34.0
0.0,0.019,34.0
0.0,0.042,34.0
0.0,0.096,34.0
0.0,0.134,34.0
0.0,0.162,34.0
0.0,0.144,34.0
0.0,0.132,34.0
0.0,0.127,34.0
0.0,0.155,34.0
0.024,0.192,34.0
0.278,0.205,34.0
0.477,0.168,34.0
0.588,0.203,34.0
0.64,0.206,34.0
0.629,0.183,34.0
0.56,0.157,34.0
0.415,0.125,34.0
0.142,0.094,34.0
0.0,0.084,34.0
0.0,0.075,34.0
0.0,0.067,34.0
0.0,0.055,34.0
0.0,0.045,34.0
0.0,0.034,34.0
0.0,0.028,34.0
0.0,0.032,34.0
0.0,0.054,34.0
0.0,0.088,34.0
0.0,0.122,34.0
0.0,0.143,34.0
0.0,0.149,34.0
0.0,0.148,34.0
0.0,0.151,34.0
0.016,0.161,34.0
0.231,0.153,34.0
0.447,0.107,34.0
0.569,0.076,34.0
0.614,0.064,34.0
0.592,0.059,34.0
0.514,0.051,34.0
0.366,0.047,34.0
0.155,0.053,34.0
0.0,0.077,34.0
0.0,0.108,34.0
0.0,0.135,34.0
0.0,0.142,34.0
0.0,0.127,34.0
0.0,0.099,34.0
0.0,0.066,34.0
0.0,0.041,34.0
0.0,0.03,34.0
0.0,0.026,34.0
0.0,0.026,34.0
0.0,0.028,34.0
0.0,0.031,34.0
0.0,0.037,34.0
0.0,0.048,34.0
0.0,0.069,34.0
0.058,0.075,34.0
0.159,0.062,34.0
0.295,0.074,34.0
0.376,0.086,34.0
0.334,0.092,34.0
0.249,0.102,34.0
0.156,0.102,34.0
0.064,0.093,34.0
0.0,0.091,34.0
0.0,0.086,34.0
0.0,0.088,34.0
0.0,0.107,34.0
0.0,0.152,34.0
0.0,0.266,34.0
0.0,0.458,34.0
0.0,0.575,34.0
0.0,0.621,34.0
0.0,0.64,34.0
0.0,0.634,34.0
0.0,0.607,34.0
0.0,0.58,34.0
0.0,0.522,34.0
0.0,0.428,34.0
0.005,0.346,34.0
0.157,0.255,34.0
0.371,0.231,34.0
0.47,0.313,34.0
0.497,0.447,34.0
0.482,0.566,34.0
0.426,0.668,34.0
0.295,0.748,34.0
0.093,0.798,34.0
0.0,0.829,34.0
0.0,0.852,34.0
0.0,0.886,34.0
0.0,0.897,34.0
0.0,0.896,34.0
0.0,0.902,34.0
0.0,0.912,34.0
0.0,0.912,34.0
0.0,0.897,34.0
0.0,0.871,34.0
0.0,0.86,34.0
0.0,0.869,34.0
0.0,0.874,34.0
0.0,0.888,34.0
0.0,0.902,34.0
0.036,0.9,34.0
0.342,0.886,34.0
0.557,0.897,34.0
0.68,0.93,34.0
0.728,0.939,34.0
0.711,0.932,34.0
0.634,0.918,34.0
0.492,0.906,34.0
0.259,0.903,34.0
0.004,0.902,34.0
0.0,0.914,34.0
0.0,0.907,34.0
0.0,0.901,34.0
0.0,0.903,34.0
0.0,0.9,34.0
0.0,0.9,34.0
0.0,0.899,34.0
0.0,0.901,34.0
0.0,0.899,34.0
0.0,0.895,34.0
0.0,0.88,34.0
0.0,0.869,34.0
0.0,0.871,34.0
0.0,0.862,34.0
0.043,0.843,34.0
0.363,0.806,34.0
0.572,0.746,34.0
0.692,0.71,34.0
0.743,0.664,34.0
0.728,0.61,34.0
0.658,0.547,34.0
0.508,0.485,34.0
0.27,0.464,34.0
0.005,0.556,34.0
0.0,0.618,34.0
0.0,0.607,34.0
0.0,0.535,34.0
0.0,0.398,34.0
0.0,0.257,34.0
0.0,0.203,34.0
0.0,0.192,34.0
0.0,0.191,34.0
0.0,0.178,34.0
0.0,0.196,34.0
0.0,0.279,34.0
0.0,0.297,34.0
0.0,0.349,34.0
0.0,0.519,34.0
0.007,0.489,34.0
0.142,0.358,34.0
0.24,0.242,34.0
0.332,0.216,34.0
0.27,0.246,34.0
0.189,0.332,34.0
0.156,0.31,34.0
0.133,0.27,34.0
0.046,0.259,34.0
0.0,0.218,34.0
0.0,0.169,34.0
0.0,0.139,34.0
0.0,0.23,34.0
0.0,0.528,34.0
0.0,0.669,34.0
0.0,0.642,34.0
0.0,0.657,34.0
0.0,0.72,34.0
0.0,0.785,34.0
0.0,0.833,34.0
0.0,0.866,34.0
0.0,0.92,34.0
0.0,0.846,34.0
0.0,0.773,34.0
0.002,0.866,34.0
0.107,0.974,34.0
0.263,0.979,34.0
0.482,0.982,34.0
0.616,0.985,34.0
0.611,0.986,34.0
0.547,0.978,34.0
0.408,0.968,34.0
0.177,0.971,34.0
0.0,0.975,34.0
0.0,0.975,34.0
0.0,0.972,34.0
0.0,0.956,34.0
0.0,0.951,34.0
0.0,0.927,34.0
0.0,0.906,34.0
0.0,0.89,34.0
0.0,0.878,34.0
0.0,0.865,34.0
0.0,0.849,34.0
0.0,0.855,34.0
0.0,0.868,34.0
0.0,0.875,34.0
0.0,0.888,34.0
0.016,0.895,34.0
0.273,0.875,34.0
0.496,0.891,34.0
0.642,0.926,34.0
0.697,0.922,34.0
0.69,0.898,34.0
0.613,0.884,34.0
0.418,0.891,34.0
0.14,0.899,34.0
0.0,0.902,34.0
0.0,0.885,34.0
0.0,0.899,34.0
0.0,0.917,34.0
0.0,0.923,34.0
0.0,0.917,34.0
0.0,0.921,34.0
0.0,0.93,34.0
0.0,0.944,34.0
0.0,0.958,34.0
0.0,0.972,34.0
0.0,0.979,34.0
0.0,0.98,34.0
0.0,0.981,34.0
0.0,0.978,34.0
0.013,0.971,34.0
0.214,0.958,34.0
0.412,0.961,34.0
0.566,0.957,34.0
0.611,0.955,34.0
0.531,0.954,34.0
0.346,0.954,34.0
0.218,0.954,34.0
0.117,0.948,34.0
0.0,0.931,34.0
0.0,0.919,34.0
0.0,0.912,34.0
0.0,0.9,34.0
0.0,0.87,34.0
0.0,0.84,34.0
0.0,0.806,34.0
0.0,0.769,34.0
